browser	Set up job	﻿2026-10-08T03:59:16.3293346Z Current runner version: '2.337.0'
browser	Set up job	2026-10-08T03:59:16.3314715Z ##[group]Runner Image Provisioner
browser	Set up job	2026-10-08T03:59:16.3315408Z Hosted Compute Agent
browser	Set up job	2026-10-08T03:59:16.3315973Z Version: 20260901.588
browser	Set up job	2026-10-08T03:59:16.3316502Z Commit: f88ec8081b781fac6c440065ac7ff9e710ce3d0b
browser	Set up job	2026-10-08T03:59:16.3317092Z Build Date: 2026-09-01T19:56:44Z
browser	Set up job	2026-10-08T03:59:16.3317679Z Worker ID: {de0b20f2-11a9-4216-bf45-27439f66be35}
browser	Set up job	2026-10-08T03:59:16.3318286Z Azure Region: westus3
browser	Set up job	2026-10-08T03:59:16.3318812Z ##[endgroup]
browser	Set up job	2026-10-08T03:59:16.3320035Z ##[group]Operating System
browser	Set up job	2026-10-08T03:59:16.3320553Z Ubuntu
browser	Set up job	2026-10-08T03:59:16.3321048Z 24.04.5
browser	Set up job	2026-10-08T03:59:16.3321482Z LTS
browser	Set up job	2026-10-08T03:59:16.3321920Z ##[endgroup]
browser	Set up job	2026-10-08T03:59:16.3322419Z ##[group]Runner Image
browser	Set up job	2026-10-08T03:59:16.3322904Z Image: ubuntu-24.04
browser	Set up job	2026-10-08T03:59:16.3323385Z Version: 20260927.320.1
browser	Set up job	2026-10-08T03:59:16.3324299Z Included Software: https://github.com/actions/runner-images/blob/ubuntu24/20260927.320/images/ubuntu/Ubuntu2404-Readme.md
browser	Set up job	2026-10-08T03:59:16.3325689Z Image Release: https://github.com/actions/runner-images/releases/tag/ubuntu24%2F20260927.320
browser	Set up job	2026-10-08T03:59:16.3326541Z ##[endgroup]
browser	Set up job	2026-10-08T03:59:16.3327486Z ##[group]GITHUB_TOKEN Permissions
browser	Set up job	2026-10-08T03:59:16.3329229Z Contents: read
browser	Set up job	2026-10-08T03:59:16.3329882Z Metadata: read
browser	Set up job	2026-10-08T03:59:16.3330344Z ##[endgroup]
browser	Set up job	2026-10-08T03:59:16.3331989Z Secret source: Actions
browser	Set up job	2026-10-08T03:59:16.3332817Z Cache mode: write
browser	Set up job	2026-10-08T03:59:16.3333412Z Prepare workflow directory
browser	Set up job	2026-10-08T03:59:16.3674054Z Prepare all required actions
browser	Set up job	2026-10-08T03:59:16.3712477Z Getting action download info
browser	Set up job	2026-10-08T03:59:16.6470133Z Download action repository 'actions/checkout@v4' (SHA:11d5960a326750d5838078e36cf38b85af677262)
browser	Set up job	2026-10-08T03:59:16.7467924Z Download action repository 'pnpm/action-setup@v4' (SHA:b906affcce14559ad1aafd4ab0e942779e9f58b1)
browser	Set up job	2026-10-08T03:59:17.6062627Z Download action repository 'actions/setup-node@v4' (SHA:49933ea5288caeca8642d1e84afbd3f7d6820020)
browser	Set up job	2026-10-08T03:59:17.7066990Z Download action repository 'actions/upload-artifact@v4' (SHA:ea165f8d65b6e75b540449e92b4886f43607fa02)
browser	Set up job	2026-10-08T03:59:17.9493349Z Complete job name: browser
browser	Run actions/checkout@v4	﻿2026-10-08T03:59:18.0145056Z ##[group]Run actions/checkout@v4
browser	Run actions/checkout@v4	2026-10-08T03:59:18.0145787Z with:
browser	Run actions/checkout@v4	2026-10-08T03:59:18.0146171Z   repository: eddolo/fountainjs
browser	Run actions/checkout@v4	2026-10-08T03:59:18.0149603Z   token: ***
browser	Run actions/checkout@v4	2026-10-08T03:59:18.0149977Z   ssh-strict: true
browser	Run actions/checkout@v4	2026-10-08T03:59:18.0150352Z   ssh-user: git
browser	Run actions/checkout@v4	2026-10-08T03:59:18.0150730Z   persist-credentials: true
browser	Run actions/checkout@v4	2026-10-08T03:59:18.0151148Z   clean: true
browser	Run actions/checkout@v4	2026-10-08T03:59:18.0151529Z   sparse-checkout-cone-mode: true
browser	Run actions/checkout@v4	2026-10-08T03:59:18.0151970Z   fetch-depth: 1
browser	Run actions/checkout@v4	2026-10-08T03:59:18.0152343Z   fetch-tags: false
browser	Run actions/checkout@v4	2026-10-08T03:59:18.0152716Z   show-progress: true
browser	Run actions/checkout@v4	2026-10-08T03:59:18.0153110Z   lfs: false
browser	Run actions/checkout@v4	2026-10-08T03:59:18.0153463Z   submodules: false
browser	Run actions/checkout@v4	2026-10-08T03:59:18.0153844Z   set-safe-directory: true
browser	Run actions/checkout@v4	2026-10-08T03:59:18.0154284Z   allow-unsafe-pr-checkout: false
browser	Run actions/checkout@v4	2026-10-08T03:59:18.0154871Z env:
browser	Run actions/checkout@v4	2026-10-08T03:59:18.0155776Z   FOUNTAIN_DISPLAY_CLIPBOARD_PATTERN: pastes native rich research notes|copies shared automatic list scope|disabled line numbers through native copy
browser	Run actions/checkout@v4	2026-10-08T03:59:18.0156745Z ##[endgroup]
browser	Run actions/checkout@v4	2026-10-08T03:59:18.1017732Z Syncing repository: eddolo/fountainjs
browser	Run actions/checkout@v4	2026-10-08T03:59:18.1019862Z ##[group]Getting Git version info
browser	Run actions/checkout@v4	2026-10-08T03:59:18.1020554Z Working directory is '/home/runner/work/fountainjs/fountainjs'
browser	Run actions/checkout@v4	2026-10-08T03:59:18.1021772Z [command]/usr/bin/git version
browser	Run actions/checkout@v4	2026-10-08T03:59:18.1022505Z git version 2.55.0
browser	Run actions/checkout@v4	2026-10-08T03:59:18.1028989Z ##[endgroup]
browser	Run actions/checkout@v4	2026-10-08T03:59:18.1039686Z Temporarily overriding HOME='/home/runner/work/_temp/3738b4d7-d9c5-45d9-879a-50001926a702' before making global git config changes
browser	Run actions/checkout@v4	2026-10-08T03:59:18.1040999Z Adding repository directory to the temporary git global config as a safe directory
browser	Run actions/checkout@v4	2026-10-08T03:59:18.1043557Z [command]/usr/bin/git config --global --add safe.directory /home/runner/work/fountainjs/fountainjs
browser	Run actions/checkout@v4	2026-10-08T03:59:18.1086188Z Deleting the contents of '/home/runner/work/fountainjs/fountainjs'
browser	Run actions/checkout@v4	2026-10-08T03:59:18.1089277Z ##[group]Initializing the repository
browser	Run actions/checkout@v4	2026-10-08T03:59:18.1092349Z [command]/usr/bin/git init /home/runner/work/fountainjs/fountainjs
browser	Run actions/checkout@v4	2026-10-08T03:59:18.1177453Z hint: Using 'master' as the name for the initial branch. This default branch name
browser	Run actions/checkout@v4	2026-10-08T03:59:18.1178760Z hint: will change to "main" in Git 3.0. To configure the initial branch name
browser	Run actions/checkout@v4	2026-10-08T03:59:18.1179789Z hint: to use in all of your new repositories, which will suppress this warning,
browser	Run actions/checkout@v4	2026-10-08T03:59:18.1180782Z hint: call:
browser	Run actions/checkout@v4	2026-10-08T03:59:18.1181345Z hint:
browser	Run actions/checkout@v4	2026-10-08T03:59:18.1181873Z hint: 	git config --global init.defaultBranch <name>
browser	Run actions/checkout@v4	2026-10-08T03:59:18.1182670Z hint:
browser	Run actions/checkout@v4	2026-10-08T03:59:18.1183192Z hint: Names commonly chosen instead of 'master' are 'main', 'trunk' and
browser	Run actions/checkout@v4	2026-10-08T03:59:18.1183995Z hint: 'development'. The just-created branch can be renamed via this command:
browser	Run actions/checkout@v4	2026-10-08T03:59:18.1184961Z hint:
browser	Run actions/checkout@v4	2026-10-08T03:59:18.1185351Z hint: 	git branch -m <name>
browser	Run actions/checkout@v4	2026-10-08T03:59:18.1185787Z hint:
browser	Run actions/checkout@v4	2026-10-08T03:59:18.1186328Z hint: Disable this message with "git config set advice.defaultBranchName false"
browser	Run actions/checkout@v4	2026-10-08T03:59:18.1187300Z Initialized empty Git repository in /home/runner/work/fountainjs/fountainjs/.git/
browser	Run actions/checkout@v4	2026-10-08T03:59:18.1189216Z [command]/usr/bin/git remote add origin https://github.com/eddolo/fountainjs
browser	Run actions/checkout@v4	2026-10-08T03:59:18.1228686Z ##[endgroup]
browser	Run actions/checkout@v4	2026-10-08T03:59:18.1230109Z ##[group]Disabling automatic garbage collection
browser	Run actions/checkout@v4	2026-10-08T03:59:18.1231629Z [command]/usr/bin/git config --local gc.auto 0
browser	Run actions/checkout@v4	2026-10-08T03:59:18.1256535Z ##[endgroup]
browser	Run actions/checkout@v4	2026-10-08T03:59:18.1257743Z ##[group]Setting up auth
browser	Run actions/checkout@v4	2026-10-08T03:59:18.1261687Z [command]/usr/bin/git config --local --name-only --get-regexp core\.sshCommand
browser	Run actions/checkout@v4	2026-10-08T03:59:18.1286334Z [command]/usr/bin/git submodule foreach --recursive sh -c "git config --local --name-only --get-regexp 'core\.sshCommand' && git config --local --unset-all 'core.sshCommand' || :"
browser	Run actions/checkout@v4	2026-10-08T03:59:18.1566949Z [command]/usr/bin/git config --local --name-only --get-regexp http\.https\:\/\/github\.com\/\.extraheader
browser	Run actions/checkout@v4	2026-10-08T03:59:18.1591757Z [command]/usr/bin/git submodule foreach --recursive sh -c "git config --local --name-only --get-regexp 'http\.https\:\/\/github\.com\/\.extraheader' && git config --local --unset-all 'http.https://github.com/.extraheader' || :"
browser	Run actions/checkout@v4	2026-10-08T03:59:18.1771143Z [command]/usr/bin/git config --local --name-only --get-regexp ^includeIf\.gitdir:
browser	Run actions/checkout@v4	2026-10-08T03:59:18.1794876Z [command]/usr/bin/git submodule foreach --recursive git config --local --show-origin --name-only --get-regexp remote.origin.url
browser	Run actions/checkout@v4	2026-10-08T03:59:18.1971668Z [command]/usr/bin/git config --local http.https://github.com/.extraheader AUTHORIZATION: basic ***
browser	Run actions/checkout@v4	2026-10-08T03:59:18.2002168Z ##[endgroup]
browser	Run actions/checkout@v4	2026-10-08T03:59:18.2002915Z ##[group]Fetching the repository
browser	Run actions/checkout@v4	2026-10-08T03:59:18.2008533Z [command]/usr/bin/git -c protocol.version=2 fetch --no-tags --prune --no-recurse-submodules --depth=1 origin +0928289f323e6b76ee1924c96ef5989381dddf2f:refs/remotes/origin/master
browser	Run actions/checkout@v4	2026-10-08T03:59:20.3050563Z From https://github.com/eddolo/fountainjs
browser	Run actions/checkout@v4	2026-10-08T03:59:20.3052378Z  * [new ref]         0928289f323e6b76ee1924c96ef5989381dddf2f -> origin/master
browser	Run actions/checkout@v4	2026-10-08T03:59:20.3055377Z ##[endgroup]
browser	Run actions/checkout@v4	2026-10-08T03:59:20.3056429Z ##[group]Determining the checkout info
browser	Run actions/checkout@v4	2026-10-08T03:59:20.3057525Z ##[endgroup]
browser	Run actions/checkout@v4	2026-10-08T03:59:20.3059603Z [command]/usr/bin/git sparse-checkout disable
browser	Run actions/checkout@v4	2026-10-08T03:59:20.3100597Z [command]/usr/bin/git config --local --unset-all extensions.worktreeConfig
browser	Run actions/checkout@v4	2026-10-08T03:59:20.3123785Z ##[group]Checking out the ref
browser	Run actions/checkout@v4	2026-10-08T03:59:20.3126650Z [command]/usr/bin/git checkout --progress --force -B master refs/remotes/origin/master
browser	Run actions/checkout@v4	2026-10-08T03:59:20.6303070Z Reset branch 'master'
browser	Run actions/checkout@v4	2026-10-08T03:59:20.6305113Z branch 'master' set up to track 'origin/master'.
browser	Run actions/checkout@v4	2026-10-08T03:59:20.6319265Z ##[endgroup]
browser	Run actions/checkout@v4	2026-10-08T03:59:20.6409642Z [command]/usr/bin/git log -1 --format=%H
browser	Run actions/checkout@v4	2026-10-08T03:59:20.6427637Z 0928289f323e6b76ee1924c96ef5989381dddf2f
browser	Run pnpm/action-setup@v4	﻿2026-10-08T03:59:20.6620810Z ##[group]Run pnpm/action-setup@v4
browser	Run pnpm/action-setup@v4	2026-10-08T03:59:20.6621080Z with:
browser	Run pnpm/action-setup@v4	2026-10-08T03:59:20.6621245Z   version: 11.19.0
browser	Run pnpm/action-setup@v4	2026-10-08T03:59:20.6621423Z   dest: ~/setup-pnpm
browser	Run pnpm/action-setup@v4	2026-10-08T03:59:20.6621601Z   run_install: null
browser	Run pnpm/action-setup@v4	2026-10-08T03:59:20.6621784Z   cache: false
browser	Run pnpm/action-setup@v4	2026-10-08T03:59:20.6621977Z   cache_dependency_path: pnpm-lock.yaml
browser	Run pnpm/action-setup@v4	2026-10-08T03:59:20.6622223Z   package_json_file: package.json
browser	Run pnpm/action-setup@v4	2026-10-08T03:59:20.6622427Z   standalone: false
browser	Run pnpm/action-setup@v4	2026-10-08T03:59:20.6622596Z env:
browser	Run pnpm/action-setup@v4	2026-10-08T03:59:20.6623029Z   FOUNTAIN_DISPLAY_CLIPBOARD_PATTERN: pastes native rich research notes|copies shared automatic list scope|disabled line numbers through native copy
browser	Run pnpm/action-setup@v4	2026-10-08T03:59:20.6623513Z ##[endgroup]
browser	Run pnpm/action-setup@v4	2026-10-08T03:59:20.7736330Z ##[group]Running self-installer...
browser	Run pnpm/action-setup@v4	2026-10-08T03:59:21.0850120Z (node:2089) [DEP0169] DeprecationWarning: `url.parse()` behavior is not standardized and prone to errors that have security implications. Use the WHATWG URL API instead. CVEs are not issued for `url.parse()` vulnerabilities.
browser	Run pnpm/action-setup@v4	2026-10-08T03:59:21.0851054Z (Use `node --trace-deprecation ...` to show where the warning was created)
browser	Run pnpm/action-setup@v4	2026-10-08T03:59:21.2873710Z Progress: resolved 1, reused 0, downloaded 0, added 0
browser	Run pnpm/action-setup@v4	2026-10-08T03:59:21.2952980Z Packages: +1
browser	Run pnpm/action-setup@v4	2026-10-08T03:59:21.2953505Z +
browser	Run pnpm/action-setup@v4	2026-10-08T03:59:21.6765003Z Progress: resolved 1, reused 0, downloaded 1, added 1, done
browser	Run pnpm/action-setup@v4	2026-10-08T03:59:21.7350433Z 
browser	Run pnpm/action-setup@v4	2026-10-08T03:59:21.7351012Z dependencies:
browser	Run pnpm/action-setup@v4	2026-10-08T03:59:21.7351350Z + pnpm 11.19.0 (12.10.1 is available)
browser	Run pnpm/action-setup@v4	2026-10-08T03:59:21.7351598Z 
browser	Run pnpm/action-setup@v4	2026-10-08T03:59:21.7385434Z Done in 832ms
browser	Run pnpm/action-setup@v4	2026-10-08T03:59:21.8792067Z ##[endgroup]
browser	Run pnpm/action-setup@v4	2026-10-08T03:59:21.8792543Z Installation Completed!
browser	Run actions/setup-node@v4	﻿2026-10-08T03:59:21.8945018Z ##[group]Run actions/setup-node@v4
browser	Run actions/setup-node@v4	2026-10-08T03:59:21.8945244Z with:
browser	Run actions/setup-node@v4	2026-10-08T03:59:21.8945413Z   node-version: 24
browser	Run actions/setup-node@v4	2026-10-08T03:59:21.8945587Z   cache: pnpm
browser	Run actions/setup-node@v4	2026-10-08T03:59:21.8945750Z   always-auth: false
browser	Run actions/setup-node@v4	2026-10-08T03:59:21.8945926Z   check-latest: false
browser	Run actions/setup-node@v4	2026-10-08T03:59:21.8947827Z   token: ***
browser	Run actions/setup-node@v4	2026-10-08T03:59:21.8948009Z env:
browser	Run actions/setup-node@v4	2026-10-08T03:59:21.8948441Z   FOUNTAIN_DISPLAY_CLIPBOARD_PATTERN: pastes native rich research notes|copies shared automatic list scope|disabled line numbers through native copy
browser	Run actions/setup-node@v4	2026-10-08T03:59:21.8949109Z   PNPM_HOME: /home/runner/setup-pnpm/node_modules/.bin
browser	Run actions/setup-node@v4	2026-10-08T03:59:21.8949361Z ##[endgroup]
browser	Run actions/setup-node@v4	2026-10-08T03:59:22.0666200Z Found in cache @ /opt/hostedtoolcache/node/24.21.0/x64
browser	Run actions/setup-node@v4	2026-10-08T03:59:22.0670686Z (node:2104) [DEP0040] DeprecationWarning: The `punycode` module is deprecated. Please use a userland alternative instead.
browser	Run actions/setup-node@v4	2026-10-08T03:59:22.0671374Z (Use `node --trace-deprecation ...` to show where the warning was created)
browser	Run actions/setup-node@v4	2026-10-08T03:59:22.0672855Z ##[group]Environment details
browser	Run actions/setup-node@v4	2026-10-08T03:59:22.4020395Z node: v24.21.0
browser	Run actions/setup-node@v4	2026-10-08T03:59:22.4020667Z npm: 11.19.0
browser	Run actions/setup-node@v4	2026-10-08T03:59:22.4020842Z yarn: 1.22.22
browser	Run actions/setup-node@v4	2026-10-08T03:59:22.4021336Z ##[endgroup]
browser	Run actions/setup-node@v4	2026-10-08T03:59:22.4052676Z [command]/home/runner/setup-pnpm/node_modules/.bin/pnpm store path --silent
browser	Run actions/setup-node@v4	2026-10-08T03:59:22.8875628Z /home/runner/setup-pnpm/node_modules/.bin/store/v11
browser	Run actions/setup-node@v4	2026-10-08T03:59:23.1120439Z Cache hit for: node-cache-Linux-x64-pnpm-fd849381c36c47c9fa715e7759caf3b24b3c25e63e57449d26448df099a8c870
browser	Run actions/setup-node@v4	2026-10-08T03:59:23.1232982Z (node:2104) [DEP0169] DeprecationWarning: `url.parse()` behavior is not standardized and prone to errors that have security implications. Use the WHATWG URL API instead. CVEs are not issued for `url.parse()` vulnerabilities.
browser	Run actions/setup-node@v4	2026-10-08T03:59:24.3394357Z Received 33554432 of 143139869 (23.4%), 32.0 MBs/sec
browser	Run actions/setup-node@v4	2026-10-08T03:59:25.0560393Z Received 143139869 of 143139869 (100.0%), 79.7 MBs/sec
browser	Run actions/setup-node@v4	2026-10-08T03:59:25.0585821Z Cache Size: ~137 MB (143139869 B)
browser	Run actions/setup-node@v4	2026-10-08T03:59:25.0632882Z [command]/usr/bin/tar -xf /home/runner/work/_temp/1e8dbfe0-eb34-4983-a177-f3a51181701f/cache.tzst -P -C /home/runner/work/fountainjs/fountainjs --use-compress-program unzstd
browser	Run actions/setup-node@v4	2026-10-08T03:59:26.0846627Z Cache restored successfully
browser	Run actions/setup-node@v4	2026-10-08T03:59:26.0908020Z Cache restored from key: node-cache-Linux-x64-pnpm-fd849381c36c47c9fa715e7759caf3b24b3c25e63e57449d26448df099a8c870
browser	Run pnpm install --frozen-lockfile	﻿2026-10-08T03:59:26.6060050Z ##[group]Run pnpm install --frozen-lockfile
browser	Run pnpm install --frozen-lockfile	2026-10-08T03:59:26.6060611Z ^[[36;1mpnpm install --frozen-lockfile^[[0m
browser	Run pnpm install --frozen-lockfile	2026-10-08T03:59:26.6820873Z shell: /usr/bin/bash -e {0}
browser	Run pnpm install --frozen-lockfile	2026-10-08T03:59:26.6821132Z env:
browser	Run pnpm install --frozen-lockfile	2026-10-08T03:59:26.6821580Z   FOUNTAIN_DISPLAY_CLIPBOARD_PATTERN: pastes native rich research notes|copies shared automatic list scope|disabled line numbers through native copy
browser	Run pnpm install --frozen-lockfile	2026-10-08T03:59:26.6822131Z   PNPM_HOME: /home/runner/setup-pnpm/node_modules/.bin
browser	Run pnpm install --frozen-lockfile	2026-10-08T03:59:26.6822388Z ##[endgroup]
browser	Run pnpm install --frozen-lockfile	2026-10-08T03:59:27.0266523Z Scope: all 3 workspace projects
browser	Run pnpm install --frozen-lockfile	2026-10-08T03:59:27.1145438Z ? Verifying lockfile against supply-chain policies (340 entries)...
browser	Run pnpm install --frozen-lockfile	2026-10-08T03:59:27.1201855Z Lockfile is up to date, resolution step is skipped
browser	Run pnpm install --frozen-lockfile	2026-10-08T03:59:27.3107343Z Progress: resolved 1, reused 0, downloaded 0, added 0
browser	Run pnpm install --frozen-lockfile	2026-10-08T03:59:27.3434793Z Packages: +281
browser	Run pnpm install --frozen-lockfile	2026-10-08T03:59:27.3465707Z ++++++++++++++++++++++++++++++++++++++++++++++++++++++++++++++++++++++++++++++++
browser	Run pnpm install --frozen-lockfile	2026-10-08T03:59:28.0464119Z Packages are hard linked from the content-addressable store to the virtual store.
browser	Run pnpm install --frozen-lockfile	2026-10-08T03:59:28.0480518Z   Content-addressable store is at: /home/runner/setup-pnpm/node_modules/.bin/store/v11
browser	Run pnpm install --frozen-lockfile	2026-10-08T03:59:28.0481304Z   Virtual store is at:             node_modules/.pnpm
browser	Run pnpm install --frozen-lockfile	2026-10-08T03:59:28.3192299Z Progress: resolved 281, reused 281, downloaded 0, added 37
browser	Run pnpm install --frozen-lockfile	2026-10-08T03:59:28.8653419Z Progress: resolved 281, reused 281, downloaded 0, added 281, done
browser	Run pnpm install --frozen-lockfile	2026-10-08T03:59:30.8832093Z ✓ Lockfile passes supply-chain policies (340 entries in 3.7s)
browser	Run pnpm install --frozen-lockfile	2026-10-08T03:59:30.9908598Z 
browser	Run pnpm install --frozen-lockfile	2026-10-08T03:59:30.9909450Z devDependencies:
browser	Run pnpm install --frozen-lockfile	2026-10-08T03:59:30.9909817Z + @angular/common 22.1.5
browser	Run pnpm install --frozen-lockfile	2026-10-08T03:59:30.9910128Z + @angular/compiler 22.1.5
browser	Run pnpm install --frozen-lockfile	2026-10-08T03:59:30.9910426Z + @angular/core 22.1.5
browser	Run pnpm install --frozen-lockfile	2026-10-08T03:59:30.9910732Z + @angular/platform-browser 22.1.5
browser	Run pnpm install --frozen-lockfile	2026-10-08T03:59:30.9911128Z + @angular/platform-server 22.1.5
browser	Run pnpm install --frozen-lockfile	2026-10-08T03:59:30.9911487Z + @mathjax/mathjax-tex-font 4.1.3
browser	Run pnpm install --frozen-lockfile	2026-10-08T03:59:30.9911811Z + @mathjax/src 4.1.3
browser	Run pnpm install --frozen-lockfile	2026-10-08T03:59:30.9912085Z + @playwright/test 1.62.1
browser	Run pnpm install --frozen-lockfile	2026-10-08T03:59:30.9912403Z + @sveltejs/vite-plugin-svelte 7.3.0
browser	Run pnpm install --frozen-lockfile	2026-10-08T03:59:30.9912705Z + @types/node 26.4.1
browser	Run pnpm install --frozen-lockfile	2026-10-08T03:59:30.9912972Z + @types/react 19.2.18
browser	Run pnpm install --frozen-lockfile	2026-10-08T03:59:30.9913254Z + @types/react-dom 19.2.7
browser	Run pnpm install --frozen-lockfile	2026-10-08T03:59:30.9913558Z + @vitejs/plugin-react 6.1.1
browser	Run pnpm install --frozen-lockfile	2026-10-08T03:59:30.9913929Z + commonmark 0.31.2
browser	Run pnpm install --frozen-lockfile	2026-10-08T03:59:30.9914208Z + commonmark-spec 0.31.2
browser	Run pnpm install --frozen-lockfile	2026-10-08T03:59:30.9914508Z + css-select 7.0.0
browser	Run pnpm install --frozen-lockfile	2026-10-08T03:59:30.9914783Z + docx-preview 0.4.0
browser	Run pnpm install --frozen-lockfile	2026-10-08T03:59:30.9915045Z + entities 8.0.0
browser	Run pnpm install --frozen-lockfile	2026-10-08T03:59:30.9915292Z + fflate 0.8.3
browser	Run pnpm install --frozen-lockfile	2026-10-08T03:59:30.9915582Z + jsdom 30.0.1
browser	Run pnpm install --frozen-lockfile	2026-10-08T03:59:30.9915822Z + katex 0.18.6
browser	Run pnpm install --frozen-lockfile	2026-10-08T03:59:30.9916082Z + miniflare 3.20250718.3
browser	Run pnpm install --frozen-lockfile	2026-10-08T03:59:30.9916346Z + parse5 8.0.1
browser	Run pnpm install --frozen-lockfile	2026-10-08T03:59:30.9916655Z + parse5-htmlparser2-tree-adapter 8.0.1
browser	Run pnpm install --frozen-lockfile	2026-10-08T03:59:30.9917006Z + pdfjs-dist 6.3.289
browser	Run pnpm install --frozen-lockfile	2026-10-08T03:59:30.9917297Z + react 19.2.8
browser	Run pnpm install --frozen-lockfile	2026-10-08T03:59:30.9917551Z + react-dom 19.2.8
browser	Run pnpm install --frozen-lockfile	2026-10-08T03:59:30.9917811Z + rxjs 7.8.2
browser	Run pnpm install --frozen-lockfile	2026-10-08T03:59:30.9918058Z + svelte 5.57.0
browser	Run pnpm install --frozen-lockfile	2026-10-08T03:59:30.9918337Z + typescript 7.0.2
browser	Run pnpm install --frozen-lockfile	2026-10-08T03:59:30.9918646Z + unicode-emoji-json 0.9.0
browser	Run pnpm install --frozen-lockfile	2026-10-08T03:59:30.9919136Z + vite 8.2.2
browser	Run pnpm install --frozen-lockfile	2026-10-08T03:59:30.9919377Z + vitest 5.0.0
browser	Run pnpm install --frozen-lockfile	2026-10-08T03:59:30.9919617Z + vue 3.5.42
browser	Run pnpm install --frozen-lockfile	2026-10-08T03:59:30.9919858Z + yjs 13.6.32
browser	Run pnpm install --frozen-lockfile	2026-10-08T03:59:30.9920012Z 
browser	Run pnpm install --frozen-lockfile	2026-10-08T03:59:31.0246512Z Done in 4.3s using pnpm v11.19.0
browser	Run pnpm exec playwright install --with-deps	﻿2026-10-08T03:59:31.0700203Z ##[group]Run pnpm exec playwright install --with-deps
browser	Run pnpm exec playwright install --with-deps	2026-10-08T03:59:31.0700571Z ^[[36;1mpnpm exec playwright install --with-deps^[[0m
browser	Run pnpm exec playwright install --with-deps	2026-10-08T03:59:31.0757154Z shell: /usr/bin/bash -e {0}
browser	Run pnpm exec playwright install --with-deps	2026-10-08T03:59:31.0757375Z env:
browser	Run pnpm exec playwright install --with-deps	2026-10-08T03:59:31.0757833Z   FOUNTAIN_DISPLAY_CLIPBOARD_PATTERN: pastes native rich research notes|copies shared automatic list scope|disabled line numbers through native copy
browser	Run pnpm exec playwright install --with-deps	2026-10-08T03:59:31.0758360Z   PNPM_HOME: /home/runner/setup-pnpm/node_modules/.bin
browser	Run pnpm exec playwright install --with-deps	2026-10-08T03:59:31.0758774Z ##[endgroup]
browser	Run pnpm exec playwright install --with-deps	2026-10-08T03:59:31.8090108Z Installing dependencies...
browser	Run pnpm exec playwright install --with-deps	2026-10-08T03:59:31.8154691Z Switching to root user to install dependencies...
browser	Run pnpm exec playwright install --with-deps	2026-10-08T03:59:31.9740484Z Get:1 file:/etc/apt/apt-mirrors.txt Mirrorlist [144 B]
browser	Run pnpm exec playwright install --with-deps	2026-10-08T03:59:31.9980881Z Hit:2 http://azure.archive.ubuntu.com/ubuntu noble InRelease
browser	Run pnpm exec playwright install --with-deps	2026-10-08T03:59:31.9994251Z Get:3 http://azure.archive.ubuntu.com/ubuntu noble-updates InRelease [126 kB]
browser	Run pnpm exec playwright install --with-deps	2026-10-08T03:59:32.0029884Z Get:4 http://azure.archive.ubuntu.com/ubuntu noble-backports InRelease [126 kB]
browser	Run pnpm exec playwright install --with-deps	2026-10-08T03:59:32.0051075Z Get:5 http://azure.archive.ubuntu.com/ubuntu noble-security InRelease [126 kB]
browser	Run pnpm exec playwright install --with-deps	2026-10-08T03:59:32.0135471Z Get:6 https://packages.microsoft.com/ubuntu/24.04/prod noble InRelease [3600 B]
browser	Run pnpm exec playwright install --with-deps	2026-10-08T03:59:32.1102909Z Get:7 http://azure.archive.ubuntu.com/ubuntu noble-updates/main amd64 Packages [1375 kB]
browser	Run pnpm exec playwright install --with-deps	2026-10-08T03:59:32.1231288Z Get:8 http://azure.archive.ubuntu.com/ubuntu noble-updates/main Translation-en [306 kB]
browser	Run pnpm exec playwright install --with-deps	2026-10-08T03:59:32.1240371Z Get:9 http://azure.archive.ubuntu.com/ubuntu noble-updates/main amd64 Components [181 kB]
browser	Run pnpm exec playwright install --with-deps	2026-10-08T03:59:32.1245342Z Get:10 http://azure.archive.ubuntu.com/ubuntu noble-updates/universe amd64 Packages [1702 kB]
browser	Run pnpm exec playwright install --with-deps	2026-10-08T03:59:32.1317175Z Get:11 http://azure.archive.ubuntu.com/ubuntu noble-updates/universe Translation-en [341 kB]
browser	Run pnpm exec playwright install --with-deps	2026-10-08T03:59:32.1340381Z Get:12 http://azure.archive.ubuntu.com/ubuntu noble-updates/universe amd64 Components [388 kB]
browser	Run pnpm exec playwright install --with-deps	2026-10-08T03:59:32.1357754Z Get:13 http://azure.archive.ubuntu.com/ubuntu noble-updates/restricted amd64 Packages [1761 kB]
browser	Run pnpm exec playwright install --with-deps	2026-10-08T03:59:32.1437510Z Get:14 http://azure.archive.ubuntu.com/ubuntu noble-updates/restricted Translation-en [401 kB]
browser	Run pnpm exec playwright install --with-deps	2026-10-08T03:59:32.1457959Z Get:15 http://azure.archive.ubuntu.com/ubuntu noble-updates/multiverse amd64 Packages [55.0 kB]
browser	Run pnpm exec playwright install --with-deps	2026-10-08T03:59:32.1469595Z Get:16 http://azure.archive.ubuntu.com/ubuntu noble-updates/multiverse Translation-en [14.3 kB]
browser	Run pnpm exec playwright install --with-deps	2026-10-08T03:59:32.1912440Z Get:17 http://azure.archive.ubuntu.com/ubuntu noble-updates/multiverse amd64 Components [940 B]
browser	Run pnpm exec playwright install --with-deps	2026-10-08T03:59:32.1922891Z Get:18 http://azure.archive.ubuntu.com/ubuntu noble-backports/main amd64 Components [5764 B]
browser	Run pnpm exec playwright install --with-deps	2026-10-08T03:59:32.1930471Z Get:19 http://azure.archive.ubuntu.com/ubuntu noble-backports/universe amd64 Components [12.6 kB]
browser	Run pnpm exec playwright install --with-deps	2026-10-08T03:59:32.1990017Z Get:20 http://azure.archive.ubuntu.com/ubuntu noble-security/main amd64 Packages [1074 kB]
browser	Run pnpm exec playwright install --with-deps	2026-10-08T03:59:32.2050008Z Get:21 http://azure.archive.ubuntu.com/ubuntu noble-security/main Translation-en [223 kB]
browser	Run pnpm exec playwright install --with-deps	2026-10-08T03:59:32.2056148Z Get:22 http://azure.archive.ubuntu.com/ubuntu noble-security/main amd64 Components [46.3 kB]
browser	Run pnpm exec playwright install --with-deps	2026-10-08T03:59:32.2070285Z Get:23 http://azure.archive.ubuntu.com/ubuntu noble-security/universe amd64 Packages [1218 kB]
browser	Run pnpm exec playwright install --with-deps	2026-10-08T03:59:32.2202885Z Get:24 http://azure.archive.ubuntu.com/ubuntu noble-security/universe Translation-en [245 kB]
browser	Run pnpm exec playwright install --with-deps	2026-10-08T03:59:32.2212696Z Get:25 http://azure.archive.ubuntu.com/ubuntu noble-security/universe amd64 Components [76.3 kB]
browser	Run pnpm exec playwright install --with-deps	2026-10-08T03:59:32.2218483Z Get:26 http://azure.archive.ubuntu.com/ubuntu noble-security/restricted amd64 Packages [1566 kB]
browser	Run pnpm exec playwright install --with-deps	2026-10-08T03:59:32.2288034Z Get:27 http://azure.archive.ubuntu.com/ubuntu noble-security/restricted Translation-en [361 kB]
browser	Run pnpm exec playwright install --with-deps	2026-10-08T03:59:32.2321174Z Get:28 http://azure.archive.ubuntu.com/ubuntu noble-security/multiverse Translation-en [11.6 kB]
browser	Run pnpm exec playwright install --with-deps	2026-10-08T03:59:32.2587821Z Get:29 https://packages.microsoft.com/ubuntu/24.04/prod noble/main arm64 Packages [473 kB]
browser	Run pnpm exec playwright install --with-deps	2026-10-08T03:59:32.2649332Z Get:30 https://packages.microsoft.com/ubuntu/24.04/prod noble/main armhf Packages [12.3 kB]
browser	Run pnpm exec playwright install --with-deps	2026-10-08T03:59:32.2671932Z Get:31 https://packages.microsoft.com/ubuntu/24.04/prod noble/main amd64 Packages [529 kB]
browser	Run pnpm exec playwright install --with-deps	2026-10-08T03:59:32.2707951Z Get:32 https://packages.microsoft.com/ubuntu/24.04/prod noble/main all Packages [640 B]
browser	Run pnpm exec playwright install --with-deps	2026-10-08T03:59:40.1981209Z Fetched 12.8 MB in 1s (11.1 MB/s)
browser	Run pnpm exec playwright install --with-deps	2026-10-08T03:59:40.8611314Z Reading package lists...
browser	Run pnpm exec playwright install --with-deps	2026-10-08T03:59:40.8839346Z Reading package lists...
browser	Run pnpm exec playwright install --with-deps	2026-10-08T03:59:41.0532231Z Building dependency tree...
browser	Run pnpm exec playwright install --with-deps	2026-10-08T03:59:41.0538742Z Reading state information...
browser	Run pnpm exec playwright install --with-deps	2026-10-08T03:59:41.0675591Z libasound2t64 is already the newest version (1.2.11-1ubuntu0.3).
browser	Run pnpm exec playwright install --with-deps	2026-10-08T03:59:41.0676212Z libasound2t64 set to manually installed.
browser	Run pnpm exec playwright install --with-deps	2026-10-08T03:59:41.0676778Z libatk-bridge2.0-0t64 is already the newest version (2.52.0-1build1).
browser	Run pnpm exec playwright install --with-deps	2026-10-08T03:59:41.0677345Z libatk-bridge2.0-0t64 set to manually installed.
browser	Run pnpm exec playwright install --with-deps	2026-10-08T03:59:41.0677964Z libatk1.0-0t64 is already the newest version (2.52.0-1build1).
browser	Run pnpm exec playwright install --with-deps	2026-10-08T03:59:41.0678501Z libatk1.0-0t64 set to manually installed.
browser	Run pnpm exec playwright install --with-deps	2026-10-08T03:59:41.0679182Z libatspi2.0-0t64 is already the newest version (2.52.0-1build1).
browser	Run pnpm exec playwright install --with-deps	2026-10-08T03:59:41.0679708Z libatspi2.0-0t64 set to manually installed.
browser	Run pnpm exec playwright install --with-deps	2026-10-08T03:59:41.0680205Z libcairo2 is already the newest version (1.18.0-3build1).
browser	Run pnpm exec playwright install --with-deps	2026-10-08T03:59:41.0680678Z libcairo2 set to manually installed.
browser	Run pnpm exec playwright install --with-deps	2026-10-08T03:59:41.0681206Z libcups2t64 is already the newest version (2.4.7-1.2ubuntu7.14).
browser	Run pnpm exec playwright install --with-deps	2026-10-08T03:59:41.0681719Z libcups2t64 set to manually installed.
browser	Run pnpm exec playwright install --with-deps	2026-10-08T03:59:41.0682238Z libdbus-1-3 is already the newest version (1.14.10-4ubuntu4.1).
browser	Run pnpm exec playwright install --with-deps	2026-10-08T03:59:41.0682728Z libdbus-1-3 set to manually installed.
browser	Run pnpm exec playwright install --with-deps	2026-10-08T03:59:41.0683268Z libdrm2 is already the newest version (2.4.125-1ubuntu0.1~24.04.2).
browser	Run pnpm exec playwright install --with-deps	2026-10-08T03:59:41.0683760Z libdrm2 set to manually installed.
browser	Run pnpm exec playwright install --with-deps	2026-10-08T03:59:41.0684268Z libglib2.0-0t64 is already the newest version (2.80.0-6ubuntu3.9).
browser	Run pnpm exec playwright install --with-deps	2026-10-08T03:59:41.0684805Z libglib2.0-0t64 set to manually installed.
browser	Run pnpm exec playwright install --with-deps	2026-10-08T03:59:41.0685320Z libnspr4 is already the newest version (2:4.35-1.1build1).
browser	Run pnpm exec playwright install --with-deps	2026-10-08T03:59:41.0685792Z libnspr4 set to manually installed.
browser	Run pnpm exec playwright install --with-deps	2026-10-08T03:59:41.0686282Z libnss3 is already the newest version (2:3.98-1ubuntu0.2).
browser	Run pnpm exec playwright install --with-deps	2026-10-08T03:59:41.0686740Z libnss3 set to manually installed.
browser	Run pnpm exec playwright install --with-deps	2026-10-08T03:59:41.0687247Z libpango-1.0-0 is already the newest version (1.52.1+ds-1build1).
browser	Run pnpm exec playwright install --with-deps	2026-10-08T03:59:41.0687768Z libpango-1.0-0 set to manually installed.
browser	Run pnpm exec playwright install --with-deps	2026-10-08T03:59:41.0688260Z libx11-6 is already the newest version (2:1.8.7-1build1).
browser	Run pnpm exec playwright install --with-deps	2026-10-08T03:59:41.0688718Z libx11-6 set to manually installed.
browser	Run pnpm exec playwright install --with-deps	2026-10-08T03:59:41.0689301Z libxcb1 is already the newest version (1.15-1ubuntu2).
browser	Run pnpm exec playwright install --with-deps	2026-10-08T03:59:41.0689757Z libxcb1 set to manually installed.
browser	Run pnpm exec playwright install --with-deps	2026-10-08T03:59:41.0690264Z libxcomposite1 is already the newest version (1:0.4.5-1build3).
browser	Run pnpm exec playwright install --with-deps	2026-10-08T03:59:41.0690767Z libxcomposite1 set to manually installed.
browser	Run pnpm exec playwright install --with-deps	2026-10-08T03:59:41.0691301Z libxdamage1 is already the newest version (1:1.1.6-1build1).
browser	Run pnpm exec playwright install --with-deps	2026-10-08T03:59:41.0691784Z libxdamage1 set to manually installed.
browser	Run pnpm exec playwright install --with-deps	2026-10-08T03:59:41.0692276Z libxext6 is already the newest version (2:1.3.4-1build2).
browser	Run pnpm exec playwright install --with-deps	2026-10-08T03:59:41.0692743Z libxext6 set to manually installed.
browser	Run pnpm exec playwright install --with-deps	2026-10-08T03:59:41.0693225Z libxfixes3 is already the newest version (1:6.0.0-2build1).
browser	Run pnpm exec playwright install --with-deps	2026-10-08T03:59:41.0693708Z libxfixes3 set to manually installed.
browser	Run pnpm exec playwright install --with-deps	2026-10-08T03:59:41.0694221Z libxkbcommon0 is already the newest version (1.6.0-1build1).
browser	Run pnpm exec playwright install --with-deps	2026-10-08T03:59:41.0694716Z libxkbcommon0 set to manually installed.
browser	Run pnpm exec playwright install --with-deps	2026-10-08T03:59:41.0695218Z libxrandr2 is already the newest version (2:1.5.2-2build1).
browser	Run pnpm exec playwright install --with-deps	2026-10-08T03:59:41.0695703Z libxrandr2 set to manually installed.
browser	Run pnpm exec playwright install --with-deps	2026-10-08T03:59:41.0696229Z libcairo-gobject2 is already the newest version (1.18.0-3build1).
browser	Run pnpm exec playwright install --with-deps	2026-10-08T03:59:41.0696767Z libcairo-gobject2 set to manually installed.
browser	Run pnpm exec playwright install --with-deps	2026-10-08T03:59:41.0697321Z libfontconfig1 is already the newest version (2.15.0-1.1ubuntu2).
browser	Run pnpm exec playwright install --with-deps	2026-10-08T03:59:41.0698338Z libfontconfig1 set to manually installed.
browser	Run pnpm exec playwright install --with-deps	2026-10-08T03:59:41.0699044Z libgdk-pixbuf-2.0-0 is already the newest version (2.42.10+dfsg-3ubuntu3.3).
browser	Run pnpm exec playwright install --with-deps	2026-10-08T03:59:41.0699640Z libgdk-pixbuf-2.0-0 set to manually installed.
browser	Run pnpm exec playwright install --with-deps	2026-10-08T03:59:41.0700212Z libgtk-3-0t64 is already the newest version (3.24.41-4ubuntu1.3).
browser	Run pnpm exec playwright install --with-deps	2026-10-08T03:59:41.0700717Z libgtk-3-0t64 set to manually installed.
browser	Run pnpm exec playwright install --with-deps	2026-10-08T03:59:41.0701268Z libpangocairo-1.0-0 is already the newest version (1.52.1+ds-1build1).
browser	Run pnpm exec playwright install --with-deps	2026-10-08T03:59:41.0702002Z libpangocairo-1.0-0 set to manually installed.
browser	Run pnpm exec playwright install --with-deps	2026-10-08T03:59:41.0702540Z libx11-xcb1 is already the newest version (2:1.8.7-1build1).
browser	Run pnpm exec playwright install --with-deps	2026-10-08T03:59:41.0703032Z libx11-xcb1 set to manually installed.
browser	Run pnpm exec playwright install --with-deps	2026-10-08T03:59:41.0703531Z libxcb-shm0 is already the newest version (1.15-1ubuntu2).
browser	Run pnpm exec playwright install --with-deps	2026-10-08T03:59:41.0704007Z libxcb-shm0 set to manually installed.
browser	Run pnpm exec playwright install --with-deps	2026-10-08T03:59:41.0704497Z libxcursor1 is already the newest version (1:1.2.1-1build1).
browser	Run pnpm exec playwright install --with-deps	2026-10-08T03:59:41.0704989Z libxcursor1 set to manually installed.
browser	Run pnpm exec playwright install --with-deps	2026-10-08T03:59:41.0705457Z libxi6 is already the newest version (2:1.8.1-1build1).
browser	Run pnpm exec playwright install --with-deps	2026-10-08T03:59:41.0705903Z libxi6 set to manually installed.
browser	Run pnpm exec playwright install --with-deps	2026-10-08T03:59:41.0706415Z libxrender1 is already the newest version (1:0.9.10-1.1build1).
browser	Run pnpm exec playwright install --with-deps	2026-10-08T03:59:41.0706917Z libxrender1 set to manually installed.
browser	Run pnpm exec playwright install --with-deps	2026-10-08T03:59:41.0707404Z libicu74 is already the newest version (74.2-1ubuntu3.1).
browser	Run pnpm exec playwright install --with-deps	2026-10-08T03:59:41.0708012Z libatomic1 is already the newest version (14.2.0-4ubuntu2~24.04.1).
browser	Run pnpm exec playwright install --with-deps	2026-10-08T03:59:41.0708594Z libatomic1 set to manually installed.
browser	Run pnpm exec playwright install --with-deps	2026-10-08T03:59:41.0709246Z libenchant-2-2 is already the newest version (2.3.3-2build2).
browser	Run pnpm exec playwright install --with-deps	2026-10-08T03:59:41.0709730Z libenchant-2-2 set to manually installed.
browser	Run pnpm exec playwright install --with-deps	2026-10-08T03:59:41.0710161Z libepoxy0 is already the newest version (1.5.10-1build1).
browser	Run pnpm exec playwright install --with-deps	2026-10-08T03:59:41.0710559Z libepoxy0 set to manually installed.
browser	Run pnpm exec playwright install --with-deps	2026-10-08T03:59:41.0711034Z libgstreamer1.0-0 is already the newest version (1.24.2-1ubuntu0.1).
browser	Run pnpm exec playwright install --with-deps	2026-10-08T03:59:41.0711539Z libgstreamer1.0-0 set to manually installed.
browser	Run pnpm exec playwright install --with-deps	2026-10-08T03:59:41.0711994Z libharfbuzz0b is already the newest version (8.3.0-2build2).
browser	Run pnpm exec playwright install --with-deps	2026-10-08T03:59:41.0712448Z libharfbuzz0b set to manually installed.
browser	Run pnpm exec playwright install --with-deps	2026-10-08T03:59:41.0712919Z libjpeg-turbo8 is already the newest version (2.1.5-2ubuntu2).
browser	Run pnpm exec playwright install --with-deps	2026-10-08T03:59:41.0713380Z libjpeg-turbo8 set to manually installed.
browser	Run pnpm exec playwright install --with-deps	2026-10-08T03:59:41.0713864Z liblcms2-2 is already the newest version (2.14-2ubuntu0.1).
browser	Run pnpm exec playwright install --with-deps	2026-10-08T03:59:41.0714305Z liblcms2-2 set to manually installed.
browser	Run pnpm exec playwright install --with-deps	2026-10-08T03:59:41.0714801Z libwayland-client0 is already the newest version (1.22.0-2.1build1).
browser	Run pnpm exec playwright install --with-deps	2026-10-08T03:59:41.0715294Z libwayland-client0 set to manually installed.
browser	Run pnpm exec playwright install --with-deps	2026-10-08T03:59:41.0716009Z libwayland-egl1 is already the newest version (1.22.0-2.1build1).
browser	Run pnpm exec playwright install --with-deps	2026-10-08T03:59:41.1910738Z libwayland-egl1 set to manually installed.
browser	Run pnpm exec playwright install --with-deps	2026-10-08T03:59:41.1911386Z libwebp7 is already the newest version (1.3.2-0.4build3).
browser	Run pnpm exec playwright install --with-deps	2026-10-08T03:59:41.1911851Z libwebp7 set to manually installed.
browser	Run pnpm exec playwright install --with-deps	2026-10-08T03:59:41.1912373Z libwebpdemux2 is already the newest version (1.3.2-0.4build3).
browser	Run pnpm exec playwright install --with-deps	2026-10-08T03:59:41.1912862Z libwebpdemux2 set to manually installed.
browser	Run pnpm exec playwright install --with-deps	2026-10-08T03:59:41.1913380Z libxml2 is already the newest version (2.9.14+dfsg-1.3ubuntu3.9).
browser	Run pnpm exec playwright install --with-deps	2026-10-08T03:59:41.1913882Z libxml2 set to manually installed.
browser	Run pnpm exec playwright install --with-deps	2026-10-08T03:59:41.1914438Z libxslt1.1 is already the newest version (1.1.39-0exp1ubuntu0.24.04.3).
browser	Run pnpm exec playwright install --with-deps	2026-10-08T03:59:41.1914991Z libxslt1.1 set to manually installed.
browser	Run pnpm exec playwright install --with-deps	2026-10-08T03:59:41.1915469Z xvfb is already the newest version (2:21.1.12-1ubuntu1.8).
browser	Run pnpm exec playwright install --with-deps	2026-10-08T03:59:41.1916133Z fonts-noto-color-emoji is already the newest version (2.047-0ubuntu0.24.04.1).
browser	Run pnpm exec playwright install --with-deps	2026-10-08T03:59:41.1916764Z fonts-liberation is already the newest version (1:2.1.5-3).
browser	Run pnpm exec playwright install --with-deps	2026-10-08T03:59:41.1917241Z fonts-liberation set to manually installed.
browser	Run pnpm exec playwright install --with-deps	2026-10-08T03:59:41.1917697Z The following additional packages will be installed:
browser	Run pnpm exec playwright install --with-deps	2026-10-08T03:59:41.1918220Z   glib-networking glib-networking-common glib-networking-services
browser	Run pnpm exec playwright install --with-deps	2026-10-08T03:59:41.1919707Z   gsettings-desktop-schemas libaa1 libabsl20220623t64 libass9 libasyncns0
browser	Run pnpm exec playwright install --with-deps	2026-10-08T03:59:41.1920335Z   libavc1394-0 libavfilter9 libavformat60 libavtp0 libavutil58 libblas3
browser	Run pnpm exec playwright install --with-deps	2026-10-08T03:59:41.1920963Z   libbluray2 libbs2b0 libcaca0 libcairo-script-interpreter2 libcdparanoia0
browser	Run pnpm exec playwright install --with-deps	2026-10-08T03:59:41.1921577Z   libchromaprint1 libcjson1 libcodec2-1.2 libdav1d7 libdc1394-25 libdca0
browser	Run pnpm exec playwright install --with-deps	2026-10-08T03:59:41.1922170Z   libde265-0 libdecor-0-0 libdirectfb-1.7-7t64 libdv4t64 libdvdnav4
browser	Run pnpm exec playwright install --with-deps	2026-10-08T03:59:41.1922865Z   libdvdread8t64 libegl-mesa0 libegl1 libevent-core-2.1-7t64
browser	Run pnpm exec playwright install --with-deps	2026-10-08T03:59:41.1923465Z   libevent-pthreads-2.1-7t64 libfaad2 libflac12t64 libfluidsynth3 libfreeaptx0
browser	Run pnpm exec playwright install --with-deps	2026-10-08T03:59:41.1924109Z   libgav1-1 libgl1-mesa-dri libglx-mesa0 libgme0 libgraphene-1.0-0 libgsm1
browser	Run pnpm exec playwright install --with-deps	2026-10-08T03:59:41.1924744Z   libgssdp-1.6-0 libgstreamer-plugins-good1.0-0 libgtk-4-common libgupnp-1.6-0
browser	Run pnpm exec playwright install --with-deps	2026-10-08T03:59:41.1925381Z   libgupnp-igd-1.6-0 libhwy1t64 libiec61883-0 libimath-3-1-29t64
browser	Run pnpm exec playwright install --with-deps	2026-10-08T03:59:41.1925932Z   libinstpatch-1.0-2 libjack-jackd2-0 libjxl0.7 liblapack3 liblc3-1
browser	Run pnpm exec playwright install --with-deps	2026-10-08T03:59:41.1926533Z   libldacbt-enc2 liblilv-0-0 liblrdf0 libltc11 libmbedcrypto7t64 libmfx1
browser	Run pnpm exec playwright install --with-deps	2026-10-08T03:59:41.1927133Z   libmjpegutils-2.1-0t64 libmodplug1 libmp3lame0 libmpcdec6
browser	Run pnpm exec playwright install --with-deps	2026-10-08T03:59:41.1927741Z   libmpeg2encpp-2.1-0t64 libmpg123-0t64 libmplex2-2.1-0t64 libmysofa1
browser	Run pnpm exec playwright install --with-deps	2026-10-08T03:59:41.1928370Z   libneon27t64 libnice10 libopenal-data libopenal1 libopenexr-3-1-30
browser	Run pnpm exec playwright install --with-deps	2026-10-08T03:59:41.1929075Z   libopenh264-7 libopenmpt0t64 libopenni2-0 liborc-0.4-0t64
browser	Run pnpm exec playwright install --with-deps	2026-10-08T03:59:41.1929639Z   libpipewire-0.3-0t64 libplacebo338 libpocketsphinx3 libpostproc57
browser	Run pnpm exec playwright install --with-deps	2026-10-08T03:59:41.1930300Z   libproxy1v5 libpulse0 libqrencode4 libraptor2-0 librav1e0 libraw1394-11
browser	Run pnpm exec playwright install --with-deps	2026-10-08T03:59:41.1930967Z   librist4 librsvg2-2 librubberband2 libsamplerate0 libsbc1 libsdl2-2.0-0
browser	Run pnpm exec playwright install --with-deps	2026-10-08T03:59:41.1931635Z   libsecret-common libserd-0-0 libshine3 libshout3 libsndfile1 libsndio7.0
browser	Run pnpm exec playwright install --with-deps	2026-10-08T03:59:41.1932234Z   libsord-0-0 libsoundtouch1 libsoup-3.0-0 libsoup-3.0-common libsoxr0
browser	Run pnpm exec playwright install --with-deps	2026-10-08T03:59:41.1932811Z   libspa-0.2-modules libspandsp2t64 libspeex1 libsphinxbase3t64 libsratom-0-0
browser	Run pnpm exec playwright install --with-deps	2026-10-08T03:59:41.1933321Z   libsrt1.5-gnutls libsrtp2-1 libssh-gcrypt-4 libsvtav1enc1d1 libswresample4
browser	Run pnpm exec playwright install --with-deps	2026-10-08T03:59:41.1933743Z   libswscale7 libtag1v5 libtag1v5-vanilla libtheora0 libtwolame0 libudfread0
browser	Run pnpm exec playwright install --with-deps	2026-10-08T03:59:41.1934164Z   libunibreak5 libv4l-0t64 libv4lconvert0t64 libva-drm2 libva-x11-2 libva2
browser	Run pnpm exec playwright install --with-deps	2026-10-08T03:59:41.1934576Z   libvdpau1 libvidstab1.1 libvisual-0.4-0 libvo-aacenc0 libvo-amrwbenc0
browser	Run pnpm exec playwright install --with-deps	2026-10-08T03:59:41.1935182Z   libvorbisenc2 libvpl2 libwavpack1 libwebrtc-audio-processing1 libwildmidi2
browser	Run pnpm exec playwright install --with-deps	2026-10-08T03:59:41.1935629Z   libx265-199 libxcb-xkb1 libxkbcommon-x11-0 libxvidcore4 libyuv0 libzbar0t64
browser	Run pnpm exec playwright install --with-deps	2026-10-08T03:59:41.1936064Z   libzimg2 libzix-0-0 libzvbi-common libzvbi0t64 libzxing3 mesa-libgallium
browser	Run pnpm exec playwright install --with-deps	2026-10-08T03:59:41.1936489Z   ocl-icd-libopencl1 session-migration timgm6mb-soundfont xfonts-encodings
browser	Run pnpm exec playwright install --with-deps	2026-10-08T03:59:41.1936802Z   xfonts-utils
browser	Run pnpm exec playwright install --with-deps	2026-10-08T03:59:41.1936994Z Suggested packages:
browser	Run pnpm exec playwright install --with-deps	2026-10-08T03:59:41.1937351Z   frei0r-plugins gvfs libcuda1 libnvcuvid1 libnvidia-encode1 libbluray-bdj
browser	Run pnpm exec playwright install --with-deps	2026-10-08T03:59:41.1937838Z   libdirectfb-extra libdv-bin oss-compat libdvdcss2 libvisual-0.4-plugins
browser	Run pnpm exec playwright install --with-deps	2026-10-08T03:59:41.1938243Z   jackd2 liblrdf0-dev libportaudio2 opus-tools pipewire pulseaudio
browser	Run pnpm exec playwright install --with-deps	2026-10-08T03:59:41.1938631Z   raptor2-utils libraw1394-doc librsvg2-bin serdi sndiod sordi speex
browser	Run pnpm exec playwright install --with-deps	2026-10-08T03:59:41.1939167Z   libwildmidi-config opencl-icd fluid-soundfont-gm
browser	Run pnpm exec playwright install --with-deps	2026-10-08T03:59:41.1939522Z Recommended packages:
browser	Run pnpm exec playwright install --with-deps	2026-10-08T03:59:41.1939931Z   fonts-ipafont-mincho fonts-tlwg-loma gstreamer1.0-x libaacs0
browser	Run pnpm exec playwright install --with-deps	2026-10-08T03:59:41.1940501Z   default-libdecor-0-plugin-1 | libdecor-0-plugin-1 gstreamer1.0-gl
browser	Run pnpm exec playwright install --with-deps	2026-10-08T03:59:41.1941153Z   libgtk-4-bin librsvg2-common libgtk-4-media-gstreamer libpipewire-0.3-common
browser	Run pnpm exec playwright install --with-deps	2026-10-08T03:59:41.1941829Z   pocketsphinx-en-us va-driver-all | va-driver vdpau-driver-all | vdpau-driver
browser	Run pnpm exec playwright install --with-deps	2026-10-08T03:59:41.1942303Z   libmagickcore-6.q16-7-extra
browser	Run pnpm exec playwright install --with-deps	2026-10-08T03:59:41.2570376Z The following NEW packages will be installed:
browser	Run pnpm exec playwright install --with-deps	2026-10-08T03:59:41.2571199Z   fonts-freefont-ttf fonts-ipafont-gothic fonts-tlwg-loma-otf fonts-unifont
browser	Run pnpm exec playwright install --with-deps	2026-10-08T03:59:41.2571893Z   fonts-wqy-zenhei glib-networking glib-networking-common
browser	Run pnpm exec playwright install --with-deps	2026-10-08T03:59:41.2572566Z   glib-networking-services gsettings-desktop-schemas gstreamer1.0-libav
browser	Run pnpm exec playwright install --with-deps	2026-10-08T03:59:41.2573446Z   gstreamer1.0-plugins-bad gstreamer1.0-plugins-base gstreamer1.0-plugins-good
browser	Run pnpm exec playwright install --with-deps	2026-10-08T03:59:41.2574695Z   libaa1 libabsl20220623t64 libass9 libasyncns0 libavc1394-0 libavcodec60
browser	Run pnpm exec playwright install --with-deps	2026-10-08T03:59:41.2575413Z   libavfilter9 libavformat60 libavif16 libavtp0 libavutil58 libblas3
browser	Run pnpm exec playwright install --with-deps	2026-10-08T03:59:41.2576213Z   libbluray2 libbs2b0 libcaca0 libcairo-script-interpreter2 libcdparanoia0
browser	Run pnpm exec playwright install --with-deps	2026-10-08T03:59:41.2576986Z   libchromaprint1 libcjson1 libcodec2-1.2 libdav1d7 libdc1394-25 libdca0
browser	Run pnpm exec playwright install --with-deps	2026-10-08T03:59:41.2577696Z   libde265-0 libdecor-0-0 libdirectfb-1.7-7t64 libdv4t64 libdvdnav4
browser	Run pnpm exec playwright install --with-deps	2026-10-08T03:59:41.2578417Z   libdvdread8t64 libegl-mesa0 libegl1 libevent-2.1-7t64 libfaad2 libflac12t64
browser	Run pnpm exec playwright install --with-deps	2026-10-08T03:59:41.2579252Z   libflite1 libfluidsynth3 libfreeaptx0 libgav1-1 libgles2 libgme0
browser	Run pnpm exec playwright install --with-deps	2026-10-08T03:59:41.2579924Z   libgraphene-1.0-0 libgsm1 libgssdp-1.6-0 libgstreamer-gl1.0-0
browser	Run pnpm exec playwright install --with-deps	2026-10-08T03:59:41.2580609Z   libgstreamer-plugins-bad1.0-0 libgstreamer-plugins-base1.0-0
browser	Run pnpm exec playwright install --with-deps	2026-10-08T03:59:41.2581337Z   libgstreamer-plugins-good1.0-0 libgtk-4-1 libgtk-4-common libgupnp-1.6-0
browser	Run pnpm exec playwright install --with-deps	2026-10-08T03:59:41.2582116Z   libgupnp-igd-1.6-0 libharfbuzz-icu0 libhwy1t64 libhyphen0 libiec61883-0
browser	Run pnpm exec playwright install --with-deps	2026-10-08T03:59:41.2582875Z   libimath-3-1-29t64 libinstpatch-1.0-2 libjack-jackd2-0 libjxl0.7 liblapack3
browser	Run pnpm exec playwright install --with-deps	2026-10-08T03:59:41.2583617Z   liblc3-1 libldacbt-enc2 liblilv-0-0 liblrdf0 libltc11 libmanette-0.2-0
browser	Run pnpm exec playwright install --with-deps	2026-10-08T03:59:41.2584416Z   libmbedcrypto7t64 libmfx1 libmjpegutils-2.1-0t64 libmodplug1 libmp3lame0
browser	Run pnpm exec playwright install --with-deps	2026-10-08T03:59:41.2585204Z   libmpcdec6 libmpeg2encpp-2.1-0t64 libmpg123-0t64 libmplex2-2.1-0t64
browser	Run pnpm exec playwright install --with-deps	2026-10-08T03:59:41.2585910Z   libmysofa1 libneon27t64 libnice10 libopenal-data libopenal1
browser	Run pnpm exec playwright install --with-deps	2026-10-08T03:59:41.2586576Z   libopenexr-3-1-30 libopenh264-7 libopenmpt0t64 libopenni2-0 libopus0
browser	Run pnpm exec playwright install --with-deps	2026-10-08T03:59:41.2587251Z   liborc-0.4-0t64 libpipewire-0.3-0t64 libplacebo338 libpocketsphinx3
browser	Run pnpm exec playwright install --with-deps	2026-10-08T03:59:41.2587954Z   libpostproc57 libproxy1v5 libpulse0 libqrencode4 libraptor2-0 librav1e0
browser	Run pnpm exec playwright install --with-deps	2026-10-08T03:59:41.2588682Z   libraw1394-11 librist4 librsvg2-2 librubberband2 libsamplerate0 libsbc1
browser	Run pnpm exec playwright install --with-deps	2026-10-08T03:59:41.2589552Z   libsdl2-2.0-0 libsecret-1-0 libsecret-common libserd-0-0 libshine3 libshout3
browser	Run pnpm exec playwright install --with-deps	2026-10-08T03:59:41.2590318Z   libsndfile1 libsndio7.0 libsord-0-0 libsoundtouch1 libsoup-3.0-0
browser	Run pnpm exec playwright install --with-deps	2026-10-08T03:59:41.2591031Z   libsoup-3.0-common libsoxr0 libspa-0.2-modules libspandsp2t64 libspeex1
browser	Run pnpm exec playwright install --with-deps	2026-10-08T03:59:41.2591777Z   libsphinxbase3t64 libsratom-0-0 libsrt1.5-gnutls libsrtp2-1 libssh-gcrypt-4
browser	Run pnpm exec playwright install --with-deps	2026-10-08T03:59:41.2592498Z   libsvtav1enc1d1 libswresample4 libswscale7 libtag1v5 libtag1v5-vanilla
browser	Run pnpm exec playwright install --with-deps	2026-10-08T03:59:41.2593180Z   libtheora0 libtwolame0 libudfread0 libunibreak5 libv4l-0t64
browser	Run pnpm exec playwright install --with-deps	2026-10-08T03:59:41.2593914Z   libv4lconvert0t64 libva-drm2 libva-x11-2 libva2 libvdpau1 libvidstab1.1
browser	Run pnpm exec playwright install --with-deps	2026-10-08T03:59:41.2594692Z   libvisual-0.4-0 libvo-aacenc0 libvo-amrwbenc0 libvorbisenc2 libvpl2 libvpx9
browser	Run pnpm exec playwright install --with-deps	2026-10-08T03:59:41.2595434Z   libwavpack1 libwayland-server0 libwebrtc-audio-processing1 libwildmidi2
browser	Run pnpm exec playwright install --with-deps	2026-10-08T03:59:41.2596119Z   libwoff1 libx264-164 libx265-199 libxcb-xkb1 libxkbcommon-x11-0 libxvidcore4
browser	Run pnpm exec playwright install --with-deps	2026-10-08T03:59:41.2596844Z   libyuv0 libzbar0t64 libzimg2 libzix-0-0 libzvbi-common libzvbi0t64 libzxing3
browser	Run pnpm exec playwright install --with-deps	2026-10-08T03:59:41.2597551Z   ocl-icd-libopencl1 session-migration timgm6mb-soundfont xfonts-cyrillic
browser	Run pnpm exec playwright install --with-deps	2026-10-08T03:59:41.2598130Z   xfonts-encodings xfonts-scalable xfonts-utils
browser	Run pnpm exec playwright install --with-deps	2026-10-08T03:59:41.2598619Z The following packages will be upgraded:
browser	Run pnpm exec playwright install --with-deps	2026-10-08T03:59:41.2599278Z   libevent-core-2.1-7t64 libevent-pthreads-2.1-7t64 libfreetype6 libgbm1
browser	Run pnpm exec playwright install --with-deps	2026-10-08T03:59:41.2599902Z   libgl1-mesa-dri libglx-mesa0 libpng16-16t64 mesa-libgallium
browser	Run pnpm exec playwright install --with-deps	2026-10-08T03:59:41.2774312Z 8 upgraded, 181 newly installed, 0 to remove and 28 not upgraded.
browser	Run pnpm exec playwright install --with-deps	2026-10-08T03:59:41.2774866Z Need to get 126 MB of archives.
browser	Run pnpm exec playwright install --with-deps	2026-10-08T03:59:41.2775376Z After this operation, 364 MB of additional disk space will be used.
browser	Run pnpm exec playwright install --with-deps	2026-10-08T03:59:41.2775966Z Get:1 file:/etc/apt/apt-mirrors.txt Mirrorlist [144 B]
browser	Run pnpm exec playwright install --with-deps	2026-10-08T03:59:41.3580869Z Get:2 http://azure.archive.ubuntu.com/ubuntu noble/universe amd64 fonts-ipafont-gothic all 00303-21ubuntu1 [3513 kB]
browser	Run pnpm exec playwright install --with-deps	2026-10-08T03:59:41.4928582Z Get:3 http://azure.archive.ubuntu.com/ubuntu noble-security/main amd64 libpng16-16t64 amd64 1.6.43-5ubuntu0.7 [189 kB]
browser	Run pnpm exec playwright install --with-deps	2026-10-08T03:59:41.5601267Z Get:4 http://azure.archive.ubuntu.com/ubuntu noble/main amd64 fonts-freefont-ttf all 20211204+svn4273-2 [5641 kB]
browser	Run pnpm exec playwright install --with-deps	2026-10-08T03:59:41.7383412Z Get:5 http://azure.archive.ubuntu.com/ubuntu noble/universe amd64 fonts-tlwg-loma-otf all 1:0.7.3-1 [107 kB]
browser	Run pnpm exec playwright install --with-deps	2026-10-08T03:59:41.8031389Z Get:6 http://azure.archive.ubuntu.com/ubuntu noble/universe amd64 fonts-unifont all 1:15.1.01-1build1 [2993 kB]
browser	Run pnpm exec playwright install --with-deps	2026-10-08T03:59:41.9278811Z Get:7 http://azure.archive.ubuntu.com/ubuntu noble/universe amd64 fonts-wqy-zenhei all 0.9.45-8 [7472 kB]
browser	Run pnpm exec playwright install --with-deps	2026-10-08T03:59:42.1421472Z Get:8 http://azure.archive.ubuntu.com/ubuntu noble/main amd64 libproxy1v5 amd64 0.5.4-4build1 [26.5 kB]
browser	Run pnpm exec playwright install --with-deps	2026-10-08T03:59:42.2057744Z Get:9 http://azure.archive.ubuntu.com/ubuntu noble/main amd64 glib-networking-common all 2.80.0-1build1 [6702 B]
browser	Run pnpm exec playwright install --with-deps	2026-10-08T03:59:42.2692322Z Get:10 http://azure.archive.ubuntu.com/ubuntu noble/main amd64 glib-networking-services amd64 2.80.0-1build1 [12.8 kB]
browser	Run pnpm exec playwright install --with-deps	2026-10-08T03:59:42.3324707Z Get:11 http://azure.archive.ubuntu.com/ubuntu noble/main amd64 session-migration amd64 0.3.9build1 [9034 B]
browser	Run pnpm exec playwright install --with-deps	2026-10-08T03:59:42.3959535Z Get:12 http://azure.archive.ubuntu.com/ubuntu noble-updates/main amd64 gsettings-desktop-schemas all 46.1-0ubuntu1 [35.6 kB]
browser	Run pnpm exec playwright install --with-deps	2026-10-08T03:59:42.4595429Z Get:13 http://azure.archive.ubuntu.com/ubuntu noble/main amd64 glib-networking amd64 2.80.0-1build1 [64.1 kB]
browser	Run pnpm exec playwright install --with-deps	2026-10-08T03:59:42.5230825Z Get:14 http://azure.archive.ubuntu.com/ubuntu noble-updates/universe amd64 libva2 amd64 2.20.0-2ubuntu0.2 [66.4 kB]
browser	Run pnpm exec playwright install --with-deps	2026-10-08T03:59:42.5871203Z Get:15 http://azure.archive.ubuntu.com/ubuntu noble-updates/universe amd64 libva-drm2 amd64 2.20.0-2ubuntu0.2 [7124 B]
browser	Run pnpm exec playwright install --with-deps	2026-10-08T03:59:42.6512122Z Get:16 http://azure.archive.ubuntu.com/ubuntu noble-updates/universe amd64 libva-x11-2 amd64 2.20.0-2ubuntu0.2 [12.0 kB]
browser	Run pnpm exec playwright install --with-deps	2026-10-08T03:59:42.7153633Z Get:17 http://azure.archive.ubuntu.com/ubuntu noble/main amd64 libvdpau1 amd64 1.5-2build1 [27.8 kB]
browser	Run pnpm exec playwright install --with-deps	2026-10-08T03:59:42.7796963Z Get:18 http://azure.archive.ubuntu.com/ubuntu noble/universe amd64 libvpl2 amd64 2023.3.0-1build1 [99.8 kB]
browser	Run pnpm exec playwright install --with-deps	2026-10-08T03:59:42.8451443Z Get:19 http://azure.archive.ubuntu.com/ubuntu noble/universe amd64 ocl-icd-libopencl1 amd64 2.3.2-1build1 [38.5 kB]
browser	Run pnpm exec playwright install --with-deps	2026-10-08T03:59:42.9100106Z Get:20 http://azure.archive.ubuntu.com/ubuntu noble/universe amd64 libavutil58 amd64 7:6.1.1-3ubuntu5 [401 kB]
browser	Run pnpm exec playwright install --with-deps	2026-10-08T03:59:42.9785031Z Get:21 http://azure.archive.ubuntu.com/ubuntu noble/universe amd64 libcodec2-1.2 amd64 1.2.0-2build1 [8998 kB]
browser	Run pnpm exec playwright install --with-deps	2026-10-08T03:59:43.2222039Z Get:22 http://azure.archive.ubuntu.com/ubuntu noble/universe amd64 libdav1d7 amd64 1.4.1-1build1 [604 kB]
browser	Run pnpm exec playwright install --with-deps	2026-10-08T03:59:43.2968426Z Get:23 http://azure.archive.ubuntu.com/ubuntu noble/universe amd64 libgsm1 amd64 1.0.22-1build1 [27.8 kB]
browser	Run pnpm exec playwright install --with-deps	2026-10-08T03:59:43.3603384Z Get:24 http://azure.archive.ubuntu.com/ubuntu noble/universe amd64 libhwy1t64 amd64 1.0.7-8.1build1 [584 kB]
browser	Run pnpm exec playwright install --with-deps	2026-10-08T03:59:43.4348634Z Get:25 http://azure.archive.ubuntu.com/ubuntu noble-updates/universe amd64 libjxl0.7 amd64 0.7.0-10.2ubuntu6.1 [1001 kB]
browser	Run pnpm exec playwright install --with-deps	2026-10-08T03:59:43.5175860Z Get:26 http://azure.archive.ubuntu.com/ubuntu noble/main amd64 libmp3lame0 amd64 3.100-6build1 [142 kB]
browser	Run pnpm exec playwright install --with-deps	2026-10-08T03:59:43.5887229Z Get:27 http://azure.archive.ubuntu.com/ubuntu noble/main amd64 libopus0 amd64 1.4-1build1 [208 kB]
browser	Run pnpm exec playwright install --with-deps	2026-10-08T03:59:43.6558264Z Get:28 http://azure.archive.ubuntu.com/ubuntu noble/universe amd64 librav1e0 amd64 0.7.1-2 [1022 kB]
browser	Run pnpm exec playwright install --with-deps	2026-10-08T03:59:43.7388143Z Get:29 http://azure.archive.ubuntu.com/ubuntu noble-updates/main amd64 librsvg2-2 amd64 2.58.0+dfsg-1ubuntu0.1 [2141 kB]
browser	Run pnpm exec playwright install --with-deps	2026-10-08T03:59:43.8440968Z Get:30 http://azure.archive.ubuntu.com/ubuntu noble/universe amd64 libshine3 amd64 3.1.1-2build1 [23.2 kB]
browser	Run pnpm exec playwright install --with-deps	2026-10-08T03:59:43.9077374Z Get:31 http://azure.archive.ubuntu.com/ubuntu noble-updates/main amd64 libspeex1 amd64 1.2.1-2ubuntu2.24.04.1 [59.6 kB]
browser	Run pnpm exec playwright install --with-deps	2026-10-08T03:59:43.9714610Z Get:32 http://azure.archive.ubuntu.com/ubuntu noble/universe amd64 libsvtav1enc1d1 amd64 1.7.0+dfsg-2build1 [2425 kB]
browser	Run pnpm exec playwright install --with-deps	2026-10-08T03:59:44.0825563Z Get:33 http://azure.archive.ubuntu.com/ubuntu noble/universe amd64 libsoxr0 amd64 0.1.3-4build3 [80.0 kB]
browser	Run pnpm exec playwright install --with-deps	2026-10-08T03:59:44.1465153Z Get:34 http://azure.archive.ubuntu.com/ubuntu noble/universe amd64 libswresample4 amd64 7:6.1.1-3ubuntu5 [63.8 kB]
browser	Run pnpm exec playwright install --with-deps	2026-10-08T03:59:44.2103851Z Get:35 http://azure.archive.ubuntu.com/ubuntu noble/main amd64 libtheora0 amd64 1.1.1+dfsg.1-16.1build3 [211 kB]
browser	Run pnpm exec playwright install --with-deps	2026-10-08T03:59:44.2769617Z Get:36 http://azure.archive.ubuntu.com/ubuntu noble/main amd64 libtwolame0 amd64 0.4.0-2build3 [52.3 kB]
browser	Run pnpm exec playwright install --with-deps	2026-10-08T03:59:44.3422665Z Get:37 http://azure.archive.ubuntu.com/ubuntu noble/main amd64 libvorbisenc2 amd64 1.3.7-1build3 [80.8 kB]
browser	Run pnpm exec playwright install --with-deps	2026-10-08T03:59:44.4069529Z Get:38 http://azure.archive.ubuntu.com/ubuntu noble-updates/main amd64 libvpx9 amd64 1.14.0-1ubuntu2.3 [1143 kB]
browser	Run pnpm exec playwright install --with-deps	2026-10-08T03:59:44.4937439Z Get:39 http://azure.archive.ubuntu.com/ubuntu noble/universe amd64 libx264-164 amd64 2:0.164.3108+git31e19f9-1 [604 kB]
browser	Run pnpm exec playwright install --with-deps	2026-10-08T03:59:44.5695866Z Get:40 http://azure.archive.ubuntu.com/ubuntu noble/universe amd64 libx265-199 amd64 3.5-2build1 [1226 kB]
browser	Run pnpm exec playwright install --with-deps	2026-10-08T03:59:44.6574326Z Get:41 http://azure.archive.ubuntu.com/ubuntu noble/universe amd64 libxvidcore4 amd64 2:1.3.7-1build1 [219 kB]
browser	Run pnpm exec playwright install --with-deps	2026-10-08T03:59:44.7254565Z Get:42 http://azure.archive.ubuntu.com/ubuntu noble/universe amd64 libzvbi-common all 0.2.42-2 [42.4 kB]
browser	Run pnpm exec playwright install --with-deps	2026-10-08T03:59:44.7896933Z Get:43 http://azure.archive.ubuntu.com/ubuntu noble/universe amd64 libzvbi0t64 amd64 0.2.42-2 [261 kB]
browser	Run pnpm exec playwright install --with-deps	2026-10-08T03:59:44.8581251Z Get:44 http://azure.archive.ubuntu.com/ubuntu noble/universe amd64 libavcodec60 amd64 7:6.1.1-3ubuntu5 [5851 kB]
browser	Run pnpm exec playwright install --with-deps	2026-10-08T03:59:45.0412132Z Get:45 http://azure.archive.ubuntu.com/ubuntu noble-updates/main amd64 libfreetype6 amd64 2.13.2+dfsg-1ubuntu0.2 [403 kB]
browser	Run pnpm exec playwright install --with-deps	2026-10-08T03:59:45.1128748Z Get:46 http://azure.archive.ubuntu.com/ubuntu noble/universe amd64 libunibreak5 amd64 5.1-2build1 [25.0 kB]
browser	Run pnpm exec playwright install --with-deps	2026-10-08T03:59:45.1770005Z Get:47 http://azure.archive.ubuntu.com/ubuntu noble/universe amd64 libass9 amd64 1:0.17.1-2build1 [104 kB]
browser	Run pnpm exec playwright install --with-deps	2026-10-08T03:59:45.2427173Z Get:48 http://azure.archive.ubuntu.com/ubuntu noble/universe amd64 libudfread0 amd64 1.1.2-1build1 [19.0 kB]
browser	Run pnpm exec playwright install --with-deps	2026-10-08T03:59:45.3068321Z Get:49 http://azure.archive.ubuntu.com/ubuntu noble/universe amd64 libbluray2 amd64 1:1.3.4-1build1 [159 kB]
browser	Run pnpm exec playwright install --with-deps	2026-10-08T03:59:45.3731832Z Get:50 http://azure.archive.ubuntu.com/ubuntu noble/universe amd64 libchromaprint1 amd64 1.5.1-5 [30.5 kB]
browser	Run pnpm exec playwright install --with-deps	2026-10-08T03:59:45.4373787Z Get:51 http://azure.archive.ubuntu.com/ubuntu noble/universe amd64 libgme0 amd64 0.6.3-7build1 [134 kB]
browser	Run pnpm exec playwright install --with-deps	2026-10-08T03:59:45.5030109Z Get:52 http://azure.archive.ubuntu.com/ubuntu noble-updates/main amd64 libmpg123-0t64 amd64 1.32.5-1ubuntu1.1 [169 kB]
browser	Run pnpm exec playwright install --with-deps	2026-10-08T03:59:45.5700039Z Get:53 http://azure.archive.ubuntu.com/ubuntu noble/universe amd64 libopenmpt0t64 amd64 0.7.3-1.1build3 [647 kB]
browser	Run pnpm exec playwright install --with-deps	2026-10-08T03:59:45.6462678Z Get:54 http://azure.archive.ubuntu.com/ubuntu noble/universe amd64 libcjson1 amd64 1.7.17-1 [24.8 kB]
browser	Run pnpm exec playwright install --with-deps	2026-10-08T03:59:45.7103408Z Get:55 http://azure.archive.ubuntu.com/ubuntu noble/universe amd64 libmbedcrypto7t64 amd64 2.28.8-1 [209 kB]
browser	Run pnpm exec playwright install --with-deps	2026-10-08T03:59:45.7780413Z Get:56 http://azure.archive.ubuntu.com/ubuntu noble/universe amd64 librist4 amd64 0.2.10+dfsg-2 [74.9 kB]
browser	Run pnpm exec playwright install --with-deps	2026-10-08T03:59:45.8430530Z Get:57 http://azure.archive.ubuntu.com/ubuntu noble/universe amd64 libsrt1.5-gnutls amd64 1.5.3-1build2 [316 kB]
browser	Run pnpm exec playwright install --with-deps	2026-10-08T03:59:45.9129748Z Get:58 http://azure.archive.ubuntu.com/ubuntu noble-updates/main amd64 libssh-gcrypt-4 amd64 0.10.6-2ubuntu0.5 [226 kB]
browser	Run pnpm exec playwright install --with-deps	2026-10-08T03:59:45.9808811Z Get:59 http://azure.archive.ubuntu.com/ubuntu noble/universe amd64 libavformat60 amd64 7:6.1.1-3ubuntu5 [1153 kB]
browser	Run pnpm exec playwright install --with-deps	2026-10-08T03:59:46.0672554Z Get:60 http://azure.archive.ubuntu.com/ubuntu noble/universe amd64 libbs2b0 amd64 3.1.0+dfsg-7build1 [10.6 kB]
browser	Run pnpm exec playwright install --with-deps	2026-10-08T03:59:46.1311745Z Get:61 http://azure.archive.ubuntu.com/ubuntu noble/universe amd64 libflite1 amd64 2.2-6build3 [13.6 MB]
browser	Run pnpm exec playwright install --with-deps	2026-10-08T03:59:46.4726092Z Get:62 http://azure.archive.ubuntu.com/ubuntu noble/universe amd64 libserd-0-0 amd64 0.32.2-1 [43.6 kB]
browser	Run pnpm exec playwright install --with-deps	2026-10-08T03:59:46.5369201Z Get:63 http://azure.archive.ubuntu.com/ubuntu noble/universe amd64 libzix-0-0 amd64 0.4.2-2build1 [23.6 kB]
browser	Run pnpm exec playwright install --with-deps	2026-10-08T03:59:46.6023531Z Get:64 http://azure.archive.ubuntu.com/ubuntu noble/universe amd64 libsord-0-0 amd64 0.16.16-2build1 [15.8 kB]
browser	Run pnpm exec playwright install --with-deps	2026-10-08T03:59:46.6665866Z Get:65 http://azure.archive.ubuntu.com/ubuntu noble/universe amd64 libsratom-0-0 amd64 0.6.16-1build1 [17.3 kB]
browser	Run pnpm exec playwright install --with-deps	2026-10-08T03:59:46.7310934Z Get:66 http://azure.archive.ubuntu.com/ubuntu noble/universe amd64 liblilv-0-0 amd64 0.24.22-1build1 [41.0 kB]
browser	Run pnpm exec playwright install --with-deps	2026-10-08T03:59:46.7954091Z Get:67 http://azure.archive.ubuntu.com/ubuntu noble/universe amd64 libmysofa1 amd64 1.3.2+dfsg-2ubuntu2 [1158 kB]
browser	Run pnpm exec playwright install --with-deps	2026-10-08T03:59:46.8816705Z Get:68 http://azure.archive.ubuntu.com/ubuntu noble/universe amd64 libplacebo338 amd64 6.338.2-2build1 [2654 kB]
browser	Run pnpm exec playwright install --with-deps	2026-10-08T03:59:46.9986472Z Get:69 http://azure.archive.ubuntu.com/ubuntu noble-updates/main amd64 libblas3 amd64 3.12.0-3build1.1 [238 kB]
browser	Run pnpm exec playwright install --with-deps	2026-10-08T03:59:47.0671751Z Get:70 http://azure.archive.ubuntu.com/ubuntu noble-updates/main amd64 liblapack3 amd64 3.12.0-3build1.1 [2646 kB]
browser	Run pnpm exec playwright install --with-deps	2026-10-08T03:59:47.1841310Z Get:71 http://azure.archive.ubuntu.com/ubuntu noble/main amd64 libasyncns0 amd64 0.8-6build4 [11.3 kB]
browser	Run pnpm exec playwright install --with-deps	2026-10-08T03:59:47.2481582Z Get:72 http://azure.archive.ubuntu.com/ubuntu noble/main amd64 libflac12t64 amd64 1.4.3+ds-2.1ubuntu2 [197 kB]
browser	Run pnpm exec playwright install --with-deps	2026-10-08T03:59:47.3153938Z Get:73 http://azure.archive.ubuntu.com/ubuntu noble-updates/main amd64 libsndfile1 amd64 1.2.2-1ubuntu5.24.04.1 [209 kB]
browser	Run pnpm exec playwright install --with-deps	2026-10-08T03:59:47.3828039Z Get:74 http://azure.archive.ubuntu.com/ubuntu noble-updates/main amd64 libpulse0 amd64 1:16.1+dfsg1-2ubuntu10.1 [292 kB]
browser	Run pnpm exec playwright install --with-deps	2026-10-08T03:59:47.4522887Z Get:75 http://azure.archive.ubuntu.com/ubuntu noble/universe amd64 libsphinxbase3t64 amd64 0.8+5prealpha+1-17build2 [126 kB]
browser	Run pnpm exec playwright install --with-deps	2026-10-08T03:59:47.5184143Z Get:76 http://azure.archive.ubuntu.com/ubuntu noble/universe amd64 libpocketsphinx3 amd64 0.8.0+real5prealpha+1-15ubuntu5 [133 kB]
browser	Run pnpm exec playwright install --with-deps	2026-10-08T03:59:47.5843918Z Get:77 http://azure.archive.ubuntu.com/ubuntu noble/universe amd64 libpostproc57 amd64 7:6.1.1-3ubuntu5 [49.9 kB]
browser	Run pnpm exec playwright install --with-deps	2026-10-08T03:59:47.6486274Z Get:78 http://azure.archive.ubuntu.com/ubuntu noble/main amd64 libsamplerate0 amd64 0.2.2-4build1 [1344 kB]
browser	Run pnpm exec playwright install --with-deps	2026-10-08T03:59:47.7392080Z Get:79 http://azure.archive.ubuntu.com/ubuntu noble/universe amd64 librubberband2 amd64 3.3.0+dfsg-2build1 [130 kB]
browser	Run pnpm exec playwright install --with-deps	2026-10-08T03:59:47.8053721Z Get:80 http://azure.archive.ubuntu.com/ubuntu noble/universe amd64 libswscale7 amd64 7:6.1.1-3ubuntu5 [193 kB]
browser	Run pnpm exec playwright install --with-deps	2026-10-08T03:59:47.8725989Z Get:81 http://azure.archive.ubuntu.com/ubuntu noble/universe amd64 libvidstab1.1 amd64 1.1.0-2build1 [38.5 kB]
browser	Run pnpm exec playwright install --with-deps	2026-10-08T03:59:47.9368201Z Get:82 http://azure.archive.ubuntu.com/ubuntu noble/universe amd64 libzimg2 amd64 3.0.5+ds1-1build1 [254 kB]
browser	Run pnpm exec playwright install --with-deps	2026-10-08T03:59:48.0053938Z Get:83 http://azure.archive.ubuntu.com/ubuntu noble/universe amd64 libavfilter9 amd64 7:6.1.1-3ubuntu5 [4235 kB]
browser	Run pnpm exec playwright install --with-deps	2026-10-08T03:59:48.1552052Z Get:84 http://azure.archive.ubuntu.com/ubuntu noble-updates/main amd64 liborc-0.4-0t64 amd64 1:0.4.38-1ubuntu0.1 [207 kB]
browser	Run pnpm exec playwright install --with-deps	2026-10-08T03:59:48.2230148Z Get:85 http://azure.archive.ubuntu.com/ubuntu noble-updates/main amd64 libgstreamer-plugins-base1.0-0 amd64 1.24.2-1ubuntu0.5 [862 kB]
browser	Run pnpm exec playwright install --with-deps	2026-10-08T03:59:48.3039576Z Get:86 http://azure.archive.ubuntu.com/ubuntu noble/universe amd64 gstreamer1.0-libav amd64 1.24.1-1build1 [103 kB]
browser	Run pnpm exec playwright install --with-deps	2026-10-08T03:59:48.3690685Z Get:87 http://azure.archive.ubuntu.com/ubuntu noble/main amd64 libcdparanoia0 amd64 3.10.2+debian-14build3 [48.5 kB]
browser	Run pnpm exec playwright install --with-deps	2026-10-08T03:59:48.4333907Z Get:88 http://azure.archive.ubuntu.com/ubuntu noble/main amd64 libvisual-0.4-0 amd64 0.4.2-2build1 [115 kB]
browser	Run pnpm exec playwright install --with-deps	2026-10-08T03:59:48.4990505Z Get:89 http://azure.archive.ubuntu.com/ubuntu noble-updates/main amd64 gstreamer1.0-plugins-base amd64 1.24.2-1ubuntu0.5 [721 kB]
browser	Run pnpm exec playwright install --with-deps	2026-10-08T03:59:48.5773619Z Get:90 http://azure.archive.ubuntu.com/ubuntu noble/main amd64 libaa1 amd64 1.4p5-51.1 [49.9 kB]
browser	Run pnpm exec playwright install --with-deps	2026-10-08T03:59:48.6418226Z Get:91 http://azure.archive.ubuntu.com/ubuntu noble/main amd64 libraw1394-11 amd64 2.1.2-2build3 [26.2 kB]
browser	Run pnpm exec playwright install --with-deps	2026-10-08T03:59:48.7059589Z Get:92 http://azure.archive.ubuntu.com/ubuntu noble/main amd64 libavc1394-0 amd64 0.5.4-5build3 [15.4 kB]
browser	Run pnpm exec playwright install --with-deps	2026-10-08T03:59:48.7699332Z Get:93 http://azure.archive.ubuntu.com/ubuntu noble-updates/main amd64 libcaca0 amd64 0.99.beta20-4ubuntu0.2 [209 kB]
browser	Run pnpm exec playwright install --with-deps	2026-10-08T03:59:48.8371845Z Get:94 http://azure.archive.ubuntu.com/ubuntu noble/main amd64 libdv4t64 amd64 1.0.0-17.1build1 [63.2 kB]
browser	Run pnpm exec playwright install --with-deps	2026-10-08T03:59:48.9023759Z Get:95 http://azure.archive.ubuntu.com/ubuntu noble-updates/main amd64 libgstreamer-plugins-good1.0-0 amd64 1.24.2-1ubuntu1.8 [34.3 kB]
browser	Run pnpm exec playwright install --with-deps	2026-10-08T03:59:48.9664972Z Get:96 http://azure.archive.ubuntu.com/ubuntu noble/main amd64 libiec61883-0 amd64 1.2.0-6build1 [24.5 kB]
browser	Run pnpm exec playwright install --with-deps	2026-10-08T03:59:49.0301867Z Get:97 http://azure.archive.ubuntu.com/ubuntu noble/main amd64 libshout3 amd64 2.4.6-1build2 [50.3 kB]
browser	Run pnpm exec playwright install --with-deps	2026-10-08T03:59:49.0939467Z Get:98 http://azure.archive.ubuntu.com/ubuntu noble/main amd64 libtag1v5-vanilla amd64 1.13.1-1build1 [326 kB]
browser	Run pnpm exec playwright install --with-deps	2026-10-08T03:59:49.1590408Z Get:99 http://azure.archive.ubuntu.com/ubuntu noble/main amd64 libtag1v5 amd64 1.13.1-1build1 [11.7 kB]
browser	Run pnpm exec playwright install --with-deps	2026-10-08T03:59:49.2239745Z Get:100 http://azure.archive.ubuntu.com/ubuntu noble/main amd64 libv4lconvert0t64 amd64 1.26.1-4build3 [87.6 kB]
browser	Run pnpm exec playwright install --with-deps	2026-10-08T03:59:49.2877463Z Get:101 http://azure.archive.ubuntu.com/ubuntu noble/main amd64 libv4l-0t64 amd64 1.26.1-4build3 [46.9 kB]
browser	Run pnpm exec playwright install --with-deps	2026-10-08T03:59:49.3514282Z Get:102 http://azure.archive.ubuntu.com/ubuntu noble/main amd64 libwavpack1 amd64 5.6.0-1build1 [84.6 kB]
browser	Run pnpm exec playwright install --with-deps	2026-10-08T03:59:49.4165081Z Get:103 http://azure.archive.ubuntu.com/ubuntu noble-updates/main amd64 libsoup-3.0-common all 3.4.4-5ubuntu0.9 [12.3 kB]
browser	Run pnpm exec playwright install --with-deps	2026-10-08T03:59:49.4795695Z Get:104 http://azure.archive.ubuntu.com/ubuntu noble-updates/main amd64 libsoup-3.0-0 amd64 3.4.4-5ubuntu0.9 [291 kB]
browser	Run pnpm exec playwright install --with-deps	2026-10-08T03:59:49.5494518Z Get:105 http://azure.archive.ubuntu.com/ubuntu noble-updates/main amd64 gstreamer1.0-plugins-good amd64 1.24.2-1ubuntu1.8 [2236 kB]
browser	Run pnpm exec playwright install --with-deps	2026-10-08T03:59:49.6574628Z Get:106 http://azure.archive.ubuntu.com/ubuntu noble-updates/main amd64 libabsl20220623t64 amd64 20220623.1-3.1ubuntu3.2 [423 kB]
browser	Run pnpm exec playwright install --with-deps	2026-10-08T03:59:49.7297073Z Get:107 http://azure.archive.ubuntu.com/ubuntu noble/universe amd64 libgav1-1 amd64 0.18.0-1build3 [357 kB]
browser	Run pnpm exec playwright install --with-deps	2026-10-08T03:59:49.7994900Z Get:108 http://azure.archive.ubuntu.com/ubuntu noble/universe amd64 libyuv0 amd64 0.0~git202401110.af6ac82-1 [178 kB]
browser	Run pnpm exec playwright install --with-deps	2026-10-08T03:59:49.8667272Z Get:109 http://azure.archive.ubuntu.com/ubuntu noble/universe amd64 libavif16 amd64 1.0.4-1ubuntu3 [91.2 kB]
browser	Run pnpm exec playwright install --with-deps	2026-10-08T03:59:49.9320490Z Get:110 http://azure.archive.ubuntu.com/ubuntu noble/universe amd64 libavtp0 amd64 0.2.0-1build1 [6414 B]
browser	Run pnpm exec playwright install --with-deps	2026-10-08T03:59:49.9964387Z Get:111 http://azure.archive.ubuntu.com/ubuntu noble/main amd64 libcairo-script-interpreter2 amd64 1.18.0-3build1 [60.3 kB]
browser	Run pnpm exec playwright install --with-deps	2026-10-08T03:59:50.0614601Z Get:112 http://azure.archive.ubuntu.com/ubuntu noble/universe amd64 libdc1394-25 amd64 2.2.6-4build1 [90.1 kB]
browser	Run pnpm exec playwright install --with-deps	2026-10-08T03:59:50.1271116Z Get:113 http://azure.archive.ubuntu.com/ubuntu noble-updates/main amd64 libde265-0 amd64 1.0.15-1ubuntu0.1 [167 kB]
browser	Run pnpm exec playwright install --with-deps	2026-10-08T03:59:50.1940886Z Get:114 http://azure.archive.ubuntu.com/ubuntu noble/main amd64 libdecor-0-0 amd64 0.2.2-1build2 [16.5 kB]
browser	Run pnpm exec playwright install --with-deps	2026-10-08T03:59:50.2585580Z Get:115 http://azure.archive.ubuntu.com/ubuntu noble/main amd64 libgles2 amd64 1.7.0-1build1 [17.1 kB]
browser	Run pnpm exec playwright install --with-deps	2026-10-08T03:59:50.3229063Z Get:116 http://azure.archive.ubuntu.com/ubuntu noble/universe amd64 libdirectfb-1.7-7t64 amd64 1.7.7-11.1ubuntu2 [1035 kB]
browser	Run pnpm exec playwright install --with-deps	2026-10-08T03:59:50.4083210Z Get:117 http://azure.archive.ubuntu.com/ubuntu noble/universe amd64 libdvdread8t64 amd64 6.1.3-1.1build1 [54.7 kB]
browser	Run pnpm exec playwright install --with-deps	2026-10-08T03:59:50.4734274Z Get:118 http://azure.archive.ubuntu.com/ubuntu noble/universe amd64 libdvdnav4 amd64 6.1.1-3build1 [39.5 kB]
browser	Run pnpm exec playwright install --with-deps	2026-10-08T03:59:50.5380130Z Get:119 http://azure.archive.ubuntu.com/ubuntu noble-updates/main amd64 libgl1-mesa-dri amd64 25.2.8-0ubuntu0.24.04.4 [38.0 kB]
browser	Run pnpm exec playwright install --with-deps	2026-10-08T03:59:50.6023947Z Get:120 http://azure.archive.ubuntu.com/ubuntu noble-updates/main amd64 libglx-mesa0 amd64 25.2.8-0ubuntu0.24.04.4 [110 kB]
browser	Run pnpm exec playwright install --with-deps	2026-10-08T03:59:50.6690058Z Get:121 http://azure.archive.ubuntu.com/ubuntu noble-updates/main amd64 libgbm1 amd64 25.2.8-0ubuntu0.24.04.4 [34.2 kB]
browser	Run pnpm exec playwright install --with-deps	2026-10-08T03:59:50.7335625Z Get:122 http://azure.archive.ubuntu.com/ubuntu noble-updates/main amd64 mesa-libgallium amd64 25.2.8-0ubuntu0.24.04.4 [10.8 MB]
browser	Run pnpm exec playwright install --with-deps	2026-10-08T03:59:51.0218643Z Get:123 http://azure.archive.ubuntu.com/ubuntu noble-updates/main amd64 libegl-mesa0 amd64 25.2.8-0ubuntu0.24.04.4 [117 kB]
browser	Run pnpm exec playwright install --with-deps	2026-10-08T03:59:51.0878614Z Get:124 http://azure.archive.ubuntu.com/ubuntu noble-updates/main amd64 libevent-2.1-7t64 amd64 2.1.12-stable-9ubuntu2.2 [146 kB]
browser	Run pnpm exec playwright install --with-deps	2026-10-08T03:59:51.1543661Z Get:125 http://azure.archive.ubuntu.com/ubuntu noble-updates/main amd64 libevent-pthreads-2.1-7t64 amd64 2.1.12-stable-9ubuntu2.2 [7988 B]
browser	Run pnpm exec playwright install --with-deps	2026-10-08T03:59:51.2185731Z Get:126 http://azure.archive.ubuntu.com/ubuntu noble-updates/main amd64 libevent-core-2.1-7t64 amd64 2.1.12-stable-9ubuntu2.2 [91.9 kB]
browser	Run pnpm exec playwright install --with-deps	2026-10-08T03:59:51.2839878Z Get:127 http://azure.archive.ubuntu.com/ubuntu noble/universe amd64 libfaad2 amd64 2.11.1-1build1 [207 kB]
browser	Run pnpm exec playwright install --with-deps	2026-10-08T03:59:51.3518054Z Get:128 http://azure.archive.ubuntu.com/ubuntu noble/universe amd64 libinstpatch-1.0-2 amd64 1.1.6-1build2 [251 kB]
browser	Run pnpm exec playwright install --with-deps	2026-10-08T03:59:51.4284961Z Get:129 http://azure.archive.ubuntu.com/ubuntu noble/main amd64 libjack-jackd2-0 amd64 1.9.21~dfsg-3ubuntu3 [289 kB]
browser	Run pnpm exec playwright install --with-deps	2026-10-08T03:59:51.5066463Z Get:130 http://azure.archive.ubuntu.com/ubuntu noble/main amd64 libwebrtc-audio-processing1 amd64 0.3.1-0ubuntu6 [290 kB]
browser	Run pnpm exec playwright install --with-deps	2026-10-08T03:59:51.5855163Z Get:131 http://azure.archive.ubuntu.com/ubuntu noble-updates/main amd64 libspa-0.2-modules amd64 1.0.5-1ubuntu3.3 [628 kB]
browser	Run pnpm exec playwright install --with-deps	2026-10-08T03:59:51.6814646Z Get:132 http://azure.archive.ubuntu.com/ubuntu noble-updates/main amd64 libpipewire-0.3-0t64 amd64 1.0.5-1ubuntu3.3 [252 kB]
browser	Run pnpm exec playwright install --with-deps	2026-10-08T03:59:51.7581989Z Get:133 http://azure.archive.ubuntu.com/ubuntu noble-updates/main amd64 libsdl2-2.0-0 amd64 2.30.0+dfsg-1ubuntu3.1 [686 kB]
browser	Run pnpm exec playwright install --with-deps	2026-10-08T03:59:51.8576747Z Get:134 http://azure.archive.ubuntu.com/ubuntu noble/universe amd64 timgm6mb-soundfont all 1.3-5 [5427 kB]
browser	Run pnpm exec playwright install --with-deps	2026-10-08T03:59:52.1291423Z Get:135 http://azure.archive.ubuntu.com/ubuntu noble/universe amd64 libfluidsynth3 amd64 2.3.4-1build3 [249 kB]
browser	Run pnpm exec playwright install --with-deps	2026-10-08T03:59:52.1952663Z Get:136 http://azure.archive.ubuntu.com/ubuntu noble/main amd64 libfreeaptx0 amd64 0.1.1-2build1 [13.5 kB]
browser	Run pnpm exec playwright install --with-deps	2026-10-08T03:59:52.2593218Z Get:137 http://azure.archive.ubuntu.com/ubuntu noble/main amd64 libgraphene-1.0-0 amd64 1.10.8-3build2 [46.2 kB]
browser	Run pnpm exec playwright install --with-deps	2026-10-08T03:59:52.3235064Z Get:138 http://azure.archive.ubuntu.com/ubuntu noble/main amd64 libgssdp-1.6-0 amd64 1.6.3-1build3 [40.4 kB]
browser	Run pnpm exec playwright install --with-deps	2026-10-08T03:59:52.3881037Z Get:139 http://azure.archive.ubuntu.com/ubuntu noble/main amd64 libegl1 amd64 1.7.0-1build1 [28.7 kB]
browser	Run pnpm exec playwright install --with-deps	2026-10-08T03:59:52.4524285Z Get:140 http://azure.archive.ubuntu.com/ubuntu noble-updates/main amd64 libgstreamer-gl1.0-0 amd64 1.24.2-1ubuntu0.5 [214 kB]
browser	Run pnpm exec playwright install --with-deps	2026-10-08T03:59:52.5180572Z Get:141 http://azure.archive.ubuntu.com/ubuntu noble-updates/main amd64 libgtk-4-common all 4.14.5+ds-0ubuntu0.10 [1497 kB]
browser	Run pnpm exec playwright install --with-deps	2026-10-08T03:59:52.5948046Z Get:142 http://azure.archive.ubuntu.com/ubuntu noble-updates/main amd64 libgtk-4-1 amd64 4.14.5+ds-0ubuntu0.10 [3295 kB]
browser	Run pnpm exec playwright install --with-deps	2026-10-08T03:59:52.7240589Z Get:143 http://azure.archive.ubuntu.com/ubuntu noble/main amd64 libgupnp-1.6-0 amd64 1.6.6-1build3 [92.7 kB]
browser	Run pnpm exec playwright install --with-deps	2026-10-08T03:59:52.7885494Z Get:144 http://azure.archive.ubuntu.com/ubuntu noble/universe amd64 libgupnp-igd-1.6-0 amd64 1.6.0-3build3 [16.5 kB]
browser	Run pnpm exec playwright install --with-deps	2026-10-08T03:59:52.8527451Z Get:145 http://azure.archive.ubuntu.com/ubuntu noble/main amd64 libharfbuzz-icu0 amd64 8.3.0-2build2 [13.3 kB]
browser	Run pnpm exec playwright install --with-deps	2026-10-08T03:59:52.9169011Z Get:146 http://azure.archive.ubuntu.com/ubuntu noble/main amd64 libhyphen0 amd64 2.8.8-7build3 [26.5 kB]
browser	Run pnpm exec playwright install --with-deps	2026-10-08T03:59:52.9822458Z Get:147 http://azure.archive.ubuntu.com/ubuntu noble/universe amd64 libimath-3-1-29t64 amd64 3.1.9-3.1ubuntu2 [72.2 kB]
browser	Run pnpm exec playwright install --with-deps	2026-10-08T03:59:53.0467050Z Get:148 http://azure.archive.ubuntu.com/ubuntu noble/main amd64 liblc3-1 amd64 1.0.4-3build1 [69.7 kB]
browser	Run pnpm exec playwright install --with-deps	2026-10-08T03:59:53.1111718Z Get:149 http://azure.archive.ubuntu.com/ubuntu noble/main amd64 libldacbt-enc2 amd64 2.0.2.3+git20200429+ed310a0-4ubuntu2 [27.1 kB]
browser	Run pnpm exec playwright install --with-deps	2026-10-08T03:59:53.1754825Z Get:150 http://azure.archive.ubuntu.com/ubuntu noble-updates/main amd64 libraptor2-0 amd64 2.0.16-3ubuntu0.1 [165 kB]
browser	Run pnpm exec playwright install --with-deps	2026-10-08T03:59:53.2404013Z Get:151 http://azure.archive.ubuntu.com/ubuntu noble/universe amd64 liblrdf0 amd64 0.6.1-4build1 [18.5 kB]
browser	Run pnpm exec playwright install --with-deps	2026-10-08T03:59:53.3046541Z Get:152 http://azure.archive.ubuntu.com/ubuntu noble/universe amd64 libltc11 amd64 1.3.2-1build1 [13.0 kB]
browser	Run pnpm exec playwright install --with-deps	2026-10-08T03:59:53.3687341Z Get:153 http://azure.archive.ubuntu.com/ubuntu noble/main amd64 libmanette-0.2-0 amd64 0.2.7-1build2 [30.6 kB]
browser	Run pnpm exec playwright install --with-deps	2026-10-08T03:59:53.4328736Z Get:154 http://azure.archive.ubuntu.com/ubuntu noble/universe amd64 libmfx1 amd64 22.5.4-1 [3124 kB]
browser	Run pnpm exec playwright install --with-deps	2026-10-08T03:59:53.5184166Z Get:155 http://azure.archive.ubuntu.com/ubuntu noble/universe amd64 libmjpegutils-2.1-0t64 amd64 1:2.1.0+debian-8.1build1 [25.5 kB]
browser	Run pnpm exec playwright install --with-deps	2026-10-08T03:59:53.5830850Z Get:156 http://azure.archive.ubuntu.com/ubuntu noble/universe amd64 libmodplug1 amd64 1:0.8.9.0-3build1 [166 kB]
browser	Run pnpm exec playwright install --with-deps	2026-10-08T03:59:53.6491088Z Get:157 http://azure.archive.ubuntu.com/ubuntu noble/universe amd64 libmpcdec6 amd64 2:0.1~r495-2build1 [32.7 kB]
browser	Run pnpm exec playwright install --with-deps	2026-10-08T03:59:53.7129012Z Get:158 http://azure.archive.ubuntu.com/ubuntu noble/universe amd64 libmpeg2encpp-2.1-0t64 amd64 1:2.1.0+debian-8.1build1 [75.6 kB]
browser	Run pnpm exec playwright install --with-deps	2026-10-08T03:59:53.7770482Z Get:159 http://azure.archive.ubuntu.com/ubuntu noble/universe amd64 libmplex2-2.1-0t64 amd64 1:2.1.0+debian-8.1build1 [46.1 kB]
browser	Run pnpm exec playwright install --with-deps	2026-10-08T03:59:53.8406785Z Get:160 http://azure.archive.ubuntu.com/ubuntu noble/universe amd64 libneon27t64 amd64 0.33.0-1.1build3 [102 kB]
browser	Run pnpm exec playwright install --with-deps	2026-10-08T03:59:53.9053368Z Get:161 http://azure.archive.ubuntu.com/ubuntu noble/universe amd64 libnice10 amd64 0.1.21-2build3 [157 kB]
browser	Run pnpm exec playwright install --with-deps	2026-10-08T03:59:53.9711375Z Get:162 http://azure.archive.ubuntu.com/ubuntu noble/universe amd64 libopenal-data all 1:1.23.1-4build1 [161 kB]
browser	Run pnpm exec playwright install --with-deps	2026-10-08T03:59:54.0381348Z Get:163 http://azure.archive.ubuntu.com/ubuntu noble/universe amd64 libopenexr-3-1-30 amd64 3.1.5-5.1build3 [1004 kB]
browser	Run pnpm exec playwright install --with-deps	2026-10-08T03:59:54.1090203Z Get:164 http://azure.archive.ubuntu.com/ubuntu noble/universe amd64 libopenh264-7 amd64 2.4.1+dfsg-1 [409 kB]
browser	Run pnpm exec playwright install --with-deps	2026-10-08T03:59:54.1760298Z Get:165 http://azure.archive.ubuntu.com/ubuntu noble/universe amd64 libopenni2-0 amd64 2.2.0.33+dfsg-18 [370 kB]
browser	Run pnpm exec playwright install --with-deps	2026-10-08T03:59:54.2427070Z Get:166 http://azure.archive.ubuntu.com/ubuntu noble/universe amd64 libqrencode4 amd64 4.1.1-1build2 [25.0 kB]
browser	Run pnpm exec playwright install --with-deps	2026-10-08T03:59:54.3074345Z Get:167 http://azure.archive.ubuntu.com/ubuntu noble/main amd64 libsecret-common all 0.21.4-1build3 [4962 B]
browser	Run pnpm exec playwright install --with-deps	2026-10-08T03:59:54.3731216Z Get:168 http://azure.archive.ubuntu.com/ubuntu noble/main amd64 libsecret-1-0 amd64 0.21.4-1build3 [116 kB]
browser	Run pnpm exec playwright install --with-deps	2026-10-08T03:59:54.4380073Z Get:169 http://azure.archive.ubuntu.com/ubuntu noble/universe amd64 libsndio7.0 amd64 1.9.0-0.3build3 [29.6 kB]
browser	Run pnpm exec playwright install --with-deps	2026-10-08T03:59:54.5024595Z Get:170 http://azure.archive.ubuntu.com/ubuntu noble/universe amd64 libsoundtouch1 amd64 2.3.2+ds1-1build1 [60.5 kB]
browser	Run pnpm exec playwright install --with-deps	2026-10-08T03:59:54.5671143Z Get:171 http://azure.archive.ubuntu.com/ubuntu noble/universe amd64 libspandsp2t64 amd64 0.0.6+dfsg-2.1build1 [311 kB]
browser	Run pnpm exec playwright install --with-deps	2026-10-08T03:59:54.6336672Z Get:172 http://azure.archive.ubuntu.com/ubuntu noble/universe amd64 libsrtp2-1 amd64 2.5.0-3build1 [41.9 kB]
browser	Run pnpm exec playwright install --with-deps	2026-10-08T03:59:54.6982600Z Get:173 http://azure.archive.ubuntu.com/ubuntu noble/main amd64 libwayland-server0 amd64 1.22.0-2.1build1 [33.9 kB]
browser	Run pnpm exec playwright install --with-deps	2026-10-08T03:59:54.7629508Z Get:174 http://azure.archive.ubuntu.com/ubuntu noble/universe amd64 libwildmidi2 amd64 0.4.3-1build3 [68.5 kB]
browser	Run pnpm exec playwright install --with-deps	2026-10-08T03:59:54.8275851Z Get:175 http://azure.archive.ubuntu.com/ubuntu noble/main amd64 libwoff1 amd64 1.0.2-2build1 [45.3 kB]
browser	Run pnpm exec playwright install --with-deps	2026-10-08T03:59:54.8929435Z Get:176 http://azure.archive.ubuntu.com/ubuntu noble/main amd64 libxcb-xkb1 amd64 1.15-1ubuntu2 [32.3 kB]
browser	Run pnpm exec playwright install --with-deps	2026-10-08T03:59:54.9563014Z Get:177 http://azure.archive.ubuntu.com/ubuntu noble/main amd64 libxkbcommon-x11-0 amd64 1.6.0-1build1 [14.5 kB]
browser	Run pnpm exec playwright install --with-deps	2026-10-08T03:59:55.0198625Z Get:178 http://azure.archive.ubuntu.com/ubuntu noble/universe amd64 libzbar0t64 amd64 0.23.93-4build3 [123 kB]
browser	Run pnpm exec playwright install --with-deps	2026-10-08T03:59:55.0860025Z Get:179 http://azure.archive.ubuntu.com/ubuntu noble/universe amd64 libzxing3 amd64 2.2.1-3 [583 kB]
browser	Run pnpm exec playwright install --with-deps	2026-10-08T03:59:55.1605150Z Get:180 http://azure.archive.ubuntu.com/ubuntu noble/main amd64 xfonts-encodings all 1:1.0.5-0ubuntu2 [578 kB]
browser	Run pnpm exec playwright install --with-deps	2026-10-08T03:59:55.2349398Z Get:181 http://azure.archive.ubuntu.com/ubuntu noble/main amd64 xfonts-utils amd64 1:7.7+6build3 [94.4 kB]
browser	Run pnpm exec playwright install --with-deps	2026-10-08T03:59:55.2990181Z Get:182 http://azure.archive.ubuntu.com/ubuntu noble/universe amd64 xfonts-cyrillic all 1:1.0.5+nmu1 [384 kB]
browser	Run pnpm exec playwright install --with-deps	2026-10-08T03:59:55.3668276Z Get:183 http://azure.archive.ubuntu.com/ubuntu noble/main amd64 xfonts-scalable all 1:1.0.3-1.3 [304 kB]
browser	Run pnpm exec playwright install --with-deps	2026-10-08T03:59:55.4339223Z Get:184 http://azure.archive.ubuntu.com/ubuntu noble/universe amd64 libgstreamer-plugins-bad1.0-0 amd64 1.24.2-1ubuntu4 [797 kB]
browser	Run pnpm exec playwright install --with-deps	2026-10-08T03:59:55.5070411Z Get:185 http://azure.archive.ubuntu.com/ubuntu noble/universe amd64 libdca0 amd64 0.0.7-2build1 [93.8 kB]
browser	Run pnpm exec playwright install --with-deps	2026-10-08T03:59:55.5712521Z Get:186 http://azure.archive.ubuntu.com/ubuntu noble/universe amd64 libopenal1 amd64 1:1.23.1-4build1 [540 kB]
browser	Run pnpm exec playwright install --with-deps	2026-10-08T03:59:55.6411609Z Get:187 http://azure.archive.ubuntu.com/ubuntu noble/main amd64 libsbc1 amd64 2.0-1build1 [33.9 kB]
browser	Run pnpm exec playwright install --with-deps	2026-10-08T03:59:55.7047176Z Get:188 http://azure.archive.ubuntu.com/ubuntu noble/universe amd64 libvo-aacenc0 amd64 0.1.3-2build1 [67.8 kB]
browser	Run pnpm exec playwright install --with-deps	2026-10-08T03:59:55.7688237Z Get:189 http://azure.archive.ubuntu.com/ubuntu noble/universe amd64 libvo-amrwbenc0 amd64 0.1.3-2build1 [76.7 kB]
browser	Run pnpm exec playwright install --with-deps	2026-10-08T03:59:55.8336342Z Get:190 http://azure.archive.ubuntu.com/ubuntu noble/universe amd64 gstreamer1.0-plugins-bad amd64 1.24.2-1ubuntu4 [3081 kB]
browser	Run pnpm exec playwright install --with-deps	2026-10-08T03:59:56.2136392Z Fetched 126 MB in 15s (8615 kB/s)
browser	Run pnpm exec playwright install --with-deps	2026-10-08T03:59:56.2339284Z Selecting previously unselected package fonts-ipafont-gothic.
browser	Run pnpm exec playwright install --with-deps	2026-10-08T03:59:56.2617739Z (Reading database ... 
browser	Run pnpm exec playwright install --with-deps	2026-10-08T03:59:56.2618213Z (Reading database ... 5%
browser	Run pnpm exec playwright install --with-deps	2026-10-08T03:59:56.2618738Z (Reading database ... 10%
browser	Run pnpm exec playwright install --with-deps	2026-10-08T03:59:56.2619095Z (Reading database ... 15%
browser	Run pnpm exec playwright install --with-deps	2026-10-08T03:59:56.2619339Z (Reading database ... 20%
browser	Run pnpm exec playwright install --with-deps	2026-10-08T03:59:56.2619535Z (Reading database ... 25%
browser	Run pnpm exec playwright install --with-deps	2026-10-08T03:59:56.2619728Z (Reading database ... 30%
browser	Run pnpm exec playwright install --with-deps	2026-10-08T03:59:56.2619926Z (Reading database ... 35%
browser	Run pnpm exec playwright install --with-deps	2026-10-08T03:59:56.2620115Z (Reading database ... 40%
browser	Run pnpm exec playwright install --with-deps	2026-10-08T03:59:56.2620309Z (Reading database ... 45%
browser	Run pnpm exec playwright install --with-deps	2026-10-08T03:59:56.2620497Z (Reading database ... 50%
browser	Run pnpm exec playwright install --with-deps	2026-10-08T03:59:56.2732381Z (Reading database ... 55%
browser	Run pnpm exec playwright install --with-deps	2026-10-08T03:59:56.3963275Z (Reading database ... 60%
browser	Run pnpm exec playwright install --with-deps	2026-10-08T03:59:56.6004029Z (Reading database ... 65%
browser	Run pnpm exec playwright install --with-deps	2026-10-08T03:59:56.7885622Z (Reading database ... 70%
browser	Run pnpm exec playwright install --with-deps	2026-10-08T03:59:57.0221526Z (Reading database ... 75%
browser	Run pnpm exec playwright install --with-deps	2026-10-08T03:59:57.1488727Z (Reading database ... 80%
browser	Run pnpm exec playwright install --with-deps	2026-10-08T03:59:57.3400170Z (Reading database ... 85%
browser	Run pnpm exec playwright install --with-deps	2026-10-08T03:59:57.5654943Z (Reading database ... 90%
browser	Run pnpm exec playwright install --with-deps	2026-10-08T03:59:57.7034646Z (Reading database ... 95%
browser	Run pnpm exec playwright install --with-deps	2026-10-08T03:59:57.7035123Z (Reading database ... 100%
browser	Run pnpm exec playwright install --with-deps	2026-10-08T03:59:57.7035720Z (Reading database ... 202296 files and directories currently installed.)
browser	Run pnpm exec playwright install --with-deps	2026-10-08T03:59:57.7075958Z Preparing to unpack .../000-fonts-ipafont-gothic_00303-21ubuntu1_all.deb ...
browser	Run pnpm exec playwright install --with-deps	2026-10-08T03:59:57.7219581Z Unpacking fonts-ipafont-gothic (00303-21ubuntu1) ...
browser	Run pnpm exec playwright install --with-deps	2026-10-08T03:59:57.9570806Z Preparing to unpack .../001-libpng16-16t64_1.6.43-5ubuntu0.7_amd64.deb ...
browser	Run pnpm exec playwright install --with-deps	2026-10-08T03:59:57.9594125Z Unpacking libpng16-16t64:amd64 (1.6.43-5ubuntu0.7) over (1.6.43-5ubuntu0.6) ...
browser	Run pnpm exec playwright install --with-deps	2026-10-08T03:59:58.2086057Z Selecting previously unselected package fonts-freefont-ttf.
browser	Run pnpm exec playwright install --with-deps	2026-10-08T03:59:58.2201290Z Preparing to unpack .../002-fonts-freefont-ttf_20211204+svn4273-2_all.deb ...
browser	Run pnpm exec playwright install --with-deps	2026-10-08T03:59:58.2205954Z Unpacking fonts-freefont-ttf (20211204+svn4273-2) ...
browser	Run pnpm exec playwright install --with-deps	2026-10-08T03:59:58.3036881Z Selecting previously unselected package fonts-tlwg-loma-otf.
browser	Run pnpm exec playwright install --with-deps	2026-10-08T03:59:58.3146739Z Preparing to unpack .../003-fonts-tlwg-loma-otf_1%3a0.7.3-1_all.deb ...
browser	Run pnpm exec playwright install --with-deps	2026-10-08T03:59:58.3151937Z Unpacking fonts-tlwg-loma-otf (1:0.7.3-1) ...
browser	Run pnpm exec playwright install --with-deps	2026-10-08T03:59:58.3311897Z Selecting previously unselected package fonts-unifont.
browser	Run pnpm exec playwright install --with-deps	2026-10-08T03:59:58.3415788Z Preparing to unpack .../004-fonts-unifont_1%3a15.1.01-1build1_all.deb ...
browser	Run pnpm exec playwright install --with-deps	2026-10-08T03:59:58.3421405Z Unpacking fonts-unifont (1:15.1.01-1build1) ...
browser	Run pnpm exec playwright install --with-deps	2026-10-08T03:59:58.5581462Z Selecting previously unselected package fonts-wqy-zenhei.
browser	Run pnpm exec playwright install --with-deps	2026-10-08T03:59:58.5690778Z Preparing to unpack .../005-fonts-wqy-zenhei_0.9.45-8_all.deb ...
browser	Run pnpm exec playwright install --with-deps	2026-10-08T03:59:58.5771399Z Unpacking fonts-wqy-zenhei (0.9.45-8) ...
browser	Run pnpm exec playwright install --with-deps	2026-10-08T03:59:59.0163797Z Selecting previously unselected package libproxy1v5:amd64.
browser	Run pnpm exec playwright install --with-deps	2026-10-08T03:59:59.0274843Z Preparing to unpack .../006-libproxy1v5_0.5.4-4build1_amd64.deb ...
browser	Run pnpm exec playwright install --with-deps	2026-10-08T03:59:59.0279627Z Unpacking libproxy1v5:amd64 (0.5.4-4build1) ...
browser	Run pnpm exec playwright install --with-deps	2026-10-08T03:59:59.0643005Z Selecting previously unselected package glib-networking-common.
browser	Run pnpm exec playwright install --with-deps	2026-10-08T03:59:59.0753160Z Preparing to unpack .../007-glib-networking-common_2.80.0-1build1_all.deb ...
browser	Run pnpm exec playwright install --with-deps	2026-10-08T03:59:59.0759315Z Unpacking glib-networking-common (2.80.0-1build1) ...
browser	Run pnpm exec playwright install --with-deps	2026-10-08T03:59:59.0918386Z Selecting previously unselected package glib-networking-services.
browser	Run pnpm exec playwright install --with-deps	2026-10-08T03:59:59.1024809Z Preparing to unpack .../008-glib-networking-services_2.80.0-1build1_amd64.deb ...
browser	Run pnpm exec playwright install --with-deps	2026-10-08T03:59:59.1030130Z Unpacking glib-networking-services (2.80.0-1build1) ...
browser	Run pnpm exec playwright install --with-deps	2026-10-08T03:59:59.1196041Z Selecting previously unselected package session-migration.
browser	Run pnpm exec playwright install --with-deps	2026-10-08T03:59:59.1301719Z Preparing to unpack .../009-session-migration_0.3.9build1_amd64.deb ...
browser	Run pnpm exec playwright install --with-deps	2026-10-08T03:59:59.1307206Z Unpacking session-migration (0.3.9build1) ...
browser	Run pnpm exec playwright install --with-deps	2026-10-08T03:59:59.1483697Z Selecting previously unselected package gsettings-desktop-schemas.
browser	Run pnpm exec playwright install --with-deps	2026-10-08T03:59:59.1586581Z Preparing to unpack .../010-gsettings-desktop-schemas_46.1-0ubuntu1_all.deb ...
browser	Run pnpm exec playwright install --with-deps	2026-10-08T03:59:59.1591880Z Unpacking gsettings-desktop-schemas (46.1-0ubuntu1) ...
browser	Run pnpm exec playwright install --with-deps	2026-10-08T03:59:59.1985754Z Selecting previously unselected package glib-networking:amd64.
browser	Run pnpm exec playwright install --with-deps	2026-10-08T03:59:59.2092548Z Preparing to unpack .../011-glib-networking_2.80.0-1build1_amd64.deb ...
browser	Run pnpm exec playwright install --with-deps	2026-10-08T03:59:59.2129152Z Unpacking glib-networking:amd64 (2.80.0-1build1) ...
browser	Run pnpm exec playwright install --with-deps	2026-10-08T03:59:59.2708150Z Selecting previously unselected package libva2:amd64.
browser	Run pnpm exec playwright install --with-deps	2026-10-08T03:59:59.2814757Z Preparing to unpack .../012-libva2_2.20.0-2ubuntu0.2_amd64.deb ...
browser	Run pnpm exec playwright install --with-deps	2026-10-08T03:59:59.2820429Z Unpacking libva2:amd64 (2.20.0-2ubuntu0.2) ...
browser	Run pnpm exec playwright install --with-deps	2026-10-08T03:59:59.2986065Z Selecting previously unselected package libva-drm2:amd64.
browser	Run pnpm exec playwright install --with-deps	2026-10-08T03:59:59.3091174Z Preparing to unpack .../013-libva-drm2_2.20.0-2ubuntu0.2_amd64.deb ...
browser	Run pnpm exec playwright install --with-deps	2026-10-08T03:59:59.3096587Z Unpacking libva-drm2:amd64 (2.20.0-2ubuntu0.2) ...
browser	Run pnpm exec playwright install --with-deps	2026-10-08T03:59:59.3255655Z Selecting previously unselected package libva-x11-2:amd64.
browser	Run pnpm exec playwright install --with-deps	2026-10-08T03:59:59.3357829Z Preparing to unpack .../014-libva-x11-2_2.20.0-2ubuntu0.2_amd64.deb ...
browser	Run pnpm exec playwright install --with-deps	2026-10-08T03:59:59.3363849Z Unpacking libva-x11-2:amd64 (2.20.0-2ubuntu0.2) ...
browser	Run pnpm exec playwright install --with-deps	2026-10-08T03:59:59.3525282Z Selecting previously unselected package libvdpau1:amd64.
browser	Run pnpm exec playwright install --with-deps	2026-10-08T03:59:59.3627747Z Preparing to unpack .../015-libvdpau1_1.5-2build1_amd64.deb ...
browser	Run pnpm exec playwright install --with-deps	2026-10-08T03:59:59.3723274Z Unpacking libvdpau1:amd64 (1.5-2build1) ...
browser	Run pnpm exec playwright install --with-deps	2026-10-08T03:59:59.3886774Z Selecting previously unselected package libvpl2.
browser	Run pnpm exec playwright install --with-deps	2026-10-08T03:59:59.3993867Z Preparing to unpack .../016-libvpl2_2023.3.0-1build1_amd64.deb ...
browser	Run pnpm exec playwright install --with-deps	2026-10-08T03:59:59.3999295Z Unpacking libvpl2 (2023.3.0-1build1) ...
browser	Run pnpm exec playwright install --with-deps	2026-10-08T03:59:59.4170064Z Selecting previously unselected package ocl-icd-libopencl1:amd64.
browser	Run pnpm exec playwright install --with-deps	2026-10-08T03:59:59.4275823Z Preparing to unpack .../017-ocl-icd-libopencl1_2.3.2-1build1_amd64.deb ...
browser	Run pnpm exec playwright install --with-deps	2026-10-08T03:59:59.4281523Z Unpacking ocl-icd-libopencl1:amd64 (2.3.2-1build1) ...
browser	Run pnpm exec playwright install --with-deps	2026-10-08T03:59:59.4492937Z Selecting previously unselected package libavutil58:amd64.
browser	Run pnpm exec playwright install --with-deps	2026-10-08T03:59:59.4598248Z Preparing to unpack .../018-libavutil58_7%3a6.1.1-3ubuntu5_amd64.deb ...
browser	Run pnpm exec playwright install --with-deps	2026-10-08T03:59:59.4603752Z Unpacking libavutil58:amd64 (7:6.1.1-3ubuntu5) ...
browser	Run pnpm exec playwright install --with-deps	2026-10-08T03:59:59.4961108Z Selecting previously unselected package libcodec2-1.2:amd64.
browser	Run pnpm exec playwright install --with-deps	2026-10-08T03:59:59.5066486Z Preparing to unpack .../019-libcodec2-1.2_1.2.0-2build1_amd64.deb ...
browser	Run pnpm exec playwright install --with-deps	2026-10-08T03:59:59.5071900Z Unpacking libcodec2-1.2:amd64 (1.2.0-2build1) ...
browser	Run pnpm exec playwright install --with-deps	2026-10-08T03:59:59.6877928Z Selecting previously unselected package libdav1d7:amd64.
browser	Run pnpm exec playwright install --with-deps	2026-10-08T03:59:59.6990312Z Preparing to unpack .../020-libdav1d7_1.4.1-1build1_amd64.deb ...
browser	Run pnpm exec playwright install --with-deps	2026-10-08T03:59:59.6996562Z Unpacking libdav1d7:amd64 (1.4.1-1build1) ...
browser	Run pnpm exec playwright install --with-deps	2026-10-08T03:59:59.7209837Z Selecting previously unselected package libgsm1:amd64.
browser	Run pnpm exec playwright install --with-deps	2026-10-08T03:59:59.7320085Z Preparing to unpack .../021-libgsm1_1.0.22-1build1_amd64.deb ...
browser	Run pnpm exec playwright install --with-deps	2026-10-08T03:59:59.7325393Z Unpacking libgsm1:amd64 (1.0.22-1build1) ...
browser	Run pnpm exec playwright install --with-deps	2026-10-08T03:59:59.7510767Z Selecting previously unselected package libhwy1t64:amd64.
browser	Run pnpm exec playwright install --with-deps	2026-10-08T03:59:59.7600868Z Preparing to unpack .../022-libhwy1t64_1.0.7-8.1build1_amd64.deb ...
browser	Run pnpm exec playwright install --with-deps	2026-10-08T03:59:59.7607113Z Unpacking libhwy1t64:amd64 (1.0.7-8.1build1) ...
browser	Run pnpm exec playwright install --with-deps	2026-10-08T03:59:59.9298085Z Selecting previously unselected package libjxl0.7:amd64.
browser	Run pnpm exec playwright install --with-deps	2026-10-08T03:59:59.9407224Z Preparing to unpack .../023-libjxl0.7_0.7.0-10.2ubuntu6.1_amd64.deb ...
browser	Run pnpm exec playwright install --with-deps	2026-10-08T04:00:00.1846516Z Unpacking libjxl0.7:amd64 (0.7.0-10.2ubuntu6.1) ...
browser	Run pnpm exec playwright install --with-deps	2026-10-08T04:00:00.2381423Z Selecting previously unselected package libmp3lame0:amd64.
browser	Run pnpm exec playwright install --with-deps	2026-10-08T04:00:00.2491781Z Preparing to unpack .../024-libmp3lame0_3.100-6build1_amd64.deb ...
browser	Run pnpm exec playwright install --with-deps	2026-10-08T04:00:00.2497028Z Unpacking libmp3lame0:amd64 (3.100-6build1) ...
browser	Run pnpm exec playwright install --with-deps	2026-10-08T04:00:00.2670332Z Selecting previously unselected package libopus0:amd64.
browser	Run pnpm exec playwright install --with-deps	2026-10-08T04:00:00.2777085Z Preparing to unpack .../025-libopus0_1.4-1build1_amd64.deb ...
browser	Run pnpm exec playwright install --with-deps	2026-10-08T04:00:00.2782971Z Unpacking libopus0:amd64 (1.4-1build1) ...
browser	Run pnpm exec playwright install --with-deps	2026-10-08T04:00:00.2955965Z Selecting previously unselected package librav1e0:amd64.
browser	Run pnpm exec playwright install --with-deps	2026-10-08T04:00:00.3064524Z Preparing to unpack .../026-librav1e0_0.7.1-2_amd64.deb ...
browser	Run pnpm exec playwright install --with-deps	2026-10-08T04:00:00.3069655Z Unpacking librav1e0:amd64 (0.7.1-2) ...
browser	Run pnpm exec playwright install --with-deps	2026-10-08T04:00:00.3332291Z Selecting previously unselected package librsvg2-2:amd64.
browser	Run pnpm exec playwright install --with-deps	2026-10-08T04:00:00.3440342Z Preparing to unpack .../027-librsvg2-2_2.58.0+dfsg-1ubuntu0.1_amd64.deb ...
browser	Run pnpm exec playwright install --with-deps	2026-10-08T04:00:00.3501886Z Unpacking librsvg2-2:amd64 (2.58.0+dfsg-1ubuntu0.1) ...
browser	Run pnpm exec playwright install --with-deps	2026-10-08T04:00:00.4778143Z Selecting previously unselected package libshine3:amd64.
browser	Run pnpm exec playwright install --with-deps	2026-10-08T04:00:00.4905315Z Preparing to unpack .../028-libshine3_3.1.1-2build1_amd64.deb ...
browser	Run pnpm exec playwright install --with-deps	2026-10-08T04:00:00.4915789Z Unpacking libshine3:amd64 (3.1.1-2build1) ...
browser	Run pnpm exec playwright install --with-deps	2026-10-08T04:00:00.5207195Z Selecting previously unselected package libspeex1:amd64.
browser	Run pnpm exec playwright install --with-deps	2026-10-08T04:00:00.5317796Z Preparing to unpack .../029-libspeex1_1.2.1-2ubuntu2.24.04.1_amd64.deb ...
browser	Run pnpm exec playwright install --with-deps	2026-10-08T04:00:00.5323324Z Unpacking libspeex1:amd64 (1.2.1-2ubuntu2.24.04.1) ...
browser	Run pnpm exec playwright install --with-deps	2026-10-08T04:00:00.5500515Z Selecting previously unselected package libsvtav1enc1d1:amd64.
browser	Run pnpm exec playwright install --with-deps	2026-10-08T04:00:00.5609180Z Preparing to unpack .../030-libsvtav1enc1d1_1.7.0+dfsg-2build1_amd64.deb ...
browser	Run pnpm exec playwright install --with-deps	2026-10-08T04:00:00.5615188Z Unpacking libsvtav1enc1d1:amd64 (1.7.0+dfsg-2build1) ...
browser	Run pnpm exec playwright install --with-deps	2026-10-08T04:00:00.6207447Z Selecting previously unselected package libsoxr0:amd64.
browser	Run pnpm exec playwright install --with-deps	2026-10-08T04:00:00.6315901Z Preparing to unpack .../031-libsoxr0_0.1.3-4build3_amd64.deb ...
browser	Run pnpm exec playwright install --with-deps	2026-10-08T04:00:00.6322190Z Unpacking libsoxr0:amd64 (0.1.3-4build3) ...
browser	Run pnpm exec playwright install --with-deps	2026-10-08T04:00:00.6485812Z Selecting previously unselected package libswresample4:amd64.
browser	Run pnpm exec playwright install --with-deps	2026-10-08T04:00:00.6594471Z Preparing to unpack .../032-libswresample4_7%3a6.1.1-3ubuntu5_amd64.deb ...
browser	Run pnpm exec playwright install --with-deps	2026-10-08T04:00:00.6694563Z Unpacking libswresample4:amd64 (7:6.1.1-3ubuntu5) ...
browser	Run pnpm exec playwright install --with-deps	2026-10-08T04:00:00.6931620Z Selecting previously unselected package libtheora0:amd64.
browser	Run pnpm exec playwright install --with-deps	2026-10-08T04:00:00.7035518Z Preparing to unpack .../033-libtheora0_1.1.1+dfsg.1-16.1build3_amd64.deb ...
browser	Run pnpm exec playwright install --with-deps	2026-10-08T04:00:00.7040927Z Unpacking libtheora0:amd64 (1.1.1+dfsg.1-16.1build3) ...
browser	Run pnpm exec playwright install --with-deps	2026-10-08T04:00:00.7320727Z Selecting previously unselected package libtwolame0:amd64.
browser	Run pnpm exec playwright install --with-deps	2026-10-08T04:00:00.7429232Z Preparing to unpack .../034-libtwolame0_0.4.0-2build3_amd64.deb ...
browser	Run pnpm exec playwright install --with-deps	2026-10-08T04:00:00.7434590Z Unpacking libtwolame0:amd64 (0.4.0-2build3) ...
browser	Run pnpm exec playwright install --with-deps	2026-10-08T04:00:00.7610219Z Selecting previously unselected package libvorbisenc2:amd64.
browser	Run pnpm exec playwright install --with-deps	2026-10-08T04:00:00.7712386Z Preparing to unpack .../035-libvorbisenc2_1.3.7-1build3_amd64.deb ...
browser	Run pnpm exec playwright install --with-deps	2026-10-08T04:00:00.7718783Z Unpacking libvorbisenc2:amd64 (1.3.7-1build3) ...
browser	Run pnpm exec playwright install --with-deps	2026-10-08T04:00:00.8008526Z Selecting previously unselected package libvpx9:amd64.
browser	Run pnpm exec playwright install --with-deps	2026-10-08T04:00:00.8116023Z Preparing to unpack .../036-libvpx9_1.14.0-1ubuntu2.3_amd64.deb ...
browser	Run pnpm exec playwright install --with-deps	2026-10-08T04:00:00.8121792Z Unpacking libvpx9:amd64 (1.14.0-1ubuntu2.3) ...
browser	Run pnpm exec playwright install --with-deps	2026-10-08T04:00:00.8582034Z Selecting previously unselected package libx264-164:amd64.
browser	Run pnpm exec playwright install --with-deps	2026-10-08T04:00:00.8689537Z Preparing to unpack .../037-libx264-164_2%3a0.164.3108+git31e19f9-1_amd64.deb ...
browser	Run pnpm exec playwright install --with-deps	2026-10-08T04:00:00.8694826Z Unpacking libx264-164:amd64 (2:0.164.3108+git31e19f9-1) ...
browser	Run pnpm exec playwright install --with-deps	2026-10-08T04:00:00.9016330Z Selecting previously unselected package libx265-199:amd64.
browser	Run pnpm exec playwright install --with-deps	2026-10-08T04:00:00.9124017Z Preparing to unpack .../038-libx265-199_3.5-2build1_amd64.deb ...
browser	Run pnpm exec playwright install --with-deps	2026-10-08T04:00:00.9129006Z Unpacking libx265-199:amd64 (3.5-2build1) ...
browser	Run pnpm exec playwright install --with-deps	2026-10-08T04:00:01.0695037Z Selecting previously unselected package libxvidcore4:amd64.
browser	Run pnpm exec playwright install --with-deps	2026-10-08T04:00:01.0804556Z Preparing to unpack .../039-libxvidcore4_2%3a1.3.7-1build1_amd64.deb ...
browser	Run pnpm exec playwright install --with-deps	2026-10-08T04:00:01.0818325Z Unpacking libxvidcore4:amd64 (2:1.3.7-1build1) ...
browser	Run pnpm exec playwright install --with-deps	2026-10-08T04:00:01.1651562Z Selecting previously unselected package libzvbi-common.
browser	Run pnpm exec playwright install --with-deps	2026-10-08T04:00:01.1759847Z Preparing to unpack .../040-libzvbi-common_0.2.42-2_all.deb ...
browser	Run pnpm exec playwright install --with-deps	2026-10-08T04:00:01.3757936Z Unpacking libzvbi-common (0.2.42-2) ...
browser	Run pnpm exec playwright install --with-deps	2026-10-08T04:00:01.4289853Z Selecting previously unselected package libzvbi0t64:amd64.
browser	Run pnpm exec playwright install --with-deps	2026-10-08T04:00:01.4398474Z Preparing to unpack .../041-libzvbi0t64_0.2.42-2_amd64.deb ...
browser	Run pnpm exec playwright install --with-deps	2026-10-08T04:00:01.4404643Z Unpacking libzvbi0t64:amd64 (0.2.42-2) ...
browser	Run pnpm exec playwright install --with-deps	2026-10-08T04:00:01.4593666Z Selecting previously unselected package libavcodec60:amd64.
browser	Run pnpm exec playwright install --with-deps	2026-10-08T04:00:01.4700633Z Preparing to unpack .../042-libavcodec60_7%3a6.1.1-3ubuntu5_amd64.deb ...
browser	Run pnpm exec playwright install --with-deps	2026-10-08T04:00:01.4706233Z Unpacking libavcodec60:amd64 (7:6.1.1-3ubuntu5) ...
browser	Run pnpm exec playwright install --with-deps	2026-10-08T04:00:01.7126925Z Preparing to unpack .../043-libfreetype6_2.13.2+dfsg-1ubuntu0.2_amd64.deb ...
browser	Run pnpm exec playwright install --with-deps	2026-10-08T04:00:01.7144423Z Unpacking libfreetype6:amd64 (2.13.2+dfsg-1ubuntu0.2) over (2.13.2+dfsg-1ubuntu0.1) ...
browser	Run pnpm exec playwright install --with-deps	2026-10-08T04:00:01.7404248Z Selecting previously unselected package libunibreak5:amd64.
browser	Run pnpm exec playwright install --with-deps	2026-10-08T04:00:01.7516158Z Preparing to unpack .../044-libunibreak5_5.1-2build1_amd64.deb ...
browser	Run pnpm exec playwright install --with-deps	2026-10-08T04:00:01.7522606Z Unpacking libunibreak5:amd64 (5.1-2build1) ...
browser	Run pnpm exec playwright install --with-deps	2026-10-08T04:00:01.8070414Z Selecting previously unselected package libass9:amd64.
browser	Run pnpm exec playwright install --with-deps	2026-10-08T04:00:01.8182495Z Preparing to unpack .../045-libass9_1%3a0.17.1-2build1_amd64.deb ...
browser	Run pnpm exec playwright install --with-deps	2026-10-08T04:00:01.8189171Z Unpacking libass9:amd64 (1:0.17.1-2build1) ...
browser	Run pnpm exec playwright install --with-deps	2026-10-08T04:00:01.8472039Z Selecting previously unselected package libudfread0:amd64.
browser	Run pnpm exec playwright install --with-deps	2026-10-08T04:00:01.8580101Z Preparing to unpack .../046-libudfread0_1.1.2-1build1_amd64.deb ...
browser	Run pnpm exec playwright install --with-deps	2026-10-08T04:00:01.8586005Z Unpacking libudfread0:amd64 (1.1.2-1build1) ...
browser	Run pnpm exec playwright install --with-deps	2026-10-08T04:00:01.8752182Z Selecting previously unselected package libbluray2:amd64.
browser	Run pnpm exec playwright install --with-deps	2026-10-08T04:00:01.8858512Z Preparing to unpack .../047-libbluray2_1%3a1.3.4-1build1_amd64.deb ...
browser	Run pnpm exec playwright install --with-deps	2026-10-08T04:00:01.8863828Z Unpacking libbluray2:amd64 (1:1.3.4-1build1) ...
browser	Run pnpm exec playwright install --with-deps	2026-10-08T04:00:01.9090969Z Selecting previously unselected package libchromaprint1:amd64.
browser	Run pnpm exec playwright install --with-deps	2026-10-08T04:00:01.9199351Z Preparing to unpack .../048-libchromaprint1_1.5.1-5_amd64.deb ...
browser	Run pnpm exec playwright install --with-deps	2026-10-08T04:00:01.9264429Z Unpacking libchromaprint1:amd64 (1.5.1-5) ...
browser	Run pnpm exec playwright install --with-deps	2026-10-08T04:00:01.9594738Z Selecting previously unselected package libgme0:amd64.
browser	Run pnpm exec playwright install --with-deps	2026-10-08T04:00:01.9699087Z Preparing to unpack .../049-libgme0_0.6.3-7build1_amd64.deb ...
browser	Run pnpm exec playwright install --with-deps	2026-10-08T04:00:01.9704457Z Unpacking libgme0:amd64 (0.6.3-7build1) ...
browser	Run pnpm exec playwright install --with-deps	2026-10-08T04:00:01.9971603Z Selecting previously unselected package libmpg123-0t64:amd64.
browser	Run pnpm exec playwright install --with-deps	2026-10-08T04:00:02.0079076Z Preparing to unpack .../050-libmpg123-0t64_1.32.5-1ubuntu1.1_amd64.deb ...
browser	Run pnpm exec playwright install --with-deps	2026-10-08T04:00:02.0084602Z Unpacking libmpg123-0t64:amd64 (1.32.5-1ubuntu1.1) ...
browser	Run pnpm exec playwright install --with-deps	2026-10-08T04:00:02.0272882Z Selecting previously unselected package libopenmpt0t64:amd64.
browser	Run pnpm exec playwright install --with-deps	2026-10-08T04:00:02.0383968Z Preparing to unpack .../051-libopenmpt0t64_0.7.3-1.1build3_amd64.deb ...
browser	Run pnpm exec playwright install --with-deps	2026-10-08T04:00:02.0396297Z Unpacking libopenmpt0t64:amd64 (0.7.3-1.1build3) ...
browser	Run pnpm exec playwright install --with-deps	2026-10-08T04:00:02.0622911Z Selecting previously unselected package libcjson1:amd64.
browser	Run pnpm exec playwright install --with-deps	2026-10-08T04:00:02.0734168Z Preparing to unpack .../052-libcjson1_1.7.17-1_amd64.deb ...
browser	Run pnpm exec playwright install --with-deps	2026-10-08T04:00:02.0870223Z Unpacking libcjson1:amd64 (1.7.17-1) ...
browser	Run pnpm exec playwright install --with-deps	2026-10-08T04:00:02.1048536Z Selecting previously unselected package libmbedcrypto7t64:amd64.
browser	Run pnpm exec playwright install --with-deps	2026-10-08T04:00:02.1160622Z Preparing to unpack .../053-libmbedcrypto7t64_2.28.8-1_amd64.deb ...
browser	Run pnpm exec playwright install --with-deps	2026-10-08T04:00:02.1498381Z Unpacking libmbedcrypto7t64:amd64 (2.28.8-1) ...
browser	Run pnpm exec playwright install --with-deps	2026-10-08T04:00:02.1688124Z Selecting previously unselected package librist4:amd64.
browser	Run pnpm exec playwright install --with-deps	2026-10-08T04:00:02.1799868Z Preparing to unpack .../054-librist4_0.2.10+dfsg-2_amd64.deb ...
browser	Run pnpm exec playwright install --with-deps	2026-10-08T04:00:02.1805912Z Unpacking librist4:amd64 (0.2.10+dfsg-2) ...
browser	Run pnpm exec playwright install --with-deps	2026-10-08T04:00:02.1985258Z Selecting previously unselected package libsrt1.5-gnutls:amd64.
browser	Run pnpm exec playwright install --with-deps	2026-10-08T04:00:02.2095994Z Preparing to unpack .../055-libsrt1.5-gnutls_1.5.3-1build2_amd64.deb ...
browser	Run pnpm exec playwright install --with-deps	2026-10-08T04:00:02.2102261Z Unpacking libsrt1.5-gnutls:amd64 (1.5.3-1build2) ...
browser	Run pnpm exec playwright install --with-deps	2026-10-08T04:00:02.2947615Z Selecting previously unselected package libssh-gcrypt-4:amd64.
browser	Run pnpm exec playwright install --with-deps	2026-10-08T04:00:02.3060294Z Preparing to unpack .../056-libssh-gcrypt-4_0.10.6-2ubuntu0.5_amd64.deb ...
browser	Run pnpm exec playwright install --with-deps	2026-10-08T04:00:02.3066611Z Unpacking libssh-gcrypt-4:amd64 (0.10.6-2ubuntu0.5) ...
browser	Run pnpm exec playwright install --with-deps	2026-10-08T04:00:02.3260475Z Selecting previously unselected package libavformat60:amd64.
browser	Run pnpm exec playwright install --with-deps	2026-10-08T04:00:02.3370574Z Preparing to unpack .../057-libavformat60_7%3a6.1.1-3ubuntu5_amd64.deb ...
browser	Run pnpm exec playwright install --with-deps	2026-10-08T04:00:02.3376653Z Unpacking libavformat60:amd64 (7:6.1.1-3ubuntu5) ...
browser	Run pnpm exec playwright install --with-deps	2026-10-08T04:00:02.3681885Z Selecting previously unselected package libbs2b0:amd64.
browser	Run pnpm exec playwright install --with-deps	2026-10-08T04:00:02.3791513Z Preparing to unpack .../058-libbs2b0_3.1.0+dfsg-7build1_amd64.deb ...
browser	Run pnpm exec playwright install --with-deps	2026-10-08T04:00:02.3797663Z Unpacking libbs2b0:amd64 (3.1.0+dfsg-7build1) ...
browser	Run pnpm exec playwright install --with-deps	2026-10-08T04:00:02.3982936Z Selecting previously unselected package libflite1:amd64.
browser	Run pnpm exec playwright install --with-deps	2026-10-08T04:00:02.4093507Z Preparing to unpack .../059-libflite1_2.2-6build3_amd64.deb ...
browser	Run pnpm exec playwright install --with-deps	2026-10-08T04:00:02.4156542Z Unpacking libflite1:amd64 (2.2-6build3) ...
browser	Run pnpm exec playwright install --with-deps	2026-10-08T04:00:02.6372107Z Selecting previously unselected package libserd-0-0:amd64.
browser	Run pnpm exec playwright install --with-deps	2026-10-08T04:00:02.6483398Z Preparing to unpack .../060-libserd-0-0_0.32.2-1_amd64.deb ...
browser	Run pnpm exec playwright install --with-deps	2026-10-08T04:00:02.6490436Z Unpacking libserd-0-0:amd64 (0.32.2-1) ...
browser	Run pnpm exec playwright install --with-deps	2026-10-08T04:00:02.7364597Z Selecting previously unselected package libzix-0-0:amd64.
browser	Run pnpm exec playwright install --with-deps	2026-10-08T04:00:02.7475952Z Preparing to unpack .../061-libzix-0-0_0.4.2-2build1_amd64.deb ...
browser	Run pnpm exec playwright install --with-deps	2026-10-08T04:00:02.7482364Z Unpacking libzix-0-0:amd64 (0.4.2-2build1) ...
browser	Run pnpm exec playwright install --with-deps	2026-10-08T04:00:02.8429983Z Selecting previously unselected package libsord-0-0:amd64.
browser	Run pnpm exec playwright install --with-deps	2026-10-08T04:00:02.8539707Z Preparing to unpack .../062-libsord-0-0_0.16.16-2build1_amd64.deb ...
browser	Run pnpm exec playwright install --with-deps	2026-10-08T04:00:02.8545644Z Unpacking libsord-0-0:amd64 (0.16.16-2build1) ...
browser	Run pnpm exec playwright install --with-deps	2026-10-08T04:00:02.9407490Z Selecting previously unselected package libsratom-0-0:amd64.
browser	Run pnpm exec playwright install --with-deps	2026-10-08T04:00:02.9516901Z Preparing to unpack .../063-libsratom-0-0_0.6.16-1build1_amd64.deb ...
browser	Run pnpm exec playwright install --with-deps	2026-10-08T04:00:02.9523523Z Unpacking libsratom-0-0:amd64 (0.6.16-1build1) ...
browser	Run pnpm exec playwright install --with-deps	2026-10-08T04:00:03.0183930Z Selecting previously unselected package liblilv-0-0:amd64.
browser	Run pnpm exec playwright install --with-deps	2026-10-08T04:00:03.0296085Z Preparing to unpack .../064-liblilv-0-0_0.24.22-1build1_amd64.deb ...
browser	Run pnpm exec playwright install --with-deps	2026-10-08T04:00:03.0302380Z Unpacking liblilv-0-0:amd64 (0.24.22-1build1) ...
browser	Run pnpm exec playwright install --with-deps	2026-10-08T04:00:03.0471653Z Selecting previously unselected package libmysofa1:amd64.
browser	Run pnpm exec playwright install --with-deps	2026-10-08T04:00:03.0576716Z Preparing to unpack .../065-libmysofa1_1.3.2+dfsg-2ubuntu2_amd64.deb ...
browser	Run pnpm exec playwright install --with-deps	2026-10-08T04:00:03.0582957Z Unpacking libmysofa1:amd64 (1.3.2+dfsg-2ubuntu2) ...
browser	Run pnpm exec playwright install --with-deps	2026-10-08T04:00:03.1382579Z Selecting previously unselected package libplacebo338:amd64.
browser	Run pnpm exec playwright install --with-deps	2026-10-08T04:00:03.1491583Z Preparing to unpack .../066-libplacebo338_6.338.2-2build1_amd64.deb ...
browser	Run pnpm exec playwright install --with-deps	2026-10-08T04:00:03.1497842Z Unpacking libplacebo338:amd64 (6.338.2-2build1) ...
browser	Run pnpm exec playwright install --with-deps	2026-10-08T04:00:03.2494108Z Selecting previously unselected package libblas3:amd64.
browser	Run pnpm exec playwright install --with-deps	2026-10-08T04:00:03.2605251Z Preparing to unpack .../067-libblas3_3.12.0-3build1.1_amd64.deb ...
browser	Run pnpm exec playwright install --with-deps	2026-10-08T04:00:03.2629174Z Unpacking libblas3:amd64 (3.12.0-3build1.1) ...
browser	Run pnpm exec playwright install --with-deps	2026-10-08T04:00:03.3766602Z Selecting previously unselected package liblapack3:amd64.
browser	Run pnpm exec playwright install --with-deps	2026-10-08T04:00:03.3876985Z Preparing to unpack .../068-liblapack3_3.12.0-3build1.1_amd64.deb ...
browser	Run pnpm exec playwright install --with-deps	2026-10-08T04:00:03.3902301Z Unpacking liblapack3:amd64 (3.12.0-3build1.1) ...
browser	Run pnpm exec playwright install --with-deps	2026-10-08T04:00:03.4656959Z Selecting previously unselected package libasyncns0:amd64.
browser	Run pnpm exec playwright install --with-deps	2026-10-08T04:00:03.4767998Z Preparing to unpack .../069-libasyncns0_0.8-6build4_amd64.deb ...
browser	Run pnpm exec playwright install --with-deps	2026-10-08T04:00:03.4773602Z Unpacking libasyncns0:amd64 (0.8-6build4) ...
browser	Run pnpm exec playwright install --with-deps	2026-10-08T04:00:03.4938198Z Selecting previously unselected package libflac12t64:amd64.
browser	Run pnpm exec playwright install --with-deps	2026-10-08T04:00:03.5044435Z Preparing to unpack .../070-libflac12t64_1.4.3+ds-2.1ubuntu2_amd64.deb ...
browser	Run pnpm exec playwright install --with-deps	2026-10-08T04:00:03.5056258Z Unpacking libflac12t64:amd64 (1.4.3+ds-2.1ubuntu2) ...
browser	Run pnpm exec playwright install --with-deps	2026-10-08T04:00:03.5231986Z Selecting previously unselected package libsndfile1:amd64.
browser	Run pnpm exec playwright install --with-deps	2026-10-08T04:00:03.5334014Z Preparing to unpack .../071-libsndfile1_1.2.2-1ubuntu5.24.04.1_amd64.deb ...
browser	Run pnpm exec playwright install --with-deps	2026-10-08T04:00:03.5340574Z Unpacking libsndfile1:amd64 (1.2.2-1ubuntu5.24.04.1) ...
browser	Run pnpm exec playwright install --with-deps	2026-10-08T04:00:03.5737535Z Selecting previously unselected package libpulse0:amd64.
browser	Run pnpm exec playwright install --with-deps	2026-10-08T04:00:03.5845674Z Preparing to unpack .../072-libpulse0_1%3a16.1+dfsg1-2ubuntu10.1_amd64.deb ...
browser	Run pnpm exec playwright install --with-deps	2026-10-08T04:00:03.6928010Z Unpacking libpulse0:amd64 (1:16.1+dfsg1-2ubuntu10.1) ...
browser	Run pnpm exec playwright install --with-deps	2026-10-08T04:00:03.7887607Z Selecting previously unselected package libsphinxbase3t64:amd64.
browser	Run pnpm exec playwright install --with-deps	2026-10-08T04:00:03.7997126Z Preparing to unpack .../073-libsphinxbase3t64_0.8+5prealpha+1-17build2_amd64.deb ...
browser	Run pnpm exec playwright install --with-deps	2026-10-08T04:00:03.8003129Z Unpacking libsphinxbase3t64:amd64 (0.8+5prealpha+1-17build2) ...
browser	Run pnpm exec playwright install --with-deps	2026-10-08T04:00:03.8424303Z Selecting previously unselected package libpocketsphinx3:amd64.
browser	Run pnpm exec playwright install --with-deps	2026-10-08T04:00:03.8533142Z Preparing to unpack .../074-libpocketsphinx3_0.8.0+real5prealpha+1-15ubuntu5_amd64.deb ...
browser	Run pnpm exec playwright install --with-deps	2026-10-08T04:00:03.8539009Z Unpacking libpocketsphinx3:amd64 (0.8.0+real5prealpha+1-15ubuntu5) ...
browser	Run pnpm exec playwright install --with-deps	2026-10-08T04:00:03.8709992Z Selecting previously unselected package libpostproc57:amd64.
browser	Run pnpm exec playwright install --with-deps	2026-10-08T04:00:03.8808799Z Preparing to unpack .../075-libpostproc57_7%3a6.1.1-3ubuntu5_amd64.deb ...
browser	Run pnpm exec playwright install --with-deps	2026-10-08T04:00:03.8814530Z Unpacking libpostproc57:amd64 (7:6.1.1-3ubuntu5) ...
browser	Run pnpm exec playwright install --with-deps	2026-10-08T04:00:03.8977342Z Selecting previously unselected package libsamplerate0:amd64.
browser	Run pnpm exec playwright install --with-deps	2026-10-08T04:00:03.9079992Z Preparing to unpack .../076-libsamplerate0_0.2.2-4build1_amd64.deb ...
browser	Run pnpm exec playwright install --with-deps	2026-10-08T04:00:03.9086057Z Unpacking libsamplerate0:amd64 (0.2.2-4build1) ...
browser	Run pnpm exec playwright install --with-deps	2026-10-08T04:00:04.3511259Z Selecting previously unselected package librubberband2:amd64.
browser	Run pnpm exec playwright install --with-deps	2026-10-08T04:00:04.3624995Z Preparing to unpack .../077-librubberband2_3.3.0+dfsg-2build1_amd64.deb ...
browser	Run pnpm exec playwright install --with-deps	2026-10-08T04:00:04.5394417Z Unpacking librubberband2:amd64 (3.3.0+dfsg-2build1) ...
browser	Run pnpm exec playwright install --with-deps	2026-10-08T04:00:05.5277912Z Selecting previously unselected package libswscale7:amd64.
browser	Run pnpm exec playwright install --with-deps	2026-10-08T04:00:05.5391577Z Preparing to unpack .../078-libswscale7_7%3a6.1.1-3ubuntu5_amd64.deb ...
browser	Run pnpm exec playwright install --with-deps	2026-10-08T04:00:05.7384669Z Unpacking libswscale7:amd64 (7:6.1.1-3ubuntu5) ...
browser	Run pnpm exec playwright install --with-deps	2026-10-08T04:00:05.8402274Z Selecting previously unselected package libvidstab1.1:amd64.
browser	Run pnpm exec playwright install --with-deps	2026-10-08T04:00:05.8513735Z Preparing to unpack .../079-libvidstab1.1_1.1.0-2build1_amd64.deb ...
browser	Run pnpm exec playwright install --with-deps	2026-10-08T04:00:05.8521427Z Unpacking libvidstab1.1:amd64 (1.1.0-2build1) ...
browser	Run pnpm exec playwright install --with-deps	2026-10-08T04:00:06.0489955Z Selecting previously unselected package libzimg2:amd64.
browser	Run pnpm exec playwright install --with-deps	2026-10-08T04:00:06.0603916Z Preparing to unpack .../080-libzimg2_3.0.5+ds1-1build1_amd64.deb ...
browser	Run pnpm exec playwright install --with-deps	2026-10-08T04:00:06.0610313Z Unpacking libzimg2:amd64 (3.0.5+ds1-1build1) ...
browser	Run pnpm exec playwright install --with-deps	2026-10-08T04:00:06.0803227Z Selecting previously unselected package libavfilter9:amd64.
browser	Run pnpm exec playwright install --with-deps	2026-10-08T04:00:06.0912458Z Preparing to unpack .../081-libavfilter9_7%3a6.1.1-3ubuntu5_amd64.deb ...
browser	Run pnpm exec playwright install --with-deps	2026-10-08T04:00:06.0919365Z Unpacking libavfilter9:amd64 (7:6.1.1-3ubuntu5) ...
browser	Run pnpm exec playwright install --with-deps	2026-10-08T04:00:06.2779768Z Selecting previously unselected package liborc-0.4-0t64:amd64.
browser	Run pnpm exec playwright install --with-deps	2026-10-08T04:00:06.2893266Z Preparing to unpack .../082-liborc-0.4-0t64_1%3a0.4.38-1ubuntu0.1_amd64.deb ...
browser	Run pnpm exec playwright install --with-deps	2026-10-08T04:00:06.2899156Z Unpacking liborc-0.4-0t64:amd64 (1:0.4.38-1ubuntu0.1) ...
browser	Run pnpm exec playwright install --with-deps	2026-10-08T04:00:06.3118506Z Selecting previously unselected package libgstreamer-plugins-base1.0-0:amd64.
browser	Run pnpm exec playwright install --with-deps	2026-10-08T04:00:06.3229816Z Preparing to unpack .../083-libgstreamer-plugins-base1.0-0_1.24.2-1ubuntu0.5_amd64.deb ...
browser	Run pnpm exec playwright install --with-deps	2026-10-08T04:00:06.3234890Z Unpacking libgstreamer-plugins-base1.0-0:amd64 (1.24.2-1ubuntu0.5) ...
browser	Run pnpm exec playwright install --with-deps	2026-10-08T04:00:06.3491712Z Selecting previously unselected package gstreamer1.0-libav:amd64.
browser	Run pnpm exec playwright install --with-deps	2026-10-08T04:00:06.3603611Z Preparing to unpack .../084-gstreamer1.0-libav_1.24.1-1build1_amd64.deb ...
browser	Run pnpm exec playwright install --with-deps	2026-10-08T04:00:06.3608750Z Unpacking gstreamer1.0-libav:amd64 (1.24.1-1build1) ...
browser	Run pnpm exec playwright install --with-deps	2026-10-08T04:00:06.5009764Z Selecting previously unselected package libcdparanoia0:amd64.
browser	Run pnpm exec playwright install --with-deps	2026-10-08T04:00:06.5119876Z Preparing to unpack .../085-libcdparanoia0_3.10.2+debian-14build3_amd64.deb ...
browser	Run pnpm exec playwright install --with-deps	2026-10-08T04:00:06.5126020Z Unpacking libcdparanoia0:amd64 (3.10.2+debian-14build3) ...
browser	Run pnpm exec playwright install --with-deps	2026-10-08T04:00:06.5299105Z Selecting previously unselected package libvisual-0.4-0:amd64.
browser	Run pnpm exec playwright install --with-deps	2026-10-08T04:00:06.5410542Z Preparing to unpack .../086-libvisual-0.4-0_0.4.2-2build1_amd64.deb ...
browser	Run pnpm exec playwright install --with-deps	2026-10-08T04:00:06.5416326Z Unpacking libvisual-0.4-0:amd64 (0.4.2-2build1) ...
browser	Run pnpm exec playwright install --with-deps	2026-10-08T04:00:06.5594035Z Selecting previously unselected package gstreamer1.0-plugins-base:amd64.
browser	Run pnpm exec playwright install --with-deps	2026-10-08T04:00:06.5703345Z Preparing to unpack .../087-gstreamer1.0-plugins-base_1.24.2-1ubuntu0.5_amd64.deb ...
browser	Run pnpm exec playwright install --with-deps	2026-10-08T04:00:06.5846783Z Unpacking gstreamer1.0-plugins-base:amd64 (1.24.2-1ubuntu0.5) ...
browser	Run pnpm exec playwright install --with-deps	2026-10-08T04:00:06.7537286Z Selecting previously unselected package libaa1:amd64.
browser	Run pnpm exec playwright install --with-deps	2026-10-08T04:00:06.7647150Z Preparing to unpack .../088-libaa1_1.4p5-51.1_amd64.deb ...
browser	Run pnpm exec playwright install --with-deps	2026-10-08T04:00:06.7652836Z Unpacking libaa1:amd64 (1.4p5-51.1) ...
browser	Run pnpm exec playwright install --with-deps	2026-10-08T04:00:06.7826569Z Selecting previously unselected package libraw1394-11:amd64.
browser	Run pnpm exec playwright install --with-deps	2026-10-08T04:00:06.7937659Z Preparing to unpack .../089-libraw1394-11_2.1.2-2build3_amd64.deb ...
browser	Run pnpm exec playwright install --with-deps	2026-10-08T04:00:06.7943306Z Unpacking libraw1394-11:amd64 (2.1.2-2build3) ...
browser	Run pnpm exec playwright install --with-deps	2026-10-08T04:00:06.8115531Z Selecting previously unselected package libavc1394-0:amd64.
browser	Run pnpm exec playwright install --with-deps	2026-10-08T04:00:06.8227688Z Preparing to unpack .../090-libavc1394-0_0.5.4-5build3_amd64.deb ...
browser	Run pnpm exec playwright install --with-deps	2026-10-08T04:00:06.8233407Z Unpacking libavc1394-0:amd64 (0.5.4-5build3) ...
browser	Run pnpm exec playwright install --with-deps	2026-10-08T04:00:06.9646767Z Selecting previously unselected package libcaca0:amd64.
browser	Run pnpm exec playwright install --with-deps	2026-10-08T04:00:06.9757268Z Preparing to unpack .../091-libcaca0_0.99.beta20-4ubuntu0.2_amd64.deb ...
browser	Run pnpm exec playwright install --with-deps	2026-10-08T04:00:06.9764320Z Unpacking libcaca0:amd64 (0.99.beta20-4ubuntu0.2) ...
browser	Run pnpm exec playwright install --with-deps	2026-10-08T04:00:06.9968318Z Selecting previously unselected package libdv4t64:amd64.
browser	Run pnpm exec playwright install --with-deps	2026-10-08T04:00:07.0097787Z Preparing to unpack .../092-libdv4t64_1.0.0-17.1build1_amd64.deb ...
browser	Run pnpm exec playwright install --with-deps	2026-10-08T04:00:07.0103685Z Unpacking libdv4t64:amd64 (1.0.0-17.1build1) ...
browser	Run pnpm exec playwright install --with-deps	2026-10-08T04:00:07.0284331Z Selecting previously unselected package libgstreamer-plugins-good1.0-0:amd64.
browser	Run pnpm exec playwright install --with-deps	2026-10-08T04:00:07.0395555Z Preparing to unpack .../093-libgstreamer-plugins-good1.0-0_1.24.2-1ubuntu1.8_amd64.deb ...
browser	Run pnpm exec playwright install --with-deps	2026-10-08T04:00:07.0401676Z Unpacking libgstreamer-plugins-good1.0-0:amd64 (1.24.2-1ubuntu1.8) ...
browser	Run pnpm exec playwright install --with-deps	2026-10-08T04:00:07.2534985Z Selecting previously unselected package libiec61883-0:amd64.
browser	Run pnpm exec playwright install --with-deps	2026-10-08T04:00:07.2648789Z Preparing to unpack .../094-libiec61883-0_1.2.0-6build1_amd64.deb ...
browser	Run pnpm exec playwright install --with-deps	2026-10-08T04:00:07.2655012Z Unpacking libiec61883-0:amd64 (1.2.0-6build1) ...
browser	Run pnpm exec playwright install --with-deps	2026-10-08T04:00:07.2829394Z Selecting previously unselected package libshout3:amd64.
browser	Run pnpm exec playwright install --with-deps	2026-10-08T04:00:07.2944021Z Preparing to unpack .../095-libshout3_2.4.6-1build2_amd64.deb ...
browser	Run pnpm exec playwright install --with-deps	2026-10-08T04:00:07.4613225Z Unpacking libshout3:amd64 (2.4.6-1build2) ...
browser	Run pnpm exec playwright install --with-deps	2026-10-08T04:00:07.4796389Z Selecting previously unselected package libtag1v5-vanilla:amd64.
browser	Run pnpm exec playwright install --with-deps	2026-10-08T04:00:07.4906449Z Preparing to unpack .../096-libtag1v5-vanilla_1.13.1-1build1_amd64.deb ...
browser	Run pnpm exec playwright install --with-deps	2026-10-08T04:00:07.4913573Z Unpacking libtag1v5-vanilla:amd64 (1.13.1-1build1) ...
browser	Run pnpm exec playwright install --with-deps	2026-10-08T04:00:07.5103876Z Selecting previously unselected package libtag1v5:amd64.
browser	Run pnpm exec playwright install --with-deps	2026-10-08T04:00:07.5212840Z Preparing to unpack .../097-libtag1v5_1.13.1-1build1_amd64.deb ...
browser	Run pnpm exec playwright install --with-deps	2026-10-08T04:00:07.5218482Z Unpacking libtag1v5:amd64 (1.13.1-1build1) ...
browser	Run pnpm exec playwright install --with-deps	2026-10-08T04:00:07.7007672Z Selecting previously unselected package libv4lconvert0t64:amd64.
browser	Run pnpm exec playwright install --with-deps	2026-10-08T04:00:07.7120299Z Preparing to unpack .../098-libv4lconvert0t64_1.26.1-4build3_amd64.deb ...
browser	Run pnpm exec playwright install --with-deps	2026-10-08T04:00:07.7126584Z Unpacking libv4lconvert0t64:amd64 (1.26.1-4build3) ...
browser	Run pnpm exec playwright install --with-deps	2026-10-08T04:00:07.7312105Z Selecting previously unselected package libv4l-0t64:amd64.
browser	Run pnpm exec playwright install --with-deps	2026-10-08T04:00:07.7421266Z Preparing to unpack .../099-libv4l-0t64_1.26.1-4build3_amd64.deb ...
browser	Run pnpm exec playwright install --with-deps	2026-10-08T04:00:07.7428799Z Unpacking libv4l-0t64:amd64 (1.26.1-4build3) ...
browser	Run pnpm exec playwright install --with-deps	2026-10-08T04:00:07.7615032Z Selecting previously unselected package libwavpack1:amd64.
browser	Run pnpm exec playwright install --with-deps	2026-10-08T04:00:07.7726405Z Preparing to unpack .../100-libwavpack1_5.6.0-1build1_amd64.deb ...
browser	Run pnpm exec playwright install --with-deps	2026-10-08T04:00:07.9197519Z Unpacking libwavpack1:amd64 (5.6.0-1build1) ...
browser	Run pnpm exec playwright install --with-deps	2026-10-08T04:00:07.9368300Z Selecting previously unselected package libsoup-3.0-common.
browser	Run pnpm exec playwright install --with-deps	2026-10-08T04:00:07.9479181Z Preparing to unpack .../101-libsoup-3.0-common_3.4.4-5ubuntu0.9_all.deb ...
browser	Run pnpm exec playwright install --with-deps	2026-10-08T04:00:07.9485017Z Unpacking libsoup-3.0-common (3.4.4-5ubuntu0.9) ...
browser	Run pnpm exec playwright install --with-deps	2026-10-08T04:00:07.9649810Z Selecting previously unselected package libsoup-3.0-0:amd64.
browser	Run pnpm exec playwright install --with-deps	2026-10-08T04:00:07.9761118Z Preparing to unpack .../102-libsoup-3.0-0_3.4.4-5ubuntu0.9_amd64.deb ...
browser	Run pnpm exec playwright install --with-deps	2026-10-08T04:00:07.9766889Z Unpacking libsoup-3.0-0:amd64 (3.4.4-5ubuntu0.9) ...
browser	Run pnpm exec playwright install --with-deps	2026-10-08T04:00:07.9953891Z Selecting previously unselected package gstreamer1.0-plugins-good:amd64.
browser	Run pnpm exec playwright install --with-deps	2026-10-08T04:00:08.0063680Z Preparing to unpack .../103-gstreamer1.0-plugins-good_1.24.2-1ubuntu1.8_amd64.deb ...
browser	Run pnpm exec playwright install --with-deps	2026-10-08T04:00:08.0070442Z Unpacking gstreamer1.0-plugins-good:amd64 (1.24.2-1ubuntu1.8) ...
browser	Run pnpm exec playwright install --with-deps	2026-10-08T04:00:08.1688134Z Selecting previously unselected package libabsl20220623t64:amd64.
browser	Run pnpm exec playwright install --with-deps	2026-10-08T04:00:08.1799971Z Preparing to unpack .../104-libabsl20220623t64_20220623.1-3.1ubuntu3.2_amd64.deb ...
browser	Run pnpm exec playwright install --with-deps	2026-10-08T04:00:08.1805363Z Unpacking libabsl20220623t64:amd64 (20220623.1-3.1ubuntu3.2) ...
browser	Run pnpm exec playwright install --with-deps	2026-10-08T04:00:08.2133442Z Selecting previously unselected package libgav1-1:amd64.
browser	Run pnpm exec playwright install --with-deps	2026-10-08T04:00:08.2245729Z Preparing to unpack .../105-libgav1-1_0.18.0-1build3_amd64.deb ...
browser	Run pnpm exec playwright install --with-deps	2026-10-08T04:00:08.2253037Z Unpacking libgav1-1:amd64 (0.18.0-1build3) ...
browser	Run pnpm exec playwright install --with-deps	2026-10-08T04:00:08.2449501Z Selecting previously unselected package libyuv0:amd64.
browser	Run pnpm exec playwright install --with-deps	2026-10-08T04:00:08.2558193Z Preparing to unpack .../106-libyuv0_0.0~git202401110.af6ac82-1_amd64.deb ...
browser	Run pnpm exec playwright install --with-deps	2026-10-08T04:00:08.2564372Z Unpacking libyuv0:amd64 (0.0~git202401110.af6ac82-1) ...
browser	Run pnpm exec playwright install --with-deps	2026-10-08T04:00:08.2744792Z Selecting previously unselected package libavif16:amd64.
browser	Run pnpm exec playwright install --with-deps	2026-10-08T04:00:08.2853065Z Preparing to unpack .../107-libavif16_1.0.4-1ubuntu3_amd64.deb ...
browser	Run pnpm exec playwright install --with-deps	2026-10-08T04:00:08.2859052Z Unpacking libavif16:amd64 (1.0.4-1ubuntu3) ...
browser	Run pnpm exec playwright install --with-deps	2026-10-08T04:00:08.3030246Z Selecting previously unselected package libavtp0:amd64.
browser	Run pnpm exec playwright install --with-deps	2026-10-08T04:00:08.3139948Z Preparing to unpack .../108-libavtp0_0.2.0-1build1_amd64.deb ...
browser	Run pnpm exec playwright install --with-deps	2026-10-08T04:00:08.3207378Z Unpacking libavtp0:amd64 (0.2.0-1build1) ...
browser	Run pnpm exec playwright install --with-deps	2026-10-08T04:00:08.3424926Z Selecting previously unselected package libcairo-script-interpreter2:amd64.
browser	Run pnpm exec playwright install --with-deps	2026-10-08T04:00:08.3532616Z Preparing to unpack .../109-libcairo-script-interpreter2_1.18.0-3build1_amd64.deb ...
browser	Run pnpm exec playwright install --with-deps	2026-10-08T04:00:08.3539061Z Unpacking libcairo-script-interpreter2:amd64 (1.18.0-3build1) ...
browser	Run pnpm exec playwright install --with-deps	2026-10-08T04:00:08.3710271Z Selecting previously unselected package libdc1394-25:amd64.
browser	Run pnpm exec playwright install --with-deps	2026-10-08T04:00:08.3821278Z Preparing to unpack .../110-libdc1394-25_2.2.6-4build1_amd64.deb ...
browser	Run pnpm exec playwright install --with-deps	2026-10-08T04:00:08.3826841Z Unpacking libdc1394-25:amd64 (2.2.6-4build1) ...
browser	Run pnpm exec playwright install --with-deps	2026-10-08T04:00:08.4003664Z Selecting previously unselected package libde265-0:amd64.
browser	Run pnpm exec playwright install --with-deps	2026-10-08T04:00:08.4113296Z Preparing to unpack .../111-libde265-0_1.0.15-1ubuntu0.1_amd64.deb ...
browser	Run pnpm exec playwright install --with-deps	2026-10-08T04:00:08.4121364Z Unpacking libde265-0:amd64 (1.0.15-1ubuntu0.1) ...
browser	Run pnpm exec playwright install --with-deps	2026-10-08T04:00:08.4302926Z Selecting previously unselected package libdecor-0-0:amd64.
browser	Run pnpm exec playwright install --with-deps	2026-10-08T04:00:08.4411832Z Preparing to unpack .../112-libdecor-0-0_0.2.2-1build2_amd64.deb ...
browser	Run pnpm exec playwright install --with-deps	2026-10-08T04:00:08.4420087Z Unpacking libdecor-0-0:amd64 (0.2.2-1build2) ...
browser	Run pnpm exec playwright install --with-deps	2026-10-08T04:00:08.4582764Z Selecting previously unselected package libgles2:amd64.
browser	Run pnpm exec playwright install --with-deps	2026-10-08T04:00:08.4692669Z Preparing to unpack .../113-libgles2_1.7.0-1build1_amd64.deb ...
browser	Run pnpm exec playwright install --with-deps	2026-10-08T04:00:08.4804501Z Unpacking libgles2:amd64 (1.7.0-1build1) ...
browser	Run pnpm exec playwright install --with-deps	2026-10-08T04:00:08.5051982Z Selecting previously unselected package libdirectfb-1.7-7t64:amd64.
browser	Run pnpm exec playwright install --with-deps	2026-10-08T04:00:08.5159805Z Preparing to unpack .../114-libdirectfb-1.7-7t64_1.7.7-11.1ubuntu2_amd64.deb ...
browser	Run pnpm exec playwright install --with-deps	2026-10-08T04:00:08.5165566Z Unpacking libdirectfb-1.7-7t64:amd64 (1.7.7-11.1ubuntu2) ...
browser	Run pnpm exec playwright install --with-deps	2026-10-08T04:00:08.5540269Z Selecting previously unselected package libdvdread8t64:amd64.
browser	Run pnpm exec playwright install --with-deps	2026-10-08T04:00:08.5652248Z Preparing to unpack .../115-libdvdread8t64_6.1.3-1.1build1_amd64.deb ...
browser	Run pnpm exec playwright install --with-deps	2026-10-08T04:00:08.5657862Z Unpacking libdvdread8t64:amd64 (6.1.3-1.1build1) ...
browser	Run pnpm exec playwright install --with-deps	2026-10-08T04:00:08.5839528Z Selecting previously unselected package libdvdnav4:amd64.
browser	Run pnpm exec playwright install --with-deps	2026-10-08T04:00:08.5949779Z Preparing to unpack .../116-libdvdnav4_6.1.1-3build1_amd64.deb ...
browser	Run pnpm exec playwright install --with-deps	2026-10-08T04:00:08.5955416Z Unpacking libdvdnav4:amd64 (6.1.1-3build1) ...
browser	Run pnpm exec playwright install --with-deps	2026-10-08T04:00:08.6244192Z Preparing to unpack .../117-libgl1-mesa-dri_25.2.8-0ubuntu0.24.04.4_amd64.deb ...
browser	Run pnpm exec playwright install --with-deps	2026-10-08T04:00:08.6517655Z Unpacking libgl1-mesa-dri:amd64 (25.2.8-0ubuntu0.24.04.4) over (25.2.8-0ubuntu0.24.04.2) ...
browser	Run pnpm exec playwright install --with-deps	2026-10-08T04:00:08.6958449Z Preparing to unpack .../118-libglx-mesa0_25.2.8-0ubuntu0.24.04.4_amd64.deb ...
browser	Run pnpm exec playwright install --with-deps	2026-10-08T04:00:08.6980691Z Unpacking libglx-mesa0:amd64 (25.2.8-0ubuntu0.24.04.4) over (25.2.8-0ubuntu0.24.04.2) ...
browser	Run pnpm exec playwright install --with-deps	2026-10-08T04:00:08.7326807Z Preparing to unpack .../119-libgbm1_25.2.8-0ubuntu0.24.04.4_amd64.deb ...
browser	Run pnpm exec playwright install --with-deps	2026-10-08T04:00:08.7345344Z Unpacking libgbm1:amd64 (25.2.8-0ubuntu0.24.04.4) over (25.2.8-0ubuntu0.24.04.2) ...
browser	Run pnpm exec playwright install --with-deps	2026-10-08T04:00:08.7672144Z Preparing to unpack .../120-mesa-libgallium_25.2.8-0ubuntu0.24.04.4_amd64.deb ...
browser	Run pnpm exec playwright install --with-deps	2026-10-08T04:00:08.7691005Z Unpacking mesa-libgallium:amd64 (25.2.8-0ubuntu0.24.04.4) over (25.2.8-0ubuntu0.24.04.2) ...
browser	Run pnpm exec playwright install --with-deps	2026-10-08T04:00:09.1264042Z Selecting previously unselected package libegl-mesa0:amd64.
browser	Run pnpm exec playwright install --with-deps	2026-10-08T04:00:09.1376174Z Preparing to unpack .../121-libegl-mesa0_25.2.8-0ubuntu0.24.04.4_amd64.deb ...
browser	Run pnpm exec playwright install --with-deps	2026-10-08T04:00:09.1397713Z Unpacking libegl-mesa0:amd64 (25.2.8-0ubuntu0.24.04.4) ...
browser	Run pnpm exec playwright install --with-deps	2026-10-08T04:00:09.1589363Z Selecting previously unselected package libevent-2.1-7t64:amd64.
browser	Run pnpm exec playwright install --with-deps	2026-10-08T04:00:09.1700062Z Preparing to unpack .../122-libevent-2.1-7t64_2.1.12-stable-9ubuntu2.2_amd64.deb ...
browser	Run pnpm exec playwright install --with-deps	2026-10-08T04:00:09.1709519Z Unpacking libevent-2.1-7t64:amd64 (2.1.12-stable-9ubuntu2.2) ...
browser	Run pnpm exec playwright install --with-deps	2026-10-08T04:00:09.2006461Z Preparing to unpack .../123-libevent-pthreads-2.1-7t64_2.1.12-stable-9ubuntu2.2_amd64.deb ...
browser	Run pnpm exec playwright install --with-deps	2026-10-08T04:00:09.2171775Z Unpacking libevent-pthreads-2.1-7t64:amd64 (2.1.12-stable-9ubuntu2.2) over (2.1.12-stable-9ubuntu2.1) ...
browser	Run pnpm exec playwright install --with-deps	2026-10-08T04:00:09.2495539Z Preparing to unpack .../124-libevent-core-2.1-7t64_2.1.12-stable-9ubuntu2.2_amd64.deb ...
browser	Run pnpm exec playwright install --with-deps	2026-10-08T04:00:09.2694347Z Unpacking libevent-core-2.1-7t64:amd64 (2.1.12-stable-9ubuntu2.2) over (2.1.12-stable-9ubuntu2.1) ...
browser	Run pnpm exec playwright install --with-deps	2026-10-08T04:00:09.2892519Z Selecting previously unselected package libfaad2:amd64.
browser	Run pnpm exec playwright install --with-deps	2026-10-08T04:00:09.3005780Z Preparing to unpack .../125-libfaad2_2.11.1-1build1_amd64.deb ...
browser	Run pnpm exec playwright install --with-deps	2026-10-08T04:00:09.3014700Z Unpacking libfaad2:amd64 (2.11.1-1build1) ...
browser	Run pnpm exec playwright install --with-deps	2026-10-08T04:00:09.3217277Z Selecting previously unselected package libinstpatch-1.0-2:amd64.
browser	Run pnpm exec playwright install --with-deps	2026-10-08T04:00:09.3326492Z Preparing to unpack .../126-libinstpatch-1.0-2_1.1.6-1build2_amd64.deb ...
browser	Run pnpm exec playwright install --with-deps	2026-10-08T04:00:09.3333350Z Unpacking libinstpatch-1.0-2:amd64 (1.1.6-1build2) ...
browser	Run pnpm exec playwright install --with-deps	2026-10-08T04:00:09.3527095Z Selecting previously unselected package libjack-jackd2-0:amd64.
browser	Run pnpm exec playwright install --with-deps	2026-10-08T04:00:09.3635727Z Preparing to unpack .../127-libjack-jackd2-0_1.9.21~dfsg-3ubuntu3_amd64.deb ...
browser	Run pnpm exec playwright install --with-deps	2026-10-08T04:00:09.3642531Z Unpacking libjack-jackd2-0:amd64 (1.9.21~dfsg-3ubuntu3) ...
browser	Run pnpm exec playwright install --with-deps	2026-10-08T04:00:09.3841363Z Selecting previously unselected package libwebrtc-audio-processing1:amd64.
browser	Run pnpm exec playwright install --with-deps	2026-10-08T04:00:09.3952235Z Preparing to unpack .../128-libwebrtc-audio-processing1_0.3.1-0ubuntu6_amd64.deb ...
browser	Run pnpm exec playwright install --with-deps	2026-10-08T04:00:09.3960189Z Unpacking libwebrtc-audio-processing1:amd64 (0.3.1-0ubuntu6) ...
browser	Run pnpm exec playwright install --with-deps	2026-10-08T04:00:09.4140671Z Selecting previously unselected package libspa-0.2-modules:amd64.
browser	Run pnpm exec playwright install --with-deps	2026-10-08T04:00:09.4249763Z Preparing to unpack .../129-libspa-0.2-modules_1.0.5-1ubuntu3.3_amd64.deb ...
browser	Run pnpm exec playwright install --with-deps	2026-10-08T04:00:09.4284640Z Unpacking libspa-0.2-modules:amd64 (1.0.5-1ubuntu3.3) ...
browser	Run pnpm exec playwright install --with-deps	2026-10-08T04:00:09.4532690Z Selecting previously unselected package libpipewire-0.3-0t64:amd64.
browser	Run pnpm exec playwright install --with-deps	2026-10-08T04:00:09.4642310Z Preparing to unpack .../130-libpipewire-0.3-0t64_1.0.5-1ubuntu3.3_amd64.deb ...
browser	Run pnpm exec playwright install --with-deps	2026-10-08T04:00:09.4648156Z Unpacking libpipewire-0.3-0t64:amd64 (1.0.5-1ubuntu3.3) ...
browser	Run pnpm exec playwright install --with-deps	2026-10-08T04:00:09.5031092Z Selecting previously unselected package libsdl2-2.0-0:amd64.
browser	Run pnpm exec playwright install --with-deps	2026-10-08T04:00:09.5140814Z Preparing to unpack .../131-libsdl2-2.0-0_2.30.0+dfsg-1ubuntu3.1_amd64.deb ...
browser	Run pnpm exec playwright install --with-deps	2026-10-08T04:00:09.5147590Z Unpacking libsdl2-2.0-0:amd64 (2.30.0+dfsg-1ubuntu3.1) ...
browser	Run pnpm exec playwright install --with-deps	2026-10-08T04:00:09.5379275Z Selecting previously unselected package timgm6mb-soundfont.
browser	Run pnpm exec playwright install --with-deps	2026-10-08T04:00:09.5489964Z Preparing to unpack .../132-timgm6mb-soundfont_1.3-5_all.deb ...
browser	Run pnpm exec playwright install --with-deps	2026-10-08T04:00:09.5495781Z Unpacking timgm6mb-soundfont (1.3-5) ...
browser	Run pnpm exec playwright install --with-deps	2026-10-08T04:00:09.8610873Z Selecting previously unselected package libfluidsynth3:amd64.
browser	Run pnpm exec playwright install --with-deps	2026-10-08T04:00:09.8720983Z Preparing to unpack .../133-libfluidsynth3_2.3.4-1build3_amd64.deb ...
browser	Run pnpm exec playwright install --with-deps	2026-10-08T04:00:09.8729231Z Unpacking libfluidsynth3:amd64 (2.3.4-1build3) ...
browser	Run pnpm exec playwright install --with-deps	2026-10-08T04:00:09.8911923Z Selecting previously unselected package libfreeaptx0:amd64.
browser	Run pnpm exec playwright install --with-deps	2026-10-08T04:00:09.9020047Z Preparing to unpack .../134-libfreeaptx0_0.1.1-2build1_amd64.deb ...
browser	Run pnpm exec playwright install --with-deps	2026-10-08T04:00:09.9168371Z Unpacking libfreeaptx0:amd64 (0.1.1-2build1) ...
browser	Run pnpm exec playwright install --with-deps	2026-10-08T04:00:09.9335902Z Selecting previously unselected package libgraphene-1.0-0:amd64.
browser	Run pnpm exec playwright install --with-deps	2026-10-08T04:00:09.9440172Z Preparing to unpack .../135-libgraphene-1.0-0_1.10.8-3build2_amd64.deb ...
browser	Run pnpm exec playwright install --with-deps	2026-10-08T04:00:09.9448360Z Unpacking libgraphene-1.0-0:amd64 (1.10.8-3build2) ...
browser	Run pnpm exec playwright install --with-deps	2026-10-08T04:00:09.9610497Z Selecting previously unselected package libgssdp-1.6-0:amd64.
browser	Run pnpm exec playwright install --with-deps	2026-10-08T04:00:09.9719826Z Preparing to unpack .../136-libgssdp-1.6-0_1.6.3-1build3_amd64.deb ...
browser	Run pnpm exec playwright install --with-deps	2026-10-08T04:00:09.9725808Z Unpacking libgssdp-1.6-0:amd64 (1.6.3-1build3) ...
browser	Run pnpm exec playwright install --with-deps	2026-10-08T04:00:09.9900957Z Selecting previously unselected package libegl1:amd64.
browser	Run pnpm exec playwright install --with-deps	2026-10-08T04:00:10.0004158Z Preparing to unpack .../137-libegl1_1.7.0-1build1_amd64.deb ...
browser	Run pnpm exec playwright install --with-deps	2026-10-08T04:00:10.0010632Z Unpacking libegl1:amd64 (1.7.0-1build1) ...
browser	Run pnpm exec playwright install --with-deps	2026-10-08T04:00:10.0185171Z Selecting previously unselected package libgstreamer-gl1.0-0:amd64.
browser	Run pnpm exec playwright install --with-deps	2026-10-08T04:00:10.0289630Z Preparing to unpack .../138-libgstreamer-gl1.0-0_1.24.2-1ubuntu0.5_amd64.deb ...
browser	Run pnpm exec playwright install --with-deps	2026-10-08T04:00:10.0298125Z Unpacking libgstreamer-gl1.0-0:amd64 (1.24.2-1ubuntu0.5) ...
browser	Run pnpm exec playwright install --with-deps	2026-10-08T04:00:10.0472350Z Selecting previously unselected package libgtk-4-common.
browser	Run pnpm exec playwright install --with-deps	2026-10-08T04:00:10.0579771Z Preparing to unpack .../139-libgtk-4-common_4.14.5+ds-0ubuntu0.10_all.deb ...
browser	Run pnpm exec playwright install --with-deps	2026-10-08T04:00:10.0623902Z Unpacking libgtk-4-common (4.14.5+ds-0ubuntu0.10) ...
browser	Run pnpm exec playwright install --with-deps	2026-10-08T04:00:10.1212399Z Selecting previously unselected package libgtk-4-1:amd64.
browser	Run pnpm exec playwright install --with-deps	2026-10-08T04:00:10.1322018Z Preparing to unpack .../140-libgtk-4-1_4.14.5+ds-0ubuntu0.10_amd64.deb ...
browser	Run pnpm exec playwright install --with-deps	2026-10-08T04:00:10.1329509Z Unpacking libgtk-4-1:amd64 (4.14.5+ds-0ubuntu0.10) ...
browser	Run pnpm exec playwright install --with-deps	2026-10-08T04:00:10.2476004Z Selecting previously unselected package libgupnp-1.6-0:amd64.
browser	Run pnpm exec playwright install --with-deps	2026-10-08T04:00:10.2589434Z Preparing to unpack .../141-libgupnp-1.6-0_1.6.6-1build3_amd64.deb ...
browser	Run pnpm exec playwright install --with-deps	2026-10-08T04:00:10.2596285Z Unpacking libgupnp-1.6-0:amd64 (1.6.6-1build3) ...
browser	Run pnpm exec playwright install --with-deps	2026-10-08T04:00:10.2809948Z Selecting previously unselected package libgupnp-igd-1.6-0:amd64.
browser	Run pnpm exec playwright install --with-deps	2026-10-08T04:00:10.2915239Z Preparing to unpack .../142-libgupnp-igd-1.6-0_1.6.0-3build3_amd64.deb ...
browser	Run pnpm exec playwright install --with-deps	2026-10-08T04:00:10.2923387Z Unpacking libgupnp-igd-1.6-0:amd64 (1.6.0-3build3) ...
browser	Run pnpm exec playwright install --with-deps	2026-10-08T04:00:10.3112607Z Selecting previously unselected package libharfbuzz-icu0:amd64.
browser	Run pnpm exec playwright install --with-deps	2026-10-08T04:00:10.3219282Z Preparing to unpack .../143-libharfbuzz-icu0_8.3.0-2build2_amd64.deb ...
browser	Run pnpm exec playwright install --with-deps	2026-10-08T04:00:10.3227803Z Unpacking libharfbuzz-icu0:amd64 (8.3.0-2build2) ...
browser	Run pnpm exec playwright install --with-deps	2026-10-08T04:00:10.3399550Z Selecting previously unselected package libhyphen0:amd64.
browser	Run pnpm exec playwright install --with-deps	2026-10-08T04:00:10.3505688Z Preparing to unpack .../144-libhyphen0_2.8.8-7build3_amd64.deb ...
browser	Run pnpm exec playwright install --with-deps	2026-10-08T04:00:10.3512559Z Unpacking libhyphen0:amd64 (2.8.8-7build3) ...
browser	Run pnpm exec playwright install --with-deps	2026-10-08T04:00:10.3676834Z Selecting previously unselected package libimath-3-1-29t64:amd64.
browser	Run pnpm exec playwright install --with-deps	2026-10-08T04:00:10.3781238Z Preparing to unpack .../145-libimath-3-1-29t64_3.1.9-3.1ubuntu2_amd64.deb ...
browser	Run pnpm exec playwright install --with-deps	2026-10-08T04:00:10.3789990Z Unpacking libimath-3-1-29t64:amd64 (3.1.9-3.1ubuntu2) ...
browser	Run pnpm exec playwright install --with-deps	2026-10-08T04:00:10.4069641Z Selecting previously unselected package liblc3-1:amd64.
browser	Run pnpm exec playwright install --with-deps	2026-10-08T04:00:10.4175633Z Preparing to unpack .../146-liblc3-1_1.0.4-3build1_amd64.deb ...
browser	Run pnpm exec playwright install --with-deps	2026-10-08T04:00:10.4184411Z Unpacking liblc3-1:amd64 (1.0.4-3build1) ...
browser	Run pnpm exec playwright install --with-deps	2026-10-08T04:00:10.4355326Z Selecting previously unselected package libldacbt-enc2:amd64.
browser	Run pnpm exec playwright install --with-deps	2026-10-08T04:00:10.4460002Z Preparing to unpack .../147-libldacbt-enc2_2.0.2.3+git20200429+ed310a0-4ubuntu2_amd64.deb ...
browser	Run pnpm exec playwright install --with-deps	2026-10-08T04:00:10.4466349Z Unpacking libldacbt-enc2:amd64 (2.0.2.3+git20200429+ed310a0-4ubuntu2) ...
browser	Run pnpm exec playwright install --with-deps	2026-10-08T04:00:10.4635456Z Selecting previously unselected package libraptor2-0:amd64.
browser	Run pnpm exec playwright install --with-deps	2026-10-08T04:00:10.4743827Z Preparing to unpack .../148-libraptor2-0_2.0.16-3ubuntu0.1_amd64.deb ...
browser	Run pnpm exec playwright install --with-deps	2026-10-08T04:00:10.4750619Z Unpacking libraptor2-0:amd64 (2.0.16-3ubuntu0.1) ...
browser	Run pnpm exec playwright install --with-deps	2026-10-08T04:00:10.4934957Z Selecting previously unselected package liblrdf0:amd64.
browser	Run pnpm exec playwright install --with-deps	2026-10-08T04:00:10.5040339Z Preparing to unpack .../149-liblrdf0_0.6.1-4build1_amd64.deb ...
browser	Run pnpm exec playwright install --with-deps	2026-10-08T04:00:10.5047087Z Unpacking liblrdf0:amd64 (0.6.1-4build1) ...
browser	Run pnpm exec playwright install --with-deps	2026-10-08T04:00:10.5217063Z Selecting previously unselected package libltc11:amd64.
browser	Run pnpm exec playwright install --with-deps	2026-10-08T04:00:10.5318778Z Preparing to unpack .../150-libltc11_1.3.2-1build1_amd64.deb ...
browser	Run pnpm exec playwright install --with-deps	2026-10-08T04:00:10.5324719Z Unpacking libltc11:amd64 (1.3.2-1build1) ...
browser	Run pnpm exec playwright install --with-deps	2026-10-08T04:00:10.5487891Z Selecting previously unselected package libmanette-0.2-0:amd64.
browser	Run pnpm exec playwright install --with-deps	2026-10-08T04:00:10.5594146Z Preparing to unpack .../151-libmanette-0.2-0_0.2.7-1build2_amd64.deb ...
browser	Run pnpm exec playwright install --with-deps	2026-10-08T04:00:10.5657535Z Unpacking libmanette-0.2-0:amd64 (0.2.7-1build2) ...
browser	Run pnpm exec playwright install --with-deps	2026-10-08T04:00:10.5830215Z Selecting previously unselected package libmfx1:amd64.
browser	Run pnpm exec playwright install --with-deps	2026-10-08T04:00:10.5935779Z Preparing to unpack .../152-libmfx1_22.5.4-1_amd64.deb ...
browser	Run pnpm exec playwright install --with-deps	2026-10-08T04:00:10.5943129Z Unpacking libmfx1:amd64 (22.5.4-1) ...
browser	Run pnpm exec playwright install --with-deps	2026-10-08T04:00:10.7785017Z Selecting previously unselected package libmjpegutils-2.1-0t64:amd64.
browser	Run pnpm exec playwright install --with-deps	2026-10-08T04:00:10.7894631Z Preparing to unpack .../153-libmjpegutils-2.1-0t64_1%3a2.1.0+debian-8.1build1_amd64.deb ...
browser	Run pnpm exec playwright install --with-deps	2026-10-08T04:00:10.7900602Z Unpacking libmjpegutils-2.1-0t64:amd64 (1:2.1.0+debian-8.1build1) ...
browser	Run pnpm exec playwright install --with-deps	2026-10-08T04:00:10.8069698Z Selecting previously unselected package libmodplug1:amd64.
browser	Run pnpm exec playwright install --with-deps	2026-10-08T04:00:10.8176679Z Preparing to unpack .../154-libmodplug1_1%3a0.8.9.0-3build1_amd64.deb ...
browser	Run pnpm exec playwright install --with-deps	2026-10-08T04:00:10.8183088Z Unpacking libmodplug1:amd64 (1:0.8.9.0-3build1) ...
browser	Run pnpm exec playwright install --with-deps	2026-10-08T04:00:10.8359464Z Selecting previously unselected package libmpcdec6:amd64.
browser	Run pnpm exec playwright install --with-deps	2026-10-08T04:00:10.8467230Z Preparing to unpack .../155-libmpcdec6_2%3a0.1~r495-2build1_amd64.deb ...
browser	Run pnpm exec playwright install --with-deps	2026-10-08T04:00:10.8473696Z Unpacking libmpcdec6:amd64 (2:0.1~r495-2build1) ...
browser	Run pnpm exec playwright install --with-deps	2026-10-08T04:00:10.8643763Z Selecting previously unselected package libmpeg2encpp-2.1-0t64:amd64.
browser	Run pnpm exec playwright install --with-deps	2026-10-08T04:00:10.8750024Z Preparing to unpack .../156-libmpeg2encpp-2.1-0t64_1%3a2.1.0+debian-8.1build1_amd64.deb ...
browser	Run pnpm exec playwright install --with-deps	2026-10-08T04:00:10.8757074Z Unpacking libmpeg2encpp-2.1-0t64:amd64 (1:2.1.0+debian-8.1build1) ...
browser	Run pnpm exec playwright install --with-deps	2026-10-08T04:00:10.9376429Z Selecting previously unselected package libmplex2-2.1-0t64:amd64.
browser	Run pnpm exec playwright install --with-deps	2026-10-08T04:00:10.9486497Z Preparing to unpack .../157-libmplex2-2.1-0t64_1%3a2.1.0+debian-8.1build1_amd64.deb ...
browser	Run pnpm exec playwright install --with-deps	2026-10-08T04:00:10.9494760Z Unpacking libmplex2-2.1-0t64:amd64 (1:2.1.0+debian-8.1build1) ...
browser	Run pnpm exec playwright install --with-deps	2026-10-08T04:00:10.9665196Z Selecting previously unselected package libneon27t64:amd64.
browser	Run pnpm exec playwright install --with-deps	2026-10-08T04:00:10.9773086Z Preparing to unpack .../158-libneon27t64_0.33.0-1.1build3_amd64.deb ...
browser	Run pnpm exec playwright install --with-deps	2026-10-08T04:00:10.9780856Z Unpacking libneon27t64:amd64 (0.33.0-1.1build3) ...
browser	Run pnpm exec playwright install --with-deps	2026-10-08T04:00:10.9980591Z Selecting previously unselected package libnice10:amd64.
browser	Run pnpm exec playwright install --with-deps	2026-10-08T04:00:11.0087748Z Preparing to unpack .../159-libnice10_0.1.21-2build3_amd64.deb ...
browser	Run pnpm exec playwright install --with-deps	2026-10-08T04:00:11.0097122Z Unpacking libnice10:amd64 (0.1.21-2build3) ...
browser	Run pnpm exec playwright install --with-deps	2026-10-08T04:00:11.0277797Z Selecting previously unselected package libopenal-data.
browser	Run pnpm exec playwright install --with-deps	2026-10-08T04:00:11.0380774Z Preparing to unpack .../160-libopenal-data_1%3a1.23.1-4build1_all.deb ...
browser	Run pnpm exec playwright install --with-deps	2026-10-08T04:00:11.0386861Z Unpacking libopenal-data (1:1.23.1-4build1) ...
browser	Run pnpm exec playwright install --with-deps	2026-10-08T04:00:11.0569056Z Selecting previously unselected package libopenexr-3-1-30:amd64.
browser	Run pnpm exec playwright install --with-deps	2026-10-08T04:00:11.0676509Z Preparing to unpack .../161-libopenexr-3-1-30_3.1.5-5.1build3_amd64.deb ...
browser	Run pnpm exec playwright install --with-deps	2026-10-08T04:00:11.0682962Z Unpacking libopenexr-3-1-30:amd64 (3.1.5-5.1build3) ...
browser	Run pnpm exec playwright install --with-deps	2026-10-08T04:00:11.1171350Z Selecting previously unselected package libopenh264-7:amd64.
browser	Run pnpm exec playwright install --with-deps	2026-10-08T04:00:11.1279667Z Preparing to unpack .../162-libopenh264-7_2.4.1+dfsg-1_amd64.deb ...
browser	Run pnpm exec playwright install --with-deps	2026-10-08T04:00:11.1287057Z Unpacking libopenh264-7:amd64 (2.4.1+dfsg-1) ...
browser	Run pnpm exec playwright install --with-deps	2026-10-08T04:00:11.1492580Z Selecting previously unselected package libopenni2-0:amd64.
browser	Run pnpm exec playwright install --with-deps	2026-10-08T04:00:11.1603000Z Preparing to unpack .../163-libopenni2-0_2.2.0.33+dfsg-18_amd64.deb ...
browser	Run pnpm exec playwright install --with-deps	2026-10-08T04:00:11.1630873Z Unpacking libopenni2-0:amd64 (2.2.0.33+dfsg-18) ...
browser	Run pnpm exec playwright install --with-deps	2026-10-08T04:00:11.2039845Z Selecting previously unselected package libqrencode4:amd64.
browser	Run pnpm exec playwright install --with-deps	2026-10-08T04:00:11.2145877Z Preparing to unpack .../164-libqrencode4_4.1.1-1build2_amd64.deb ...
browser	Run pnpm exec playwright install --with-deps	2026-10-08T04:00:11.2152411Z Unpacking libqrencode4:amd64 (4.1.1-1build2) ...
browser	Run pnpm exec playwright install --with-deps	2026-10-08T04:00:11.2308819Z Selecting previously unselected package libsecret-common.
browser	Run pnpm exec playwright install --with-deps	2026-10-08T04:00:11.2417089Z Preparing to unpack .../165-libsecret-common_0.21.4-1build3_all.deb ...
browser	Run pnpm exec playwright install --with-deps	2026-10-08T04:00:11.2539536Z Unpacking libsecret-common (0.21.4-1build3) ...
browser	Run pnpm exec playwright install --with-deps	2026-10-08T04:00:11.2703044Z Selecting previously unselected package libsecret-1-0:amd64.
browser	Run pnpm exec playwright install --with-deps	2026-10-08T04:00:11.2807276Z Preparing to unpack .../166-libsecret-1-0_0.21.4-1build3_amd64.deb ...
browser	Run pnpm exec playwright install --with-deps	2026-10-08T04:00:11.2813399Z Unpacking libsecret-1-0:amd64 (0.21.4-1build3) ...
browser	Run pnpm exec playwright install --with-deps	2026-10-08T04:00:11.2999238Z Selecting previously unselected package libsndio7.0:amd64.
browser	Run pnpm exec playwright install --with-deps	2026-10-08T04:00:11.3105857Z Preparing to unpack .../167-libsndio7.0_1.9.0-0.3build3_amd64.deb ...
browser	Run pnpm exec playwright install --with-deps	2026-10-08T04:00:11.3122275Z Unpacking libsndio7.0:amd64 (1.9.0-0.3build3) ...
browser	Run pnpm exec playwright install --with-deps	2026-10-08T04:00:11.3304106Z Selecting previously unselected package libsoundtouch1:amd64.
browser	Run pnpm exec playwright install --with-deps	2026-10-08T04:00:11.3412710Z Preparing to unpack .../168-libsoundtouch1_2.3.2+ds1-1build1_amd64.deb ...
browser	Run pnpm exec playwright install --with-deps	2026-10-08T04:00:11.3418702Z Unpacking libsoundtouch1:amd64 (2.3.2+ds1-1build1) ...
browser	Run pnpm exec playwright install --with-deps	2026-10-08T04:00:11.3615482Z Selecting previously unselected package libspandsp2t64:amd64.
browser	Run pnpm exec playwright install --with-deps	2026-10-08T04:00:11.3719828Z Preparing to unpack .../169-libspandsp2t64_0.0.6+dfsg-2.1build1_amd64.deb ...
browser	Run pnpm exec playwright install --with-deps	2026-10-08T04:00:11.3726630Z Unpacking libspandsp2t64:amd64 (0.0.6+dfsg-2.1build1) ...
browser	Run pnpm exec playwright install --with-deps	2026-10-08T04:00:11.3918715Z Selecting previously unselected package libsrtp2-1:amd64.
browser	Run pnpm exec playwright install --with-deps	2026-10-08T04:00:11.4024767Z Preparing to unpack .../170-libsrtp2-1_2.5.0-3build1_amd64.deb ...
browser	Run pnpm exec playwright install --with-deps	2026-10-08T04:00:11.4140330Z Unpacking libsrtp2-1:amd64 (2.5.0-3build1) ...
browser	Run pnpm exec playwright install --with-deps	2026-10-08T04:00:11.4312412Z Selecting previously unselected package libwayland-server0:amd64.
browser	Run pnpm exec playwright install --with-deps	2026-10-08T04:00:11.4423764Z Preparing to unpack .../171-libwayland-server0_1.22.0-2.1build1_amd64.deb ...
browser	Run pnpm exec playwright install --with-deps	2026-10-08T04:00:11.4431862Z Unpacking libwayland-server0:amd64 (1.22.0-2.1build1) ...
browser	Run pnpm exec playwright install --with-deps	2026-10-08T04:00:11.5261518Z Selecting previously unselected package libwildmidi2:amd64.
browser	Run pnpm exec playwright install --with-deps	2026-10-08T04:00:11.5376110Z Preparing to unpack .../172-libwildmidi2_0.4.3-1build3_amd64.deb ...
browser	Run pnpm exec playwright install --with-deps	2026-10-08T04:00:11.5384773Z Unpacking libwildmidi2:amd64 (0.4.3-1build3) ...
browser	Run pnpm exec playwright install --with-deps	2026-10-08T04:00:11.5559327Z Selecting previously unselected package libwoff1:amd64.
browser	Run pnpm exec playwright install --with-deps	2026-10-08T04:00:11.5668640Z Preparing to unpack .../173-libwoff1_1.0.2-2build1_amd64.deb ...
browser	Run pnpm exec playwright install --with-deps	2026-10-08T04:00:11.5731734Z Unpacking libwoff1:amd64 (1.0.2-2build1) ...
browser	Run pnpm exec playwright install --with-deps	2026-10-08T04:00:11.5907403Z Selecting previously unselected package libxcb-xkb1:amd64.
browser	Run pnpm exec playwright install --with-deps	2026-10-08T04:00:11.6014254Z Preparing to unpack .../174-libxcb-xkb1_1.15-1ubuntu2_amd64.deb ...
browser	Run pnpm exec playwright install --with-deps	2026-10-08T04:00:11.6021628Z Unpacking libxcb-xkb1:amd64 (1.15-1ubuntu2) ...
browser	Run pnpm exec playwright install --with-deps	2026-10-08T04:00:11.6289007Z Selecting previously unselected package libxkbcommon-x11-0:amd64.
browser	Run pnpm exec playwright install --with-deps	2026-10-08T04:00:11.6395195Z Preparing to unpack .../175-libxkbcommon-x11-0_1.6.0-1build1_amd64.deb ...
browser	Run pnpm exec playwright install --with-deps	2026-10-08T04:00:11.6403078Z Unpacking libxkbcommon-x11-0:amd64 (1.6.0-1build1) ...
browser	Run pnpm exec playwright install --with-deps	2026-10-08T04:00:11.6566395Z Selecting previously unselected package libzbar0t64:amd64.
browser	Run pnpm exec playwright install --with-deps	2026-10-08T04:00:11.6674434Z Preparing to unpack .../176-libzbar0t64_0.23.93-4build3_amd64.deb ...
browser	Run pnpm exec playwright install --with-deps	2026-10-08T04:00:11.6691357Z Unpacking libzbar0t64:amd64 (0.23.93-4build3) ...
browser	Run pnpm exec playwright install --with-deps	2026-10-08T04:00:11.6870702Z Selecting previously unselected package libzxing3:amd64.
browser	Run pnpm exec playwright install --with-deps	2026-10-08T04:00:11.6975909Z Preparing to unpack .../177-libzxing3_2.2.1-3_amd64.deb ...
browser	Run pnpm exec playwright install --with-deps	2026-10-08T04:00:11.6985508Z Unpacking libzxing3:amd64 (2.2.1-3) ...
browser	Run pnpm exec playwright install --with-deps	2026-10-08T04:00:11.7185951Z Selecting previously unselected package xfonts-encodings.
browser	Run pnpm exec playwright install --with-deps	2026-10-08T04:00:11.7295805Z Preparing to unpack .../178-xfonts-encodings_1%3a1.0.5-0ubuntu2_all.deb ...
browser	Run pnpm exec playwright install --with-deps	2026-10-08T04:00:11.7322743Z Unpacking xfonts-encodings (1:1.0.5-0ubuntu2) ...
browser	Run pnpm exec playwright install --with-deps	2026-10-08T04:00:11.7553019Z Selecting previously unselected package xfonts-utils.
browser	Run pnpm exec playwright install --with-deps	2026-10-08T04:00:11.7663658Z Preparing to unpack .../179-xfonts-utils_1%3a7.7+6build3_amd64.deb ...
browser	Run pnpm exec playwright install --with-deps	2026-10-08T04:00:11.7669284Z Unpacking xfonts-utils (1:7.7+6build3) ...
browser	Run pnpm exec playwright install --with-deps	2026-10-08T04:00:11.8165236Z Selecting previously unselected package xfonts-cyrillic.
browser	Run pnpm exec playwright install --with-deps	2026-10-08T04:00:11.8277371Z Preparing to unpack .../180-xfonts-cyrillic_1%3a1.0.5+nmu1_all.deb ...
browser	Run pnpm exec playwright install --with-deps	2026-10-08T04:00:11.8283498Z Unpacking xfonts-cyrillic (1:1.0.5+nmu1) ...
browser	Run pnpm exec playwright install --with-deps	2026-10-08T04:00:11.8544492Z Selecting previously unselected package xfonts-scalable.
browser	Run pnpm exec playwright install --with-deps	2026-10-08T04:00:11.8652849Z Preparing to unpack .../181-xfonts-scalable_1%3a1.0.3-1.3_all.deb ...
browser	Run pnpm exec playwright install --with-deps	2026-10-08T04:00:11.8660655Z Unpacking xfonts-scalable (1:1.0.3-1.3) ...
browser	Run pnpm exec playwright install --with-deps	2026-10-08T04:00:11.8931533Z Selecting previously unselected package libgstreamer-plugins-bad1.0-0:amd64.
browser	Run pnpm exec playwright install --with-deps	2026-10-08T04:00:11.9043163Z Preparing to unpack .../182-libgstreamer-plugins-bad1.0-0_1.24.2-1ubuntu4_amd64.deb ...
browser	Run pnpm exec playwright install --with-deps	2026-10-08T04:00:11.9049383Z Unpacking libgstreamer-plugins-bad1.0-0:amd64 (1.24.2-1ubuntu4) ...
browser	Run pnpm exec playwright install --with-deps	2026-10-08T04:00:11.9362738Z Selecting previously unselected package libdca0:amd64.
browser	Run pnpm exec playwright install --with-deps	2026-10-08T04:00:11.9472833Z Preparing to unpack .../183-libdca0_0.0.7-2build1_amd64.deb ...
browser	Run pnpm exec playwright install --with-deps	2026-10-08T04:00:11.9478641Z Unpacking libdca0:amd64 (0.0.7-2build1) ...
browser	Run pnpm exec playwright install --with-deps	2026-10-08T04:00:11.9653308Z Selecting previously unselected package libopenal1:amd64.
browser	Run pnpm exec playwright install --with-deps	2026-10-08T04:00:11.9759849Z Preparing to unpack .../184-libopenal1_1%3a1.23.1-4build1_amd64.deb ...
browser	Run pnpm exec playwright install --with-deps	2026-10-08T04:00:11.9765665Z Unpacking libopenal1:amd64 (1:1.23.1-4build1) ...
browser	Run pnpm exec playwright install --with-deps	2026-10-08T04:00:11.9967861Z Selecting previously unselected package libsbc1:amd64.
browser	Run pnpm exec playwright install --with-deps	2026-10-08T04:00:12.0074479Z Preparing to unpack .../185-libsbc1_2.0-1build1_amd64.deb ...
browser	Run pnpm exec playwright install --with-deps	2026-10-08T04:00:12.0080396Z Unpacking libsbc1:amd64 (2.0-1build1) ...
browser	Run pnpm exec playwright install --with-deps	2026-10-08T04:00:12.0257781Z Selecting previously unselected package libvo-aacenc0:amd64.
browser	Run pnpm exec playwright install --with-deps	2026-10-08T04:00:12.0363408Z Preparing to unpack .../186-libvo-aacenc0_0.1.3-2build1_amd64.deb ...
browser	Run pnpm exec playwright install --with-deps	2026-10-08T04:00:12.0373618Z Unpacking libvo-aacenc0:amd64 (0.1.3-2build1) ...
browser	Run pnpm exec playwright install --with-deps	2026-10-08T04:00:12.0742711Z Selecting previously unselected package libvo-amrwbenc0:amd64.
browser	Run pnpm exec playwright install --with-deps	2026-10-08T04:00:12.0853835Z Preparing to unpack .../187-libvo-amrwbenc0_0.1.3-2build1_amd64.deb ...
browser	Run pnpm exec playwright install --with-deps	2026-10-08T04:00:12.0859957Z Unpacking libvo-amrwbenc0:amd64 (0.1.3-2build1) ...
browser	Run pnpm exec playwright install --with-deps	2026-10-08T04:00:12.1028546Z Selecting previously unselected package gstreamer1.0-plugins-bad:amd64.
browser	Run pnpm exec playwright install --with-deps	2026-10-08T04:00:12.1133124Z Preparing to unpack .../188-gstreamer1.0-plugins-bad_1.24.2-1ubuntu4_amd64.deb ...
browser	Run pnpm exec playwright install --with-deps	2026-10-08T04:00:12.1138966Z Unpacking gstreamer1.0-plugins-bad:amd64 (1.24.2-1ubuntu4) ...
browser	Run pnpm exec playwright install --with-deps	2026-10-08T04:00:12.3342779Z Setting up libgme0:amd64 (0.6.3-7build1) ...
browser	Run pnpm exec playwright install --with-deps	2026-10-08T04:00:12.3368490Z Setting up libchromaprint1:amd64 (1.5.1-5) ...
browser	Run pnpm exec playwright install --with-deps	2026-10-08T04:00:12.3382060Z Setting up libssh-gcrypt-4:amd64 (0.10.6-2ubuntu0.5) ...
browser	Run pnpm exec playwright install --with-deps	2026-10-08T04:00:12.3395011Z Setting up libhwy1t64:amd64 (1.0.7-8.1build1) ...
browser	Run pnpm exec playwright install --with-deps	2026-10-08T04:00:12.3411932Z Setting up libfreeaptx0:amd64 (0.1.1-2build1) ...
browser	Run pnpm exec playwright install --with-deps	2026-10-08T04:00:12.3424678Z Setting up libdvdread8t64:amd64 (6.1.3-1.1build1) ...
browser	Run pnpm exec playwright install --with-deps	2026-10-08T04:00:12.3438642Z Setting up libudfread0:amd64 (1.1.2-1build1) ...
browser	Run pnpm exec playwright install --with-deps	2026-10-08T04:00:12.3452098Z Setting up libmodplug1:amd64 (1:0.8.9.0-3build1) ...
browser	Run pnpm exec playwright install --with-deps	2026-10-08T04:00:12.3466575Z Setting up libcdparanoia0:amd64 (3.10.2+debian-14build3) ...
browser	Run pnpm exec playwright install --with-deps	2026-10-08T04:00:12.3482313Z Setting up libwayland-server0:amd64 (1.22.0-2.1build1) ...
browser	Run pnpm exec playwright install --with-deps	2026-10-08T04:00:12.3495329Z Setting up libvo-amrwbenc0:amd64 (0.1.3-2build1) ...
browser	Run pnpm exec playwright install --with-deps	2026-10-08T04:00:12.3512171Z Setting up mesa-libgallium:amd64 (25.2.8-0ubuntu0.24.04.4) ...
browser	Run pnpm exec playwright install --with-deps	2026-10-08T04:00:12.3527421Z Setting up session-migration (0.3.9build1) ...
browser	Run pnpm exec playwright install --with-deps	2026-10-08T04:00:12.4707417Z Created symlink /etc/systemd/user/graphical-session-pre.target.wants/session-migration.service → /usr/lib/systemd/user/session-migration.service.
browser	Run pnpm exec playwright install --with-deps	2026-10-08T04:00:12.4708062Z 
browser	Run pnpm exec playwright install --with-deps	2026-10-08T04:00:12.4733861Z Setting up libraw1394-11:amd64 (2.1.2-2build3) ...
browser	Run pnpm exec playwright install --with-deps	2026-10-08T04:00:12.4750326Z Setting up libsbc1:amd64 (2.0-1build1) ...
browser	Run pnpm exec playwright install --with-deps	2026-10-08T04:00:12.4764914Z Setting up libproxy1v5:amd64 (0.5.4-4build1) ...
browser	Run pnpm exec playwright install --with-deps	2026-10-08T04:00:12.4780872Z Setting up libneon27t64:amd64 (0.33.0-1.1build3) ...
browser	Run pnpm exec playwright install --with-deps	2026-10-08T04:00:12.4795795Z Setting up libtag1v5-vanilla:amd64 (1.13.1-1build1) ...
browser	Run pnpm exec playwright install --with-deps	2026-10-08T04:00:12.4809041Z Setting up libharfbuzz-icu0:amd64 (8.3.0-2build2) ...
browser	Run pnpm exec playwright install --with-deps	2026-10-08T04:00:12.4823703Z Setting up libopenni2-0:amd64 (2.2.0.33+dfsg-18) ...
browser	Run pnpm exec playwright install --with-deps	2026-10-08T04:00:12.5040009Z Setting up libspeex1:amd64 (1.2.1-2ubuntu2.24.04.1) ...
browser	Run pnpm exec playwright install --with-deps	2026-10-08T04:00:12.5056683Z Setting up libshine3:amd64 (3.1.1-2build1) ...
browser	Run pnpm exec playwright install --with-deps	2026-10-08T04:00:12.5070834Z Setting up libcaca0:amd64 (0.99.beta20-4ubuntu0.2) ...
browser	Run pnpm exec playwright install --with-deps	2026-10-08T04:00:12.5084673Z Setting up libvpl2 (2023.3.0-1build1) ...
browser	Run pnpm exec playwright install --with-deps	2026-10-08T04:00:12.5099783Z Setting up libv4lconvert0t64:amd64 (1.26.1-4build3) ...
browser	Run pnpm exec playwright install --with-deps	2026-10-08T04:00:12.5115069Z Setting up libx264-164:amd64 (2:0.164.3108+git31e19f9-1) ...
browser	Run pnpm exec playwright install --with-deps	2026-10-08T04:00:12.5131343Z Setting up libtwolame0:amd64 (0.4.0-2build3) ...
browser	Run pnpm exec playwright install --with-deps	2026-10-08T04:00:12.5144281Z Setting up libmbedcrypto7t64:amd64 (2.28.8-1) ...
browser	Run pnpm exec playwright install --with-deps	2026-10-08T04:00:12.5157297Z Setting up libwoff1:amd64 (1.0.2-2build1) ...
browser	Run pnpm exec playwright install --with-deps	2026-10-08T04:00:12.5170690Z Setting up liblc3-1:amd64 (1.0.4-3build1) ...
browser	Run pnpm exec playwright install --with-deps	2026-10-08T04:00:12.5186475Z Setting up libqrencode4:amd64 (4.1.1-1build2) ...
browser	Run pnpm exec playwright install --with-deps	2026-10-08T04:00:12.5204043Z Setting up libhyphen0:amd64 (2.8.8-7build3) ...
browser	Run pnpm exec playwright install --with-deps	2026-10-08T04:00:12.5217926Z Setting up libgbm1:amd64 (25.2.8-0ubuntu0.24.04.4) ...
browser	Run pnpm exec playwright install --with-deps	2026-10-08T04:00:12.5233720Z Setting up libgsm1:amd64 (1.0.22-1build1) ...
browser	Run pnpm exec playwright install --with-deps	2026-10-08T04:00:12.5250565Z Setting up libvisual-0.4-0:amd64 (0.4.2-2build1) ...
browser	Run pnpm exec playwright install --with-deps	2026-10-08T04:00:12.5263544Z Setting up libsoxr0:amd64 (0.1.3-4build3) ...
browser	Run pnpm exec playwright install --with-deps	2026-10-08T04:00:12.5276769Z Setting up libzix-0-0:amd64 (0.4.2-2build1) ...
browser	Run pnpm exec playwright install --with-deps	2026-10-08T04:00:12.5420424Z Setting up libcodec2-1.2:amd64 (1.2.0-2build1) ...
browser	Run pnpm exec playwright install --with-deps	2026-10-08T04:00:12.5435398Z Setting up libmanette-0.2-0:amd64 (0.2.7-1build2) ...
browser	Run pnpm exec playwright install --with-deps	2026-10-08T04:00:12.5449981Z Setting up libsrtp2-1:amd64 (2.5.0-3build1) ...
browser	Run pnpm exec playwright install --with-deps	2026-10-08T04:00:12.5491471Z Setting up libgl1-mesa-dri:amd64 (25.2.8-0ubuntu0.24.04.4) ...
browser	Run pnpm exec playwright install --with-deps	2026-10-08T04:00:12.5555453Z Setting up libmysofa1:amd64 (1.3.2+dfsg-2ubuntu2) ...
browser	Run pnpm exec playwright install --with-deps	2026-10-08T04:00:12.5570579Z Setting up libraptor2-0:amd64 (2.0.16-3ubuntu0.1) ...
browser	Run pnpm exec playwright install --with-deps	2026-10-08T04:00:12.5586060Z Setting up libldacbt-enc2:amd64 (2.0.2.3+git20200429+ed310a0-4ubuntu2) ...
browser	Run pnpm exec playwright install --with-deps	2026-10-08T04:00:12.5600998Z Setting up fonts-wqy-zenhei (0.9.45-8) ...
browser	Run pnpm exec playwright install --with-deps	2026-10-08T04:00:12.5691488Z Setting up libwebrtc-audio-processing1:amd64 (0.3.1-0ubuntu6) ...
browser	Run pnpm exec playwright install --with-deps	2026-10-08T04:00:12.5708620Z Setting up fonts-freefont-ttf (20211204+svn4273-2) ...
browser	Run pnpm exec playwright install --with-deps	2026-10-08T04:00:12.5724579Z Setting up libevent-2.1-7t64:amd64 (2.1.12-stable-9ubuntu2.2) ...
browser	Run pnpm exec playwright install --with-deps	2026-10-08T04:00:12.5737746Z Setting up libsvtav1enc1d1:amd64 (1.7.0+dfsg-2build1) ...
browser	Run pnpm exec playwright install --with-deps	2026-10-08T04:00:12.5750819Z Setting up libsoup-3.0-common (3.4.4-5ubuntu0.9) ...
browser	Run pnpm exec playwright install --with-deps	2026-10-08T04:00:12.5765006Z Setting up libmpg123-0t64:amd64 (1.32.5-1ubuntu1.1) ...
browser	Run pnpm exec playwright install --with-deps	2026-10-08T04:00:12.5780417Z Setting up libcjson1:amd64 (1.7.17-1) ...
browser	Run pnpm exec playwright install --with-deps	2026-10-08T04:00:12.5793510Z Setting up libxvidcore4:amd64 (2:1.3.7-1build1) ...
browser	Run pnpm exec playwright install --with-deps	2026-10-08T04:00:12.5809412Z Setting up libmpcdec6:amd64 (2:0.1~r495-2build1) ...
browser	Run pnpm exec playwright install --with-deps	2026-10-08T04:00:12.5822772Z Setting up libmjpegutils-2.1-0t64:amd64 (1:2.1.0+debian-8.1build1) ...
browser	Run pnpm exec playwright install --with-deps	2026-10-08T04:00:12.5839639Z Setting up librav1e0:amd64 (0.7.1-2) ...
browser	Run pnpm exec playwright install --with-deps	2026-10-08T04:00:12.5853531Z Setting up liborc-0.4-0t64:amd64 (1:0.4.38-1ubuntu0.1) ...
browser	Run pnpm exec playwright install --with-deps	2026-10-08T04:00:12.5869549Z Setting up libxcb-xkb1:amd64 (1.15-1ubuntu2) ...
browser	Run pnpm exec playwright install --with-deps	2026-10-08T04:00:12.5883363Z Setting up libvo-aacenc0:amd64 (0.1.3-2build1) ...
browser	Run pnpm exec playwright install --with-deps	2026-10-08T04:00:12.5896898Z Setting up librist4:amd64 (0.2.10+dfsg-2) ...
browser	Run pnpm exec playwright install --with-deps	2026-10-08T04:00:12.5913111Z Setting up librsvg2-2:amd64 (2.58.0+dfsg-1ubuntu0.1) ...
browser	Run pnpm exec playwright install --with-deps	2026-10-08T04:00:12.5949438Z Setting up libblas3:amd64 (3.12.0-3build1.1) ...
browser	Run pnpm exec playwright install --with-deps	2026-10-08T04:00:12.5999282Z update-alternatives: using /usr/lib/x86_64-linux-gnu/blas/libblas.so.3 to provide /usr/lib/x86_64-linux-gnu/libblas.so.3 (libblas.so.3-x86_64-linux-gnu) in auto mode
browser	Run pnpm exec playwright install --with-deps	2026-10-08T04:00:12.6121057Z Setting up libegl-mesa0:amd64 (25.2.8-0ubuntu0.24.04.4) ...
browser	Run pnpm exec playwright install --with-deps	2026-10-08T04:00:12.6135671Z Setting up libsoundtouch1:amd64 (2.3.2+ds1-1build1) ...
browser	Run pnpm exec playwright install --with-deps	2026-10-08T04:00:12.6156871Z Setting up libplacebo338:amd64 (6.338.2-2build1) ...
browser	Run pnpm exec playwright install --with-deps	2026-10-08T04:00:12.6165458Z Setting up libgles2:amd64 (1.7.0-1build1) ...
browser	Run pnpm exec playwright install --with-deps	2026-10-08T04:00:12.6179374Z Setting up fonts-tlwg-loma-otf (1:0.7.3-1) ...
browser	Run pnpm exec playwright install --with-deps	2026-10-08T04:00:12.6194526Z Setting up libva2:amd64 (2.20.0-2ubuntu0.2) ...
browser	Run pnpm exec playwright install --with-deps	2026-10-08T04:00:12.6209616Z Setting up libspa-0.2-modules:amd64 (1.0.5-1ubuntu3.3) ...
browser	Run pnpm exec playwright install --with-deps	2026-10-08T04:00:12.6222613Z Setting up libzxing3:amd64 (2.2.1-3) ...
browser	Run pnpm exec playwright install --with-deps	2026-10-08T04:00:12.6239888Z Setting up xfonts-encodings (1:1.0.5-0ubuntu2) ...
browser	Run pnpm exec playwright install --with-deps	2026-10-08T04:00:12.6252529Z Setting up libopus0:amd64 (1.4-1build1) ...
browser	Run pnpm exec playwright install --with-deps	2026-10-08T04:00:12.6267202Z Setting up libfaad2:amd64 (2.11.1-1build1) ...
browser	Run pnpm exec playwright install --with-deps	2026-10-08T04:00:12.6280633Z Setting up libxkbcommon-x11-0:amd64 (1.6.0-1build1) ...
browser	Run pnpm exec playwright install --with-deps	2026-10-08T04:00:12.6295349Z Setting up libdc1394-25:amd64 (2.2.6-4build1) ...
browser	Run pnpm exec playwright install --with-deps	2026-10-08T04:00:12.6311816Z Setting up libpng16-16t64:amd64 (1.6.43-5ubuntu0.7) ...
browser	Run pnpm exec playwright install --with-deps	2026-10-08T04:00:12.6325157Z Setting up libimath-3-1-29t64:amd64 (3.1.9-3.1ubuntu2) ...
browser	Run pnpm exec playwright install --with-deps	2026-10-08T04:00:12.6340807Z Setting up libunibreak5:amd64 (5.1-2build1) ...
browser	Run pnpm exec playwright install --with-deps	2026-10-08T04:00:12.6354495Z Setting up libdv4t64:amd64 (1.0.0-17.1build1) ...
browser	Run pnpm exec playwright install --with-deps	2026-10-08T04:00:12.6368495Z Setting up libjxl0.7:amd64 (0.7.0-10.2ubuntu6.1) ...
browser	Run pnpm exec playwright install --with-deps	2026-10-08T04:00:12.6384901Z Setting up libopenh264-7:amd64 (2.4.1+dfsg-1) ...
browser	Run pnpm exec playwright install --with-deps	2026-10-08T04:00:12.6398141Z Setting up libltc11:amd64 (1.3.2-1build1) ...
browser	Run pnpm exec playwright install --with-deps	2026-10-08T04:00:12.6413646Z Setting up libx265-199:amd64 (3.5-2build1) ...
browser	Run pnpm exec playwright install --with-deps	2026-10-08T04:00:12.8093259Z Setting up libv4l-0t64:amd64 (1.26.1-4build3) ...
browser	Run pnpm exec playwright install --with-deps	2026-10-08T04:00:12.8107749Z Setting up libavtp0:amd64 (0.2.0-1build1) ...
browser	Run pnpm exec playwright install --with-deps	2026-10-08T04:00:12.8120707Z Setting up libsndio7.0:amd64 (1.9.0-0.3build3) ...
browser	Run pnpm exec playwright install --with-deps	2026-10-08T04:00:12.8137830Z Setting up libdirectfb-1.7-7t64:amd64 (1.7.7-11.1ubuntu2) ...
browser	Run pnpm exec playwright install --with-deps	2026-10-08T04:00:12.8152834Z Setting up libspandsp2t64:amd64 (0.0.6+dfsg-2.1build1) ...
browser	Run pnpm exec playwright install --with-deps	2026-10-08T04:00:12.8167748Z Setting up libvidstab1.1:amd64 (1.1.0-2build1) ...
browser	Run pnpm exec playwright install --with-deps	2026-10-08T04:00:12.8183513Z Setting up libvpx9:amd64 (1.14.0-1ubuntu2.3) ...
browser	Run pnpm exec playwright install --with-deps	2026-10-08T04:00:12.8200268Z Setting up libsrt1.5-gnutls:amd64 (1.5.3-1build2) ...
browser	Run pnpm exec playwright install --with-deps	2026-10-08T04:00:12.8214769Z Setting up libtag1v5:amd64 (1.13.1-1build1) ...
browser	Run pnpm exec playwright install --with-deps	2026-10-08T04:00:12.8228567Z Setting up libflite1:amd64 (2.2-6build3) ...
browser	Run pnpm exec playwright install --with-deps	2026-10-08T04:00:12.8240819Z Setting up libdav1d7:amd64 (1.4.1-1build1) ...
browser	Run pnpm exec playwright install --with-deps	2026-10-08T04:00:12.8255651Z Setting up libva-drm2:amd64 (2.20.0-2ubuntu0.2) ...
browser	Run pnpm exec playwright install --with-deps	2026-10-08T04:00:12.8270130Z Setting up fonts-ipafont-gothic (00303-21ubuntu1) ...
browser	Run pnpm exec playwright install --with-deps	2026-10-08T04:00:12.8328488Z update-alternatives: using /usr/share/fonts/opentype/ipafont-gothic/ipag.ttf to provide /usr/share/fonts/truetype/fonts-japanese-gothic.ttf (fonts-japanese-gothic.ttf) in auto mode
browser	Run pnpm exec playwright install --with-deps	2026-10-08T04:00:12.8339894Z Setting up ocl-icd-libopencl1:amd64 (2.3.2-1build1) ...
browser	Run pnpm exec playwright install --with-deps	2026-10-08T04:00:12.8353021Z Setting up libasyncns0:amd64 (0.8-6build4) ...
browser	Run pnpm exec playwright install --with-deps	2026-10-08T04:00:12.8370152Z Setting up libwildmidi2:amd64 (0.4.3-1build3) ...
browser	Run pnpm exec playwright install --with-deps	2026-10-08T04:00:12.8383711Z Setting up libvdpau1:amd64 (1.5-2build1) ...
browser	Run pnpm exec playwright install --with-deps	2026-10-08T04:00:12.8402638Z Setting up libwavpack1:amd64 (5.6.0-1build1) ...
browser	Run pnpm exec playwright install --with-deps	2026-10-08T04:00:12.8415959Z Setting up libbs2b0:amd64 (3.1.0+dfsg-7build1) ...
browser	Run pnpm exec playwright install --with-deps	2026-10-08T04:00:12.8429476Z Setting up libtheora0:amd64 (1.1.1+dfsg.1-16.1build3) ...
browser	Run pnpm exec playwright install --with-deps	2026-10-08T04:00:12.8444121Z Setting up libegl1:amd64 (1.7.0-1build1) ...
browser	Run pnpm exec playwright install --with-deps	2026-10-08T04:00:12.8456787Z Setting up libdecor-0-0:amd64 (0.2.2-1build2) ...
browser	Run pnpm exec playwright install --with-deps	2026-10-08T04:00:12.8471473Z Setting up libdca0:amd64 (0.0.7-2build1) ...
browser	Run pnpm exec playwright install --with-deps	2026-10-08T04:00:12.8692022Z Setting up libzimg2:amd64 (3.0.5+ds1-1build1) ...
browser	Run pnpm exec playwright install --with-deps	2026-10-08T04:00:12.8704955Z Setting up libopenal-data (1:1.23.1-4build1) ...
browser	Run pnpm exec playwright install --with-deps	2026-10-08T04:00:12.8725215Z Setting up libevent-core-2.1-7t64:amd64 (2.1.12-stable-9ubuntu2.2) ...
browser	Run pnpm exec playwright install --with-deps	2026-10-08T04:00:12.8739093Z Setting up libabsl20220623t64:amd64 (20220623.1-3.1ubuntu3.2) ...
browser	Run pnpm exec playwright install --with-deps	2026-10-08T04:00:12.8753970Z Setting up libflac12t64:amd64 (1.4.3+ds-2.1ubuntu2) ...
browser	Run pnpm exec playwright install --with-deps	2026-10-08T04:00:12.8767564Z Setting up libgtk-4-common (4.14.5+ds-0ubuntu0.10) ...
browser	Run pnpm exec playwright install --with-deps	2026-10-08T04:00:12.8781164Z Setting up libmpeg2encpp-2.1-0t64:amd64 (1:2.1.0+debian-8.1build1) ...
browser	Run pnpm exec playwright install --with-deps	2026-10-08T04:00:12.8795491Z Setting up glib-networking-common (2.80.0-1build1) ...
browser	Run pnpm exec playwright install --with-deps	2026-10-08T04:00:12.8809377Z Setting up libmfx1:amd64 (22.5.4-1) ...
browser	Run pnpm exec playwright install --with-deps	2026-10-08T04:00:12.8822496Z Setting up libde265-0:amd64 (1.0.15-1ubuntu0.1) ...
browser	Run pnpm exec playwright install --with-deps	2026-10-08T04:00:12.8838302Z Setting up libsamplerate0:amd64 (0.2.2-4build1) ...
browser	Run pnpm exec playwright install --with-deps	2026-10-08T04:00:12.8852912Z Setting up timgm6mb-soundfont (1.3-5) ...
browser	Run pnpm exec playwright install --with-deps	2026-10-08T04:00:12.8922729Z update-alternatives: using /usr/share/sounds/sf2/TimGM6mb.sf2 to provide /usr/share/sounds/sf2/default-GM.sf2 (default-GM.sf2) in auto mode
browser	Run pnpm exec playwright install --with-deps	2026-10-08T04:00:12.8958717Z update-alternatives: using /usr/share/sounds/sf2/TimGM6mb.sf2 to provide /usr/share/sounds/sf3/default-GM.sf3 (default-GM.sf3) in auto mode
browser	Run pnpm exec playwright install --with-deps	2026-10-08T04:00:12.8971274Z Setting up libva-x11-2:amd64 (2.20.0-2ubuntu0.2) ...
browser	Run pnpm exec playwright install --with-deps	2026-10-08T04:00:12.8985103Z Setting up libyuv0:amd64 (0.0~git202401110.af6ac82-1) ...
browser	Run pnpm exec playwright install --with-deps	2026-10-08T04:00:12.8999649Z Setting up libmplex2-2.1-0t64:amd64 (1:2.1.0+debian-8.1build1) ...
browser	Run pnpm exec playwright install --with-deps	2026-10-08T04:00:12.9013897Z Setting up libpipewire-0.3-0t64:amd64 (1.0.5-1ubuntu3.3) ...
browser	Run pnpm exec playwright install --with-deps	2026-10-08T04:00:12.9028653Z Setting up libopenmpt0t64:amd64 (0.7.3-1.1build3) ...
browser	Run pnpm exec playwright install --with-deps	2026-10-08T04:00:12.9043346Z Setting up libzvbi-common (0.2.42-2) ...
browser	Run pnpm exec playwright install --with-deps	2026-10-08T04:00:12.9056546Z Setting up libsecret-common (0.21.4-1build3) ...
browser	Run pnpm exec playwright install --with-deps	2026-10-08T04:00:12.9071852Z Setting up libmp3lame0:amd64 (3.100-6build1) ...
browser	Run pnpm exec playwright install --with-deps	2026-10-08T04:00:12.9085053Z Setting up libgraphene-1.0-0:amd64 (1.10.8-3build2) ...
browser	Run pnpm exec playwright install --with-deps	2026-10-08T04:00:12.9100043Z Setting up libvorbisenc2:amd64 (1.3.7-1build3) ...
browser	Run pnpm exec playwright install --with-deps	2026-10-08T04:00:12.9114106Z Setting up libdvdnav4:amd64 (6.1.1-3build1) ...
browser	Run pnpm exec playwright install --with-deps	2026-10-08T04:00:12.9129025Z Setting up fonts-unifont (1:15.1.01-1build1) ...
browser	Run pnpm exec playwright install --with-deps	2026-10-08T04:00:12.9142732Z Setting up libaa1:amd64 (1.4p5-51.1) ...
browser	Run pnpm exec playwright install --with-deps	2026-10-08T04:00:12.9158311Z Setting up libiec61883-0:amd64 (1.2.0-6build1) ...
browser	Run pnpm exec playwright install --with-deps	2026-10-08T04:00:12.9172928Z Setting up libserd-0-0:amd64 (0.32.2-1) ...
browser	Run pnpm exec playwright install --with-deps	2026-10-08T04:00:12.9417335Z Setting up libavc1394-0:amd64 (0.5.4-5build3) ...
browser	Run pnpm exec playwright install --with-deps	2026-10-08T04:00:12.9436225Z Setting up gsettings-desktop-schemas (46.1-0ubuntu1) ...
browser	Run pnpm exec playwright install --with-deps	2026-10-08T04:00:12.9449566Z Setting up glib-networking-services (2.80.0-1build1) ...
browser	Run pnpm exec playwright install --with-deps	2026-10-08T04:00:12.9467268Z Setting up liblapack3:amd64 (3.12.0-3build1.1) ...
browser	Run pnpm exec playwright install --with-deps	2026-10-08T04:00:12.9520872Z update-alternatives: using /usr/lib/x86_64-linux-gnu/lapack/liblapack.so.3 to provide /usr/lib/x86_64-linux-gnu/liblapack.so.3 (liblapack.so.3-x86_64-linux-gnu) in auto mode
browser	Run pnpm exec playwright install --with-deps	2026-10-08T04:00:12.9534462Z Setting up libglx-mesa0:amd64 (25.2.8-0ubuntu0.24.04.4) ...
browser	Run pnpm exec playwright install --with-deps	2026-10-08T04:00:12.9550443Z Setting up libzvbi0t64:amd64 (0.2.42-2) ...
browser	Run pnpm exec playwright install --with-deps	2026-10-08T04:00:12.9566974Z Setting up libevent-pthreads-2.1-7t64:amd64 (2.1.12-stable-9ubuntu2.2) ...
browser	Run pnpm exec playwright install --with-deps	2026-10-08T04:00:12.9581763Z Setting up liblrdf0:amd64 (0.6.1-4build1) ...
browser	Run pnpm exec playwright install --with-deps	2026-10-08T04:00:12.9600360Z Setting up libzbar0t64:amd64 (0.23.93-4build3) ...
browser	Run pnpm exec playwright install --with-deps	2026-10-08T04:00:12.9623902Z Setting up libgstreamer-plugins-base1.0-0:amd64 (1.24.2-1ubuntu0.5) ...
browser	Run pnpm exec playwright install --with-deps	2026-10-08T04:00:12.9637474Z Setting up libavutil58:amd64 (7:6.1.1-3ubuntu5) ...
browser	Run pnpm exec playwright install --with-deps	2026-10-08T04:00:12.9653127Z Setting up libopenal1:amd64 (1:1.23.1-4build1) ...
browser	Run pnpm exec playwright install --with-deps	2026-10-08T04:00:12.9668584Z Setting up libsecret-1-0:amd64 (0.21.4-1build3) ...
browser	Run pnpm exec playwright install --with-deps	2026-10-08T04:00:12.9684911Z Setting up libgstreamer-plugins-good1.0-0:amd64 (1.24.2-1ubuntu1.8) ...
browser	Run pnpm exec playwright install --with-deps	2026-10-08T04:00:12.9700501Z Setting up libgstreamer-gl1.0-0:amd64 (1.24.2-1ubuntu0.5) ...
browser	Run pnpm exec playwright install --with-deps	2026-10-08T04:00:12.9716360Z Setting up gstreamer1.0-plugins-base:amd64 (1.24.2-1ubuntu0.5) ...
browser	Run pnpm exec playwright install --with-deps	2026-10-08T04:00:12.9730442Z Setting up libfreetype6:amd64 (2.13.2+dfsg-1ubuntu0.2) ...
browser	Run pnpm exec playwright install --with-deps	2026-10-08T04:00:12.9786370Z Setting up libswresample4:amd64 (7:6.1.1-3ubuntu5) ...
browser	Run pnpm exec playwright install --with-deps	2026-10-08T04:00:12.9803102Z Setting up libopenexr-3-1-30:amd64 (3.1.5-5.1build3) ...
browser	Run pnpm exec playwright install --with-deps	2026-10-08T04:00:12.9819926Z Setting up libshout3:amd64 (2.4.6-1build2) ...
browser	Run pnpm exec playwright install --with-deps	2026-10-08T04:00:12.9834411Z Setting up libgav1-1:amd64 (0.18.0-1build3) ...
browser	Run pnpm exec playwright install --with-deps	2026-10-08T04:00:12.9848661Z Setting up libavcodec60:amd64 (7:6.1.1-3ubuntu5) ...
browser	Run pnpm exec playwright install --with-deps	2026-10-08T04:00:12.9864057Z Setting up librubberband2:amd64 (3.3.0+dfsg-2build1) ...
browser	Run pnpm exec playwright install --with-deps	2026-10-08T04:00:12.9892179Z Setting up libjack-jackd2-0:amd64 (1.9.21~dfsg-3ubuntu3) ...
browser	Run pnpm exec playwright install --with-deps	2026-10-08T04:00:12.9907710Z Setting up libsord-0-0:amd64 (0.16.16-2build1) ...
browser	Run pnpm exec playwright install --with-deps	2026-10-08T04:00:12.9922371Z Setting up libpostproc57:amd64 (7:6.1.1-3ubuntu5) ...
browser	Run pnpm exec playwright install --with-deps	2026-10-08T04:00:12.9937572Z Setting up libsratom-0-0:amd64 (0.6.16-1build1) ...
browser	Run pnpm exec playwright install --with-deps	2026-10-08T04:00:12.9955986Z Setting up libsndfile1:amd64 (1.2.2-1ubuntu5.24.04.1) ...
browser	Run pnpm exec playwright install --with-deps	2026-10-08T04:00:12.9969723Z Setting up libbluray2:amd64 (1:1.3.4-1build1) ...
browser	Run pnpm exec playwright install --with-deps	2026-10-08T04:00:12.9984172Z Setting up liblilv-0-0:amd64 (0.24.22-1build1) ...
browser	Run pnpm exec playwright install --with-deps	2026-10-08T04:00:13.0004082Z Setting up libinstpatch-1.0-2:amd64 (1.1.6-1build2) ...
browser	Run pnpm exec playwright install --with-deps	2026-10-08T04:00:13.0019881Z Setting up libswscale7:amd64 (7:6.1.1-3ubuntu5) ...
browser	Run pnpm exec playwright install --with-deps	2026-10-08T04:00:13.0581354Z Setting up libcairo-script-interpreter2:amd64 (1.18.0-3build1) ...
browser	Run pnpm exec playwright install --with-deps	2026-10-08T04:00:13.0633680Z Setting up libavif16:amd64 (1.0.4-1ubuntu3) ...
browser	Run pnpm exec playwright install --with-deps	2026-10-08T04:00:13.0650276Z Setting up libpulse0:amd64 (1:16.1+dfsg1-2ubuntu10.1) ...
browser	Run pnpm exec playwright install --with-deps	2026-10-08T04:00:13.0711649Z Setting up libavformat60:amd64 (7:6.1.1-3ubuntu5) ...
browser	Run pnpm exec playwright install --with-deps	2026-10-08T04:00:13.0749635Z Setting up xfonts-utils (1:7.7+6build3) ...
browser	Run pnpm exec playwright install --with-deps	2026-10-08T04:00:13.0775124Z Setting up libsphinxbase3t64:amd64 (0.8+5prealpha+1-17build2) ...
browser	Run pnpm exec playwright install --with-deps	2026-10-08T04:00:13.0791821Z Setting up libass9:amd64 (1:0.17.1-2build1) ...
browser	Run pnpm exec playwright install --with-deps	2026-10-08T04:00:13.0806567Z Setting up xfonts-cyrillic (1:1.0.5+nmu1) ...
browser	Run pnpm exec playwright install --with-deps	2026-10-08T04:00:13.1095322Z Setting up libsdl2-2.0-0:amd64 (2.30.0+dfsg-1ubuntu3.1) ...
browser	Run pnpm exec playwright install --with-deps	2026-10-08T04:00:13.2033055Z Setting up xfonts-scalable (1:1.0.3-1.3) ...
browser	Run pnpm exec playwright install --with-deps	2026-10-08T04:00:13.2313670Z Setting up libfluidsynth3:amd64 (2.3.4-1build3) ...
browser	Run pnpm exec playwright install --with-deps	2026-10-08T04:00:13.2413626Z Setting up libpocketsphinx3:amd64 (0.8.0+real5prealpha+1-15ubuntu5) ...
browser	Run pnpm exec playwright install --with-deps	2026-10-08T04:00:13.2477387Z Setting up libavfilter9:amd64 (7:6.1.1-3ubuntu5) ...
browser	Run pnpm exec playwright install --with-deps	2026-10-08T04:00:13.2526475Z Setting up gstreamer1.0-libav:amd64 (1.24.1-1build1) ...
browser	Run pnpm exec playwright install --with-deps	2026-10-08T04:00:13.3266539Z Processing triggers for fontconfig (2.15.0-1.1ubuntu2) ...
browser	Run pnpm exec playwright install --with-deps	2026-10-08T04:00:13.4790551Z Processing triggers for libc-bin (2.39-0ubuntu8.9) ...
browser	Run pnpm exec playwright install --with-deps	2026-10-08T04:00:13.8598721Z Processing triggers for man-db (2.12.0-4build2) ...
browser	Run pnpm exec playwright install --with-deps	2026-10-08T04:00:13.8617241Z Not building database; man-db/auto-update is not 'true'.
browser	Run pnpm exec playwright install --with-deps	2026-10-08T04:00:13.8638780Z Processing triggers for libglib2.0-0t64:amd64 (2.80.0-6ubuntu3.9) ...
browser	Run pnpm exec playwright install --with-deps	2026-10-08T04:00:13.9431396Z Setting up libgtk-4-1:amd64 (4.14.5+ds-0ubuntu0.10) ...
browser	Run pnpm exec playwright install --with-deps	2026-10-08T04:00:14.0347212Z Setting up glib-networking:amd64 (2.80.0-1build1) ...
browser	Run pnpm exec playwright install --with-deps	2026-10-08T04:00:14.0385933Z Setting up libsoup-3.0-0:amd64 (3.4.4-5ubuntu0.9) ...
browser	Run pnpm exec playwright install --with-deps	2026-10-08T04:00:14.0469953Z Setting up libgssdp-1.6-0:amd64 (1.6.3-1build3) ...
browser	Run pnpm exec playwright install --with-deps	2026-10-08T04:00:14.0533723Z Setting up gstreamer1.0-plugins-good:amd64 (1.24.2-1ubuntu1.8) ...
browser	Run pnpm exec playwright install --with-deps	2026-10-08T04:00:14.0560643Z Setting up libgupnp-1.6-0:amd64 (1.6.6-1build3) ...
browser	Run pnpm exec playwright install --with-deps	2026-10-08T04:00:14.0614426Z Setting up libgupnp-igd-1.6-0:amd64 (1.6.0-3build3) ...
browser	Run pnpm exec playwright install --with-deps	2026-10-08T04:00:14.0644756Z Setting up libnice10:amd64 (0.1.21-2build3) ...
browser	Run pnpm exec playwright install --with-deps	2026-10-08T04:00:14.0687436Z Setting up libgstreamer-plugins-bad1.0-0:amd64 (1.24.2-1ubuntu4) ...
browser	Run pnpm exec playwright install --with-deps	2026-10-08T04:00:14.0903519Z Setting up gstreamer1.0-plugins-bad:amd64 (1.24.2-1ubuntu4) ...
browser	Run pnpm exec playwright install --with-deps	2026-10-08T04:00:14.0928061Z Processing triggers for libc-bin (2.39-0ubuntu8.9) ...
browser	Run pnpm exec playwright install --with-deps	2026-10-08T04:00:14.9122163Z 
browser	Run pnpm exec playwright install --with-deps	2026-10-08T04:00:14.9122813Z Running kernel seems to be up-to-date.
browser	Run pnpm exec playwright install --with-deps	2026-10-08T04:00:14.9123125Z 
browser	Run pnpm exec playwright install --with-deps	2026-10-08T04:00:14.9123275Z Restarting services...
browser	Run pnpm exec playwright install --with-deps	2026-10-08T04:00:14.9186027Z  systemctl restart php8.3-fpm.service
browser	Run pnpm exec playwright install --with-deps	2026-10-08T04:00:15.0154819Z 
browser	Run pnpm exec playwright install --with-deps	2026-10-08T04:00:15.0156459Z No containers need to be restarted.
browser	Run pnpm exec playwright install --with-deps	2026-10-08T04:00:15.0156795Z 
browser	Run pnpm exec playwright install --with-deps	2026-10-08T04:00:15.0169721Z No user sessions are running outdated binaries.
browser	Run pnpm exec playwright install --with-deps	2026-10-08T04:00:15.0170061Z 
browser	Run pnpm exec playwright install --with-deps	2026-10-08T04:00:15.0170398Z No VM guests are running outdated hypervisor (qemu) binaries on this host.
browser	Run pnpm exec playwright install --with-deps	2026-10-08T04:00:15.9411182Z Downloading Chrome for Testing 151.0.7922.34 (playwright chromium v1234) from https://cdn.playwright.dev/builds/cft/151.0.7922.34/linux64/chrome-linux64.zip
browser	Run pnpm exec playwright install --with-deps	2026-10-08T04:00:16.8786042Z |                                                                                |   0% of 184.3 MiB
browser	Run pnpm exec playwright install --with-deps	2026-10-08T04:00:16.9995212Z |■■■■■■■■                                                                        |  10% of 184.3 MiB
browser	Run pnpm exec playwright install --with-deps	2026-10-08T04:00:17.0768570Z |■■■■■■■■■■■■■■■■                                                                |  20% of 184.3 MiB
browser	Run pnpm exec playwright install --with-deps	2026-10-08T04:00:17.1437698Z |■■■■■■■■■■■■■■■■■■■■■■■■                                                        |  30% of 184.3 MiB
browser	Run pnpm exec playwright install --with-deps	2026-10-08T04:00:17.2057139Z |■■■■■■■■■■■■■■■■■■■■■■■■■■■■■■■■                                                |  40% of 184.3 MiB
browser	Run pnpm exec playwright install --with-deps	2026-10-08T04:00:17.2688656Z |■■■■■■■■■■■■■■■■■■■■■■■■■■■■■■■■■■■■■■■■                                        |  50% of 184.3 MiB
browser	Run pnpm exec playwright install --with-deps	2026-10-08T04:00:17.3098199Z |■■■■■■■■■■■■■■■■■■■■■■■■■■■■■■■■■■■■■■■■■■■■■■■■                                |  60% of 184.3 MiB
browser	Run pnpm exec playwright install --with-deps	2026-10-08T04:00:17.3668183Z |■■■■■■■■■■■■■■■■■■■■■■■■■■■■■■■■■■■■■■■■■■■■■■■■■■■■■■■■                        |  70% of 184.3 MiB
browser	Run pnpm exec playwright install --with-deps	2026-10-08T04:00:17.4120453Z |■■■■■■■■■■■■■■■■■■■■■■■■■■■■■■■■■■■■■■■■■■■■■■■■■■■■■■■■■■■■■■■■                |  80% of 184.3 MiB
browser	Run pnpm exec playwright install --with-deps	2026-10-08T04:00:17.4867348Z |■■■■■■■■■■■■■■■■■■■■■■■■■■■■■■■■■■■■■■■■■■■■■■■■■■■■■■■■■■■■■■■■■■■■■■■■        |  90% of 184.3 MiB
browser	Run pnpm exec playwright install --with-deps	2026-10-08T04:00:17.5434157Z |■■■■■■■■■■■■■■■■■■■■■■■■■■■■■■■■■■■■■■■■■■■■■■■■■■■■■■■■■■■■■■■■■■■■■■■■■■■■■■■■| 100% of 184.3 MiB
browser	Run pnpm exec playwright install --with-deps	2026-10-08T04:00:19.9271683Z Chrome for Testing 151.0.7922.34 (playwright chromium v1234) downloaded to /home/runner/.cache/ms-playwright/chromium-1234
browser	Run pnpm exec playwright install --with-deps	2026-10-08T04:00:19.9274766Z Downloading Chrome Headless Shell 151.0.7922.34 (playwright chromium-headless-shell v1234) from https://cdn.playwright.dev/builds/cft/151.0.7922.34/linux64/chrome-headless-shell-linux64.zip
browser	Run pnpm exec playwright install --with-deps	2026-10-08T04:00:20.8752146Z |                                                                                |   0% of 114.7 MiB
browser	Run pnpm exec playwright install --with-deps	2026-10-08T04:00:21.0573561Z |■■■■■■■■                                                                        |  10% of 114.7 MiB
browser	Run pnpm exec playwright install --with-deps	2026-10-08T04:00:21.1428173Z |■■■■■■■■■■■■■■■■                                                                |  20% of 114.7 MiB
browser	Run pnpm exec playwright install --with-deps	2026-10-08T04:00:21.2020090Z |■■■■■■■■■■■■■■■■■■■■■■■■                                                        |  30% of 114.7 MiB
browser	Run pnpm exec playwright install --with-deps	2026-10-08T04:00:21.2513729Z |■■■■■■■■■■■■■■■■■■■■■■■■■■■■■■■■                                                |  40% of 114.7 MiB
browser	Run pnpm exec playwright install --with-deps	2026-10-08T04:00:21.3041373Z |■■■■■■■■■■■■■■■■■■■■■■■■■■■■■■■■■■■■■■■■                                        |  50% of 114.7 MiB
browser	Run pnpm exec playwright install --with-deps	2026-10-08T04:00:21.3457920Z |■■■■■■■■■■■■■■■■■■■■■■■■■■■■■■■■■■■■■■■■■■■■■■■■                                |  60% of 114.7 MiB
browser	Run pnpm exec playwright install --with-deps	2026-10-08T04:00:21.4079752Z |■■■■■■■■■■■■■■■■■■■■■■■■■■■■■■■■■■■■■■■■■■■■■■■■■■■■■■■■                        |  70% of 114.7 MiB
browser	Run pnpm exec playwright install --with-deps	2026-10-08T04:00:21.4646595Z |■■■■■■■■■■■■■■■■■■■■■■■■■■■■■■■■■■■■■■■■■■■■■■■■■■■■■■■■■■■■■■■■                |  80% of 114.7 MiB
browser	Run pnpm exec playwright install --with-deps	2026-10-08T04:00:21.5417466Z |■■■■■■■■■■■■■■■■■■■■■■■■■■■■■■■■■■■■■■■■■■■■■■■■■■■■■■■■■■■■■■■■■■■■■■■■        |  90% of 114.7 MiB
browser	Run pnpm exec playwright install --with-deps	2026-10-08T04:00:21.5982472Z |■■■■■■■■■■■■■■■■■■■■■■■■■■■■■■■■■■■■■■■■■■■■■■■■■■■■■■■■■■■■■■■■■■■■■■■■■■■■■■■■| 100% of 114.7 MiB
browser	Run pnpm exec playwright install --with-deps	2026-10-08T04:00:23.3506967Z Chrome Headless Shell 151.0.7922.34 (playwright chromium-headless-shell v1234) downloaded to /home/runner/.cache/ms-playwright/chromium_headless_shell-1234
browser	Run pnpm exec playwright install --with-deps	2026-10-08T04:00:23.3509250Z Downloading Firefox 153.0 (playwright firefox v1538) from https://cdn.playwright.dev/dbazure/download/playwright/builds/firefox/1538/firefox-ubuntu-24.04.zip
browser	Run pnpm exec playwright install --with-deps	2026-10-08T04:00:24.2446110Z |                                                                                |   0% of 108.2 MiB
browser	Run pnpm exec playwright install --with-deps	2026-10-08T04:00:24.3559242Z |■■■■■■■■                                                                        |  10% of 108.2 MiB
browser	Run pnpm exec playwright install --with-deps	2026-10-08T04:00:24.4057800Z |■■■■■■■■■■■■■■■■                                                                |  20% of 108.2 MiB
browser	Run pnpm exec playwright install --with-deps	2026-10-08T04:00:24.4469351Z |■■■■■■■■■■■■■■■■■■■■■■■■                                                        |  30% of 108.2 MiB
browser	Run pnpm exec playwright install --with-deps	2026-10-08T04:00:24.4832806Z |■■■■■■■■■■■■■■■■■■■■■■■■■■■■■■■■                                                |  40% of 108.2 MiB
browser	Run pnpm exec playwright install --with-deps	2026-10-08T04:00:24.5253612Z |■■■■■■■■■■■■■■■■■■■■■■■■■■■■■■■■■■■■■■■■                                        |  50% of 108.2 MiB
browser	Run pnpm exec playwright install --with-deps	2026-10-08T04:00:24.5699299Z |■■■■■■■■■■■■■■■■■■■■■■■■■■■■■■■■■■■■■■■■■■■■■■■■                                |  60% of 108.2 MiB
browser	Run pnpm exec playwright install --with-deps	2026-10-08T04:00:24.5958227Z |■■■■■■■■■■■■■■■■■■■■■■■■■■■■■■■■■■■■■■■■■■■■■■■■■■■■■■■■                        |  70% of 108.2 MiB
browser	Run pnpm exec playwright install --with-deps	2026-10-08T04:00:24.6208661Z |■■■■■■■■■■■■■■■■■■■■■■■■■■■■■■■■■■■■■■■■■■■■■■■■■■■■■■■■■■■■■■■■                |  80% of 108.2 MiB
browser	Run pnpm exec playwright install --with-deps	2026-10-08T04:00:24.6567445Z |■■■■■■■■■■■■■■■■■■■■■■■■■■■■■■■■■■■■■■■■■■■■■■■■■■■■■■■■■■■■■■■■■■■■■■■■        |  90% of 108.2 MiB
browser	Run pnpm exec playwright install --with-deps	2026-10-08T04:00:24.6805753Z |■■■■■■■■■■■■■■■■■■■■■■■■■■■■■■■■■■■■■■■■■■■■■■■■■■■■■■■■■■■■■■■■■■■■■■■■■■■■■■■■| 100% of 108.2 MiB
browser	Run pnpm exec playwright install --with-deps	2026-10-08T04:00:26.4431437Z Firefox 153.0 (playwright firefox v1538) downloaded to /home/runner/.cache/ms-playwright/firefox-1538
browser	Run pnpm exec playwright install --with-deps	2026-10-08T04:00:26.4433784Z Downloading WebKit 26.5 (playwright webkit v2336) from https://cdn.playwright.dev/dbazure/download/playwright/builds/webkit/2336/webkit-ubuntu-24.04.zip
browser	Run pnpm exec playwright install --with-deps	2026-10-08T04:00:27.3534389Z |                                                                                |   0% of 102 MiB
browser	Run pnpm exec playwright install --with-deps	2026-10-08T04:00:27.4687144Z |■■■■■■■■                                                                        |  10% of 102 MiB
browser	Run pnpm exec playwright install --with-deps	2026-10-08T04:00:27.5281618Z |■■■■■■■■■■■■■■■■                                                                |  20% of 102 MiB
browser	Run pnpm exec playwright install --with-deps	2026-10-08T04:00:27.5798743Z |■■■■■■■■■■■■■■■■■■■■■■■■                                                        |  30% of 102 MiB
browser	Run pnpm exec playwright install --with-deps	2026-10-08T04:00:27.6174069Z |■■■■■■■■■■■■■■■■■■■■■■■■■■■■■■■■                                                |  40% of 102 MiB
browser	Run pnpm exec playwright install --with-deps	2026-10-08T04:00:27.6609394Z |■■■■■■■■■■■■■■■■■■■■■■■■■■■■■■■■■■■■■■■■                                        |  50% of 102 MiB
browser	Run pnpm exec playwright install --with-deps	2026-10-08T04:00:27.7200294Z |■■■■■■■■■■■■■■■■■■■■■■■■■■■■■■■■■■■■■■■■■■■■■■■■                                |  60% of 102 MiB
browser	Run pnpm exec playwright install --with-deps	2026-10-08T04:00:27.7479264Z |■■■■■■■■■■■■■■■■■■■■■■■■■■■■■■■■■■■■■■■■■■■■■■■■■■■■■■■■                        |  70% of 102 MiB
browser	Run pnpm exec playwright install --with-deps	2026-10-08T04:00:27.7794853Z |■■■■■■■■■■■■■■■■■■■■■■■■■■■■■■■■■■■■■■■■■■■■■■■■■■■■■■■■■■■■■■■■                |  80% of 102 MiB
browser	Run pnpm exec playwright install --with-deps	2026-10-08T04:00:27.8583343Z |■■■■■■■■■■■■■■■■■■■■■■■■■■■■■■■■■■■■■■■■■■■■■■■■■■■■■■■■■■■■■■■■■■■■■■■■        |  90% of 102 MiB
browser	Run pnpm exec playwright install --with-deps	2026-10-08T04:00:27.8852041Z |■■■■■■■■■■■■■■■■■■■■■■■■■■■■■■■■■■■■■■■■■■■■■■■■■■■■■■■■■■■■■■■■■■■■■■■■■■■■■■■■| 100% of 102 MiB
browser	Run pnpm exec playwright install --with-deps	2026-10-08T04:00:29.5799192Z WebKit 26.5 (playwright webkit v2336) downloaded to /home/runner/.cache/ms-playwright/webkit-2336
browser	Run pnpm exec playwright install --with-deps	2026-10-08T04:00:29.5802069Z Downloading FFmpeg (playwright ffmpeg v1011) from https://cdn.playwright.dev/dbazure/download/playwright/builds/ffmpeg/1011/ffmpeg-linux.zip
browser	Run pnpm exec playwright install --with-deps	2026-10-08T04:00:30.4704591Z |                                                                                |   0% of 2.3 MiB
browser	Run pnpm exec playwright install --with-deps	2026-10-08T04:00:30.4941900Z |■■■■■■■■                                                                        |  10% of 2.3 MiB
browser	Run pnpm exec playwright install --with-deps	2026-10-08T04:00:30.5039096Z |■■■■■■■■■■■■■■■■                                                                |  20% of 2.3 MiB
browser	Run pnpm exec playwright install --with-deps	2026-10-08T04:00:30.5122204Z |■■■■■■■■■■■■■■■■■■■■■■■■                                                        |  30% of 2.3 MiB
browser	Run pnpm exec playwright install --with-deps	2026-10-08T04:00:30.5195416Z |■■■■■■■■■■■■■■■■■■■■■■■■■■■■■■■■                                                |  40% of 2.3 MiB
browser	Run pnpm exec playwright install --with-deps	2026-10-08T04:00:30.5209535Z |■■■■■■■■■■■■■■■■■■■■■■■■■■■■■■■■■■■■■■■■                                        |  50% of 2.3 MiB
browser	Run pnpm exec playwright install --with-deps	2026-10-08T04:00:30.5281618Z |■■■■■■■■■■■■■■■■■■■■■■■■■■■■■■■■■■■■■■■■■■■■■■■■                                |  60% of 2.3 MiB
browser	Run pnpm exec playwright install --with-deps	2026-10-08T04:00:30.5292745Z |■■■■■■■■■■■■■■■■■■■■■■■■■■■■■■■■■■■■■■■■■■■■■■■■■■■■■■■■                        |  70% of 2.3 MiB
browser	Run pnpm exec playwright install --with-deps	2026-10-08T04:00:30.5310524Z |■■■■■■■■■■■■■■■■■■■■■■■■■■■■■■■■■■■■■■■■■■■■■■■■■■■■■■■■■■■■■■■■                |  80% of 2.3 MiB
browser	Run pnpm exec playwright install --with-deps	2026-10-08T04:00:30.5369913Z |■■■■■■■■■■■■■■■■■■■■■■■■■■■■■■■■■■■■■■■■■■■■■■■■■■■■■■■■■■■■■■■■■■■■■■■■        |  90% of 2.3 MiB
browser	Run pnpm exec playwright install --with-deps	2026-10-08T04:00:30.5378654Z |■■■■■■■■■■■■■■■■■■■■■■■■■■■■■■■■■■■■■■■■■■■■■■■■■■■■■■■■■■■■■■■■■■■■■■■■■■■■■■■■| 100% of 2.3 MiB
browser	Run pnpm exec playwright install --with-deps	2026-10-08T04:00:30.5842097Z FFmpeg (playwright ffmpeg v1011) downloaded to /home/runner/.cache/ms-playwright/ffmpeg-1011
browser	Record independent native clipboard delivery	﻿2026-10-08T04:00:30.8784448Z ##[group]Run node scripts/check-browser-clipboard-capability.mjs > native-clipboard-capability.jsonl
browser	Record independent native clipboard delivery	2026-10-08T04:00:30.8785090Z ^[[36;1mnode scripts/check-browser-clipboard-capability.mjs > native-clipboard-capability.jsonl^[[0m
browser	Record independent native clipboard delivery	2026-10-08T04:00:30.8841333Z shell: /usr/bin/bash -e {0}
browser	Record independent native clipboard delivery	2026-10-08T04:00:30.8841549Z env:
browser	Record independent native clipboard delivery	2026-10-08T04:00:30.8841987Z   FOUNTAIN_DISPLAY_CLIPBOARD_PATTERN: pastes native rich research notes|copies shared automatic list scope|disabled line numbers through native copy
browser	Record independent native clipboard delivery	2026-10-08T04:00:30.8842522Z   PNPM_HOME: /home/runner/setup-pnpm/node_modules/.bin
browser	Record independent native clipboard delivery	2026-10-08T04:00:30.8842775Z ##[endgroup]
browser	Diagnose headed Linux WebKit clipboard independently	﻿2026-10-08T04:01:05.7549094Z ##[group]Run xvfb-run --auto-servernum env FOUNTAIN_CLIPBOARD_HEADED=1 FOUNTAIN_CLIPBOARD_ENGINE=webkit node scripts/check-browser-clipboard-capability.mjs > native-clipboard-headed-capability.jsonl
browser	Diagnose headed Linux WebKit clipboard independently	2026-10-08T04:01:05.7550473Z ^[[36;1mxvfb-run --auto-servernum env FOUNTAIN_CLIPBOARD_HEADED=1 FOUNTAIN_CLIPBOARD_ENGINE=webkit node scripts/check-browser-clipboard-capability.mjs > native-clipboard-headed-capability.jsonl^[[0m
browser	Diagnose headed Linux WebKit clipboard independently	2026-10-08T04:01:05.7605119Z shell: /usr/bin/bash -e {0}
browser	Diagnose headed Linux WebKit clipboard independently	2026-10-08T04:01:05.7605329Z env:
browser	Diagnose headed Linux WebKit clipboard independently	2026-10-08T04:01:05.7605761Z   FOUNTAIN_DISPLAY_CLIPBOARD_PATTERN: pastes native rich research notes|copies shared automatic list scope|disabled line numbers through native copy
browser	Diagnose headed Linux WebKit clipboard independently	2026-10-08T04:01:05.7606286Z   PNPM_HOME: /home/runner/setup-pnpm/node_modules/.bin
browser	Diagnose headed Linux WebKit clipboard independently	2026-10-08T04:01:05.7606532Z ##[endgroup]
browser	Structural direction and native-source preflight	﻿2026-10-08T04:01:14.0144472Z ##[group]Run pnpm exec playwright test --project=chromium --project=firefox --project=webkit --output=structural-direction-preflight-results --grep "retains structural RTL against native source|imports inherited inline alignment|retains a shared automatic section direction|inserts table columns on the physical left|preserves list direction through real transforms|reorders real runbook blocks|retains shared automatic list scope|retains technical code reading direction" --grep-invert "${FOUNTAIN_DISPLAY_CLIPBOARD_PATTERN}"
browser	Structural direction and native-source preflight	2026-10-08T04:01:14.0148451Z ^[[36;1mpnpm exec playwright test --project=chromium --project=firefox --project=webkit --output=structural-direction-preflight-results --grep "retains structural RTL against native source|imports inherited inline alignment|retains a shared automatic section direction|inserts table columns on the physical left|preserves list direction through real transforms|reorders real runbook blocks|retains shared automatic list scope|retains technical code reading direction" --grep-invert "${FOUNTAIN_DISPLAY_CLIPBOARD_PATTERN}"^[[0m
browser	Structural direction and native-source preflight	2026-10-08T04:01:14.0207414Z shell: /usr/bin/bash -e {0}
browser	Structural direction and native-source preflight	2026-10-08T04:01:14.0207642Z env:
browser	Structural direction and native-source preflight	2026-10-08T04:01:14.0208113Z   FOUNTAIN_DISPLAY_CLIPBOARD_PATTERN: pastes native rich research notes|copies shared automatic list scope|disabled line numbers through native copy
browser	Structural direction and native-source preflight	2026-10-08T04:01:14.0208647Z   PNPM_HOME: /home/runner/setup-pnpm/node_modules/.bin
browser	Structural direction and native-source preflight	2026-10-08T04:01:14.0209061Z ##[endgroup]
browser	Structural direction and native-source preflight	2026-10-08T04:01:15.1836757Z [WebServer] $ vite build -c vite.lib.config.ts && tsc -p tsconfig.build.json && node scripts/copy-assets.mjs && pnpm build:angular
browser	Structural direction and native-source preflight	2026-10-08T04:01:15.1837465Z 
browser	Structural direction and native-source preflight	2026-10-08T04:01:17.0161335Z [WebServer] $ pnpm --dir tools/angular-build exec ngc -p ../../tsconfig.angular.json && pnpm build:angular-demo
browser	Structural direction and native-source preflight	2026-10-08T04:01:17.0161897Z 
browser	Structural direction and native-source preflight	2026-10-08T04:01:18.8232315Z [WebServer] $ pnpm --dir tools/angular-build exec ngc -p ../../tsconfig.angular-demo.json
browser	Structural direction and native-source preflight	2026-10-08T04:01:18.8232861Z 
browser	Structural direction and native-source preflight	2026-10-08T04:01:25.9607714Z 
browser	Structural direction and native-source preflight	2026-10-08T04:01:25.9608380Z Running 60 tests using 2 workers
browser	Structural direction and native-source preflight	2026-10-08T04:01:25.9608706Z 
browser	Structural direction and native-source preflight	2026-10-08T04:01:26.7378269Z [1/60] [chromium] › tests/browser/editor.spec.ts:51:3 › retains technical code reading direction through real settings, editing and downloaded HTML: ltr
browser	Structural direction and native-source preflight	2026-10-08T04:01:26.7455401Z [2/60] [chromium] › tests/browser/editor.spec.ts:51:3 › retains technical code reading direction through real settings, editing and downloaded HTML: rtl
browser	Structural direction and native-source preflight	2026-10-08T04:01:32.1954413Z [3/60] [chromium] › tests/browser/editor.spec.ts:51:3 › retains technical code reading direction through real settings, editing and downloaded HTML: auto
browser	Structural direction and native-source preflight	2026-10-08T04:01:32.4668234Z [4/60] [chromium] › tests/browser/editor.spec.ts:62:3 › retains shared automatic list scope through real convert, typing and downloaded HTML
browser	Structural direction and native-source preflight	2026-10-08T04:01:36.3291369Z [5/60] [chromium] › tests/browser/editor.spec.ts:62:3 › retains shared automatic list scope through real lift, typing and downloaded HTML
browser	Structural direction and native-source preflight	2026-10-08T04:01:36.9857041Z [6/60] [chromium] › tests/browser/editor.spec.ts:72:3 › reorders real runbook blocks with native pointer feedback in ltr
browser	Structural direction and native-source preflight	2026-10-08T04:01:40.3399690Z [7/60] [chromium] › tests/browser/editor.spec.ts:72:3 › reorders real runbook blocks with native pointer feedback in rtl
browser	Structural direction and native-source preflight	2026-10-08T04:01:40.8903664Z [8/60] [chromium] › tests/browser/editor.spec.ts:76:1 › reorders real runbook blocks with keyboard structural feedback
browser	Structural direction and native-source preflight	2026-10-08T04:01:44.2337357Z [9/60] [chromium] › tests/browser/editor.spec.ts:81:3 › preserves list direction through real transforms and downloaded HTML: unwrap
browser	Structural direction and native-source preflight	2026-10-08T04:01:46.9320743Z [10/60] [chromium] › tests/browser/editor.spec.ts:81:3 › preserves list direction through real transforms and downloaded HTML: indent
browser	Structural direction and native-source preflight	2026-10-08T04:01:47.9217231Z [11/60] [chromium] › tests/browser/editor.spec.ts:81:3 › preserves list direction through real transforms and downloaded HTML: nested-lift
browser	Structural direction and native-source preflight	2026-10-08T04:01:50.2050855Z [12/60] [chromium] › tests/browser/editor.spec.ts:81:3 › preserves list direction through real transforms and downloaded HTML: contained
browser	Structural direction and native-source preflight	2026-10-08T04:01:51.2812092Z [13/60] [chromium] › tests/browser/editor.spec.ts:87:3 › inserts table columns on the physical left and right: ltr
browser	Structural direction and native-source preflight	2026-10-08T04:01:53.7556225Z [14/60] [chromium] › tests/browser/editor.spec.ts:87:3 › inserts table columns on the physical left and right: rtl-cell-ltr
browser	Structural direction and native-source preflight	2026-10-08T04:01:54.9084094Z [15/60] [chromium] › tests/browser/editor.spec.ts:87:3 › inserts table columns on the physical left and right: auto
browser	Structural direction and native-source preflight	2026-10-08T04:01:57.4150686Z [16/60] [chromium] › tests/browser/editor.spec.ts:87:3 › inserts table columns on the physical left and right: host-css
browser	Structural direction and native-source preflight	2026-10-08T04:01:58.5440349Z [17/60] [chromium] › tests/browser/editor.spec.ts:87:3 › inserts table columns on the physical left and right: rtl-spans
browser	Structural direction and native-source preflight	2026-10-08T04:02:00.9861465Z [18/60] [chromium] › tests/browser/editor.spec.ts:92:1 › retains structural RTL against native source through author controls, physical table editing and downloaded HTML
browser	Structural direction and native-source preflight	2026-10-08T04:02:02.1535422Z [19/60] [chromium] › tests/browser/editor.spec.ts:96:1 › imports inherited inline alignment against a native surface and keeps it through real editing and downloaded HTML
browser	Structural direction and native-source preflight	2026-10-08T04:02:05.1679974Z [20/60] [chromium] › tests/browser/editor.spec.ts:104:1 › retains a shared automatic section direction through first-strong-text editing, history and reader preview
browser	Structural direction and native-source preflight	2026-10-08T04:02:07.2547618Z [21/60] [firefox] › tests/browser/editor.spec.ts:51:3 › retains technical code reading direction through real settings, editing and downloaded HTML: ltr
browser	Structural direction and native-source preflight	2026-10-08T04:02:09.5344373Z [22/60] [firefox] › tests/browser/editor.spec.ts:51:3 › retains technical code reading direction through real settings, editing and downloaded HTML: rtl
browser	Structural direction and native-source preflight	2026-10-08T04:02:14.2489413Z [23/60] [firefox] › tests/browser/editor.spec.ts:51:3 › retains technical code reading direction through real settings, editing and downloaded HTML: auto
browser	Structural direction and native-source preflight	2026-10-08T04:02:16.5991173Z [24/60] [firefox] › tests/browser/editor.spec.ts:62:3 › retains shared automatic list scope through real convert, typing and downloaded HTML
browser	Structural direction and native-source preflight	2026-10-08T04:02:19.5523521Z [25/60] [firefox] › tests/browser/editor.spec.ts:62:3 › retains shared automatic list scope through real lift, typing and downloaded HTML
browser	Structural direction and native-source preflight	2026-10-08T04:02:20.6512673Z [26/60] [firefox] › tests/browser/editor.spec.ts:72:3 › reorders real runbook blocks with native pointer feedback in ltr
browser	Structural direction and native-source preflight	2026-10-08T04:02:23.8980097Z [27/60] [firefox] › tests/browser/editor.spec.ts:72:3 › reorders real runbook blocks with native pointer feedback in rtl
browser	Structural direction and native-source preflight	2026-10-08T04:02:24.0032116Z [28/60] [firefox] › tests/browser/editor.spec.ts:76:1 › reorders real runbook blocks with keyboard structural feedback
browser	Structural direction and native-source preflight	2026-10-08T04:02:27.4399533Z [29/60] [firefox] › tests/browser/editor.spec.ts:81:3 › preserves list direction through real transforms and downloaded HTML: unwrap
browser	Structural direction and native-source preflight	2026-10-08T04:02:29.0645206Z [30/60] [firefox] › tests/browser/editor.spec.ts:81:3 › preserves list direction through real transforms and downloaded HTML: indent
browser	Structural direction and native-source preflight	2026-10-08T04:02:31.5738158Z [31/60] [firefox] › tests/browser/editor.spec.ts:81:3 › preserves list direction through real transforms and downloaded HTML: nested-lift
browser	Structural direction and native-source preflight	2026-10-08T04:02:32.4793652Z [32/60] [firefox] › tests/browser/editor.spec.ts:81:3 › preserves list direction through real transforms and downloaded HTML: contained
browser	Structural direction and native-source preflight	2026-10-08T04:02:35.3557374Z [33/60] [firefox] › tests/browser/editor.spec.ts:87:3 › inserts table columns on the physical left and right: ltr
browser	Structural direction and native-source preflight	2026-10-08T04:02:36.7021125Z [34/60] [firefox] › tests/browser/editor.spec.ts:87:3 › inserts table columns on the physical left and right: rtl-cell-ltr
browser	Structural direction and native-source preflight	2026-10-08T04:02:39.2163684Z [35/60] [firefox] › tests/browser/editor.spec.ts:87:3 › inserts table columns on the physical left and right: auto
browser	Structural direction and native-source preflight	2026-10-08T04:02:40.8492401Z [36/60] [firefox] › tests/browser/editor.spec.ts:87:3 › inserts table columns on the physical left and right: host-css
browser	Structural direction and native-source preflight	2026-10-08T04:02:42.8250329Z [37/60] [firefox] › tests/browser/editor.spec.ts:87:3 › inserts table columns on the physical left and right: rtl-spans
browser	Structural direction and native-source preflight	2026-10-08T04:02:44.5852089Z [38/60] [firefox] › tests/browser/editor.spec.ts:92:1 › retains structural RTL against native source through author controls, physical table editing and downloaded HTML
browser	Structural direction and native-source preflight	2026-10-08T04:02:46.6743222Z [39/60] [firefox] › tests/browser/editor.spec.ts:96:1 › imports inherited inline alignment against a native surface and keeps it through real editing and downloaded HTML
browser	Structural direction and native-source preflight	2026-10-08T04:02:50.2079093Z [40/60] [firefox] › tests/browser/editor.spec.ts:104:1 › retains a shared automatic section direction through first-strong-text editing, history and reader preview
browser	Structural direction and native-source preflight	2026-10-08T04:02:52.1460493Z [41/60] [webkit] › tests/browser/editor.spec.ts:51:3 › retains technical code reading direction through real settings, editing and downloaded HTML: ltr
browser	Structural direction and native-source preflight	2026-10-08T04:02:56.0024684Z [42/60] [webkit] › tests/browser/editor.spec.ts:51:3 › retains technical code reading direction through real settings, editing and downloaded HTML: rtl
browser	Structural direction and native-source preflight	2026-10-08T04:03:02.8275809Z [43/60] [webkit] › tests/browser/editor.spec.ts:51:3 › retains technical code reading direction through real settings, editing and downloaded HTML: auto
browser	Structural direction and native-source preflight	2026-10-08T04:03:05.4721343Z [44/60] [webkit] › tests/browser/editor.spec.ts:62:3 › retains shared automatic list scope through real convert, typing and downloaded HTML
browser	Structural direction and native-source preflight	2026-10-08T04:03:12.1390976Z [45/60] [webkit] › tests/browser/editor.spec.ts:62:3 › retains shared automatic list scope through real lift, typing and downloaded HTML
browser	Structural direction and native-source preflight	2026-10-08T04:03:13.0450143Z [46/60] [webkit] › tests/browser/editor.spec.ts:72:3 › reorders real runbook blocks with native pointer feedback in ltr
browser	Structural direction and native-source preflight	2026-10-08T04:03:19.7371728Z [47/60] [webkit] › tests/browser/editor.spec.ts:72:3 › reorders real runbook blocks with native pointer feedback in rtl
browser	Structural direction and native-source preflight	2026-10-08T04:03:20.2879144Z [48/60] [webkit] › tests/browser/editor.spec.ts:76:1 › reorders real runbook blocks with keyboard structural feedback
browser	Structural direction and native-source preflight	2026-10-08T04:03:26.3168036Z [49/60] [webkit] › tests/browser/editor.spec.ts:81:3 › preserves list direction through real transforms and downloaded HTML: unwrap
browser	Structural direction and native-source preflight	2026-10-08T04:03:29.8280861Z [50/60] [webkit] › tests/browser/editor.spec.ts:81:3 › preserves list direction through real transforms and downloaded HTML: indent
browser	Structural direction and native-source preflight	2026-10-08T04:03:31.4905944Z [51/60] [webkit] › tests/browser/editor.spec.ts:81:3 › preserves list direction through real transforms and downloaded HTML: nested-lift
browser	Structural direction and native-source preflight	2026-10-08T04:03:35.0928582Z [52/60] [webkit] › tests/browser/editor.spec.ts:81:3 › preserves list direction through real transforms and downloaded HTML: contained
browser	Structural direction and native-source preflight	2026-10-08T04:03:36.7904139Z [53/60] [webkit] › tests/browser/editor.spec.ts:87:3 › inserts table columns on the physical left and right: ltr
browser	Structural direction and native-source preflight	2026-10-08T04:03:41.0642800Z [54/60] [webkit] › tests/browser/editor.spec.ts:87:3 › inserts table columns on the physical left and right: rtl-cell-ltr
browser	Structural direction and native-source preflight	2026-10-08T04:03:43.3304851Z [55/60] [webkit] › tests/browser/editor.spec.ts:87:3 › inserts table columns on the physical left and right: auto
browser	Structural direction and native-source preflight	2026-10-08T04:03:47.3750444Z [56/60] [webkit] › tests/browser/editor.spec.ts:87:3 › inserts table columns on the physical left and right: host-css
browser	Structural direction and native-source preflight	2026-10-08T04:03:49.9033694Z [57/60] [webkit] › tests/browser/editor.spec.ts:87:3 › inserts table columns on the physical left and right: rtl-spans
browser	Structural direction and native-source preflight	2026-10-08T04:03:54.1632791Z [58/60] [webkit] › tests/browser/editor.spec.ts:92:1 › retains structural RTL against native source through author controls, physical table editing and downloaded HTML
browser	Structural direction and native-source preflight	2026-10-08T04:03:56.3077540Z [59/60] [webkit] › tests/browser/editor.spec.ts:96:1 › imports inherited inline alignment against a native surface and keeps it through real editing and downloaded HTML
browser	Structural direction and native-source preflight	2026-10-08T04:04:00.7326357Z [60/60] [webkit] › tests/browser/editor.spec.ts:104:1 › retains a shared automatic section direction through first-strong-text editing, history and reader preview
browser	Structural direction and native-source preflight	2026-10-08T04:04:07.7079131Z   60 passed (2.9m)
browser	Native clipboard workflows on the Linux display	﻿2026-10-08T04:04:07.9731418Z ##[group]Run xvfb-run --auto-servernum pnpm exec playwright test --headed --project=chromium --project=firefox --project=webkit --workers=1 --output=structural-direction-clipboard-results --grep "${FOUNTAIN_DISPLAY_CLIPBOARD_PATTERN}"
browser	Native clipboard workflows on the Linux display	2026-10-08T04:04:07.9732640Z ^[[36;1mxvfb-run --auto-servernum pnpm exec playwright test --headed --project=chromium --project=firefox --project=webkit --workers=1 --output=structural-direction-clipboard-results --grep "${FOUNTAIN_DISPLAY_CLIPBOARD_PATTERN}"^[[0m
browser	Native clipboard workflows on the Linux display	2026-10-08T04:04:07.9789727Z shell: /usr/bin/bash -e {0}
browser	Native clipboard workflows on the Linux display	2026-10-08T04:04:07.9789949Z env:
browser	Native clipboard workflows on the Linux display	2026-10-08T04:04:07.9790394Z   FOUNTAIN_DISPLAY_CLIPBOARD_PATTERN: pastes native rich research notes|copies shared automatic list scope|disabled line numbers through native copy
browser	Native clipboard workflows on the Linux display	2026-10-08T04:04:07.9790913Z   PNPM_HOME: /home/runner/setup-pnpm/node_modules/.bin
browser	Native clipboard workflows on the Linux display	2026-10-08T04:04:07.9791153Z ##[endgroup]
browser	Native clipboard workflows on the Linux display	2026-10-08T04:04:09.1483711Z [WebServer] $ vite build -c vite.lib.config.ts && tsc -p tsconfig.build.json && node scripts/copy-assets.mjs && pnpm build:angular
browser	Native clipboard workflows on the Linux display	2026-10-08T04:04:09.1484376Z 
browser	Native clipboard workflows on the Linux display	2026-10-08T04:04:11.0281829Z [WebServer] $ pnpm --dir tools/angular-build exec ngc -p ../../tsconfig.angular.json && pnpm build:angular-demo
browser	Native clipboard workflows on the Linux display	2026-10-08T04:04:11.0282343Z 
browser	Native clipboard workflows on the Linux display	2026-10-08T04:04:12.8639828Z [WebServer] $ pnpm --dir tools/angular-build exec ngc -p ../../tsconfig.angular-demo.json
browser	Native clipboard workflows on the Linux display	2026-10-08T04:04:12.8640463Z 
browser	Native clipboard workflows on the Linux display	2026-10-08T04:04:16.2526785Z 
browser	Native clipboard workflows on the Linux display	2026-10-08T04:04:16.2527465Z Running 12 tests using 1 worker
browser	Native clipboard workflows on the Linux display	2026-10-08T04:04:16.2527753Z 
browser	Native clipboard workflows on the Linux display	2026-10-08T04:04:16.9561481Z [1/12] [chromium] › tests/browser/editor.spec.ts:46:1 › pastes native rich research notes with structure, marks, source and undo
browser	Native clipboard workflows on the Linux display	2026-10-08T04:04:20.7412009Z [2/12] [chromium] › tests/browser/editor.spec.ts:56:1 › retains technical code reading direction and disabled line numbers through native copy and HTML fallback
browser	Native clipboard workflows on the Linux display	2026-10-08T04:04:24.8764305Z [3/12] [chromium] › tests/browser/editor.spec.ts:65:3 › copies shared automatic list scope through real internal and external clipboard: convert
browser	Native clipboard workflows on the Linux display	2026-10-08T04:04:28.3656133Z [4/12] [chromium] › tests/browser/editor.spec.ts:65:3 › copies shared automatic list scope through real internal and external clipboard: lift
browser	Native clipboard workflows on the Linux display	2026-10-08T04:04:33.0707548Z [5/12] [firefox] › tests/browser/editor.spec.ts:46:1 › pastes native rich research notes with structure, marks, source and undo
browser	Native clipboard workflows on the Linux display	2026-10-08T04:04:37.1963151Z [6/12] [firefox] › tests/browser/editor.spec.ts:56:1 › retains technical code reading direction and disabled line numbers through native copy and HTML fallback
browser	Native clipboard workflows on the Linux display	2026-10-08T04:04:41.7029531Z [7/12] [firefox] › tests/browser/editor.spec.ts:65:3 › copies shared automatic list scope through real internal and external clipboard: convert
browser	Native clipboard workflows on the Linux display	2026-10-08T04:04:45.0425394Z [8/12] [firefox] › tests/browser/editor.spec.ts:65:3 › copies shared automatic list scope through real internal and external clipboard: lift
browser	Native clipboard workflows on the Linux display	2026-10-08T04:04:49.8816453Z [9/12] [webkit] › tests/browser/editor.spec.ts:46:1 › pastes native rich research notes with structure, marks, source and undo
browser	Native clipboard workflows on the Linux display	2026-10-08T04:04:55.2946796Z [10/12] [webkit] › tests/browser/editor.spec.ts:56:1 › retains technical code reading direction and disabled line numbers through native copy and HTML fallback
browser	Native clipboard workflows on the Linux display	2026-10-08T04:05:06.8804366Z [11/12] [webkit] › tests/browser/editor.spec.ts:65:3 › copies shared automatic list scope through real internal and external clipboard: convert
browser	Native clipboard workflows on the Linux display	2026-10-08T04:05:14.2837283Z [12/12] [webkit] › tests/browser/editor.spec.ts:65:3 › copies shared automatic list scope through real internal and external clipboard: lift
browser	Native clipboard workflows on the Linux display	2026-10-08T04:05:22.5306660Z   12 passed (1.2m)
browser	Native control and document focus preflight	﻿2026-10-08T04:05:22.6946467Z ##[group]Run pnpm exec playwright test --project=webkit --grep "opens and cancels public configuration panels|keeps the public native colour field|preserves inert HTML comments|edits RTL blocks|compares list-first code text-click"
browser	Native control and document focus preflight	2026-10-08T04:05:22.6947639Z ^[[36;1mpnpm exec playwright test --project=webkit --grep "opens and cancels public configuration panels|keeps the public native colour field|preserves inert HTML comments|edits RTL blocks|compares list-first code text-click"^[[0m
browser	Native control and document focus preflight	2026-10-08T04:05:22.7003580Z shell: /usr/bin/bash -e {0}
browser	Native control and document focus preflight	2026-10-08T04:05:22.7003815Z env:
browser	Native control and document focus preflight	2026-10-08T04:05:22.7004268Z   FOUNTAIN_DISPLAY_CLIPBOARD_PATTERN: pastes native rich research notes|copies shared automatic list scope|disabled line numbers through native copy
browser	Native control and document focus preflight	2026-10-08T04:05:22.7004792Z   PNPM_HOME: /home/runner/setup-pnpm/node_modules/.bin
browser	Native control and document focus preflight	2026-10-08T04:05:22.7005059Z ##[endgroup]
browser	Native control and document focus preflight	2026-10-08T04:05:23.7776718Z [WebServer] $ vite build -c vite.lib.config.ts && tsc -p tsconfig.build.json && node scripts/copy-assets.mjs && pnpm build:angular
browser	Native control and document focus preflight	2026-10-08T04:05:23.7777494Z 
browser	Native control and document focus preflight	2026-10-08T04:05:25.6816623Z [WebServer] $ pnpm --dir tools/angular-build exec ngc -p ../../tsconfig.angular.json && pnpm build:angular-demo
browser	Native control and document focus preflight	2026-10-08T04:05:25.6817311Z 
browser	Native control and document focus preflight	2026-10-08T04:05:27.4916375Z [WebServer] $ pnpm --dir tools/angular-build exec ngc -p ../../tsconfig.angular-demo.json
browser	Native control and document focus preflight	2026-10-08T04:05:27.4916759Z 
browser	Native control and document focus preflight	2026-10-08T04:05:30.8803054Z 
browser	Native control and document focus preflight	2026-10-08T04:05:30.8803659Z Running 5 tests using 2 workers
browser	Native control and document focus preflight	2026-10-08T04:05:30.8803882Z 
browser	Native control and document focus preflight	2026-10-08T04:05:31.6762401Z [1/5] [webkit] › tests/browser/editor.spec.ts:100:1 › compares list-first code text-click focus and editing to a plain native surface
browser	Native control and document focus preflight	2026-10-08T04:05:31.6809993Z [2/5] [webkit] › tests/browser/editor.spec.ts:112:1 › edits RTL blocks with native keyboard selection, direction controls, Enter history and HTML reader export
browser	Native control and document focus preflight	2026-10-08T04:05:35.4357702Z [3/5] [webkit] › tests/browser/editor.spec.ts:189:1 › preserves inert HTML comments through human editing source and reader output
browser	Native control and document focus preflight	2026-10-08T04:05:40.3647273Z [4/5] [webkit] › tests/browser/editor.spec.ts:5426:1 › opens and cancels public configuration panels with keyboard focus and exact document retention
browser	Native control and document focus preflight	2026-10-08T04:05:51.0056335Z [5/5] [webkit] › tests/browser/editor.spec.ts:5544:1 › keeps the public native colour field focused while formatting selected text and allows undo in the editor
browser	Native control and document focus preflight	2026-10-08T04:05:57.4378978Z   5 passed (34.0s)
browser	Firefox native RTL selection preflight	﻿2026-10-08T04:05:57.5797740Z ##[group]Run pnpm exec playwright test --project=firefox --grep "edits RTL blocks|compares list-first code text-click"
browser	Firefox native RTL selection preflight	2026-10-08T04:05:57.5798412Z ^[[36;1mpnpm exec playwright test --project=firefox --grep "edits RTL blocks|compares list-first code text-click"^[[0m
browser	Firefox native RTL selection preflight	2026-10-08T04:05:57.5853742Z shell: /usr/bin/bash -e {0}
browser	Firefox native RTL selection preflight	2026-10-08T04:05:57.5853969Z env:
browser	Firefox native RTL selection preflight	2026-10-08T04:05:57.5854412Z   FOUNTAIN_DISPLAY_CLIPBOARD_PATTERN: pastes native rich research notes|copies shared automatic list scope|disabled line numbers through native copy
browser	Firefox native RTL selection preflight	2026-10-08T04:05:57.5854963Z   PNPM_HOME: /home/runner/setup-pnpm/node_modules/.bin
browser	Firefox native RTL selection preflight	2026-10-08T04:05:57.5855202Z ##[endgroup]
browser	Firefox native RTL selection preflight	2026-10-08T04:05:58.6628187Z [WebServer] $ vite build -c vite.lib.config.ts && tsc -p tsconfig.build.json && node scripts/copy-assets.mjs && pnpm build:angular
browser	Firefox native RTL selection preflight	2026-10-08T04:05:58.6629037Z 
browser	Firefox native RTL selection preflight	2026-10-08T04:06:00.5570612Z [WebServer] $ pnpm --dir tools/angular-build exec ngc -p ../../tsconfig.angular.json && pnpm build:angular-demo
browser	Firefox native RTL selection preflight	2026-10-08T04:06:00.5571264Z 
browser	Firefox native RTL selection preflight	2026-10-08T04:06:02.3798489Z [WebServer] $ pnpm --dir tools/angular-build exec ngc -p ../../tsconfig.angular-demo.json
browser	Firefox native RTL selection preflight	2026-10-08T04:06:02.3799012Z 
browser	Firefox native RTL selection preflight	2026-10-08T04:06:05.7467804Z 
browser	Firefox native RTL selection preflight	2026-10-08T04:06:05.7468501Z Running 2 tests using 2 workers
browser	Firefox native RTL selection preflight	2026-10-08T04:06:05.7468733Z 
browser	Firefox native RTL selection preflight	2026-10-08T04:06:06.5467106Z [1/2] [firefox] › tests/browser/editor.spec.ts:100:1 › compares list-first code text-click focus and editing to a plain native surface
browser	Firefox native RTL selection preflight	2026-10-08T04:06:06.5581192Z [2/2] [firefox] › tests/browser/editor.spec.ts:112:1 › edits RTL blocks with native keyboard selection, direction controls, Enter history and HTML reader export
browser	Firefox native RTL selection preflight	2026-10-08T04:06:12.7928004Z   2 passed (14.5s)
browser	Remaining headless browser matrix	﻿2026-10-08T04:06:12.9106615Z ##[group]Run pnpm exec playwright test --grep-invert "${FOUNTAIN_DISPLAY_CLIPBOARD_PATTERN}"
browser	Remaining headless browser matrix	2026-10-08T04:06:12.9107433Z ^[[36;1mpnpm exec playwright test --grep-invert "${FOUNTAIN_DISPLAY_CLIPBOARD_PATTERN}"^[[0m
browser	Remaining headless browser matrix	2026-10-08T04:06:12.9164369Z shell: /usr/bin/bash -e {0}
browser	Remaining headless browser matrix	2026-10-08T04:06:12.9164584Z env:
browser	Remaining headless browser matrix	2026-10-08T04:06:12.9165023Z   FOUNTAIN_DISPLAY_CLIPBOARD_PATTERN: pastes native rich research notes|copies shared automatic list scope|disabled line numbers through native copy
browser	Remaining headless browser matrix	2026-10-08T04:06:12.9165568Z   PNPM_HOME: /home/runner/setup-pnpm/node_modules/.bin
browser	Remaining headless browser matrix	2026-10-08T04:06:12.9165816Z ##[endgroup]
browser	Remaining headless browser matrix	2026-10-08T04:06:13.9987065Z [WebServer] $ vite build -c vite.lib.config.ts && tsc -p tsconfig.build.json && node scripts/copy-assets.mjs && pnpm build:angular
browser	Remaining headless browser matrix	2026-10-08T04:06:13.9987812Z 
browser	Remaining headless browser matrix	2026-10-08T04:06:15.8655726Z [WebServer] $ pnpm --dir tools/angular-build exec ngc -p ../../tsconfig.angular.json && pnpm build:angular-demo
browser	Remaining headless browser matrix	2026-10-08T04:06:15.8656165Z 
browser	Remaining headless browser matrix	2026-10-08T04:06:17.6668038Z [WebServer] $ pnpm --dir tools/angular-build exec ngc -p ../../tsconfig.angular-demo.json
browser	Remaining headless browser matrix	2026-10-08T04:06:17.6668612Z 
browser	Remaining headless browser matrix	2026-10-08T04:06:21.2698414Z 
browser	Remaining headless browser matrix	2026-10-08T04:06:21.2699204Z Running 761 tests using 2 workers
browser	Remaining headless browser matrix	2026-10-08T04:06:21.2699518Z 
browser	Remaining headless browser matrix	2026-10-08T04:06:22.0618533Z [1/761] [chromium] › tests/browser/editor.spec.ts:51:3 › retains technical code reading direction through real settings, editing and downloaded HTML: rtl
browser	Remaining headless browser matrix	2026-10-08T04:06:22.0699317Z [2/761] [chromium] › tests/browser/editor.spec.ts:51:3 › retains technical code reading direction through real settings, editing and downloaded HTML: ltr
browser	Remaining headless browser matrix	2026-10-08T04:06:27.1206415Z [3/761] [chromium] › tests/browser/editor.spec.ts:51:3 › retains technical code reading direction through real settings, editing and downloaded HTML: auto
browser	Remaining headless browser matrix	2026-10-08T04:06:27.3211031Z [4/761] [chromium] › tests/browser/editor.spec.ts:62:3 › retains shared automatic list scope through real convert, typing and downloaded HTML
browser	Remaining headless browser matrix	2026-10-08T04:06:31.3340220Z [5/761] [chromium] › tests/browser/editor.spec.ts:62:3 › retains shared automatic list scope through real lift, typing and downloaded HTML
browser	Remaining headless browser matrix	2026-10-08T04:06:31.9261054Z [6/761] [chromium] › tests/browser/editor.spec.ts:72:3 › reorders real runbook blocks with native pointer feedback in ltr
browser	Remaining headless browser matrix	2026-10-08T04:06:35.1074913Z [7/761] [chromium] › tests/browser/editor.spec.ts:72:3 › reorders real runbook blocks with native pointer feedback in rtl
browser	Remaining headless browser matrix	2026-10-08T04:06:35.6528563Z [8/761] [chromium] › tests/browser/editor.spec.ts:76:1 › reorders real runbook blocks with keyboard structural feedback
browser	Remaining headless browser matrix	2026-10-08T04:06:38.4149107Z [9/761] [chromium] › tests/browser/editor.spec.ts:81:3 › preserves list direction through real transforms and downloaded HTML: unwrap
browser	Remaining headless browser matrix	2026-10-08T04:06:40.5733962Z [10/761] [chromium] › tests/browser/editor.spec.ts:81:3 › preserves list direction through real transforms and downloaded HTML: indent
browser	Remaining headless browser matrix	2026-10-08T04:06:41.8033770Z [11/761] [chromium] › tests/browser/editor.spec.ts:81:3 › preserves list direction through real transforms and downloaded HTML: nested-lift
browser	Remaining headless browser matrix	2026-10-08T04:06:43.8513566Z [12/761] [chromium] › tests/browser/editor.spec.ts:81:3 › preserves list direction through real transforms and downloaded HTML: contained
browser	Remaining headless browser matrix	2026-10-08T04:06:45.2917674Z [13/761] [chromium] › tests/browser/editor.spec.ts:87:3 › inserts table columns on the physical left and right: ltr
browser	Remaining headless browser matrix	2026-10-08T04:06:47.5896263Z [14/761] [chromium] › tests/browser/editor.spec.ts:87:3 › inserts table columns on the physical left and right: rtl-cell-ltr
browser	Remaining headless browser matrix	2026-10-08T04:06:48.9000523Z [15/761] [chromium] › tests/browser/editor.spec.ts:87:3 › inserts table columns on the physical left and right: auto
browser	Remaining headless browser matrix	2026-10-08T04:06:51.1639081Z [16/761] [chromium] › tests/browser/editor.spec.ts:87:3 › inserts table columns on the physical left and right: host-css
browser	Remaining headless browser matrix	2026-10-08T04:06:52.6003255Z [17/761] [chromium] › tests/browser/editor.spec.ts:87:3 › inserts table columns on the physical left and right: rtl-spans
browser	Remaining headless browser matrix	2026-10-08T04:06:54.7551480Z [18/761] [chromium] › tests/browser/editor.spec.ts:92:1 › retains structural RTL against native source through author controls, physical table editing and downloaded HTML
browser	Remaining headless browser matrix	2026-10-08T04:06:56.1681264Z [19/761] [chromium] › tests/browser/editor.spec.ts:96:1 › imports inherited inline alignment against a native surface and keeps it through real editing and downloaded HTML
browser	Remaining headless browser matrix	2026-10-08T04:06:59.0780471Z [20/761] [chromium] › tests/browser/editor.spec.ts:100:1 › compares list-first code text-click focus and editing to a plain native surface
browser	Remaining headless browser matrix	2026-10-08T04:07:00.0720267Z [21/761] [chromium] › tests/browser/editor.spec.ts:104:1 › retains a shared automatic section direction through first-strong-text editing, history and reader preview
browser	Remaining headless browser matrix	2026-10-08T04:07:01.4562101Z [22/761] [chromium] › tests/browser/editor.spec.ts:108:1 › authors physical-left alignment under an RTL host and inherited-auto reader with history
browser	Remaining headless browser matrix	2026-10-08T04:07:03.4601229Z [23/761] [chromium] › tests/browser/editor.spec.ts:112:1 › edits RTL blocks with native keyboard selection, direction controls, Enter history and HTML reader export
browser	Remaining headless browser matrix	2026-10-08T04:07:04.6852359Z [24/761] [chromium] › tests/browser/editor.spec.ts:116:1 › separates the homepage framework descenders from the italic extend line
browser	Remaining headless browser matrix	2026-10-08T04:07:06.9681913Z [25/761] [chromium] › tests/browser/editor.spec.ts:135:1 › keeps consecutive marked quoted and table blank lines visible in reader and saved HTML
browser	Remaining headless browser matrix	2026-10-08T04:07:09.1819941Z [26/761] [chromium] › tests/browser/editor.spec.ts:139:1 › fills and reopens a retained childless paragraph using real pointer typing Enter Backspace and undo
browser	Remaining headless browser matrix	2026-10-08T04:07:10.4150858Z [27/761] [chromium] › tests/browser/editor.spec.ts:143:1 › edits structured inert block wrappers with actual table navigation Enter Backspace history and safe reopening
browser	Remaining headless browser matrix	2026-10-08T04:07:12.9440559Z [28/761] [chromium] › tests/browser/editor.spec.ts:147:1 › retains HTML link navigation and literal Markdown data through real editing and reopening
browser	Remaining headless browser matrix	2026-10-08T04:07:16.1402379Z [29/761] [chromium] › tests/browser/editor.spec.ts:151:1 › edits inert script style textarea source with real Enter Backspace history and safe reader reopening
browser	Remaining headless browser matrix	2026-10-08T04:07:20.6410726Z [30/761] [chromium] › tests/browser/editor.spec.ts:155:1 › retains unfinished raw HTML as editable Markdown source and discloses direct HTML omissions
browser	Remaining headless browser matrix	2026-10-08T04:07:21.0540991Z [31/761] [chromium] › tests/browser/editor.spec.ts:159:1 › preserves registered inert inline source through real typing history and Markdown HTML JSON reopening
browser	Remaining headless browser matrix	2026-10-08T04:07:24.3206801Z [32/761] [chromium] › tests/browser/editor.spec.ts:163:1 › preserves immutable snapshots and owned attributes through real typing Enter history and JSON reopening
browser	Remaining headless browser matrix	2026-10-08T04:07:25.5271497Z [33/761] [chromium] › tests/browser/editor.spec.ts:167:1 › imports private files in the conversion lab with reports and export reopen
browser	Remaining headless browser matrix	2026-10-08T04:07:26.1068015Z [34/761] [chromium] › tests/browser/editor.spec.ts:171:1 › resolves unequal Markdown runs through actual selection editing history download and reader reopen
browser	Remaining headless browser matrix	2026-10-08T04:07:30.1381404Z [35/761] [chromium] › tests/browser/editor.spec.ts:176:3 › retains partial Markdown em scope through real typing history and canonical reopening
browser	Remaining headless browser matrix	2026-10-08T04:07:31.5914330Z [36/761] [chromium] › tests/browser/editor.spec.ts:176:3 › retains partial Markdown strong scope through real typing history and canonical reopening
browser	Remaining headless browser matrix	2026-10-08T04:07:31.6070815Z [37/761] [chromium] › tests/browser/editor.spec.ts:181:1 › submits resets and disables a native form-associated Web Component
browser	Remaining headless browser matrix	2026-10-08T04:07:33.2423281Z [38/761] [chromium] › tests/browser/editor.spec.ts:185:1 › converts document-wide HTML scopes with source edit undo and explicit layout differences
browser	Remaining headless browser matrix	2026-10-08T04:07:34.3316984Z [39/761] [chromium] › tests/browser/editor.spec.ts:189:1 › preserves inert HTML comments through human editing source and reader output
browser	Remaining headless browser matrix	2026-10-08T04:07:37.5648230Z [40/761] [chromium] › tests/browser/editor.spec.ts:193:1 › copies anonymous flow internally and into an external plain-text editor through real clipboard
browser	Remaining headless browser matrix	2026-10-08T04:07:39.6834490Z [41/761] [chromium] › tests/browser/editor.spec.ts:198:1 › retains cleared anonymous flow through real cut save reopen and continued editing
browser	Remaining headless browser matrix	2026-10-08T04:07:39.9199768Z [42/761] [chromium] › tests/browser/editor.spec.ts:202:1 › retains anonymous HTML flow without extra spacing through real typing Enter deletion and reader output
browser	Remaining headless browser matrix	2026-10-08T04:07:43.2705058Z [43/761] [chromium] › tests/browser/editor.spec.ts:206:1 › retains literal flow newlines through actual Markdown export and source reimport
browser	Remaining headless browser matrix	2026-10-08T04:07:44.3655522Z [44/761] [chromium] › tests/browser/editor.spec.ts:210:1 › edits protected Markdown images and dividers inside HTML sections through history and reopening
browser	Remaining headless browser matrix	2026-10-08T04:07:45.8982386Z [45/761] [chromium] › tests/browser/editor.spec.ts:214:1 › edits protected Markdown tables inside HTML sections through cell navigation history and reopening
browser	Remaining headless browser matrix	2026-10-08T04:07:48.0415737Z [46/761] [chromium] › tests/browser/editor.spec.ts:218:1 › authors sections with properties, empty content, undo and reader preview
browser	Remaining headless browser matrix	2026-10-08T04:07:49.9254151Z [47/761] [chromium] › tests/browser/editor.spec.ts:222:1 › preserves optional section containers through real editing and reader output
browser	Remaining headless browser matrix	2026-10-08T04:07:51.7823330Z [48/761] [chromium] › tests/browser/editor.spec.ts:226:1 › edits and reopens a Word glossary with term and description roles
browser	Remaining headless browser matrix	2026-10-08T04:07:54.1750536Z [49/761] [chromium] › tests/browser/editor.spec.ts:230:1 › imports and edits Word content controls without losing visible content
browser	Remaining headless browser matrix	2026-10-08T04:07:56.4741046Z [50/761] [chromium] › tests/browser/editor.spec.ts:252:1 › preserves code endings through source recovery and reader handoff
browser	Remaining headless browser matrix	2026-10-08T04:07:58.6382691Z [51/761] [chromium] › tests/browser/editor.spec.ts:256:1 › edits definition lists and reopens a glossary in a reader
browser	Remaining headless browser matrix	2026-10-08T04:08:01.2381060Z [52/761] [chromium] › tests/browser/editor.spec.ts:260:1 › edits registered HTML wrappers after Markdown source recovery
browser	Remaining headless browser matrix	2026-10-08T04:08:02.9350463Z [53/761] [chromium] › tests/browser/editor.spec.ts:264:1 › retains the complete document through pointer and keyboard output-format changes
browser	Remaining headless browser matrix	2026-10-08T04:08:03.0010426Z [54/761] [chromium] › tests/browser/editor.spec.ts:268:1 › recovers nested Markdown lists and quotes through an editor and reader
browser	Remaining headless browser matrix	2026-10-08T04:08:11.4424020Z [55/761] [chromium] › tests/browser/editor.spec.ts:272:1 › edits opaque code labels and reopens them safely in a reader
browser	Remaining headless browser matrix	2026-10-08T04:08:12.7526086Z [56/761] [chromium] › tests/browser/editor.spec.ts:277:1 › guards editor actions against page reloads without suppressing failures
browser	Remaining headless browser matrix	2026-10-08T04:08:14.1468502Z [57/761] [chromium] › tests/browser/editor.spec.ts:287:1 › recovers paragraph HTML into editable blocks and a reopened reader
browser	Remaining headless browser matrix	2026-10-08T04:08:15.5597493Z [58/761] [chromium] › tests/browser/editor.spec.ts:291:1 › reads separate retired paragraphs after Markdown HTML scope conversion and handoff
browser	Remaining headless browser matrix	2026-10-08T04:08:19.0031193Z [59/761] [chromium] › tests/browser/editor.spec.ts:295:1 › preserves headerless and mixed tables through source and file handoff
browser	Remaining headless browser matrix	2026-10-08T04:08:22.3153537Z [60/761] [chromium] › tests/browser/editor.spec.ts:299:1 › retains HTML block formatting through server import, paste and draft handoff
browser	Remaining headless browser matrix	2026-10-08T04:08:27.4844511Z [61/761] [chromium] › tests/browser/editor.spec.ts:303:1 › discovers product workflows and preserves separate task drafts and histories
browser	Remaining headless browser matrix	2026-10-08T04:08:30.5700238Z [62/761] [chromium] › tests/browser/editor.spec.ts:307:1 › retains escaped pipes and strikethrough through table edits and Markdown handoff
browser	Remaining headless browser matrix	2026-10-08T04:08:34.0874340Z [63/761] [chromium] › tests/browser/editor.spec.ts:311:1 › retains literal text lines through editing and Markdown handoff
browser	Remaining headless browser matrix	2026-10-08T04:08:36.3340761Z [64/761] [chromium] › tests/browser/editor.spec.ts:315:1 › keeps literal syntax unformatted through visual edits and Markdown reopen
browser	Remaining headless browser matrix	2026-10-08T04:08:37.3371305Z [65/761] [chromium] › tests/browser/editor.spec.ts:319:1 › chooses literal address import and retains links through DOCX handoff
browser	Remaining headless browser matrix	2026-10-08T04:08:39.5213509Z [66/761] [chromium] › tests/browser/editor.spec.ts:323:1 › writes and reopens an issue with visual Markdown source fidelity and reader preview
browser	Remaining headless browser matrix	2026-10-08T04:08:42.8047924Z [67/761] [chromium] › tests/browser/editor.spec.ts:327:1 › issue workflow preserves root references and validates local image files
browser	Remaining headless browser matrix	2026-10-08T04:08:43.3539688Z [68/761] [chromium] › tests/browser/editor.spec.ts:359:1 › issue workflow preserves reference prefixes and reports container fallback
browser	Remaining headless browser matrix	2026-10-08T04:08:45.4223865Z [69/761] [chromium] › tests/browser/editor.spec.ts:383:1 › reopens a full HTML report without promoting page metadata into editor content
browser	Remaining headless browser matrix	2026-10-08T04:08:46.0885903Z [70/761] [chromium] › tests/browser/editor.spec.ts:387:1 › matches native document parsing for HTML envelopes, recovery, and noscript
browser	Remaining headless browser matrix	2026-10-08T04:08:47.7570906Z [71/761] [chromium] › tests/browser/editor.spec.ts:401:1 › aligns selected paragraphs using backward selection, toolbar, history and HTML export
browser	Remaining headless browser matrix	2026-10-08T04:08:49.1506950Z [72/761] [chromium] › tests/browser/editor.spec.ts:405:1 › exports independent DOCX list starts and renders the same procedure beside the editor
browser	Remaining headless browser matrix	2026-10-08T04:08:50.7337227Z [73/761] [chromium] › tests/browser/editor.spec.ts:409:1 › retains zero-based list numbers through keyboard outdent history and export
browser	Remaining headless browser matrix	2026-10-08T04:08:51.4577519Z [74/761] [chromium] › tests/browser/editor.spec.ts:413:1 › imports ordered-list starts like the native browser integer parser
browser	Remaining headless browser matrix	2026-10-08T04:08:53.3537003Z [75/761] [chromium] › tests/browser/editor.spec.ts:427:1 › uses first-party Angular signals and directive for campaign editing and owner cleanup
browser	Remaining headless browser matrix	2026-10-08T04:08:54.0983892Z [76/761] [chromium] › tests/browser/editor.spec.ts:431:1 › disposes Svelte custom block views before their owned engine
browser	Remaining headless browser matrix	2026-10-08T04:08:56.3249800Z [77/761] [chromium] › tests/browser/editor.spec.ts:440:1 › uses first-party Svelte bindings for table editing, history, stores and owner disposal
browser	Remaining headless browser matrix	2026-10-08T04:09:00.0971009Z [78/761] [chromium] › tests/browser/editor.spec.ts:444:1 › uses first-party Vue bindings for editing, reactive state, history and view remounts
browser	Remaining headless browser matrix	2026-10-08T04:09:00.9541286Z [79/761] [chromium] › tests/browser/editor.spec.ts:448:1 › keeps real SVG equation links inside paged snapshots across editing and rebuilding
browser	Remaining headless browser matrix	2026-10-08T04:09:05.2425456Z [80/761] [chromium] › tests/browser/editor.spec.ts:452:1 › saves and reopens equation files with source, references and history intact
browser	Remaining headless browser matrix	2026-10-08T04:09:05.3571218Z [81/761] [chromium] › tests/browser/editor.spec.ts:456:1 › recovers from textless replacement for native typing, lines and history
browser	Remaining headless browser matrix	2026-10-08T04:09:07.1773534Z [82/761] [chromium] › tests/browser/editor.spec.ts:460:1 › renders labelled equations and reader links through real editing and recovery
browser	Remaining headless browser matrix	2026-10-08T04:09:12.1639522Z [83/761] [chromium] › tests/browser/editor.spec.ts:464:1 › keeps moved math source attached to its formula through native editing, undo, and export
browser	Remaining headless browser matrix	2026-10-08T04:09:12.8895394Z [84/761] [chromium] › tests/browser/editor.spec.ts:468:1 › imports the published TeX table with visible losses and editable numeric values
browser	Remaining headless browser matrix	2026-10-08T04:09:14.7631195Z [85/761] [chromium] › tests/browser/editor.spec.ts:552:1 › keeps comparison names separate from their copy in a mobile desktop-site viewport
browser	Remaining headless browser matrix	2026-10-08T04:09:15.1359700Z [86/761] [chromium] › tests/browser/editor.spec.ts:580:1 › renders, edits, and measures portable page intent in a real browser
browser	Remaining headless browser matrix	2026-10-08T04:09:16.1442698Z [87/761] [chromium] › tests/browser/editor.spec.ts:649:1 › measures browser line boxes, list items, rowspan groups, and footnotes as legal page fragments
browser	Remaining headless browser matrix	2026-10-08T04:09:16.9745730Z [88/761] [chromium] › tests/browser/editor.spec.ts:743:1 › continues measured long footnotes through editable and print page projections
browser	Remaining headless browser matrix	2026-10-08T04:09:17.0911781Z [89/761] [chromium] › tests/browser/editor.spec.ts:851:1 › prints a mixed repeated-footnote, merged-table, and manual-break document without loss
browser	Remaining headless browser matrix	2026-10-08T04:09:18.8193982Z [90/761] [chromium] › tests/browser/editor.spec.ts:959:1 › paginates imported styled semantic HTML without structural or PDF text loss
browser	Remaining headless browser matrix	2026-10-08T04:09:20.2752263Z [91/761] [chromium] › tests/browser/editor.spec.ts:1104:1 › uses a host print renderer without moving or exposing live custom DOM
browser	Remaining headless browser matrix	2026-10-08T04:09:21.0908274Z [92/761] [chromium] › tests/browser/editor.spec.ts:1127:1 › projects exact A4 and Letter print sheets in every browser engine
browser	Remaining headless browser matrix	2026-10-08T04:09:21.1275671Z [93/761] [chromium] › tests/browser/editor.spec.ts:1244:1 › emits exact A4 and Letter PDF pages for every projected sheet in Chromium
browser	Remaining headless browser matrix	2026-10-08T04:09:22.5695142Z [94/761] [chromium] › tests/browser/editor.spec.ts:1284:1 › keeps 1,000-block pagination reflow local to the changed block
browser	Remaining headless browser matrix	2026-10-08T04:09:22.6971536Z [95/761] [chromium] › tests/browser/editor.spec.ts:1296:1 › bounds alternating edge reflow across 5,000 rendered page blocks
browser	Remaining headless browser matrix	2026-10-08T04:09:23.7826429Z [96/761] [chromium] › tests/browser/editor.spec.ts:1319:1 › keeps 5,000 unchanged page blocks cached through leading insertion and removal
browser	Remaining headless browser matrix	2026-10-08T04:09:24.9190678Z [97/761] [chromium] › tests/browser/editor.spec.ts:1345:1 › edits, selects, and composes across guarded page shells in one contenteditable
browser	Remaining headless browser matrix	2026-10-08T04:09:25.8482957Z [98/761] [chromium] › tests/browser/editor.spec.ts:1421:1 › keeps one paragraph editable when its measured lines span page shells
browser	Remaining headless browser matrix	2026-10-08T04:09:26.3882793Z [99/761] [chromium] › tests/browser/editor.spec.ts:1548:1 › maps carets, ranges, and composition around injected paragraph page gaps
browser	Remaining headless browser matrix	2026-10-08T04:09:27.4157836Z [100/761] [chromium] › tests/browser/editor.spec.ts:1652:1 › keeps one canonical ordered list editable and numbered across page shells
browser	Remaining headless browser matrix	2026-10-08T04:09:27.8419657Z [101/761] [chromium] › tests/browser/editor.spec.ts:1787:52 › honours explicit table repetition independently of cell roles (ordinary)
browser	Remaining headless browser matrix	2026-10-08T04:09:29.0259431Z [102/761] [chromium] › tests/browser/editor.spec.ts:1787:52 › honours explicit table repetition independently of cell roles (off)
browser	Remaining headless browser matrix	2026-10-08T04:09:29.8131052Z [103/761] [chromium] › tests/browser/editor.spec.ts:1820:1 › keeps one canonical table editable with repeated headers across page shells
browser	Remaining headless browser matrix	2026-10-08T04:09:30.9941495Z [104/761] [chromium] › tests/browser/editor.spec.ts:1970:1 › keeps merged header and body rowspans intact across editable table pages
browser	Remaining headless browser matrix	2026-10-08T04:09:31.7521593Z [105/761] [chromium] › tests/browser/editor.spec.ts:2036:1 › reports an oversized table row without clipping or splitting its editable model
browser	Remaining headless browser matrix	2026-10-08T04:09:32.4271180Z [106/761] [chromium] › tests/browser/editor.spec.ts:2078:1 › keeps canonical page furniture and footnotes editable while projecting every page copy
browser	Remaining headless browser matrix	2026-10-08T04:09:33.3723656Z [107/761] [chromium] › tests/browser/editor.spec.ts:2163:1 › keeps code, media, disclosures, and custom atoms canonical across editable pages
browser	Remaining headless browser matrix	2026-10-08T04:09:34.3474223Z [108/761] [chromium] › tests/browser/editor.spec.ts:2298:1 › keeps tracked review and Yjs live between list items split across pages
browser	Remaining headless browser matrix	2026-10-08T04:09:35.2736894Z [109/761] [chromium] › tests/browser/editor.spec.ts:2364:1 › keeps tracked review and Yjs live between table rows split across pages
browser	Remaining headless browser matrix	2026-10-08T04:09:36.3059484Z [110/761] [chromium] › tests/browser/editor.spec.ts:2441:13 › keeps comments attached and synchronized inside a continued list
browser	Remaining headless browser matrix	2026-10-08T04:09:37.6226068Z [111/761] [chromium] › tests/browser/editor.spec.ts:2441:13 › keeps comments attached and synchronized inside a continued table
browser	Remaining headless browser matrix	2026-10-08T04:09:38.3347963Z [112/761] [chromium] › tests/browser/editor.spec.ts:2495:1 › keeps tracked review and Yjs live inside a paragraph split across pages
browser	Remaining headless browser matrix	2026-10-08T04:09:39.3931042Z [113/761] [chromium] › tests/browser/editor.spec.ts:2556:1 › keeps tracked review and Yjs collaboration live across automatic page boundaries
browser	Remaining headless browser matrix	2026-10-08T04:09:40.4816708Z [114/761] [chromium] › tests/browser/editor.spec.ts:2631:1 › tracks real browser insertion and replacement with reversible review decisions
browser	Remaining headless browser matrix	2026-10-08T04:09:41.1975056Z [115/761] [chromium] › tests/browser/editor.spec.ts:2660:1 › runs the package-backed full-text tracked review panel
browser	Remaining headless browser matrix	2026-10-08T04:09:41.4761154Z [116/761] [chromium] › tests/browser/editor.spec.ts:2678:1 › runs package-backed named versions, exact comparison, preview, and guarded restoration
browser	Remaining headless browser matrix	2026-10-08T04:09:43.3389809Z [117/761] [chromium] › tests/browser/editor.spec.ts:2708:1 › edits and persists package-backed collapsible details in the public playground
browser	Remaining headless browser matrix	2026-10-08T04:09:44.0297008Z [118/761] [chromium] › tests/browser/editor.spec.ts:2734:1 › edits semantic ruby annotations through the package-backed public playground
browser	Remaining headless browser matrix	2026-10-08T04:09:46.0085560Z [119/761] [chromium] › tests/browser/editor.spec.ts:2764:1 › converges live and offline Yjs edits and keeps collaborative undo author-local
browser	Remaining headless browser matrix	2026-10-08T04:09:46.8772072Z [120/761] [chromium] › tests/browser/editor.spec.ts:2793:1 › runs reference links, recursive blocks, rich tables, and loss reports in a real browser
browser	Remaining headless browser matrix	2026-10-08T04:09:47.1771265Z [121/761] [chromium] › tests/browser/editor.spec.ts:2818:1 › round-trips variable-delimiter Markdown code spans in the browser package
browser	Remaining headless browser matrix	2026-10-08T04:09:47.7237365Z [122/761] [chromium] › tests/browser/editor.spec.ts:3386:1 › types, deletes, and undoes inside imported empty documents, quotes, and list items
browser	Remaining headless browser matrix	2026-10-08T04:09:48.1734199Z [123/761] [chromium] › tests/browser/editor.spec.ts:3416:1 › round-trips marker-relative list containers and exact code whitespace
browser	Remaining headless browser matrix	2026-10-08T04:09:48.9549441Z [124/761] [chromium] › tests/browser/editor.spec.ts:3460:1 › preserves raw Markdown and inert frontmatter through the browser package
browser	Remaining headless browser matrix	2026-10-08T04:09:49.7443105Z [125/761] [chromium] › tests/browser/editor.spec.ts:3486:1 › edits through real beforeinput events and undoes a Markdown input rule
browser	Remaining headless browser matrix	2026-10-08T04:09:50.6334706Z [126/761] [chromium] › tests/browser/editor.spec.ts:3500:1 › groups adjacent browser typing and respects explicit undo boundaries
browser	Remaining headless browser matrix	2026-10-08T04:09:51.3660926Z [127/761] [chromium] › tests/browser/editor.spec.ts:3521:3 › preserves replacement formatting across subsequent typing input
browser	Remaining headless browser matrix	2026-10-08T04:09:51.7025313Z [128/761] [chromium] › tests/browser/editor.spec.ts:3521:3 › preserves replacement formatting across subsequent composition input
browser	Remaining headless browser matrix	2026-10-08T04:09:52.3081305Z [129/761] [chromium] › tests/browser/editor.spec.ts:3552:1 › commits cross-browser composition sequences once and supports replacement input
browser	Remaining headless browser matrix	2026-10-08T04:09:52.5984258Z [130/761] [chromium] › tests/browser/editor.spec.ts:3584:1 › maps decorations through typing without persisting widget content
browser	Remaining headless browser matrix	2026-10-08T04:09:53.2491089Z [131/761] [chromium] › tests/browser/editor.spec.ts:3599:1 › highlights editable code and updates language metadata through public commands
browser	Remaining headless browser matrix	2026-10-08T04:09:53.6501023Z [132/761] [chromium] › tests/browser/editor.spec.ts:3629:1 › runs a view-focused chain and checks it without preview side effects
browser	Remaining headless browser matrix	2026-10-08T04:09:54.2413079Z [133/761] [chromium] › tests/browser/editor.spec.ts:3650:1 › applies every configured paste-rule match through a browser paste event
browser	Remaining headless browser matrix	2026-10-08T04:09:54.5973800Z [134/761] [chromium] › tests/browser/editor.spec.ts:3668:1 › autolinks, safely activates, edits, and removes links in a real browser
browser	Remaining headless browser matrix	2026-10-08T04:09:55.1679248Z [135/761] [chromium] › tests/browser/editor.spec.ts:3699:1 › preserves structured rich HTML from a real browser clipboard event
browser	Remaining headless browser matrix	2026-10-08T04:09:55.7468073Z [136/761] [chromium] › tests/browser/editor.spec.ts:3720:1 › pastes unwrapped inline HTML without dropping surrounding text or formatting
browser	Remaining headless browser matrix	2026-10-08T04:09:56.0342312Z [137/761] [chromium] › tests/browser/editor.spec.ts:3741:1 › honors strict raw HTML token boundaries in the public Markdown pipeline
browser	Remaining headless browser matrix	2026-10-08T04:09:56.6904697Z [138/761] [chromium] › tests/browser/editor.spec.ts:3758:1 › pastes unfamiliar HTML wrappers without flattening headings, paragraphs, or lists
browser	Remaining headless browser matrix	2026-10-08T04:09:57.6810821Z [139/761] [chromium] › tests/browser/editor.spec.ts:3778:1 › pastes structured table cells and edits separate paragraphs without flattening nested blocks
browser	Remaining headless browser matrix	2026-10-08T04:09:58.3882957Z [140/761] [chromium] › tests/browser/editor.spec.ts:3801:1 › retains standalone non-collapsible Unicode text during rich paste
browser	Remaining headless browser matrix	2026-10-08T04:09:58.8031376Z [141/761] [chromium] › tests/browser/editor.spec.ts:3818:1 › pastes empty formatting and applies it to subsequently typed text
browser	Remaining headless browser matrix	2026-10-08T04:09:59.3390688Z [142/761] [chromium] › tests/browser/editor.spec.ts:3842:57 › pastes and edits list-first code without inventing a blank paragraph
browser	Remaining headless browser matrix	2026-10-08T04:09:59.9157289Z [143/761] [chromium] › tests/browser/editor.spec.ts:3842:57 › pastes and edits list-first code without inventing a blank paragraph from its label area
browser	Remaining headless browser matrix	2026-10-08T04:10:00.8072199Z [144/761] [chromium] › tests/browser/editor.spec.ts:3870:1 › normalizes representative Word, Docs, and Excel clipboard payloads in every browser engine
browser	Remaining headless browser matrix	2026-10-08T04:10:01.2792435Z [145/761] [chromium] › tests/browser/editor.spec.ts:3923:1 › imports an extension-defined HTML node through the schema contract
browser	Remaining headless browser matrix	2026-10-08T04:10:02.1151294Z [146/761] [chromium] › tests/browser/editor.spec.ts:3948:1 › pastes mixed nested HTML lists without flattening their hierarchy
browser	Remaining headless browser matrix	2026-10-08T04:10:02.2703868Z [147/761] [chromium] › tests/browser/editor.spec.ts:3971:1 › wraps, indents, lifts, and exits lists through browser-visible commands and keys
browser	Remaining headless browser matrix	2026-10-08T04:10:03.0466116Z [148/761] [chromium] › tests/browser/editor.spec.ts:4001:1 › edits bidirectional and deeply nested text by logical document positions
browser	Remaining headless browser matrix	2026-10-08T04:10:03.2652215Z [149/761] [chromium] › tests/browser/editor.spec.ts:4028:1 › moves a selected top-level block through native drag data
browser	Remaining headless browser matrix	2026-10-08T04:10:03.9985096Z [150/761] [chromium] › tests/browser/editor.spec.ts:4046:1 › shows a host-replaceable drop cursor for inline text and atomic block targets
browser	Remaining headless browser matrix	2026-10-08T04:10:04.3071018Z [151/761] [chromium] › tests/browser/editor.spec.ts:4107:1 › reorders nested blocks with accessible controls, drop indicators, drag, and undo
browser	Remaining headless browser matrix	2026-10-08T04:10:04.8272977Z [152/761] [chromium] › tests/browser/editor.spec.ts:4182:1 › shows one structural block target across paragraphs, headings, lists, tables, media, and custom nodes
browser	Remaining headless browser matrix	2026-10-08T04:10:05.5001025Z [153/761] [chromium] › tests/browser/editor.spec.ts:4278:1 › replaces a DOM selection that crosses block boundaries
browser	Remaining headless browser matrix	2026-10-08T04:10:06.3692441Z [154/761] [chromium] › tests/browser/editor.spec.ts:4317:1 › keeps a visible editable paragraph after a terminal non-text block
browser	Remaining headless browser matrix	2026-10-08T04:10:06.9973221Z [155/761] [chromium] › tests/browser/editor.spec.ts:4339:1 › uses Ctrl+A as an explicit all-document selection and replaces the document
browser	Remaining headless browser matrix	2026-10-08T04:10:07.4511478Z [156/761] [chromium] › tests/browser/editor.spec.ts:4351:1 › selects and deletes a block image through real pointer and keyboard input
browser	Remaining headless browser matrix	2026-10-08T04:10:07.9916540Z [157/761] [chromium] › tests/browser/editor.spec.ts:4374:1 › edits, aligns, resizes, and undoes a production image through accessible controls
browser	Remaining headless browser matrix	2026-10-08T04:10:08.6785222Z [158/761] [chromium] › tests/browser/editor.spec.ts:4430:1 › inserts and removes a true inline image without breaking surrounding text
browser	Remaining headless browser matrix	2026-10-08T04:10:09.2390197Z [159/761] [chromium] › tests/browser/editor.spec.ts:4448:1 › tracks and cancels browser-native image upload tasks
browser	Remaining headless browser matrix	2026-10-08T04:10:09.5950461Z [160/761] [chromium] › tests/browser/editor.spec.ts:4488:1 › extends and replaces a rectangular cell selection through real pointer input
browser	Remaining headless browser matrix	2026-10-08T04:10:10.1893352Z [161/761] [chromium] › tests/browser/editor.spec.ts:4516:1 › keeps mixed-format links intact through backward selection typing and history
browser	Remaining headless browser matrix	2026-10-08T04:10:10.9020595Z [162/761] [chromium] › tests/browser/editor.spec.ts:4548:1 › reaches overflowing code by keyboard and leaves it without modifying the document
browser	Remaining headless browser matrix	2026-10-08T04:10:11.2900996Z [163/761] [chromium] › tests/browser/editor.spec.ts:4594:1 › pastes into tab-focused code through Chromium clipboard without changing the previous paragraph
browser	Remaining headless browser matrix	2026-10-08T04:10:12.0701329Z [164/761] [chromium] › tests/browser/editor.spec.ts:4618:1 › announces table resize values through real keyboard, pointer and history workflows
browser	Remaining headless browser matrix	2026-10-08T04:10:12.2571270Z [165/761] [chromium] › tests/browser/editor.spec.ts:4671:1 › edits merged tables, resizes columns, toggles headers, and exchanges spreadsheet grids
browser	Remaining headless browser matrix	2026-10-08T04:10:13.2728790Z [166/761] [chromium] › tests/browser/editor.spec.ts:4744:1 › keeps normal paste while offering bounded editor-local clipboard slots
browser	Remaining headless browser matrix	2026-10-08T04:10:13.9596350Z [167/761] [chromium] › tests/browser/editor.spec.ts:4783:1 › renders and types into a structural gap as a new block
browser	Remaining headless browser matrix	2026-10-08T04:10:14.1231711Z [168/761] [chromium] › tests/browser/editor.spec.ts:4795:1 › edits Lean without a mandatory server and renders transient provider diagnostics
browser	Remaining headless browser matrix	2026-10-08T04:10:14.9129298Z [169/761] [chromium] › tests/browser/editor.spec.ts:4822:1 › keeps custom NodeViews live across updates and mapped moves while containing their DOM
browser	Remaining headless browser matrix	2026-10-08T04:10:15.1671320Z [170/761] [chromium] › tests/browser/editor.spec.ts:4859:1 › loads the public React playground without console or page errors
browser	Remaining headless browser matrix	2026-10-08T04:10:16.0467468Z [171/761] [chromium] › tests/browser/editor.spec.ts:4884:1 › publishes actionable extension authoring, conformance, and doctor guidance
browser	Remaining headless browser matrix	2026-10-08T04:10:17.1904096Z [172/761] [chromium] › tests/browser/editor.spec.ts:4902:1 › pairs the optional AI demo with developer recipes for every public workflow
browser	Remaining headless browser matrix	2026-10-08T04:10:17.5680996Z [173/761] [chromium] › tests/browser/editor.spec.ts:4923:1 › runs the public two-editor collaboration demo with presence and author-local undo
browser	Remaining headless browser matrix	2026-10-08T04:10:18.7765578Z [174/761] [chromium] › tests/browser/editor.spec.ts:4990:1 › replaces both live collaboration documents without remounting the public editors
browser	Remaining headless browser matrix	2026-10-08T04:10:19.9805820Z [175/761] [chromium] › tests/browser/editor.spec.ts:5049:1 › merges nested collaborative settings through the public two-editor demo
browser	Remaining headless browser matrix	2026-10-08T04:10:21.4975823Z [176/761] [chromium] › tests/browser/editor.spec.ts:5068:1 › keeps headline phrases together and makes full-page navigation explicit
browser	Remaining headless browser matrix	2026-10-08T04:10:22.4646438Z [177/761] [chromium] › tests/browser/editor.spec.ts:5093:1 › runs shared threaded comments through the public provider-neutral review panel
browser	Remaining headless browser matrix	2026-10-08T04:10:24.4730232Z [178/761] [chromium] › tests/browser/editor.spec.ts:5150:1 › uses package-backed mentions, emoji, typography, and live counting in the public React playground
browser	Remaining headless browser matrix	2026-10-08T04:10:25.2005668Z [179/761] [chromium] › tests/browser/editor.spec.ts:5211:1 › runs grouped default and product slash commands in the public React playground
browser	Remaining headless browser matrix	2026-10-08T04:10:27.7585908Z [180/761] [chromium] › tests/browser/editor.spec.ts:5242:1 › runs accessible bubble and floating menus in the public React playground
browser	Remaining headless browser matrix	2026-10-08T04:10:29.6433304Z [181/761] [chromium] › tests/browser/editor.spec.ts:5284:1 › composes and keyboard-navigates the public toolbar by stable group and action IDs
browser	Remaining headless browser matrix	2026-10-08T04:10:30.6433039Z [182/761] [chromium] › tests/browser/editor.spec.ts:5321:1 › applies the complete text-style suite through the public React toolbar
browser	Remaining headless browser matrix	2026-10-08T04:10:32.0661635Z [183/761] [chromium] › tests/browser/editor.spec.ts:5382:1 › uses the public React image workflow for metadata, alignment, and replacement
browser	Remaining headless browser matrix	2026-10-08T04:10:34.2721081Z [184/761] [chromium] › tests/browser/editor.spec.ts:5426:1 › opens and cancels public configuration panels with keyboard focus and exact document retention
browser	Remaining headless browser matrix	2026-10-08T04:10:35.5120477Z [185/761] [chromium] › tests/browser/editor.spec.ts:5544:1 › keeps the public native colour field focused while formatting selected text and allows undo in the editor
browser	Remaining headless browser matrix	2026-10-08T04:10:37.7363037Z [186/761] [chromium] › tests/browser/editor.spec.ts:5571:1 › keeps table configuration labels legible on pointer hover
browser	Remaining headless browser matrix	2026-10-08T04:10:40.3699392Z [187/761] [chromium] › tests/browser/editor.spec.ts:5610:1 › creates and edits a link through the public React toolbar
browser	Remaining headless browser matrix	2026-10-08T04:10:42.9856781Z [188/761] [chromium] › tests/browser/editor.spec.ts:5641:1 › toggles a selected block through the public React list controls
browser	Remaining headless browser matrix	2026-10-08T04:10:43.2994920Z [189/761] [chromium] › tests/browser/editor.spec.ts:5656:1 › edits code language and line numbers through the public React toolbar
browser	Remaining headless browser matrix	2026-10-08T04:10:45.6365648Z [190/761] [chromium] › tests/browser/editor.spec.ts:5675:1 › opens the searchable clipboard-history picker in the public React toolbar
browser	Remaining headless browser matrix	2026-10-08T04:10:45.8978178Z [191/761] [chromium] › tests/browser/editor.spec.ts:5708:1 › keeps the public outline stable, hierarchical, active, and navigable
browser	Remaining headless browser matrix	2026-10-08T04:10:48.1989350Z [192/761] [chromium] › tests/browser/editor.spec.ts:5733:1 › exposes and explicitly cleans invisible text in the public playground
browser	Remaining headless browser matrix	2026-10-08T04:10:48.5083505Z [193/761] [chromium] › tests/browser/editor.spec.ts:5774:1 › runs the public plain-DOM first-class widget demo
browser	Remaining headless browser matrix	2026-10-08T04:10:50.7297687Z [194/761] [chromium] › tests/browser/editor.spec.ts:5821:1 › runs the public React first-class widget demo without losing control focus
browser	Remaining headless browser matrix	2026-10-08T04:10:51.5989824Z [195/761] [chromium] › tests/browser/editor.spec.ts:5859:1 › makes the quote control discoverable and toggles an existing quote in the Java workflow demo
browser	Remaining headless browser matrix	2026-10-08T04:10:52.8020902Z [196/761] [chromium] › tests/browser/editor.spec.ts:5873:1 › retains table captions and reports their projected association in the conversion demo
browser	Remaining headless browser matrix	2026-10-08T04:10:53.5586999Z [197/761] [chromium] › tests/browser/editor.spec.ts:5890:1 › preserves complex figure content in the public Markdown conversion demo
browser	Remaining headless browser matrix	2026-10-08T04:10:55.2293193Z [198/761] [chromium] › tests/browser/editor.spec.ts:5908:1 › runs the public headless Markdown, LaTeX, and server HTML pipeline
browser	Remaining headless browser matrix	2026-10-08T04:10:56.0336559Z [199/761] [chromium] › tests/browser/editor.spec.ts:5979:1 › records native DOCX viewer disagreements without certifying math fidelity
browser	Remaining headless browser matrix	2026-10-08T04:10:59.2621186Z [200/761] [chromium] › tests/browser/editor.spec.ts:5984:1 › checks actual DOCX retention beside an independent viewer without hiding its header omission
browser	Remaining headless browser matrix	2026-10-08T04:11:01.2278616Z [201/761] [chromium] › tests/browser/editor.spec.ts:6100:1 › renders real KaTeX while reporting published-equation and trust failures without source loss
browser	Remaining headless browser matrix	2026-10-08T04:11:03.0316716Z [202/761] [chromium] › tests/browser/editor.spec.ts:6131:1 › edits multiline math without losing line breaks, descriptions, or undo history
browser	Remaining headless browser matrix	2026-10-08T04:11:05.2840466Z [203/761] [chromium] › tests/browser/editor.spec.ts:6168:1 › renders and inserts native math in the public DOM integration
browser	Remaining headless browser matrix	2026-10-08T04:11:06.3021313Z [204/761] [chromium] › tests/browser/editor.spec.ts:6225:1 › makes table sizing, complete deletion, insertion gaps, and highlight colours explicit in the public demo
browser	Remaining headless browser matrix	2026-10-08T04:11:07.4851103Z [205/761] [chromium] › tests/browser/editor.spec.ts:6273:1 › keeps rich and multiline paste structurally predictable in the public editor
browser	Remaining headless browser matrix	2026-10-08T04:11:09.0204902Z [206/761] [chromium] › tests/browser/editor.spec.ts:6346:1 › round-trips a Fountain multi-block selection through Chromium clipboard HTML
browser	Remaining headless browser matrix	2026-10-08T04:11:09.6092176Z [207/761] [chromium] › tests/browser/editor.spec.ts:6413:1 › round-trips an extension-owned Fountain atom through the Chromium clipboard
browser	Remaining headless browser matrix	2026-10-08T04:11:10.4439332Z [208/761] [chromium] › tests/browser/editor.spec.ts:6462:1 › round-trips a complex whole Fountain document through the Chromium clipboard exactly
browser	Remaining headless browser matrix	2026-10-08T04:11:11.0860355Z [209/761] [chromium] › tests/browser/editor.spec.ts:6549:1 › copies clean semantic Fountain HTML into an external browser editor
browser	Remaining headless browser matrix	2026-10-08T04:11:12.0109590Z [210/761] [chromium] › tests/browser/editor.spec.ts:6604:1 › copies readable Fountain text into a plain-text external editor
browser	Remaining headless browser matrix	2026-10-08T04:11:12.6120116Z [211/761] [chromium] › tests/browser/editor.spec.ts:6663:1 › copies math to external rich and plain-text editors without renderer controls
browser	Remaining headless browser matrix	2026-10-08T04:11:13.4741615Z [212/761] [chromium] › tests/browser/editor.spec.ts:6708:1 › renders repeated empty paragraphs and removes each visible line
browser	Remaining headless browser matrix	2026-10-08T04:11:14.5930957Z [213/761] [chromium] › tests/browser/editor.spec.ts:6738:1 › undoes and redoes real typing with both common browser keyboard chords
browser	Remaining headless browser matrix	2026-10-08T04:11:15.4874699Z [214/761] [chromium] › tests/browser/editor.spec.ts:6755:1 › keeps a backward DOM selection backward after model synchronization
browser	Remaining headless browser matrix	2026-10-08T04:11:15.7043520Z [215/761] [chromium] › tests/browser/editor.spec.ts:6779:1 › preserves a backward selection made with real keyboard input
browser	Remaining headless browser matrix	2026-10-08T04:11:16.4350872Z [216/761] [chromium] › tests/browser/editor.spec.ts:6794:1 › replaces a backward selection made by a real reverse pointer drag
browser	Remaining headless browser matrix	2026-10-08T04:11:16.8129563Z [217/761] [chromium] › tests/browser/editor.spec.ts:6830:1 › turns multi-format and multi-block selections into visible paragraph boundaries
browser	Remaining headless browser matrix	2026-10-08T04:11:17.4624214Z [218/761] [chromium] › tests/browser/editor.spec.ts:6888:1 › visibly splits and joins ordinary paragraphs with both deletion directions
browser	Remaining headless browser matrix	2026-10-08T04:11:18.2772664Z [219/761] [chromium] › tests/browser/editor.spec.ts:6913:1 › deletes an adjacent inline atom without eating surrounding text
browser	Remaining headless browser matrix	2026-10-08T04:11:18.5081426Z [220/761] [chromium] › tests/browser/editor.spec.ts:6943:1 › unwraps and exits an inserted quote with ordinary browser keys
browser	Remaining headless browser matrix	2026-10-08T04:11:19.2607177Z [221/761] [chromium] › tests/browser/editor.spec.ts:6972:1 › publishes semantic selection controls and table interaction in the demo gallery
browser	Remaining headless browser matrix	2026-10-08T04:11:21.2385378Z [222/761] [chromium] › tests/browser/editor.spec.ts:6989:1 › runs campaign images, native media and safe embeds through Angular with honest upload boundaries
browser	Remaining headless browser matrix	2026-10-08T04:11:21.3161715Z [223/761] [chromium] › tests/browser/editor.spec.ts:7066:1 › uses the public React media workflow for native playback, provider-gated embeds, and asset uploads
browser	Remaining headless browser matrix	2026-10-08T04:11:24.7711216Z [224/761] [chromium] › tests/browser/editor.spec.ts:7111:1 › streams an optional AI proposal outside the document until review is ready
browser	Remaining headless browser matrix	2026-10-08T04:11:26.0710856Z [225/761] [chromium] › tests/browser/editor.spec.ts:7136:1 › preserves whitespace when an AI proposal ends at a formatting boundary
browser	Remaining headless browser matrix	2026-10-08T04:11:27.6632571Z [226/761] [chromium] › tests/browser/editor.spec.ts:7151:1 › runs a host-owned multi-turn AI conversation with reusable prompts and clear confirmation
browser	Remaining headless browser matrix	2026-10-08T04:11:28.9393951Z [227/761] [chromium] › tests/browser/editor.spec.ts:7179:1 › reviews generated media before the normal host upload inserts one undoable node
browser	Remaining headless browser matrix	2026-10-08T04:11:31.7885294Z [228/761] [chromium] › tests/browser/editor.spec.ts:7205:1 › reviews a schema-aware agent tool proposal before one-step apply and undo
browser	Remaining headless browser matrix	2026-10-08T04:11:33.9566264Z [229/761] [chromium] › tests/browser/editor.spec.ts:7230:1 › keeps a 1,000-block input update local and paints within budget
browser	Remaining headless browser matrix	2026-10-08T04:11:34.4715795Z [230/761] [chromium] › tests/browser/editor.spec.ts:7251:1 › virtualizes 100,000 blocks while preserving scrolling, distant selection, IME, and copy
browser	Remaining headless browser matrix	2026-10-08T04:11:35.2185464Z [231/761] [chromium] › tests/browser/editor.spec.ts:7309:1 › exports rich tables as HTML Markdown and exposes the compatibility note
browser	Remaining headless browser matrix	2026-10-08T04:11:36.1163601Z [232/761] [chromium] › tests/browser/editor.spec.ts:7331:1 › HTML comments do not insert phantom paragraphs in converted Markdown
browser	Remaining headless browser matrix	2026-10-08T04:11:37.7460028Z [233/761] [chromium] › tests/browser/editor.spec.ts:7343:1 › imported table section order matches the physically rendered source table
browser	Remaining headless browser matrix	2026-10-08T04:11:38.1741953Z [234/761] [chromium] › tests/browser/editor.spec.ts:7374:1 › imports zero-rowspan cells with the same row-group geometry in server and browser
browser	Remaining headless browser matrix	2026-10-08T04:11:40.4321029Z [235/761] [chromium] › tests/browser/editor.spec.ts:7405:1 › reconstructs HTML tables across Markdown block boundaries
browser	Remaining headless browser matrix	2026-10-08T04:11:40.8911648Z [236/761] [chromium] › tests/browser/editor.spec.ts:7426:1 › applies surrounding HTML formatting without replacing Markdown block content
browser	Remaining headless browser matrix	2026-10-08T04:11:42.6742203Z [237/761] [chromium] › tests/browser/editor.spec.ts:7439:1 › converts raw HTML blocks only when the headless demo option is enabled
browser	Remaining headless browser matrix	2026-10-08T04:11:42.9685089Z [238/761] [chromium] › tests/browser/editor.spec.ts:7455:1 › projects inline HTML around Markdown nodes only with explicit opt-in and visible fallback
browser	Remaining headless browser matrix	2026-10-08T04:11:44.9682173Z [239/761] [chromium] › tests/browser/editor.spec.ts:7480:1 › shows specific discarded HTML and rejected URL losses in both conversion surfaces
browser	Remaining headless browser matrix	2026-10-08T04:11:46.9419398Z [240/761] [firefox] › tests/browser/editor.spec.ts:51:3 › retains technical code reading direction through real settings, editing and downloaded HTML: ltr
browser	Remaining headless browser matrix	2026-10-08T04:11:48.7759128Z [241/761] [firefox] › tests/browser/editor.spec.ts:51:3 › retains technical code reading direction through real settings, editing and downloaded HTML: rtl
browser	Remaining headless browser matrix	2026-10-08T04:11:54.3594044Z [242/761] [firefox] › tests/browser/editor.spec.ts:51:3 › retains technical code reading direction through real settings, editing and downloaded HTML: auto
browser	Remaining headless browser matrix	2026-10-08T04:11:56.1418791Z [243/761] [firefox] › tests/browser/editor.spec.ts:62:3 › retains shared automatic list scope through real convert, typing and downloaded HTML
browser	Remaining headless browser matrix	2026-10-08T04:11:59.5936886Z [244/761] [firefox] › tests/browser/editor.spec.ts:62:3 › retains shared automatic list scope through real lift, typing and downloaded HTML
browser	Remaining headless browser matrix	2026-10-08T04:12:00.0557403Z [245/761] [firefox] › tests/browser/editor.spec.ts:72:3 › reorders real runbook blocks with native pointer feedback in ltr
browser	Remaining headless browser matrix	2026-10-08T04:12:03.4379896Z [246/761] [firefox] › tests/browser/editor.spec.ts:72:3 › reorders real runbook blocks with native pointer feedback in rtl
browser	Remaining headless browser matrix	2026-10-08T04:12:04.3552267Z [247/761] [firefox] › tests/browser/editor.spec.ts:76:1 › reorders real runbook blocks with keyboard structural feedback
browser	Remaining headless browser matrix	2026-10-08T04:12:07.0207570Z [248/761] [firefox] › tests/browser/editor.spec.ts:81:3 › preserves list direction through real transforms and downloaded HTML: unwrap
browser	Remaining headless browser matrix	2026-10-08T04:12:09.5681099Z [249/761] [firefox] › tests/browser/editor.spec.ts:81:3 › preserves list direction through real transforms and downloaded HTML: indent
browser	Remaining headless browser matrix	2026-10-08T04:12:10.8194661Z [250/761] [firefox] › tests/browser/editor.spec.ts:81:3 › preserves list direction through real transforms and downloaded HTML: nested-lift
browser	Remaining headless browser matrix	2026-10-08T04:12:13.1471418Z [251/761] [firefox] › tests/browser/editor.spec.ts:81:3 › preserves list direction through real transforms and downloaded HTML: contained
browser	Remaining headless browser matrix	2026-10-08T04:12:14.3829065Z [252/761] [firefox] › tests/browser/editor.spec.ts:87:3 › inserts table columns on the physical left and right: ltr
browser	Remaining headless browser matrix	2026-10-08T04:12:16.9988497Z [253/761] [firefox] › tests/browser/editor.spec.ts:87:3 › inserts table columns on the physical left and right: rtl-cell-ltr
browser	Remaining headless browser matrix	2026-10-08T04:12:18.0952489Z [254/761] [firefox] › tests/browser/editor.spec.ts:87:3 › inserts table columns on the physical left and right: auto
browser	Remaining headless browser matrix	2026-10-08T04:12:20.8099150Z [255/761] [firefox] › tests/browser/editor.spec.ts:87:3 › inserts table columns on the physical left and right: host-css
browser	Remaining headless browser matrix	2026-10-08T04:12:21.8243791Z [256/761] [firefox] › tests/browser/editor.spec.ts:87:3 › inserts table columns on the physical left and right: rtl-spans
browser	Remaining headless browser matrix	2026-10-08T04:12:24.6240438Z [257/761] [firefox] › tests/browser/editor.spec.ts:92:1 › retains structural RTL against native source through author controls, physical table editing and downloaded HTML
browser	Remaining headless browser matrix	2026-10-08T04:12:25.7182660Z [258/761] [firefox] › tests/browser/editor.spec.ts:96:1 › imports inherited inline alignment against a native surface and keeps it through real editing and downloaded HTML
browser	Remaining headless browser matrix	2026-10-08T04:12:29.7794462Z [259/761] [firefox] › tests/browser/editor.spec.ts:100:1 › compares list-first code text-click focus and editing to a plain native surface
browser	Remaining headless browser matrix	2026-10-08T04:12:30.4062281Z [260/761] [firefox] › tests/browser/editor.spec.ts:104:1 › retains a shared automatic section direction through first-strong-text editing, history and reader preview
browser	Remaining headless browser matrix	2026-10-08T04:12:32.7922896Z [261/761] [firefox] › tests/browser/editor.spec.ts:108:1 › authors physical-left alignment under an RTL host and inherited-auto reader with history
browser	Remaining headless browser matrix	2026-10-08T04:12:35.5311050Z [262/761] [firefox] › tests/browser/editor.spec.ts:112:1 › edits RTL blocks with native keyboard selection, direction controls, Enter history and HTML reader export
browser	Remaining headless browser matrix	2026-10-08T04:12:36.2770478Z [263/761] [firefox] › tests/browser/editor.spec.ts:116:1 › separates the homepage framework descenders from the italic extend line
browser	Remaining headless browser matrix	2026-10-08T04:12:39.9280844Z [264/761] [firefox] › tests/browser/editor.spec.ts:135:1 › keeps consecutive marked quoted and table blank lines visible in reader and saved HTML
browser	Remaining headless browser matrix	2026-10-08T04:12:40.0288652Z [265/761] [firefox] › tests/browser/editor.spec.ts:139:1 › fills and reopens a retained childless paragraph using real pointer typing Enter Backspace and undo
browser	Remaining headless browser matrix	2026-10-08T04:12:43.8750031Z [266/761] [firefox] › tests/browser/editor.spec.ts:143:1 › edits structured inert block wrappers with actual table navigation Enter Backspace history and safe reopening
browser	Remaining headless browser matrix	2026-10-08T04:12:43.9035433Z [267/761] [firefox] › tests/browser/editor.spec.ts:147:1 › retains HTML link navigation and literal Markdown data through real editing and reopening
browser	Remaining headless browser matrix	2026-10-08T04:12:50.4036641Z [268/761] [firefox] › tests/browser/editor.spec.ts:151:1 › edits inert script style textarea source with real Enter Backspace history and safe reader reopening
browser	Remaining headless browser matrix	2026-10-08T04:12:53.7749919Z [269/761] [firefox] › tests/browser/editor.spec.ts:155:1 › retains unfinished raw HTML as editable Markdown source and discloses direct HTML omissions
browser	Remaining headless browser matrix	2026-10-08T04:12:56.1437084Z [270/761] [firefox] › tests/browser/editor.spec.ts:159:1 › preserves registered inert inline source through real typing history and Markdown HTML JSON reopening
browser	Remaining headless browser matrix	2026-10-08T04:12:57.7543234Z [271/761] [firefox] › tests/browser/editor.spec.ts:163:1 › preserves immutable snapshots and owned attributes through real typing Enter history and JSON reopening
browser	Remaining headless browser matrix	2026-10-08T04:12:59.0871341Z [272/761] [firefox] › tests/browser/editor.spec.ts:167:1 › imports private files in the conversion lab with reports and export reopen
browser	Remaining headless browser matrix	2026-10-08T04:13:01.4564167Z [273/761] [firefox] › tests/browser/editor.spec.ts:171:1 › resolves unequal Markdown runs through actual selection editing history download and reader reopen
browser	Remaining headless browser matrix	2026-10-08T04:13:04.6402169Z [274/761] [firefox] › tests/browser/editor.spec.ts:176:3 › retains partial Markdown em scope through real typing history and canonical reopening
browser	Remaining headless browser matrix	2026-10-08T04:13:05.5966988Z [275/761] [firefox] › tests/browser/editor.spec.ts:176:3 › retains partial Markdown strong scope through real typing history and canonical reopening
browser	Remaining headless browser matrix	2026-10-08T04:13:06.8497869Z [276/761] [firefox] › tests/browser/editor.spec.ts:181:1 › submits resets and disables a native form-associated Web Component
browser	Remaining headless browser matrix	2026-10-08T04:13:07.7503134Z [277/761] [firefox] › tests/browser/editor.spec.ts:185:1 › converts document-wide HTML scopes with source edit undo and explicit layout differences
browser	Remaining headless browser matrix	2026-10-08T04:13:11.3506238Z [278/761] [firefox] › tests/browser/editor.spec.ts:189:1 › preserves inert HTML comments through human editing source and reader output
browser	Remaining headless browser matrix	2026-10-08T04:13:11.9431078Z [279/761] [firefox] › tests/browser/editor.spec.ts:193:1 › copies anonymous flow internally and into an external plain-text editor through real clipboard
browser	Remaining headless browser matrix	2026-10-08T04:13:14.6374077Z [280/761] [firefox] › tests/browser/editor.spec.ts:198:1 › retains cleared anonymous flow through real cut save reopen and continued editing
browser	Remaining headless browser matrix	2026-10-08T04:13:18.0920279Z [281/761] [firefox] › tests/browser/editor.spec.ts:202:1 › retains anonymous HTML flow without extra spacing through real typing Enter deletion and reader output
browser	Remaining headless browser matrix	2026-10-08T04:13:20.3143937Z [282/761] [firefox] › tests/browser/editor.spec.ts:206:1 › retains literal flow newlines through actual Markdown export and source reimport
browser	Remaining headless browser matrix	2026-10-08T04:13:23.1213331Z [283/761] [firefox] › tests/browser/editor.spec.ts:210:1 › edits protected Markdown images and dividers inside HTML sections through history and reopening
browser	Remaining headless browser matrix	2026-10-08T04:13:23.3781264Z [284/761] [firefox] › tests/browser/editor.spec.ts:214:1 › edits protected Markdown tables inside HTML sections through cell navigation history and reopening
browser	Remaining headless browser matrix	2026-10-08T04:13:27.7161657Z [285/761] [firefox] › tests/browser/editor.spec.ts:218:1 › authors sections with properties, empty content, undo and reader preview
browser	Remaining headless browser matrix	2026-10-08T04:13:28.4227083Z [286/761] [firefox] › tests/browser/editor.spec.ts:222:1 › preserves optional section containers through real editing and reader output
browser	Remaining headless browser matrix	2026-10-08T04:13:32.1738056Z [287/761] [firefox] › tests/browser/editor.spec.ts:226:1 › edits and reopens a Word glossary with term and description roles
browser	Remaining headless browser matrix	2026-10-08T04:13:32.4761641Z [288/761] [firefox] › tests/browser/editor.spec.ts:230:1 › imports and edits Word content controls without losing visible content
browser	Remaining headless browser matrix	2026-10-08T04:13:36.4634226Z [289/761] [firefox] › tests/browser/editor.spec.ts:252:1 › preserves code endings through source recovery and reader handoff
browser	Remaining headless browser matrix	2026-10-08T04:13:37.0919841Z [290/761] [firefox] › tests/browser/editor.spec.ts:256:1 › edits definition lists and reopens a glossary in a reader
browser	Remaining headless browser matrix	2026-10-08T04:13:40.9805489Z [291/761] [firefox] › tests/browser/editor.spec.ts:260:1 › edits registered HTML wrappers after Markdown source recovery
browser	Remaining headless browser matrix	2026-10-08T04:13:41.8222321Z [292/761] [firefox] › tests/browser/editor.spec.ts:264:1 › retains the complete document through pointer and keyboard output-format changes
browser	Remaining headless browser matrix	2026-10-08T04:13:43.4385441Z [293/761] [firefox] › tests/browser/editor.spec.ts:268:1 › recovers nested Markdown lists and quotes through an editor and reader
browser	Remaining headless browser matrix	2026-10-08T04:13:51.0549020Z [294/761] [firefox] › tests/browser/editor.spec.ts:272:1 › edits opaque code labels and reopens them safely in a reader
browser	Remaining headless browser matrix	2026-10-08T04:13:53.2797040Z [295/761] [firefox] › tests/browser/editor.spec.ts:277:1 › guards editor actions against page reloads without suppressing failures
browser	Remaining headless browser matrix	2026-10-08T04:13:55.0393334Z [296/761] [firefox] › tests/browser/editor.spec.ts:287:1 › recovers paragraph HTML into editable blocks and a reopened reader
browser	Remaining headless browser matrix	2026-10-08T04:13:55.1437310Z [297/761] [firefox] › tests/browser/editor.spec.ts:291:1 › reads separate retired paragraphs after Markdown HTML scope conversion and handoff
browser	Remaining headless browser matrix	2026-10-08T04:13:58.7625479Z [298/761] [firefox] › tests/browser/editor.spec.ts:295:1 › preserves headerless and mixed tables through source and file handoff
browser	Remaining headless browser matrix	2026-10-08T04:14:02.2625164Z [299/761] [firefox] › tests/browser/editor.spec.ts:299:1 › retains HTML block formatting through server import, paste and draft handoff
browser	Remaining headless browser matrix	2026-10-08T04:14:08.3646628Z [300/761] [firefox] › tests/browser/editor.spec.ts:303:1 › discovers product workflows and preserves separate task drafts and histories
browser	Remaining headless browser matrix	2026-10-08T04:14:10.8127908Z [301/761] [firefox] › tests/browser/editor.spec.ts:307:1 › retains escaped pipes and strikethrough through table edits and Markdown handoff
browser	Remaining headless browser matrix	2026-10-08T04:14:14.3054417Z [302/761] [firefox] › tests/browser/editor.spec.ts:311:1 › retains literal text lines through editing and Markdown handoff
browser	Remaining headless browser matrix	2026-10-08T04:14:17.0682604Z [303/761] [firefox] › tests/browser/editor.spec.ts:315:1 › keeps literal syntax unformatted through visual edits and Markdown reopen
browser	Remaining headless browser matrix	2026-10-08T04:14:17.7742440Z [304/761] [firefox] › tests/browser/editor.spec.ts:319:1 › chooses literal address import and retains links through DOCX handoff
browser	Remaining headless browser matrix	2026-10-08T04:14:20.2228517Z [305/761] [firefox] › tests/browser/editor.spec.ts:323:1 › writes and reopens an issue with visual Markdown source fidelity and reader preview
browser	Remaining headless browser matrix	2026-10-08T04:14:23.2958832Z [306/761] [firefox] › tests/browser/editor.spec.ts:327:1 › issue workflow preserves root references and validates local image files
browser	Remaining headless browser matrix	2026-10-08T04:14:23.9977509Z [307/761] [firefox] › tests/browser/editor.spec.ts:359:1 › issue workflow preserves reference prefixes and reports container fallback
browser	Remaining headless browser matrix	2026-10-08T04:14:26.0837798Z [308/761] [firefox] › tests/browser/editor.spec.ts:383:1 › reopens a full HTML report without promoting page metadata into editor content
browser	Remaining headless browser matrix	2026-10-08T04:14:26.7329214Z [309/761] [firefox] › tests/browser/editor.spec.ts:387:1 › matches native document parsing for HTML envelopes, recovery, and noscript
browser	Remaining headless browser matrix	2026-10-08T04:14:28.5533787Z [310/761] [firefox] › tests/browser/editor.spec.ts:401:1 › aligns selected paragraphs using backward selection, toolbar, history and HTML export
browser	Remaining headless browser matrix	2026-10-08T04:14:30.0285284Z [311/761] [firefox] › tests/browser/editor.spec.ts:405:1 › exports independent DOCX list starts and renders the same procedure beside the editor
browser	Remaining headless browser matrix	2026-10-08T04:14:31.7349991Z [312/761] [firefox] › tests/browser/editor.spec.ts:409:1 › retains zero-based list numbers through keyboard outdent history and export
browser	Remaining headless browser matrix	2026-10-08T04:14:33.1758519Z [313/761] [firefox] › tests/browser/editor.spec.ts:413:1 › imports ordered-list starts like the native browser integer parser
browser	Remaining headless browser matrix	2026-10-08T04:14:35.1791108Z [314/761] [firefox] › tests/browser/editor.spec.ts:427:1 › uses first-party Angular signals and directive for campaign editing and owner cleanup
browser	Remaining headless browser matrix	2026-10-08T04:14:35.2627341Z [315/761] [firefox] › tests/browser/editor.spec.ts:431:1 › disposes Svelte custom block views before their owned engine
browser	Remaining headless browser matrix	2026-10-08T04:14:37.3164880Z [316/761] [firefox] › tests/browser/editor.spec.ts:440:1 › uses first-party Svelte bindings for table editing, history, stores and owner disposal
browser	Remaining headless browser matrix	2026-10-08T04:14:40.9923364Z [317/761] [firefox] › tests/browser/editor.spec.ts:444:1 › uses first-party Vue bindings for editing, reactive state, history and view remounts
browser	Remaining headless browser matrix	2026-10-08T04:14:45.9047619Z [318/761] [firefox] › tests/browser/editor.spec.ts:448:1 › keeps real SVG equation links inside paged snapshots across editing and rebuilding
browser	Remaining headless browser matrix	2026-10-08T04:14:48.8489879Z [319/761] [firefox] › tests/browser/editor.spec.ts:452:1 › saves and reopens equation files with source, references and history intact
browser	Remaining headless browser matrix	2026-10-08T04:14:53.7326342Z [320/761] [firefox] › tests/browser/editor.spec.ts:456:1 › recovers from textless replacement for native typing, lines and history
browser	Remaining headless browser matrix	2026-10-08T04:14:55.3337169Z [321/761] [firefox] › tests/browser/editor.spec.ts:460:1 › renders labelled equations and reader links through real editing and recovery
browser	Remaining headless browser matrix	2026-10-08T04:14:59.9377860Z [322/761] [firefox] › tests/browser/editor.spec.ts:464:1 › keeps moved math source attached to its formula through native editing, undo, and export
browser	Remaining headless browser matrix	2026-10-08T04:15:02.0625974Z [323/761] [firefox] › tests/browser/editor.spec.ts:468:1 › imports the published TeX table with visible losses and editable numeric values
browser	Remaining headless browser matrix	2026-10-08T04:15:03.7251074Z [324/761] [firefox] › tests/browser/editor.spec.ts:552:1 › keeps comparison names separate from their copy in a mobile desktop-site viewport
browser	Remaining headless browser matrix	2026-10-08T04:15:05.2007951Z [325/761] [firefox] › tests/browser/editor.spec.ts:580:1 › renders, edits, and measures portable page intent in a real browser
browser	Remaining headless browser matrix	2026-10-08T04:15:06.0427998Z [326/761] [firefox] › tests/browser/editor.spec.ts:649:1 › measures browser line boxes, list items, rowspan groups, and footnotes as legal page fragments
browser	Remaining headless browser matrix	2026-10-08T04:15:06.8416123Z [327/761] [firefox] › tests/browser/editor.spec.ts:743:1 › continues measured long footnotes through editable and print page projections
browser	Remaining headless browser matrix	2026-10-08T04:15:10.7048218Z [328/761] [firefox] › tests/browser/editor.spec.ts:851:1 › prints a mixed repeated-footnote, merged-table, and manual-break document without loss
browser	Remaining headless browser matrix	2026-10-08T04:15:12.0915849Z [329/761] [firefox] › tests/browser/editor.spec.ts:959:1 › paginates imported styled semantic HTML without structural or PDF text loss
browser	Remaining headless browser matrix	2026-10-08T04:15:13.3315610Z [330/761] [firefox] › tests/browser/editor.spec.ts:1104:1 › uses a host print renderer without moving or exposing live custom DOM
browser	Remaining headless browser matrix	2026-10-08T04:15:14.1509309Z [331/761] [firefox] › tests/browser/editor.spec.ts:1127:1 › projects exact A4 and Letter print sheets in every browser engine
browser	Remaining headless browser matrix	2026-10-08T04:15:15.3637241Z [332/761] [firefox] › tests/browser/editor.spec.ts:1244:1 › emits exact A4 and Letter PDF pages for every projected sheet in Chromium
browser	Remaining headless browser matrix	2026-10-08T04:15:15.6690817Z [333/761] [firefox] › tests/browser/editor.spec.ts:1284:1 › keeps 1,000-block pagination reflow local to the changed block
browser	Remaining headless browser matrix	2026-10-08T04:15:16.6138636Z [334/761] [firefox] › tests/browser/editor.spec.ts:1296:1 › bounds alternating edge reflow across 5,000 rendered page blocks
browser	Remaining headless browser matrix	2026-10-08T04:15:18.4423986Z [335/761] [firefox] › tests/browser/editor.spec.ts:1319:1 › keeps 5,000 unchanged page blocks cached through leading insertion and removal
browser	Remaining headless browser matrix	2026-10-08T04:15:20.2636349Z [336/761] [firefox] › tests/browser/editor.spec.ts:1345:1 › edits, selects, and composes across guarded page shells in one contenteditable
browser	Remaining headless browser matrix	2026-10-08T04:15:21.6453223Z [337/761] [firefox] › tests/browser/editor.spec.ts:1421:1 › keeps one paragraph editable when its measured lines span page shells
browser	Remaining headless browser matrix	2026-10-08T04:15:23.7650641Z [338/761] [firefox] › tests/browser/editor.spec.ts:1548:1 › maps carets, ranges, and composition around injected paragraph page gaps
browser	Remaining headless browser matrix	2026-10-08T04:15:25.0990618Z [339/761] [firefox] › tests/browser/editor.spec.ts:1652:1 › keeps one canonical ordered list editable and numbered across page shells
browser	Remaining headless browser matrix	2026-10-08T04:15:26.5169718Z [340/761] [firefox] › tests/browser/editor.spec.ts:1787:52 › honours explicit table repetition independently of cell roles (ordinary)
browser	Remaining headless browser matrix	2026-10-08T04:15:28.0601057Z [341/761] [firefox] › tests/browser/editor.spec.ts:1787:52 › honours explicit table repetition independently of cell roles (off)
browser	Remaining headless browser matrix	2026-10-08T04:15:29.4952137Z [342/761] [firefox] › tests/browser/editor.spec.ts:1820:1 › keeps one canonical table editable with repeated headers across page shells
browser	Remaining headless browser matrix	2026-10-08T04:15:31.3684669Z [343/761] [firefox] › tests/browser/editor.spec.ts:1970:1 › keeps merged header and body rowspans intact across editable table pages
browser	Remaining headless browser matrix	2026-10-08T04:15:32.7142490Z [344/761] [firefox] › tests/browser/editor.spec.ts:2036:1 › reports an oversized table row without clipping or splitting its editable model
browser	Remaining headless browser matrix	2026-10-08T04:15:34.0049984Z [345/761] [firefox] › tests/browser/editor.spec.ts:2078:1 › keeps canonical page furniture and footnotes editable while projecting every page copy
browser	Remaining headless browser matrix	2026-10-08T04:15:35.6790985Z [346/761] [firefox] › tests/browser/editor.spec.ts:2163:1 › keeps code, media, disclosures, and custom atoms canonical across editable pages
browser	Remaining headless browser matrix	2026-10-08T04:15:37.7724358Z [347/761] [firefox] › tests/browser/editor.spec.ts:2298:1 › keeps tracked review and Yjs live between list items split across pages
browser	Remaining headless browser matrix	2026-10-08T04:15:40.0185215Z [348/761] (retries) [firefox] › tests/browser/editor.spec.ts:427:1 › uses first-party Angular signals and directive for campaign editing and owner cleanup (retry #1)
browser	Remaining headless browser matrix	2026-10-08T04:15:41.1359982Z [349/761] [firefox] › tests/browser/editor.spec.ts:2364:1 › keeps tracked review and Yjs live between table rows split across pages
browser	Remaining headless browser matrix	2026-10-08T04:15:45.9830982Z [350/761] [firefox] › tests/browser/editor.spec.ts:2441:13 › keeps comments attached and synchronized inside a continued list
browser	Remaining headless browser matrix	2026-10-08T04:15:47.9503193Z [351/761] [firefox] › tests/browser/editor.spec.ts:2441:13 › keeps comments attached and synchronized inside a continued table
browser	Remaining headless browser matrix	2026-10-08T04:15:48.4010788Z   1) [firefox] › tests/browser/editor.spec.ts:427:1 › uses first-party Angular signals and directive for campaign editing and owner cleanup 
browser	Remaining headless browser matrix	2026-10-08T04:15:48.4011502Z 
browser	Remaining headless browser matrix	2026-10-08T04:15:48.4011676Z     Test timeout of 60000ms exceeded.
browser	Remaining headless browser matrix	2026-10-08T04:15:48.4012287Z 
browser	Remaining headless browser matrix	2026-10-08T04:15:48.4012612Z     Error: locator.scrollIntoViewIfNeeded: Test timeout of 60000ms exceeded.
browser	Remaining headless browser matrix	2026-10-08T04:15:48.4013063Z     Call log:
browser	Remaining headless browser matrix	2026-10-08T04:15:48.4013480Z       - waiting for getByRole('group', { name: 'Selected media attributes' })
browser	Remaining headless browser matrix	2026-10-08T04:15:48.4013851Z 
browser	Remaining headless browser matrix	2026-10-08T04:15:48.4014121Z 
browser	Remaining headless browser matrix	2026-10-08T04:15:48.4014308Z        at angular-campaign-journey.ts:13
browser	Remaining headless browser matrix	2026-10-08T04:15:48.4014520Z 
browser	Remaining headless browser matrix	2026-10-08T04:15:48.4014843Z       11 |   const attachment = editor.locator('[data-fountain-node="file_attachment"]');
browser	Remaining headless browser matrix	2026-10-08T04:15:48.4015614Z       12 |   await attachment.getByRole('button', { name: 'Select attachment', exact: true }).click();
browser	Remaining headless browser matrix	2026-10-08T04:15:48.4016465Z     > 13 |   await page.getByRole('group', { name: 'Selected media attributes' }).scrollIntoViewIfNeeded();
browser	Remaining headless browser matrix	2026-10-08T04:15:48.4017158Z          |                                                                        ^
browser	Remaining headless browser matrix	2026-10-08T04:15:48.4017890Z       14 |   await page.getByLabel('Media title or filename', { exact: true }).fill('Reviewed artwork.svg');
browser	Remaining headless browser matrix	2026-10-08T04:15:48.4018838Z       15 |   await page.getByLabel('Media caption or description', { exact: true }).fill('Approved preview and downloadable source.');
browser	Remaining headless browser matrix	2026-10-08T04:15:48.4025355Z       16 |   await expect(page.getByLabel('Media title or filename', { exact: true })).toHaveValue('Reviewed artwork.svg');
browser	Remaining headless browser matrix	2026-10-08T04:15:48.4026437Z         at angularCampaignJourney (/home/runner/work/fountainjs/fountainjs/tests/browser/angular-campaign-journey.ts:13:72)
browser	Remaining headless browser matrix	2026-10-08T04:15:48.4027380Z         at /home/runner/work/fountainjs/fountainjs/tests/browser/editor.spec.ts:428:3
browser	Remaining headless browser matrix	2026-10-08T04:15:48.4027821Z 
browser	Remaining headless browser matrix	2026-10-08T04:15:48.4028463Z     attachment #1: screenshot (image/png) ──────────────────────────────────────────────────────────
browser	Remaining headless browser matrix	2026-10-08T04:15:48.4029545Z     test-results/editor-uses-first-party-An-2aa8d-n-editing-and-owner-cleanup-firefox/test-failed-1.png
browser	Remaining headless browser matrix	2026-10-08T04:15:48.4030545Z     ────────────────────────────────────────────────────────────────────────────────────────────────
browser	Remaining headless browser matrix	2026-10-08T04:15:48.4030921Z 
browser	Remaining headless browser matrix	2026-10-08T04:15:48.4031493Z     Error Context: test-results/editor-uses-first-party-An-2aa8d-n-editing-and-owner-cleanup-firefox/error-context.md
browser	Remaining headless browser matrix	2026-10-08T04:15:48.4032079Z 
browser	Remaining headless browser matrix	2026-10-08T04:15:48.4032526Z     attachment #3: trace (application/zip) ─────────────────────────────────────────────────────────
browser	Remaining headless browser matrix	2026-10-08T04:15:48.4033353Z     test-results/editor-uses-first-party-An-2aa8d-n-editing-and-owner-cleanup-firefox/trace.zip
browser	Remaining headless browser matrix	2026-10-08T04:15:48.4033886Z     Usage:
browser	Remaining headless browser matrix	2026-10-08T04:15:48.4034011Z 
browser	Remaining headless browser matrix	2026-10-08T04:15:48.4034556Z         pnpm exec playwright show-trace test-results/editor-uses-first-party-An-2aa8d-n-editing-and-owner-cleanup-firefox/trace.zip
browser	Remaining headless browser matrix	2026-10-08T04:15:48.4035143Z 
browser	Remaining headless browser matrix	2026-10-08T04:15:48.4035623Z     ────────────────────────────────────────────────────────────────────────────────────────────────
browser	Remaining headless browser matrix	2026-10-08T04:15:48.4036011Z 
browser	Remaining headless browser matrix	2026-10-08T04:15:48.4036020Z 
browser	Remaining headless browser matrix	2026-10-08T04:15:48.4053974Z [352/761] [firefox] › tests/browser/editor.spec.ts:2495:1 › keeps tracked review and Yjs live inside a paragraph split across pages
browser	Remaining headless browser matrix	2026-10-08T04:15:50.3970112Z [353/761] [firefox] › tests/browser/editor.spec.ts:2556:1 › keeps tracked review and Yjs collaboration live across automatic page boundaries
browser	Remaining headless browser matrix	2026-10-08T04:15:51.6535832Z [354/761] [firefox] › tests/browser/editor.spec.ts:2631:1 › tracks real browser insertion and replacement with reversible review decisions
browser	Remaining headless browser matrix	2026-10-08T04:15:52.7740392Z [355/761] [firefox] › tests/browser/editor.spec.ts:2660:1 › runs the package-backed full-text tracked review panel
browser	Remaining headless browser matrix	2026-10-08T04:15:52.8914574Z [356/761] [firefox] › tests/browser/editor.spec.ts:2678:1 › runs package-backed named versions, exact comparison, preview, and guarded restoration
browser	Remaining headless browser matrix	2026-10-08T04:15:55.3331702Z [357/761] [firefox] › tests/browser/editor.spec.ts:2708:1 › edits and persists package-backed collapsible details in the public playground
browser	Remaining headless browser matrix	2026-10-08T04:15:55.9441137Z [358/761] [firefox] › tests/browser/editor.spec.ts:2734:1 › edits semantic ruby annotations through the package-backed public playground
browser	Remaining headless browser matrix	2026-10-08T04:15:58.4213713Z [359/761] [firefox] › tests/browser/editor.spec.ts:2764:1 › converges live and offline Yjs edits and keeps collaborative undo author-local
browser	Remaining headless browser matrix	2026-10-08T04:15:59.3550961Z [360/761] [firefox] › tests/browser/editor.spec.ts:2793:1 › runs reference links, recursive blocks, rich tables, and loss reports in a real browser
browser	Remaining headless browser matrix	2026-10-08T04:15:59.8142624Z [361/761] [firefox] › tests/browser/editor.spec.ts:2818:1 › round-trips variable-delimiter Markdown code spans in the browser package
browser	Remaining headless browser matrix	2026-10-08T04:16:00.5907566Z [362/761] [firefox] › tests/browser/editor.spec.ts:3386:1 › types, deletes, and undoes inside imported empty documents, quotes, and list items
browser	Remaining headless browser matrix	2026-10-08T04:16:01.2171013Z [363/761] [firefox] › tests/browser/editor.spec.ts:3416:1 › round-trips marker-relative list containers and exact code whitespace
browser	Remaining headless browser matrix	2026-10-08T04:16:02.2601605Z [364/761] [firefox] › tests/browser/editor.spec.ts:3460:1 › preserves raw Markdown and inert frontmatter through the browser package
browser	Remaining headless browser matrix	2026-10-08T04:16:03.0905503Z [365/761] [firefox] › tests/browser/editor.spec.ts:3486:1 › edits through real beforeinput events and undoes a Markdown input rule
browser	Remaining headless browser matrix	2026-10-08T04:16:05.1270818Z [366/761] [firefox] › tests/browser/editor.spec.ts:3500:1 › groups adjacent browser typing and respects explicit undo boundaries
browser	Remaining headless browser matrix	2026-10-08T04:16:05.2197972Z [367/761] [firefox] › tests/browser/editor.spec.ts:3521:3 › preserves replacement formatting across subsequent typing input
browser	Remaining headless browser matrix	2026-10-08T04:16:06.4589611Z [368/761] [firefox] › tests/browser/editor.spec.ts:3521:3 › preserves replacement formatting across subsequent composition input
browser	Remaining headless browser matrix	2026-10-08T04:16:06.5215024Z [369/761] [firefox] › tests/browser/editor.spec.ts:3552:1 › commits cross-browser composition sequences once and supports replacement input
browser	Remaining headless browser matrix	2026-10-08T04:16:07.6761299Z [370/761] [firefox] › tests/browser/editor.spec.ts:3584:1 › maps decorations through typing without persisting widget content
browser	Remaining headless browser matrix	2026-10-08T04:16:08.6375559Z [371/761] [firefox] › tests/browser/editor.spec.ts:3599:1 › highlights editable code and updates language metadata through public commands
browser	Remaining headless browser matrix	2026-10-08T04:16:08.6921719Z [372/761] [firefox] › tests/browser/editor.spec.ts:3629:1 › runs a view-focused chain and checks it without preview side effects
browser	Remaining headless browser matrix	2026-10-08T04:16:10.0235894Z [373/761] [firefox] › tests/browser/editor.spec.ts:3650:1 › applies every configured paste-rule match through a browser paste event
browser	Remaining headless browser matrix	2026-10-08T04:16:10.1041171Z [374/761] [firefox] › tests/browser/editor.spec.ts:3668:1 › autolinks, safely activates, edits, and removes links in a real browser
browser	Remaining headless browser matrix	2026-10-08T04:16:11.2465385Z [375/761] [firefox] › tests/browser/editor.spec.ts:3699:1 › preserves structured rich HTML from a real browser clipboard event
browser	Remaining headless browser matrix	2026-10-08T04:16:11.5172018Z [376/761] [firefox] › tests/browser/editor.spec.ts:3720:1 › pastes unwrapped inline HTML without dropping surrounding text or formatting
browser	Remaining headless browser matrix	2026-10-08T04:16:12.3690359Z [377/761] [firefox] › tests/browser/editor.spec.ts:3741:1 › honors strict raw HTML token boundaries in the public Markdown pipeline
browser	Remaining headless browser matrix	2026-10-08T04:16:13.1271094Z [378/761] [firefox] › tests/browser/editor.spec.ts:3758:1 › pastes unfamiliar HTML wrappers without flattening headings, paragraphs, or lists
browser	Remaining headless browser matrix	2026-10-08T04:16:14.6082401Z [379/761] [firefox] › tests/browser/editor.spec.ts:3778:1 › pastes structured table cells and edits separate paragraphs without flattening nested blocks
browser	Remaining headless browser matrix	2026-10-08T04:16:14.8592707Z [380/761] [firefox] › tests/browser/editor.spec.ts:3801:1 › retains standalone non-collapsible Unicode text during rich paste
browser	Remaining headless browser matrix	2026-10-08T04:16:16.0416093Z [381/761] [firefox] › tests/browser/editor.spec.ts:3818:1 › pastes empty formatting and applies it to subsequently typed text
browser	Remaining headless browser matrix	2026-10-08T04:16:16.1020961Z [382/761] [firefox] › tests/browser/editor.spec.ts:3842:57 › pastes and edits list-first code without inventing a blank paragraph
browser	Remaining headless browser matrix	2026-10-08T04:16:17.1826154Z [383/761] [firefox] › tests/browser/editor.spec.ts:3842:57 › pastes and edits list-first code without inventing a blank paragraph from its label area
browser	Remaining headless browser matrix	2026-10-08T04:16:18.6545954Z [384/761] [firefox] › tests/browser/editor.spec.ts:3870:1 › normalizes representative Word, Docs, and Excel clipboard payloads in every browser engine
browser	Remaining headless browser matrix	2026-10-08T04:16:19.8599802Z [385/761] [firefox] › tests/browser/editor.spec.ts:3923:1 › imports an extension-defined HTML node through the schema contract
browser	Remaining headless browser matrix	2026-10-08T04:16:20.3282764Z [386/761] [firefox] › tests/browser/editor.spec.ts:3948:1 › pastes mixed nested HTML lists without flattening their hierarchy
browser	Remaining headless browser matrix	2026-10-08T04:16:21.0546398Z [387/761] [firefox] › tests/browser/editor.spec.ts:3971:1 › wraps, indents, lifts, and exits lists through browser-visible commands and keys
browser	Remaining headless browser matrix	2026-10-08T04:16:21.9454718Z [388/761] [firefox] › tests/browser/editor.spec.ts:4001:1 › edits bidirectional and deeply nested text by logical document positions
browser	Remaining headless browser matrix	2026-10-08T04:16:22.1521012Z [389/761] [firefox] › tests/browser/editor.spec.ts:4028:1 › moves a selected top-level block through native drag data
browser	Remaining headless browser matrix	2026-10-08T04:16:23.2278047Z [390/761] [firefox] › tests/browser/editor.spec.ts:4046:1 › shows a host-replaceable drop cursor for inline text and atomic block targets
browser	Remaining headless browser matrix	2026-10-08T04:16:23.3451017Z [391/761] [firefox] › tests/browser/editor.spec.ts:4107:1 › reorders nested blocks with accessible controls, drop indicators, drag, and undo
browser	Remaining headless browser matrix	2026-10-08T04:16:24.7252997Z [392/761] [firefox] › tests/browser/editor.spec.ts:4182:1 › shows one structural block target across paragraphs, headings, lists, tables, media, and custom nodes
browser	Remaining headless browser matrix	2026-10-08T04:16:26.0090504Z [393/761] [firefox] › tests/browser/editor.spec.ts:4278:1 › replaces a DOM selection that crosses block boundaries
browser	Remaining headless browser matrix	2026-10-08T04:16:27.2278636Z [394/761] [firefox] › tests/browser/editor.spec.ts:4317:1 › keeps a visible editable paragraph after a terminal non-text block
browser	Remaining headless browser matrix	2026-10-08T04:16:27.2395692Z [395/761] [firefox] › tests/browser/editor.spec.ts:4339:1 › uses Ctrl+A as an explicit all-document selection and replaces the document
browser	Remaining headless browser matrix	2026-10-08T04:16:28.4568520Z [396/761] [firefox] › tests/browser/editor.spec.ts:4351:1 › selects and deletes a block image through real pointer and keyboard input
browser	Remaining headless browser matrix	2026-10-08T04:16:28.5602320Z [397/761] [firefox] › tests/browser/editor.spec.ts:4374:1 › edits, aligns, resizes, and undoes a production image through accessible controls
browser	Remaining headless browser matrix	2026-10-08T04:16:29.7870667Z [398/761] [firefox] › tests/browser/editor.spec.ts:4430:1 › inserts and removes a true inline image without breaking surrounding text
browser	Remaining headless browser matrix	2026-10-08T04:16:30.3190700Z [399/761] [firefox] › tests/browser/editor.spec.ts:4448:1 › tracks and cancels browser-native image upload tasks
browser	Remaining headless browser matrix	2026-10-08T04:16:31.3606008Z [400/761] [firefox] › tests/browser/editor.spec.ts:4488:1 › extends and replaces a rectangular cell selection through real pointer input
browser	Remaining headless browser matrix	2026-10-08T04:16:31.5957183Z [401/761] [firefox] › tests/browser/editor.spec.ts:4516:1 › keeps mixed-format links intact through backward selection typing and history
browser	Remaining headless browser matrix	2026-10-08T04:16:32.9252860Z [402/761] [firefox] › tests/browser/editor.spec.ts:4548:1 › reaches overflowing code by keyboard and leaves it without modifying the document
browser	Remaining headless browser matrix	2026-10-08T04:16:33.0063204Z [403/761] [firefox] › tests/browser/editor.spec.ts:4594:1 › pastes into tab-focused code through Chromium clipboard without changing the previous paragraph
browser	Remaining headless browser matrix	2026-10-08T04:16:33.4904425Z [404/761] [firefox] › tests/browser/editor.spec.ts:4618:1 › announces table resize values through real keyboard, pointer and history workflows
browser	Remaining headless browser matrix	2026-10-08T04:16:35.6939648Z [405/761] [firefox] › tests/browser/editor.spec.ts:4671:1 › edits merged tables, resizes columns, toggles headers, and exchanges spreadsheet grids
browser	Remaining headless browser matrix	2026-10-08T04:16:35.8481420Z [406/761] [firefox] › tests/browser/editor.spec.ts:4744:1 › keeps normal paste while offering bounded editor-local clipboard slots
browser	Remaining headless browser matrix	2026-10-08T04:16:37.1054664Z [407/761] [firefox] › tests/browser/editor.spec.ts:4783:1 › renders and types into a structural gap as a new block
browser	Remaining headless browser matrix	2026-10-08T04:16:37.1747902Z [408/761] [firefox] › tests/browser/editor.spec.ts:4795:1 › edits Lean without a mandatory server and renders transient provider diagnostics
browser	Remaining headless browser matrix	2026-10-08T04:16:38.2596165Z [409/761] [firefox] › tests/browser/editor.spec.ts:4822:1 › keeps custom NodeViews live across updates and mapped moves while containing their DOM
browser	Remaining headless browser matrix	2026-10-08T04:16:38.4561006Z [410/761] [firefox] › tests/browser/editor.spec.ts:4859:1 › loads the public React playground without console or page errors
browser	Remaining headless browser matrix	2026-10-08T04:16:39.6641015Z [411/761] [firefox] › tests/browser/editor.spec.ts:4884:1 › publishes actionable extension authoring, conformance, and doctor guidance
browser	Remaining headless browser matrix	2026-10-08T04:16:41.3960850Z [412/761] [firefox] › tests/browser/editor.spec.ts:4902:1 › pairs the optional AI demo with developer recipes for every public workflow
browser	Remaining headless browser matrix	2026-10-08T04:16:42.1111056Z [413/761] [firefox] › tests/browser/editor.spec.ts:4923:1 › runs the public two-editor collaboration demo with presence and author-local undo
browser	Remaining headless browser matrix	2026-10-08T04:16:43.1321932Z [414/761] [firefox] › tests/browser/editor.spec.ts:4990:1 › replaces both live collaboration documents without remounting the public editors
browser	Remaining headless browser matrix	2026-10-08T04:16:45.0661056Z [415/761] [firefox] › tests/browser/editor.spec.ts:5049:1 › merges nested collaborative settings through the public two-editor demo
browser	Remaining headless browser matrix	2026-10-08T04:16:46.7371351Z [416/761] [firefox] › tests/browser/editor.spec.ts:5068:1 › keeps headline phrases together and makes full-page navigation explicit
browser	Remaining headless browser matrix	2026-10-08T04:16:48.1029840Z [417/761] [firefox] › tests/browser/editor.spec.ts:5093:1 › runs shared threaded comments through the public provider-neutral review panel
browser	Remaining headless browser matrix	2026-10-08T04:16:49.6281132Z [418/761] [firefox] › tests/browser/editor.spec.ts:5150:1 › uses package-backed mentions, emoji, typography, and live counting in the public React playground
browser	Remaining headless browser matrix	2026-10-08T04:16:51.6017362Z [419/761] [firefox] › tests/browser/editor.spec.ts:5211:1 › runs grouped default and product slash commands in the public React playground
browser	Remaining headless browser matrix	2026-10-08T04:16:53.4331867Z [420/761] [firefox] › tests/browser/editor.spec.ts:5242:1 › runs accessible bubble and floating menus in the public React playground
browser	Remaining headless browser matrix	2026-10-08T04:16:56.3101291Z [421/761] [firefox] › tests/browser/editor.spec.ts:5284:1 › composes and keyboard-navigates the public toolbar by stable group and action IDs
browser	Remaining headless browser matrix	2026-10-08T04:16:56.4452178Z [422/761] [firefox] › tests/browser/editor.spec.ts:5321:1 › applies the complete text-style suite through the public React toolbar
browser	Remaining headless browser matrix	2026-10-08T04:16:59.3020963Z [423/761] [firefox] › tests/browser/editor.spec.ts:5382:1 › uses the public React image workflow for metadata, alignment, and replacement
browser	Remaining headless browser matrix	2026-10-08T04:17:02.2733956Z [424/761] [firefox] › tests/browser/editor.spec.ts:5426:1 › opens and cancels public configuration panels with keyboard focus and exact document retention
browser	Remaining headless browser matrix	2026-10-08T04:17:02.7682301Z [425/761] [firefox] › tests/browser/editor.spec.ts:5544:1 › keeps the public native colour field focused while formatting selected text and allows undo in the editor
browser	Remaining headless browser matrix	2026-10-08T04:17:05.5171109Z [426/761] [firefox] › tests/browser/editor.spec.ts:5571:1 › keeps table configuration labels legible on pointer hover
browser	Remaining headless browser matrix	2026-10-08T04:17:08.5391053Z [427/761] [firefox] › tests/browser/editor.spec.ts:5610:1 › creates and edits a link through the public React toolbar
browser	Remaining headless browser matrix	2026-10-08T04:17:11.8588070Z [428/761] [firefox] › tests/browser/editor.spec.ts:5641:1 › toggles a selected block through the public React list controls
browser	Remaining headless browser matrix	2026-10-08T04:17:13.3960947Z [429/761] [firefox] › tests/browser/editor.spec.ts:5656:1 › edits code language and line numbers through the public React toolbar
browser	Remaining headless browser matrix	2026-10-08T04:17:16.1701367Z [430/761] [firefox] › tests/browser/editor.spec.ts:5675:1 › opens the searchable clipboard-history picker in the public React toolbar
browser	Remaining headless browser matrix	2026-10-08T04:17:16.8141262Z [431/761] [firefox] › tests/browser/editor.spec.ts:5708:1 › keeps the public outline stable, hierarchical, active, and navigable
browser	Remaining headless browser matrix	2026-10-08T04:17:18.7856752Z [432/761] [firefox] › tests/browser/editor.spec.ts:5733:1 › exposes and explicitly cleans invisible text in the public playground
browser	Remaining headless browser matrix	2026-10-08T04:17:20.1612118Z [433/761] [firefox] › tests/browser/editor.spec.ts:5774:1 › runs the public plain-DOM first-class widget demo
browser	Remaining headless browser matrix	2026-10-08T04:17:22.3731112Z [434/761] [firefox] › tests/browser/editor.spec.ts:5821:1 › runs the public React first-class widget demo without losing control focus
browser	Remaining headless browser matrix	2026-10-08T04:17:22.4282227Z [435/761] [firefox] › tests/browser/editor.spec.ts:5859:1 › makes the quote control discoverable and toggles an existing quote in the Java workflow demo
browser	Remaining headless browser matrix	2026-10-08T04:17:24.6400331Z [436/761] [firefox] › tests/browser/editor.spec.ts:5873:1 › retains table captions and reports their projected association in the conversion demo
browser	Remaining headless browser matrix	2026-10-08T04:17:25.1880888Z [437/761] [firefox] › tests/browser/editor.spec.ts:5890:1 › preserves complex figure content in the public Markdown conversion demo
browser	Remaining headless browser matrix	2026-10-08T04:17:27.3173954Z [438/761] [firefox] › tests/browser/editor.spec.ts:5908:1 › runs the public headless Markdown, LaTeX, and server HTML pipeline
browser	Remaining headless browser matrix	2026-10-08T04:17:28.0373449Z [439/761] [firefox] › tests/browser/editor.spec.ts:5979:1 › records native DOCX viewer disagreements without certifying math fidelity
browser	Remaining headless browser matrix	2026-10-08T04:17:31.5948605Z [440/761] [firefox] › tests/browser/editor.spec.ts:5984:1 › checks actual DOCX retention beside an independent viewer without hiding its header omission
browser	Remaining headless browser matrix	2026-10-08T04:17:33.7508459Z [441/761] [firefox] › tests/browser/editor.spec.ts:6100:1 › renders real KaTeX while reporting published-equation and trust failures without source loss
browser	Remaining headless browser matrix	2026-10-08T04:17:35.8175476Z [442/761] [firefox] › tests/browser/editor.spec.ts:6131:1 › edits multiline math without losing line breaks, descriptions, or undo history
browser	Remaining headless browser matrix	2026-10-08T04:17:35.8991663Z [443/761] [firefox] › tests/browser/editor.spec.ts:6168:1 › renders and inserts native math in the public DOM integration
browser	Remaining headless browser matrix	2026-10-08T04:17:38.6335923Z [444/761] [firefox] › tests/browser/editor.spec.ts:6225:1 › makes table sizing, complete deletion, insertion gaps, and highlight colours explicit in the public demo
browser	Remaining headless browser matrix	2026-10-08T04:17:38.6734877Z [445/761] [firefox] › tests/browser/editor.spec.ts:6273:1 › keeps rich and multiline paste structurally predictable in the public editor
browser	Remaining headless browser matrix	2026-10-08T04:17:41.1941667Z [446/761] [firefox] › tests/browser/editor.spec.ts:6346:1 › round-trips a Fountain multi-block selection through Chromium clipboard HTML
browser	Remaining headless browser matrix	2026-10-08T04:17:41.5701380Z [447/761] [firefox] › tests/browser/editor.spec.ts:6413:1 › round-trips an extension-owned Fountain atom through the Chromium clipboard
browser	Remaining headless browser matrix	2026-10-08T04:17:43.3736608Z [448/761] [firefox] › tests/browser/editor.spec.ts:6462:1 › round-trips a complex whole Fountain document through the Chromium clipboard exactly
browser	Remaining headless browser matrix	2026-10-08T04:17:44.2619692Z [449/761] [firefox] › tests/browser/editor.spec.ts:6549:1 › copies clean semantic Fountain HTML into an external browser editor
browser	Remaining headless browser matrix	2026-10-08T04:17:44.4172115Z [450/761] [firefox] › tests/browser/editor.spec.ts:6604:1 › copies readable Fountain text into a plain-text external editor
browser	Remaining headless browser matrix	2026-10-08T04:17:44.9056927Z [451/761] [firefox] › tests/browser/editor.spec.ts:6663:1 › copies math to external rich and plain-text editors without renderer controls
browser	Remaining headless browser matrix	2026-10-08T04:17:44.9060503Z [452/761] [firefox] › tests/browser/editor.spec.ts:6708:1 › renders repeated empty paragraphs and removes each visible line
browser	Remaining headless browser matrix	2026-10-08T04:17:45.1353599Z [453/761] [firefox] › tests/browser/editor.spec.ts:6738:1 › undoes and redoes real typing with both common browser keyboard chords
browser	Remaining headless browser matrix	2026-10-08T04:17:46.4945042Z [454/761] [firefox] › tests/browser/editor.spec.ts:6755:1 › keeps a backward DOM selection backward after model synchronization
browser	Remaining headless browser matrix	2026-10-08T04:17:47.3537268Z [455/761] [firefox] › tests/browser/editor.spec.ts:6779:1 › preserves a backward selection made with real keyboard input
browser	Remaining headless browser matrix	2026-10-08T04:17:47.5003066Z [456/761] [firefox] › tests/browser/editor.spec.ts:6794:1 › replaces a backward selection made by a real reverse pointer drag
browser	Remaining headless browser matrix	2026-10-08T04:17:48.7620830Z [457/761] [firefox] › tests/browser/editor.spec.ts:6830:1 › turns multi-format and multi-block selections into visible paragraph boundaries
browser	Remaining headless browser matrix	2026-10-08T04:17:49.0437655Z [458/761] [firefox] › tests/browser/editor.spec.ts:6888:1 › visibly splits and joins ordinary paragraphs with both deletion directions
browser	Remaining headless browser matrix	2026-10-08T04:17:50.5216248Z [459/761] [firefox] › tests/browser/editor.spec.ts:6913:1 › deletes an adjacent inline atom without eating surrounding text
browser	Remaining headless browser matrix	2026-10-08T04:17:50.6732675Z [460/761] [firefox] › tests/browser/editor.spec.ts:6943:1 › unwraps and exits an inserted quote with ordinary browser keys
browser	Remaining headless browser matrix	2026-10-08T04:17:51.6621076Z [461/761] [firefox] › tests/browser/editor.spec.ts:6972:1 › publishes semantic selection controls and table interaction in the demo gallery
browser	Remaining headless browser matrix	2026-10-08T04:17:53.7702436Z [462/761] [firefox] › tests/browser/editor.spec.ts:6989:1 › runs campaign images, native media and safe embeds through Angular with honest upload boundaries
browser	Remaining headless browser matrix	2026-10-08T04:17:54.2525321Z [463/761] [firefox] › tests/browser/editor.spec.ts:7066:1 › uses the public React media workflow for native playback, provider-gated embeds, and asset uploads
browser	Remaining headless browser matrix	2026-10-08T04:17:59.3615550Z [464/761] [firefox] › tests/browser/editor.spec.ts:7111:1 › streams an optional AI proposal outside the document until review is ready
browser	Remaining headless browser matrix	2026-10-08T04:17:59.5454141Z [465/761] [firefox] › tests/browser/editor.spec.ts:7136:1 › preserves whitespace when an AI proposal ends at a formatting boundary
browser	Remaining headless browser matrix	2026-10-08T04:18:02.7654671Z [466/761] [firefox] › tests/browser/editor.spec.ts:7151:1 › runs a host-owned multi-turn AI conversation with reusable prompts and clear confirmation
browser	Remaining headless browser matrix	2026-10-08T04:18:03.1770180Z [467/761] [firefox] › tests/browser/editor.spec.ts:7179:1 › reviews generated media before the normal host upload inserts one undoable node
browser	Remaining headless browser matrix	2026-10-08T04:18:06.8615729Z [468/761] [firefox] › tests/browser/editor.spec.ts:7205:1 › reviews a schema-aware agent tool proposal before one-step apply and undo
browser	Remaining headless browser matrix	2026-10-08T04:18:06.9200912Z [469/761] [firefox] › tests/browser/editor.spec.ts:7230:1 › keeps a 1,000-block input update local and paints within budget
browser	Remaining headless browser matrix	2026-10-08T04:18:08.7134229Z [470/761] [firefox] › tests/browser/editor.spec.ts:7251:1 › virtualizes 100,000 blocks while preserving scrolling, distant selection, IME, and copy
browser	Remaining headless browser matrix	2026-10-08T04:18:10.2335362Z [471/761] [firefox] › tests/browser/editor.spec.ts:7309:1 › exports rich tables as HTML Markdown and exposes the compatibility note
browser	Remaining headless browser matrix	2026-10-08T04:18:10.5705679Z [472/761] [firefox] › tests/browser/editor.spec.ts:7331:1 › HTML comments do not insert phantom paragraphs in converted Markdown
browser	Remaining headless browser matrix	2026-10-08T04:18:12.9525239Z [473/761] [firefox] › tests/browser/editor.spec.ts:7343:1 › imported table section order matches the physically rendered source table
browser	Remaining headless browser matrix	2026-10-08T04:18:15.1694822Z [474/761] [firefox] › tests/browser/editor.spec.ts:7374:1 › imports zero-rowspan cells with the same row-group geometry in server and browser
browser	Remaining headless browser matrix	2026-10-08T04:18:15.3283221Z [475/761] [firefox] › tests/browser/editor.spec.ts:7405:1 › reconstructs HTML tables across Markdown block boundaries
browser	Remaining headless browser matrix	2026-10-08T04:18:17.7314669Z [476/761] [firefox] › tests/browser/editor.spec.ts:7426:1 › applies surrounding HTML formatting without replacing Markdown block content
browser	Remaining headless browser matrix	2026-10-08T04:18:18.5884350Z [477/761] [firefox] › tests/browser/editor.spec.ts:7439:1 › converts raw HTML blocks only when the headless demo option is enabled
browser	Remaining headless browser matrix	2026-10-08T04:18:20.1293547Z [478/761] [firefox] › tests/browser/editor.spec.ts:7455:1 › projects inline HTML around Markdown nodes only with explicit opt-in and visible fallback
browser	Remaining headless browser matrix	2026-10-08T04:18:21.5252180Z [479/761] [firefox] › tests/browser/editor.spec.ts:7480:1 › shows specific discarded HTML and rejected URL losses in both conversion surfaces
browser	Remaining headless browser matrix	2026-10-08T04:18:25.7653411Z [480/761] [webkit] › tests/browser/editor.spec.ts:51:3 › retains technical code reading direction through real settings, editing and downloaded HTML: ltr
browser	Remaining headless browser matrix	2026-10-08T04:18:27.3952562Z [481/761] [webkit] › tests/browser/editor.spec.ts:51:3 › retains technical code reading direction through real settings, editing and downloaded HTML: rtl
browser	Remaining headless browser matrix	2026-10-08T04:18:34.7893221Z [482/761] [webkit] › tests/browser/editor.spec.ts:51:3 › retains technical code reading direction through real settings, editing and downloaded HTML: auto
browser	Remaining headless browser matrix	2026-10-08T04:18:36.9817925Z [483/761] [webkit] › tests/browser/editor.spec.ts:62:3 › retains shared automatic list scope through real convert, typing and downloaded HTML
browser	Remaining headless browser matrix	2026-10-08T04:18:43.7971193Z [484/761] [webkit] › tests/browser/editor.spec.ts:62:3 › retains shared automatic list scope through real lift, typing and downloaded HTML
browser	Remaining headless browser matrix	2026-10-08T04:18:44.6248444Z [485/761] [webkit] › tests/browser/editor.spec.ts:72:3 › reorders real runbook blocks with native pointer feedback in ltr
browser	Remaining headless browser matrix	2026-10-08T04:18:51.1770464Z [486/761] [webkit] › tests/browser/editor.spec.ts:72:3 › reorders real runbook blocks with native pointer feedback in rtl
browser	Remaining headless browser matrix	2026-10-08T04:18:51.4215807Z [487/761] [webkit] › tests/browser/editor.spec.ts:76:1 › reorders real runbook blocks with keyboard structural feedback
browser	Remaining headless browser matrix	2026-10-08T04:18:57.7389893Z [488/761] [webkit] › tests/browser/editor.spec.ts:81:3 › preserves list direction through real transforms and downloaded HTML: unwrap
browser	Remaining headless browser matrix	2026-10-08T04:19:00.7937371Z [489/761] [webkit] › tests/browser/editor.spec.ts:81:3 › preserves list direction through real transforms and downloaded HTML: indent
browser	Remaining headless browser matrix	2026-10-08T04:19:02.7720521Z [490/761] [webkit] › tests/browser/editor.spec.ts:81:3 › preserves list direction through real transforms and downloaded HTML: nested-lift
browser	Remaining headless browser matrix	2026-10-08T04:19:06.0704562Z [491/761] [webkit] › tests/browser/editor.spec.ts:81:3 › preserves list direction through real transforms and downloaded HTML: contained
browser	Remaining headless browser matrix	2026-10-08T04:19:08.1231896Z [492/761] [webkit] › tests/browser/editor.spec.ts:87:3 › inserts table columns on the physical left and right: ltr
browser	Remaining headless browser matrix	2026-10-08T04:19:12.0944357Z [493/761] [webkit] › tests/browser/editor.spec.ts:87:3 › inserts table columns on the physical left and right: rtl-cell-ltr
browser	Remaining headless browser matrix	2026-10-08T04:19:14.6221630Z [494/761] [webkit] › tests/browser/editor.spec.ts:87:3 › inserts table columns on the physical left and right: auto
browser	Remaining headless browser matrix	2026-10-08T04:19:18.4952527Z [495/761] [webkit] › tests/browser/editor.spec.ts:87:3 › inserts table columns on the physical left and right: host-css
browser	Remaining headless browser matrix	2026-10-08T04:19:21.1872586Z [496/761] [webkit] › tests/browser/editor.spec.ts:87:3 › inserts table columns on the physical left and right: rtl-spans
browser	Remaining headless browser matrix	2026-10-08T04:19:24.9562069Z [497/761] [webkit] › tests/browser/editor.spec.ts:92:1 › retains structural RTL against native source through author controls, physical table editing and downloaded HTML
browser	Remaining headless browser matrix	2026-10-08T04:19:27.5371040Z [498/761] [webkit] › tests/browser/editor.spec.ts:96:1 › imports inherited inline alignment against a native surface and keeps it through real editing and downloaded HTML
browser	Remaining headless browser matrix	2026-10-08T04:19:31.9547069Z [499/761] [webkit] › tests/browser/editor.spec.ts:100:1 › compares list-first code text-click focus and editing to a plain native surface
browser	Remaining headless browser matrix	2026-10-08T04:19:35.1326291Z [500/761] [webkit] › tests/browser/editor.spec.ts:104:1 › retains a shared automatic section direction through first-strong-text editing, history and reader preview
browser	Remaining headless browser matrix	2026-10-08T04:19:35.2756253Z [501/761] [webkit] › tests/browser/editor.spec.ts:108:1 › authors physical-left alignment under an RTL host and inherited-auto reader with history
browser	Remaining headless browser matrix	2026-10-08T04:19:41.8390608Z [502/761] [webkit] › tests/browser/editor.spec.ts:112:1 › edits RTL blocks with native keyboard selection, direction controls, Enter history and HTML reader export
browser	Remaining headless browser matrix	2026-10-08T04:19:43.2511254Z [503/761] [webkit] › tests/browser/editor.spec.ts:116:1 › separates the homepage framework descenders from the italic extend line
browser	Remaining headless browser matrix	2026-10-08T04:19:48.7437202Z [504/761] [webkit] › tests/browser/editor.spec.ts:135:1 › keeps consecutive marked quoted and table blank lines visible in reader and saved HTML
browser	Remaining headless browser matrix	2026-10-08T04:19:49.6366002Z [505/761] [webkit] › tests/browser/editor.spec.ts:139:1 › fills and reopens a retained childless paragraph using real pointer typing Enter Backspace and undo
browser	Remaining headless browser matrix	2026-10-08T04:19:59.3260746Z [506/761] [webkit] › tests/browser/editor.spec.ts:143:1 › edits structured inert block wrappers with actual table navigation Enter Backspace history and safe reopening
browser	Remaining headless browser matrix	2026-10-08T04:20:00.2738450Z [507/761] [webkit] › tests/browser/editor.spec.ts:147:1 › retains HTML link navigation and literal Markdown data through real editing and reopening
browser	Remaining headless browser matrix	2026-10-08T04:20:16.1911129Z [508/761] [webkit] › tests/browser/editor.spec.ts:151:1 › edits inert script style textarea source with real Enter Backspace history and safe reader reopening
browser	Remaining headless browser matrix	2026-10-08T04:20:21.2969741Z [509/761] [webkit] › tests/browser/editor.spec.ts:155:1 › retains unfinished raw HTML as editable Markdown source and discloses direct HTML omissions
browser	Remaining headless browser matrix	2026-10-08T04:20:28.5552942Z [510/761] [webkit] › tests/browser/editor.spec.ts:159:1 › preserves registered inert inline source through real typing history and Markdown HTML JSON reopening
browser	Remaining headless browser matrix	2026-10-08T04:20:30.2606990Z [511/761] [webkit] › tests/browser/editor.spec.ts:163:1 › preserves immutable snapshots and owned attributes through real typing Enter history and JSON reopening
browser	Remaining headless browser matrix	2026-10-08T04:20:32.1504548Z [512/761] [webkit] › tests/browser/editor.spec.ts:167:1 › imports private files in the conversion lab with reports and export reopen
browser	Remaining headless browser matrix	2026-10-08T04:20:40.7770965Z [513/761] [webkit] › tests/browser/editor.spec.ts:171:1 › resolves unequal Markdown runs through actual selection editing history download and reader reopen
browser	Remaining headless browser matrix	2026-10-08T04:20:43.0412131Z [514/761] [webkit] › tests/browser/editor.spec.ts:176:3 › retains partial Markdown em scope through real typing history and canonical reopening
browser	Remaining headless browser matrix	2026-10-08T04:20:45.2631097Z [515/761] [webkit] › tests/browser/editor.spec.ts:176:3 › retains partial Markdown strong scope through real typing history and canonical reopening
browser	Remaining headless browser matrix	2026-10-08T04:20:47.2437730Z [516/761] [webkit] › tests/browser/editor.spec.ts:181:1 › submits resets and disables a native form-associated Web Component
browser	Remaining headless browser matrix	2026-10-08T04:20:47.7100944Z [517/761] [webkit] › tests/browser/editor.spec.ts:185:1 › converts document-wide HTML scopes with source edit undo and explicit layout differences
browser	Remaining headless browser matrix	2026-10-08T04:20:52.1557970Z [518/761] [webkit] › tests/browser/editor.spec.ts:189:1 › preserves inert HTML comments through human editing source and reader output
browser	Remaining headless browser matrix	2026-10-08T04:20:54.6239293Z [519/761] [webkit] › tests/browser/editor.spec.ts:193:1 › copies anonymous flow internally and into an external plain-text editor through real clipboard
browser	Remaining headless browser matrix	2026-10-08T04:20:59.5932168Z [520/761] [webkit] › tests/browser/editor.spec.ts:198:1 › retains cleared anonymous flow through real cut save reopen and continued editing
browser	Remaining headless browser matrix	2026-10-08T04:21:07.6241171Z [521/761] [webkit] › tests/browser/editor.spec.ts:202:1 › retains anonymous HTML flow without extra spacing through real typing Enter deletion and reader output
browser	Remaining headless browser matrix	2026-10-08T04:21:07.6740931Z [522/761] [webkit] › tests/browser/editor.spec.ts:206:1 › retains literal flow newlines through actual Markdown export and source reimport
browser	Remaining headless browser matrix	2026-10-08T04:21:13.9200292Z [523/761] [webkit] › tests/browser/editor.spec.ts:210:1 › edits protected Markdown images and dividers inside HTML sections through history and reopening
browser	Remaining headless browser matrix	2026-10-08T04:21:19.3931089Z [524/761] [webkit] › tests/browser/editor.spec.ts:214:1 › edits protected Markdown tables inside HTML sections through cell navigation history and reopening
browser	Remaining headless browser matrix	2026-10-08T04:21:22.6341617Z [525/761] [webkit] › tests/browser/editor.spec.ts:218:1 › authors sections with properties, empty content, undo and reader preview
browser	Remaining headless browser matrix	2026-10-08T04:21:30.3705597Z [526/761] [webkit] › tests/browser/editor.spec.ts:222:1 › preserves optional section containers through real editing and reader output
browser	Remaining headless browser matrix	2026-10-08T04:21:33.7642617Z [527/761] [webkit] › tests/browser/editor.spec.ts:226:1 › edits and reopens a Word glossary with term and description roles
browser	Remaining headless browser matrix	2026-10-08T04:21:37.6827176Z [528/761] [webkit] › tests/browser/editor.spec.ts:230:1 › imports and edits Word content controls without losing visible content
browser	Remaining headless browser matrix	2026-10-08T04:21:43.1120833Z [529/761] [webkit] › tests/browser/editor.spec.ts:252:1 › preserves code endings through source recovery and reader handoff
browser	Remaining headless browser matrix	2026-10-08T04:21:46.6939718Z [530/761] [webkit] › tests/browser/editor.spec.ts:256:1 › edits definition lists and reopens a glossary in a reader
browser	Remaining headless browser matrix	2026-10-08T04:21:51.8090735Z [531/761] [webkit] › tests/browser/editor.spec.ts:260:1 › edits registered HTML wrappers after Markdown source recovery
browser	Remaining headless browser matrix	2026-10-08T04:21:53.9128525Z [532/761] [webkit] › tests/browser/editor.spec.ts:264:1 › retains the complete document through pointer and keyboard output-format changes
browser	Remaining headless browser matrix	2026-10-08T04:21:53.9321640Z [533/761] [webkit] › tests/browser/editor.spec.ts:268:1 › recovers nested Markdown lists and quotes through an editor and reader
browser	Remaining headless browser matrix	2026-10-08T04:22:06.1514014Z [534/761] [webkit] › tests/browser/editor.spec.ts:272:1 › edits opaque code labels and reopens them safely in a reader
browser	Remaining headless browser matrix	2026-10-08T04:22:12.1610940Z [535/761] [webkit] › tests/browser/editor.spec.ts:277:1 › guards editor actions against page reloads without suppressing failures
browser	Remaining headless browser matrix	2026-10-08T04:22:12.7303586Z [536/761] [webkit] › tests/browser/editor.spec.ts:287:1 › recovers paragraph HTML into editable blocks and a reopened reader
browser	Remaining headless browser matrix	2026-10-08T04:22:13.6851103Z [537/761] [webkit] › tests/browser/editor.spec.ts:291:1 › reads separate retired paragraphs after Markdown HTML scope conversion and handoff
browser	Remaining headless browser matrix	2026-10-08T04:22:20.0990874Z [538/761] [webkit] › tests/browser/editor.spec.ts:295:1 › preserves headerless and mixed tables through source and file handoff
browser	Remaining headless browser matrix	2026-10-08T04:22:26.0247362Z [539/761] [webkit] › tests/browser/editor.spec.ts:299:1 › retains HTML block formatting through server import, paste and draft handoff
browser	Remaining headless browser matrix	2026-10-08T04:22:35.7501176Z [540/761] [webkit] › tests/browser/editor.spec.ts:303:1 › discovers product workflows and preserves separate task drafts and histories
browser	Remaining headless browser matrix	2026-10-08T04:22:42.9681466Z [541/761] [webkit] › tests/browser/editor.spec.ts:307:1 › retains escaped pipes and strikethrough through table edits and Markdown handoff
browser	Remaining headless browser matrix	2026-10-08T04:22:49.0328619Z [542/761] [webkit] › tests/browser/editor.spec.ts:311:1 › retains literal text lines through editing and Markdown handoff
browser	Remaining headless browser matrix	2026-10-08T04:22:50.7223763Z [543/761] [webkit] › tests/browser/editor.spec.ts:315:1 › keeps literal syntax unformatted through visual edits and Markdown reopen
browser	Remaining headless browser matrix	2026-10-08T04:22:54.1879962Z [544/761] [webkit] › tests/browser/editor.spec.ts:319:1 › chooses literal address import and retains links through DOCX handoff
browser	Remaining headless browser matrix	2026-10-08T04:22:55.3900169Z [545/761] [webkit] › tests/browser/editor.spec.ts:323:1 › writes and reopens an issue with visual Markdown source fidelity and reader preview
browser	Remaining headless browser matrix	2026-10-08T04:23:02.7484572Z [546/761] [webkit] › tests/browser/editor.spec.ts:327:1 › issue workflow preserves root references and validates local image files
browser	Remaining headless browser matrix	2026-10-08T04:23:06.3063074Z [547/761] [webkit] › tests/browser/editor.spec.ts:359:1 › issue workflow preserves reference prefixes and reports container fallback
browser	Remaining headless browser matrix	2026-10-08T04:23:07.8426762Z [548/761] [webkit] › tests/browser/editor.spec.ts:383:1 › reopens a full HTML report without promoting page metadata into editor content
browser	Remaining headless browser matrix	2026-10-08T04:23:09.5678244Z [549/761] [webkit] › tests/browser/editor.spec.ts:387:1 › matches native document parsing for HTML envelopes, recovery, and noscript
browser	Remaining headless browser matrix	2026-10-08T04:23:11.2576467Z [550/761] [webkit] › tests/browser/editor.spec.ts:401:1 › aligns selected paragraphs using backward selection, toolbar, history and HTML export
browser	Remaining headless browser matrix	2026-10-08T04:23:13.9805553Z [551/761] [webkit] › tests/browser/editor.spec.ts:405:1 › exports independent DOCX list starts and renders the same procedure beside the editor
browser	Remaining headless browser matrix	2026-10-08T04:23:16.5112364Z [552/761] [webkit] › tests/browser/editor.spec.ts:409:1 › retains zero-based list numbers through keyboard outdent history and export
browser	Remaining headless browser matrix	2026-10-08T04:23:18.6639044Z [553/761] [webkit] › tests/browser/editor.spec.ts:413:1 › imports ordered-list starts like the native browser integer parser
browser	Remaining headless browser matrix	2026-10-08T04:23:21.6235424Z [554/761] [webkit] › tests/browser/editor.spec.ts:427:1 › uses first-party Angular signals and directive for campaign editing and owner cleanup
browser	Remaining headless browser matrix	2026-10-08T04:23:22.5864025Z [555/761] [webkit] › tests/browser/editor.spec.ts:431:1 › disposes Svelte custom block views before their owned engine
browser	Remaining headless browser matrix	2026-10-08T04:23:24.3724525Z [556/761] [webkit] › tests/browser/editor.spec.ts:440:1 › uses first-party Svelte bindings for table editing, history, stores and owner disposal
browser	Remaining headless browser matrix	2026-10-08T04:23:33.6432814Z [557/761] [webkit] › tests/browser/editor.spec.ts:444:1 › uses first-party Vue bindings for editing, reactive state, history and view remounts
browser	Remaining headless browser matrix	2026-10-08T04:23:33.7455247Z [558/761] [webkit] › tests/browser/editor.spec.ts:448:1 › keeps real SVG equation links inside paged snapshots across editing and rebuilding
browser	Remaining headless browser matrix	2026-10-08T04:23:39.3561900Z [559/761] [webkit] › tests/browser/editor.spec.ts:452:1 › saves and reopens equation files with source, references and history intact
browser	Remaining headless browser matrix	2026-10-08T04:23:44.6034433Z [560/761] [webkit] › tests/browser/editor.spec.ts:456:1 › recovers from textless replacement for native typing, lines and history
browser	Remaining headless browser matrix	2026-10-08T04:23:46.8111087Z [561/761] [webkit] › tests/browser/editor.spec.ts:460:1 › renders labelled equations and reader links through real editing and recovery
browser	Remaining headless browser matrix	2026-10-08T04:23:47.5444771Z [562/761] [webkit] › tests/browser/editor.spec.ts:464:1 › keeps moved math source attached to its formula through native editing, undo, and export
browser	Remaining headless browser matrix	2026-10-08T04:23:51.4487905Z [563/761] [webkit] › tests/browser/editor.spec.ts:468:1 › imports the published TeX table with visible losses and editable numeric values
browser	Remaining headless browser matrix	2026-10-08T04:23:54.0552811Z [564/761] [webkit] › tests/browser/editor.spec.ts:552:1 › keeps comparison names separate from their copy in a mobile desktop-site viewport
browser	Remaining headless browser matrix	2026-10-08T04:23:55.5592121Z [565/761] [webkit] › tests/browser/editor.spec.ts:580:1 › renders, edits, and measures portable page intent in a real browser
browser	Remaining headless browser matrix	2026-10-08T04:23:56.3563746Z [566/761] [webkit] › tests/browser/editor.spec.ts:649:1 › measures browser line boxes, list items, rowspan groups, and footnotes as legal page fragments
browser	Remaining headless browser matrix	2026-10-08T04:23:56.9530049Z [567/761] [webkit] › tests/browser/editor.spec.ts:743:1 › continues measured long footnotes through editable and print page projections
browser	Remaining headless browser matrix	2026-10-08T04:23:57.7665099Z [568/761] [webkit] › tests/browser/editor.spec.ts:851:1 › prints a mixed repeated-footnote, merged-table, and manual-break document without loss
browser	Remaining headless browser matrix	2026-10-08T04:23:59.4241678Z [569/761] [webkit] › tests/browser/editor.spec.ts:959:1 › paginates imported styled semantic HTML without structural or PDF text loss
browser	Remaining headless browser matrix	2026-10-08T04:24:00.8617199Z [570/761] [webkit] › tests/browser/editor.spec.ts:1104:1 › uses a host print renderer without moving or exposing live custom DOM
browser	Remaining headless browser matrix	2026-10-08T04:24:00.9477633Z [571/761] [webkit] › tests/browser/editor.spec.ts:1127:1 › projects exact A4 and Letter print sheets in every browser engine
browser	Remaining headless browser matrix	2026-10-08T04:24:02.1899843Z [572/761] [webkit] › tests/browser/editor.spec.ts:1244:1 › emits exact A4 and Letter PDF pages for every projected sheet in Chromium
browser	Remaining headless browser matrix	2026-10-08T04:24:02.6633151Z [573/761] [webkit] › tests/browser/editor.spec.ts:1284:1 › keeps 1,000-block pagination reflow local to the changed block
browser	Remaining headless browser matrix	2026-10-08T04:24:02.6963791Z [574/761] [webkit] › tests/browser/editor.spec.ts:1296:1 › bounds alternating edge reflow across 5,000 rendered page blocks
browser	Remaining headless browser matrix	2026-10-08T04:24:04.0566526Z [575/761] [webkit] › tests/browser/editor.spec.ts:1319:1 › keeps 5,000 unchanged page blocks cached through leading insertion and removal
browser	Remaining headless browser matrix	2026-10-08T04:24:05.8790761Z [576/761] [webkit] › tests/browser/editor.spec.ts:1345:1 › edits, selects, and composes across guarded page shells in one contenteditable
browser	Remaining headless browser matrix	2026-10-08T04:24:06.7262370Z [577/761] [webkit] › tests/browser/editor.spec.ts:1421:1 › keeps one paragraph editable when its measured lines span page shells
browser	Remaining headless browser matrix	2026-10-08T04:24:07.7006055Z [578/761] [webkit] › tests/browser/editor.spec.ts:1548:1 › maps carets, ranges, and composition around injected paragraph page gaps
browser	Remaining headless browser matrix	2026-10-08T04:24:08.8349213Z [579/761] [webkit] › tests/browser/editor.spec.ts:1652:1 › keeps one canonical ordered list editable and numbered across page shells
browser	Remaining headless browser matrix	2026-10-08T04:24:09.4931173Z [580/761] [webkit] › tests/browser/editor.spec.ts:1787:52 › honours explicit table repetition independently of cell roles (ordinary)
browser	Remaining headless browser matrix	2026-10-08T04:24:11.0129745Z [581/761] [webkit] › tests/browser/editor.spec.ts:1787:52 › honours explicit table repetition independently of cell roles (off)
browser	Remaining headless browser matrix	2026-10-08T04:24:12.5491577Z [582/761] [webkit] › tests/browser/editor.spec.ts:1820:1 › keeps one canonical table editable with repeated headers across page shells
browser	Remaining headless browser matrix	2026-10-08T04:24:13.7435639Z [583/761] [webkit] › tests/browser/editor.spec.ts:1970:1 › keeps merged header and body rowspans intact across editable table pages
browser	Remaining headless browser matrix	2026-10-08T04:24:15.3196902Z [584/761] [webkit] › tests/browser/editor.spec.ts:2036:1 › reports an oversized table row without clipping or splitting its editable model
browser	Remaining headless browser matrix	2026-10-08T04:24:15.8937418Z [585/761] [webkit] › tests/browser/editor.spec.ts:2078:1 › keeps canonical page furniture and footnotes editable while projecting every page copy
browser	Remaining headless browser matrix	2026-10-08T04:24:17.2626478Z [586/761] [webkit] › tests/browser/editor.spec.ts:2163:1 › keeps code, media, disclosures, and custom atoms canonical across editable pages
browser	Remaining headless browser matrix	2026-10-08T04:24:19.2509630Z [587/761] [webkit] › tests/browser/editor.spec.ts:2298:1 › keeps tracked review and Yjs live between list items split across pages
browser	Remaining headless browser matrix	2026-10-08T04:24:19.8781090Z [588/761] [webkit] › tests/browser/editor.spec.ts:2364:1 › keeps tracked review and Yjs live between table rows split across pages
browser	Remaining headless browser matrix	2026-10-08T04:24:22.2132994Z [589/761] [webkit] › tests/browser/editor.spec.ts:2441:13 › keeps comments attached and synchronized inside a continued list
browser	Remaining headless browser matrix	2026-10-08T04:24:23.7627710Z [590/761] [webkit] › tests/browser/editor.spec.ts:2441:13 › keeps comments attached and synchronized inside a continued table
browser	Remaining headless browser matrix	2026-10-08T04:24:24.0551236Z [591/761] [webkit] › tests/browser/editor.spec.ts:2495:1 › keeps tracked review and Yjs live inside a paragraph split across pages
browser	Remaining headless browser matrix	2026-10-08T04:24:25.9665109Z [592/761] [webkit] › tests/browser/editor.spec.ts:2556:1 › keeps tracked review and Yjs collaboration live across automatic page boundaries
browser	Remaining headless browser matrix	2026-10-08T04:24:26.9068013Z [593/761] [webkit] › tests/browser/editor.spec.ts:2631:1 › tracks real browser insertion and replacement with reversible review decisions
browser	Remaining headless browser matrix	2026-10-08T04:24:28.4220919Z [594/761] [webkit] › tests/browser/editor.spec.ts:2660:1 › runs the package-backed full-text tracked review panel
browser	Remaining headless browser matrix	2026-10-08T04:24:28.6109338Z [595/761] [webkit] › tests/browser/editor.spec.ts:2678:1 › runs package-backed named versions, exact comparison, preview, and guarded restoration
browser	Remaining headless browser matrix	2026-10-08T04:24:31.6750974Z [596/761] [webkit] › tests/browser/editor.spec.ts:2708:1 › edits and persists package-backed collapsible details in the public playground
browser	Remaining headless browser matrix	2026-10-08T04:24:32.7461982Z [597/761] [webkit] › tests/browser/editor.spec.ts:2734:1 › edits semantic ruby annotations through the package-backed public playground
browser	Remaining headless browser matrix	2026-10-08T04:24:36.2939412Z [598/761] [webkit] › tests/browser/editor.spec.ts:2764:1 › converges live and offline Yjs edits and keeps collaborative undo author-local
browser	Remaining headless browser matrix	2026-10-08T04:24:37.4300879Z [599/761] [webkit] › tests/browser/editor.spec.ts:2793:1 › runs reference links, recursive blocks, rich tables, and loss reports in a real browser
browser	Remaining headless browser matrix	2026-10-08T04:24:37.9961433Z [600/761] [webkit] › tests/browser/editor.spec.ts:2818:1 › round-trips variable-delimiter Markdown code spans in the browser package
browser	Remaining headless browser matrix	2026-10-08T04:24:38.5640853Z [601/761] [webkit] › tests/browser/editor.spec.ts:3386:1 › types, deletes, and undoes inside imported empty documents, quotes, and list items
browser	Remaining headless browser matrix	2026-10-08T04:24:39.2113059Z [602/761] [webkit] › tests/browser/editor.spec.ts:3416:1 › round-trips marker-relative list containers and exact code whitespace
browser	Remaining headless browser matrix	2026-10-08T04:24:40.3210470Z [603/761] [webkit] › tests/browser/editor.spec.ts:3460:1 › preserves raw Markdown and inert frontmatter through the browser package
browser	Remaining headless browser matrix	2026-10-08T04:24:41.3681063Z [604/761] [webkit] › tests/browser/editor.spec.ts:3486:1 › edits through real beforeinput events and undoes a Markdown input rule
browser	Remaining headless browser matrix	2026-10-08T04:24:42.6351040Z [605/761] [webkit] › tests/browser/editor.spec.ts:3500:1 › groups adjacent browser typing and respects explicit undo boundaries
browser	Remaining headless browser matrix	2026-10-08T04:24:43.9025072Z [606/761] [webkit] › tests/browser/editor.spec.ts:3521:3 › preserves replacement formatting across subsequent typing input
browser	Remaining headless browser matrix	2026-10-08T04:24:44.5079231Z [607/761] [webkit] › tests/browser/editor.spec.ts:3521:3 › preserves replacement formatting across subsequent composition input
browser	Remaining headless browser matrix	2026-10-08T04:24:45.2777603Z [608/761] [webkit] › tests/browser/editor.spec.ts:3552:1 › commits cross-browser composition sequences once and supports replacement input
browser	Remaining headless browser matrix	2026-10-08T04:24:45.6707748Z [609/761] [webkit] › tests/browser/editor.spec.ts:3584:1 › maps decorations through typing without persisting widget content
browser	Remaining headless browser matrix	2026-10-08T04:24:46.3501917Z [610/761] [webkit] › tests/browser/editor.spec.ts:3599:1 › highlights editable code and updates language metadata through public commands
browser	Remaining headless browser matrix	2026-10-08T04:24:46.8359336Z [611/761] [webkit] › tests/browser/editor.spec.ts:3629:1 › runs a view-focused chain and checks it without preview side effects
browser	Remaining headless browser matrix	2026-10-08T04:24:47.5580824Z [612/761] [webkit] › tests/browser/editor.spec.ts:3650:1 › applies every configured paste-rule match through a browser paste event
browser	Remaining headless browser matrix	2026-10-08T04:24:47.9702383Z [613/761] [webkit] › tests/browser/editor.spec.ts:3668:1 › autolinks, safely activates, edits, and removes links in a real browser
browser	Remaining headless browser matrix	2026-10-08T04:24:48.8179348Z [614/761] [webkit] › tests/browser/editor.spec.ts:3699:1 › preserves structured rich HTML from a real browser clipboard event
browser	Remaining headless browser matrix	2026-10-08T04:24:49.5136540Z [615/761] [webkit] › tests/browser/editor.spec.ts:3720:1 › pastes unwrapped inline HTML without dropping surrounding text or formatting
browser	Remaining headless browser matrix	2026-10-08T04:24:50.0083877Z [616/761] [webkit] › tests/browser/editor.spec.ts:3741:1 › honors strict raw HTML token boundaries in the public Markdown pipeline
browser	Remaining headless browser matrix	2026-10-08T04:24:50.6515581Z [617/761] [webkit] › tests/browser/editor.spec.ts:3758:1 › pastes unfamiliar HTML wrappers without flattening headings, paragraphs, or lists
browser	Remaining headless browser matrix	2026-10-08T04:24:52.1792449Z [618/761] [webkit] › tests/browser/editor.spec.ts:3778:1 › pastes structured table cells and edits separate paragraphs without flattening nested blocks
browser	Remaining headless browser matrix	2026-10-08T04:24:53.1664205Z [619/761] [webkit] › tests/browser/editor.spec.ts:3801:1 › retains standalone non-collapsible Unicode text during rich paste
browser	Remaining headless browser matrix	2026-10-08T04:24:53.9104293Z [620/761] [webkit] › tests/browser/editor.spec.ts:3818:1 › pastes empty formatting and applies it to subsequently typed text
browser	Remaining headless browser matrix	2026-10-08T04:24:54.4200024Z [621/761] [webkit] › tests/browser/editor.spec.ts:3842:57 › pastes and edits list-first code without inventing a blank paragraph
browser	Remaining headless browser matrix	2026-10-08T04:24:55.2928020Z [622/761] [webkit] › tests/browser/editor.spec.ts:3842:57 › pastes and edits list-first code without inventing a blank paragraph from its label area
browser	Remaining headless browser matrix	2026-10-08T04:24:56.5452860Z [623/761] [webkit] › tests/browser/editor.spec.ts:3870:1 › normalizes representative Word, Docs, and Excel clipboard payloads in every browser engine
browser	Remaining headless browser matrix	2026-10-08T04:24:57.1342459Z [624/761] [webkit] › tests/browser/editor.spec.ts:3923:1 › imports an extension-defined HTML node through the schema contract
browser	Remaining headless browser matrix	2026-10-08T04:24:58.2480725Z [625/761] [webkit] › tests/browser/editor.spec.ts:3948:1 › pastes mixed nested HTML lists without flattening their hierarchy
browser	Remaining headless browser matrix	2026-10-08T04:24:58.3032603Z [626/761] [webkit] › tests/browser/editor.spec.ts:3971:1 › wraps, indents, lifts, and exits lists through browser-visible commands and keys
browser	Remaining headless browser matrix	2026-10-08T04:24:59.4860552Z [627/761] [webkit] › tests/browser/editor.spec.ts:4001:1 › edits bidirectional and deeply nested text by logical document positions
browser	Remaining headless browser matrix	2026-10-08T04:24:59.5321064Z [628/761] [webkit] › tests/browser/editor.spec.ts:4028:1 › moves a selected top-level block through native drag data
browser	Remaining headless browser matrix	2026-10-08T04:25:00.6370996Z [629/761] [webkit] › tests/browser/editor.spec.ts:4046:1 › shows a host-replaceable drop cursor for inline text and atomic block targets
browser	Remaining headless browser matrix	2026-10-08T04:25:00.8683480Z [630/761] [webkit] › tests/browser/editor.spec.ts:4107:1 › reorders nested blocks with accessible controls, drop indicators, drag, and undo
browser	Remaining headless browser matrix	2026-10-08T04:25:01.7929466Z [631/761] [webkit] › tests/browser/editor.spec.ts:4182:1 › shows one structural block target across paragraphs, headings, lists, tables, media, and custom nodes
browser	Remaining headless browser matrix	2026-10-08T04:25:02.6639103Z [632/761] [webkit] › tests/browser/editor.spec.ts:4278:1 › replaces a DOM selection that crosses block boundaries
browser	Remaining headless browser matrix	2026-10-08T04:25:03.7991209Z [633/761] [webkit] › tests/browser/editor.spec.ts:4317:1 › keeps a visible editable paragraph after a terminal non-text block
browser	Remaining headless browser matrix	2026-10-08T04:25:04.9967201Z [634/761] [webkit] › tests/browser/editor.spec.ts:4339:1 › uses Ctrl+A as an explicit all-document selection and replaces the document
browser	Remaining headless browser matrix	2026-10-08T04:25:05.0511055Z [635/761] [webkit] › tests/browser/editor.spec.ts:4351:1 › selects and deletes a block image through real pointer and keyboard input
browser	Remaining headless browser matrix	2026-10-08T04:25:06.3080974Z [636/761] [webkit] › tests/browser/editor.spec.ts:4374:1 › edits, aligns, resizes, and undoes a production image through accessible controls
browser	Remaining headless browser matrix	2026-10-08T04:25:07.1899593Z [637/761] [webkit] › tests/browser/editor.spec.ts:4430:1 › inserts and removes a true inline image without breaking surrounding text
browser	Remaining headless browser matrix	2026-10-08T04:25:08.2181061Z [638/761] [webkit] › tests/browser/editor.spec.ts:4448:1 › tracks and cancels browser-native image upload tasks
browser	Remaining headless browser matrix	2026-10-08T04:25:08.3981340Z [639/761] [webkit] › tests/browser/editor.spec.ts:4488:1 › extends and replaces a rectangular cell selection through real pointer input
browser	Remaining headless browser matrix	2026-10-08T04:25:09.4815799Z [640/761] [webkit] › tests/browser/editor.spec.ts:4516:1 › keeps mixed-format links intact through backward selection typing and history
browser	Remaining headless browser matrix	2026-10-08T04:25:09.9556247Z [641/761] [webkit] › tests/browser/editor.spec.ts:4548:1 › reaches overflowing code by keyboard and leaves it without modifying the document
browser	Remaining headless browser matrix	2026-10-08T04:25:11.0035710Z [642/761] [webkit] › tests/browser/editor.spec.ts:4594:1 › pastes into tab-focused code through Chromium clipboard without changing the previous paragraph
browser	Remaining headless browser matrix	2026-10-08T04:25:11.3951164Z [643/761] [webkit] › tests/browser/editor.spec.ts:4618:1 › announces table resize values through real keyboard, pointer and history workflows
browser	Remaining headless browser matrix	2026-10-08T04:25:11.4241377Z [644/761] [webkit] › tests/browser/editor.spec.ts:4671:1 › edits merged tables, resizes columns, toggles headers, and exchanges spreadsheet grids
browser	Remaining headless browser matrix	2026-10-08T04:25:12.9073466Z [645/761] [webkit] › tests/browser/editor.spec.ts:4744:1 › keeps normal paste while offering bounded editor-local clipboard slots
browser	Remaining headless browser matrix	2026-10-08T04:25:13.8682061Z [646/761] [webkit] › tests/browser/editor.spec.ts:4783:1 › renders and types into a structural gap as a new block
browser	Remaining headless browser matrix	2026-10-08T04:25:14.1671181Z [647/761] [webkit] › tests/browser/editor.spec.ts:4795:1 › edits Lean without a mandatory server and renders transient provider diagnostics
browser	Remaining headless browser matrix	2026-10-08T04:25:14.9591138Z [648/761] [webkit] › tests/browser/editor.spec.ts:4822:1 › keeps custom NodeViews live across updates and mapped moves while containing their DOM
browser	Remaining headless browser matrix	2026-10-08T04:25:15.4124617Z [649/761] [webkit] › tests/browser/editor.spec.ts:4859:1 › loads the public React playground without console or page errors
browser	Remaining headless browser matrix	2026-10-08T04:25:16.4385249Z [650/761] [webkit] › tests/browser/editor.spec.ts:4884:1 › publishes actionable extension authoring, conformance, and doctor guidance
browser	Remaining headless browser matrix	2026-10-08T04:25:17.8556139Z [651/761] [webkit] › tests/browser/editor.spec.ts:4902:1 › pairs the optional AI demo with developer recipes for every public workflow
browser	Remaining headless browser matrix	2026-10-08T04:25:18.3238125Z [652/761] [webkit] › tests/browser/editor.spec.ts:4923:1 › runs the public two-editor collaboration demo with presence and author-local undo
browser	Remaining headless browser matrix	2026-10-08T04:25:19.8385758Z [653/761] [webkit] › tests/browser/editor.spec.ts:4990:1 › replaces both live collaboration documents without remounting the public editors
browser	Remaining headless browser matrix	2026-10-08T04:25:21.7220608Z [654/761] [webkit] › tests/browser/editor.spec.ts:5049:1 › merges nested collaborative settings through the public two-editor demo
browser	Remaining headless browser matrix	2026-10-08T04:25:24.4510382Z [655/761] [webkit] › tests/browser/editor.spec.ts:5068:1 › keeps headline phrases together and makes full-page navigation explicit
browser	Remaining headless browser matrix	2026-10-08T04:25:25.8030046Z [656/761] [webkit] › tests/browser/editor.spec.ts:5093:1 › runs shared threaded comments through the public provider-neutral review panel
browser	Remaining headless browser matrix	2026-10-08T04:25:27.8241726Z [657/761] [webkit] › tests/browser/editor.spec.ts:5150:1 › uses package-backed mentions, emoji, typography, and live counting in the public React playground
browser	Remaining headless browser matrix	2026-10-08T04:25:31.4486154Z [658/761] [webkit] › tests/browser/editor.spec.ts:5211:1 › runs grouped default and product slash commands in the public React playground
browser	Remaining headless browser matrix	2026-10-08T04:25:31.8126711Z [659/761] [webkit] › tests/browser/editor.spec.ts:5242:1 › runs accessible bubble and floating menus in the public React playground
browser	Remaining headless browser matrix	2026-10-08T04:25:37.0962329Z [660/761] [webkit] › tests/browser/editor.spec.ts:5284:1 › composes and keyboard-navigates the public toolbar by stable group and action IDs
browser	Remaining headless browser matrix	2026-10-08T04:25:37.3827971Z [661/761] [webkit] › tests/browser/editor.spec.ts:5321:1 › applies the complete text-style suite through the public React toolbar
browser	Remaining headless browser matrix	2026-10-08T04:25:40.7677478Z [662/761] [webkit] › tests/browser/editor.spec.ts:5382:1 › uses the public React image workflow for metadata, alignment, and replacement
browser	Remaining headless browser matrix	2026-10-08T04:25:46.2853645Z [663/761] [webkit] › tests/browser/editor.spec.ts:5426:1 › opens and cancels public configuration panels with keyboard focus and exact document retention
browser	Remaining headless browser matrix	2026-10-08T04:25:47.5450460Z [664/761] [webkit] › tests/browser/editor.spec.ts:5544:1 › keeps the public native colour field focused while formatting selected text and allows undo in the editor
browser	Remaining headless browser matrix	2026-10-08T04:25:51.4734120Z [665/761] [webkit] › tests/browser/editor.spec.ts:5571:1 › keeps table configuration labels legible on pointer hover
browser	Remaining headless browser matrix	2026-10-08T04:25:58.0470315Z [666/761] [webkit] › tests/browser/editor.spec.ts:5610:1 › creates and edits a link through the public React toolbar
browser	Remaining headless browser matrix	2026-10-08T04:26:03.7263266Z [667/761] [webkit] › tests/browser/editor.spec.ts:5641:1 › toggles a selected block through the public React list controls
browser	Remaining headless browser matrix	2026-10-08T04:26:04.8222012Z [668/761] [webkit] › tests/browser/editor.spec.ts:5656:1 › edits code language and line numbers through the public React toolbar
browser	Remaining headless browser matrix	2026-10-08T04:26:07.6537880Z [669/761] [webkit] › tests/browser/editor.spec.ts:5675:1 › opens the searchable clipboard-history picker in the public React toolbar
browser	Remaining headless browser matrix	2026-10-08T04:26:09.5710441Z [670/761] [webkit] › tests/browser/editor.spec.ts:5708:1 › keeps the public outline stable, hierarchical, active, and navigable
browser	Remaining headless browser matrix	2026-10-08T04:26:11.4726040Z [671/761] [webkit] › tests/browser/editor.spec.ts:5733:1 › exposes and explicitly cleans invisible text in the public playground
browser	Remaining headless browser matrix	2026-10-08T04:26:13.2039020Z [672/761] [webkit] › tests/browser/editor.spec.ts:5774:1 › runs the public plain-DOM first-class widget demo
browser	Remaining headless browser matrix	2026-10-08T04:26:16.5367813Z [673/761] [webkit] › tests/browser/editor.spec.ts:5821:1 › runs the public React first-class widget demo without losing control focus
browser	Remaining headless browser matrix	2026-10-08T04:26:17.9651550Z [674/761] [webkit] › tests/browser/editor.spec.ts:5859:1 › makes the quote control discoverable and toggles an existing quote in the Java workflow demo
browser	Remaining headless browser matrix	2026-10-08T04:26:19.8043964Z [675/761] [webkit] › tests/browser/editor.spec.ts:5873:1 › retains table captions and reports their projected association in the conversion demo
browser	Remaining headless browser matrix	2026-10-08T04:26:21.6281528Z [676/761] [webkit] › tests/browser/editor.spec.ts:5890:1 › preserves complex figure content in the public Markdown conversion demo
browser	Remaining headless browser matrix	2026-10-08T04:26:24.1051226Z [677/761] [webkit] › tests/browser/editor.spec.ts:5908:1 › runs the public headless Markdown, LaTeX, and server HTML pipeline
browser	Remaining headless browser matrix	2026-10-08T04:26:25.7390390Z [678/761] [webkit] › tests/browser/editor.spec.ts:5979:1 › records native DOCX viewer disagreements without certifying math fidelity
browser	Remaining headless browser matrix	2026-10-08T04:26:31.5483779Z [679/761] [webkit] › tests/browser/editor.spec.ts:5984:1 › checks actual DOCX retention beside an independent viewer without hiding its header omission
browser	Remaining headless browser matrix	2026-10-08T04:26:35.2479612Z [680/761] [webkit] › tests/browser/editor.spec.ts:6100:1 › renders real KaTeX while reporting published-equation and trust failures without source loss
browser	Remaining headless browser matrix	2026-10-08T04:26:35.9715924Z [681/761] [webkit] › tests/browser/editor.spec.ts:6131:1 › edits multiline math without losing line breaks, descriptions, or undo history
browser	Remaining headless browser matrix	2026-10-08T04:26:37.2920959Z [682/761] [webkit] › tests/browser/editor.spec.ts:6168:1 › renders and inserts native math in the public DOM integration
browser	Remaining headless browser matrix	2026-10-08T04:26:39.6393365Z [683/761] [webkit] › tests/browser/editor.spec.ts:6225:1 › makes table sizing, complete deletion, insertion gaps, and highlight colours explicit in the public demo
browser	Remaining headless browser matrix	2026-10-08T04:26:41.0825097Z [684/761] [webkit] › tests/browser/editor.spec.ts:6273:1 › keeps rich and multiline paste structurally predictable in the public editor
browser	Remaining headless browser matrix	2026-10-08T04:26:44.0053306Z [685/761] [webkit] › tests/browser/editor.spec.ts:6346:1 › round-trips a Fountain multi-block selection through Chromium clipboard HTML
browser	Remaining headless browser matrix	2026-10-08T04:26:44.5991341Z [686/761] [webkit] › tests/browser/editor.spec.ts:6413:1 › round-trips an extension-owned Fountain atom through the Chromium clipboard
browser	Remaining headless browser matrix	2026-10-08T04:26:45.6131858Z [687/761] [webkit] › tests/browser/editor.spec.ts:6462:1 › round-trips a complex whole Fountain document through the Chromium clipboard exactly
browser	Remaining headless browser matrix	2026-10-08T04:26:45.6421196Z [688/761] [webkit] › tests/browser/editor.spec.ts:6549:1 › copies clean semantic Fountain HTML into an external browser editor
browser	Remaining headless browser matrix	2026-10-08T04:26:46.1100930Z [689/761] [webkit] › tests/browser/editor.spec.ts:6604:1 › copies readable Fountain text into a plain-text external editor
browser	Remaining headless browser matrix	2026-10-08T04:26:46.5076528Z [690/761] [webkit] › tests/browser/editor.spec.ts:6663:1 › copies math to external rich and plain-text editors without renderer controls
browser	Remaining headless browser matrix	2026-10-08T04:26:46.5916819Z [691/761] [webkit] › tests/browser/editor.spec.ts:6708:1 › renders repeated empty paragraphs and removes each visible line
browser	Remaining headless browser matrix	2026-10-08T04:26:46.9260926Z [692/761] [webkit] › tests/browser/editor.spec.ts:6738:1 › undoes and redoes real typing with both common browser keyboard chords
browser	Remaining headless browser matrix	2026-10-08T04:26:48.2620162Z [693/761] [webkit] › tests/browser/editor.spec.ts:6755:1 › keeps a backward DOM selection backward after model synchronization
browser	Remaining headless browser matrix	2026-10-08T04:26:48.8941066Z [694/761] [webkit] › tests/browser/editor.spec.ts:6779:1 › preserves a backward selection made with real keyboard input
browser	Remaining headless browser matrix	2026-10-08T04:26:49.4209749Z [695/761] [webkit] › tests/browser/editor.spec.ts:6794:1 › replaces a backward selection made by a real reverse pointer drag
browser	Remaining headless browser matrix	2026-10-08T04:26:50.4065435Z [696/761] [webkit] › tests/browser/editor.spec.ts:6830:1 › turns multi-format and multi-block selections into visible paragraph boundaries
browser	Remaining headless browser matrix	2026-10-08T04:26:50.5433403Z [697/761] [webkit] › tests/browser/editor.spec.ts:6888:1 › visibly splits and joins ordinary paragraphs with both deletion directions
browser	Remaining headless browser matrix	2026-10-08T04:26:52.0589798Z [698/761] [webkit] › tests/browser/editor.spec.ts:6913:1 › deletes an adjacent inline atom without eating surrounding text
browser	Remaining headless browser matrix	2026-10-08T04:26:52.1245477Z [699/761] [webkit] › tests/browser/editor.spec.ts:6943:1 › unwraps and exits an inserted quote with ordinary browser keys
browser	Remaining headless browser matrix	2026-10-08T04:26:53.2024737Z [700/761] [webkit] › tests/browser/editor.spec.ts:6972:1 › publishes semantic selection controls and table interaction in the demo gallery
browser	Remaining headless browser matrix	2026-10-08T04:26:55.8523010Z [701/761] [webkit] › tests/browser/editor.spec.ts:6989:1 › runs campaign images, native media and safe embeds through Angular with honest upload boundaries
browser	Remaining headless browser matrix	2026-10-08T04:26:56.6588771Z [702/761] [webkit] › tests/browser/editor.spec.ts:7066:1 › uses the public React media workflow for native playback, provider-gated embeds, and asset uploads
browser	Remaining headless browser matrix	2026-10-08T04:27:00.9619723Z [703/761] [webkit] › tests/browser/editor.spec.ts:7111:1 › streams an optional AI proposal outside the document until review is ready
browser	Remaining headless browser matrix	2026-10-08T04:27:05.4533566Z [704/761] [webkit] › tests/browser/editor.spec.ts:7136:1 › preserves whitespace when an AI proposal ends at a formatting boundary
browser	Remaining headless browser matrix	2026-10-08T04:27:06.5712211Z [705/761] [webkit] › tests/browser/editor.spec.ts:7151:1 › runs a host-owned multi-turn AI conversation with reusable prompts and clear confirmation
browser	Remaining headless browser matrix	2026-10-08T04:27:10.9486138Z [706/761] [webkit] › tests/browser/editor.spec.ts:7179:1 › reviews generated media before the normal host upload inserts one undoable node
browser	Remaining headless browser matrix	2026-10-08T04:27:13.3993085Z [707/761] [webkit] › tests/browser/editor.spec.ts:7205:1 › reviews a schema-aware agent tool proposal before one-step apply and undo
browser	Remaining headless browser matrix	2026-10-08T04:27:16.8690998Z [708/761] [webkit] › tests/browser/editor.spec.ts:7230:1 › keeps a 1,000-block input update local and paints within budget
browser	Remaining headless browser matrix	2026-10-08T04:27:18.2142584Z [709/761] [webkit] › tests/browser/editor.spec.ts:7251:1 › virtualizes 100,000 blocks while preserving scrolling, distant selection, IME, and copy
browser	Remaining headless browser matrix	2026-10-08T04:27:18.5919706Z [710/761] [webkit] › tests/browser/editor.spec.ts:7309:1 › exports rich tables as HTML Markdown and exposes the compatibility note
browser	Remaining headless browser matrix	2026-10-08T04:27:21.3619922Z [711/761] [webkit] › tests/browser/editor.spec.ts:7331:1 › HTML comments do not insert phantom paragraphs in converted Markdown
browser	Remaining headless browser matrix	2026-10-08T04:27:22.5731181Z [712/761] [webkit] › tests/browser/editor.spec.ts:7343:1 › imported table section order matches the physically rendered source table
browser	Remaining headless browser matrix	2026-10-08T04:27:24.4393788Z [713/761] [webkit] › tests/browser/editor.spec.ts:7374:1 › imports zero-rowspan cells with the same row-group geometry in server and browser
browser	Remaining headless browser matrix	2026-10-08T04:27:26.2737475Z [714/761] [webkit] › tests/browser/editor.spec.ts:7405:1 › reconstructs HTML tables across Markdown block boundaries
browser	Remaining headless browser matrix	2026-10-08T04:27:28.4590680Z [715/761] [webkit] › tests/browser/editor.spec.ts:7426:1 › applies surrounding HTML formatting without replacing Markdown block content
browser	Remaining headless browser matrix	2026-10-08T04:27:29.9914481Z [716/761] [webkit] › tests/browser/editor.spec.ts:7439:1 › converts raw HTML blocks only when the headless demo option is enabled
browser	Remaining headless browser matrix	2026-10-08T04:27:31.5413643Z [717/761] [webkit] › tests/browser/editor.spec.ts:7455:1 › projects inline HTML around Markdown nodes only with explicit opt-in and visible fallback
browser	Remaining headless browser matrix	2026-10-08T04:27:33.6812754Z [718/761] [webkit] › tests/browser/editor.spec.ts:7480:1 › shows specific discarded HTML and rejected URL losses in both conversion surfaces
browser	Remaining headless browser matrix	2026-10-08T04:27:36.3957025Z [719/761] [mobile-chrome] › tests/browser/mobile.spec.ts:4:1 › submits resets and disables a native form-associated Web Component on mobile
browser	Remaining headless browser matrix	2026-10-08T04:27:38.2173369Z [720/761] [mobile-chrome] › tests/browser/mobile.spec.ts:9:1 › uses Angular campaign controls on a touch viewport and preserves history across view remount
browser	Remaining headless browser matrix	2026-10-08T04:27:38.6680835Z [721/761] [mobile-chrome] › tests/browser/mobile.spec.ts:36:1 › uses the real Svelte report on a touch viewport with retained edits and history
browser	Remaining headless browser matrix	2026-10-08T04:27:40.7815398Z [722/761] [mobile-chrome] › tests/browser/mobile.spec.ts:66:1 › uses the real Vue runbook on a touch viewport without losing task state
browser	Remaining headless browser matrix	2026-10-08T04:27:42.5140935Z [723/761] [mobile-chrome] › tests/browser/mobile.spec.ts:89:1 › handles virtual-keyboard replacement, composition, deletion, and history input
browser	Remaining headless browser matrix	2026-10-08T04:27:42.8511671Z [724/761] [mobile-chrome] › tests/browser/mobile.spec.ts:128:1 › shows every empty line created and removed by repeated mobile Enter and Backspace
browser	Remaining headless browser matrix	2026-10-08T04:27:43.4947536Z [725/761] [mobile-chrome] › tests/browser/mobile.spec.ts:155:1 › inserts and updates native math from the phone controls
browser	Remaining headless browser matrix	2026-10-08T04:27:44.3807345Z [726/761] [mobile-chrome] › tests/browser/mobile.spec.ts:169:1 › keeps Word export and re-import understandable on a phone viewport
browser	Remaining headless browser matrix	2026-10-08T04:27:44.8240107Z [727/761] [mobile-chrome] › tests/browser/mobile.spec.ts:190:1 › keeps editable page content continuous on a narrow screen
browser	Remaining headless browser matrix	2026-10-08T04:27:45.7187627Z [728/761] [mobile-chrome] › tests/browser/mobile.spec.ts:213:1 › preserves split-paragraph selection and composition through mobile page fallback
browser	Remaining headless browser matrix	2026-10-08T04:27:46.1369201Z [729/761] [mobile-chrome] › tests/browser/mobile.spec.ts:321:1 › keeps the public editor usable without horizontal overflow at a phone viewport
browser	Remaining headless browser matrix	2026-10-08T04:27:46.7369582Z [730/761] [mobile-chrome] › tests/browser/mobile.spec.ts:343:1 › keeps the closing promise in four intentional mobile phrases
browser	Remaining headless browser matrix	2026-10-08T04:27:47.7441320Z [731/761] [mobile-chrome] › tests/browser/mobile.spec.ts:376:1 › keeps tracked review complete and touch-operable on a phone viewport
browser	Remaining headless browser matrix	2026-10-08T04:27:48.1054897Z [732/761] [mobile-chrome] › tests/browser/mobile.spec.ts:394:1 › keeps complete version names and guarded restore touch-operable on a phone
browser	Remaining headless browser matrix	2026-10-08T04:27:49.3135334Z [733/761] [mobile-chrome] › tests/browser/mobile.spec.ts:413:1 › keeps native collapsible details readable and touch-operable on a phone
browser	Remaining headless browser matrix	2026-10-08T04:27:49.6660780Z [734/761] [mobile-chrome] › tests/browser/mobile.spec.ts:428:1 › keeps ruby annotation editing touch-operable and inside the phone viewport
browser	Remaining headless browser matrix	2026-10-08T04:27:50.8667370Z [735/761] [mobile-chrome] › tests/browser/mobile.spec.ts:449:1 › keeps the suggestion picker visible and touch-selectable on a phone viewport
browser	Remaining headless browser matrix	2026-10-08T04:27:51.5220692Z [736/761] [mobile-chrome] › tests/browser/mobile.spec.ts:496:1 › keeps contextual menus reachable and touch-selectable on a phone viewport
browser	Remaining headless browser matrix	2026-10-08T04:27:53.4141900Z [737/761] [mobile-chrome] › tests/browser/mobile.spec.ts:546:1 › keeps a composed icon toolbar reachable and touch-operable on a phone viewport
browser	Remaining headless browser matrix	2026-10-08T04:27:53.6459746Z [738/761] [mobile-chrome] › tests/browser/mobile.spec.ts:568:1 › keeps the complete text-style panel usable without mobile page overflow
browser	Remaining headless browser matrix	2026-10-08T04:27:55.2090893Z [739/761] [mobile-chrome] › tests/browser/mobile.spec.ts:590:1 › exposes touch-sized block movement controls without page overflow
browser	Remaining headless browser matrix	2026-10-08T04:27:55.4593218Z [740/761] [mobile-chrome] › tests/browser/mobile.spec.ts:607:1 › keeps a 100,000-block virtual document bounded on mobile engines
browser	Remaining headless browser matrix	2026-10-08T04:27:57.4176177Z [741/761] [mobile-safari] › tests/browser/mobile.spec.ts:4:1 › submits resets and disables a native form-associated Web Component on mobile
browser	Remaining headless browser matrix	2026-10-08T04:27:57.4359564Z [742/761] [mobile-safari] › tests/browser/mobile.spec.ts:9:1 › uses Angular campaign controls on a touch viewport and preserves history across view remount
browser	Remaining headless browser matrix	2026-10-08T04:28:01.5990896Z [743/761] [mobile-safari] › tests/browser/mobile.spec.ts:36:1 › uses the real Svelte report on a touch viewport with retained edits and history
browser	Remaining headless browser matrix	2026-10-08T04:28:03.8407032Z [744/761] [mobile-safari] › tests/browser/mobile.spec.ts:66:1 › uses the real Vue runbook on a touch viewport without losing task state
browser	Remaining headless browser matrix	2026-10-08T04:28:05.6951257Z [745/761] [mobile-safari] › tests/browser/mobile.spec.ts:89:1 › handles virtual-keyboard replacement, composition, deletion, and history input
browser	Remaining headless browser matrix	2026-10-08T04:28:06.7086647Z [746/761] [mobile-safari] › tests/browser/mobile.spec.ts:128:1 › shows every empty line created and removed by repeated mobile Enter and Backspace
browser	Remaining headless browser matrix	2026-10-08T04:28:06.8579942Z [747/761] [mobile-safari] › tests/browser/mobile.spec.ts:155:1 › inserts and updates native math from the phone controls
browser	Remaining headless browser matrix	2026-10-08T04:28:08.4919790Z [748/761] [mobile-safari] › tests/browser/mobile.spec.ts:169:1 › keeps Word export and re-import understandable on a phone viewport
browser	Remaining headless browser matrix	2026-10-08T04:28:08.9959642Z [749/761] [mobile-safari] › tests/browser/mobile.spec.ts:190:1 › keeps editable page content continuous on a narrow screen
browser	Remaining headless browser matrix	2026-10-08T04:28:10.0502209Z [750/761] [mobile-safari] › tests/browser/mobile.spec.ts:213:1 › preserves split-paragraph selection and composition through mobile page fallback
browser	Remaining headless browser matrix	2026-10-08T04:28:10.9981422Z [751/761] [mobile-safari] › tests/browser/mobile.spec.ts:321:1 › keeps the public editor usable without horizontal overflow at a phone viewport
browser	Remaining headless browser matrix	2026-10-08T04:28:11.6197515Z [752/761] [mobile-safari] › tests/browser/mobile.spec.ts:343:1 › keeps the closing promise in four intentional mobile phrases
browser	Remaining headless browser matrix	2026-10-08T04:28:13.3328044Z [753/761] [mobile-safari] › tests/browser/mobile.spec.ts:376:1 › keeps tracked review complete and touch-operable on a phone viewport
browser	Remaining headless browser matrix	2026-10-08T04:28:13.4088263Z [754/761] [mobile-safari] › tests/browser/mobile.spec.ts:394:1 › keeps complete version names and guarded restore touch-operable on a phone
browser	Remaining headless browser matrix	2026-10-08T04:28:15.9061816Z [755/761] [mobile-safari] › tests/browser/mobile.spec.ts:413:1 › keeps native collapsible details readable and touch-operable on a phone
browser	Remaining headless browser matrix	2026-10-08T04:28:16.1497194Z [756/761] [mobile-safari] › tests/browser/mobile.spec.ts:428:1 › keeps ruby annotation editing touch-operable and inside the phone viewport
browser	Remaining headless browser matrix	2026-10-08T04:28:17.9967745Z [757/761] [mobile-safari] › tests/browser/mobile.spec.ts:449:1 › keeps the suggestion picker visible and touch-selectable on a phone viewport
browser	Remaining headless browser matrix	2026-10-08T04:28:18.9904028Z [758/761] [mobile-safari] › tests/browser/mobile.spec.ts:496:1 › keeps contextual menus reachable and touch-selectable on a phone viewport
browser	Remaining headless browser matrix	2026-10-08T04:28:22.2831098Z [759/761] [mobile-safari] › tests/browser/mobile.spec.ts:546:1 › keeps a composed icon toolbar reachable and touch-operable on a phone viewport
browser	Remaining headless browser matrix	2026-10-08T04:28:24.0090508Z [760/761] [mobile-safari] › tests/browser/mobile.spec.ts:568:1 › keeps the complete text-style panel usable without mobile page overflow
browser	Remaining headless browser matrix	2026-10-08T04:28:25.6403218Z [761/761] [mobile-safari] › tests/browser/mobile.spec.ts:590:1 › exposes touch-sized block movement controls without page overflow
browser	Remaining headless browser matrix	2026-10-08T04:28:28.1976492Z [762/761] [mobile-safari] › tests/browser/mobile.spec.ts:607:1 › keeps a 100,000-block virtual document bounded on mobile engines
browser	Remaining headless browser matrix	2026-10-08T04:28:30.3168378Z   1 flaky
browser	Remaining headless browser matrix	2026-10-08T04:28:30.3169577Z     [firefox] › tests/browser/editor.spec.ts:427:1 › uses first-party Angular signals and directive for campaign editing and owner cleanup 
browser	Remaining headless browser matrix	2026-10-08T04:28:30.3170152Z   16 skipped
browser	Remaining headless browser matrix	2026-10-08T04:28:30.3170392Z   744 passed (22.3m)
browser	Run actions/upload-artifact@v4	﻿2026-10-08T04:28:31.1690708Z ##[group]Run actions/upload-artifact@v4
browser	Run actions/upload-artifact@v4	2026-10-08T04:28:31.1690953Z with:
browser	Run actions/upload-artifact@v4	2026-10-08T04:28:31.1691140Z   name: direction-and-document-focus-evidence
browser	Run actions/upload-artifact@v4	2026-10-08T04:28:31.1700082Z   path: native-clipboard-capability.jsonl
browser	Run actions/upload-artifact@v4	native-clipboard-headed-capability.jsonl
browser	Run actions/upload-artifact@v4	structural-direction-clipboard-results/**/native-rich-paste-*.png
browser	Run actions/upload-artifact@v4	structural-direction-clipboard-results/**/native-rich-paste-*.json
browser	Run actions/upload-artifact@v4	structural-direction-clipboard-results/**/code-direction-*.png
browser	Run actions/upload-artifact@v4	structural-direction-clipboard-results/**/code-direction-observations.json
browser	Run actions/upload-artifact@v4	structural-direction-clipboard-results/**/code-direction-native-clipboard-delivery.json
browser	Run actions/upload-artifact@v4	structural-direction-clipboard-results/**/auto-scope-*.png
browser	Run actions/upload-artifact@v4	structural-direction-clipboard-results/**/auto-scope-observations.json
browser	Run actions/upload-artifact@v4	structural-direction-clipboard-results/**/auto-scope-native-clipboard-delivery*.json
browser	Run actions/upload-artifact@v4	test-results/**/native-rich-paste-*.png
browser	Run actions/upload-artifact@v4	test-results/**/native-rich-paste-*.json
browser	Run actions/upload-artifact@v4	structural-direction-preflight-results/**/native-rich-paste-*.png
browser	Run actions/upload-artifact@v4	structural-direction-preflight-results/**/native-rich-paste-*.json
browser	Run actions/upload-artifact@v4	test-results/**/code-direction-*.png
browser	Run actions/upload-artifact@v4	test-results/**/code-direction-observations.json
browser	Run actions/upload-artifact@v4	test-results/**/code-direction-native-clipboard-delivery.json
browser	Run actions/upload-artifact@v4	test-results/**/auto-scope-native-clipboard-delivery*.json
browser	Run actions/upload-artifact@v4	structural-direction-preflight-results/**/code-direction-*.png
browser	Run actions/upload-artifact@v4	structural-direction-preflight-results/**/code-direction-observations.json
browser	Run actions/upload-artifact@v4	structural-direction-preflight-results/**/code-direction-native-clipboard-delivery.json
browser	Run actions/upload-artifact@v4	structural-direction-preflight-results/**/auto-scope-native-clipboard-delivery*.json
browser	Run actions/upload-artifact@v4	test-results/**/rtl-*.png
browser	Run actions/upload-artifact@v4	test-results/**/comment-editor-*.png
browser	Run actions/upload-artifact@v4	test-results/**/comment-reader-*.png
browser	Run actions/upload-artifact@v4	test-results/**/native-colour-mapped-selection.png
browser	Run actions/upload-artifact@v4	test-results/**/native-rtl-selection-baseline.json
browser	Run actions/upload-artifact@v4	test-results/**/inherited-auto-explicit-left-reader.png
browser	Run actions/upload-artifact@v4	test-results/**/word-reopened-explicit-left-reader.png
browser	Run actions/upload-artifact@v4	test-results/**/explicit-left.docx
browser	Run actions/upload-artifact@v4	test-results/**/auto-container-*.png
browser	Run actions/upload-artifact@v4	test-results/**/code-click-*.png
browser	Run actions/upload-artifact@v4	test-results/**/code-click-native-focus.json
browser	Run actions/upload-artifact@v4	test-results/**/code-click-native-baseline.json
browser	Run actions/upload-artifact@v4	test-results/**/inherited-alignment-*.png
browser	Run actions/upload-artifact@v4	test-results/**/native-inline-alignment.json
browser	Run actions/upload-artifact@v4	test-results/**/rtl-structural-observations.json
browser	Run actions/upload-artifact@v4	test-results/**/table-side-*.png
browser	Run actions/upload-artifact@v4	test-results/**/table-side-observations.json
browser	Run actions/upload-artifact@v4	test-results/**/list-direction-*.png
browser	Run actions/upload-artifact@v4	test-results/**/list-direction-observations.json
browser	Run actions/upload-artifact@v4	test-results/**/block-direction-*.png
browser	Run actions/upload-artifact@v4	test-results/**/block-direction-*-observations.json
browser	Run actions/upload-artifact@v4	test-results/**/auto-scope-*.png
browser	Run actions/upload-artifact@v4	test-results/**/auto-scope-observations.json
browser	Run actions/upload-artifact@v4	structural-direction-preflight-results/**/rtl-*.png
browser	Run actions/upload-artifact@v4	structural-direction-preflight-results/**/rtl-structural-observations.json
browser	Run actions/upload-artifact@v4	structural-direction-preflight-results/**/inherited-alignment-*.png
browser	Run actions/upload-artifact@v4	structural-direction-preflight-results/**/native-inline-alignment.json
browser	Run actions/upload-artifact@v4	structural-direction-preflight-results/**/auto-container-*.png
browser	Run actions/upload-artifact@v4	structural-direction-preflight-results/**/table-side-*.png
browser	Run actions/upload-artifact@v4	structural-direction-preflight-results/**/table-side-observations.json
browser	Run actions/upload-artifact@v4	structural-direction-preflight-results/**/list-direction-*.png
browser	Run actions/upload-artifact@v4	structural-direction-preflight-results/**/list-direction-observations.json
browser	Run actions/upload-artifact@v4	structural-direction-preflight-results/**/block-direction-*.png
browser	Run actions/upload-artifact@v4	structural-direction-preflight-results/**/block-direction-*-observations.json
browser	Run actions/upload-artifact@v4	structural-direction-preflight-results/**/auto-scope-*.png
browser	Run actions/upload-artifact@v4	structural-direction-preflight-results/**/auto-scope-observations.json
browser	Run actions/upload-artifact@v4	
browser	Run actions/upload-artifact@v4	2026-10-08T04:28:31.1709338Z   if-no-files-found: ignore
browser	Run actions/upload-artifact@v4	2026-10-08T04:28:31.1709537Z   retention-days: 7
browser	Run actions/upload-artifact@v4	2026-10-08T04:28:31.1709713Z   compression-level: 6
browser	Run actions/upload-artifact@v4	2026-10-08T04:28:31.1710054Z   overwrite: false
browser	Run actions/upload-artifact@v4	2026-10-08T04:28:31.1710230Z   include-hidden-files: false
browser	Run actions/upload-artifact@v4	2026-10-08T04:28:31.1710423Z env:
browser	Run actions/upload-artifact@v4	2026-10-08T04:28:31.1710845Z   FOUNTAIN_DISPLAY_CLIPBOARD_PATTERN: pastes native rich research notes|copies shared automatic list scope|disabled line numbers through native copy
browser	Run actions/upload-artifact@v4	2026-10-08T04:28:31.1711353Z   PNPM_HOME: /home/runner/setup-pnpm/node_modules/.bin
browser	Run actions/upload-artifact@v4	2026-10-08T04:28:31.1711595Z ##[endgroup]
browser	Run actions/upload-artifact@v4	2026-10-08T04:28:31.3117246Z (node:47574) [DEP0040] DeprecationWarning: The `punycode` module is deprecated. Please use a userland alternative instead.
browser	Run actions/upload-artifact@v4	2026-10-08T04:28:31.3118311Z (Use `node --trace-deprecation ...` to show where the warning was created)
browser	Run actions/upload-artifact@v4	2026-10-08T04:28:31.7585835Z Multiple search paths detected. Calculating the least common ancestor of all paths
browser	Run actions/upload-artifact@v4	2026-10-08T04:28:31.7587995Z The least common ancestor is /home/runner/work/fountainjs/fountainjs. This will be the root directory of the artifact
browser	Run actions/upload-artifact@v4	2026-10-08T04:28:31.7588618Z With the provided path, there will be 842 files uploaded
browser	Run actions/upload-artifact@v4	2026-10-08T04:28:31.7593426Z Artifact name is valid!
browser	Run actions/upload-artifact@v4	2026-10-08T04:28:31.7593984Z Root directory input is valid!
browser	Run actions/upload-artifact@v4	2026-10-08T04:28:32.1010157Z Beginning upload of artifact content to blob storage
browser	Run actions/upload-artifact@v4	2026-10-08T04:28:32.4656740Z (node:47574) [DEP0169] DeprecationWarning: `url.parse()` behavior is not standardized and prone to errors that have security implications. Use the WHATWG URL API instead. CVEs are not issued for `url.parse()` vulnerabilities.
browser	Run actions/upload-artifact@v4	2026-10-08T04:28:33.1977989Z Uploaded bytes 8388608
browser	Run actions/upload-artifact@v4	2026-10-08T04:28:33.5149721Z Uploaded bytes 16777216
browser	Run actions/upload-artifact@v4	2026-10-08T04:28:33.7478607Z Uploaded bytes 25165824
browser	Run actions/upload-artifact@v4	2026-10-08T04:28:33.9313608Z Uploaded bytes 29492740
browser	Run actions/upload-artifact@v4	2026-10-08T04:28:33.9943679Z Finished uploading artifact content to blob storage!
browser	Run actions/upload-artifact@v4	2026-10-08T04:28:33.9945966Z SHA256 digest of uploaded artifact zip is e25226dcc03950531273374241495f3b241d0dcab55ee62abd785605132ed6b3
browser	Run actions/upload-artifact@v4	2026-10-08T04:28:33.9947586Z Finalizing artifact upload
browser	Run actions/upload-artifact@v4	2026-10-08T04:28:34.2562204Z Artifact direction-and-document-focus-evidence.zip successfully finalized. Artifact ID 11528268125
browser	Run actions/upload-artifact@v4	2026-10-08T04:28:34.2563224Z Artifact direction-and-document-focus-evidence has been successfully uploaded! Final size is 29492740 bytes. Artifact ID is 11528268125
browser	Run actions/upload-artifact@v4	2026-10-08T04:28:34.2569559Z Artifact download URL: https://github.com/eddolo/fountainjs/actions/runs/37725304063/artifacts/11528268125
browser	Run actions/upload-artifact@v4	﻿2026-10-08T04:28:34.2767864Z ##[group]Run actions/upload-artifact@v4
browser	Run actions/upload-artifact@v4	2026-10-08T04:28:34.2768104Z with:
browser	Run actions/upload-artifact@v4	2026-10-08T04:28:34.2768290Z   name: docx-math-viewer-diagnostics
browser	Run actions/upload-artifact@v4	2026-10-08T04:28:34.2770240Z   path: test-results/**/viewer-observations.json
browser	Run actions/upload-artifact@v4	test-results/**/equations-side-by-side.png
browser	Run actions/upload-artifact@v4	test-results/**/edited-equations.png
browser	Run actions/upload-artifact@v4	test-results/**/edited-compound-equations.png
browser	Run actions/upload-artifact@v4	test-results/**/fallback-equations.png
browser	Run actions/upload-artifact@v4	test-results/**/restored-equations.png
browser	Run actions/upload-artifact@v4	test-results/**/experimental-equations.docx
browser	Run actions/upload-artifact@v4	test-results/**/edited-equations.docx
browser	Run actions/upload-artifact@v4	test-results/**/edited-compound-equations.docx
browser	Run actions/upload-artifact@v4	test-results/**/fallback-equations.docx
browser	Run actions/upload-artifact@v4	test-results/**/restored-equations.docx
browser	Run actions/upload-artifact@v4	test-results/**/reopened-equations.png
browser	Run actions/upload-artifact@v4	test-results/**/changed-equation-refused.png
browser	Run actions/upload-artifact@v4	test-results/**/externally-changed-equations.docx
browser	Run actions/upload-artifact@v4	
browser	Run actions/upload-artifact@v4	2026-10-08T04:28:34.2771908Z   if-no-files-found: ignore
browser	Run actions/upload-artifact@v4	2026-10-08T04:28:34.2772113Z   retention-days: 7
browser	Run actions/upload-artifact@v4	2026-10-08T04:28:34.2772293Z   compression-level: 6
browser	Run actions/upload-artifact@v4	2026-10-08T04:28:34.2772473Z   overwrite: false
browser	Run actions/upload-artifact@v4	2026-10-08T04:28:34.2772660Z   include-hidden-files: false
browser	Run actions/upload-artifact@v4	2026-10-08T04:28:34.2772882Z env:
browser	Run actions/upload-artifact@v4	2026-10-08T04:28:34.2773313Z   FOUNTAIN_DISPLAY_CLIPBOARD_PATTERN: pastes native rich research notes|copies shared automatic list scope|disabled line numbers through native copy
browser	Run actions/upload-artifact@v4	2026-10-08T04:28:34.2773861Z   PNPM_HOME: /home/runner/setup-pnpm/node_modules/.bin
browser	Run actions/upload-artifact@v4	2026-10-08T04:28:34.2774106Z ##[endgroup]
browser	Run actions/upload-artifact@v4	2026-10-08T04:28:34.4110080Z (node:47586) [DEP0040] DeprecationWarning: The `punycode` module is deprecated. Please use a userland alternative instead.
browser	Run actions/upload-artifact@v4	2026-10-08T04:28:34.4111260Z (Use `node --trace-deprecation ...` to show where the warning was created)
browser	Run actions/upload-artifact@v4	2026-10-08T04:28:34.5527848Z With the provided path, there will be 42 files uploaded
browser	Run actions/upload-artifact@v4	2026-10-08T04:28:34.5532558Z Artifact name is valid!
browser	Run actions/upload-artifact@v4	2026-10-08T04:28:34.5533173Z Root directory input is valid!
browser	Run actions/upload-artifact@v4	2026-10-08T04:28:34.8879593Z Beginning upload of artifact content to blob storage
browser	Run actions/upload-artifact@v4	2026-10-08T04:28:35.0713426Z (node:47586) [DEP0169] DeprecationWarning: `url.parse()` behavior is not standardized and prone to errors that have security implications. Use the WHATWG URL API instead. CVEs are not issued for `url.parse()` vulnerabilities.
browser	Run actions/upload-artifact@v4	2026-10-08T04:28:35.7430976Z Uploaded bytes 5145589
browser	Run actions/upload-artifact@v4	2026-10-08T04:28:35.8057998Z Finished uploading artifact content to blob storage!
browser	Run actions/upload-artifact@v4	2026-10-08T04:28:35.8059178Z SHA256 digest of uploaded artifact zip is 4a59d2fd42c05afc36490d1030bcd58c7d960e9f553604092eb796927b044af1
browser	Run actions/upload-artifact@v4	2026-10-08T04:28:35.8060155Z Finalizing artifact upload
browser	Run actions/upload-artifact@v4	2026-10-08T04:28:36.0574540Z Artifact docx-math-viewer-diagnostics.zip successfully finalized. Artifact ID 11528213306
browser	Run actions/upload-artifact@v4	2026-10-08T04:28:36.0575355Z Artifact docx-math-viewer-diagnostics has been successfully uploaded! Final size is 5145589 bytes. Artifact ID is 11528213306
browser	Run actions/upload-artifact@v4	2026-10-08T04:28:36.0576323Z Artifact download URL: https://github.com/eddolo/fountainjs/actions/runs/37725304063/artifacts/11528213306
browser	Post Run actions/setup-node@v4	﻿2026-10-08T04:28:36.0747213Z Post job cleanup.
browser	Post Run actions/setup-node@v4	2026-10-08T04:28:36.1718343Z (node:47598) [DEP0040] DeprecationWarning: The `punycode` module is deprecated. Please use a userland alternative instead.
browser	Post Run actions/setup-node@v4	2026-10-08T04:28:36.1719286Z (Use `node --trace-deprecation ...` to show where the warning was created)
browser	Post Run actions/setup-node@v4	2026-10-08T04:28:36.1721171Z Cache hit occurred on the primary key node-cache-Linux-x64-pnpm-fd849381c36c47c9fa715e7759caf3b24b3c25e63e57449d26448df099a8c870, not saving cache.
browser	Post Run pnpm/action-setup@v4	﻿2026-10-08T04:28:36.1807984Z Post job cleanup.
browser	Post Run pnpm/action-setup@v4	2026-10-08T04:28:36.3044325Z Pruning is unnecessary.
browser	Post Run actions/checkout@v4	﻿2026-10-08T04:28:36.3209888Z Post job cleanup.
browser	Post Run actions/checkout@v4	2026-10-08T04:28:36.3892245Z [command]/usr/bin/git version
browser	Post Run actions/checkout@v4	2026-10-08T04:28:36.3923081Z git version 2.55.0
browser	Post Run actions/checkout@v4	2026-10-08T04:28:36.3952206Z Temporarily overriding HOME='/home/runner/work/_temp/88f36654-a349-4771-81cb-5d4cb3436456' before making global git config changes
browser	Post Run actions/checkout@v4	2026-10-08T04:28:36.3953342Z Adding repository directory to the temporary git global config as a safe directory
browser	Post Run actions/checkout@v4	2026-10-08T04:28:36.3956712Z [command]/usr/bin/git config --global --add safe.directory /home/runner/work/fountainjs/fountainjs
browser	Post Run actions/checkout@v4	2026-10-08T04:28:36.3987473Z [command]/usr/bin/git config --local --name-only --get-regexp core\.sshCommand
browser	Post Run actions/checkout@v4	2026-10-08T04:28:36.4014160Z [command]/usr/bin/git submodule foreach --recursive sh -c "git config --local --name-only --get-regexp 'core\.sshCommand' && git config --local --unset-all 'core.sshCommand' || :"
browser	Post Run actions/checkout@v4	2026-10-08T04:28:36.4207763Z [command]/usr/bin/git config --local --name-only --get-regexp http\.https\:\/\/github\.com\/\.extraheader
browser	Post Run actions/checkout@v4	2026-10-08T04:28:36.4230981Z http.https://github.com/.extraheader
browser	Post Run actions/checkout@v4	2026-10-08T04:28:36.4238836Z [command]/usr/bin/git config --local --unset-all http.https://github.com/.extraheader
browser	Post Run actions/checkout@v4	2026-10-08T04:28:36.4266266Z [command]/usr/bin/git submodule foreach --recursive sh -c "git config --local --name-only --get-regexp 'http\.https\:\/\/github\.com\/\.extraheader' && git config --local --unset-all 'http.https://github.com/.extraheader' || :"
browser	Post Run actions/checkout@v4	2026-10-08T04:28:36.4449199Z [command]/usr/bin/git config --local --name-only --get-regexp ^includeIf\.gitdir:
browser	Post Run actions/checkout@v4	2026-10-08T04:28:36.4473929Z [command]/usr/bin/git submodule foreach --recursive git config --local --show-origin --name-only --get-regexp remote.origin.url
browser	Complete job	﻿2026-10-08T04:28:36.4775804Z Cleaning up orphan processes
browser	Complete job	2026-10-08T04:28:36.5057255Z ##[warning]Node.js 20 is deprecated. The following actions target Node.js 20 but are being forced to run on Node.js 24: actions/checkout@v4, actions/setup-node@v4, actions/upload-artifact@v4, pnpm/action-setup@v4. For more information see: https://github.blog/changelog/2025-09-19-deprecation-of-node-20-on-github-actions-runners/
