2026-10-07T22:28:26.6861908Z Current runner version: '2.337.0'
2026-10-07T22:28:26.6887894Z ##[group]Runner Image Provisioner
2026-10-07T22:28:26.6888867Z Hosted Compute Agent
2026-10-07T22:28:26.6889655Z Version: 20261002.596
2026-10-07T22:28:26.6890309Z Commit: c3d12f3313a95f25162a1503be624f3b0617f8c0
2026-10-07T22:28:26.6891094Z Build Date: 2026-10-02T22:28:27Z
2026-10-07T22:28:26.6891811Z Worker ID: {82cf9958-f96e-4bc5-9799-c376bffaf483}
2026-10-07T22:28:26.6892589Z Region: westcentralus
2026-10-07T22:28:26.6893439Z Cloud: Azure
2026-10-07T22:28:26.6894015Z ##[endgroup]
2026-10-07T22:28:26.6895498Z ##[group]Operating System
2026-10-07T22:28:26.6896238Z Ubuntu
2026-10-07T22:28:26.6896824Z 24.04.5
2026-10-07T22:28:26.6897791Z LTS
2026-10-07T22:28:26.6898339Z ##[endgroup]
2026-10-07T22:28:26.6898893Z ##[group]Runner Image
2026-10-07T22:28:26.6899582Z Image: ubuntu-24.04
2026-10-07T22:28:26.6900217Z Version: 20261004.327.1
2026-10-07T22:28:26.6901558Z Included Software: https://github.com/actions/runner-images/blob/ubuntu24/20261004.327/images/ubuntu/Ubuntu2404-Readme.md
2026-10-07T22:28:26.6903334Z Image Release: https://github.com/actions/runner-images/releases/tag/ubuntu24%2F20261004.327
2026-10-07T22:28:26.6904466Z ##[endgroup]
2026-10-07T22:28:26.6905653Z ##[group]GITHUB_TOKEN Permissions
2026-10-07T22:28:26.6907885Z Contents: read
2026-10-07T22:28:26.6908512Z Metadata: read
2026-10-07T22:28:26.6909190Z ##[endgroup]
2026-10-07T22:28:26.6911341Z Secret source: Actions
2026-10-07T22:28:26.6912392Z Cache mode: write
2026-10-07T22:28:26.6913325Z Prepare workflow directory
2026-10-07T22:28:26.7249396Z Prepare all required actions
2026-10-07T22:28:26.7297402Z Getting action download info
2026-10-07T22:28:27.0406136Z Download action repository 'actions/checkout@v4' (SHA:11d5960a326750d5838078e36cf38b85af677262)
2026-10-07T22:28:27.1224423Z Download action repository 'pnpm/action-setup@v4' (SHA:b906affcce14559ad1aafd4ab0e942779e9f58b1)
2026-10-07T22:28:27.8538221Z Download action repository 'actions/setup-node@v4' (SHA:49933ea5288caeca8642d1e84afbd3f7d6820020)
2026-10-07T22:28:27.9420259Z Download action repository 'actions/upload-artifact@v4' (SHA:ea165f8d65b6e75b540449e92b4886f43607fa02)
2026-10-07T22:28:28.1829556Z Complete job name: browser
2026-10-07T22:28:28.2610236Z ##[group]Run actions/checkout@v4
2026-10-07T22:28:28.2611098Z with:
2026-10-07T22:28:28.2611551Z   repository: eddolo/fountainjs
2026-10-07T22:28:28.2615678Z   token: ***
2026-10-07T22:28:28.2616120Z   ssh-strict: true
2026-10-07T22:28:28.2616577Z   ssh-user: git
2026-10-07T22:28:28.2617041Z   persist-credentials: true
2026-10-07T22:28:28.2617539Z   clean: true
2026-10-07T22:28:28.2617990Z   sparse-checkout-cone-mode: true
2026-10-07T22:28:28.2618517Z   fetch-depth: 1
2026-10-07T22:28:28.2618958Z   fetch-tags: false
2026-10-07T22:28:28.2619413Z   show-progress: true
2026-10-07T22:28:28.2619871Z   lfs: false
2026-10-07T22:28:28.2620292Z   submodules: false
2026-10-07T22:28:28.2620745Z   set-safe-directory: true
2026-10-07T22:28:28.2621253Z   allow-unsafe-pr-checkout: false
2026-10-07T22:28:28.2622015Z ##[endgroup]
2026-10-07T22:28:28.3627353Z Syncing repository: eddolo/fountainjs
2026-10-07T22:28:28.3629392Z ##[group]Getting Git version info
2026-10-07T22:28:28.3630420Z Working directory is '/home/runner/work/fountainjs/fountainjs'
2026-10-07T22:28:28.3631515Z [command]/usr/bin/git version
2026-10-07T22:28:28.3667048Z git version 2.55.0
2026-10-07T22:28:28.3686281Z ##[endgroup]
2026-10-07T22:28:28.3701738Z Temporarily overriding HOME='/home/runner/work/_temp/f3a53676-5506-494e-9c9f-4fc4afad4009' before making global git config changes
2026-10-07T22:28:28.3704190Z Adding repository directory to the temporary git global config as a safe directory
2026-10-07T22:28:28.3707775Z [command]/usr/bin/git config --global --add safe.directory /home/runner/work/fountainjs/fountainjs
2026-10-07T22:28:28.3752795Z Deleting the contents of '/home/runner/work/fountainjs/fountainjs'
2026-10-07T22:28:28.3757182Z ##[group]Initializing the repository
2026-10-07T22:28:28.3760867Z [command]/usr/bin/git init /home/runner/work/fountainjs/fountainjs
2026-10-07T22:28:28.3836985Z hint: Using 'master' as the name for the initial branch. This default branch name
2026-10-07T22:28:28.3838587Z hint: will change to "main" in Git 3.0. To configure the initial branch name
2026-10-07T22:28:28.3840089Z hint: to use in all of your new repositories, which will suppress this warning,
2026-10-07T22:28:28.3841349Z hint: call:
2026-10-07T22:28:28.3842164Z hint:
2026-10-07T22:28:28.3842890Z hint: 	git config --global init.defaultBranch <name>
2026-10-07T22:28:28.3844067Z hint:
2026-10-07T22:28:28.3844998Z hint: Names commonly chosen instead of 'master' are 'main', 'trunk' and
2026-10-07T22:28:28.3846028Z hint: 'development'. The just-created branch can be renamed via this command:
2026-10-07T22:28:28.3846792Z hint:
2026-10-07T22:28:28.3847246Z hint: 	git branch -m <name>
2026-10-07T22:28:28.3847727Z hint:
2026-10-07T22:28:28.3848358Z hint: Disable this message with "git config set advice.defaultBranchName false"
2026-10-07T22:28:28.3849981Z Initialized empty Git repository in /home/runner/work/fountainjs/fountainjs/.git/
2026-10-07T22:28:28.3852501Z [command]/usr/bin/git remote add origin https://github.com/eddolo/fountainjs
2026-10-07T22:28:28.3932815Z ##[endgroup]
2026-10-07T22:28:28.3934193Z ##[group]Disabling automatic garbage collection
2026-10-07T22:28:28.3935266Z [command]/usr/bin/git config --local gc.auto 0
2026-10-07T22:28:28.3937379Z ##[endgroup]
2026-10-07T22:28:28.3938420Z ##[group]Setting up auth
2026-10-07T22:28:28.3939511Z [command]/usr/bin/git config --local --name-only --get-regexp core\.sshCommand
2026-10-07T22:28:28.3969294Z [command]/usr/bin/git submodule foreach --recursive sh -c "git config --local --name-only --get-regexp 'core\.sshCommand' && git config --local --unset-all 'core.sshCommand' || :"
2026-10-07T22:28:28.4330011Z [command]/usr/bin/git config --local --name-only --get-regexp http\.https\:\/\/github\.com\/\.extraheader
2026-10-07T22:28:28.4363473Z [command]/usr/bin/git submodule foreach --recursive sh -c "git config --local --name-only --get-regexp 'http\.https\:\/\/github\.com\/\.extraheader' && git config --local --unset-all 'http.https://github.com/.extraheader' || :"
2026-10-07T22:28:28.4593594Z [command]/usr/bin/git config --local --name-only --get-regexp ^includeIf\.gitdir:
2026-10-07T22:28:28.4625883Z [command]/usr/bin/git submodule foreach --recursive git config --local --show-origin --name-only --get-regexp remote.origin.url
2026-10-07T22:28:28.4856735Z [command]/usr/bin/git config --local http.https://github.com/.extraheader AUTHORIZATION: basic ***
2026-10-07T22:28:28.4892616Z ##[endgroup]
2026-10-07T22:28:28.4893729Z ##[group]Fetching the repository
2026-10-07T22:28:28.4901637Z [command]/usr/bin/git -c protocol.version=2 fetch --no-tags --prune --no-recurse-submodules --depth=1 origin +14b3642e88357fe08083d5470988aaeb822c1b47:refs/remotes/origin/master
2026-10-07T22:28:30.3605014Z From https://github.com/eddolo/fountainjs
2026-10-07T22:28:30.3609113Z  * [new ref]         14b3642e88357fe08083d5470988aaeb822c1b47 -> origin/master
2026-10-07T22:28:30.3612201Z ##[endgroup]
2026-10-07T22:28:30.3613290Z ##[group]Determining the checkout info
2026-10-07T22:28:30.3614169Z ##[endgroup]
2026-10-07T22:28:30.3618385Z [command]/usr/bin/git sparse-checkout disable
2026-10-07T22:28:30.3666963Z [command]/usr/bin/git config --local --unset-all extensions.worktreeConfig
2026-10-07T22:28:30.3695592Z ##[group]Checking out the ref
2026-10-07T22:28:30.3699363Z [command]/usr/bin/git checkout --progress --force -B master refs/remotes/origin/master
2026-10-07T22:28:30.7506760Z Reset branch 'master'
2026-10-07T22:28:30.7509311Z branch 'master' set up to track 'origin/master'.
2026-10-07T22:28:30.7526030Z ##[endgroup]
2026-10-07T22:28:30.7569161Z [command]/usr/bin/git log -1 --format=%H
2026-10-07T22:28:30.7594096Z 14b3642e88357fe08083d5470988aaeb822c1b47
2026-10-07T22:28:30.7841236Z ##[group]Run pnpm/action-setup@v4
2026-10-07T22:28:30.7841554Z with:
2026-10-07T22:28:30.7841763Z   version: 11.19.0
2026-10-07T22:28:30.7842231Z   dest: ~/setup-pnpm
2026-10-07T22:28:30.7842465Z   run_install: null
2026-10-07T22:28:30.7842689Z   cache: false
2026-10-07T22:28:30.7842931Z   cache_dependency_path: pnpm-lock.yaml
2026-10-07T22:28:30.7843590Z   package_json_file: package.json
2026-10-07T22:28:30.7843859Z   standalone: false
2026-10-07T22:28:30.7844081Z ##[endgroup]
2026-10-07T22:28:30.9246154Z ##[group]Running self-installer...
2026-10-07T22:28:31.3140204Z (node:2392) [DEP0169] DeprecationWarning: `url.parse()` behavior is not standardized and prone to errors that have security implications. Use the WHATWG URL API instead. CVEs are not issued for `url.parse()` vulnerabilities.
2026-10-07T22:28:31.3141758Z (Use `node --trace-deprecation ...` to show where the warning was created)
2026-10-07T22:28:31.5676712Z Progress: resolved 1, reused 0, downloaded 0, added 0
2026-10-07T22:28:31.5756959Z Packages: +1
2026-10-07T22:28:32.1361935Z +
2026-10-07T22:28:32.1362570Z Progress: resolved 1, reused 0, downloaded 1, added 1, done
2026-10-07T22:28:32.1622000Z 
2026-10-07T22:28:32.1622467Z dependencies:
2026-10-07T22:28:32.1622866Z + pnpm 11.19.0 (12.10.1 is available)
2026-10-07T22:28:32.1623309Z 
2026-10-07T22:28:32.1771588Z Done in 1s
2026-10-07T22:28:32.1963934Z ##[endgroup]
2026-10-07T22:28:32.1964351Z Installation Completed!
2026-10-07T22:28:32.2152997Z ##[group]Run actions/setup-node@v4
2026-10-07T22:28:32.2153585Z with:
2026-10-07T22:28:32.2153794Z   node-version: 24
2026-10-07T22:28:32.2154015Z   cache: pnpm
2026-10-07T22:28:32.2154229Z   always-auth: false
2026-10-07T22:28:32.2154463Z   check-latest: false
2026-10-07T22:28:32.2156917Z   token: ***
2026-10-07T22:28:32.2157121Z env:
2026-10-07T22:28:32.2157390Z   PNPM_HOME: /home/runner/setup-pnpm/node_modules/.bin
2026-10-07T22:28:32.2157710Z ##[endgroup]
2026-10-07T22:28:32.3579424Z Found in cache @ /opt/hostedtoolcache/node/24.21.0/x64
2026-10-07T22:28:32.3583701Z (node:2406) [DEP0040] DeprecationWarning: The `punycode` module is deprecated. Please use a userland alternative instead.
2026-10-07T22:28:32.3584435Z (Use `node --trace-deprecation ...` to show where the warning was created)
2026-10-07T22:28:32.3586776Z ##[group]Environment details
2026-10-07T22:28:33.3509866Z node: v24.21.0
2026-10-07T22:28:33.3510278Z npm: 11.19.0
2026-10-07T22:28:33.3510749Z yarn: 1.22.22
2026-10-07T22:28:33.3512324Z ##[endgroup]
2026-10-07T22:28:33.3556646Z [command]/home/runner/setup-pnpm/node_modules/.bin/pnpm store path --silent
2026-10-07T22:28:34.1189366Z /home/runner/setup-pnpm/node_modules/.bin/store/v11
2026-10-07T22:28:34.3258393Z Cache hit for: node-cache-Linux-x64-pnpm-fd849381c36c47c9fa715e7759caf3b24b3c25e63e57449d26448df099a8c870
2026-10-07T22:28:34.3363394Z (node:2406) [DEP0169] DeprecationWarning: `url.parse()` behavior is not standardized and prone to errors that have security implications. Use the WHATWG URL API instead. CVEs are not issued for `url.parse()` vulnerabilities.
2026-10-07T22:28:35.5560830Z Received 54525952 of 143139869 (38.1%), 52.0 MBs/sec
2026-10-07T22:28:36.2204598Z Received 143139869 of 143139869 (100.0%), 82.1 MBs/sec
2026-10-07T22:28:36.2233944Z Cache Size: ~137 MB (143139869 B)
2026-10-07T22:28:36.2283368Z [command]/usr/bin/tar -xf /home/runner/work/_temp/dc09acc5-6dea-473b-8017-9feb464ae46f/cache.tzst -P -C /home/runner/work/fountainjs/fountainjs --use-compress-program unzstd
2026-10-07T22:28:37.5250479Z Cache restored successfully
2026-10-07T22:28:37.5325332Z Cache restored from key: node-cache-Linux-x64-pnpm-fd849381c36c47c9fa715e7759caf3b24b3c25e63e57449d26448df099a8c870
2026-10-07T22:28:37.5526673Z ##[group]Run pnpm install --frozen-lockfile
2026-10-07T22:28:37.5527102Z [36;1mpnpm install --frozen-lockfile[0m
2026-10-07T22:28:37.6084137Z shell: /usr/bin/bash -e {0}
2026-10-07T22:28:37.6084441Z env:
2026-10-07T22:28:37.6084730Z   PNPM_HOME: /home/runner/setup-pnpm/node_modules/.bin
2026-10-07T22:28:37.6085080Z ##[endgroup]
2026-10-07T22:28:38.0515750Z Scope: all 3 workspace projects
2026-10-07T22:28:38.1295057Z ? Verifying lockfile against supply-chain policies (340 entries)...
2026-10-07T22:28:38.1377164Z Lockfile is up to date, resolution step is skipped
2026-10-07T22:28:38.2388886Z Progress: resolved 1, reused 0, downloaded 0, added 0
2026-10-07T22:28:38.2949520Z Packages: +281
2026-10-07T22:28:38.2950293Z ++++++++++++++++++++++++++++++++++++++++++++++++++++++++++++++++++++++++++++++++
2026-10-07T22:28:39.0335114Z Packages are hard linked from the content-addressable store to the virtual store.
2026-10-07T22:28:39.0414697Z   Content-addressable store is at: /home/runner/setup-pnpm/node_modules/.bin/store/v11
2026-10-07T22:28:39.0474224Z   Virtual store is at:             node_modules/.pnpm
2026-10-07T22:28:39.2435380Z Progress: resolved 281, reused 281, downloaded 0, added 23
2026-10-07T22:28:39.7954905Z Progress: resolved 281, reused 281, downloaded 0, added 281, done
2026-10-07T22:28:42.2674041Z ✓ Lockfile passes supply-chain policies (340 entries in 4.1s)
2026-10-07T22:28:42.3246263Z 
2026-10-07T22:28:42.3247092Z devDependencies:
2026-10-07T22:28:42.3247580Z + @angular/common 22.1.5
2026-10-07T22:28:42.3248089Z + @angular/compiler 22.1.5
2026-10-07T22:28:42.3248554Z + @angular/core 22.1.5
2026-10-07T22:28:42.3249038Z + @angular/platform-browser 22.1.5
2026-10-07T22:28:42.3249568Z + @angular/platform-server 22.1.5
2026-10-07T22:28:42.3250105Z + @mathjax/mathjax-tex-font 4.1.3
2026-10-07T22:28:42.3250545Z + @mathjax/src 4.1.3
2026-10-07T22:28:42.3250929Z + @playwright/test 1.62.1
2026-10-07T22:28:42.3251431Z + @sveltejs/vite-plugin-svelte 7.3.0
2026-10-07T22:28:42.3251926Z + @types/node 26.4.1
2026-10-07T22:28:42.3252305Z + @types/react 19.2.18
2026-10-07T22:28:42.3252687Z + @types/react-dom 19.2.7
2026-10-07T22:28:42.3253064Z + @vitejs/plugin-react 6.1.1
2026-10-07T22:28:42.3253789Z + commonmark 0.31.2
2026-10-07T22:28:42.3254176Z + commonmark-spec 0.31.2
2026-10-07T22:28:42.3254585Z + css-select 7.0.0
2026-10-07T22:28:42.3254959Z + docx-preview 0.4.0
2026-10-07T22:28:42.3255317Z + entities 8.0.0
2026-10-07T22:28:42.3255581Z + fflate 0.8.3
2026-10-07T22:28:42.3255803Z + jsdom 30.0.1
2026-10-07T22:28:42.3256030Z + katex 0.18.6
2026-10-07T22:28:42.3256265Z + miniflare 3.20250718.3
2026-10-07T22:28:42.3256580Z + parse5 8.0.1
2026-10-07T22:28:42.3256884Z + parse5-htmlparser2-tree-adapter 8.0.1
2026-10-07T22:28:42.3257238Z + pdfjs-dist 6.3.289
2026-10-07T22:28:42.3257489Z + react 19.2.8
2026-10-07T22:28:42.3257716Z + react-dom 19.2.8
2026-10-07T22:28:42.3258023Z + rxjs 7.8.2
2026-10-07T22:28:42.3258338Z + svelte 5.57.0
2026-10-07T22:28:42.3258649Z + typescript 7.0.2
2026-10-07T22:28:42.3258939Z + unicode-emoji-json 0.9.0
2026-10-07T22:28:42.3259185Z + vite 8.2.2
2026-10-07T22:28:42.3259395Z + vitest 5.0.0
2026-10-07T22:28:42.3259602Z + vue 3.5.42
2026-10-07T22:28:42.3259801Z + yjs 13.6.32
2026-10-07T22:28:42.3259927Z 
2026-10-07T22:28:42.3654360Z Done in 4.7s using pnpm v11.19.0
2026-10-07T22:28:42.4204070Z ##[group]Run pnpm exec playwright install --with-deps
2026-10-07T22:28:42.4204536Z [36;1mpnpm exec playwright install --with-deps[0m
2026-10-07T22:28:42.4272280Z shell: /usr/bin/bash -e {0}
2026-10-07T22:28:42.4272567Z env:
2026-10-07T22:28:42.4272830Z   PNPM_HOME: /home/runner/setup-pnpm/node_modules/.bin
2026-10-07T22:28:42.4273322Z ##[endgroup]
2026-10-07T22:28:43.4179349Z Installing dependencies...
2026-10-07T22:28:43.4260069Z Switching to root user to install dependencies...
2026-10-07T22:28:43.5235302Z Get:1 file:/etc/apt/apt-mirrors.txt Mirrorlist [144 B]
2026-10-07T22:28:43.5736515Z Hit:2 http://azure.archive.ubuntu.com/ubuntu noble InRelease
2026-10-07T22:28:43.5754581Z Get:6 https://packages.microsoft.com/ubuntu/24.04/prod noble InRelease [3600 B]
2026-10-07T22:28:43.5784213Z Get:3 http://azure.archive.ubuntu.com/ubuntu noble-updates InRelease [126 kB]
2026-10-07T22:28:43.5820143Z Get:4 http://azure.archive.ubuntu.com/ubuntu noble-backports InRelease [126 kB]
2026-10-07T22:28:43.5821439Z Get:5 http://azure.archive.ubuntu.com/ubuntu noble-security InRelease [126 kB]
2026-10-07T22:28:43.7238137Z Get:7 https://packages.microsoft.com/ubuntu/24.04/prod noble/main amd64 Packages [519 kB]
2026-10-07T22:28:43.7417346Z Get:8 https://packages.microsoft.com/ubuntu/24.04/prod noble/main arm64 Packages [463 kB]
2026-10-07T22:28:43.7853719Z Get:9 http://azure.archive.ubuntu.com/ubuntu noble-updates/main amd64 Packages [1375 kB]
2026-10-07T22:28:43.7984213Z Get:10 http://azure.archive.ubuntu.com/ubuntu noble-updates/main Translation-en [306 kB]
2026-10-07T22:28:43.8034338Z Get:11 http://azure.archive.ubuntu.com/ubuntu noble-updates/universe amd64 Packages [1702 kB]
2026-10-07T22:28:43.8153595Z Get:12 http://azure.archive.ubuntu.com/ubuntu noble-updates/universe Translation-en [341 kB]
2026-10-07T22:28:43.8184528Z Get:13 http://azure.archive.ubuntu.com/ubuntu noble-updates/restricted amd64 Packages [1730 kB]
2026-10-07T22:28:43.8285572Z Get:14 http://azure.archive.ubuntu.com/ubuntu noble-updates/restricted Translation-en [396 kB]
2026-10-07T22:28:43.8318888Z Get:15 http://azure.archive.ubuntu.com/ubuntu noble-updates/multiverse Translation-en [13.3 kB]
2026-10-07T22:28:43.9147857Z Get:16 http://azure.archive.ubuntu.com/ubuntu noble-security/main amd64 Packages [1073 kB]
2026-10-07T22:28:43.9218935Z Get:17 http://azure.archive.ubuntu.com/ubuntu noble-security/main Translation-en [223 kB]
2026-10-07T22:28:43.9227308Z Get:18 http://azure.archive.ubuntu.com/ubuntu noble-security/universe amd64 Packages [1218 kB]
2026-10-07T22:28:43.9735177Z Get:19 http://azure.archive.ubuntu.com/ubuntu noble-security/universe Translation-en [245 kB]
2026-10-07T22:28:43.9755899Z Get:20 http://azure.archive.ubuntu.com/ubuntu noble-security/multiverse Translation-en [11.6 kB]
2026-10-07T22:28:46.6184356Z Fetched 9996 kB in 1s (8611 kB/s)
2026-10-07T22:28:47.4239152Z Reading package lists...
2026-10-07T22:28:47.4488022Z Reading package lists...
2026-10-07T22:28:47.6398563Z Building dependency tree...
2026-10-07T22:28:47.6405472Z Reading state information...
2026-10-07T22:28:47.6562755Z libasound2t64 is already the newest version (1.2.11-1ubuntu0.3).
2026-10-07T22:28:47.6563755Z libasound2t64 set to manually installed.
2026-10-07T22:28:47.6564468Z libatk-bridge2.0-0t64 is already the newest version (2.52.0-1build1).
2026-10-07T22:28:47.6565147Z libatk-bridge2.0-0t64 set to manually installed.
2026-10-07T22:28:47.6565792Z libatk1.0-0t64 is already the newest version (2.52.0-1build1).
2026-10-07T22:28:47.6566355Z libatk1.0-0t64 set to manually installed.
2026-10-07T22:28:47.6567005Z libatspi2.0-0t64 is already the newest version (2.52.0-1build1).
2026-10-07T22:28:47.6567697Z libatspi2.0-0t64 set to manually installed.
2026-10-07T22:28:47.6568349Z libcairo2 is already the newest version (1.18.0-3build1).
2026-10-07T22:28:47.6568958Z libcairo2 set to manually installed.
2026-10-07T22:28:47.6569667Z libcups2t64 is already the newest version (2.4.7-1.2ubuntu7.14).
2026-10-07T22:28:47.6570967Z libcups2t64 set to manually installed.
2026-10-07T22:28:47.6571716Z libdbus-1-3 is already the newest version (1.14.10-4ubuntu4.1).
2026-10-07T22:28:47.6572416Z libdbus-1-3 set to manually installed.
2026-10-07T22:28:47.6573331Z libdrm2 is already the newest version (2.4.125-1ubuntu0.1~24.04.2).
2026-10-07T22:28:47.6574043Z libdrm2 set to manually installed.
2026-10-07T22:28:47.6574733Z libgbm1 is already the newest version (25.2.8-0ubuntu0.24.04.4).
2026-10-07T22:28:47.6575407Z libgbm1 set to manually installed.
2026-10-07T22:28:47.6576111Z libglib2.0-0t64 is already the newest version (2.80.0-6ubuntu3.9).
2026-10-07T22:28:47.6576805Z libglib2.0-0t64 set to manually installed.
2026-10-07T22:28:47.6577534Z libnspr4 is already the newest version (2:4.35-1.1build1).
2026-10-07T22:28:47.6578195Z libnspr4 set to manually installed.
2026-10-07T22:28:47.6578848Z libnss3 is already the newest version (2:3.98-1ubuntu0.2).
2026-10-07T22:28:47.6579497Z libnss3 set to manually installed.
2026-10-07T22:28:47.6580217Z libpango-1.0-0 is already the newest version (1.52.1+ds-1build1).
2026-10-07T22:28:47.6580921Z libpango-1.0-0 set to manually installed.
2026-10-07T22:28:47.6581621Z libx11-6 is already the newest version (2:1.8.7-1build1).
2026-10-07T22:28:47.6582507Z libx11-6 set to manually installed.
2026-10-07T22:28:47.6583326Z libxcb1 is already the newest version (1.15-1ubuntu2).
2026-10-07T22:28:47.6583936Z libxcb1 set to manually installed.
2026-10-07T22:28:47.6584623Z libxcomposite1 is already the newest version (1:0.4.5-1build3).
2026-10-07T22:28:47.6585312Z libxcomposite1 set to manually installed.
2026-10-07T22:28:47.6586004Z libxdamage1 is already the newest version (1:1.1.6-1build1).
2026-10-07T22:28:47.6586671Z libxdamage1 set to manually installed.
2026-10-07T22:28:47.6587325Z libxext6 is already the newest version (2:1.3.4-1build2).
2026-10-07T22:28:47.6587935Z libxext6 set to manually installed.
2026-10-07T22:28:47.6588584Z libxfixes3 is already the newest version (1:6.0.0-2build1).
2026-10-07T22:28:47.6589226Z libxfixes3 set to manually installed.
2026-10-07T22:28:47.6589911Z libxkbcommon0 is already the newest version (1.6.0-1build1).
2026-10-07T22:28:47.6590614Z libxkbcommon0 set to manually installed.
2026-10-07T22:28:47.6591304Z libxrandr2 is already the newest version (2:1.5.2-2build1).
2026-10-07T22:28:47.6591967Z libxrandr2 set to manually installed.
2026-10-07T22:28:47.6592706Z libcairo-gobject2 is already the newest version (1.18.0-3build1).
2026-10-07T22:28:47.6593658Z libcairo-gobject2 set to manually installed.
2026-10-07T22:28:47.6594417Z libfontconfig1 is already the newest version (2.15.0-1.1ubuntu2).
2026-10-07T22:28:47.6595132Z libfontconfig1 set to manually installed.
2026-10-07T22:28:47.6595964Z libgdk-pixbuf-2.0-0 is already the newest version (2.42.10+dfsg-3ubuntu3.3).
2026-10-07T22:28:47.6596782Z libgdk-pixbuf-2.0-0 set to manually installed.
2026-10-07T22:28:47.6597555Z libgtk-3-0t64 is already the newest version (3.24.41-4ubuntu1.3).
2026-10-07T22:28:47.6598213Z libgtk-3-0t64 set to manually installed.
2026-10-07T22:28:47.6598987Z libpangocairo-1.0-0 is already the newest version (1.52.1+ds-1build1).
2026-10-07T22:28:47.6599793Z libpangocairo-1.0-0 set to manually installed.
2026-10-07T22:28:47.6600501Z libx11-xcb1 is already the newest version (2:1.8.7-1build1).
2026-10-07T22:28:47.6601165Z libx11-xcb1 set to manually installed.
2026-10-07T22:28:47.6601828Z libxcb-shm0 is already the newest version (1.15-1ubuntu2).
2026-10-07T22:28:47.6602476Z libxcb-shm0 set to manually installed.
2026-10-07T22:28:47.6603355Z libxcursor1 is already the newest version (1:1.2.1-1build1).
2026-10-07T22:28:47.6604036Z libxcursor1 set to manually installed.
2026-10-07T22:28:47.6604698Z libxi6 is already the newest version (2:1.8.1-1build1).
2026-10-07T22:28:47.6605274Z libxi6 set to manually installed.
2026-10-07T22:28:47.6605702Z libxrender1 is already the newest version (1:0.9.10-1.1build1).
2026-10-07T22:28:47.6606117Z libxrender1 set to manually installed.
2026-10-07T22:28:47.6606518Z libicu74 is already the newest version (74.2-1ubuntu3.1).
2026-10-07T22:28:47.6607326Z libatomic1 is already the newest version (14.2.0-4ubuntu2~24.04.1).
2026-10-07T22:28:47.6607798Z libatomic1 set to manually installed.
2026-10-07T22:28:47.6608210Z libenchant-2-2 is already the newest version (2.3.3-2build2).
2026-10-07T22:28:47.6608622Z libenchant-2-2 set to manually installed.
2026-10-07T22:28:47.6609033Z libepoxy0 is already the newest version (1.5.10-1build1).
2026-10-07T22:28:47.6609413Z libepoxy0 set to manually installed.
2026-10-07T22:28:47.6609851Z libgstreamer1.0-0 is already the newest version (1.24.2-1ubuntu0.1).
2026-10-07T22:28:47.6610303Z libgstreamer1.0-0 set to manually installed.
2026-10-07T22:28:47.6610730Z libharfbuzz0b is already the newest version (8.3.0-2build2).
2026-10-07T22:28:47.6611124Z libharfbuzz0b set to manually installed.
2026-10-07T22:28:47.6611552Z libjpeg-turbo8 is already the newest version (2.1.5-2ubuntu2).
2026-10-07T22:28:47.6611958Z libjpeg-turbo8 set to manually installed.
2026-10-07T22:28:47.6612370Z liblcms2-2 is already the newest version (2.14-2ubuntu0.1).
2026-10-07T22:28:47.6612765Z liblcms2-2 set to manually installed.
2026-10-07T22:28:47.6613453Z libpng16-16t64 is already the newest version (1.6.43-5ubuntu0.6).
2026-10-07T22:28:47.6614402Z libpng16-16t64 set to manually installed.
2026-10-07T22:28:47.8044816Z libwayland-client0 is already the newest version (1.22.0-2.1build1).
2026-10-07T22:28:47.8045683Z libwayland-client0 set to manually installed.
2026-10-07T22:28:47.8046182Z libwayland-egl1 is already the newest version (1.22.0-2.1build1).
2026-10-07T22:28:47.8046646Z libwayland-egl1 set to manually installed.
2026-10-07T22:28:47.8047184Z libwebp7 is already the newest version (1.3.2-0.4build3).
2026-10-07T22:28:47.8047854Z libwebp7 set to manually installed.
2026-10-07T22:28:47.8048514Z libwebpdemux2 is already the newest version (1.3.2-0.4build3).
2026-10-07T22:28:47.8049144Z libwebpdemux2 set to manually installed.
2026-10-07T22:28:47.8049574Z libxml2 is already the newest version (2.9.14+dfsg-1.3ubuntu3.9).
2026-10-07T22:28:47.8050002Z libxml2 set to manually installed.
2026-10-07T22:28:47.8050461Z libxslt1.1 is already the newest version (1.1.39-0exp1ubuntu0.24.04.3).
2026-10-07T22:28:47.8050892Z libxslt1.1 set to manually installed.
2026-10-07T22:28:47.8051318Z xvfb is already the newest version (2:21.1.12-1ubuntu1.8).
2026-10-07T22:28:47.8051884Z fonts-noto-color-emoji is already the newest version (2.047-0ubuntu0.24.04.1).
2026-10-07T22:28:47.8052425Z fonts-liberation is already the newest version (1:2.1.5-3).
2026-10-07T22:28:47.8052846Z fonts-liberation set to manually installed.
2026-10-07T22:28:47.8053543Z The following additional packages will be installed:
2026-10-07T22:28:47.8054285Z   glib-networking glib-networking-common glib-networking-services
2026-10-07T22:28:47.8054906Z   gsettings-desktop-schemas libaa1 libabsl20220623t64 libass9 libasyncns0
2026-10-07T22:28:47.8055466Z   libavc1394-0 libavfilter9 libavformat60 libavtp0 libavutil58 libblas3
2026-10-07T22:28:47.8056013Z   libbluray2 libbs2b0 libcaca0 libcairo-script-interpreter2 libcdparanoia0
2026-10-07T22:28:47.8056685Z   libchromaprint1 libcjson1 libcodec2-1.2 libdav1d7 libdc1394-25 libdca0
2026-10-07T22:28:47.8057520Z   libde265-0 libdecor-0-0 libdirectfb-1.7-7t64 libdv4t64 libdvdnav4
2026-10-07T22:28:47.8058049Z   libdvdread8t64 libegl-mesa0 libegl1 libfaad2 libflac12t64 libfluidsynth3
2026-10-07T22:28:47.8058589Z   libfreeaptx0 libgav1-1 libgme0 libgraphene-1.0-0 libgsm1 libgssdp-1.6-0
2026-10-07T22:28:47.8059109Z   libgstreamer-plugins-good1.0-0 libgtk-4-common libgupnp-1.6-0
2026-10-07T22:28:47.8059677Z   libgupnp-igd-1.6-0 libhwy1t64 libiec61883-0 libimath-3-1-29t64
2026-10-07T22:28:47.8060208Z   libinstpatch-1.0-2 libjack-jackd2-0 libjxl0.7 liblapack3 liblc3-1
2026-10-07T22:28:47.8060768Z   libldacbt-enc2 liblilv-0-0 liblrdf0 libltc11 libmbedcrypto7t64 libmfx1
2026-10-07T22:28:47.8061251Z   libmjpegutils-2.1-0t64 libmodplug1 libmp3lame0 libmpcdec6
2026-10-07T22:28:47.8062190Z   libmpeg2encpp-2.1-0t64 libmpg123-0t64 libmplex2-2.1-0t64 libmysofa1
2026-10-07T22:28:47.8062708Z   libneon27t64 libnice10 libopenal-data libopenal1 libopenexr-3-1-30
2026-10-07T22:28:47.8063371Z   libopenh264-7 libopenmpt0t64 libopenni2-0 liborc-0.4-0t64
2026-10-07T22:28:47.8063845Z   libpipewire-0.3-0t64 libplacebo338 libpocketsphinx3 libpostproc57
2026-10-07T22:28:47.8064355Z   libproxy1v5 libpulse0 libqrencode4 libraptor2-0 librav1e0 libraw1394-11
2026-10-07T22:28:47.8064891Z   librist4 librsvg2-2 librubberband2 libsamplerate0 libsbc1 libsdl2-2.0-0
2026-10-07T22:28:47.8065420Z   libsecret-common libserd-0-0 libshine3 libshout3 libsndfile1 libsndio7.0
2026-10-07T22:28:47.8065936Z   libsord-0-0 libsoundtouch1 libsoup-3.0-0 libsoup-3.0-common libsoxr0
2026-10-07T22:28:47.8066480Z   libspa-0.2-modules libspandsp2t64 libspeex1 libsphinxbase3t64 libsratom-0-0
2026-10-07T22:28:47.8067154Z   libsrt1.5-gnutls libsrtp2-1 libssh-gcrypt-4 libsvtav1enc1d1 libswresample4
2026-10-07T22:28:47.8067704Z   libswscale7 libtag1v5 libtag1v5-vanilla libtheora0 libtwolame0 libudfread0
2026-10-07T22:28:47.8068246Z   libunibreak5 libv4l-0t64 libv4lconvert0t64 libva-drm2 libva-x11-2 libva2
2026-10-07T22:28:47.8068779Z   libvdpau1 libvidstab1.1 libvisual-0.4-0 libvo-aacenc0 libvo-amrwbenc0
2026-10-07T22:28:47.8069570Z   libvorbisenc2 libvpl2 libwavpack1 libwebrtc-audio-processing1 libwildmidi2
2026-10-07T22:28:47.8070125Z   libx265-199 libxcb-xkb1 libxkbcommon-x11-0 libxvidcore4 libyuv0 libzbar0t64
2026-10-07T22:28:47.8070673Z   libzimg2 libzix-0-0 libzvbi-common libzvbi0t64 libzxing3 ocl-icd-libopencl1
2026-10-07T22:28:47.8071201Z   session-migration timgm6mb-soundfont xfonts-encodings xfonts-utils
2026-10-07T22:28:47.8071607Z Suggested packages:
2026-10-07T22:28:47.8071992Z   frei0r-plugins gvfs libcuda1 libnvcuvid1 libnvidia-encode1 libbluray-bdj
2026-10-07T22:28:47.8072525Z   libdirectfb-extra libdv-bin oss-compat libdvdcss2 libvisual-0.4-plugins
2026-10-07T22:28:47.8073047Z   jackd2 liblrdf0-dev libportaudio2 opus-tools pipewire pulseaudio
2026-10-07T22:28:47.8073655Z   raptor2-utils libraw1394-doc librsvg2-bin serdi sndiod sordi speex
2026-10-07T22:28:47.8074096Z   libwildmidi-config opencl-icd fluid-soundfont-gm
2026-10-07T22:28:47.8074437Z Recommended packages:
2026-10-07T22:28:47.8074787Z   fonts-ipafont-mincho fonts-tlwg-loma gstreamer1.0-x libaacs0
2026-10-07T22:28:47.8075290Z   default-libdecor-0-plugin-1 | libdecor-0-plugin-1 gstreamer1.0-gl
2026-10-07T22:28:47.8075843Z   libgtk-4-bin librsvg2-common libgtk-4-media-gstreamer libpipewire-0.3-common
2026-10-07T22:28:47.8076412Z   pocketsphinx-en-us va-driver-all | va-driver vdpau-driver-all | vdpau-driver
2026-10-07T22:28:47.8076820Z   libmagickcore-6.q16-7-extra
2026-10-07T22:28:47.8692972Z The following NEW packages will be installed:
2026-10-07T22:28:47.8694015Z   fonts-freefont-ttf fonts-ipafont-gothic fonts-tlwg-loma-otf fonts-unifont
2026-10-07T22:28:47.8694854Z   fonts-wqy-zenhei glib-networking glib-networking-common
2026-10-07T22:28:47.8695657Z   glib-networking-services gsettings-desktop-schemas gstreamer1.0-libav
2026-10-07T22:28:47.8696364Z   gstreamer1.0-plugins-bad gstreamer1.0-plugins-base gstreamer1.0-plugins-good
2026-10-07T22:28:47.8697295Z   libaa1 libabsl20220623t64 libass9 libasyncns0 libavc1394-0 libavcodec60
2026-10-07T22:28:47.8698121Z   libavfilter9 libavformat60 libavif16 libavtp0 libavutil58 libblas3
2026-10-07T22:28:47.8698932Z   libbluray2 libbs2b0 libcaca0 libcairo-script-interpreter2 libcdparanoia0
2026-10-07T22:28:47.8699745Z   libchromaprint1 libcjson1 libcodec2-1.2 libdav1d7 libdc1394-25 libdca0
2026-10-07T22:28:47.8700577Z   libde265-0 libdecor-0-0 libdirectfb-1.7-7t64 libdv4t64 libdvdnav4
2026-10-07T22:28:47.8701117Z   libdvdread8t64 libegl-mesa0 libegl1 libevent-2.1-7t64 libfaad2 libflac12t64
2026-10-07T22:28:47.8701669Z   libflite1 libfluidsynth3 libfreeaptx0 libgav1-1 libgles2 libgme0
2026-10-07T22:28:47.8702171Z   libgraphene-1.0-0 libgsm1 libgssdp-1.6-0 libgstreamer-gl1.0-0
2026-10-07T22:28:47.8702669Z   libgstreamer-plugins-bad1.0-0 libgstreamer-plugins-base1.0-0
2026-10-07T22:28:47.8703761Z   libgstreamer-plugins-good1.0-0 libgtk-4-1 libgtk-4-common libgupnp-1.6-0
2026-10-07T22:28:47.8704580Z   libgupnp-igd-1.6-0 libharfbuzz-icu0 libhwy1t64 libhyphen0 libiec61883-0
2026-10-07T22:28:47.8705334Z   libimath-3-1-29t64 libinstpatch-1.0-2 libjack-jackd2-0 libjxl0.7 liblapack3
2026-10-07T22:28:47.8705879Z   liblc3-1 libldacbt-enc2 liblilv-0-0 liblrdf0 libltc11 libmanette-0.2-0
2026-10-07T22:28:47.8706404Z   libmbedcrypto7t64 libmfx1 libmjpegutils-2.1-0t64 libmodplug1 libmp3lame0
2026-10-07T22:28:47.8706922Z   libmpcdec6 libmpeg2encpp-2.1-0t64 libmpg123-0t64 libmplex2-2.1-0t64
2026-10-07T22:28:47.8707406Z   libmysofa1 libneon27t64 libnice10 libopenal-data libopenal1
2026-10-07T22:28:47.8707887Z   libopenexr-3-1-30 libopenh264-7 libopenmpt0t64 libopenni2-0 libopus0
2026-10-07T22:28:47.8708591Z   liborc-0.4-0t64 libpipewire-0.3-0t64 libplacebo338 libpocketsphinx3
2026-10-07T22:28:47.8709371Z   libpostproc57 libproxy1v5 libpulse0 libqrencode4 libraptor2-0 librav1e0
2026-10-07T22:28:47.8709912Z   libraw1394-11 librist4 librsvg2-2 librubberband2 libsamplerate0 libsbc1
2026-10-07T22:28:47.8710454Z   libsdl2-2.0-0 libsecret-1-0 libsecret-common libserd-0-0 libshine3 libshout3
2026-10-07T22:28:47.8710984Z   libsndfile1 libsndio7.0 libsord-0-0 libsoundtouch1 libsoup-3.0-0
2026-10-07T22:28:47.8711640Z   libsoup-3.0-common libsoxr0 libspa-0.2-modules libspandsp2t64 libspeex1
2026-10-07T22:28:47.8712193Z   libsphinxbase3t64 libsratom-0-0 libsrt1.5-gnutls libsrtp2-1 libssh-gcrypt-4
2026-10-07T22:28:47.8712799Z   libsvtav1enc1d1 libswresample4 libswscale7 libtag1v5 libtag1v5-vanilla
2026-10-07T22:28:47.8713403Z   libtheora0 libtwolame0 libudfread0 libunibreak5 libv4l-0t64
2026-10-07T22:28:47.8713901Z   libv4lconvert0t64 libva-drm2 libva-x11-2 libva2 libvdpau1 libvidstab1.1
2026-10-07T22:28:47.8714432Z   libvisual-0.4-0 libvo-aacenc0 libvo-amrwbenc0 libvorbisenc2 libvpl2 libvpx9
2026-10-07T22:28:47.8714979Z   libwavpack1 libwayland-server0 libwebrtc-audio-processing1 libwildmidi2
2026-10-07T22:28:47.8715542Z   libwoff1 libx264-164 libx265-199 libxcb-xkb1 libxkbcommon-x11-0 libxvidcore4
2026-10-07T22:28:47.8716091Z   libyuv0 libzbar0t64 libzimg2 libzix-0-0 libzvbi-common libzvbi0t64 libzxing3
2026-10-07T22:28:47.8716651Z   ocl-icd-libopencl1 session-migration timgm6mb-soundfont xfonts-cyrillic
2026-10-07T22:28:47.8717129Z   xfonts-encodings xfonts-scalable xfonts-utils
2026-10-07T22:28:47.8717515Z The following packages will be upgraded:
2026-10-07T22:28:47.8717840Z   libfreetype6
2026-10-07T22:28:47.8934451Z 1 upgraded, 181 newly installed, 0 to remove and 10 not upgraded.
2026-10-07T22:28:47.8935123Z Need to get 115 MB of archives.
2026-10-07T22:28:47.8935705Z After this operation, 364 MB of additional disk space will be used.
2026-10-07T22:28:47.8936508Z Get:1 file:/etc/apt/apt-mirrors.txt Mirrorlist [144 B]
2026-10-07T22:28:47.9613565Z Get:2 http://azure.archive.ubuntu.com/ubuntu noble/universe amd64 fonts-ipafont-gothic all 00303-21ubuntu1 [3513 kB]
2026-10-07T22:28:48.0605685Z Get:3 http://azure.archive.ubuntu.com/ubuntu noble/main amd64 fonts-freefont-ttf all 20211204+svn4273-2 [5641 kB]
2026-10-07T22:28:48.2015231Z Get:4 http://azure.archive.ubuntu.com/ubuntu noble/universe amd64 fonts-tlwg-loma-otf all 1:0.7.3-1 [107 kB]
2026-10-07T22:28:48.2490963Z Get:5 http://azure.archive.ubuntu.com/ubuntu noble/universe amd64 fonts-unifont all 1:15.1.01-1build1 [2993 kB]
2026-10-07T22:28:48.3448272Z Get:6 http://azure.archive.ubuntu.com/ubuntu noble/universe amd64 fonts-wqy-zenhei all 0.9.45-8 [7472 kB]
2026-10-07T22:28:48.4969099Z Get:7 http://azure.archive.ubuntu.com/ubuntu noble/main amd64 libproxy1v5 amd64 0.5.4-4build1 [26.5 kB]
2026-10-07T22:28:48.5437804Z Get:8 http://azure.archive.ubuntu.com/ubuntu noble/main amd64 glib-networking-common all 2.80.0-1build1 [6702 B]
2026-10-07T22:28:48.5906953Z Get:9 http://azure.archive.ubuntu.com/ubuntu noble/main amd64 glib-networking-services amd64 2.80.0-1build1 [12.8 kB]
2026-10-07T22:28:48.6374829Z Get:10 http://azure.archive.ubuntu.com/ubuntu noble/main amd64 session-migration amd64 0.3.9build1 [9034 B]
2026-10-07T22:28:48.6842067Z Get:11 http://azure.archive.ubuntu.com/ubuntu noble-updates/main amd64 gsettings-desktop-schemas all 46.1-0ubuntu1 [35.6 kB]
2026-10-07T22:28:48.7312569Z Get:12 http://azure.archive.ubuntu.com/ubuntu noble/main amd64 glib-networking amd64 2.80.0-1build1 [64.1 kB]
2026-10-07T22:28:48.7790142Z Get:13 http://azure.archive.ubuntu.com/ubuntu noble-updates/universe amd64 libva2 amd64 2.20.0-2ubuntu0.2 [66.4 kB]
2026-10-07T22:28:48.8266859Z Get:14 http://azure.archive.ubuntu.com/ubuntu noble-updates/universe amd64 libva-drm2 amd64 2.20.0-2ubuntu0.2 [7124 B]
2026-10-07T22:28:48.8735093Z Get:15 http://azure.archive.ubuntu.com/ubuntu noble-updates/universe amd64 libva-x11-2 amd64 2.20.0-2ubuntu0.2 [12.0 kB]
2026-10-07T22:28:48.9202473Z Get:16 http://azure.archive.ubuntu.com/ubuntu noble/main amd64 libvdpau1 amd64 1.5-2build1 [27.8 kB]
2026-10-07T22:28:48.9675056Z Get:17 http://azure.archive.ubuntu.com/ubuntu noble/universe amd64 libvpl2 amd64 2023.3.0-1build1 [99.8 kB]
2026-10-07T22:28:49.0148857Z Get:18 http://azure.archive.ubuntu.com/ubuntu noble/universe amd64 ocl-icd-libopencl1 amd64 2.3.2-1build1 [38.5 kB]
2026-10-07T22:28:49.0624678Z Get:19 http://azure.archive.ubuntu.com/ubuntu noble/universe amd64 libavutil58 amd64 7:6.1.1-3ubuntu5 [401 kB]
2026-10-07T22:28:49.1194759Z Get:20 http://azure.archive.ubuntu.com/ubuntu noble/universe amd64 libcodec2-1.2 amd64 1.2.0-2build1 [8998 kB]
2026-10-07T22:28:49.3139098Z Get:21 http://azure.archive.ubuntu.com/ubuntu noble/universe amd64 libdav1d7 amd64 1.4.1-1build1 [604 kB]
2026-10-07T22:28:49.3649118Z Get:22 http://azure.archive.ubuntu.com/ubuntu noble/universe amd64 libgsm1 amd64 1.0.22-1build1 [27.8 kB]
2026-10-07T22:28:49.4117722Z Get:23 http://azure.archive.ubuntu.com/ubuntu noble/universe amd64 libhwy1t64 amd64 1.0.7-8.1build1 [584 kB]
2026-10-07T22:28:49.4628528Z Get:24 http://azure.archive.ubuntu.com/ubuntu noble-updates/universe amd64 libjxl0.7 amd64 0.7.0-10.2ubuntu6.1 [1001 kB]
2026-10-07T22:28:49.5160334Z Get:25 http://azure.archive.ubuntu.com/ubuntu noble/main amd64 libmp3lame0 amd64 3.100-6build1 [142 kB]
2026-10-07T22:28:49.5638923Z Get:26 http://azure.archive.ubuntu.com/ubuntu noble/main amd64 libopus0 amd64 1.4-1build1 [208 kB]
2026-10-07T22:28:49.6122605Z Get:27 http://azure.archive.ubuntu.com/ubuntu noble/universe amd64 librav1e0 amd64 0.7.1-2 [1022 kB]
2026-10-07T22:28:49.6657897Z Get:28 http://azure.archive.ubuntu.com/ubuntu noble-updates/main amd64 librsvg2-2 amd64 2.58.0+dfsg-1ubuntu0.1 [2141 kB]
2026-10-07T22:28:49.7283654Z Get:29 http://azure.archive.ubuntu.com/ubuntu noble/universe amd64 libshine3 amd64 3.1.1-2build1 [23.2 kB]
2026-10-07T22:28:49.7755684Z Get:30 http://azure.archive.ubuntu.com/ubuntu noble-updates/main amd64 libspeex1 amd64 1.2.1-2ubuntu2.24.04.1 [59.6 kB]
2026-10-07T22:28:49.8232095Z Get:31 http://azure.archive.ubuntu.com/ubuntu noble/universe amd64 libsvtav1enc1d1 amd64 1.7.0+dfsg-2build1 [2425 kB]
2026-10-07T22:28:49.8859676Z Get:32 http://azure.archive.ubuntu.com/ubuntu noble/universe amd64 libsoxr0 amd64 0.1.3-4build3 [80.0 kB]
2026-10-07T22:28:49.9335631Z Get:33 http://azure.archive.ubuntu.com/ubuntu noble/universe amd64 libswresample4 amd64 7:6.1.1-3ubuntu5 [63.8 kB]
2026-10-07T22:28:49.9825510Z Get:34 http://azure.archive.ubuntu.com/ubuntu noble/main amd64 libtheora0 amd64 1.1.1+dfsg.1-16.1build3 [211 kB]
2026-10-07T22:28:50.0343474Z Get:35 http://azure.archive.ubuntu.com/ubuntu noble/main amd64 libtwolame0 amd64 0.4.0-2build3 [52.3 kB]
2026-10-07T22:28:50.0833412Z Get:36 http://azure.archive.ubuntu.com/ubuntu noble/main amd64 libvorbisenc2 amd64 1.3.7-1build3 [80.8 kB]
2026-10-07T22:28:50.1317449Z Get:37 http://azure.archive.ubuntu.com/ubuntu noble-updates/main amd64 libvpx9 amd64 1.14.0-1ubuntu2.3 [1143 kB]
2026-10-07T22:28:50.1867591Z Get:38 http://azure.archive.ubuntu.com/ubuntu noble/universe amd64 libx264-164 amd64 2:0.164.3108+git31e19f9-1 [604 kB]
2026-10-07T22:28:50.2386823Z Get:39 http://azure.archive.ubuntu.com/ubuntu noble/universe amd64 libx265-199 amd64 3.5-2build1 [1226 kB]
2026-10-07T22:28:50.3152164Z Get:40 http://azure.archive.ubuntu.com/ubuntu noble/universe amd64 libxvidcore4 amd64 2:1.3.7-1build1 [219 kB]
2026-10-07T22:28:50.3636092Z Get:41 http://azure.archive.ubuntu.com/ubuntu noble/universe amd64 libzvbi-common all 0.2.42-2 [42.4 kB]
2026-10-07T22:28:50.4107770Z Get:42 http://azure.archive.ubuntu.com/ubuntu noble/universe amd64 libzvbi0t64 amd64 0.2.42-2 [261 kB]
2026-10-07T22:28:50.4605205Z Get:43 http://azure.archive.ubuntu.com/ubuntu noble/universe amd64 libavcodec60 amd64 7:6.1.1-3ubuntu5 [5851 kB]
2026-10-07T22:28:50.6012430Z Get:44 http://azure.archive.ubuntu.com/ubuntu noble-updates/main amd64 libfreetype6 amd64 2.13.2+dfsg-1ubuntu0.2 [403 kB]
2026-10-07T22:28:50.6505230Z Get:45 http://azure.archive.ubuntu.com/ubuntu noble/universe amd64 libunibreak5 amd64 5.1-2build1 [25.0 kB]
2026-10-07T22:28:50.6975179Z Get:46 http://azure.archive.ubuntu.com/ubuntu noble/universe amd64 libass9 amd64 1:0.17.1-2build1 [104 kB]
2026-10-07T22:28:50.7452410Z Get:47 http://azure.archive.ubuntu.com/ubuntu noble/universe amd64 libudfread0 amd64 1.1.2-1build1 [19.0 kB]
2026-10-07T22:28:50.7925210Z Get:48 http://azure.archive.ubuntu.com/ubuntu noble/universe amd64 libbluray2 amd64 1:1.3.4-1build1 [159 kB]
2026-10-07T22:28:50.8407105Z Get:49 http://azure.archive.ubuntu.com/ubuntu noble/universe amd64 libchromaprint1 amd64 1.5.1-5 [30.5 kB]
2026-10-07T22:28:50.8880062Z Get:50 http://azure.archive.ubuntu.com/ubuntu noble/universe amd64 libgme0 amd64 0.6.3-7build1 [134 kB]
2026-10-07T22:28:50.9368961Z Get:51 http://azure.archive.ubuntu.com/ubuntu noble-updates/main amd64 libmpg123-0t64 amd64 1.32.5-1ubuntu1.1 [169 kB]
2026-10-07T22:28:50.9846575Z Get:52 http://azure.archive.ubuntu.com/ubuntu noble/universe amd64 libopenmpt0t64 amd64 0.7.3-1.1build3 [647 kB]
2026-10-07T22:28:51.0353763Z Get:53 http://azure.archive.ubuntu.com/ubuntu noble/universe amd64 libcjson1 amd64 1.7.17-1 [24.8 kB]
2026-10-07T22:28:51.0824760Z Get:54 http://azure.archive.ubuntu.com/ubuntu noble/universe amd64 libmbedcrypto7t64 amd64 2.28.8-1 [209 kB]
2026-10-07T22:28:51.1364832Z Get:55 http://azure.archive.ubuntu.com/ubuntu noble/universe amd64 librist4 amd64 0.2.10+dfsg-2 [74.9 kB]
2026-10-07T22:28:51.1837946Z Get:56 http://azure.archive.ubuntu.com/ubuntu noble/universe amd64 libsrt1.5-gnutls amd64 1.5.3-1build2 [316 kB]
2026-10-07T22:28:51.2347230Z Get:57 http://azure.archive.ubuntu.com/ubuntu noble-updates/main amd64 libssh-gcrypt-4 amd64 0.10.6-2ubuntu0.5 [226 kB]
2026-10-07T22:28:51.2842673Z Get:58 http://azure.archive.ubuntu.com/ubuntu noble/universe amd64 libavformat60 amd64 7:6.1.1-3ubuntu5 [1153 kB]
2026-10-07T22:28:51.3445601Z Get:59 http://azure.archive.ubuntu.com/ubuntu noble/universe amd64 libbs2b0 amd64 3.1.0+dfsg-7build1 [10.6 kB]
2026-10-07T22:28:51.3918501Z Get:60 http://azure.archive.ubuntu.com/ubuntu noble/universe amd64 libflite1 amd64 2.2-6build3 [13.6 MB]
2026-10-07T22:28:51.6731890Z Get:61 http://azure.archive.ubuntu.com/ubuntu noble/universe amd64 libserd-0-0 amd64 0.32.2-1 [43.6 kB]
2026-10-07T22:28:51.7207448Z Get:62 http://azure.archive.ubuntu.com/ubuntu noble/universe amd64 libzix-0-0 amd64 0.4.2-2build1 [23.6 kB]
2026-10-07T22:28:51.7682025Z Get:63 http://azure.archive.ubuntu.com/ubuntu noble/universe amd64 libsord-0-0 amd64 0.16.16-2build1 [15.8 kB]
2026-10-07T22:28:51.8154483Z Get:64 http://azure.archive.ubuntu.com/ubuntu noble/universe amd64 libsratom-0-0 amd64 0.6.16-1build1 [17.3 kB]
2026-10-07T22:28:51.8627687Z Get:65 http://azure.archive.ubuntu.com/ubuntu noble/universe amd64 liblilv-0-0 amd64 0.24.22-1build1 [41.0 kB]
2026-10-07T22:28:51.9102347Z Get:66 http://azure.archive.ubuntu.com/ubuntu noble/universe amd64 libmysofa1 amd64 1.3.2+dfsg-2ubuntu2 [1158 kB]
2026-10-07T22:28:51.9658888Z Get:67 http://azure.archive.ubuntu.com/ubuntu noble/universe amd64 libplacebo338 amd64 6.338.2-2build1 [2654 kB]
2026-10-07T22:28:52.0484630Z Get:68 http://azure.archive.ubuntu.com/ubuntu noble-updates/main amd64 libblas3 amd64 3.12.0-3build1.1 [238 kB]
2026-10-07T22:28:52.0980975Z Get:69 http://azure.archive.ubuntu.com/ubuntu noble-updates/main amd64 liblapack3 amd64 3.12.0-3build1.1 [2646 kB]
2026-10-07T22:28:52.1612467Z Get:70 http://azure.archive.ubuntu.com/ubuntu noble/main amd64 libasyncns0 amd64 0.8-6build4 [11.3 kB]
2026-10-07T22:28:52.2087340Z Get:71 http://azure.archive.ubuntu.com/ubuntu noble/main amd64 libflac12t64 amd64 1.4.3+ds-2.1ubuntu2 [197 kB]
2026-10-07T22:28:52.2574889Z Get:72 http://azure.archive.ubuntu.com/ubuntu noble-updates/main amd64 libsndfile1 amd64 1.2.2-1ubuntu5.24.04.1 [209 kB]
2026-10-07T22:28:52.3062701Z Get:73 http://azure.archive.ubuntu.com/ubuntu noble-updates/main amd64 libpulse0 amd64 1:16.1+dfsg1-2ubuntu10.1 [292 kB]
2026-10-07T22:28:52.3650901Z Get:74 http://azure.archive.ubuntu.com/ubuntu noble/universe amd64 libsphinxbase3t64 amd64 0.8+5prealpha+1-17build2 [126 kB]
2026-10-07T22:28:52.4129294Z Get:75 http://azure.archive.ubuntu.com/ubuntu noble/universe amd64 libpocketsphinx3 amd64 0.8.0+real5prealpha+1-15ubuntu5 [133 kB]
2026-10-07T22:28:52.4615626Z Get:76 http://azure.archive.ubuntu.com/ubuntu noble/universe amd64 libpostproc57 amd64 7:6.1.1-3ubuntu5 [49.9 kB]
2026-10-07T22:28:52.5090683Z Get:77 http://azure.archive.ubuntu.com/ubuntu noble/main amd64 libsamplerate0 amd64 0.2.2-4build1 [1344 kB]
2026-10-07T22:28:52.5652635Z Get:78 http://azure.archive.ubuntu.com/ubuntu noble/universe amd64 librubberband2 amd64 3.3.0+dfsg-2build1 [130 kB]
2026-10-07T22:28:52.6131945Z Get:79 http://azure.archive.ubuntu.com/ubuntu noble/universe amd64 libswscale7 amd64 7:6.1.1-3ubuntu5 [193 kB]
2026-10-07T22:28:52.6612429Z Get:80 http://azure.archive.ubuntu.com/ubuntu noble/universe amd64 libvidstab1.1 amd64 1.1.0-2build1 [38.5 kB]
2026-10-07T22:28:52.7083522Z Get:81 http://azure.archive.ubuntu.com/ubuntu noble/universe amd64 libzimg2 amd64 3.0.5+ds1-1build1 [254 kB]
2026-10-07T22:28:52.7570532Z Get:82 http://azure.archive.ubuntu.com/ubuntu noble/universe amd64 libavfilter9 amd64 7:6.1.1-3ubuntu5 [4235 kB]
2026-10-07T22:28:52.8601264Z Get:83 http://azure.archive.ubuntu.com/ubuntu noble-updates/main amd64 liborc-0.4-0t64 amd64 1:0.4.38-1ubuntu0.1 [207 kB]
2026-10-07T22:28:52.9085111Z Get:84 http://azure.archive.ubuntu.com/ubuntu noble-updates/main amd64 libgstreamer-plugins-base1.0-0 amd64 1.24.2-1ubuntu0.5 [862 kB]
2026-10-07T22:28:52.9626513Z Get:85 http://azure.archive.ubuntu.com/ubuntu noble/universe amd64 gstreamer1.0-libav amd64 1.24.1-1build1 [103 kB]
2026-10-07T22:28:53.0102451Z Get:86 http://azure.archive.ubuntu.com/ubuntu noble/main amd64 libcdparanoia0 amd64 3.10.2+debian-14build3 [48.5 kB]
2026-10-07T22:28:53.0572760Z Get:87 http://azure.archive.ubuntu.com/ubuntu noble/main amd64 libvisual-0.4-0 amd64 0.4.2-2build1 [115 kB]
2026-10-07T22:28:53.1049642Z Get:88 http://azure.archive.ubuntu.com/ubuntu noble-updates/main amd64 gstreamer1.0-plugins-base amd64 1.24.2-1ubuntu0.5 [721 kB]
2026-10-07T22:28:53.1569422Z Get:89 http://azure.archive.ubuntu.com/ubuntu noble/main amd64 libaa1 amd64 1.4p5-51.1 [49.9 kB]
2026-10-07T22:28:53.2041340Z Get:90 http://azure.archive.ubuntu.com/ubuntu noble/main amd64 libraw1394-11 amd64 2.1.2-2build3 [26.2 kB]
2026-10-07T22:28:53.2509083Z Get:91 http://azure.archive.ubuntu.com/ubuntu noble/main amd64 libavc1394-0 amd64 0.5.4-5build3 [15.4 kB]
2026-10-07T22:28:53.2979739Z Get:92 http://azure.archive.ubuntu.com/ubuntu noble-updates/main amd64 libcaca0 amd64 0.99.beta20-4ubuntu0.2 [209 kB]
2026-10-07T22:28:53.3464552Z Get:93 http://azure.archive.ubuntu.com/ubuntu noble/main amd64 libdv4t64 amd64 1.0.0-17.1build1 [63.2 kB]
2026-10-07T22:28:53.3944261Z Get:94 http://azure.archive.ubuntu.com/ubuntu noble-updates/main amd64 libgstreamer-plugins-good1.0-0 amd64 1.24.2-1ubuntu1.8 [34.3 kB]
2026-10-07T22:28:53.4414648Z Get:95 http://azure.archive.ubuntu.com/ubuntu noble/main amd64 libiec61883-0 amd64 1.2.0-6build1 [24.5 kB]
2026-10-07T22:28:53.4887490Z Get:96 http://azure.archive.ubuntu.com/ubuntu noble/main amd64 libshout3 amd64 2.4.6-1build2 [50.3 kB]
2026-10-07T22:28:53.5358345Z Get:97 http://azure.archive.ubuntu.com/ubuntu noble/main amd64 libtag1v5-vanilla amd64 1.13.1-1build1 [326 kB]
2026-10-07T22:28:53.5852630Z Get:98 http://azure.archive.ubuntu.com/ubuntu noble/main amd64 libtag1v5 amd64 1.13.1-1build1 [11.7 kB]
2026-10-07T22:28:53.6320246Z Get:99 http://azure.archive.ubuntu.com/ubuntu noble/main amd64 libv4lconvert0t64 amd64 1.26.1-4build3 [87.6 kB]
2026-10-07T22:28:53.6795226Z Get:100 http://azure.archive.ubuntu.com/ubuntu noble/main amd64 libv4l-0t64 amd64 1.26.1-4build3 [46.9 kB]
2026-10-07T22:28:53.7266668Z Get:101 http://azure.archive.ubuntu.com/ubuntu noble/main amd64 libwavpack1 amd64 5.6.0-1build1 [84.6 kB]
2026-10-07T22:28:53.7742309Z Get:102 http://azure.archive.ubuntu.com/ubuntu noble-updates/main amd64 libsoup-3.0-common all 3.4.4-5ubuntu0.9 [12.3 kB]
2026-10-07T22:28:53.8246529Z Get:103 http://azure.archive.ubuntu.com/ubuntu noble-updates/main amd64 libsoup-3.0-0 amd64 3.4.4-5ubuntu0.9 [291 kB]
2026-10-07T22:28:53.8751612Z Get:104 http://azure.archive.ubuntu.com/ubuntu noble-updates/main amd64 gstreamer1.0-plugins-good amd64 1.24.2-1ubuntu1.8 [2236 kB]
2026-10-07T22:28:53.9378808Z Get:105 http://azure.archive.ubuntu.com/ubuntu noble-updates/main amd64 libabsl20220623t64 amd64 20220623.1-3.1ubuntu3.2 [423 kB]
2026-10-07T22:28:53.9877278Z Get:106 http://azure.archive.ubuntu.com/ubuntu noble/universe amd64 libgav1-1 amd64 0.18.0-1build3 [357 kB]
2026-10-07T22:28:54.0374841Z Get:107 http://azure.archive.ubuntu.com/ubuntu noble/universe amd64 libyuv0 amd64 0.0~git202401110.af6ac82-1 [178 kB]
2026-10-07T22:28:54.0858517Z Get:108 http://azure.archive.ubuntu.com/ubuntu noble/universe amd64 libavif16 amd64 1.0.4-1ubuntu3 [91.2 kB]
2026-10-07T22:28:54.1336298Z Get:109 http://azure.archive.ubuntu.com/ubuntu noble/universe amd64 libavtp0 amd64 0.2.0-1build1 [6414 B]
2026-10-07T22:28:54.1807128Z Get:110 http://azure.archive.ubuntu.com/ubuntu noble/main amd64 libcairo-script-interpreter2 amd64 1.18.0-3build1 [60.3 kB]
2026-10-07T22:28:54.2284334Z Get:111 http://azure.archive.ubuntu.com/ubuntu noble/universe amd64 libdc1394-25 amd64 2.2.6-4build1 [90.1 kB]
2026-10-07T22:28:54.2770913Z Get:112 http://azure.archive.ubuntu.com/ubuntu noble-updates/main amd64 libde265-0 amd64 1.0.15-1ubuntu0.1 [167 kB]
2026-10-07T22:28:54.3258401Z Get:113 http://azure.archive.ubuntu.com/ubuntu noble/main amd64 libdecor-0-0 amd64 0.2.2-1build2 [16.5 kB]
2026-10-07T22:28:54.3731320Z Get:114 http://azure.archive.ubuntu.com/ubuntu noble/main amd64 libgles2 amd64 1.7.0-1build1 [17.1 kB]
2026-10-07T22:28:54.4204517Z Get:115 http://azure.archive.ubuntu.com/ubuntu noble/universe amd64 libdirectfb-1.7-7t64 amd64 1.7.7-11.1ubuntu2 [1035 kB]
2026-10-07T22:28:54.4750904Z Get:116 http://azure.archive.ubuntu.com/ubuntu noble/universe amd64 libdvdread8t64 amd64 6.1.3-1.1build1 [54.7 kB]
2026-10-07T22:28:54.5227206Z Get:117 http://azure.archive.ubuntu.com/ubuntu noble/universe amd64 libdvdnav4 amd64 6.1.1-3build1 [39.5 kB]
2026-10-07T22:28:54.5701532Z Get:118 http://azure.archive.ubuntu.com/ubuntu noble-updates/main amd64 libegl-mesa0 amd64 25.2.8-0ubuntu0.24.04.4 [117 kB]
2026-10-07T22:28:54.6181955Z Get:119 http://azure.archive.ubuntu.com/ubuntu noble-updates/main amd64 libevent-2.1-7t64 amd64 2.1.12-stable-9ubuntu2.2 [146 kB]
2026-10-07T22:28:54.6661526Z Get:120 http://azure.archive.ubuntu.com/ubuntu noble/universe amd64 libfaad2 amd64 2.11.1-1build1 [207 kB]
2026-10-07T22:28:54.7151925Z Get:121 http://azure.archive.ubuntu.com/ubuntu noble/universe amd64 libinstpatch-1.0-2 amd64 1.1.6-1build2 [251 kB]
2026-10-07T22:28:54.7642592Z Get:122 http://azure.archive.ubuntu.com/ubuntu noble/main amd64 libjack-jackd2-0 amd64 1.9.21~dfsg-3ubuntu3 [289 kB]
2026-10-07T22:28:54.8133979Z Get:123 http://azure.archive.ubuntu.com/ubuntu noble/main amd64 libwebrtc-audio-processing1 amd64 0.3.1-0ubuntu6 [290 kB]
2026-10-07T22:28:54.8625976Z Get:124 http://azure.archive.ubuntu.com/ubuntu noble-updates/main amd64 libspa-0.2-modules amd64 1.0.5-1ubuntu3.3 [628 kB]
2026-10-07T22:28:54.9152917Z Get:125 http://azure.archive.ubuntu.com/ubuntu noble-updates/main amd64 libpipewire-0.3-0t64 amd64 1.0.5-1ubuntu3.3 [252 kB]
2026-10-07T22:28:54.9646593Z Get:126 http://azure.archive.ubuntu.com/ubuntu noble-updates/main amd64 libsdl2-2.0-0 amd64 2.30.0+dfsg-1ubuntu3.1 [686 kB]
2026-10-07T22:28:55.0198691Z Get:127 http://azure.archive.ubuntu.com/ubuntu noble/universe amd64 timgm6mb-soundfont all 1.3-5 [5427 kB]
2026-10-07T22:28:55.1659628Z Get:128 http://azure.archive.ubuntu.com/ubuntu noble/universe amd64 libfluidsynth3 amd64 2.3.4-1build3 [249 kB]
2026-10-07T22:28:55.2152177Z Get:129 http://azure.archive.ubuntu.com/ubuntu noble/main amd64 libfreeaptx0 amd64 0.1.1-2build1 [13.5 kB]
2026-10-07T22:28:55.2622125Z Get:130 http://azure.archive.ubuntu.com/ubuntu noble/main amd64 libgraphene-1.0-0 amd64 1.10.8-3build2 [46.2 kB]
2026-10-07T22:28:55.3097429Z Get:131 http://azure.archive.ubuntu.com/ubuntu noble/main amd64 libgssdp-1.6-0 amd64 1.6.3-1build3 [40.4 kB]
2026-10-07T22:28:55.3571664Z Get:132 http://azure.archive.ubuntu.com/ubuntu noble/main amd64 libegl1 amd64 1.7.0-1build1 [28.7 kB]
2026-10-07T22:28:55.4046656Z Get:133 http://azure.archive.ubuntu.com/ubuntu noble-updates/main amd64 libgstreamer-gl1.0-0 amd64 1.24.2-1ubuntu0.5 [214 kB]
2026-10-07T22:28:55.4530970Z Get:134 http://azure.archive.ubuntu.com/ubuntu noble-updates/main amd64 libgtk-4-common all 4.14.5+ds-0ubuntu0.10 [1497 kB]
2026-10-07T22:28:55.5104808Z Get:135 http://azure.archive.ubuntu.com/ubuntu noble-updates/main amd64 libgtk-4-1 amd64 4.14.5+ds-0ubuntu0.10 [3295 kB]
2026-10-07T22:28:55.6108205Z Get:136 http://azure.archive.ubuntu.com/ubuntu noble/main amd64 libgupnp-1.6-0 amd64 1.6.6-1build3 [92.7 kB]
2026-10-07T22:28:55.6583521Z Get:137 http://azure.archive.ubuntu.com/ubuntu noble/universe amd64 libgupnp-igd-1.6-0 amd64 1.6.0-3build3 [16.5 kB]
2026-10-07T22:28:55.7060437Z Get:138 http://azure.archive.ubuntu.com/ubuntu noble/main amd64 libharfbuzz-icu0 amd64 8.3.0-2build2 [13.3 kB]
2026-10-07T22:28:55.7537815Z Get:139 http://azure.archive.ubuntu.com/ubuntu noble/main amd64 libhyphen0 amd64 2.8.8-7build3 [26.5 kB]
2026-10-07T22:28:55.8009412Z Get:140 http://azure.archive.ubuntu.com/ubuntu noble/universe amd64 libimath-3-1-29t64 amd64 3.1.9-3.1ubuntu2 [72.2 kB]
2026-10-07T22:28:55.8483716Z Get:141 http://azure.archive.ubuntu.com/ubuntu noble/main amd64 liblc3-1 amd64 1.0.4-3build1 [69.7 kB]
2026-10-07T22:28:55.8960029Z Get:142 http://azure.archive.ubuntu.com/ubuntu noble/main amd64 libldacbt-enc2 amd64 2.0.2.3+git20200429+ed310a0-4ubuntu2 [27.1 kB]
2026-10-07T22:28:55.9431082Z Get:143 http://azure.archive.ubuntu.com/ubuntu noble-updates/main amd64 libraptor2-0 amd64 2.0.16-3ubuntu0.1 [165 kB]
2026-10-07T22:28:55.9923765Z Get:144 http://azure.archive.ubuntu.com/ubuntu noble/universe amd64 liblrdf0 amd64 0.6.1-4build1 [18.5 kB]
2026-10-07T22:28:56.0398123Z Get:145 http://azure.archive.ubuntu.com/ubuntu noble/universe amd64 libltc11 amd64 1.3.2-1build1 [13.0 kB]
2026-10-07T22:28:56.0870278Z Get:146 http://azure.archive.ubuntu.com/ubuntu noble/main amd64 libmanette-0.2-0 amd64 0.2.7-1build2 [30.6 kB]
2026-10-07T22:28:56.1344756Z Get:147 http://azure.archive.ubuntu.com/ubuntu noble/universe amd64 libmfx1 amd64 22.5.4-1 [3124 kB]
2026-10-07T22:28:56.2308521Z Get:148 http://azure.archive.ubuntu.com/ubuntu noble/universe amd64 libmjpegutils-2.1-0t64 amd64 1:2.1.0+debian-8.1build1 [25.5 kB]
2026-10-07T22:28:56.2779567Z Get:149 http://azure.archive.ubuntu.com/ubuntu noble/universe amd64 libmodplug1 amd64 1:0.8.9.0-3build1 [166 kB]
2026-10-07T22:28:56.3262357Z Get:150 http://azure.archive.ubuntu.com/ubuntu noble/universe amd64 libmpcdec6 amd64 2:0.1~r495-2build1 [32.7 kB]
2026-10-07T22:28:56.3734743Z Get:151 http://azure.archive.ubuntu.com/ubuntu noble/universe amd64 libmpeg2encpp-2.1-0t64 amd64 1:2.1.0+debian-8.1build1 [75.6 kB]
2026-10-07T22:28:56.4213501Z Get:152 http://azure.archive.ubuntu.com/ubuntu noble/universe amd64 libmplex2-2.1-0t64 amd64 1:2.1.0+debian-8.1build1 [46.1 kB]
2026-10-07T22:28:56.4688594Z Get:153 http://azure.archive.ubuntu.com/ubuntu noble/universe amd64 libneon27t64 amd64 0.33.0-1.1build3 [102 kB]
2026-10-07T22:28:56.5168534Z Get:154 http://azure.archive.ubuntu.com/ubuntu noble/universe amd64 libnice10 amd64 0.1.21-2build3 [157 kB]
2026-10-07T22:28:56.5672306Z Get:155 http://azure.archive.ubuntu.com/ubuntu noble/universe amd64 libopenal-data all 1:1.23.1-4build1 [161 kB]
2026-10-07T22:28:56.6162255Z Get:156 http://azure.archive.ubuntu.com/ubuntu noble/universe amd64 libopenexr-3-1-30 amd64 3.1.5-5.1build3 [1004 kB]
2026-10-07T22:28:56.6722716Z Get:157 http://azure.archive.ubuntu.com/ubuntu noble/universe amd64 libopenh264-7 amd64 2.4.1+dfsg-1 [409 kB]
2026-10-07T22:28:56.7274390Z Get:158 http://azure.archive.ubuntu.com/ubuntu noble/universe amd64 libopenni2-0 amd64 2.2.0.33+dfsg-18 [370 kB]
2026-10-07T22:28:56.7800093Z Get:159 http://azure.archive.ubuntu.com/ubuntu noble/universe amd64 libqrencode4 amd64 4.1.1-1build2 [25.0 kB]
2026-10-07T22:28:56.8274195Z Get:160 http://azure.archive.ubuntu.com/ubuntu noble/main amd64 libsecret-common all 0.21.4-1build3 [4962 B]
2026-10-07T22:28:56.8744365Z Get:161 http://azure.archive.ubuntu.com/ubuntu noble/main amd64 libsecret-1-0 amd64 0.21.4-1build3 [116 kB]
2026-10-07T22:28:56.9222937Z Get:162 http://azure.archive.ubuntu.com/ubuntu noble/universe amd64 libsndio7.0 amd64 1.9.0-0.3build3 [29.6 kB]
2026-10-07T22:28:56.9695257Z Get:163 http://azure.archive.ubuntu.com/ubuntu noble/universe amd64 libsoundtouch1 amd64 2.3.2+ds1-1build1 [60.5 kB]
2026-10-07T22:28:57.0169068Z Get:164 http://azure.archive.ubuntu.com/ubuntu noble/universe amd64 libspandsp2t64 amd64 0.0.6+dfsg-2.1build1 [311 kB]
2026-10-07T22:28:57.0662044Z Get:165 http://azure.archive.ubuntu.com/ubuntu noble/universe amd64 libsrtp2-1 amd64 2.5.0-3build1 [41.9 kB]
2026-10-07T22:28:57.1137087Z Get:166 http://azure.archive.ubuntu.com/ubuntu noble/main amd64 libwayland-server0 amd64 1.22.0-2.1build1 [33.9 kB]
2026-10-07T22:28:57.1613360Z Get:167 http://azure.archive.ubuntu.com/ubuntu noble/universe amd64 libwildmidi2 amd64 0.4.3-1build3 [68.5 kB]
2026-10-07T22:28:57.2087867Z Get:168 http://azure.archive.ubuntu.com/ubuntu noble/main amd64 libwoff1 amd64 1.0.2-2build1 [45.3 kB]
2026-10-07T22:28:57.2561214Z Get:169 http://azure.archive.ubuntu.com/ubuntu noble/main amd64 libxcb-xkb1 amd64 1.15-1ubuntu2 [32.3 kB]
2026-10-07T22:28:57.3031798Z Get:170 http://azure.archive.ubuntu.com/ubuntu noble/main amd64 libxkbcommon-x11-0 amd64 1.6.0-1build1 [14.5 kB]
2026-10-07T22:28:57.3504932Z Get:171 http://azure.archive.ubuntu.com/ubuntu noble/universe amd64 libzbar0t64 amd64 0.23.93-4build3 [123 kB]
2026-10-07T22:28:57.3985009Z Get:172 http://azure.archive.ubuntu.com/ubuntu noble/universe amd64 libzxing3 amd64 2.2.1-3 [583 kB]
2026-10-07T22:28:57.4498491Z Get:173 http://azure.archive.ubuntu.com/ubuntu noble/main amd64 xfonts-encodings all 1:1.0.5-0ubuntu2 [578 kB]
2026-10-07T22:28:57.5011797Z Get:174 http://azure.archive.ubuntu.com/ubuntu noble/main amd64 xfonts-utils amd64 1:7.7+6build3 [94.4 kB]
2026-10-07T22:28:57.5492277Z Get:175 http://azure.archive.ubuntu.com/ubuntu noble/universe amd64 xfonts-cyrillic all 1:1.0.5+nmu1 [384 kB]
2026-10-07T22:28:57.5998345Z Get:176 http://azure.archive.ubuntu.com/ubuntu noble/main amd64 xfonts-scalable all 1:1.0.3-1.3 [304 kB]
2026-10-07T22:28:57.6492515Z Get:177 http://azure.archive.ubuntu.com/ubuntu noble/universe amd64 libgstreamer-plugins-bad1.0-0 amd64 1.24.2-1ubuntu4 [797 kB]
2026-10-07T22:28:57.7026676Z Get:178 http://azure.archive.ubuntu.com/ubuntu noble/universe amd64 libdca0 amd64 0.0.7-2build1 [93.8 kB]
2026-10-07T22:28:57.7505494Z Get:179 http://azure.archive.ubuntu.com/ubuntu noble/universe amd64 libopenal1 amd64 1:1.23.1-4build1 [540 kB]
2026-10-07T22:28:57.8021094Z Get:180 http://azure.archive.ubuntu.com/ubuntu noble/main amd64 libsbc1 amd64 2.0-1build1 [33.9 kB]
2026-10-07T22:28:57.8494127Z Get:181 http://azure.archive.ubuntu.com/ubuntu noble/universe amd64 libvo-aacenc0 amd64 0.1.3-2build1 [67.8 kB]
2026-10-07T22:28:57.8970612Z Get:182 http://azure.archive.ubuntu.com/ubuntu noble/universe amd64 libvo-amrwbenc0 amd64 0.1.3-2build1 [76.7 kB]
2026-10-07T22:28:57.9448409Z Get:183 http://azure.archive.ubuntu.com/ubuntu noble/universe amd64 gstreamer1.0-plugins-bad amd64 1.24.2-1ubuntu4 [3081 kB]
2026-10-07T22:28:58.4125796Z Fetched 115 MB in 10s (11.3 MB/s)
2026-10-07T22:28:58.4378402Z Selecting previously unselected package fonts-ipafont-gothic.
2026-10-07T22:28:58.4596356Z (Reading database ... 
2026-10-07T22:28:58.4596905Z (Reading database ... 5%
2026-10-07T22:28:58.4597567Z (Reading database ... 10%
2026-10-07T22:28:58.4598136Z (Reading database ... 15%
2026-10-07T22:28:58.4598543Z (Reading database ... 20%
2026-10-07T22:28:58.4598933Z (Reading database ... 25%
2026-10-07T22:28:58.4599277Z (Reading database ... 30%
2026-10-07T22:28:58.4599529Z (Reading database ... 35%
2026-10-07T22:28:58.4599777Z (Reading database ... 40%
2026-10-07T22:28:58.4600052Z (Reading database ... 45%
2026-10-07T22:28:58.4600298Z (Reading database ... 50%
2026-10-07T22:28:58.4634842Z (Reading database ... 55%
2026-10-07T22:28:58.5245575Z (Reading database ... 60%
2026-10-07T22:28:58.7734038Z (Reading database ... 65%
2026-10-07T22:28:58.9197308Z (Reading database ... 70%
2026-10-07T22:28:59.1202741Z (Reading database ... 75%
2026-10-07T22:28:59.2235536Z (Reading database ... 80%
2026-10-07T22:28:59.3524470Z (Reading database ... 85%
2026-10-07T22:28:59.4732482Z (Reading database ... 90%
2026-10-07T22:28:59.6240690Z (Reading database ... 95%
2026-10-07T22:28:59.6241388Z (Reading database ... 100%
2026-10-07T22:28:59.6241840Z (Reading database ... 203191 files and directories currently installed.)
2026-10-07T22:28:59.6288300Z Preparing to unpack .../000-fonts-ipafont-gothic_00303-21ubuntu1_all.deb ...
2026-10-07T22:28:59.6380937Z Unpacking fonts-ipafont-gothic (00303-21ubuntu1) ...
2026-10-07T22:28:59.8687762Z Selecting previously unselected package fonts-freefont-ttf.
2026-10-07T22:28:59.8819575Z Preparing to unpack .../001-fonts-freefont-ttf_20211204+svn4273-2_all.deb ...
2026-10-07T22:28:59.8825434Z Unpacking fonts-freefont-ttf (20211204+svn4273-2) ...
2026-10-07T22:28:59.9615447Z Selecting previously unselected package fonts-tlwg-loma-otf.
2026-10-07T22:28:59.9747604Z Preparing to unpack .../002-fonts-tlwg-loma-otf_1%3a0.7.3-1_all.deb ...
2026-10-07T22:28:59.9753383Z Unpacking fonts-tlwg-loma-otf (1:0.7.3-1) ...
2026-10-07T22:28:59.9954988Z Selecting previously unselected package fonts-unifont.
2026-10-07T22:29:00.0083669Z Preparing to unpack .../003-fonts-unifont_1%3a15.1.01-1build1_all.deb ...
2026-10-07T22:29:00.0089774Z Unpacking fonts-unifont (1:15.1.01-1build1) ...
2026-10-07T22:29:00.1156332Z Selecting previously unselected package fonts-wqy-zenhei.
2026-10-07T22:29:00.1288230Z Preparing to unpack .../004-fonts-wqy-zenhei_0.9.45-8_all.deb ...
2026-10-07T22:29:00.1386914Z Unpacking fonts-wqy-zenhei (0.9.45-8) ...
2026-10-07T22:29:00.6000398Z Selecting previously unselected package libproxy1v5:amd64.
2026-10-07T22:29:00.6131975Z Preparing to unpack .../005-libproxy1v5_0.5.4-4build1_amd64.deb ...
2026-10-07T22:29:00.6143359Z Unpacking libproxy1v5:amd64 (0.5.4-4build1) ...
2026-10-07T22:29:00.6342933Z Selecting previously unselected package glib-networking-common.
2026-10-07T22:29:00.6471102Z Preparing to unpack .../006-glib-networking-common_2.80.0-1build1_all.deb ...
2026-10-07T22:29:00.6476767Z Unpacking glib-networking-common (2.80.0-1build1) ...
2026-10-07T22:29:00.6651819Z Selecting previously unselected package glib-networking-services.
2026-10-07T22:29:00.6779366Z Preparing to unpack .../007-glib-networking-services_2.80.0-1build1_amd64.deb ...
2026-10-07T22:29:00.6784108Z Unpacking glib-networking-services (2.80.0-1build1) ...
2026-10-07T22:29:00.7037190Z Selecting previously unselected package session-migration.
2026-10-07T22:29:00.7178470Z Preparing to unpack .../008-session-migration_0.3.9build1_amd64.deb ...
2026-10-07T22:29:00.7245636Z Unpacking session-migration (0.3.9build1) ...
2026-10-07T22:29:00.7484853Z Selecting previously unselected package gsettings-desktop-schemas.
2026-10-07T22:29:00.7614953Z Preparing to unpack .../009-gsettings-desktop-schemas_46.1-0ubuntu1_all.deb ...
2026-10-07T22:29:00.7625013Z Unpacking gsettings-desktop-schemas (46.1-0ubuntu1) ...
2026-10-07T22:29:00.7876319Z Selecting previously unselected package glib-networking:amd64.
2026-10-07T22:29:00.8003828Z Preparing to unpack .../010-glib-networking_2.80.0-1build1_amd64.deb ...
2026-10-07T22:29:00.8008807Z Unpacking glib-networking:amd64 (2.80.0-1build1) ...
2026-10-07T22:29:00.8212517Z Selecting previously unselected package libva2:amd64.
2026-10-07T22:29:00.8340918Z Preparing to unpack .../011-libva2_2.20.0-2ubuntu0.2_amd64.deb ...
2026-10-07T22:29:00.8346856Z Unpacking libva2:amd64 (2.20.0-2ubuntu0.2) ...
2026-10-07T22:29:00.8543754Z Selecting previously unselected package libva-drm2:amd64.
2026-10-07T22:29:00.8670800Z Preparing to unpack .../012-libva-drm2_2.20.0-2ubuntu0.2_amd64.deb ...
2026-10-07T22:29:00.8676088Z Unpacking libva-drm2:amd64 (2.20.0-2ubuntu0.2) ...
2026-10-07T22:29:00.8862590Z Selecting previously unselected package libva-x11-2:amd64.
2026-10-07T22:29:00.8989699Z Preparing to unpack .../013-libva-x11-2_2.20.0-2ubuntu0.2_amd64.deb ...
2026-10-07T22:29:00.8995506Z Unpacking libva-x11-2:amd64 (2.20.0-2ubuntu0.2) ...
2026-10-07T22:29:00.9187025Z Selecting previously unselected package libvdpau1:amd64.
2026-10-07T22:29:00.9312213Z Preparing to unpack .../014-libvdpau1_1.5-2build1_amd64.deb ...
2026-10-07T22:29:00.9317856Z Unpacking libvdpau1:amd64 (1.5-2build1) ...
2026-10-07T22:29:00.9514112Z Selecting previously unselected package libvpl2.
2026-10-07T22:29:00.9638151Z Preparing to unpack .../015-libvpl2_2023.3.0-1build1_amd64.deb ...
2026-10-07T22:29:00.9643547Z Unpacking libvpl2 (2023.3.0-1build1) ...
2026-10-07T22:29:00.9846335Z Selecting previously unselected package ocl-icd-libopencl1:amd64.
2026-10-07T22:29:00.9970070Z Preparing to unpack .../016-ocl-icd-libopencl1_2.3.2-1build1_amd64.deb ...
2026-10-07T22:29:00.9976709Z Unpacking ocl-icd-libopencl1:amd64 (2.3.2-1build1) ...
2026-10-07T22:29:01.0191367Z Selecting previously unselected package libavutil58:amd64.
2026-10-07T22:29:01.0317497Z Preparing to unpack .../017-libavutil58_7%3a6.1.1-3ubuntu5_amd64.deb ...
2026-10-07T22:29:01.0322907Z Unpacking libavutil58:amd64 (7:6.1.1-3ubuntu5) ...
2026-10-07T22:29:01.0562358Z Selecting previously unselected package libcodec2-1.2:amd64.
2026-10-07T22:29:01.0694055Z Preparing to unpack .../018-libcodec2-1.2_1.2.0-2build1_amd64.deb ...
2026-10-07T22:29:01.0699099Z Unpacking libcodec2-1.2:amd64 (1.2.0-2build1) ...
2026-10-07T22:29:01.1426375Z Selecting previously unselected package libdav1d7:amd64.
2026-10-07T22:29:01.1559077Z Preparing to unpack .../019-libdav1d7_1.4.1-1build1_amd64.deb ...
2026-10-07T22:29:01.1564218Z Unpacking libdav1d7:amd64 (1.4.1-1build1) ...
2026-10-07T22:29:01.1820424Z Selecting previously unselected package libgsm1:amd64.
2026-10-07T22:29:01.1950418Z Preparing to unpack .../020-libgsm1_1.0.22-1build1_amd64.deb ...
2026-10-07T22:29:01.1956186Z Unpacking libgsm1:amd64 (1.0.22-1build1) ...
2026-10-07T22:29:01.2161618Z Selecting previously unselected package libhwy1t64:amd64.
2026-10-07T22:29:01.2288405Z Preparing to unpack .../021-libhwy1t64_1.0.7-8.1build1_amd64.deb ...
2026-10-07T22:29:01.2294141Z Unpacking libhwy1t64:amd64 (1.0.7-8.1build1) ...
2026-10-07T22:29:01.2590684Z Selecting previously unselected package libjxl0.7:amd64.
2026-10-07T22:29:01.2719497Z Preparing to unpack .../022-libjxl0.7_0.7.0-10.2ubuntu6.1_amd64.deb ...
2026-10-07T22:29:01.2724810Z Unpacking libjxl0.7:amd64 (0.7.0-10.2ubuntu6.1) ...
2026-10-07T22:29:01.3039333Z Selecting previously unselected package libmp3lame0:amd64.
2026-10-07T22:29:01.3168477Z Preparing to unpack .../023-libmp3lame0_3.100-6build1_amd64.deb ...
2026-10-07T22:29:01.3174819Z Unpacking libmp3lame0:amd64 (3.100-6build1) ...
2026-10-07T22:29:01.3378247Z Selecting previously unselected package libopus0:amd64.
2026-10-07T22:29:01.3505625Z Preparing to unpack .../024-libopus0_1.4-1build1_amd64.deb ...
2026-10-07T22:29:01.3510836Z Unpacking libopus0:amd64 (1.4-1build1) ...
2026-10-07T22:29:01.3720886Z Selecting previously unselected package librav1e0:amd64.
2026-10-07T22:29:01.3848302Z Preparing to unpack .../025-librav1e0_0.7.1-2_amd64.deb ...
2026-10-07T22:29:01.3854304Z Unpacking librav1e0:amd64 (0.7.1-2) ...
2026-10-07T22:29:01.4156337Z Selecting previously unselected package librsvg2-2:amd64.
2026-10-07T22:29:01.4284201Z Preparing to unpack .../026-librsvg2-2_2.58.0+dfsg-1ubuntu0.1_amd64.deb ...
2026-10-07T22:29:01.4290480Z Unpacking librsvg2-2:amd64 (2.58.0+dfsg-1ubuntu0.1) ...
2026-10-07T22:29:01.4727863Z Selecting previously unselected package libshine3:amd64.
2026-10-07T22:29:01.4858127Z Preparing to unpack .../027-libshine3_3.1.1-2build1_amd64.deb ...
2026-10-07T22:29:01.4863972Z Unpacking libshine3:amd64 (3.1.1-2build1) ...
2026-10-07T22:29:01.5053517Z Selecting previously unselected package libspeex1:amd64.
2026-10-07T22:29:01.5180984Z Preparing to unpack .../028-libspeex1_1.2.1-2ubuntu2.24.04.1_amd64.deb ...
2026-10-07T22:29:01.5187722Z Unpacking libspeex1:amd64 (1.2.1-2ubuntu2.24.04.1) ...
2026-10-07T22:29:01.5392613Z Selecting previously unselected package libsvtav1enc1d1:amd64.
2026-10-07T22:29:01.5519663Z Preparing to unpack .../029-libsvtav1enc1d1_1.7.0+dfsg-2build1_amd64.deb ...
2026-10-07T22:29:01.5525842Z Unpacking libsvtav1enc1d1:amd64 (1.7.0+dfsg-2build1) ...
2026-10-07T22:29:01.6116466Z Selecting previously unselected package libsoxr0:amd64.
2026-10-07T22:29:01.6246656Z Preparing to unpack .../030-libsoxr0_0.1.3-4build3_amd64.deb ...
2026-10-07T22:29:01.6252456Z Unpacking libsoxr0:amd64 (0.1.3-4build3) ...
2026-10-07T22:29:01.6451500Z Selecting previously unselected package libswresample4:amd64.
2026-10-07T22:29:01.6581332Z Preparing to unpack .../031-libswresample4_7%3a6.1.1-3ubuntu5_amd64.deb ...
2026-10-07T22:29:01.6587120Z Unpacking libswresample4:amd64 (7:6.1.1-3ubuntu5) ...
2026-10-07T22:29:01.6788449Z Selecting previously unselected package libtheora0:amd64.
2026-10-07T22:29:01.6912997Z Preparing to unpack .../032-libtheora0_1.1.1+dfsg.1-16.1build3_amd64.deb ...
2026-10-07T22:29:01.6918807Z Unpacking libtheora0:amd64 (1.1.1+dfsg.1-16.1build3) ...
2026-10-07T22:29:01.7155580Z Selecting previously unselected package libtwolame0:amd64.
2026-10-07T22:29:01.7282433Z Preparing to unpack .../033-libtwolame0_0.4.0-2build3_amd64.deb ...
2026-10-07T22:29:01.7289445Z Unpacking libtwolame0:amd64 (0.4.0-2build3) ...
2026-10-07T22:29:01.7485687Z Selecting previously unselected package libvorbisenc2:amd64.
2026-10-07T22:29:01.7611370Z Preparing to unpack .../034-libvorbisenc2_1.3.7-1build3_amd64.deb ...
2026-10-07T22:29:01.7617655Z Unpacking libvorbisenc2:amd64 (1.3.7-1build3) ...
2026-10-07T22:29:01.7828204Z Selecting previously unselected package libvpx9:amd64.
2026-10-07T22:29:01.7952799Z Preparing to unpack .../035-libvpx9_1.14.0-1ubuntu2.3_amd64.deb ...
2026-10-07T22:29:01.7958563Z Unpacking libvpx9:amd64 (1.14.0-1ubuntu2.3) ...
2026-10-07T22:29:01.8280108Z Selecting previously unselected package libx264-164:amd64.
2026-10-07T22:29:01.8411804Z Preparing to unpack .../036-libx264-164_2%3a0.164.3108+git31e19f9-1_amd64.deb ...
2026-10-07T22:29:01.8417697Z Unpacking libx264-164:amd64 (2:0.164.3108+git31e19f9-1) ...
2026-10-07T22:29:01.8680741Z Selecting previously unselected package libx265-199:amd64.
2026-10-07T22:29:01.8810145Z Preparing to unpack .../037-libx265-199_3.5-2build1_amd64.deb ...
2026-10-07T22:29:01.8816309Z Unpacking libx265-199:amd64 (3.5-2build1) ...
2026-10-07T22:29:01.9452842Z Selecting previously unselected package libxvidcore4:amd64.
2026-10-07T22:29:01.9584671Z Preparing to unpack .../038-libxvidcore4_2%3a1.3.7-1build1_amd64.deb ...
2026-10-07T22:29:01.9590085Z Unpacking libxvidcore4:amd64 (2:1.3.7-1build1) ...
2026-10-07T22:29:01.9814219Z Selecting previously unselected package libzvbi-common.
2026-10-07T22:29:01.9943519Z Preparing to unpack .../039-libzvbi-common_0.2.42-2_all.deb ...
2026-10-07T22:29:01.9948894Z Unpacking libzvbi-common (0.2.42-2) ...
2026-10-07T22:29:02.0189142Z Selecting previously unselected package libzvbi0t64:amd64.
2026-10-07T22:29:02.0316789Z Preparing to unpack .../040-libzvbi0t64_0.2.42-2_amd64.deb ...
2026-10-07T22:29:02.0322582Z Unpacking libzvbi0t64:amd64 (0.2.42-2) ...
2026-10-07T22:29:02.0549246Z Selecting previously unselected package libavcodec60:amd64.
2026-10-07T22:29:02.0678063Z Preparing to unpack .../041-libavcodec60_7%3a6.1.1-3ubuntu5_amd64.deb ...
2026-10-07T22:29:02.0684916Z Unpacking libavcodec60:amd64 (7:6.1.1-3ubuntu5) ...
2026-10-07T22:29:02.1617486Z Preparing to unpack .../042-libfreetype6_2.13.2+dfsg-1ubuntu0.2_amd64.deb ...
2026-10-07T22:29:02.1634169Z Unpacking libfreetype6:amd64 (2.13.2+dfsg-1ubuntu0.2) over (2.13.2+dfsg-1ubuntu0.1) ...
2026-10-07T22:29:02.1880297Z Selecting previously unselected package libunibreak5:amd64.
2026-10-07T22:29:02.2011217Z Preparing to unpack .../043-libunibreak5_5.1-2build1_amd64.deb ...
2026-10-07T22:29:02.2017186Z Unpacking libunibreak5:amd64 (5.1-2build1) ...
2026-10-07T22:29:02.2212113Z Selecting previously unselected package libass9:amd64.
2026-10-07T22:29:02.2339933Z Preparing to unpack .../044-libass9_1%3a0.17.1-2build1_amd64.deb ...
2026-10-07T22:29:02.2347168Z Unpacking libass9:amd64 (1:0.17.1-2build1) ...
2026-10-07T22:29:02.2551654Z Selecting previously unselected package libudfread0:amd64.
2026-10-07T22:29:02.2680052Z Preparing to unpack .../045-libudfread0_1.1.2-1build1_amd64.deb ...
2026-10-07T22:29:02.2687810Z Unpacking libudfread0:amd64 (1.1.2-1build1) ...
2026-10-07T22:29:02.2885026Z Selecting previously unselected package libbluray2:amd64.
2026-10-07T22:29:02.3013366Z Preparing to unpack .../046-libbluray2_1%3a1.3.4-1build1_amd64.deb ...
2026-10-07T22:29:02.3019564Z Unpacking libbluray2:amd64 (1:1.3.4-1build1) ...
2026-10-07T22:29:02.3226592Z Selecting previously unselected package libchromaprint1:amd64.
2026-10-07T22:29:02.3351670Z Preparing to unpack .../047-libchromaprint1_1.5.1-5_amd64.deb ...
2026-10-07T22:29:02.3358347Z Unpacking libchromaprint1:amd64 (1.5.1-5) ...
2026-10-07T22:29:02.3552528Z Selecting previously unselected package libgme0:amd64.
2026-10-07T22:29:02.3677121Z Preparing to unpack .../048-libgme0_0.6.3-7build1_amd64.deb ...
2026-10-07T22:29:02.3683010Z Unpacking libgme0:amd64 (0.6.3-7build1) ...
2026-10-07T22:29:02.3885735Z Selecting previously unselected package libmpg123-0t64:amd64.
2026-10-07T22:29:02.4010196Z Preparing to unpack .../049-libmpg123-0t64_1.32.5-1ubuntu1.1_amd64.deb ...
2026-10-07T22:29:02.4016073Z Unpacking libmpg123-0t64:amd64 (1.32.5-1ubuntu1.1) ...
2026-10-07T22:29:02.4225826Z Selecting previously unselected package libopenmpt0t64:amd64.
2026-10-07T22:29:02.4352672Z Preparing to unpack .../050-libopenmpt0t64_0.7.3-1.1build3_amd64.deb ...
2026-10-07T22:29:02.4358287Z Unpacking libopenmpt0t64:amd64 (0.7.3-1.1build3) ...
2026-10-07T22:29:02.4620593Z Selecting previously unselected package libcjson1:amd64.
2026-10-07T22:29:02.4749937Z Preparing to unpack .../051-libcjson1_1.7.17-1_amd64.deb ...
2026-10-07T22:29:02.4756586Z Unpacking libcjson1:amd64 (1.7.17-1) ...
2026-10-07T22:29:02.4953843Z Selecting previously unselected package libmbedcrypto7t64:amd64.
2026-10-07T22:29:02.5080289Z Preparing to unpack .../052-libmbedcrypto7t64_2.28.8-1_amd64.deb ...
2026-10-07T22:29:02.5086127Z Unpacking libmbedcrypto7t64:amd64 (2.28.8-1) ...
2026-10-07T22:29:02.5300230Z Selecting previously unselected package librist4:amd64.
2026-10-07T22:29:02.5426346Z Preparing to unpack .../053-librist4_0.2.10+dfsg-2_amd64.deb ...
2026-10-07T22:29:02.5432223Z Unpacking librist4:amd64 (0.2.10+dfsg-2) ...
2026-10-07T22:29:02.5627902Z Selecting previously unselected package libsrt1.5-gnutls:amd64.
2026-10-07T22:29:02.5755193Z Preparing to unpack .../054-libsrt1.5-gnutls_1.5.3-1build2_amd64.deb ...
2026-10-07T22:29:02.5761142Z Unpacking libsrt1.5-gnutls:amd64 (1.5.3-1build2) ...
2026-10-07T22:29:02.5988257Z Selecting previously unselected package libssh-gcrypt-4:amd64.
2026-10-07T22:29:02.6115420Z Preparing to unpack .../055-libssh-gcrypt-4_0.10.6-2ubuntu0.5_amd64.deb ...
2026-10-07T22:29:02.6122061Z Unpacking libssh-gcrypt-4:amd64 (0.10.6-2ubuntu0.5) ...
2026-10-07T22:29:02.6341293Z Selecting previously unselected package libavformat60:amd64.
2026-10-07T22:29:02.6467333Z Preparing to unpack .../056-libavformat60_7%3a6.1.1-3ubuntu5_amd64.deb ...
2026-10-07T22:29:02.6473839Z Unpacking libavformat60:amd64 (7:6.1.1-3ubuntu5) ...
2026-10-07T22:29:02.6772568Z Selecting previously unselected package libbs2b0:amd64.
2026-10-07T22:29:02.6901501Z Preparing to unpack .../057-libbs2b0_3.1.0+dfsg-7build1_amd64.deb ...
2026-10-07T22:29:02.6907467Z Unpacking libbs2b0:amd64 (3.1.0+dfsg-7build1) ...
2026-10-07T22:29:02.7121522Z Selecting previously unselected package libflite1:amd64.
2026-10-07T22:29:02.7250055Z Preparing to unpack .../058-libflite1_2.2-6build3_amd64.deb ...
2026-10-07T22:29:02.7255382Z Unpacking libflite1:amd64 (2.2-6build3) ...
2026-10-07T22:29:02.8335312Z Selecting previously unselected package libserd-0-0:amd64.
2026-10-07T22:29:02.8468037Z Preparing to unpack .../059-libserd-0-0_0.32.2-1_amd64.deb ...
2026-10-07T22:29:02.8475537Z Unpacking libserd-0-0:amd64 (0.32.2-1) ...
2026-10-07T22:29:02.8671755Z Selecting previously unselected package libzix-0-0:amd64.
2026-10-07T22:29:02.8799892Z Preparing to unpack .../060-libzix-0-0_0.4.2-2build1_amd64.deb ...
2026-10-07T22:29:02.8806774Z Unpacking libzix-0-0:amd64 (0.4.2-2build1) ...
2026-10-07T22:29:02.9000416Z Selecting previously unselected package libsord-0-0:amd64.
2026-10-07T22:29:02.9128302Z Preparing to unpack .../061-libsord-0-0_0.16.16-2build1_amd64.deb ...
2026-10-07T22:29:02.9134754Z Unpacking libsord-0-0:amd64 (0.16.16-2build1) ...
2026-10-07T22:29:02.9326115Z Selecting previously unselected package libsratom-0-0:amd64.
2026-10-07T22:29:02.9455986Z Preparing to unpack .../062-libsratom-0-0_0.6.16-1build1_amd64.deb ...
2026-10-07T22:29:02.9463385Z Unpacking libsratom-0-0:amd64 (0.6.16-1build1) ...
2026-10-07T22:29:02.9661698Z Selecting previously unselected package liblilv-0-0:amd64.
2026-10-07T22:29:02.9792068Z Preparing to unpack .../063-liblilv-0-0_0.24.22-1build1_amd64.deb ...
2026-10-07T22:29:02.9797781Z Unpacking liblilv-0-0:amd64 (0.24.22-1build1) ...
2026-10-07T22:29:02.9996839Z Selecting previously unselected package libmysofa1:amd64.
2026-10-07T22:29:03.0127188Z Preparing to unpack .../064-libmysofa1_1.3.2+dfsg-2ubuntu2_amd64.deb ...
2026-10-07T22:29:03.0133034Z Unpacking libmysofa1:amd64 (1.3.2+dfsg-2ubuntu2) ...
2026-10-07T22:29:03.0372849Z Selecting previously unselected package libplacebo338:amd64.
2026-10-07T22:29:03.0504382Z Preparing to unpack .../065-libplacebo338_6.338.2-2build1_amd64.deb ...
2026-10-07T22:29:03.0510212Z Unpacking libplacebo338:amd64 (6.338.2-2build1) ...
2026-10-07T22:29:03.1024276Z Selecting previously unselected package libblas3:amd64.
2026-10-07T22:29:03.1156512Z Preparing to unpack .../066-libblas3_3.12.0-3build1.1_amd64.deb ...
2026-10-07T22:29:03.1185189Z Unpacking libblas3:amd64 (3.12.0-3build1.1) ...
2026-10-07T22:29:03.1413419Z Selecting previously unselected package liblapack3:amd64.
2026-10-07T22:29:03.1543235Z Preparing to unpack .../067-liblapack3_3.12.0-3build1.1_amd64.deb ...
2026-10-07T22:29:03.1571933Z Unpacking liblapack3:amd64 (3.12.0-3build1.1) ...
2026-10-07T22:29:03.2048592Z Selecting previously unselected package libasyncns0:amd64.
2026-10-07T22:29:03.2179723Z Preparing to unpack .../068-libasyncns0_0.8-6build4_amd64.deb ...
2026-10-07T22:29:03.2186556Z Unpacking libasyncns0:amd64 (0.8-6build4) ...
2026-10-07T22:29:03.2377609Z Selecting previously unselected package libflac12t64:amd64.
2026-10-07T22:29:03.2506009Z Preparing to unpack .../069-libflac12t64_1.4.3+ds-2.1ubuntu2_amd64.deb ...
2026-10-07T22:29:03.2512231Z Unpacking libflac12t64:amd64 (1.4.3+ds-2.1ubuntu2) ...
2026-10-07T22:29:03.2725565Z Selecting previously unselected package libsndfile1:amd64.
2026-10-07T22:29:03.2853599Z Preparing to unpack .../070-libsndfile1_1.2.2-1ubuntu5.24.04.1_amd64.deb ...
2026-10-07T22:29:03.2859682Z Unpacking libsndfile1:amd64 (1.2.2-1ubuntu5.24.04.1) ...
2026-10-07T22:29:03.3088784Z Selecting previously unselected package libpulse0:amd64.
2026-10-07T22:29:03.3217095Z Preparing to unpack .../071-libpulse0_1%3a16.1+dfsg1-2ubuntu10.1_amd64.deb ...
2026-10-07T22:29:03.3281002Z Unpacking libpulse0:amd64 (1:16.1+dfsg1-2ubuntu10.1) ...
2026-10-07T22:29:03.3517587Z Selecting previously unselected package libsphinxbase3t64:amd64.
2026-10-07T22:29:03.3646772Z Preparing to unpack .../072-libsphinxbase3t64_0.8+5prealpha+1-17build2_amd64.deb ...
2026-10-07T22:29:03.3652879Z Unpacking libsphinxbase3t64:amd64 (0.8+5prealpha+1-17build2) ...
2026-10-07T22:29:03.3863362Z Selecting previously unselected package libpocketsphinx3:amd64.
2026-10-07T22:29:03.3989208Z Preparing to unpack .../073-libpocketsphinx3_0.8.0+real5prealpha+1-15ubuntu5_amd64.deb ...
2026-10-07T22:29:03.3997510Z Unpacking libpocketsphinx3:amd64 (0.8.0+real5prealpha+1-15ubuntu5) ...
2026-10-07T22:29:03.4200709Z Selecting previously unselected package libpostproc57:amd64.
2026-10-07T22:29:03.4324789Z Preparing to unpack .../074-libpostproc57_7%3a6.1.1-3ubuntu5_amd64.deb ...
2026-10-07T22:29:03.4331595Z Unpacking libpostproc57:amd64 (7:6.1.1-3ubuntu5) ...
2026-10-07T22:29:03.4533470Z Selecting previously unselected package libsamplerate0:amd64.
2026-10-07T22:29:03.4657136Z Preparing to unpack .../075-libsamplerate0_0.2.2-4build1_amd64.deb ...
2026-10-07T22:29:03.4663854Z Unpacking libsamplerate0:amd64 (0.2.2-4build1) ...
2026-10-07T22:29:03.4910604Z Selecting previously unselected package librubberband2:amd64.
2026-10-07T22:29:03.5038173Z Preparing to unpack .../076-librubberband2_3.3.0+dfsg-2build1_amd64.deb ...
2026-10-07T22:29:03.5045227Z Unpacking librubberband2:amd64 (3.3.0+dfsg-2build1) ...
2026-10-07T22:29:03.5257505Z Selecting previously unselected package libswscale7:amd64.
2026-10-07T22:29:03.5383494Z Preparing to unpack .../077-libswscale7_7%3a6.1.1-3ubuntu5_amd64.deb ...
2026-10-07T22:29:03.5390356Z Unpacking libswscale7:amd64 (7:6.1.1-3ubuntu5) ...
2026-10-07T22:29:03.5646946Z Selecting previously unselected package libvidstab1.1:amd64.
2026-10-07T22:29:03.5775025Z Preparing to unpack .../078-libvidstab1.1_1.1.0-2build1_amd64.deb ...
2026-10-07T22:29:03.5781672Z Unpacking libvidstab1.1:amd64 (1.1.0-2build1) ...
2026-10-07T22:29:03.5975208Z Selecting previously unselected package libzimg2:amd64.
2026-10-07T22:29:03.6100848Z Preparing to unpack .../079-libzimg2_3.0.5+ds1-1build1_amd64.deb ...
2026-10-07T22:29:03.6108204Z Unpacking libzimg2:amd64 (3.0.5+ds1-1build1) ...
2026-10-07T22:29:03.6340785Z Selecting previously unselected package libavfilter9:amd64.
2026-10-07T22:29:03.6467967Z Preparing to unpack .../080-libavfilter9_7%3a6.1.1-3ubuntu5_amd64.deb ...
2026-10-07T22:29:03.6474097Z Unpacking libavfilter9:amd64 (7:6.1.1-3ubuntu5) ...
2026-10-07T22:29:03.7381427Z Selecting previously unselected package liborc-0.4-0t64:amd64.
2026-10-07T22:29:03.7513726Z Preparing to unpack .../081-liborc-0.4-0t64_1%3a0.4.38-1ubuntu0.1_amd64.deb ...
2026-10-07T22:29:03.7520112Z Unpacking liborc-0.4-0t64:amd64 (1:0.4.38-1ubuntu0.1) ...
2026-10-07T22:29:03.7750204Z Selecting previously unselected package libgstreamer-plugins-base1.0-0:amd64.
2026-10-07T22:29:03.7879920Z Preparing to unpack .../082-libgstreamer-plugins-base1.0-0_1.24.2-1ubuntu0.5_amd64.deb ...
2026-10-07T22:29:03.7886096Z Unpacking libgstreamer-plugins-base1.0-0:amd64 (1.24.2-1ubuntu0.5) ...
2026-10-07T22:29:03.8195615Z Selecting previously unselected package gstreamer1.0-libav:amd64.
2026-10-07T22:29:03.8325466Z Preparing to unpack .../083-gstreamer1.0-libav_1.24.1-1build1_amd64.deb ...
2026-10-07T22:29:03.8331615Z Unpacking gstreamer1.0-libav:amd64 (1.24.1-1build1) ...
2026-10-07T22:29:03.8543053Z Selecting previously unselected package libcdparanoia0:amd64.
2026-10-07T22:29:03.8669975Z Preparing to unpack .../084-libcdparanoia0_3.10.2+debian-14build3_amd64.deb ...
2026-10-07T22:29:03.8676693Z Unpacking libcdparanoia0:amd64 (3.10.2+debian-14build3) ...
2026-10-07T22:29:03.8883645Z Selecting previously unselected package libvisual-0.4-0:amd64.
2026-10-07T22:29:03.9007595Z Preparing to unpack .../085-libvisual-0.4-0_0.4.2-2build1_amd64.deb ...
2026-10-07T22:29:03.9013274Z Unpacking libvisual-0.4-0:amd64 (0.4.2-2build1) ...
2026-10-07T22:29:03.9222312Z Selecting previously unselected package gstreamer1.0-plugins-base:amd64.
2026-10-07T22:29:03.9349774Z Preparing to unpack .../086-gstreamer1.0-plugins-base_1.24.2-1ubuntu0.5_amd64.deb ...
2026-10-07T22:29:03.9354854Z Unpacking gstreamer1.0-plugins-base:amd64 (1.24.2-1ubuntu0.5) ...
2026-10-07T22:29:03.9666892Z Selecting previously unselected package libaa1:amd64.
2026-10-07T22:29:03.9796400Z Preparing to unpack .../087-libaa1_1.4p5-51.1_amd64.deb ...
2026-10-07T22:29:03.9805121Z Unpacking libaa1:amd64 (1.4p5-51.1) ...
2026-10-07T22:29:04.0006991Z Selecting previously unselected package libraw1394-11:amd64.
2026-10-07T22:29:04.0133843Z Preparing to unpack .../088-libraw1394-11_2.1.2-2build3_amd64.deb ...
2026-10-07T22:29:04.0147675Z Unpacking libraw1394-11:amd64 (2.1.2-2build3) ...
2026-10-07T22:29:04.0339880Z Selecting previously unselected package libavc1394-0:amd64.
2026-10-07T22:29:04.0463806Z Preparing to unpack .../089-libavc1394-0_0.5.4-5build3_amd64.deb ...
2026-10-07T22:29:04.0471325Z Unpacking libavc1394-0:amd64 (0.5.4-5build3) ...
2026-10-07T22:29:04.0666522Z Selecting previously unselected package libcaca0:amd64.
2026-10-07T22:29:04.0794245Z Preparing to unpack .../090-libcaca0_0.99.beta20-4ubuntu0.2_amd64.deb ...
2026-10-07T22:29:04.0799980Z Unpacking libcaca0:amd64 (0.99.beta20-4ubuntu0.2) ...
2026-10-07T22:29:04.1033855Z Selecting previously unselected package libdv4t64:amd64.
2026-10-07T22:29:04.1162048Z Preparing to unpack .../091-libdv4t64_1.0.0-17.1build1_amd64.deb ...
2026-10-07T22:29:04.1171314Z Unpacking libdv4t64:amd64 (1.0.0-17.1build1) ...
2026-10-07T22:29:04.1383045Z Selecting previously unselected package libgstreamer-plugins-good1.0-0:amd64.
2026-10-07T22:29:04.1511056Z Preparing to unpack .../092-libgstreamer-plugins-good1.0-0_1.24.2-1ubuntu1.8_amd64.deb ...
2026-10-07T22:29:04.1520350Z Unpacking libgstreamer-plugins-good1.0-0:amd64 (1.24.2-1ubuntu1.8) ...
2026-10-07T22:29:04.1725400Z Selecting previously unselected package libiec61883-0:amd64.
2026-10-07T22:29:04.1854209Z Preparing to unpack .../093-libiec61883-0_1.2.0-6build1_amd64.deb ...
2026-10-07T22:29:04.1861493Z Unpacking libiec61883-0:amd64 (1.2.0-6build1) ...
2026-10-07T22:29:04.2061984Z Selecting previously unselected package libshout3:amd64.
2026-10-07T22:29:04.2187830Z Preparing to unpack .../094-libshout3_2.4.6-1build2_amd64.deb ...
2026-10-07T22:29:04.2195452Z Unpacking libshout3:amd64 (2.4.6-1build2) ...
2026-10-07T22:29:04.2404317Z Selecting previously unselected package libtag1v5-vanilla:amd64.
2026-10-07T22:29:04.2531062Z Preparing to unpack .../095-libtag1v5-vanilla_1.13.1-1build1_amd64.deb ...
2026-10-07T22:29:04.2537745Z Unpacking libtag1v5-vanilla:amd64 (1.13.1-1build1) ...
2026-10-07T22:29:04.2797057Z Selecting previously unselected package libtag1v5:amd64.
2026-10-07T22:29:04.2925218Z Preparing to unpack .../096-libtag1v5_1.13.1-1build1_amd64.deb ...
2026-10-07T22:29:04.2931073Z Unpacking libtag1v5:amd64 (1.13.1-1build1) ...
2026-10-07T22:29:04.3189013Z Selecting previously unselected package libv4lconvert0t64:amd64.
2026-10-07T22:29:04.3318134Z Preparing to unpack .../097-libv4lconvert0t64_1.26.1-4build3_amd64.deb ...
2026-10-07T22:29:04.3324838Z Unpacking libv4lconvert0t64:amd64 (1.26.1-4build3) ...
2026-10-07T22:29:04.3537230Z Selecting previously unselected package libv4l-0t64:amd64.
2026-10-07T22:29:04.3664965Z Preparing to unpack .../098-libv4l-0t64_1.26.1-4build3_amd64.deb ...
2026-10-07T22:29:04.3671452Z Unpacking libv4l-0t64:amd64 (1.26.1-4build3) ...
2026-10-07T22:29:04.3890730Z Selecting previously unselected package libwavpack1:amd64.
2026-10-07T22:29:04.4016417Z Preparing to unpack .../099-libwavpack1_5.6.0-1build1_amd64.deb ...
2026-10-07T22:29:04.4022538Z Unpacking libwavpack1:amd64 (5.6.0-1build1) ...
2026-10-07T22:29:04.4217185Z Selecting previously unselected package libsoup-3.0-common.
2026-10-07T22:29:04.4343655Z Preparing to unpack .../100-libsoup-3.0-common_3.4.4-5ubuntu0.9_all.deb ...
2026-10-07T22:29:04.4349150Z Unpacking libsoup-3.0-common (3.4.4-5ubuntu0.9) ...
2026-10-07T22:29:04.4539572Z Selecting previously unselected package libsoup-3.0-0:amd64.
2026-10-07T22:29:04.4665653Z Preparing to unpack .../101-libsoup-3.0-0_3.4.4-5ubuntu0.9_amd64.deb ...
2026-10-07T22:29:04.4671289Z Unpacking libsoup-3.0-0:amd64 (3.4.4-5ubuntu0.9) ...
2026-10-07T22:29:04.4894158Z Selecting previously unselected package gstreamer1.0-plugins-good:amd64.
2026-10-07T22:29:04.5022284Z Preparing to unpack .../102-gstreamer1.0-plugins-good_1.24.2-1ubuntu1.8_amd64.deb ...
2026-10-07T22:29:04.5028203Z Unpacking gstreamer1.0-plugins-good:amd64 (1.24.2-1ubuntu1.8) ...
2026-10-07T22:29:04.5571205Z Selecting previously unselected package libabsl20220623t64:amd64.
2026-10-07T22:29:04.5700659Z Preparing to unpack .../103-libabsl20220623t64_20220623.1-3.1ubuntu3.2_amd64.deb ...
2026-10-07T22:29:04.5706791Z Unpacking libabsl20220623t64:amd64 (20220623.1-3.1ubuntu3.2) ...
2026-10-07T22:29:04.6108758Z Selecting previously unselected package libgav1-1:amd64.
2026-10-07T22:29:04.6238242Z Preparing to unpack .../104-libgav1-1_0.18.0-1build3_amd64.deb ...
2026-10-07T22:29:04.6251871Z Unpacking libgav1-1:amd64 (0.18.0-1build3) ...
2026-10-07T22:29:04.6486290Z Selecting previously unselected package libyuv0:amd64.
2026-10-07T22:29:04.6615715Z Preparing to unpack .../105-libyuv0_0.0~git202401110.af6ac82-1_amd64.deb ...
2026-10-07T22:29:04.6621576Z Unpacking libyuv0:amd64 (0.0~git202401110.af6ac82-1) ...
2026-10-07T22:29:04.6837402Z Selecting previously unselected package libavif16:amd64.
2026-10-07T22:29:04.6964886Z Preparing to unpack .../106-libavif16_1.0.4-1ubuntu3_amd64.deb ...
2026-10-07T22:29:04.6970763Z Unpacking libavif16:amd64 (1.0.4-1ubuntu3) ...
2026-10-07T22:29:04.7171431Z Selecting previously unselected package libavtp0:amd64.
2026-10-07T22:29:04.7295605Z Preparing to unpack .../107-libavtp0_0.2.0-1build1_amd64.deb ...
2026-10-07T22:29:04.7302994Z Unpacking libavtp0:amd64 (0.2.0-1build1) ...
2026-10-07T22:29:04.7500211Z Selecting previously unselected package libcairo-script-interpreter2:amd64.
2026-10-07T22:29:04.7625513Z Preparing to unpack .../108-libcairo-script-interpreter2_1.18.0-3build1_amd64.deb ...
2026-10-07T22:29:04.7631102Z Unpacking libcairo-script-interpreter2:amd64 (1.18.0-3build1) ...
2026-10-07T22:29:04.7834206Z Selecting previously unselected package libdc1394-25:amd64.
2026-10-07T22:29:04.7958071Z Preparing to unpack .../109-libdc1394-25_2.2.6-4build1_amd64.deb ...
2026-10-07T22:29:04.7966443Z Unpacking libdc1394-25:amd64 (2.2.6-4build1) ...
2026-10-07T22:29:04.8172243Z Selecting previously unselected package libde265-0:amd64.
2026-10-07T22:29:04.8298070Z Preparing to unpack .../110-libde265-0_1.0.15-1ubuntu0.1_amd64.deb ...
2026-10-07T22:29:04.8303963Z Unpacking libde265-0:amd64 (1.0.15-1ubuntu0.1) ...
2026-10-07T22:29:04.8523048Z Selecting previously unselected package libdecor-0-0:amd64.
2026-10-07T22:29:04.8651132Z Preparing to unpack .../111-libdecor-0-0_0.2.2-1build2_amd64.deb ...
2026-10-07T22:29:04.8658325Z Unpacking libdecor-0-0:amd64 (0.2.2-1build2) ...
2026-10-07T22:29:04.8854682Z Selecting previously unselected package libgles2:amd64.
2026-10-07T22:29:04.8980974Z Preparing to unpack .../112-libgles2_1.7.0-1build1_amd64.deb ...
2026-10-07T22:29:04.8986853Z Unpacking libgles2:amd64 (1.7.0-1build1) ...
2026-10-07T22:29:04.9184519Z Selecting previously unselected package libdirectfb-1.7-7t64:amd64.
2026-10-07T22:29:04.9310312Z Preparing to unpack .../113-libdirectfb-1.7-7t64_1.7.7-11.1ubuntu2_amd64.deb ...
2026-10-07T22:29:04.9316707Z Unpacking libdirectfb-1.7-7t64:amd64 (1.7.7-11.1ubuntu2) ...
2026-10-07T22:29:04.9707167Z Selecting previously unselected package libdvdread8t64:amd64.
2026-10-07T22:29:04.9835917Z Preparing to unpack .../114-libdvdread8t64_6.1.3-1.1build1_amd64.deb ...
2026-10-07T22:29:04.9847865Z Unpacking libdvdread8t64:amd64 (6.1.3-1.1build1) ...
2026-10-07T22:29:05.0054683Z Selecting previously unselected package libdvdnav4:amd64.
2026-10-07T22:29:05.0182745Z Preparing to unpack .../115-libdvdnav4_6.1.1-3build1_amd64.deb ...
2026-10-07T22:29:05.0188445Z Unpacking libdvdnav4:amd64 (6.1.1-3build1) ...
2026-10-07T22:29:05.0395060Z Selecting previously unselected package libegl-mesa0:amd64.
2026-10-07T22:29:05.0521178Z Preparing to unpack .../116-libegl-mesa0_25.2.8-0ubuntu0.24.04.4_amd64.deb ...
2026-10-07T22:29:05.0527854Z Unpacking libegl-mesa0:amd64 (25.2.8-0ubuntu0.24.04.4) ...
2026-10-07T22:29:05.0762930Z Selecting previously unselected package libevent-2.1-7t64:amd64.
2026-10-07T22:29:05.0891351Z Preparing to unpack .../117-libevent-2.1-7t64_2.1.12-stable-9ubuntu2.2_amd64.deb ...
2026-10-07T22:29:05.0897425Z Unpacking libevent-2.1-7t64:amd64 (2.1.12-stable-9ubuntu2.2) ...
2026-10-07T22:29:05.1112421Z Selecting previously unselected package libfaad2:amd64.
2026-10-07T22:29:05.1240378Z Preparing to unpack .../118-libfaad2_2.11.1-1build1_amd64.deb ...
2026-10-07T22:29:05.1248195Z Unpacking libfaad2:amd64 (2.11.1-1build1) ...
2026-10-07T22:29:05.1468288Z Selecting previously unselected package libinstpatch-1.0-2:amd64.
2026-10-07T22:29:05.1594867Z Preparing to unpack .../119-libinstpatch-1.0-2_1.1.6-1build2_amd64.deb ...
2026-10-07T22:29:05.1602470Z Unpacking libinstpatch-1.0-2:amd64 (1.1.6-1build2) ...
2026-10-07T22:29:05.1831880Z Selecting previously unselected package libjack-jackd2-0:amd64.
2026-10-07T22:29:05.1961049Z Preparing to unpack .../120-libjack-jackd2-0_1.9.21~dfsg-3ubuntu3_amd64.deb ...
2026-10-07T22:29:05.1968026Z Unpacking libjack-jackd2-0:amd64 (1.9.21~dfsg-3ubuntu3) ...
2026-10-07T22:29:05.2209024Z Selecting previously unselected package libwebrtc-audio-processing1:amd64.
2026-10-07T22:29:05.2335470Z Preparing to unpack .../121-libwebrtc-audio-processing1_0.3.1-0ubuntu6_amd64.deb ...
2026-10-07T22:29:05.2342172Z Unpacking libwebrtc-audio-processing1:amd64 (0.3.1-0ubuntu6) ...
2026-10-07T22:29:05.2557533Z Selecting previously unselected package libspa-0.2-modules:amd64.
2026-10-07T22:29:05.2685421Z Preparing to unpack .../122-libspa-0.2-modules_1.0.5-1ubuntu3.3_amd64.deb ...
2026-10-07T22:29:05.2690660Z Unpacking libspa-0.2-modules:amd64 (1.0.5-1ubuntu3.3) ...
2026-10-07T22:29:05.3003260Z Selecting previously unselected package libpipewire-0.3-0t64:amd64.
2026-10-07T22:29:05.3132863Z Preparing to unpack .../123-libpipewire-0.3-0t64_1.0.5-1ubuntu3.3_amd64.deb ...
2026-10-07T22:29:05.3139603Z Unpacking libpipewire-0.3-0t64:amd64 (1.0.5-1ubuntu3.3) ...
2026-10-07T22:29:05.3376009Z Selecting previously unselected package libsdl2-2.0-0:amd64.
2026-10-07T22:29:05.3507411Z Preparing to unpack .../124-libsdl2-2.0-0_2.30.0+dfsg-1ubuntu3.1_amd64.deb ...
2026-10-07T22:29:05.3513652Z Unpacking libsdl2-2.0-0:amd64 (2.30.0+dfsg-1ubuntu3.1) ...
2026-10-07T22:29:05.3792683Z Selecting previously unselected package timgm6mb-soundfont.
2026-10-07T22:29:05.3922245Z Preparing to unpack .../125-timgm6mb-soundfont_1.3-5_all.deb ...
2026-10-07T22:29:05.3929764Z Unpacking timgm6mb-soundfont (1.3-5) ...
2026-10-07T22:29:05.7575419Z Selecting previously unselected package libfluidsynth3:amd64.
2026-10-07T22:29:05.7707335Z Preparing to unpack .../126-libfluidsynth3_2.3.4-1build3_amd64.deb ...
2026-10-07T22:29:05.7714008Z Unpacking libfluidsynth3:amd64 (2.3.4-1build3) ...
2026-10-07T22:29:05.7935388Z Selecting previously unselected package libfreeaptx0:amd64.
2026-10-07T22:29:05.8069816Z Preparing to unpack .../127-libfreeaptx0_0.1.1-2build1_amd64.deb ...
2026-10-07T22:29:05.8085355Z Unpacking libfreeaptx0:amd64 (0.1.1-2build1) ...
2026-10-07T22:29:05.8311705Z Selecting previously unselected package libgraphene-1.0-0:amd64.
2026-10-07T22:29:05.8441163Z Preparing to unpack .../128-libgraphene-1.0-0_1.10.8-3build2_amd64.deb ...
2026-10-07T22:29:05.8447704Z Unpacking libgraphene-1.0-0:amd64 (1.10.8-3build2) ...
2026-10-07T22:29:05.8654066Z Selecting previously unselected package libgssdp-1.6-0:amd64.
2026-10-07T22:29:05.8782331Z Preparing to unpack .../129-libgssdp-1.6-0_1.6.3-1build3_amd64.deb ...
2026-10-07T22:29:05.8789805Z Unpacking libgssdp-1.6-0:amd64 (1.6.3-1build3) ...
2026-10-07T22:29:05.8993476Z Selecting previously unselected package libegl1:amd64.
2026-10-07T22:29:05.9120682Z Preparing to unpack .../130-libegl1_1.7.0-1build1_amd64.deb ...
2026-10-07T22:29:05.9126780Z Unpacking libegl1:amd64 (1.7.0-1build1) ...
2026-10-07T22:29:05.9333847Z Selecting previously unselected package libgstreamer-gl1.0-0:amd64.
2026-10-07T22:29:05.9461869Z Preparing to unpack .../131-libgstreamer-gl1.0-0_1.24.2-1ubuntu0.5_amd64.deb ...
2026-10-07T22:29:05.9468489Z Unpacking libgstreamer-gl1.0-0:amd64 (1.24.2-1ubuntu0.5) ...
2026-10-07T22:29:05.9683539Z Selecting previously unselected package libgtk-4-common.
2026-10-07T22:29:05.9811892Z Preparing to unpack .../132-libgtk-4-common_4.14.5+ds-0ubuntu0.10_all.deb ...
2026-10-07T22:29:05.9818766Z Unpacking libgtk-4-common (4.14.5+ds-0ubuntu0.10) ...
2026-10-07T22:29:06.0284709Z Selecting previously unselected package libgtk-4-1:amd64.
2026-10-07T22:29:06.0416570Z Preparing to unpack .../133-libgtk-4-1_4.14.5+ds-0ubuntu0.10_amd64.deb ...
2026-10-07T22:29:06.0422570Z Unpacking libgtk-4-1:amd64 (4.14.5+ds-0ubuntu0.10) ...
2026-10-07T22:29:06.1036314Z Selecting previously unselected package libgupnp-1.6-0:amd64.
2026-10-07T22:29:06.1169438Z Preparing to unpack .../134-libgupnp-1.6-0_1.6.6-1build3_amd64.deb ...
2026-10-07T22:29:06.1176347Z Unpacking libgupnp-1.6-0:amd64 (1.6.6-1build3) ...
2026-10-07T22:29:06.1386244Z Selecting previously unselected package libgupnp-igd-1.6-0:amd64.
2026-10-07T22:29:06.1516059Z Preparing to unpack .../135-libgupnp-igd-1.6-0_1.6.0-3build3_amd64.deb ...
2026-10-07T22:29:06.1522298Z Unpacking libgupnp-igd-1.6-0:amd64 (1.6.0-3build3) ...
2026-10-07T22:29:06.1723689Z Selecting previously unselected package libharfbuzz-icu0:amd64.
2026-10-07T22:29:06.1860430Z Preparing to unpack .../136-libharfbuzz-icu0_8.3.0-2build2_amd64.deb ...
2026-10-07T22:29:06.1866577Z Unpacking libharfbuzz-icu0:amd64 (8.3.0-2build2) ...
2026-10-07T22:29:06.2063628Z Selecting previously unselected package libhyphen0:amd64.
2026-10-07T22:29:06.2191909Z Preparing to unpack .../137-libhyphen0_2.8.8-7build3_amd64.deb ...
2026-10-07T22:29:06.2197801Z Unpacking libhyphen0:amd64 (2.8.8-7build3) ...
2026-10-07T22:29:06.2399505Z Selecting previously unselected package libimath-3-1-29t64:amd64.
2026-10-07T22:29:06.2527154Z Preparing to unpack .../138-libimath-3-1-29t64_3.1.9-3.1ubuntu2_amd64.deb ...
2026-10-07T22:29:06.2533337Z Unpacking libimath-3-1-29t64:amd64 (3.1.9-3.1ubuntu2) ...
2026-10-07T22:29:06.2745870Z Selecting previously unselected package liblc3-1:amd64.
2026-10-07T22:29:06.2873654Z Preparing to unpack .../139-liblc3-1_1.0.4-3build1_amd64.deb ...
2026-10-07T22:29:06.2879657Z Unpacking liblc3-1:amd64 (1.0.4-3build1) ...
2026-10-07T22:29:06.3080190Z Selecting previously unselected package libldacbt-enc2:amd64.
2026-10-07T22:29:06.3206121Z Preparing to unpack .../140-libldacbt-enc2_2.0.2.3+git20200429+ed310a0-4ubuntu2_amd64.deb ...
2026-10-07T22:29:06.3211784Z Unpacking libldacbt-enc2:amd64 (2.0.2.3+git20200429+ed310a0-4ubuntu2) ...
2026-10-07T22:29:06.3409372Z Selecting previously unselected package libraptor2-0:amd64.
2026-10-07T22:29:06.3534707Z Preparing to unpack .../141-libraptor2-0_2.0.16-3ubuntu0.1_amd64.deb ...
2026-10-07T22:29:06.3540909Z Unpacking libraptor2-0:amd64 (2.0.16-3ubuntu0.1) ...
2026-10-07T22:29:06.3755455Z Selecting previously unselected package liblrdf0:amd64.
2026-10-07T22:29:06.3881028Z Preparing to unpack .../142-liblrdf0_0.6.1-4build1_amd64.deb ...
2026-10-07T22:29:06.3886649Z Unpacking liblrdf0:amd64 (0.6.1-4build1) ...
2026-10-07T22:29:06.4089148Z Selecting previously unselected package libltc11:amd64.
2026-10-07T22:29:06.4213650Z Preparing to unpack .../143-libltc11_1.3.2-1build1_amd64.deb ...
2026-10-07T22:29:06.4219569Z Unpacking libltc11:amd64 (1.3.2-1build1) ...
2026-10-07T22:29:06.4417373Z Selecting previously unselected package libmanette-0.2-0:amd64.
2026-10-07T22:29:06.4542865Z Preparing to unpack .../144-libmanette-0.2-0_0.2.7-1build2_amd64.deb ...
2026-10-07T22:29:06.4548690Z Unpacking libmanette-0.2-0:amd64 (0.2.7-1build2) ...
2026-10-07T22:29:06.5095005Z Selecting previously unselected package libmfx1:amd64.
2026-10-07T22:29:06.5223281Z Preparing to unpack .../145-libmfx1_22.5.4-1_amd64.deb ...
2026-10-07T22:29:06.5230412Z Unpacking libmfx1:amd64 (22.5.4-1) ...
2026-10-07T22:29:06.6141034Z Selecting previously unselected package libmjpegutils-2.1-0t64:amd64.
2026-10-07T22:29:06.6273821Z Preparing to unpack .../146-libmjpegutils-2.1-0t64_1%3a2.1.0+debian-8.1build1_amd64.deb ...
2026-10-07T22:29:06.6279399Z Unpacking libmjpegutils-2.1-0t64:amd64 (1:2.1.0+debian-8.1build1) ...
2026-10-07T22:29:06.6483621Z Selecting previously unselected package libmodplug1:amd64.
2026-10-07T22:29:06.6612052Z Preparing to unpack .../147-libmodplug1_1%3a0.8.9.0-3build1_amd64.deb ...
2026-10-07T22:29:06.6618877Z Unpacking libmodplug1:amd64 (1:0.8.9.0-3build1) ...
2026-10-07T22:29:06.6838800Z Selecting previously unselected package libmpcdec6:amd64.
2026-10-07T22:29:06.6968868Z Preparing to unpack .../148-libmpcdec6_2%3a0.1~r495-2build1_amd64.deb ...
2026-10-07T22:29:06.6976031Z Unpacking libmpcdec6:amd64 (2:0.1~r495-2build1) ...
2026-10-07T22:29:06.7175680Z Selecting previously unselected package libmpeg2encpp-2.1-0t64:amd64.
2026-10-07T22:29:06.7304855Z Preparing to unpack .../149-libmpeg2encpp-2.1-0t64_1%3a2.1.0+debian-8.1build1_amd64.deb ...
2026-10-07T22:29:06.7310449Z Unpacking libmpeg2encpp-2.1-0t64:amd64 (1:2.1.0+debian-8.1build1) ...
2026-10-07T22:29:06.7516166Z Selecting previously unselected package libmplex2-2.1-0t64:amd64.
2026-10-07T22:29:06.7643021Z Preparing to unpack .../150-libmplex2-2.1-0t64_1%3a2.1.0+debian-8.1build1_amd64.deb ...
2026-10-07T22:29:06.7649048Z Unpacking libmplex2-2.1-0t64:amd64 (1:2.1.0+debian-8.1build1) ...
2026-10-07T22:29:06.7869130Z Selecting previously unselected package libneon27t64:amd64.
2026-10-07T22:29:06.7993891Z Preparing to unpack .../151-libneon27t64_0.33.0-1.1build3_amd64.deb ...
2026-10-07T22:29:06.8005596Z Unpacking libneon27t64:amd64 (0.33.0-1.1build3) ...
2026-10-07T22:29:06.8227464Z Selecting previously unselected package libnice10:amd64.
2026-10-07T22:29:06.8349926Z Preparing to unpack .../152-libnice10_0.1.21-2build3_amd64.deb ...
2026-10-07T22:29:06.8356444Z Unpacking libnice10:amd64 (0.1.21-2build3) ...
2026-10-07T22:29:06.8567511Z Selecting previously unselected package libopenal-data.
2026-10-07T22:29:06.8692203Z Preparing to unpack .../153-libopenal-data_1%3a1.23.1-4build1_all.deb ...
2026-10-07T22:29:06.8698350Z Unpacking libopenal-data (1:1.23.1-4build1) ...
2026-10-07T22:29:06.8918625Z Selecting previously unselected package libopenexr-3-1-30:amd64.
2026-10-07T22:29:06.9042397Z Preparing to unpack .../154-libopenexr-3-1-30_3.1.5-5.1build3_amd64.deb ...
2026-10-07T22:29:06.9051010Z Unpacking libopenexr-3-1-30:amd64 (3.1.5-5.1build3) ...
2026-10-07T22:29:06.9411097Z Selecting previously unselected package libopenh264-7:amd64.
2026-10-07T22:29:06.9540872Z Preparing to unpack .../155-libopenh264-7_2.4.1+dfsg-1_amd64.deb ...
2026-10-07T22:29:06.9548877Z Unpacking libopenh264-7:amd64 (2.4.1+dfsg-1) ...
2026-10-07T22:29:06.9797152Z Selecting previously unselected package libopenni2-0:amd64.
2026-10-07T22:29:06.9925060Z Preparing to unpack .../156-libopenni2-0_2.2.0.33+dfsg-18_amd64.deb ...
2026-10-07T22:29:06.9955025Z Unpacking libopenni2-0:amd64 (2.2.0.33+dfsg-18) ...
2026-10-07T22:29:07.0210564Z Selecting previously unselected package libqrencode4:amd64.
2026-10-07T22:29:07.0338982Z Preparing to unpack .../157-libqrencode4_4.1.1-1build2_amd64.deb ...
2026-10-07T22:29:07.0345713Z Unpacking libqrencode4:amd64 (4.1.1-1build2) ...
2026-10-07T22:29:07.0539409Z Selecting previously unselected package libsecret-common.
2026-10-07T22:29:07.0667130Z Preparing to unpack .../158-libsecret-common_0.21.4-1build3_all.deb ...
2026-10-07T22:29:07.0673661Z Unpacking libsecret-common (0.21.4-1build3) ...
2026-10-07T22:29:07.0869500Z Selecting previously unselected package libsecret-1-0:amd64.
2026-10-07T22:29:07.0999151Z Preparing to unpack .../159-libsecret-1-0_0.21.4-1build3_amd64.deb ...
2026-10-07T22:29:07.1005802Z Unpacking libsecret-1-0:amd64 (0.21.4-1build3) ...
2026-10-07T22:29:07.1218035Z Selecting previously unselected package libsndio7.0:amd64.
2026-10-07T22:29:07.1344571Z Preparing to unpack .../160-libsndio7.0_1.9.0-0.3build3_amd64.deb ...
2026-10-07T22:29:07.1351287Z Unpacking libsndio7.0:amd64 (1.9.0-0.3build3) ...
2026-10-07T22:29:07.1552169Z Selecting previously unselected package libsoundtouch1:amd64.
2026-10-07T22:29:07.1678565Z Preparing to unpack .../161-libsoundtouch1_2.3.2+ds1-1build1_amd64.deb ...
2026-10-07T22:29:07.1685413Z Unpacking libsoundtouch1:amd64 (2.3.2+ds1-1build1) ...
2026-10-07T22:29:07.1895152Z Selecting previously unselected package libspandsp2t64:amd64.
2026-10-07T22:29:07.2020612Z Preparing to unpack .../162-libspandsp2t64_0.0.6+dfsg-2.1build1_amd64.deb ...
2026-10-07T22:29:07.2027557Z Unpacking libspandsp2t64:amd64 (0.0.6+dfsg-2.1build1) ...
2026-10-07T22:29:07.2259575Z Selecting previously unselected package libsrtp2-1:amd64.
2026-10-07T22:29:07.2386739Z Preparing to unpack .../163-libsrtp2-1_2.5.0-3build1_amd64.deb ...
2026-10-07T22:29:07.2393722Z Unpacking libsrtp2-1:amd64 (2.5.0-3build1) ...
2026-10-07T22:29:07.2821433Z Selecting previously unselected package libwayland-server0:amd64.
2026-10-07T22:29:07.2950997Z Preparing to unpack .../164-libwayland-server0_1.22.0-2.1build1_amd64.deb ...
2026-10-07T22:29:07.2957430Z Unpacking libwayland-server0:amd64 (1.22.0-2.1build1) ...
2026-10-07T22:29:07.3162813Z Selecting previously unselected package libwildmidi2:amd64.
2026-10-07T22:29:07.3291878Z Preparing to unpack .../165-libwildmidi2_0.4.3-1build3_amd64.deb ...
2026-10-07T22:29:07.3298169Z Unpacking libwildmidi2:amd64 (0.4.3-1build3) ...
2026-10-07T22:29:07.3507333Z Selecting previously unselected package libwoff1:amd64.
2026-10-07T22:29:07.3634815Z Preparing to unpack .../166-libwoff1_1.0.2-2build1_amd64.deb ...
2026-10-07T22:29:07.3642763Z Unpacking libwoff1:amd64 (1.0.2-2build1) ...
2026-10-07T22:29:07.3849805Z Selecting previously unselected package libxcb-xkb1:amd64.
2026-10-07T22:29:07.3975760Z Preparing to unpack .../167-libxcb-xkb1_1.15-1ubuntu2_amd64.deb ...
2026-10-07T22:29:07.3981732Z Unpacking libxcb-xkb1:amd64 (1.15-1ubuntu2) ...
2026-10-07T22:29:07.4186190Z Selecting previously unselected package libxkbcommon-x11-0:amd64.
2026-10-07T22:29:07.4308938Z Preparing to unpack .../168-libxkbcommon-x11-0_1.6.0-1build1_amd64.deb ...
2026-10-07T22:29:07.4315689Z Unpacking libxkbcommon-x11-0:amd64 (1.6.0-1build1) ...
2026-10-07T22:29:07.4513730Z Selecting previously unselected package libzbar0t64:amd64.
2026-10-07T22:29:07.4639860Z Preparing to unpack .../169-libzbar0t64_0.23.93-4build3_amd64.deb ...
2026-10-07T22:29:07.4646602Z Unpacking libzbar0t64:amd64 (0.23.93-4build3) ...
2026-10-07T22:29:07.4860176Z Selecting previously unselected package libzxing3:amd64.
2026-10-07T22:29:07.4987723Z Preparing to unpack .../170-libzxing3_2.2.1-3_amd64.deb ...
2026-10-07T22:29:07.5369591Z Unpacking libzxing3:amd64 (2.2.1-3) ...
2026-10-07T22:29:07.5611937Z Selecting previously unselected package xfonts-encodings.
2026-10-07T22:29:07.5741956Z Preparing to unpack .../171-xfonts-encodings_1%3a1.0.5-0ubuntu2_all.deb ...
2026-10-07T22:29:07.5748335Z Unpacking xfonts-encodings (1:1.0.5-0ubuntu2) ...
2026-10-07T22:29:07.6042380Z Selecting previously unselected package xfonts-utils.
2026-10-07T22:29:07.6169936Z Preparing to unpack .../172-xfonts-utils_1%3a7.7+6build3_amd64.deb ...
2026-10-07T22:29:07.6176497Z Unpacking xfonts-utils (1:7.7+6build3) ...
2026-10-07T22:29:07.6481792Z Selecting previously unselected package xfonts-cyrillic.
2026-10-07T22:29:07.6609928Z Preparing to unpack .../173-xfonts-cyrillic_1%3a1.0.5+nmu1_all.deb ...
2026-10-07T22:29:07.6616503Z Unpacking xfonts-cyrillic (1:1.0.5+nmu1) ...
2026-10-07T22:29:07.6945585Z Selecting previously unselected package xfonts-scalable.
2026-10-07T22:29:07.7077049Z Preparing to unpack .../174-xfonts-scalable_1%3a1.0.3-1.3_all.deb ...
2026-10-07T22:29:07.7083436Z Unpacking xfonts-scalable (1:1.0.3-1.3) ...
2026-10-07T22:29:07.7322213Z Selecting previously unselected package libgstreamer-plugins-bad1.0-0:amd64.
2026-10-07T22:29:07.7452742Z Preparing to unpack .../175-libgstreamer-plugins-bad1.0-0_1.24.2-1ubuntu4_amd64.deb ...
2026-10-07T22:29:07.7458931Z Unpacking libgstreamer-plugins-bad1.0-0:amd64 (1.24.2-1ubuntu4) ...
2026-10-07T22:29:07.7817314Z Selecting previously unselected package libdca0:amd64.
2026-10-07T22:29:07.7948423Z Preparing to unpack .../176-libdca0_0.0.7-2build1_amd64.deb ...
2026-10-07T22:29:07.7953669Z Unpacking libdca0:amd64 (0.0.7-2build1) ...
2026-10-07T22:29:07.8161881Z Selecting previously unselected package libopenal1:amd64.
2026-10-07T22:29:07.8291400Z Preparing to unpack .../177-libopenal1_1%3a1.23.1-4build1_amd64.deb ...
2026-10-07T22:29:07.8297161Z Unpacking libopenal1:amd64 (1:1.23.1-4build1) ...
2026-10-07T22:29:07.8550250Z Selecting previously unselected package libsbc1:amd64.
2026-10-07T22:29:07.8681263Z Preparing to unpack .../178-libsbc1_2.0-1build1_amd64.deb ...
2026-10-07T22:29:07.8687155Z Unpacking libsbc1:amd64 (2.0-1build1) ...
2026-10-07T22:29:07.8887963Z Selecting previously unselected package libvo-aacenc0:amd64.
2026-10-07T22:29:07.9015281Z Preparing to unpack .../179-libvo-aacenc0_0.1.3-2build1_amd64.deb ...
2026-10-07T22:29:07.9022142Z Unpacking libvo-aacenc0:amd64 (0.1.3-2build1) ...
2026-10-07T22:29:07.9225514Z Selecting previously unselected package libvo-amrwbenc0:amd64.
2026-10-07T22:29:07.9351770Z Preparing to unpack .../180-libvo-amrwbenc0_0.1.3-2build1_amd64.deb ...
2026-10-07T22:29:07.9358379Z Unpacking libvo-amrwbenc0:amd64 (0.1.3-2build1) ...
2026-10-07T22:29:07.9558661Z Selecting previously unselected package gstreamer1.0-plugins-bad:amd64.
2026-10-07T22:29:07.9684136Z Preparing to unpack .../181-gstreamer1.0-plugins-bad_1.24.2-1ubuntu4_amd64.deb ...
2026-10-07T22:29:07.9689378Z Unpacking gstreamer1.0-plugins-bad:amd64 (1.24.2-1ubuntu4) ...
2026-10-07T22:29:08.0878889Z Setting up libgme0:amd64 (0.6.3-7build1) ...
2026-10-07T22:29:08.0906110Z Setting up libchromaprint1:amd64 (1.5.1-5) ...
2026-10-07T22:29:08.0920949Z Setting up libssh-gcrypt-4:amd64 (0.10.6-2ubuntu0.5) ...
2026-10-07T22:29:08.0936652Z Setting up libhwy1t64:amd64 (1.0.7-8.1build1) ...
2026-10-07T22:29:08.0951894Z Setting up libfreeaptx0:amd64 (0.1.1-2build1) ...
2026-10-07T22:29:08.0966253Z Setting up libdvdread8t64:amd64 (6.1.3-1.1build1) ...
2026-10-07T22:29:08.0981003Z Setting up libudfread0:amd64 (1.1.2-1build1) ...
2026-10-07T22:29:08.0995380Z Setting up libmodplug1:amd64 (1:0.8.9.0-3build1) ...
2026-10-07T22:29:08.1012452Z Setting up libcdparanoia0:amd64 (3.10.2+debian-14build3) ...
2026-10-07T22:29:08.1025900Z Setting up libwayland-server0:amd64 (1.22.0-2.1build1) ...
2026-10-07T22:29:08.1040707Z Setting up libvo-amrwbenc0:amd64 (0.1.3-2build1) ...
2026-10-07T22:29:08.1053820Z Setting up session-migration (0.3.9build1) ...
2026-10-07T22:29:08.2132761Z Created symlink /etc/systemd/user/graphical-session-pre.target.wants/session-migration.service → /usr/lib/systemd/user/session-migration.service.
2026-10-07T22:29:08.2134013Z 
2026-10-07T22:29:08.2162073Z Setting up libraw1394-11:amd64 (2.1.2-2build3) ...
2026-10-07T22:29:08.2178369Z Setting up libsbc1:amd64 (2.0-1build1) ...
2026-10-07T22:29:08.2195472Z Setting up libproxy1v5:amd64 (0.5.4-4build1) ...
2026-10-07T22:29:08.2210170Z Setting up libneon27t64:amd64 (0.33.0-1.1build3) ...
2026-10-07T22:29:08.2224858Z Setting up libtag1v5-vanilla:amd64 (1.13.1-1build1) ...
2026-10-07T22:29:08.2239458Z Setting up libharfbuzz-icu0:amd64 (8.3.0-2build2) ...
2026-10-07T22:29:08.2254607Z Setting up libopenni2-0:amd64 (2.2.0.33+dfsg-18) ...
2026-10-07T22:29:08.2416901Z Setting up libspeex1:amd64 (1.2.1-2ubuntu2.24.04.1) ...
2026-10-07T22:29:08.2429913Z Setting up libshine3:amd64 (3.1.1-2build1) ...
2026-10-07T22:29:08.2445461Z Setting up libcaca0:amd64 (0.99.beta20-4ubuntu0.2) ...
2026-10-07T22:29:08.2459350Z Setting up libvpl2 (2023.3.0-1build1) ...
2026-10-07T22:29:08.2472491Z Setting up libv4lconvert0t64:amd64 (1.26.1-4build3) ...
2026-10-07T22:29:08.2491614Z Setting up libx264-164:amd64 (2:0.164.3108+git31e19f9-1) ...
2026-10-07T22:29:08.2505257Z Setting up libtwolame0:amd64 (0.4.0-2build3) ...
2026-10-07T22:29:08.2520432Z Setting up libmbedcrypto7t64:amd64 (2.28.8-1) ...
2026-10-07T22:29:08.2535139Z Setting up libwoff1:amd64 (1.0.2-2build1) ...
2026-10-07T22:29:08.2550023Z Setting up liblc3-1:amd64 (1.0.4-3build1) ...
2026-10-07T22:29:08.2564549Z Setting up libqrencode4:amd64 (4.1.1-1build2) ...
2026-10-07T22:29:08.2577981Z Setting up libhyphen0:amd64 (2.8.8-7build3) ...
2026-10-07T22:29:08.2592000Z Setting up libgsm1:amd64 (1.0.22-1build1) ...
2026-10-07T22:29:08.2606310Z Setting up libvisual-0.4-0:amd64 (0.4.2-2build1) ...
2026-10-07T22:29:08.2621102Z Setting up libsoxr0:amd64 (0.1.3-4build3) ...
2026-10-07T22:29:08.2648378Z Setting up libzix-0-0:amd64 (0.4.2-2build1) ...
2026-10-07T22:29:08.2664255Z Setting up libcodec2-1.2:amd64 (1.2.0-2build1) ...
2026-10-07T22:29:08.2679946Z Setting up libmanette-0.2-0:amd64 (0.2.7-1build2) ...
2026-10-07T22:29:08.2695200Z Setting up libsrtp2-1:amd64 (2.5.0-3build1) ...
2026-10-07T22:29:08.2712691Z Setting up libmysofa1:amd64 (1.3.2+dfsg-2ubuntu2) ...
2026-10-07T22:29:08.2726680Z Setting up libraptor2-0:amd64 (2.0.16-3ubuntu0.1) ...
2026-10-07T22:29:08.2740956Z Setting up libldacbt-enc2:amd64 (2.0.2.3+git20200429+ed310a0-4ubuntu2) ...
2026-10-07T22:29:08.2755099Z Setting up fonts-wqy-zenhei (0.9.45-8) ...
2026-10-07T22:29:08.2866639Z Setting up libwebrtc-audio-processing1:amd64 (0.3.1-0ubuntu6) ...
2026-10-07T22:29:08.2882538Z Setting up fonts-freefont-ttf (20211204+svn4273-2) ...
2026-10-07T22:29:08.2896927Z Setting up libevent-2.1-7t64:amd64 (2.1.12-stable-9ubuntu2.2) ...
2026-10-07T22:29:08.2913670Z Setting up libsvtav1enc1d1:amd64 (1.7.0+dfsg-2build1) ...
2026-10-07T22:29:08.2931066Z Setting up libsoup-3.0-common (3.4.4-5ubuntu0.9) ...
2026-10-07T22:29:08.2944890Z Setting up libmpg123-0t64:amd64 (1.32.5-1ubuntu1.1) ...
2026-10-07T22:29:08.2963707Z Setting up libcjson1:amd64 (1.7.17-1) ...
2026-10-07T22:29:08.2980481Z Setting up libxvidcore4:amd64 (2:1.3.7-1build1) ...
2026-10-07T22:29:08.2997823Z Setting up libmpcdec6:amd64 (2:0.1~r495-2build1) ...
2026-10-07T22:29:08.3015553Z Setting up libmjpegutils-2.1-0t64:amd64 (1:2.1.0+debian-8.1build1) ...
2026-10-07T22:29:08.3030312Z Setting up librav1e0:amd64 (0.7.1-2) ...
2026-10-07T22:29:08.3046673Z Setting up liborc-0.4-0t64:amd64 (1:0.4.38-1ubuntu0.1) ...
2026-10-07T22:29:08.3061396Z Setting up libxcb-xkb1:amd64 (1.15-1ubuntu2) ...
2026-10-07T22:29:08.3076870Z Setting up libvo-aacenc0:amd64 (0.1.3-2build1) ...
2026-10-07T22:29:08.3091473Z Setting up librist4:amd64 (0.2.10+dfsg-2) ...
2026-10-07T22:29:08.3107784Z Setting up librsvg2-2:amd64 (2.58.0+dfsg-1ubuntu0.1) ...
2026-10-07T22:29:08.3125027Z Setting up libblas3:amd64 (3.12.0-3build1.1) ...
2026-10-07T22:29:08.3185889Z update-alternatives: using /usr/lib/x86_64-linux-gnu/blas/libblas.so.3 to provide /usr/lib/x86_64-linux-gnu/libblas.so.3 (libblas.so.3-x86_64-linux-gnu) in auto mode
2026-10-07T22:29:08.3199711Z Setting up libegl-mesa0:amd64 (25.2.8-0ubuntu0.24.04.4) ...
2026-10-07T22:29:08.3217128Z Setting up libsoundtouch1:amd64 (2.3.2+ds1-1build1) ...
2026-10-07T22:29:08.3230888Z Setting up libplacebo338:amd64 (6.338.2-2build1) ...
2026-10-07T22:29:08.3245096Z Setting up libgles2:amd64 (1.7.0-1build1) ...
2026-10-07T22:29:08.3260069Z Setting up fonts-tlwg-loma-otf (1:0.7.3-1) ...
2026-10-07T22:29:08.3277654Z Setting up libva2:amd64 (2.20.0-2ubuntu0.2) ...
2026-10-07T22:29:08.3294292Z Setting up libfreetype6:amd64 (2.13.2+dfsg-1ubuntu0.2) ...
2026-10-07T22:29:08.3310780Z Setting up libspa-0.2-modules:amd64 (1.0.5-1ubuntu3.3) ...
2026-10-07T22:29:08.3325076Z Setting up libzxing3:amd64 (2.2.1-3) ...
2026-10-07T22:29:08.3343880Z Setting up xfonts-encodings (1:1.0.5-0ubuntu2) ...
2026-10-07T22:29:08.3358531Z Setting up libopus0:amd64 (1.4-1build1) ...
2026-10-07T22:29:08.3374825Z Setting up libfaad2:amd64 (2.11.1-1build1) ...
2026-10-07T22:29:08.3388465Z Setting up libxkbcommon-x11-0:amd64 (1.6.0-1build1) ...
2026-10-07T22:29:08.3404537Z Setting up libdc1394-25:amd64 (2.2.6-4build1) ...
2026-10-07T22:29:08.3424191Z Setting up libimath-3-1-29t64:amd64 (3.1.9-3.1ubuntu2) ...
2026-10-07T22:29:08.3440099Z Setting up libunibreak5:amd64 (5.1-2build1) ...
2026-10-07T22:29:08.3459372Z Setting up libdv4t64:amd64 (1.0.0-17.1build1) ...
2026-10-07T22:29:08.3475609Z Setting up libjxl0.7:amd64 (0.7.0-10.2ubuntu6.1) ...
2026-10-07T22:29:08.3492150Z Setting up libopenh264-7:amd64 (2.4.1+dfsg-1) ...
2026-10-07T22:29:08.3509462Z Setting up libltc11:amd64 (1.3.2-1build1) ...
2026-10-07T22:29:08.3526128Z Setting up libx265-199:amd64 (3.5-2build1) ...
2026-10-07T22:29:08.3543714Z Setting up libv4l-0t64:amd64 (1.26.1-4build3) ...
2026-10-07T22:29:08.3558676Z Setting up libavtp0:amd64 (0.2.0-1build1) ...
2026-10-07T22:29:08.3576479Z Setting up libsndio7.0:amd64 (1.9.0-0.3build3) ...
2026-10-07T22:29:08.3823304Z Setting up libdirectfb-1.7-7t64:amd64 (1.7.7-11.1ubuntu2) ...
2026-10-07T22:29:08.3837999Z Setting up libspandsp2t64:amd64 (0.0.6+dfsg-2.1build1) ...
2026-10-07T22:29:08.3852256Z Setting up libvidstab1.1:amd64 (1.1.0-2build1) ...
2026-10-07T22:29:08.3869925Z Setting up libvpx9:amd64 (1.14.0-1ubuntu2.3) ...
2026-10-07T22:29:08.3885427Z Setting up libsrt1.5-gnutls:amd64 (1.5.3-1build2) ...
2026-10-07T22:29:08.3903001Z Setting up libtag1v5:amd64 (1.13.1-1build1) ...
2026-10-07T22:29:08.3923248Z Setting up libflite1:amd64 (2.2-6build3) ...
2026-10-07T22:29:08.3937913Z Setting up libdav1d7:amd64 (1.4.1-1build1) ...
2026-10-07T22:29:08.3953803Z Setting up libva-drm2:amd64 (2.20.0-2ubuntu0.2) ...
2026-10-07T22:29:08.3968272Z Setting up fonts-ipafont-gothic (00303-21ubuntu1) ...
2026-10-07T22:29:08.4036884Z update-alternatives: using /usr/share/fonts/opentype/ipafont-gothic/ipag.ttf to provide /usr/share/fonts/truetype/fonts-japanese-gothic.ttf (fonts-japanese-gothic.ttf) in auto mode
2026-10-07T22:29:08.4053487Z Setting up ocl-icd-libopencl1:amd64 (2.3.2-1build1) ...
2026-10-07T22:29:08.4070118Z Setting up libasyncns0:amd64 (0.8-6build4) ...
2026-10-07T22:29:08.4084634Z Setting up libwildmidi2:amd64 (0.4.3-1build3) ...
2026-10-07T22:29:08.4099660Z Setting up libvdpau1:amd64 (1.5-2build1) ...
2026-10-07T22:29:08.4119088Z Setting up libwavpack1:amd64 (5.6.0-1build1) ...
2026-10-07T22:29:08.4136073Z Setting up libbs2b0:amd64 (3.1.0+dfsg-7build1) ...
2026-10-07T22:29:08.4150784Z Setting up libtheora0:amd64 (1.1.1+dfsg.1-16.1build3) ...
2026-10-07T22:29:08.4165879Z Setting up libegl1:amd64 (1.7.0-1build1) ...
2026-10-07T22:29:08.4180671Z Setting up libdecor-0-0:amd64 (0.2.2-1build2) ...
2026-10-07T22:29:08.4196226Z Setting up libdca0:amd64 (0.0.7-2build1) ...
2026-10-07T22:29:08.4210295Z Setting up libzimg2:amd64 (3.0.5+ds1-1build1) ...
2026-10-07T22:29:08.4229712Z Setting up libopenal-data (1:1.23.1-4build1) ...
2026-10-07T22:29:08.4251572Z Setting up libabsl20220623t64:amd64 (20220623.1-3.1ubuntu3.2) ...
2026-10-07T22:29:08.4266470Z Setting up libflac12t64:amd64 (1.4.3+ds-2.1ubuntu2) ...
2026-10-07T22:29:08.4284463Z Setting up libgtk-4-common (4.14.5+ds-0ubuntu0.10) ...
2026-10-07T22:29:08.4299210Z Setting up libmpeg2encpp-2.1-0t64:amd64 (1:2.1.0+debian-8.1build1) ...
2026-10-07T22:29:08.4316486Z Setting up glib-networking-common (2.80.0-1build1) ...
2026-10-07T22:29:08.4331301Z Setting up libmfx1:amd64 (22.5.4-1) ...
2026-10-07T22:29:08.4348462Z Setting up libbluray2:amd64 (1:1.3.4-1build1) ...
2026-10-07T22:29:08.4368407Z Setting up libde265-0:amd64 (1.0.15-1ubuntu0.1) ...
2026-10-07T22:29:08.4385592Z Setting up libsamplerate0:amd64 (0.2.2-4build1) ...
2026-10-07T22:29:08.4402384Z Setting up timgm6mb-soundfont (1.3-5) ...
2026-10-07T22:29:08.4483953Z update-alternatives: using /usr/share/sounds/sf2/TimGM6mb.sf2 to provide /usr/share/sounds/sf2/default-GM.sf2 (default-GM.sf2) in auto mode
2026-10-07T22:29:08.4528877Z update-alternatives: using /usr/share/sounds/sf2/TimGM6mb.sf2 to provide /usr/share/sounds/sf3/default-GM.sf3 (default-GM.sf3) in auto mode
2026-10-07T22:29:08.4543864Z Setting up libva-x11-2:amd64 (2.20.0-2ubuntu0.2) ...
2026-10-07T22:29:08.4559621Z Setting up libyuv0:amd64 (0.0~git202401110.af6ac82-1) ...
2026-10-07T22:29:08.4574533Z Setting up libmplex2-2.1-0t64:amd64 (1:2.1.0+debian-8.1build1) ...
2026-10-07T22:29:08.4589501Z Setting up libpipewire-0.3-0t64:amd64 (1.0.5-1ubuntu3.3) ...
2026-10-07T22:29:08.4603078Z Setting up libopenmpt0t64:amd64 (0.7.3-1.1build3) ...
2026-10-07T22:29:08.4620404Z Setting up libzvbi-common (0.2.42-2) ...
2026-10-07T22:29:08.4634288Z Setting up libsecret-common (0.21.4-1build3) ...
2026-10-07T22:29:08.4648634Z Setting up libmp3lame0:amd64 (3.100-6build1) ...
2026-10-07T22:29:08.4663419Z Setting up libgraphene-1.0-0:amd64 (1.10.8-3build2) ...
2026-10-07T22:29:08.4678749Z Setting up libvorbisenc2:amd64 (1.3.7-1build3) ...
2026-10-07T22:29:08.4693998Z Setting up libdvdnav4:amd64 (6.1.1-3build1) ...
2026-10-07T22:29:08.4708228Z Setting up fonts-unifont (1:15.1.01-1build1) ...
2026-10-07T22:29:08.4726085Z Setting up libaa1:amd64 (1.4p5-51.1) ...
2026-10-07T22:29:08.4740386Z Setting up libiec61883-0:amd64 (1.2.0-6build1) ...
2026-10-07T22:29:08.4755549Z Setting up libserd-0-0:amd64 (0.32.2-1) ...
2026-10-07T22:29:08.4771894Z Setting up libavc1394-0:amd64 (0.5.4-5build3) ...
2026-10-07T22:29:08.4787260Z Setting up libcairo-script-interpreter2:amd64 (1.18.0-3build1) ...
2026-10-07T22:29:08.4805084Z Setting up gsettings-desktop-schemas (46.1-0ubuntu1) ...
2026-10-07T22:29:08.4819621Z Setting up glib-networking-services (2.80.0-1build1) ...
2026-10-07T22:29:08.4835776Z Setting up liblapack3:amd64 (3.12.0-3build1.1) ...
2026-10-07T22:29:08.4904132Z update-alternatives: using /usr/lib/x86_64-linux-gnu/lapack/liblapack.so.3 to provide /usr/lib/x86_64-linux-gnu/liblapack.so.3 (liblapack.so.3-x86_64-linux-gnu) in auto mode
2026-10-07T22:29:08.4917894Z Setting up libzvbi0t64:amd64 (0.2.42-2) ...
2026-10-07T22:29:08.5146630Z Setting up liblrdf0:amd64 (0.6.1-4build1) ...
2026-10-07T22:29:08.5161111Z Setting up libzbar0t64:amd64 (0.23.93-4build3) ...
2026-10-07T22:29:08.5178723Z Setting up libgstreamer-plugins-base1.0-0:amd64 (1.24.2-1ubuntu0.5) ...
2026-10-07T22:29:08.5195472Z Setting up libavutil58:amd64 (7:6.1.1-3ubuntu5) ...
2026-10-07T22:29:08.5210048Z Setting up libopenal1:amd64 (1:1.23.1-4build1) ...
2026-10-07T22:29:08.5226648Z Setting up xfonts-utils (1:7.7+6build3) ...
2026-10-07T22:29:08.5265638Z Setting up libsecret-1-0:amd64 (0.21.4-1build3) ...
2026-10-07T22:29:08.5279131Z Setting up libgstreamer-plugins-good1.0-0:amd64 (1.24.2-1ubuntu1.8) ...
2026-10-07T22:29:08.5294616Z Setting up libgstreamer-gl1.0-0:amd64 (1.24.2-1ubuntu0.5) ...
2026-10-07T22:29:08.5310703Z Setting up gstreamer1.0-plugins-base:amd64 (1.24.2-1ubuntu0.5) ...
2026-10-07T22:29:08.5327468Z Setting up libass9:amd64 (1:0.17.1-2build1) ...
2026-10-07T22:29:08.5341218Z Setting up libswresample4:amd64 (7:6.1.1-3ubuntu5) ...
2026-10-07T22:29:08.5356101Z Setting up libopenexr-3-1-30:amd64 (3.1.5-5.1build3) ...
2026-10-07T22:29:08.5369978Z Setting up libshout3:amd64 (2.4.6-1build2) ...
2026-10-07T22:29:08.5385174Z Setting up libgav1-1:amd64 (0.18.0-1build3) ...
2026-10-07T22:29:08.5402025Z Setting up libavcodec60:amd64 (7:6.1.1-3ubuntu5) ...
2026-10-07T22:29:08.5416694Z Setting up librubberband2:amd64 (3.3.0+dfsg-2build1) ...
2026-10-07T22:29:08.5433020Z Setting up libjack-jackd2-0:amd64 (1.9.21~dfsg-3ubuntu3) ...
2026-10-07T22:29:08.5448074Z Setting up libsord-0-0:amd64 (0.16.16-2build1) ...
2026-10-07T22:29:08.5461473Z Setting up xfonts-cyrillic (1:1.0.5+nmu1) ...
2026-10-07T22:29:08.5749091Z Setting up libpostproc57:amd64 (7:6.1.1-3ubuntu5) ...
2026-10-07T22:29:08.5765119Z Setting up libsratom-0-0:amd64 (0.6.16-1build1) ...
2026-10-07T22:29:08.5781829Z Setting up libsndfile1:amd64 (1.2.2-1ubuntu5.24.04.1) ...
2026-10-07T22:29:08.5800885Z Setting up liblilv-0-0:amd64 (0.24.22-1build1) ...
2026-10-07T22:29:08.5815180Z Setting up libinstpatch-1.0-2:amd64 (1.1.6-1build2) ...
2026-10-07T22:29:08.5829431Z Setting up xfonts-scalable (1:1.0.3-1.3) ...
2026-10-07T22:29:08.6096617Z Setting up libswscale7:amd64 (7:6.1.1-3ubuntu5) ...
2026-10-07T22:29:08.6116973Z Setting up libavif16:amd64 (1.0.4-1ubuntu3) ...
2026-10-07T22:29:08.6350434Z Setting up libpulse0:amd64 (1:16.1+dfsg1-2ubuntu10.1) ...
2026-10-07T22:29:08.6417946Z Setting up libavformat60:amd64 (7:6.1.1-3ubuntu5) ...
2026-10-07T22:29:08.6433803Z Setting up libsphinxbase3t64:amd64 (0.8+5prealpha+1-17build2) ...
2026-10-07T22:29:08.6451581Z Setting up libsdl2-2.0-0:amd64 (2.30.0+dfsg-1ubuntu3.1) ...
2026-10-07T22:29:08.6465079Z Setting up libfluidsynth3:amd64 (2.3.4-1build3) ...
2026-10-07T22:29:08.6479543Z Setting up libpocketsphinx3:amd64 (0.8.0+real5prealpha+1-15ubuntu5) ...
2026-10-07T22:29:08.6494115Z Setting up libavfilter9:amd64 (7:6.1.1-3ubuntu5) ...
2026-10-07T22:29:08.6512240Z Setting up gstreamer1.0-libav:amd64 (1.24.1-1build1) ...
2026-10-07T22:29:08.6791238Z Processing triggers for fontconfig (2.15.0-1.1ubuntu2) ...
2026-10-07T22:29:08.7569713Z Processing triggers for libc-bin (2.39-0ubuntu8.9) ...
2026-10-07T22:29:08.8006763Z Processing triggers for man-db (2.12.0-4build2) ...
2026-10-07T22:29:08.8026251Z Not building database; man-db/auto-update is not 'true'.
2026-10-07T22:29:08.8052829Z Processing triggers for libglib2.0-0t64:amd64 (2.80.0-6ubuntu3.9) ...
2026-10-07T22:29:08.8308800Z Setting up libgtk-4-1:amd64 (4.14.5+ds-0ubuntu0.10) ...
2026-10-07T22:29:08.8714619Z Setting up glib-networking:amd64 (2.80.0-1build1) ...
2026-10-07T22:29:08.8747174Z Setting up libsoup-3.0-0:amd64 (3.4.4-5ubuntu0.9) ...
2026-10-07T22:29:08.8776421Z Setting up libgssdp-1.6-0:amd64 (1.6.3-1build3) ...
2026-10-07T22:29:08.8852271Z Setting up gstreamer1.0-plugins-good:amd64 (1.24.2-1ubuntu1.8) ...
2026-10-07T22:29:08.8872841Z Setting up libgupnp-1.6-0:amd64 (1.6.6-1build3) ...
2026-10-07T22:29:08.8934753Z Setting up libgupnp-igd-1.6-0:amd64 (1.6.0-3build3) ...
2026-10-07T22:29:08.8971560Z Setting up libnice10:amd64 (0.1.21-2build3) ...
2026-10-07T22:29:08.9020338Z Setting up libgstreamer-plugins-bad1.0-0:amd64 (1.24.2-1ubuntu4) ...
2026-10-07T22:29:08.9062549Z Setting up gstreamer1.0-plugins-bad:amd64 (1.24.2-1ubuntu4) ...
2026-10-07T22:29:08.9080548Z Processing triggers for libc-bin (2.39-0ubuntu8.9) ...
2026-10-07T22:29:09.5206477Z 
2026-10-07T22:29:09.5207117Z Running kernel seems to be up-to-date.
2026-10-07T22:29:09.5207490Z 
2026-10-07T22:29:09.5207662Z Restarting services...
2026-10-07T22:29:09.5288289Z  systemctl restart php8.3-fpm.service
2026-10-07T22:29:09.6424797Z 
2026-10-07T22:29:09.6426536Z No containers need to be restarted.
2026-10-07T22:29:09.6426846Z 
2026-10-07T22:29:09.6427282Z No user sessions are running outdated binaries.
2026-10-07T22:29:09.6427728Z 
2026-10-07T22:29:09.6428245Z No VM guests are running outdated hypervisor (qemu) binaries on this host.
2026-10-07T22:29:10.5620756Z Downloading Chrome for Testing 151.0.7922.34 (playwright chromium v1234) from https://cdn.playwright.dev/builds/cft/151.0.7922.34/linux64/chrome-linux64.zip
2026-10-07T22:29:11.5971980Z |                                                                                |   0% of 184.3 MiB
2026-10-07T22:29:11.8225137Z |■■■■■■■■                                                                        |  10% of 184.3 MiB
2026-10-07T22:29:11.9217018Z |■■■■■■■■■■■■■■■■                                                                |  20% of 184.3 MiB
2026-10-07T22:29:12.0257275Z |■■■■■■■■■■■■■■■■■■■■■■■■                                                        |  30% of 184.3 MiB
2026-10-07T22:29:12.1099726Z |■■■■■■■■■■■■■■■■■■■■■■■■■■■■■■■■                                                |  40% of 184.3 MiB
2026-10-07T22:29:12.2013599Z |■■■■■■■■■■■■■■■■■■■■■■■■■■■■■■■■■■■■■■■■                                        |  50% of 184.3 MiB
2026-10-07T22:29:12.2637856Z |■■■■■■■■■■■■■■■■■■■■■■■■■■■■■■■■■■■■■■■■■■■■■■■■                                |  60% of 184.3 MiB
2026-10-07T22:29:12.3420090Z |■■■■■■■■■■■■■■■■■■■■■■■■■■■■■■■■■■■■■■■■■■■■■■■■■■■■■■■■                        |  70% of 184.3 MiB
2026-10-07T22:29:12.4413775Z |■■■■■■■■■■■■■■■■■■■■■■■■■■■■■■■■■■■■■■■■■■■■■■■■■■■■■■■■■■■■■■■■                |  80% of 184.3 MiB
2026-10-07T22:29:12.5425378Z |■■■■■■■■■■■■■■■■■■■■■■■■■■■■■■■■■■■■■■■■■■■■■■■■■■■■■■■■■■■■■■■■■■■■■■■■        |  90% of 184.3 MiB
2026-10-07T22:29:12.6053040Z |■■■■■■■■■■■■■■■■■■■■■■■■■■■■■■■■■■■■■■■■■■■■■■■■■■■■■■■■■■■■■■■■■■■■■■■■■■■■■■■■| 100% of 184.3 MiB
2026-10-07T22:29:15.5554849Z Chrome for Testing 151.0.7922.34 (playwright chromium v1234) downloaded to /home/runner/.cache/ms-playwright/chromium-1234
2026-10-07T22:29:15.5557781Z Downloading Chrome Headless Shell 151.0.7922.34 (playwright chromium-headless-shell v1234) from https://cdn.playwright.dev/builds/cft/151.0.7922.34/linux64/chrome-headless-shell-linux64.zip
2026-10-07T22:29:16.5830596Z |                                                                                |   0% of 114.7 MiB
2026-10-07T22:29:16.7482121Z |■■■■■■■■                                                                        |  10% of 114.7 MiB
2026-10-07T22:29:16.8262704Z |■■■■■■■■■■■■■■■■                                                                |  20% of 114.7 MiB
2026-10-07T22:29:16.8794618Z |■■■■■■■■■■■■■■■■■■■■■■■■                                                        |  30% of 114.7 MiB
2026-10-07T22:29:16.9342291Z |■■■■■■■■■■■■■■■■■■■■■■■■■■■■■■■■                                                |  40% of 114.7 MiB
2026-10-07T22:29:16.9979957Z |■■■■■■■■■■■■■■■■■■■■■■■■■■■■■■■■■■■■■■■■                                        |  50% of 114.7 MiB
2026-10-07T22:29:17.0361813Z |■■■■■■■■■■■■■■■■■■■■■■■■■■■■■■■■■■■■■■■■■■■■■■■■                                |  60% of 114.7 MiB
2026-10-07T22:29:17.0993630Z |■■■■■■■■■■■■■■■■■■■■■■■■■■■■■■■■■■■■■■■■■■■■■■■■■■■■■■■■                        |  70% of 114.7 MiB
2026-10-07T22:29:17.2862637Z |■■■■■■■■■■■■■■■■■■■■■■■■■■■■■■■■■■■■■■■■■■■■■■■■■■■■■■■■■■■■■■■■                |  80% of 114.7 MiB
2026-10-07T22:29:17.3875096Z |■■■■■■■■■■■■■■■■■■■■■■■■■■■■■■■■■■■■■■■■■■■■■■■■■■■■■■■■■■■■■■■■■■■■■■■■        |  90% of 114.7 MiB
2026-10-07T22:29:17.4389673Z |■■■■■■■■■■■■■■■■■■■■■■■■■■■■■■■■■■■■■■■■■■■■■■■■■■■■■■■■■■■■■■■■■■■■■■■■■■■■■■■■| 100% of 114.7 MiB
2026-10-07T22:29:19.6047935Z Chrome Headless Shell 151.0.7922.34 (playwright chromium-headless-shell v1234) downloaded to /home/runner/.cache/ms-playwright/chromium_headless_shell-1234
2026-10-07T22:29:19.6051194Z Downloading Firefox 153.0 (playwright firefox v1538) from https://cdn.playwright.dev/dbazure/download/playwright/builds/firefox/1538/firefox-ubuntu-24.04.zip
2026-10-07T22:29:20.6094107Z |                                                                                |   0% of 108.2 MiB
2026-10-07T22:29:20.8299953Z |■■■■■■■■                                                                        |  10% of 108.2 MiB
2026-10-07T22:29:20.8901430Z |■■■■■■■■■■■■■■■■                                                                |  20% of 108.2 MiB
2026-10-07T22:29:20.9439877Z |■■■■■■■■■■■■■■■■■■■■■■■■                                                        |  30% of 108.2 MiB
2026-10-07T22:29:20.9902068Z |■■■■■■■■■■■■■■■■■■■■■■■■■■■■■■■■                                                |  40% of 108.2 MiB
2026-10-07T22:29:21.0537199Z |■■■■■■■■■■■■■■■■■■■■■■■■■■■■■■■■■■■■■■■■                                        |  50% of 108.2 MiB
2026-10-07T22:29:21.1168717Z |■■■■■■■■■■■■■■■■■■■■■■■■■■■■■■■■■■■■■■■■■■■■■■■■                                |  60% of 108.2 MiB
2026-10-07T22:29:21.1812617Z |■■■■■■■■■■■■■■■■■■■■■■■■■■■■■■■■■■■■■■■■■■■■■■■■■■■■■■■■                        |  70% of 108.2 MiB
2026-10-07T22:29:21.2598673Z |■■■■■■■■■■■■■■■■■■■■■■■■■■■■■■■■■■■■■■■■■■■■■■■■■■■■■■■■■■■■■■■■                |  80% of 108.2 MiB
2026-10-07T22:29:21.3179017Z |■■■■■■■■■■■■■■■■■■■■■■■■■■■■■■■■■■■■■■■■■■■■■■■■■■■■■■■■■■■■■■■■■■■■■■■■        |  90% of 108.2 MiB
2026-10-07T22:29:21.3864220Z |■■■■■■■■■■■■■■■■■■■■■■■■■■■■■■■■■■■■■■■■■■■■■■■■■■■■■■■■■■■■■■■■■■■■■■■■■■■■■■■■| 100% of 108.2 MiB
2026-10-07T22:29:23.4254709Z Firefox 153.0 (playwright firefox v1538) downloaded to /home/runner/.cache/ms-playwright/firefox-1538
2026-10-07T22:29:23.4257504Z Downloading WebKit 26.5 (playwright webkit v2336) from https://cdn.playwright.dev/dbazure/download/playwright/builds/webkit/2336/webkit-ubuntu-24.04.zip
2026-10-07T22:29:24.4294175Z |                                                                                |   0% of 102 MiB
2026-10-07T22:29:24.6501286Z |■■■■■■■■                                                                        |  10% of 102 MiB
2026-10-07T22:29:24.7203035Z |■■■■■■■■■■■■■■■■                                                                |  20% of 102 MiB
2026-10-07T22:29:24.7717373Z |■■■■■■■■■■■■■■■■■■■■■■■■                                                        |  30% of 102 MiB
2026-10-07T22:29:24.8219106Z |■■■■■■■■■■■■■■■■■■■■■■■■■■■■■■■■                                                |  40% of 102 MiB
2026-10-07T22:29:24.8878957Z |■■■■■■■■■■■■■■■■■■■■■■■■■■■■■■■■■■■■■■■■                                        |  50% of 102 MiB
2026-10-07T22:29:24.9549770Z |■■■■■■■■■■■■■■■■■■■■■■■■■■■■■■■■■■■■■■■■■■■■■■■■                                |  60% of 102 MiB
2026-10-07T22:29:25.0141858Z |■■■■■■■■■■■■■■■■■■■■■■■■■■■■■■■■■■■■■■■■■■■■■■■■■■■■■■■■                        |  70% of 102 MiB
2026-10-07T22:29:25.0691624Z |■■■■■■■■■■■■■■■■■■■■■■■■■■■■■■■■■■■■■■■■■■■■■■■■■■■■■■■■■■■■■■■■                |  80% of 102 MiB
2026-10-07T22:29:25.1315139Z |■■■■■■■■■■■■■■■■■■■■■■■■■■■■■■■■■■■■■■■■■■■■■■■■■■■■■■■■■■■■■■■■■■■■■■■■        |  90% of 102 MiB
2026-10-07T22:29:25.1799117Z |■■■■■■■■■■■■■■■■■■■■■■■■■■■■■■■■■■■■■■■■■■■■■■■■■■■■■■■■■■■■■■■■■■■■■■■■■■■■■■■■| 100% of 102 MiB
2026-10-07T22:29:27.1601526Z WebKit 26.5 (playwright webkit v2336) downloaded to /home/runner/.cache/ms-playwright/webkit-2336
2026-10-07T22:29:27.1605402Z Downloading FFmpeg (playwright ffmpeg v1011) from https://cdn.playwright.dev/dbazure/download/playwright/builds/ffmpeg/1011/ffmpeg-linux.zip
2026-10-07T22:29:28.1521479Z |                                                                                |   0% of 2.3 MiB
2026-10-07T22:29:28.2027155Z |■■■■■■■■                                                                        |  10% of 2.3 MiB
2026-10-07T22:29:28.2224576Z |■■■■■■■■■■■■■■■■                                                                |  20% of 2.3 MiB
2026-10-07T22:29:28.2387778Z |■■■■■■■■■■■■■■■■■■■■■■■■                                                        |  30% of 2.3 MiB
2026-10-07T22:29:28.2478511Z |■■■■■■■■■■■■■■■■■■■■■■■■■■■■■■■■                                                |  40% of 2.3 MiB
2026-10-07T22:29:28.2576734Z |■■■■■■■■■■■■■■■■■■■■■■■■■■■■■■■■■■■■■■■■                                        |  50% of 2.3 MiB
2026-10-07T22:29:28.2722008Z |■■■■■■■■■■■■■■■■■■■■■■■■■■■■■■■■■■■■■■■■■■■■■■■■                                |  60% of 2.3 MiB
2026-10-07T22:29:28.2744987Z |■■■■■■■■■■■■■■■■■■■■■■■■■■■■■■■■■■■■■■■■■■■■■■■■■■■■■■■■                        |  70% of 2.3 MiB
2026-10-07T22:29:28.2766965Z |■■■■■■■■■■■■■■■■■■■■■■■■■■■■■■■■■■■■■■■■■■■■■■■■■■■■■■■■■■■■■■■■                |  80% of 2.3 MiB
2026-10-07T22:29:28.2894273Z |■■■■■■■■■■■■■■■■■■■■■■■■■■■■■■■■■■■■■■■■■■■■■■■■■■■■■■■■■■■■■■■■■■■■■■■■        |  90% of 2.3 MiB
2026-10-07T22:29:28.2915366Z |■■■■■■■■■■■■■■■■■■■■■■■■■■■■■■■■■■■■■■■■■■■■■■■■■■■■■■■■■■■■■■■■■■■■■■■■■■■■■■■■| 100% of 2.3 MiB
2026-10-07T22:29:28.3481521Z FFmpeg (playwright ffmpeg v1011) downloaded to /home/runner/.cache/ms-playwright/ffmpeg-1011
2026-10-07T22:29:28.7198112Z ##[group]Run pnpm exec playwright test --project=chromium --project=firefox --project=webkit --output=structural-direction-preflight-results --grep "retains structural RTL against native source|imports inherited inline alignment|retains a shared automatic section direction"
2026-10-07T22:29:28.7201418Z [36;1mpnpm exec playwright test --project=chromium --project=firefox --project=webkit --output=structural-direction-preflight-results --grep "retains structural RTL against native source|imports inherited inline alignment|retains a shared automatic section direction"[0m
2026-10-07T22:29:28.7281785Z shell: /usr/bin/bash -e {0}
2026-10-07T22:29:28.7282073Z env:
2026-10-07T22:29:28.7282371Z   PNPM_HOME: /home/runner/setup-pnpm/node_modules/.bin
2026-10-07T22:29:28.7282715Z ##[endgroup]
2026-10-07T22:29:30.1979137Z [WebServer] $ vite build -c vite.lib.config.ts && tsc -p tsconfig.build.json && node scripts/copy-assets.mjs && pnpm build:angular
2026-10-07T22:29:30.1979898Z 
2026-10-07T22:29:32.4338004Z [WebServer] $ pnpm --dir tools/angular-build exec ngc -p ../../tsconfig.angular.json && pnpm build:angular-demo
2026-10-07T22:29:32.4338800Z 
2026-10-07T22:29:34.6814722Z [WebServer] $ pnpm --dir tools/angular-build exec ngc -p ../../tsconfig.angular-demo.json
2026-10-07T22:29:34.6815322Z 
2026-10-07T22:29:43.4149749Z 
2026-10-07T22:29:43.4150554Z Running 9 tests using 2 workers
2026-10-07T22:29:43.4150985Z 
2026-10-07T22:29:44.3957374Z [1/9] [chromium] › tests/browser/editor.spec.ts:40:1 › retains structural RTL against native source through author controls, physical table editing and downloaded HTML
2026-10-07T22:29:44.4206179Z [2/9] [chromium] › tests/browser/editor.spec.ts:44:1 › imports inherited inline alignment against a native surface and keeps it through real editing and downloaded HTML
2026-10-07T22:29:48.9321096Z [3/9] [chromium] › tests/browser/editor.spec.ts:52:1 › retains a shared automatic section direction through first-strong-text editing, history and reader preview
2026-10-07T22:29:53.1319199Z [4/9] [firefox] › tests/browser/editor.spec.ts:40:1 › retains structural RTL against native source through author controls, physical table editing and downloaded HTML
2026-10-07T22:29:54.0418158Z [5/9] [firefox] › tests/browser/editor.spec.ts:44:1 › imports inherited inline alignment against a native surface and keeps it through real editing and downloaded HTML
2026-10-07T22:29:59.7919158Z [6/9] [firefox] › tests/browser/editor.spec.ts:52:1 › retains a shared automatic section direction through first-strong-text editing, history and reader preview
2026-10-07T22:30:03.8828947Z [7/9] [webkit] › tests/browser/editor.spec.ts:40:1 › retains structural RTL against native source through author controls, physical table editing and downloaded HTML
2026-10-07T22:30:05.7985914Z [8/9] [webkit] › tests/browser/editor.spec.ts:44:1 › imports inherited inline alignment against a native surface and keeps it through real editing and downloaded HTML
2026-10-07T22:30:12.0604674Z [9/9] [webkit] › tests/browser/editor.spec.ts:52:1 › retains a shared automatic section direction through first-strong-text editing, history and reader preview
2026-10-07T22:30:21.9629383Z   9 passed (52.2s)
2026-10-07T22:30:22.2229592Z ##[group]Run pnpm exec playwright test --project=webkit --grep "opens and cancels public configuration panels|keeps the public native colour field|preserves inert HTML comments|edits RTL blocks|compares list-first code text-click"
2026-10-07T22:30:22.2231191Z [36;1mpnpm exec playwright test --project=webkit --grep "opens and cancels public configuration panels|keeps the public native colour field|preserves inert HTML comments|edits RTL blocks|compares list-first code text-click"[0m
2026-10-07T22:30:22.2298464Z shell: /usr/bin/bash -e {0}
2026-10-07T22:30:22.2298730Z env:
2026-10-07T22:30:22.2298996Z   PNPM_HOME: /home/runner/setup-pnpm/node_modules/.bin
2026-10-07T22:30:22.2299327Z ##[endgroup]
2026-10-07T22:30:23.6211699Z [WebServer] $ vite build -c vite.lib.config.ts && tsc -p tsconfig.build.json && node scripts/copy-assets.mjs && pnpm build:angular
2026-10-07T22:30:23.6212570Z 
2026-10-07T22:30:26.0832220Z [WebServer] $ pnpm --dir tools/angular-build exec ngc -p ../../tsconfig.angular.json && pnpm build:angular-demo
2026-10-07T22:30:26.0832985Z 
2026-10-07T22:30:28.3422128Z [WebServer] $ pnpm --dir tools/angular-build exec ngc -p ../../tsconfig.angular-demo.json
2026-10-07T22:30:28.3422812Z 
2026-10-07T22:30:32.7676145Z 
2026-10-07T22:30:32.7676828Z Running 5 tests using 2 workers
2026-10-07T22:30:32.7677163Z 
2026-10-07T22:30:33.7361215Z [1/5] [webkit] › tests/browser/editor.spec.ts:60:1 › edits RTL blocks with native keyboard selection, direction controls, Enter history and HTML reader export
2026-10-07T22:30:33.7386864Z [2/5] [webkit] › tests/browser/editor.spec.ts:48:1 › compares list-first code text-click focus and editing to a plain native surface
2026-10-07T22:30:38.6093457Z [3/5] [webkit] › tests/browser/editor.spec.ts:137:1 › preserves inert HTML comments through human editing source and reader output
2026-10-07T22:30:44.9756221Z [4/5] [webkit] › tests/browser/editor.spec.ts:5374:1 › opens and cancels public configuration panels with keyboard focus and exact document retention
2026-10-07T22:30:59.2113378Z [5/5] [webkit] › tests/browser/editor.spec.ts:5492:1 › keeps the public native colour field focused while formatting selected text and allows undo in the editor
2026-10-07T22:31:07.4087441Z   5 passed (44.2s)
2026-10-07T22:31:07.6255995Z ##[group]Run pnpm exec playwright test --project=firefox --grep "edits RTL blocks|compares list-first code text-click"
2026-10-07T22:31:07.6257426Z [36;1mpnpm exec playwright test --project=firefox --grep "edits RTL blocks|compares list-first code text-click"[0m
2026-10-07T22:31:07.6336181Z shell: /usr/bin/bash -e {0}
2026-10-07T22:31:07.6336468Z env:
2026-10-07T22:31:07.6336746Z   PNPM_HOME: /home/runner/setup-pnpm/node_modules/.bin
2026-10-07T22:31:07.6337084Z ##[endgroup]
2026-10-07T22:31:09.0554539Z [WebServer] $ vite build -c vite.lib.config.ts && tsc -p tsconfig.build.json && node scripts/copy-assets.mjs && pnpm build:angular
2026-10-07T22:31:09.0555229Z 
2026-10-07T22:31:11.3317105Z [WebServer] $ pnpm --dir tools/angular-build exec ngc -p ../../tsconfig.angular.json && pnpm build:angular-demo
2026-10-07T22:31:11.3317607Z 
2026-10-07T22:31:13.5856188Z [WebServer] $ pnpm --dir tools/angular-build exec ngc -p ../../tsconfig.angular-demo.json
2026-10-07T22:31:13.5857139Z 
2026-10-07T22:31:18.1359484Z 
2026-10-07T22:31:18.1360115Z Running 2 tests using 2 workers
2026-10-07T22:31:18.1360452Z 
2026-10-07T22:31:19.0979120Z [1/2] [firefox] › tests/browser/editor.spec.ts:60:1 › edits RTL blocks with native keyboard selection, direction controls, Enter history and HTML reader export
2026-10-07T22:31:19.1928455Z [2/2] [firefox] › tests/browser/editor.spec.ts:48:1 › compares list-first code text-click focus and editing to a plain native surface
2026-10-07T22:31:26.5014269Z   2 passed (17.9s)
2026-10-07T22:31:26.6743570Z ##[group]Run pnpm test:browser
2026-10-07T22:31:26.6743903Z [36;1mpnpm test:browser[0m
2026-10-07T22:31:26.6811249Z shell: /usr/bin/bash -e {0}
2026-10-07T22:31:26.6811523Z env:
2026-10-07T22:31:26.6811798Z   PNPM_HOME: /home/runner/setup-pnpm/node_modules/.bin
2026-10-07T22:31:26.6812130Z ##[endgroup]
2026-10-07T22:31:27.1081402Z $ playwright test
2026-10-07T22:31:28.0649240Z [WebServer] $ vite build -c vite.lib.config.ts && tsc -p tsconfig.build.json && node scripts/copy-assets.mjs && pnpm build:angular
2026-10-07T22:31:28.0650155Z 
2026-10-07T22:31:30.3308892Z [WebServer] $ pnpm --dir tools/angular-build exec ngc -p ../../tsconfig.angular.json && pnpm build:angular-demo
2026-10-07T22:31:30.3309397Z 
2026-10-07T22:31:32.5858945Z [WebServer] $ pnpm --dir tools/angular-build exec ngc -p ../../tsconfig.angular-demo.json
2026-10-07T22:31:32.5859543Z 
2026-10-07T22:31:37.3759500Z 
2026-10-07T22:31:37.3760158Z Running 710 tests using 2 workers
2026-10-07T22:31:37.3760453Z 
2026-10-07T22:31:38.3535579Z [1/710] [chromium] › tests/browser/editor.spec.ts:44:1 › imports inherited inline alignment against a native surface and keeps it through real editing and downloaded HTML
2026-10-07T22:31:38.4162792Z [2/710] [chromium] › tests/browser/editor.spec.ts:40:1 › retains structural RTL against native source through author controls, physical table editing and downloaded HTML
2026-10-07T22:31:42.5004029Z [3/710] [chromium] › tests/browser/editor.spec.ts:48:1 › compares list-first code text-click focus and editing to a plain native surface
2026-10-07T22:31:45.0438461Z [4/710] [chromium] › tests/browser/editor.spec.ts:52:1 › retains a shared automatic section direction through first-strong-text editing, history and reader preview
2026-10-07T22:31:45.2649263Z [5/710] [chromium] › tests/browser/editor.spec.ts:56:1 › authors physical-left alignment under an RTL host and inherited-auto reader with history
2026-10-07T22:31:49.1685339Z [6/710] [chromium] › tests/browser/editor.spec.ts:60:1 › edits RTL blocks with native keyboard selection, direction controls, Enter history and HTML reader export
2026-10-07T22:31:49.2321510Z [7/710] [chromium] › tests/browser/editor.spec.ts:64:1 › separates the homepage framework descenders from the italic extend line
2026-10-07T22:31:53.3320927Z [8/710] [chromium] › tests/browser/editor.spec.ts:83:1 › keeps consecutive marked quoted and table blank lines visible in reader and saved HTML
2026-10-07T22:31:54.9516422Z [9/710] [chromium] › tests/browser/editor.spec.ts:87:1 › fills and reopens a retained childless paragraph using real pointer typing Enter Backspace and undo
2026-10-07T22:31:58.0815489Z [10/710] [chromium] › tests/browser/editor.spec.ts:91:1 › edits structured inert block wrappers with actual table navigation Enter Backspace history and safe reopening
2026-10-07T22:32:00.1122281Z [11/710] [chromium] › tests/browser/editor.spec.ts:95:1 › retains HTML link navigation and literal Markdown data through real editing and reopening
2026-10-07T22:32:06.0131433Z [12/710] [chromium] › tests/browser/editor.spec.ts:99:1 › edits inert script style textarea source with real Enter Backspace history and safe reader reopening
2026-10-07T22:32:10.2611155Z [13/710] [chromium] › tests/browser/editor.spec.ts:103:1 › retains unfinished raw HTML as editable Markdown source and discloses direct HTML omissions
2026-10-07T22:32:11.7945751Z [14/710] [chromium] › tests/browser/editor.spec.ts:107:1 › preserves registered inert inline source through real typing history and Markdown HTML JSON reopening
2026-10-07T22:32:14.5906640Z [15/710] [chromium] › tests/browser/editor.spec.ts:111:1 › preserves immutable snapshots and owned attributes through real typing Enter history and JSON reopening
2026-10-07T22:32:16.0155969Z [16/710] [chromium] › tests/browser/editor.spec.ts:115:1 › imports private files in the conversion lab with reports and export reopen
2026-10-07T22:32:17.9509364Z [17/710] [chromium] › tests/browser/editor.spec.ts:119:1 › resolves unequal Markdown runs through actual selection editing history download and reader reopen
2026-10-07T22:32:22.5710158Z [18/710] [chromium] › tests/browser/editor.spec.ts:124:3 › retains partial Markdown em scope through real typing history and canonical reopening
2026-10-07T22:32:22.6899062Z [19/710] [chromium] › tests/browser/editor.spec.ts:124:3 › retains partial Markdown strong scope through real typing history and canonical reopening
2026-10-07T22:32:24.5717146Z [20/710] [chromium] › tests/browser/editor.spec.ts:129:1 › submits resets and disables a native form-associated Web Component
2026-10-07T22:32:24.6442580Z [21/710] [chromium] › tests/browser/editor.spec.ts:133:1 › converts document-wide HTML scopes with source edit undo and explicit layout differences
2026-10-07T22:32:27.8180608Z [22/710] [chromium] › tests/browser/editor.spec.ts:137:1 › preserves inert HTML comments through human editing source and reader output
2026-10-07T22:32:30.0716010Z [23/710] [chromium] › tests/browser/editor.spec.ts:141:1 › copies anonymous flow internally and into an external plain-text editor through real clipboard
2026-10-07T22:32:32.8486066Z [24/710] [chromium] › tests/browser/editor.spec.ts:146:1 › retains cleared anonymous flow through real cut save reopen and continued editing
2026-10-07T22:32:34.6547532Z [25/710] [chromium] › tests/browser/editor.spec.ts:150:1 › retains anonymous HTML flow without extra spacing through real typing Enter deletion and reader output
2026-10-07T22:32:37.0566770Z [26/710] [chromium] › tests/browser/editor.spec.ts:154:1 › retains literal flow newlines through actual Markdown export and source reimport
2026-10-07T22:32:39.9383532Z [27/710] [chromium] › tests/browser/editor.spec.ts:158:1 › edits protected Markdown images and dividers inside HTML sections through history and reopening
2026-10-07T22:32:40.2053574Z [28/710] [chromium] › tests/browser/editor.spec.ts:162:1 › edits protected Markdown tables inside HTML sections through cell navigation history and reopening
2026-10-07T22:32:44.2369029Z [29/710] [chromium] › tests/browser/editor.spec.ts:166:1 › authors sections with properties, empty content, undo and reader preview
2026-10-07T22:32:45.1807123Z [30/710] [chromium] › tests/browser/editor.spec.ts:170:1 › preserves optional section containers through real editing and reader output
2026-10-07T22:32:48.8941869Z [31/710] [chromium] › tests/browser/editor.spec.ts:174:1 › edits and reopens a Word glossary with term and description roles
2026-10-07T22:32:50.5399602Z [32/710] [chromium] › tests/browser/editor.spec.ts:178:1 › imports and edits Word content controls without losing visible content
2026-10-07T22:32:54.4752601Z [33/710] [chromium] › tests/browser/editor.spec.ts:200:1 › preserves code endings through source recovery and reader handoff
2026-10-07T22:32:56.0607097Z [34/710] [chromium] › tests/browser/editor.spec.ts:204:1 › edits definition lists and reopens a glossary in a reader
2026-10-07T22:33:00.3280515Z [35/710] [chromium] › tests/browser/editor.spec.ts:208:1 › edits registered HTML wrappers after Markdown source recovery
2026-10-07T22:33:01.2766002Z [36/710] [chromium] › tests/browser/editor.spec.ts:212:1 › retains the complete document through pointer and keyboard output-format changes
2026-10-07T22:33:02.7455592Z [37/710] [chromium] › tests/browser/editor.spec.ts:216:1 › recovers nested Markdown lists and quotes through an editor and reader
2026-10-07T22:33:12.4481077Z [38/710] [chromium] › tests/browser/editor.spec.ts:220:1 › edits opaque code labels and reopens them safely in a reader
2026-10-07T22:33:12.8595949Z [39/710] [chromium] › tests/browser/editor.spec.ts:225:1 › guards editor actions against page reloads without suppressing failures
2026-10-07T22:33:14.8462814Z [40/710] [chromium] › tests/browser/editor.spec.ts:235:1 › recovers paragraph HTML into editable blocks and a reopened reader
2026-10-07T22:33:17.5155258Z [41/710] [chromium] › tests/browser/editor.spec.ts:239:1 › reads separate retired paragraphs after Markdown HTML scope conversion and handoff
2026-10-07T22:33:21.7338145Z [42/710] [chromium] › tests/browser/editor.spec.ts:243:1 › preserves headerless and mixed tables through source and file handoff
2026-10-07T22:33:25.7196476Z [43/710] [chromium] › tests/browser/editor.spec.ts:247:1 › retains HTML block formatting through server import, paste and draft handoff
2026-10-07T22:33:31.9475949Z [44/710] [chromium] › tests/browser/editor.spec.ts:251:1 › discovers product workflows and preserves separate task drafts and histories
2026-10-07T22:33:34.9806421Z [45/710] [chromium] › tests/browser/editor.spec.ts:255:1 › retains escaped pipes and strikethrough through table edits and Markdown handoff
2026-10-07T22:33:39.2851151Z [46/710] [chromium] › tests/browser/editor.spec.ts:259:1 › retains literal text lines through editing and Markdown handoff
2026-10-07T22:33:42.9130611Z [47/710] [chromium] › tests/browser/editor.spec.ts:263:1 › keeps literal syntax unformatted through visual edits and Markdown reopen
2026-10-07T22:33:43.2988185Z [48/710] [chromium] › tests/browser/editor.spec.ts:267:1 › chooses literal address import and retains links through DOCX handoff
2026-10-07T22:33:46.8456121Z [49/710] [chromium] › tests/browser/editor.spec.ts:271:1 › writes and reopens an issue with visual Markdown source fidelity and reader preview
2026-10-07T22:33:50.2039958Z [50/710] [chromium] › tests/browser/editor.spec.ts:275:1 › issue workflow preserves root references and validates local image files
2026-10-07T22:33:51.5279320Z [51/710] [chromium] › tests/browser/editor.spec.ts:307:1 › issue workflow preserves reference prefixes and reports container fallback
2026-10-07T22:33:53.5865871Z [52/710] [chromium] › tests/browser/editor.spec.ts:331:1 › reopens a full HTML report without promoting page metadata into editor content
2026-10-07T22:33:54.8878328Z [53/710] [chromium] › tests/browser/editor.spec.ts:335:1 › matches native document parsing for HTML envelopes, recovery, and noscript
2026-10-07T22:33:56.8751838Z [54/710] [chromium] › tests/browser/editor.spec.ts:349:1 › aligns selected paragraphs using backward selection, toolbar, history and HTML export
2026-10-07T22:33:58.2359781Z [55/710] [chromium] › tests/browser/editor.spec.ts:353:1 › exports independent DOCX list starts and renders the same procedure beside the editor
2026-10-07T22:34:00.2883759Z [56/710] [chromium] › tests/browser/editor.spec.ts:357:1 › retains zero-based list numbers through keyboard outdent history and export
2026-10-07T22:34:01.4540836Z [57/710] [chromium] › tests/browser/editor.spec.ts:361:1 › imports ordered-list starts like the native browser integer parser
2026-10-07T22:34:03.8871982Z [58/710] [chromium] › tests/browser/editor.spec.ts:375:1 › uses first-party Angular signals and directive for campaign editing and owner cleanup
2026-10-07T22:34:04.2363744Z [59/710] [chromium] › tests/browser/editor.spec.ts:379:1 › disposes Svelte custom block views before their owned engine
2026-10-07T22:34:06.5673919Z [60/710] [chromium] › tests/browser/editor.spec.ts:388:1 › uses first-party Svelte bindings for table editing, history, stores and owner disposal
2026-10-07T22:34:12.4930361Z [61/710] [chromium] › tests/browser/editor.spec.ts:392:1 › uses first-party Vue bindings for editing, reactive state, history and view remounts
2026-10-07T22:34:13.3935808Z [62/710] [chromium] › tests/browser/editor.spec.ts:396:1 › keeps real SVG equation links inside paged snapshots across editing and rebuilding
2026-10-07T22:34:18.7309028Z [63/710] [chromium] › tests/browser/editor.spec.ts:400:1 › saves and reopens equation files with source, references and history intact
2026-10-07T22:34:19.0915932Z [64/710] [chromium] › tests/browser/editor.spec.ts:404:1 › recovers from textless replacement for native typing, lines and history
2026-10-07T22:34:21.2735753Z [65/710] [chromium] › tests/browser/editor.spec.ts:408:1 › renders labelled equations and reader links through real editing and recovery
2026-10-07T22:34:27.4361803Z [66/710] [chromium] › tests/browser/editor.spec.ts:412:1 › keeps moved math source attached to its formula through native editing, undo, and export
2026-10-07T22:34:27.8988282Z [67/710] [chromium] › tests/browser/editor.spec.ts:416:1 › imports the published TeX table with visible losses and editable numeric values
2026-10-07T22:34:30.4264465Z [68/710] [chromium] › tests/browser/editor.spec.ts:500:1 › keeps comparison names separate from their copy in a mobile desktop-site viewport
2026-10-07T22:34:30.5285752Z [69/710] [chromium] › tests/browser/editor.spec.ts:528:1 › renders, edits, and measures portable page intent in a real browser
2026-10-07T22:34:31.8895475Z [70/710] [chromium] › tests/browser/editor.spec.ts:597:1 › measures browser line boxes, list items, rowspan groups, and footnotes as legal page fragments
2026-10-07T22:34:32.9905861Z [71/710] [chromium] › tests/browser/editor.spec.ts:691:1 › continues measured long footnotes through editable and print page projections
2026-10-07T22:34:33.1436228Z [72/710] [chromium] › tests/browser/editor.spec.ts:799:1 › prints a mixed repeated-footnote, merged-table, and manual-break document without loss
2026-10-07T22:34:35.2388259Z [73/710] [chromium] › tests/browser/editor.spec.ts:907:1 › paginates imported styled semantic HTML without structural or PDF text loss
2026-10-07T22:34:37.0949315Z [74/710] [chromium] › tests/browser/editor.spec.ts:1052:1 › uses a host print renderer without moving or exposing live custom DOM
2026-10-07T22:34:38.0338242Z [75/710] [chromium] › tests/browser/editor.spec.ts:1075:1 › projects exact A4 and Letter print sheets in every browser engine
2026-10-07T22:34:38.1563913Z [76/710] [chromium] › tests/browser/editor.spec.ts:1192:1 › emits exact A4 and Letter PDF pages for every projected sheet in Chromium
2026-10-07T22:34:39.8949411Z [77/710] [chromium] › tests/browser/editor.spec.ts:1232:1 › keeps 1,000-block pagination reflow local to the changed block
2026-10-07T22:34:39.9615748Z [78/710] [chromium] › tests/browser/editor.spec.ts:1244:1 › bounds alternating edge reflow across 5,000 rendered page blocks
2026-10-07T22:34:41.2563923Z [79/710] [chromium] › tests/browser/editor.spec.ts:1267:1 › keeps 5,000 unchanged page blocks cached through leading insertion and removal
2026-10-07T22:34:42.6710399Z [80/710] [chromium] › tests/browser/editor.spec.ts:1293:1 › edits, selects, and composes across guarded page shells in one contenteditable
2026-10-07T22:34:43.7283896Z [81/710] [chromium] › tests/browser/editor.spec.ts:1369:1 › keeps one paragraph editable when its measured lines span page shells
2026-10-07T22:34:44.3898160Z [82/710] [chromium] › tests/browser/editor.spec.ts:1496:1 › maps carets, ranges, and composition around injected paragraph page gaps
2026-10-07T22:34:45.7212018Z [83/710] [chromium] › tests/browser/editor.spec.ts:1600:1 › keeps one canonical ordered list editable and numbered across page shells
2026-10-07T22:34:46.0819830Z [84/710] [chromium] › tests/browser/editor.spec.ts:1735:52 › honours explicit table repetition independently of cell roles (ordinary)
2026-10-07T22:34:47.7068330Z [85/710] [chromium] › tests/browser/editor.spec.ts:1735:52 › honours explicit table repetition independently of cell roles (off)
2026-10-07T22:34:48.5016085Z [86/710] [chromium] › tests/browser/editor.spec.ts:1768:1 › keeps one canonical table editable with repeated headers across page shells
2026-10-07T22:34:49.8941741Z [87/710] [chromium] › tests/browser/editor.spec.ts:1918:1 › keeps merged header and body rowspans intact across editable table pages
2026-10-07T22:34:50.8510227Z [88/710] [chromium] › tests/browser/editor.spec.ts:1984:1 › reports an oversized table row without clipping or splitting its editable model
2026-10-07T22:34:51.7341231Z [89/710] [chromium] › tests/browser/editor.spec.ts:2026:1 › keeps canonical page furniture and footnotes editable while projecting every page copy
2026-10-07T22:34:52.5973303Z [90/710] [chromium] › tests/browser/editor.spec.ts:2111:1 › keeps code, media, disclosures, and custom atoms canonical across editable pages
2026-10-07T22:34:53.7814685Z [91/710] [chromium] › tests/browser/editor.spec.ts:2246:1 › keeps tracked review and Yjs live between list items split across pages
2026-10-07T22:34:54.8545718Z [92/710] [chromium] › tests/browser/editor.spec.ts:2312:1 › keeps tracked review and Yjs live between table rows split across pages
2026-10-07T22:34:56.2947790Z [93/710] [chromium] › tests/browser/editor.spec.ts:2389:13 › keeps comments attached and synchronized inside a continued list
2026-10-07T22:34:57.8768704Z [94/710] [chromium] › tests/browser/editor.spec.ts:2389:13 › keeps comments attached and synchronized inside a continued table
2026-10-07T22:34:58.6641237Z [95/710] [chromium] › tests/browser/editor.spec.ts:2443:1 › keeps tracked review and Yjs live inside a paragraph split across pages
2026-10-07T22:34:59.9597710Z [96/710] [chromium] › tests/browser/editor.spec.ts:2504:1 › keeps tracked review and Yjs collaboration live across automatic page boundaries
2026-10-07T22:35:01.4353499Z [97/710] [chromium] › tests/browser/editor.spec.ts:2579:1 › tracks real browser insertion and replacement with reversible review decisions
2026-10-07T22:35:02.0669430Z [98/710] [chromium] › tests/browser/editor.spec.ts:2608:1 › runs the package-backed full-text tracked review panel
2026-10-07T22:35:02.6826824Z [99/710] [chromium] › tests/browser/editor.spec.ts:2626:1 › runs package-backed named versions, exact comparison, preview, and guarded restoration
2026-10-07T22:35:04.7413922Z [100/710] [chromium] › tests/browser/editor.spec.ts:2656:1 › edits and persists package-backed collapsible details in the public playground
2026-10-07T22:35:06.0271031Z [101/710] [chromium] › tests/browser/editor.spec.ts:2682:1 › edits semantic ruby annotations through the package-backed public playground
2026-10-07T22:35:08.0871875Z [102/710] [chromium] › tests/browser/editor.spec.ts:2712:1 › converges live and offline Yjs edits and keeps collaborative undo author-local
2026-10-07T22:35:09.2769486Z [103/710] [chromium] › tests/browser/editor.spec.ts:2741:1 › runs reference links, recursive blocks, rich tables, and loss reports in a real browser
2026-10-07T22:35:09.3618670Z [104/710] [chromium] › tests/browser/editor.spec.ts:2766:1 › round-trips variable-delimiter Markdown code spans in the browser package
2026-10-07T22:35:10.3589318Z [105/710] [chromium] › tests/browser/editor.spec.ts:3334:1 › types, deletes, and undoes inside imported empty documents, quotes, and list items
2026-10-07T22:35:10.7249722Z [106/710] [chromium] › tests/browser/editor.spec.ts:3364:1 › round-trips marker-relative list containers and exact code whitespace
2026-10-07T22:35:11.7549589Z [107/710] [chromium] › tests/browser/editor.spec.ts:3408:1 › preserves raw Markdown and inert frontmatter through the browser package
2026-10-07T22:35:12.7284008Z [108/710] [chromium] › tests/browser/editor.spec.ts:3434:1 › edits through real beforeinput events and undoes a Markdown input rule
2026-10-07T22:35:13.8466644Z [109/710] [chromium] › tests/browser/editor.spec.ts:3448:1 › groups adjacent browser typing and respects explicit undo boundaries
2026-10-07T22:35:14.5942167Z [110/710] [chromium] › tests/browser/editor.spec.ts:3469:3 › preserves replacement formatting across subsequent typing input
2026-10-07T22:35:15.0684893Z [111/710] [chromium] › tests/browser/editor.spec.ts:3469:3 › preserves replacement formatting across subsequent composition input
2026-10-07T22:35:15.7874253Z [112/710] [chromium] › tests/browser/editor.spec.ts:3500:1 › commits cross-browser composition sequences once and supports replacement input
2026-10-07T22:35:16.1877959Z [113/710] [chromium] › tests/browser/editor.spec.ts:3532:1 › maps decorations through typing without persisting widget content
2026-10-07T22:35:16.8702564Z [114/710] [chromium] › tests/browser/editor.spec.ts:3547:1 › highlights editable code and updates language metadata through public commands
2026-10-07T22:35:17.4869788Z [115/710] [chromium] › tests/browser/editor.spec.ts:3577:1 › runs a view-focused chain and checks it without preview side effects
2026-10-07T22:35:18.1605560Z [116/710] [chromium] › tests/browser/editor.spec.ts:3598:1 › applies every configured paste-rule match through a browser paste event
2026-10-07T22:35:18.5960851Z [117/710] [chromium] › tests/browser/editor.spec.ts:3616:1 › autolinks, safely activates, edits, and removes links in a real browser
2026-10-07T22:35:19.2685616Z [118/710] [chromium] › tests/browser/editor.spec.ts:3647:1 › preserves structured rich HTML from a real browser clipboard event
2026-10-07T22:35:19.9736492Z [119/710] [chromium] › tests/browser/editor.spec.ts:3668:1 › pastes unwrapped inline HTML without dropping surrounding text or formatting
2026-10-07T22:35:20.3962342Z [120/710] [chromium] › tests/browser/editor.spec.ts:3689:1 › honors strict raw HTML token boundaries in the public Markdown pipeline
2026-10-07T22:35:21.1000937Z [121/710] [chromium] › tests/browser/editor.spec.ts:3706:1 › pastes unfamiliar HTML wrappers without flattening headings, paragraphs, or lists
2026-10-07T22:35:22.2388549Z [122/710] [chromium] › tests/browser/editor.spec.ts:3726:1 › pastes structured table cells and edits separate paragraphs without flattening nested blocks
2026-10-07T22:35:23.3145788Z [123/710] [chromium] › tests/browser/editor.spec.ts:3749:1 › retains standalone non-collapsible Unicode text during rich paste
2026-10-07T22:35:23.6615325Z [124/710] [chromium] › tests/browser/editor.spec.ts:3766:1 › pastes empty formatting and applies it to subsequently typed text
2026-10-07T22:35:24.5927080Z [125/710] [chromium] › tests/browser/editor.spec.ts:3790:57 › pastes and edits list-first code without inventing a blank paragraph
2026-10-07T22:35:24.9654616Z [126/710] [chromium] › tests/browser/editor.spec.ts:3790:57 › pastes and edits list-first code without inventing a blank paragraph from its label area
2026-10-07T22:35:26.1723642Z [127/710] [chromium] › tests/browser/editor.spec.ts:3818:1 › normalizes representative Word, Docs, and Excel clipboard payloads in every browser engine
2026-10-07T22:35:26.9012573Z [128/710] [chromium] › tests/browser/editor.spec.ts:3871:1 › imports an extension-defined HTML node through the schema contract
2026-10-07T22:35:27.8931921Z [129/710] [chromium] › tests/browser/editor.spec.ts:3896:1 › pastes mixed nested HTML lists without flattening their hierarchy
2026-10-07T22:35:27.9725684Z [130/710] [chromium] › tests/browser/editor.spec.ts:3919:1 › wraps, indents, lifts, and exits lists through browser-visible commands and keys
2026-10-07T22:35:29.0395735Z [131/710] [chromium] › tests/browser/editor.spec.ts:3949:1 › edits bidirectional and deeply nested text by logical document positions
2026-10-07T22:35:29.2201755Z [132/710] [chromium] › tests/browser/editor.spec.ts:3976:1 › moves a selected top-level block through native drag data
2026-10-07T22:35:30.1619670Z [133/710] [chromium] › tests/browser/editor.spec.ts:3994:1 › shows a host-replaceable drop cursor for inline text and atomic block targets
2026-10-07T22:35:30.4601151Z [134/710] [chromium] › tests/browser/editor.spec.ts:4055:1 › reorders nested blocks with accessible controls, drop indicators, drag, and undo
2026-10-07T22:35:31.2293658Z [135/710] [chromium] › tests/browser/editor.spec.ts:4130:1 › shows one structural block target across paragraphs, headings, lists, tables, media, and custom nodes
2026-10-07T22:35:31.8969058Z [136/710] [chromium] › tests/browser/editor.spec.ts:4226:1 › replaces a DOM selection that crosses block boundaries
2026-10-07T22:35:32.9480077Z [137/710] [chromium] › tests/browser/editor.spec.ts:4265:1 › keeps a visible editable paragraph after a terminal non-text block
2026-10-07T22:35:33.9456529Z [138/710] [chromium] › tests/browser/editor.spec.ts:4287:1 › uses Ctrl+A as an explicit all-document selection and replaces the document
2026-10-07T22:35:34.0765710Z [139/710] [chromium] › tests/browser/editor.spec.ts:4299:1 › selects and deletes a block image through real pointer and keyboard input
2026-10-07T22:35:35.1270490Z [140/710] [chromium] › tests/browser/editor.spec.ts:4322:1 › edits, aligns, resizes, and undoes a production image through accessible controls
2026-10-07T22:35:35.5330305Z [141/710] [chromium] › tests/browser/editor.spec.ts:4378:1 › inserts and removes a true inline image without breaking surrounding text
2026-10-07T22:35:36.5811914Z [142/710] [chromium] › tests/browser/editor.spec.ts:4396:1 › tracks and cancels browser-native image upload tasks
2026-10-07T22:35:36.7042609Z [143/710] [chromium] › tests/browser/editor.spec.ts:4436:1 › extends and replaces a rectangular cell selection through real pointer input
2026-10-07T22:35:37.8397644Z [144/710] [chromium] › tests/browser/editor.spec.ts:4464:1 › keeps mixed-format links intact through backward selection typing and history
2026-10-07T22:35:38.2602448Z [145/710] [chromium] › tests/browser/editor.spec.ts:4496:1 › reaches overflowing code by keyboard and leaves it without modifying the document
2026-10-07T22:35:39.2395540Z [146/710] [chromium] › tests/browser/editor.spec.ts:4542:1 › pastes into tab-focused code through Chromium clipboard without changing the previous paragraph
2026-10-07T22:35:39.6876048Z [147/710] [chromium] › tests/browser/editor.spec.ts:4566:1 › announces table resize values through real keyboard, pointer and history workflows
2026-10-07T22:35:40.4440077Z [148/710] [chromium] › tests/browser/editor.spec.ts:4619:1 › edits merged tables, resizes columns, toggles headers, and exchanges spreadsheet grids
2026-10-07T22:35:41.4516142Z [149/710] [chromium] › tests/browser/editor.spec.ts:4692:1 › keeps normal paste while offering bounded editor-local clipboard slots
2026-10-07T22:35:42.1957113Z [150/710] [chromium] › tests/browser/editor.spec.ts:4731:1 › renders and types into a structural gap as a new block
2026-10-07T22:35:42.5322839Z [151/710] [chromium] › tests/browser/editor.spec.ts:4743:1 › edits Lean without a mandatory server and renders transient provider diagnostics
2026-10-07T22:35:43.3015643Z [152/710] [chromium] › tests/browser/editor.spec.ts:4770:1 › keeps custom NodeViews live across updates and mapped moves while containing their DOM
2026-10-07T22:35:43.8120646Z [153/710] [chromium] › tests/browser/editor.spec.ts:4807:1 › loads the public React playground without console or page errors
2026-10-07T22:35:44.5326368Z [154/710] [chromium] › tests/browser/editor.spec.ts:4832:1 › publishes actionable extension authoring, conformance, and doctor guidance
2026-10-07T22:35:46.2581116Z [155/710] [chromium] › tests/browser/editor.spec.ts:4850:1 › pairs the optional AI demo with developer recipes for every public workflow
2026-10-07T22:35:46.2902419Z [156/710] [chromium] › tests/browser/editor.spec.ts:4871:1 › runs the public two-editor collaboration demo with presence and author-local undo
2026-10-07T22:35:48.3110035Z [157/710] [chromium] › tests/browser/editor.spec.ts:4938:1 › replaces both live collaboration documents without remounting the public editors
2026-10-07T22:35:49.3854473Z [158/710] [chromium] › tests/browser/editor.spec.ts:4997:1 › merges nested collaborative settings through the public two-editor demo
2026-10-07T22:35:51.6428461Z [159/710] [chromium] › tests/browser/editor.spec.ts:5016:1 › keeps headline phrases together and makes full-page navigation explicit
2026-10-07T22:35:52.4370061Z [160/710] [chromium] › tests/browser/editor.spec.ts:5041:1 › runs shared threaded comments through the public provider-neutral review panel
2026-10-07T22:35:55.5133372Z [161/710] [chromium] › tests/browser/editor.spec.ts:5098:1 › uses package-backed mentions, emoji, typography, and live counting in the public React playground
2026-10-07T22:35:55.7566314Z [162/710] [chromium] › tests/browser/editor.spec.ts:5159:1 › runs grouped default and product slash commands in the public React playground
2026-10-07T22:35:59.6311880Z [163/710] [chromium] › tests/browser/editor.spec.ts:5190:1 › runs accessible bubble and floating menus in the public React playground
2026-10-07T22:36:01.8376792Z [164/710] [chromium] › tests/browser/editor.spec.ts:5232:1 › composes and keyboard-navigates the public toolbar by stable group and action IDs
2026-10-07T22:36:03.2710480Z [165/710] [chromium] › tests/browser/editor.spec.ts:5269:1 › applies the complete text-style suite through the public React toolbar
2026-10-07T22:36:04.9009666Z [166/710] [chromium] › tests/browser/editor.spec.ts:5330:1 › uses the public React image workflow for metadata, alignment, and replacement
2026-10-07T22:36:07.5835610Z [167/710] [chromium] › tests/browser/editor.spec.ts:5374:1 › opens and cancels public configuration panels with keyboard focus and exact document retention
2026-10-07T22:36:09.1030848Z [168/710] [chromium] › tests/browser/editor.spec.ts:5492:1 › keeps the public native colour field focused while formatting selected text and allows undo in the editor
2026-10-07T22:36:11.7789654Z [169/710] [chromium] › tests/browser/editor.spec.ts:5519:1 › keeps table configuration labels legible on pointer hover
2026-10-07T22:36:15.0972896Z [170/710] [chromium] › tests/browser/editor.spec.ts:5558:1 › creates and edits a link through the public React toolbar
2026-10-07T22:36:17.7969861Z [171/710] [chromium] › tests/browser/editor.spec.ts:5589:1 › toggles a selected block through the public React list controls
2026-10-07T22:36:18.9454732Z [172/710] [chromium] › tests/browser/editor.spec.ts:5604:1 › edits code language and line numbers through the public React toolbar
2026-10-07T22:36:20.9575701Z [173/710] [chromium] › tests/browser/editor.spec.ts:5623:1 › opens the searchable clipboard-history picker in the public React toolbar
2026-10-07T22:36:22.0388660Z [174/710] [chromium] › tests/browser/editor.spec.ts:5656:1 › keeps the public outline stable, hierarchical, active, and navigable
2026-10-07T22:36:24.1477506Z [175/710] [chromium] › tests/browser/editor.spec.ts:5681:1 › exposes and explicitly cleans invisible text in the public playground
2026-10-07T22:36:25.5665309Z [176/710] [chromium] › tests/browser/editor.spec.ts:5722:1 › runs the public plain-DOM first-class widget demo
2026-10-07T22:36:28.1483322Z [177/710] [chromium] › tests/browser/editor.spec.ts:5769:1 › runs the public React first-class widget demo without losing control focus
2026-10-07T22:36:28.1877445Z [178/710] [chromium] › tests/browser/editor.spec.ts:5807:1 › makes the quote control discoverable and toggles an existing quote in the Java workflow demo
2026-10-07T22:36:30.7266190Z [179/710] [chromium] › tests/browser/editor.spec.ts:5821:1 › retains table captions and reports their projected association in the conversion demo
2026-10-07T22:36:30.7614267Z [180/710] [chromium] › tests/browser/editor.spec.ts:5838:1 › preserves complex figure content in the public Markdown conversion demo
2026-10-07T22:36:33.6861325Z [181/710] [chromium] › tests/browser/editor.spec.ts:5856:1 › runs the public headless Markdown, LaTeX, and server HTML pipeline
2026-10-07T22:36:33.8143863Z [182/710] [chromium] › tests/browser/editor.spec.ts:5927:1 › records native DOCX viewer disagreements without certifying math fidelity
2026-10-07T22:36:38.5138164Z [183/710] [chromium] › tests/browser/editor.spec.ts:5932:1 › checks actual DOCX retention beside an independent viewer without hiding its header omission
2026-10-07T22:36:39.9095779Z [184/710] [chromium] › tests/browser/editor.spec.ts:6048:1 › renders real KaTeX while reporting published-equation and trust failures without source loss
2026-10-07T22:36:41.9986730Z [185/710] [chromium] › tests/browser/editor.spec.ts:6079:1 › edits multiline math without losing line breaks, descriptions, or undo history
2026-10-07T22:36:44.7074733Z [186/710] [chromium] › tests/browser/editor.spec.ts:6116:1 › renders and inserts native math in the public DOM integration
2026-10-07T22:36:47.1023022Z [187/710] [chromium] › tests/browser/editor.spec.ts:6173:1 › makes table sizing, complete deletion, insertion gaps, and highlight colours explicit in the public demo
2026-10-07T22:36:47.1335608Z [188/710] [chromium] › tests/browser/editor.spec.ts:6221:1 › keeps rich and multiline paste structurally predictable in the public editor
2026-10-07T22:36:49.7878713Z [189/710] [chromium] › tests/browser/editor.spec.ts:6294:1 › round-trips a Fountain multi-block selection through Chromium clipboard HTML
2026-10-07T22:36:50.5895757Z [190/710] [chromium] › tests/browser/editor.spec.ts:6361:1 › round-trips an extension-owned Fountain atom through the Chromium clipboard
2026-10-07T22:36:51.5407761Z [191/710] [chromium] › tests/browser/editor.spec.ts:6410:1 › round-trips a complex whole Fountain document through the Chromium clipboard exactly
2026-10-07T22:36:52.3537845Z [192/710] [chromium] › tests/browser/editor.spec.ts:6497:1 › copies clean semantic Fountain HTML into an external browser editor
2026-10-07T22:36:53.3149791Z [193/710] [chromium] › tests/browser/editor.spec.ts:6552:1 › copies readable Fountain text into a plain-text external editor
2026-10-07T22:36:54.1644891Z [194/710] [chromium] › tests/browser/editor.spec.ts:6611:1 › copies math to external rich and plain-text editors without renderer controls
2026-10-07T22:36:55.0601417Z [195/710] [chromium] › tests/browser/editor.spec.ts:6656:1 › renders repeated empty paragraphs and removes each visible line
2026-10-07T22:36:56.6247451Z [196/710] [chromium] › tests/browser/editor.spec.ts:6686:1 › undoes and redoes real typing with both common browser keyboard chords
2026-10-07T22:36:57.6562081Z [197/710] [chromium] › tests/browser/editor.spec.ts:6703:1 › keeps a backward DOM selection backward after model synchronization
2026-10-07T22:36:57.6966901Z [198/710] [chromium] › tests/browser/editor.spec.ts:6727:1 › preserves a backward selection made with real keyboard input
2026-10-07T22:36:58.7385755Z [199/710] [chromium] › tests/browser/editor.spec.ts:6742:1 › replaces a backward selection made by a real reverse pointer drag
2026-10-07T22:36:59.0289600Z [200/710] [chromium] › tests/browser/editor.spec.ts:6778:1 › turns multi-format and multi-block selections into visible paragraph boundaries
2026-10-07T22:37:00.0785589Z [201/710] [chromium] › tests/browser/editor.spec.ts:6836:1 › visibly splits and joins ordinary paragraphs with both deletion directions
2026-10-07T22:37:00.8540063Z [202/710] [chromium] › tests/browser/editor.spec.ts:6861:1 › deletes an adjacent inline atom without eating surrounding text
2026-10-07T22:37:01.4382529Z [203/710] [chromium] › tests/browser/editor.spec.ts:6891:1 › unwraps and exits an inserted quote with ordinary browser keys
2026-10-07T22:37:01.9394818Z [204/710] [chromium] › tests/browser/editor.spec.ts:6920:1 › publishes semantic selection controls and table interaction in the demo gallery
2026-10-07T22:37:04.5066876Z [205/710] [chromium] › tests/browser/editor.spec.ts:6937:1 › runs campaign images, native media and safe embeds through Angular with honest upload boundaries
2026-10-07T22:37:05.0418050Z [206/710] [chromium] › tests/browser/editor.spec.ts:7014:1 › uses the public React media workflow for native playback, provider-gated embeds, and asset uploads
2026-10-07T22:37:08.9447049Z [207/710] [chromium] › tests/browser/editor.spec.ts:7059:1 › streams an optional AI proposal outside the document until review is ready
2026-10-07T22:37:10.5610153Z [208/710] [chromium] › tests/browser/editor.spec.ts:7084:1 › preserves whitespace when an AI proposal ends at a formatting boundary
2026-10-07T22:37:12.4468225Z [209/710] [chromium] › tests/browser/editor.spec.ts:7099:1 › runs a host-owned multi-turn AI conversation with reusable prompts and clear confirmation
2026-10-07T22:37:14.1008322Z [210/710] [chromium] › tests/browser/editor.spec.ts:7127:1 › reviews generated media before the normal host upload inserts one undoable node
2026-10-07T22:37:16.8435201Z [211/710] [chromium] › tests/browser/editor.spec.ts:7153:1 › reviews a schema-aware agent tool proposal before one-step apply and undo
2026-10-07T22:37:19.4246792Z [212/710] [chromium] › tests/browser/editor.spec.ts:7178:1 › keeps a 1,000-block input update local and paints within budget
2026-10-07T22:37:20.7501194Z [213/710] [chromium] › tests/browser/editor.spec.ts:7199:1 › virtualizes 100,000 blocks while preserving scrolling, distant selection, IME, and copy
2026-10-07T22:37:20.7666902Z [214/710] [chromium] › tests/browser/editor.spec.ts:7257:1 › exports rich tables as HTML Markdown and exposes the compatibility note
2026-10-07T22:37:22.7636883Z [215/710] [chromium] › tests/browser/editor.spec.ts:7279:1 › HTML comments do not insert phantom paragraphs in converted Markdown
2026-10-07T22:37:24.0573567Z [216/710] [chromium] › tests/browser/editor.spec.ts:7291:1 › imported table section order matches the physically rendered source table
2026-10-07T22:37:25.5045716Z [217/710] [chromium] › tests/browser/editor.spec.ts:7322:1 › imports zero-rowspan cells with the same row-group geometry in server and browser
2026-10-07T22:37:27.5241307Z [218/710] [chromium] › tests/browser/editor.spec.ts:7353:1 › reconstructs HTML tables across Markdown block boundaries
2026-10-07T22:37:29.0293892Z [219/710] [chromium] › tests/browser/editor.spec.ts:7374:1 › applies surrounding HTML formatting without replacing Markdown block content
2026-10-07T22:37:30.3187486Z [220/710] [chromium] › tests/browser/editor.spec.ts:7387:1 › converts raw HTML blocks only when the headless demo option is enabled
2026-10-07T22:37:31.6175651Z [221/710] [chromium] › tests/browser/editor.spec.ts:7403:1 › projects inline HTML around Markdown nodes only with explicit opt-in and visible fallback
2026-10-07T22:37:33.0943062Z [222/710] [chromium] › tests/browser/editor.spec.ts:7428:1 › shows specific discarded HTML and rejected URL losses in both conversion surfaces
2026-10-07T22:37:36.1319007Z [223/710] [firefox] › tests/browser/editor.spec.ts:40:1 › retains structural RTL against native source through author controls, physical table editing and downloaded HTML
2026-10-07T22:37:37.1758932Z [224/710] [firefox] › tests/browser/editor.spec.ts:44:1 › imports inherited inline alignment against a native surface and keeps it through real editing and downloaded HTML
2026-10-07T22:37:43.0155574Z [225/710] [firefox] › tests/browser/editor.spec.ts:48:1 › compares list-first code text-click focus and editing to a plain native surface
2026-10-07T22:37:44.9568850Z [226/710] [firefox] › tests/browser/editor.spec.ts:52:1 › retains a shared automatic section direction through first-strong-text editing, history and reader preview
2026-10-07T22:37:46.7157832Z [227/710] [firefox] › tests/browser/editor.spec.ts:56:1 › authors physical-left alignment under an RTL host and inherited-auto reader with history
2026-10-07T22:37:49.5777274Z [228/710] [firefox] › tests/browser/editor.spec.ts:60:1 › edits RTL blocks with native keyboard selection, direction controls, Enter history and HTML reader export
2026-10-07T22:37:51.1020355Z [229/710] [firefox] › tests/browser/editor.spec.ts:64:1 › separates the homepage framework descenders from the italic extend line
2026-10-07T22:37:54.7902647Z [230/710] [firefox] › tests/browser/editor.spec.ts:83:1 › keeps consecutive marked quoted and table blank lines visible in reader and saved HTML
2026-10-07T22:37:56.0519135Z [231/710] [firefox] › tests/browser/editor.spec.ts:87:1 › fills and reopens a retained childless paragraph using real pointer typing Enter Backspace and undo
2026-10-07T22:37:59.8181377Z [232/710] [firefox] › tests/browser/editor.spec.ts:91:1 › edits structured inert block wrappers with actual table navigation Enter Backspace history and safe reopening
2026-10-07T22:38:00.7364788Z [233/710] [firefox] › tests/browser/editor.spec.ts:95:1 › retains HTML link navigation and literal Markdown data through real editing and reopening
2026-10-07T22:38:07.4935658Z [234/710] [firefox] › tests/browser/editor.spec.ts:99:1 › edits inert script style textarea source with real Enter Backspace history and safe reader reopening
2026-10-07T22:38:12.1216052Z [235/710] [firefox] › tests/browser/editor.spec.ts:103:1 › retains unfinished raw HTML as editable Markdown source and discloses direct HTML omissions
2026-10-07T22:38:14.5626326Z [236/710] [firefox] › tests/browser/editor.spec.ts:107:1 › preserves registered inert inline source through real typing history and Markdown HTML JSON reopening
2026-10-07T22:38:17.0577118Z [237/710] [firefox] › tests/browser/editor.spec.ts:111:1 › preserves immutable snapshots and owned attributes through real typing Enter history and JSON reopening
2026-10-07T22:38:18.6998469Z [238/710] [firefox] › tests/browser/editor.spec.ts:115:1 › imports private files in the conversion lab with reports and export reopen
2026-10-07T22:38:21.1466757Z [239/710] [firefox] › tests/browser/editor.spec.ts:119:1 › resolves unequal Markdown runs through actual selection editing history download and reader reopen
2026-10-07T22:38:25.1127596Z [240/710] [firefox] › tests/browser/editor.spec.ts:124:3 › retains partial Markdown em scope through real typing history and canonical reopening
2026-10-07T22:38:26.1132813Z [241/710] [firefox] › tests/browser/editor.spec.ts:124:3 › retains partial Markdown strong scope through real typing history and canonical reopening
2026-10-07T22:38:28.5124692Z [242/710] [firefox] › tests/browser/editor.spec.ts:129:1 › submits resets and disables a native form-associated Web Component
2026-10-07T22:38:28.9105449Z [243/710] [firefox] › tests/browser/editor.spec.ts:133:1 › converts document-wide HTML scopes with source edit undo and explicit layout differences
2026-10-07T22:38:33.3859629Z [244/710] [firefox] › tests/browser/editor.spec.ts:137:1 › preserves inert HTML comments through human editing source and reader output
2026-10-07T22:38:34.3722583Z [245/710] [firefox] › tests/browser/editor.spec.ts:141:1 › copies anonymous flow internally and into an external plain-text editor through real clipboard
2026-10-07T22:38:37.6660863Z [246/710] [firefox] › tests/browser/editor.spec.ts:146:1 › retains cleared anonymous flow through real cut save reopen and continued editing
2026-10-07T22:38:41.7529294Z [247/710] [firefox] › tests/browser/editor.spec.ts:150:1 › retains anonymous HTML flow without extra spacing through real typing Enter deletion and reader output
2026-10-07T22:38:42.7525781Z [248/710] [firefox] › tests/browser/editor.spec.ts:154:1 › retains literal flow newlines through actual Markdown export and source reimport
2026-10-07T22:38:46.3283373Z [249/710] [firefox] › tests/browser/editor.spec.ts:158:1 › edits protected Markdown images and dividers inside HTML sections through history and reopening
2026-10-07T22:38:48.4652461Z [250/710] [firefox] › tests/browser/editor.spec.ts:162:1 › edits protected Markdown tables inside HTML sections through cell navigation history and reopening
2026-10-07T22:38:51.4870266Z [251/710] [firefox] › tests/browser/editor.spec.ts:166:1 › authors sections with properties, empty content, undo and reader preview
2026-10-07T22:38:54.4735369Z [252/710] [firefox] › tests/browser/editor.spec.ts:170:1 › preserves optional section containers through real editing and reader output
2026-10-07T22:38:56.7555519Z [253/710] [firefox] › tests/browser/editor.spec.ts:174:1 › edits and reopens a Word glossary with term and description roles
2026-10-07T22:38:59.1278961Z [254/710] [firefox] › tests/browser/editor.spec.ts:178:1 › imports and edits Word content controls without losing visible content
2026-10-07T22:39:02.0181245Z [255/710] [firefox] › tests/browser/editor.spec.ts:200:1 › preserves code endings through source recovery and reader handoff
2026-10-07T22:39:04.5172236Z [256/710] [firefox] › tests/browser/editor.spec.ts:204:1 › edits definition lists and reopens a glossary in a reader
2026-10-07T22:39:07.2956540Z [257/710] [firefox] › tests/browser/editor.spec.ts:208:1 › edits registered HTML wrappers after Markdown source recovery
2026-10-07T22:39:09.7960653Z [258/710] [firefox] › tests/browser/editor.spec.ts:212:1 › retains the complete document through pointer and keyboard output-format changes
2026-10-07T22:39:10.5100894Z [259/710] [firefox] › tests/browser/editor.spec.ts:216:1 › recovers nested Markdown lists and quotes through an editor and reader
2026-10-07T22:39:21.7513881Z [260/710] [firefox] › tests/browser/editor.spec.ts:220:1 › edits opaque code labels and reopens them safely in a reader
2026-10-07T22:39:22.1127839Z [261/710] [firefox] › tests/browser/editor.spec.ts:225:1 › guards editor actions against page reloads without suppressing failures
2026-10-07T22:39:24.7778822Z [262/710] [firefox] › tests/browser/editor.spec.ts:235:1 › recovers paragraph HTML into editable blocks and a reopened reader
2026-10-07T22:39:27.7020169Z [263/710] [firefox] › tests/browser/editor.spec.ts:239:1 › reads separate retired paragraphs after Markdown HTML scope conversion and handoff
2026-10-07T22:39:31.8924257Z [264/710] [firefox] › tests/browser/editor.spec.ts:243:1 › preserves headerless and mixed tables through source and file handoff
2026-10-07T22:39:36.2825376Z [265/710] [firefox] › tests/browser/editor.spec.ts:247:1 › retains HTML block formatting through server import, paste and draft handoff
2026-10-07T22:39:41.8934149Z [266/710] [firefox] › tests/browser/editor.spec.ts:251:1 › discovers product workflows and preserves separate task drafts and histories
2026-10-07T22:39:42.4897256Z [267/710] [firefox] › tests/browser/editor.spec.ts:255:1 › retains escaped pipes and strikethrough through table edits and Markdown handoff
2026-10-07T22:39:47.6626174Z [268/710] [firefox] › tests/browser/editor.spec.ts:259:1 › retains literal text lines through editing and Markdown handoff
2026-10-07T22:39:51.6164015Z [269/710] [firefox] › tests/browser/editor.spec.ts:263:1 › keeps literal syntax unformatted through visual edits and Markdown reopen
2026-10-07T22:39:51.6722494Z [270/710] [firefox] › tests/browser/editor.spec.ts:267:1 › chooses literal address import and retains links through DOCX handoff
2026-10-07T22:39:55.3808086Z [271/710] [firefox] › tests/browser/editor.spec.ts:271:1 › writes and reopens an issue with visual Markdown source fidelity and reader preview
2026-10-07T22:39:58.4961614Z [272/710] [firefox] › tests/browser/editor.spec.ts:275:1 › issue workflow preserves root references and validates local image files
2026-10-07T22:40:00.2335507Z [273/710] [firefox] › tests/browser/editor.spec.ts:307:1 › issue workflow preserves reference prefixes and reports container fallback
2026-10-07T22:40:01.7115729Z [274/710] [firefox] › tests/browser/editor.spec.ts:331:1 › reopens a full HTML report without promoting page metadata into editor content
2026-10-07T22:40:03.8738770Z [275/710] [firefox] › tests/browser/editor.spec.ts:335:1 › matches native document parsing for HTML envelopes, recovery, and noscript
2026-10-07T22:40:06.2426962Z [276/710] [firefox] › tests/browser/editor.spec.ts:349:1 › aligns selected paragraphs using backward selection, toolbar, history and HTML export
2026-10-07T22:40:06.2986342Z [277/710] [firefox] › tests/browser/editor.spec.ts:353:1 › exports independent DOCX list starts and renders the same procedure beside the editor
2026-10-07T22:40:08.9931157Z [278/710] [firefox] › tests/browser/editor.spec.ts:357:1 › retains zero-based list numbers through keyboard outdent history and export
2026-10-07T22:40:11.6845894Z [279/710] [firefox] › tests/browser/editor.spec.ts:361:1 › imports ordered-list starts like the native browser integer parser
2026-10-07T22:40:14.1113860Z [280/710] [firefox] › tests/browser/editor.spec.ts:375:1 › uses first-party Angular signals and directive for campaign editing and owner cleanup
2026-10-07T22:40:14.1742256Z [281/710] [firefox] › tests/browser/editor.spec.ts:379:1 › disposes Svelte custom block views before their owned engine
2026-10-07T22:40:16.7148862Z [282/710] [firefox] › tests/browser/editor.spec.ts:388:1 › uses first-party Svelte bindings for table editing, history, stores and owner disposal
2026-10-07T22:40:22.0384306Z [283/710] [firefox] › tests/browser/editor.spec.ts:392:1 › uses first-party Vue bindings for editing, reactive state, history and view remounts
2026-10-07T22:40:23.1909379Z [284/710] [firefox] › tests/browser/editor.spec.ts:396:1 › keeps real SVG equation links inside paged snapshots across editing and rebuilding
2026-10-07T22:40:28.2575759Z [285/710] [firefox] › tests/browser/editor.spec.ts:400:1 › saves and reopens equation files with source, references and history intact
2026-10-07T22:40:29.0246311Z [286/710] [firefox] › tests/browser/editor.spec.ts:404:1 › recovers from textless replacement for native typing, lines and history
2026-10-07T22:40:31.7218702Z [287/710] [firefox] › tests/browser/editor.spec.ts:408:1 › renders labelled equations and reader links through real editing and recovery
2026-10-07T22:40:37.4293815Z [288/710] [firefox] › tests/browser/editor.spec.ts:412:1 › keeps moved math source attached to its formula through native editing, undo, and export
2026-10-07T22:40:39.5953556Z [289/710] [firefox] › tests/browser/editor.spec.ts:416:1 › imports the published TeX table with visible losses and editable numeric values
2026-10-07T22:40:40.7534776Z [290/710] [firefox] › tests/browser/editor.spec.ts:500:1 › keeps comparison names separate from their copy in a mobile desktop-site viewport
2026-10-07T22:40:42.5244795Z [291/710] [firefox] › tests/browser/editor.spec.ts:528:1 › renders, edits, and measures portable page intent in a real browser
2026-10-07T22:40:43.3134175Z [292/710] [firefox] › tests/browser/editor.spec.ts:597:1 › measures browser line boxes, list items, rowspan groups, and footnotes as legal page fragments
2026-10-07T22:40:44.1988338Z [293/710] [firefox] › tests/browser/editor.spec.ts:691:1 › continues measured long footnotes through editable and print page projections
2026-10-07T22:40:44.7926414Z [294/710] [firefox] › tests/browser/editor.spec.ts:799:1 › prints a mixed repeated-footnote, merged-table, and manual-break document without loss
2026-10-07T22:40:47.0805672Z [295/710] [firefox] › tests/browser/editor.spec.ts:907:1 › paginates imported styled semantic HTML without structural or PDF text loss
2026-10-07T22:40:49.1013911Z [296/710] [firefox] › tests/browser/editor.spec.ts:1052:1 › uses a host print renderer without moving or exposing live custom DOM
2026-10-07T22:40:50.0435188Z [297/710] [firefox] › tests/browser/editor.spec.ts:1075:1 › projects exact A4 and Letter print sheets in every browser engine
2026-10-07T22:40:50.3229766Z [298/710] [firefox] › tests/browser/editor.spec.ts:1192:1 › emits exact A4 and Letter PDF pages for every projected sheet in Chromium
2026-10-07T22:40:51.0387334Z [299/710] [firefox] › tests/browser/editor.spec.ts:1232:1 › keeps 1,000-block pagination reflow local to the changed block
2026-10-07T22:40:52.3234812Z [300/710] [firefox] › tests/browser/editor.spec.ts:1244:1 › bounds alternating edge reflow across 5,000 rendered page blocks
2026-10-07T22:40:52.7275418Z [301/710] [firefox] › tests/browser/editor.spec.ts:1267:1 › keeps 5,000 unchanged page blocks cached through leading insertion and removal
2026-10-07T22:40:55.3625025Z [302/710] [firefox] › tests/browser/editor.spec.ts:1293:1 › edits, selects, and composes across guarded page shells in one contenteditable
2026-10-07T22:40:56.3566547Z [303/710] [firefox] › tests/browser/editor.spec.ts:1369:1 › keeps one paragraph editable when its measured lines span page shells
2026-10-07T22:40:58.7864681Z [304/710] [firefox] › tests/browser/editor.spec.ts:1496:1 › maps carets, ranges, and composition around injected paragraph page gaps
2026-10-07T22:40:59.4478609Z [305/710] [firefox] › tests/browser/editor.spec.ts:1600:1 › keeps one canonical ordered list editable and numbered across page shells
2026-10-07T22:41:01.1375846Z [306/710] [firefox] › tests/browser/editor.spec.ts:1735:52 › honours explicit table repetition independently of cell roles (ordinary)
2026-10-07T22:41:02.2469539Z [307/710] [firefox] › tests/browser/editor.spec.ts:1735:52 › honours explicit table repetition independently of cell roles (off)
2026-10-07T22:41:04.1645852Z [308/710] [firefox] › tests/browser/editor.spec.ts:1768:1 › keeps one canonical table editable with repeated headers across page shells
2026-10-07T22:41:05.2217509Z [309/710] [firefox] › tests/browser/editor.spec.ts:1918:1 › keeps merged header and body rowspans intact across editable table pages
2026-10-07T22:41:07.5899289Z [310/710] [firefox] › tests/browser/editor.spec.ts:2026:1 › keeps canonical page furniture and footnotes editable while projecting every page copy
2026-10-07T22:41:07.5949861Z [311/710] [firefox] › tests/browser/editor.spec.ts:1984:1 › reports an oversized table row without clipping or splitting its editable model
2026-10-07T22:41:10.0609705Z [312/710] [firefox] › tests/browser/editor.spec.ts:2111:1 › keeps code, media, disclosures, and custom atoms canonical across editable pages
2026-10-07T22:41:10.7773715Z [313/710] [firefox] › tests/browser/editor.spec.ts:2246:1 › keeps tracked review and Yjs live between list items split across pages
2026-10-07T22:41:13.0300486Z [314/710] [firefox] › tests/browser/editor.spec.ts:2312:1 › keeps tracked review and Yjs live between table rows split across pages
2026-10-07T22:41:14.0819654Z [315/710] [firefox] › tests/browser/editor.spec.ts:2389:13 › keeps comments attached and synchronized inside a continued list
2026-10-07T22:41:16.3259254Z [316/710] [firefox] › tests/browser/editor.spec.ts:2389:13 › keeps comments attached and synchronized inside a continued table
2026-10-07T22:41:18.7665669Z [317/710] [firefox] › tests/browser/editor.spec.ts:2443:1 › keeps tracked review and Yjs live inside a paragraph split across pages
2026-10-07T22:41:18.8046425Z [318/710] [firefox] › tests/browser/editor.spec.ts:2504:1 › keeps tracked review and Yjs collaboration live across automatic page boundaries
2026-10-07T22:41:21.8012178Z [319/710] [firefox] › tests/browser/editor.spec.ts:2579:1 › tracks real browser insertion and replacement with reversible review decisions
2026-10-07T22:41:22.7945649Z [320/710] [firefox] › tests/browser/editor.spec.ts:2608:1 › runs the package-backed full-text tracked review panel
2026-10-07T22:41:23.0849335Z [321/710] [firefox] › tests/browser/editor.spec.ts:2626:1 › runs package-backed named versions, exact comparison, preview, and guarded restoration
2026-10-07T22:41:25.7325774Z [322/710] [firefox] › tests/browser/editor.spec.ts:2656:1 › edits and persists package-backed collapsible details in the public playground
2026-10-07T22:41:28.0641512Z [323/710] [firefox] › tests/browser/editor.spec.ts:2682:1 › edits semantic ruby annotations through the package-backed public playground
2026-10-07T22:41:30.1398395Z [324/710] [firefox] › tests/browser/editor.spec.ts:2712:1 › converges live and offline Yjs edits and keeps collaborative undo author-local
2026-10-07T22:41:31.4477046Z [325/710] [firefox] › tests/browser/editor.spec.ts:2741:1 › runs reference links, recursive blocks, rich tables, and loss reports in a real browser
2026-10-07T22:41:31.7037933Z [326/710] [firefox] › tests/browser/editor.spec.ts:2766:1 › round-trips variable-delimiter Markdown code spans in the browser package
2026-10-07T22:41:32.7345732Z [327/710] [firefox] › tests/browser/editor.spec.ts:3334:1 › types, deletes, and undoes inside imported empty documents, quotes, and list items
2026-10-07T22:41:33.3636268Z [328/710] [firefox] › tests/browser/editor.spec.ts:3364:1 › round-trips marker-relative list containers and exact code whitespace
2026-10-07T22:41:34.5684348Z [329/710] [firefox] › tests/browser/editor.spec.ts:3408:1 › preserves raw Markdown and inert frontmatter through the browser package
2026-10-07T22:41:35.6187404Z [330/710] [firefox] › tests/browser/editor.spec.ts:3434:1 › edits through real beforeinput events and undoes a Markdown input rule
2026-10-07T22:41:36.8522279Z [331/710] [firefox] › tests/browser/editor.spec.ts:3448:1 › groups adjacent browser typing and respects explicit undo boundaries
2026-10-07T22:41:38.1330609Z [332/710] [firefox] › tests/browser/editor.spec.ts:3469:3 › preserves replacement formatting across subsequent typing input
2026-10-07T22:41:38.2034296Z [333/710] [firefox] › tests/browser/editor.spec.ts:3469:3 › preserves replacement formatting across subsequent composition input
2026-10-07T22:41:39.6107184Z [334/710] [firefox] › tests/browser/editor.spec.ts:3500:1 › commits cross-browser composition sequences once and supports replacement input
2026-10-07T22:41:39.7035745Z [335/710] [firefox] › tests/browser/editor.spec.ts:3532:1 › maps decorations through typing without persisting widget content
2026-10-07T22:41:41.0098762Z [336/710] [firefox] › tests/browser/editor.spec.ts:3547:1 › highlights editable code and updates language metadata through public commands
2026-10-07T22:41:41.1615580Z [337/710] [firefox] › tests/browser/editor.spec.ts:3577:1 › runs a view-focused chain and checks it without preview side effects
2026-10-07T22:41:42.5561641Z [338/710] [firefox] › tests/browser/editor.spec.ts:3598:1 › applies every configured paste-rule match through a browser paste event
2026-10-07T22:41:42.8363570Z [339/710] [firefox] › tests/browser/editor.spec.ts:3616:1 › autolinks, safely activates, edits, and removes links in a real browser
2026-10-07T22:41:44.4471233Z [340/710] [firefox] › tests/browser/editor.spec.ts:3647:1 › preserves structured rich HTML from a real browser clipboard event
2026-10-07T22:41:45.4453378Z [341/710] [firefox] › tests/browser/editor.spec.ts:3668:1 › pastes unwrapped inline HTML without dropping surrounding text or formatting
2026-10-07T22:41:45.5085826Z [342/710] [firefox] › tests/browser/editor.spec.ts:3689:1 › honors strict raw HTML token boundaries in the public Markdown pipeline
2026-10-07T22:41:47.1784042Z [343/710] [firefox] › tests/browser/editor.spec.ts:3706:1 › pastes unfamiliar HTML wrappers without flattening headings, paragraphs, or lists
2026-10-07T22:41:48.4607496Z [344/710] [firefox] › tests/browser/editor.spec.ts:3726:1 › pastes structured table cells and edits separate paragraphs without flattening nested blocks
2026-10-07T22:41:48.6717230Z [345/710] [firefox] › tests/browser/editor.spec.ts:3749:1 › retains standalone non-collapsible Unicode text during rich paste
2026-10-07T22:41:50.2207947Z [346/710] [firefox] › tests/browser/editor.spec.ts:3766:1 › pastes empty formatting and applies it to subsequently typed text
2026-10-07T22:41:51.4531850Z [347/710] [firefox] › tests/browser/editor.spec.ts:3790:57 › pastes and edits list-first code without inventing a blank paragraph
2026-10-07T22:41:51.8497991Z [348/710] [firefox] › tests/browser/editor.spec.ts:3790:57 › pastes and edits list-first code without inventing a blank paragraph from its label area
2026-10-07T22:41:53.5203781Z [349/710] [firefox] › tests/browser/editor.spec.ts:3818:1 › normalizes representative Word, Docs, and Excel clipboard payloads in every browser engine
2026-10-07T22:41:54.3588253Z [350/710] [firefox] › tests/browser/editor.spec.ts:3871:1 › imports an extension-defined HTML node through the schema contract
2026-10-07T22:41:55.7878327Z [351/710] [firefox] › tests/browser/editor.spec.ts:3896:1 › pastes mixed nested HTML lists without flattening their hierarchy
2026-10-07T22:41:55.8885235Z [352/710] [firefox] › tests/browser/editor.spec.ts:3919:1 › wraps, indents, lifts, and exits lists through browser-visible commands and keys
2026-10-07T22:41:57.1715891Z [353/710] [firefox] › tests/browser/editor.spec.ts:3949:1 › edits bidirectional and deeply nested text by logical document positions
2026-10-07T22:41:57.3165251Z [354/710] [firefox] › tests/browser/editor.spec.ts:3976:1 › moves a selected top-level block through native drag data
2026-10-07T22:41:58.7592769Z [355/710] [firefox] › tests/browser/editor.spec.ts:3994:1 › shows a host-replaceable drop cursor for inline text and atomic block targets
2026-10-07T22:41:59.1575987Z [356/710] [firefox] › tests/browser/editor.spec.ts:4055:1 › reorders nested blocks with accessible controls, drop indicators, drag, and undo
2026-10-07T22:42:00.3372471Z [357/710] [firefox] › tests/browser/editor.spec.ts:4130:1 › shows one structural block target across paragraphs, headings, lists, tables, media, and custom nodes
2026-10-07T22:42:01.2476140Z [358/710] [firefox] › tests/browser/editor.spec.ts:4226:1 › replaces a DOM selection that crosses block boundaries
2026-10-07T22:42:03.4271766Z [359/710] [firefox] › tests/browser/editor.spec.ts:4265:1 › keeps a visible editable paragraph after a terminal non-text block
2026-10-07T22:42:03.9075763Z [360/710] [firefox] › tests/browser/editor.spec.ts:4287:1 › uses Ctrl+A as an explicit all-document selection and replaces the document
2026-10-07T22:42:05.0244920Z [361/710] [firefox] › tests/browser/editor.spec.ts:4299:1 › selects and deletes a block image through real pointer and keyboard input
2026-10-07T22:42:05.3656782Z [362/710] [firefox] › tests/browser/editor.spec.ts:4322:1 › edits, aligns, resizes, and undoes a production image through accessible controls
2026-10-07T22:42:06.7405897Z [363/710] [firefox] › tests/browser/editor.spec.ts:4378:1 › inserts and removes a true inline image without breaking surrounding text
2026-10-07T22:42:07.3500306Z [364/710] [firefox] › tests/browser/editor.spec.ts:4396:1 › tracks and cancels browser-native image upload tasks
2026-10-07T22:42:08.0925496Z [365/710] [firefox] › tests/browser/editor.spec.ts:4436:1 › extends and replaces a rectangular cell selection through real pointer input
2026-10-07T22:42:08.7394726Z [366/710] [firefox] › tests/browser/editor.spec.ts:4464:1 › keeps mixed-format links intact through backward selection typing and history
2026-10-07T22:42:10.2986085Z [367/710] [firefox] › tests/browser/editor.spec.ts:4496:1 › reaches overflowing code by keyboard and leaves it without modifying the document
2026-10-07T22:42:11.6726082Z [368/710] [firefox] › tests/browser/editor.spec.ts:4542:1 › pastes into tab-focused code through Chromium clipboard without changing the previous paragraph
2026-10-07T22:42:11.7840056Z [369/710] [firefox] › tests/browser/editor.spec.ts:4566:1 › announces table resize values through real keyboard, pointer and history workflows
2026-10-07T22:42:12.3504601Z [370/710] [firefox] › tests/browser/editor.spec.ts:4619:1 › edits merged tables, resizes columns, toggles headers, and exchanges spreadsheet grids
2026-10-07T22:42:13.7215537Z [371/710] [firefox] › tests/browser/editor.spec.ts:4692:1 › keeps normal paste while offering bounded editor-local clipboard slots
2026-10-07T22:42:14.8682455Z [372/710] [firefox] › tests/browser/editor.spec.ts:4731:1 › renders and types into a structural gap as a new block
2026-10-07T22:42:14.9394531Z [373/710] [firefox] › tests/browser/editor.spec.ts:4743:1 › edits Lean without a mandatory server and renders transient provider diagnostics
2026-10-07T22:42:16.3431832Z [374/710] [firefox] › tests/browser/editor.spec.ts:4770:1 › keeps custom NodeViews live across updates and mapped moves while containing their DOM
2026-10-07T22:42:16.4975711Z [375/710] [firefox] › tests/browser/editor.spec.ts:4807:1 › loads the public React playground without console or page errors
2026-10-07T22:42:18.1317938Z [376/710] [firefox] › tests/browser/editor.spec.ts:4832:1 › publishes actionable extension authoring, conformance, and doctor guidance
2026-10-07T22:42:19.1664347Z [377/710] [firefox] › tests/browser/editor.spec.ts:4850:1 › pairs the optional AI demo with developer recipes for every public workflow
2026-10-07T22:42:20.3075771Z [378/710] [firefox] › tests/browser/editor.spec.ts:4871:1 › runs the public two-editor collaboration demo with presence and author-local undo
2026-10-07T22:42:21.5915688Z [379/710] [firefox] › tests/browser/editor.spec.ts:4938:1 › replaces both live collaboration documents without remounting the public editors
2026-10-07T22:42:24.4054287Z [380/710] [firefox] › tests/browser/editor.spec.ts:4997:1 › merges nested collaborative settings through the public two-editor demo
2026-10-07T22:42:25.5249763Z [381/710] [firefox] › tests/browser/editor.spec.ts:5016:1 › keeps headline phrases together and makes full-page navigation explicit
2026-10-07T22:42:27.7906883Z [382/710] [firefox] › tests/browser/editor.spec.ts:5041:1 › runs shared threaded comments through the public provider-neutral review panel
2026-10-07T22:42:29.1507656Z [383/710] [firefox] › tests/browser/editor.spec.ts:5098:1 › uses package-backed mentions, emoji, typography, and live counting in the public React playground
2026-10-07T22:42:31.7342794Z [384/710] [firefox] › tests/browser/editor.spec.ts:5159:1 › runs grouped default and product slash commands in the public React playground
2026-10-07T22:42:33.9461449Z [385/710] [firefox] › tests/browser/editor.spec.ts:5190:1 › runs accessible bubble and floating menus in the public React playground
2026-10-07T22:42:37.3564074Z [386/710] [firefox] › tests/browser/editor.spec.ts:5232:1 › composes and keyboard-navigates the public toolbar by stable group and action IDs
2026-10-07T22:42:39.4966032Z [387/710] [firefox] › tests/browser/editor.spec.ts:5269:1 › applies the complete text-style suite through the public React toolbar
2026-10-07T22:42:41.1765442Z [388/710] [firefox] › tests/browser/editor.spec.ts:5330:1 › uses the public React image workflow for metadata, alignment, and replacement
2026-10-07T22:42:44.9000491Z [389/710] [firefox] › tests/browser/editor.spec.ts:5374:1 › opens and cancels public configuration panels with keyboard focus and exact document retention
2026-10-07T22:42:46.2711659Z [390/710] [firefox] › tests/browser/editor.spec.ts:5492:1 › keeps the public native colour field focused while formatting selected text and allows undo in the editor
2026-10-07T22:42:49.6354035Z [391/710] [firefox] › tests/browser/editor.spec.ts:5519:1 › keeps table configuration labels legible on pointer hover
2026-10-07T22:42:53.1349284Z [392/710] [firefox] › tests/browser/editor.spec.ts:5558:1 › creates and edits a link through the public React toolbar
2026-10-07T22:42:57.0111513Z [393/710] [firefox] › tests/browser/editor.spec.ts:5589:1 › toggles a selected block through the public React list controls
2026-10-07T22:42:58.8165631Z [394/710] [firefox] › tests/browser/editor.spec.ts:5604:1 › edits code language and line numbers through the public React toolbar
2026-10-07T22:43:00.6805003Z [395/710] [firefox] › tests/browser/editor.spec.ts:5623:1 › opens the searchable clipboard-history picker in the public React toolbar
2026-10-07T22:43:02.6394801Z [396/710] [firefox] › tests/browser/editor.spec.ts:5656:1 › keeps the public outline stable, hierarchical, active, and navigable
2026-10-07T22:43:05.9671912Z [397/710] [firefox] › tests/browser/editor.spec.ts:5681:1 › exposes and explicitly cleans invisible text in the public playground
2026-10-07T22:43:06.0755612Z [398/710] [firefox] › tests/browser/editor.spec.ts:5722:1 › runs the public plain-DOM first-class widget demo
2026-10-07T22:43:09.2896030Z [399/710] [firefox] › tests/browser/editor.spec.ts:5769:1 › runs the public React first-class widget demo without losing control focus
2026-10-07T22:43:10.9585672Z [400/710] [firefox] › tests/browser/editor.spec.ts:5807:1 › makes the quote control discoverable and toggles an existing quote in the Java workflow demo
2026-10-07T22:43:12.4302264Z [401/710] [firefox] › tests/browser/editor.spec.ts:5821:1 › retains table captions and reports their projected association in the conversion demo
2026-10-07T22:43:13.9596108Z [402/710] [firefox] › tests/browser/editor.spec.ts:5838:1 › preserves complex figure content in the public Markdown conversion demo
2026-10-07T22:43:15.8468102Z [403/710] [firefox] › tests/browser/editor.spec.ts:5856:1 › runs the public headless Markdown, LaTeX, and server HTML pipeline
2026-10-07T22:43:17.3828811Z [404/710] [firefox] › tests/browser/editor.spec.ts:5927:1 › records native DOCX viewer disagreements without certifying math fidelity
2026-10-07T22:43:21.2799075Z [405/710] [firefox] › tests/browser/editor.spec.ts:5932:1 › checks actual DOCX retention beside an independent viewer without hiding its header omission
2026-10-07T22:43:23.8635745Z [406/710] [firefox] › tests/browser/editor.spec.ts:6048:1 › renders real KaTeX while reporting published-equation and trust failures without source loss
2026-10-07T22:43:26.2375641Z [407/710] [firefox] › tests/browser/editor.spec.ts:6079:1 › edits multiline math without losing line breaks, descriptions, or undo history
2026-10-07T22:43:26.5483060Z [408/710] [firefox] › tests/browser/editor.spec.ts:6116:1 › renders and inserts native math in the public DOM integration
2026-10-07T22:43:29.9547950Z [409/710] [firefox] › tests/browser/editor.spec.ts:6173:1 › makes table sizing, complete deletion, insertion gaps, and highlight colours explicit in the public demo
2026-10-07T22:43:32.0410549Z [410/710] [firefox] › tests/browser/editor.spec.ts:6221:1 › keeps rich and multiline paste structurally predictable in the public editor
2026-10-07T22:43:33.7292843Z [411/710] [firefox] › tests/browser/editor.spec.ts:6294:1 › round-trips a Fountain multi-block selection through Chromium clipboard HTML
2026-10-07T22:43:34.3181453Z [412/710] [firefox] › tests/browser/editor.spec.ts:6361:1 › round-trips an extension-owned Fountain atom through the Chromium clipboard
2026-10-07T22:43:35.3056004Z [413/710] [firefox] › tests/browser/editor.spec.ts:6410:1 › round-trips a complex whole Fountain document through the Chromium clipboard exactly
2026-10-07T22:43:35.5758828Z [414/710] [firefox] › tests/browser/editor.spec.ts:6497:1 › copies clean semantic Fountain HTML into an external browser editor
2026-10-07T22:43:36.5854128Z [415/710] [firefox] › tests/browser/editor.spec.ts:6552:1 › copies readable Fountain text into a plain-text external editor
2026-10-07T22:43:37.0177019Z [416/710] [firefox] › tests/browser/editor.spec.ts:6611:1 › copies math to external rich and plain-text editors without renderer controls
2026-10-07T22:43:37.4082460Z [417/710] [firefox] › tests/browser/editor.spec.ts:6656:1 › renders repeated empty paragraphs and removes each visible line
2026-10-07T22:43:38.0095627Z [418/710] [firefox] › tests/browser/editor.spec.ts:6686:1 › undoes and redoes real typing with both common browser keyboard chords
2026-10-07T22:43:39.9745732Z [419/710] [firefox] › tests/browser/editor.spec.ts:6703:1 › keeps a backward DOM selection backward after model synchronization
2026-10-07T22:43:40.2482654Z [420/710] [firefox] › tests/browser/editor.spec.ts:6727:1 › preserves a backward selection made with real keyboard input
2026-10-07T22:43:41.5535952Z [421/710] [firefox] › tests/browser/editor.spec.ts:6742:1 › replaces a backward selection made by a real reverse pointer drag
2026-10-07T22:43:41.7862439Z [422/710] [firefox] › tests/browser/editor.spec.ts:6778:1 › turns multi-format and multi-block selections into visible paragraph boundaries
2026-10-07T22:43:43.7355727Z [423/710] [firefox] › tests/browser/editor.spec.ts:6836:1 › visibly splits and joins ordinary paragraphs with both deletion directions
2026-10-07T22:43:44.3631145Z [424/710] [firefox] › tests/browser/editor.spec.ts:6861:1 › deletes an adjacent inline atom without eating surrounding text
2026-10-07T22:43:45.9175609Z [425/710] [firefox] › tests/browser/editor.spec.ts:6920:1 › publishes semantic selection controls and table interaction in the demo gallery
2026-10-07T22:43:45.9205933Z [426/710] [firefox] › tests/browser/editor.spec.ts:6891:1 › unwraps and exits an inserted quote with ordinary browser keys
2026-10-07T22:43:48.8946594Z [427/710] [firefox] › tests/browser/editor.spec.ts:6937:1 › runs campaign images, native media and safe embeds through Angular with honest upload boundaries
2026-10-07T22:43:50.3986062Z [428/710] [firefox] › tests/browser/editor.spec.ts:7014:1 › uses the public React media workflow for native playback, provider-gated embeds, and asset uploads
2026-10-07T22:43:55.9184822Z [429/710] [firefox] › tests/browser/editor.spec.ts:7059:1 › streams an optional AI proposal outside the document until review is ready
2026-10-07T22:43:56.9125576Z [430/710] [firefox] › tests/browser/editor.spec.ts:7084:1 › preserves whitespace when an AI proposal ends at a formatting boundary
2026-10-07T22:44:00.0266355Z [431/710] [firefox] › tests/browser/editor.spec.ts:7099:1 › runs a host-owned multi-turn AI conversation with reusable prompts and clear confirmation
2026-10-07T22:44:00.9068649Z [432/710] [firefox] › tests/browser/editor.spec.ts:7127:1 › reviews generated media before the normal host upload inserts one undoable node
2026-10-07T22:44:04.7048077Z [433/710] [firefox] › tests/browser/editor.spec.ts:7153:1 › reviews a schema-aware agent tool proposal before one-step apply and undo
2026-10-07T22:44:05.5920635Z [434/710] [firefox] › tests/browser/editor.spec.ts:7178:1 › keeps a 1,000-block input update local and paints within budget
2026-10-07T22:44:07.9275553Z [435/710] [firefox] › tests/browser/editor.spec.ts:7199:1 › virtualizes 100,000 blocks while preserving scrolling, distant selection, IME, and copy
2026-10-07T22:44:08.9276622Z [436/710] [firefox] › tests/browser/editor.spec.ts:7257:1 › exports rich tables as HTML Markdown and exposes the compatibility note
2026-10-07T22:44:12.0256574Z [437/710] [firefox] › tests/browser/editor.spec.ts:7279:1 › HTML comments do not insert phantom paragraphs in converted Markdown
2026-10-07T22:44:12.0308929Z [438/710] [firefox] › tests/browser/editor.spec.ts:7291:1 › imported table section order matches the physically rendered source table
2026-10-07T22:44:15.5917867Z [439/710] [firefox] › tests/browser/editor.spec.ts:7322:1 › imports zero-rowspan cells with the same row-group geometry in server and browser
2026-10-07T22:44:15.7906082Z [440/710] [firefox] › tests/browser/editor.spec.ts:7353:1 › reconstructs HTML tables across Markdown block boundaries
2026-10-07T22:44:19.1105750Z [441/710] [firefox] › tests/browser/editor.spec.ts:7374:1 › applies surrounding HTML formatting without replacing Markdown block content
2026-10-07T22:44:19.3629956Z [442/710] [firefox] › tests/browser/editor.spec.ts:7387:1 › converts raw HTML blocks only when the headless demo option is enabled
2026-10-07T22:44:21.9904375Z [443/710] [firefox] › tests/browser/editor.spec.ts:7403:1 › projects inline HTML around Markdown nodes only with explicit opt-in and visible fallback
2026-10-07T22:44:22.7908027Z [444/710] [firefox] › tests/browser/editor.spec.ts:7428:1 › shows specific discarded HTML and rejected URL losses in both conversion surfaces
2026-10-07T22:44:28.1308944Z [445/710] [webkit] › tests/browser/editor.spec.ts:40:1 › retains structural RTL against native source through author controls, physical table editing and downloaded HTML
2026-10-07T22:44:29.1141066Z [446/710] [webkit] › tests/browser/editor.spec.ts:44:1 › imports inherited inline alignment against a native surface and keeps it through real editing and downloaded HTML
2026-10-07T22:44:34.6948452Z [447/710] [webkit] › tests/browser/editor.spec.ts:48:1 › compares list-first code text-click focus and editing to a plain native surface
2026-10-07T22:44:38.9426608Z [448/710] [webkit] › tests/browser/editor.spec.ts:52:1 › retains a shared automatic section direction through first-strong-text editing, history and reader preview
2026-10-07T22:44:40.7965828Z [449/710] [webkit] › tests/browser/editor.spec.ts:56:1 › authors physical-left alignment under an RTL host and inherited-auto reader with history
2026-10-07T22:44:49.1865724Z [450/710] [webkit] › tests/browser/editor.spec.ts:60:1 › edits RTL blocks with native keyboard selection, direction controls, Enter history and HTML reader export
2026-10-07T22:44:49.8976089Z [451/710] [webkit] › tests/browser/editor.spec.ts:64:1 › separates the homepage framework descenders from the italic extend line
2026-10-07T22:44:56.4311994Z [452/710] [webkit] › tests/browser/editor.spec.ts:83:1 › keeps consecutive marked quoted and table blank lines visible in reader and saved HTML
2026-10-07T22:44:59.4906316Z [453/710] [webkit] › tests/browser/editor.spec.ts:87:1 › fills and reopens a retained childless paragraph using real pointer typing Enter Backspace and undo
2026-10-07T22:45:11.3136234Z [454/710] [webkit] › tests/browser/editor.spec.ts:91:1 › edits structured inert block wrappers with actual table navigation Enter Backspace history and safe reopening
2026-10-07T22:45:12.4816894Z [455/710] [webkit] › tests/browser/editor.spec.ts:95:1 › retains HTML link navigation and literal Markdown data through real editing and reopening
2026-10-07T22:45:33.1585858Z [456/710] [webkit] › tests/browser/editor.spec.ts:99:1 › edits inert script style textarea source with real Enter Backspace history and safe reader reopening
2026-10-07T22:45:40.1790026Z [457/710] [webkit] › tests/browser/editor.spec.ts:103:1 › retains unfinished raw HTML as editable Markdown source and discloses direct HTML omissions
2026-10-07T22:45:49.3167270Z [458/710] [webkit] › tests/browser/editor.spec.ts:107:1 › preserves registered inert inline source through real typing history and Markdown HTML JSON reopening
2026-10-07T22:45:51.3566744Z [459/710] [webkit] › tests/browser/editor.spec.ts:111:1 › preserves immutable snapshots and owned attributes through real typing Enter history and JSON reopening
2026-10-07T22:45:53.7855684Z [460/710] [webkit] › tests/browser/editor.spec.ts:115:1 › imports private files in the conversion lab with reports and export reopen
2026-10-07T22:46:03.8597245Z [461/710] [webkit] › tests/browser/editor.spec.ts:119:1 › resolves unequal Markdown runs through actual selection editing history download and reader reopen
2026-10-07T22:46:07.9207898Z [462/710] [webkit] › tests/browser/editor.spec.ts:124:3 › retains partial Markdown em scope through real typing history and canonical reopening
2026-10-07T22:46:10.5907138Z [463/710] [webkit] › tests/browser/editor.spec.ts:124:3 › retains partial Markdown strong scope through real typing history and canonical reopening
2026-10-07T22:46:12.3591935Z [464/710] [webkit] › tests/browser/editor.spec.ts:129:1 › submits resets and disables a native form-associated Web Component
2026-10-07T22:46:13.0544196Z [465/710] [webkit] › tests/browser/editor.spec.ts:133:1 › converts document-wide HTML scopes with source edit undo and explicit layout differences
2026-10-07T22:46:18.6604720Z [466/710] [webkit] › tests/browser/editor.spec.ts:137:1 › preserves inert HTML comments through human editing source and reader output
2026-10-07T22:46:21.8660102Z [467/710] [webkit] › tests/browser/editor.spec.ts:141:1 › copies anonymous flow internally and into an external plain-text editor through real clipboard
2026-10-07T22:46:28.0557962Z [468/710] [webkit] › tests/browser/editor.spec.ts:146:1 › retains cleared anonymous flow through real cut save reopen and continued editing
2026-10-07T22:46:38.1218092Z [469/710] [webkit] › tests/browser/editor.spec.ts:150:1 › retains anonymous HTML flow without extra spacing through real typing Enter deletion and reader output
2026-10-07T22:46:38.4725895Z [470/710] [webkit] › tests/browser/editor.spec.ts:154:1 › retains literal flow newlines through actual Markdown export and source reimport
2026-10-07T22:46:46.6230604Z [471/710] [webkit] › tests/browser/editor.spec.ts:158:1 › edits protected Markdown images and dividers inside HTML sections through history and reopening
2026-10-07T22:46:52.7278512Z [472/710] [webkit] › tests/browser/editor.spec.ts:162:1 › edits protected Markdown tables inside HTML sections through cell navigation history and reopening
2026-10-07T22:46:57.9506065Z [473/710] [webkit] › tests/browser/editor.spec.ts:166:1 › authors sections with properties, empty content, undo and reader preview
2026-10-07T22:47:06.4635753Z [474/710] [webkit] › tests/browser/editor.spec.ts:170:1 › preserves optional section containers through real editing and reader output
2026-10-07T22:47:11.9676637Z [475/710] [webkit] › tests/browser/editor.spec.ts:174:1 › edits and reopens a Word glossary with term and description roles
2026-10-07T22:47:15.9057488Z [476/710] [webkit] › tests/browser/editor.spec.ts:178:1 › imports and edits Word content controls without losing visible content
2026-10-07T22:47:23.8937262Z [477/710] [webkit] › tests/browser/editor.spec.ts:200:1 › preserves code endings through source recovery and reader handoff
2026-10-07T22:47:27.6115923Z [478/710] [webkit] › tests/browser/editor.spec.ts:204:1 › edits definition lists and reopens a glossary in a reader
2026-10-07T22:47:34.6280488Z [479/710] [webkit] › tests/browser/editor.spec.ts:208:1 › edits registered HTML wrappers after Markdown source recovery
2026-10-07T22:47:36.7757210Z [480/710] [webkit] › tests/browser/editor.spec.ts:212:1 › retains the complete document through pointer and keyboard output-format changes
2026-10-07T22:47:37.4011071Z [481/710] [webkit] › tests/browser/editor.spec.ts:216:1 › recovers nested Markdown lists and quotes through an editor and reader
2026-10-07T22:47:51.9893278Z [482/710] [webkit] › tests/browser/editor.spec.ts:220:1 › edits opaque code labels and reopens them safely in a reader
2026-10-07T22:48:00.3655716Z [483/710] [webkit] › tests/browser/editor.spec.ts:225:1 › guards editor actions against page reloads without suppressing failures
2026-10-07T22:48:00.9425755Z [484/710] [webkit] › tests/browser/editor.spec.ts:235:1 › recovers paragraph HTML into editable blocks and a reopened reader
2026-10-07T22:48:02.3407381Z [485/710] [webkit] › tests/browser/editor.spec.ts:239:1 › reads separate retired paragraphs after Markdown HTML scope conversion and handoff
2026-10-07T22:48:10.2098680Z [486/710] [webkit] › tests/browser/editor.spec.ts:243:1 › preserves headerless and mixed tables through source and file handoff
2026-10-07T22:48:17.7913757Z [487/710] [webkit] › tests/browser/editor.spec.ts:247:1 › retains HTML block formatting through server import, paste and draft handoff
2026-10-07T22:48:30.3371174Z [488/710] [webkit] › tests/browser/editor.spec.ts:251:1 › discovers product workflows and preserves separate task drafts and histories
2026-10-07T22:48:37.9989303Z [489/710] [webkit] › tests/browser/editor.spec.ts:255:1 › retains escaped pipes and strikethrough through table edits and Markdown handoff
2026-10-07T22:48:45.8663926Z [490/710] [webkit] › tests/browser/editor.spec.ts:259:1 › retains literal text lines through editing and Markdown handoff
2026-10-07T22:48:48.8625484Z [491/710] [webkit] › tests/browser/editor.spec.ts:263:1 › keeps literal syntax unformatted through visual edits and Markdown reopen
2026-10-07T22:48:52.4506260Z [492/710] [webkit] › tests/browser/editor.spec.ts:267:1 › chooses literal address import and retains links through DOCX handoff
2026-10-07T22:48:54.7506024Z [493/710] [webkit] › tests/browser/editor.spec.ts:271:1 › writes and reopens an issue with visual Markdown source fidelity and reader preview
2026-10-07T22:49:04.0400724Z [494/710] [webkit] › tests/browser/editor.spec.ts:275:1 › issue workflow preserves root references and validates local image files
2026-10-07T22:49:08.5848510Z [495/710] [webkit] › tests/browser/editor.spec.ts:307:1 › issue workflow preserves reference prefixes and reports container fallback
2026-10-07T22:49:09.9005384Z [496/710] [webkit] › tests/browser/editor.spec.ts:331:1 › reopens a full HTML report without promoting page metadata into editor content
2026-10-07T22:49:12.7035546Z [497/710] [webkit] › tests/browser/editor.spec.ts:335:1 › matches native document parsing for HTML envelopes, recovery, and noscript
2026-10-07T22:49:14.9789335Z [498/710] [webkit] › tests/browser/editor.spec.ts:349:1 › aligns selected paragraphs using backward selection, toolbar, history and HTML export
2026-10-07T22:49:17.9536492Z [499/710] [webkit] › tests/browser/editor.spec.ts:353:1 › exports independent DOCX list starts and renders the same procedure beside the editor
2026-10-07T22:49:21.1056013Z [500/710] [webkit] › tests/browser/editor.spec.ts:357:1 › retains zero-based list numbers through keyboard outdent history and export
2026-10-07T22:49:24.2957539Z [501/710] [webkit] › tests/browser/editor.spec.ts:361:1 › imports ordered-list starts like the native browser integer parser
2026-10-07T22:49:28.0402027Z [502/710] [webkit] › tests/browser/editor.spec.ts:375:1 › uses first-party Angular signals and directive for campaign editing and owner cleanup
2026-10-07T22:49:29.8784173Z [503/710] [webkit] › tests/browser/editor.spec.ts:379:1 › disposes Svelte custom block views before their owned engine
2026-10-07T22:49:31.9575940Z [504/710] [webkit] › tests/browser/editor.spec.ts:388:1 › uses first-party Svelte bindings for table editing, history, stores and owner disposal
2026-10-07T22:49:43.4256317Z [505/710] [webkit] › tests/browser/editor.spec.ts:392:1 › uses first-party Vue bindings for editing, reactive state, history and view remounts
2026-10-07T22:49:44.4441717Z [506/710] [webkit] › tests/browser/editor.spec.ts:396:1 › keeps real SVG equation links inside paged snapshots across editing and rebuilding
2026-10-07T22:49:51.2501002Z [507/710] [webkit] › tests/browser/editor.spec.ts:400:1 › saves and reopens equation files with source, references and history intact
2026-10-07T22:49:57.3689915Z [508/710] [webkit] › tests/browser/editor.spec.ts:404:1 › recovers from textless replacement for native typing, lines and history
2026-10-07T22:50:00.4219471Z [509/710] [webkit] › tests/browser/editor.spec.ts:408:1 › renders labelled equations and reader links through real editing and recovery
2026-10-07T22:50:02.1100343Z [510/710] [webkit] › tests/browser/editor.spec.ts:412:1 › keeps moved math source attached to its formula through native editing, undo, and export
2026-10-07T22:50:06.8605577Z [511/710] [webkit] › tests/browser/editor.spec.ts:416:1 › imports the published TeX table with visible losses and editable numeric values
2026-10-07T22:50:10.0125564Z [512/710] [webkit] › tests/browser/editor.spec.ts:500:1 › keeps comparison names separate from their copy in a mobile desktop-site viewport
2026-10-07T22:50:11.3629449Z [513/710] [webkit] › tests/browser/editor.spec.ts:528:1 › renders, edits, and measures portable page intent in a real browser
2026-10-07T22:50:12.8839999Z [514/710] [webkit] › tests/browser/editor.spec.ts:597:1 › measures browser line boxes, list items, rowspan groups, and footnotes as legal page fragments
2026-10-07T22:50:13.0338199Z [515/710] [webkit] › tests/browser/editor.spec.ts:691:1 › continues measured long footnotes through editable and print page projections
2026-10-07T22:50:14.6510109Z [516/710] [webkit] › tests/browser/editor.spec.ts:799:1 › prints a mixed repeated-footnote, merged-table, and manual-break document without loss
2026-10-07T22:50:16.7105512Z [517/710] [webkit] › tests/browser/editor.spec.ts:907:1 › paginates imported styled semantic HTML without structural or PDF text loss
2026-10-07T22:50:17.9406544Z [518/710] [webkit] › tests/browser/editor.spec.ts:1052:1 › uses a host print renderer without moving or exposing live custom DOM
2026-10-07T22:50:18.7305552Z [519/710] [webkit] › tests/browser/editor.spec.ts:1075:1 › projects exact A4 and Letter print sheets in every browser engine
2026-10-07T22:50:19.4875469Z [520/710] [webkit] › tests/browser/editor.spec.ts:1192:1 › emits exact A4 and Letter PDF pages for every projected sheet in Chromium
2026-10-07T22:50:20.1178381Z [521/710] [webkit] › tests/browser/editor.spec.ts:1232:1 › keeps 1,000-block pagination reflow local to the changed block
2026-10-07T22:50:20.8857774Z [522/710] [webkit] › tests/browser/editor.spec.ts:1244:1 › bounds alternating edge reflow across 5,000 rendered page blocks
2026-10-07T22:50:22.0032200Z [523/710] [webkit] › tests/browser/editor.spec.ts:1267:1 › keeps 5,000 unchanged page blocks cached through leading insertion and removal
2026-10-07T22:50:24.4020498Z [524/710] [webkit] › tests/browser/editor.spec.ts:1293:1 › edits, selects, and composes across guarded page shells in one contenteditable
2026-10-07T22:50:25.0226062Z [525/710] [webkit] › tests/browser/editor.spec.ts:1369:1 › keeps one paragraph editable when its measured lines span page shells
2026-10-07T22:50:26.8680917Z [526/710] [webkit] › tests/browser/editor.spec.ts:1496:1 › maps carets, ranges, and composition around injected paragraph page gaps
2026-10-07T22:50:27.2925486Z [527/710] [webkit] › tests/browser/editor.spec.ts:1600:1 › keeps one canonical ordered list editable and numbered across page shells
2026-10-07T22:50:29.2860827Z [528/710] [webkit] › tests/browser/editor.spec.ts:1735:52 › honours explicit table repetition independently of cell roles (ordinary)
2026-10-07T22:50:29.8070338Z [529/710] [webkit] › tests/browser/editor.spec.ts:1735:52 › honours explicit table repetition independently of cell roles (off)
2026-10-07T22:50:33.0691687Z [530/710] [webkit] › tests/browser/editor.spec.ts:1768:1 › keeps one canonical table editable with repeated headers across page shells
2026-10-07T22:50:33.2181344Z [531/710] [webkit] › tests/browser/editor.spec.ts:1918:1 › keeps merged header and body rowspans intact across editable table pages
2026-10-07T22:50:35.8185632Z [532/710] [webkit] › tests/browser/editor.spec.ts:1984:1 › reports an oversized table row without clipping or splitting its editable model
2026-10-07T22:50:36.6506038Z [533/710] [webkit] › tests/browser/editor.spec.ts:2026:1 › keeps canonical page furniture and footnotes editable while projecting every page copy
2026-10-07T22:50:38.3204266Z [534/710] [webkit] › tests/browser/editor.spec.ts:2111:1 › keeps code, media, disclosures, and custom atoms canonical across editable pages
2026-10-07T22:50:40.6519437Z [535/710] [webkit] › tests/browser/editor.spec.ts:2246:1 › keeps tracked review and Yjs live between list items split across pages
2026-10-07T22:50:41.4060480Z [536/710] [webkit] › tests/browser/editor.spec.ts:2312:1 › keeps tracked review and Yjs live between table rows split across pages
2026-10-07T22:50:43.8875448Z [537/710] [webkit] › tests/browser/editor.spec.ts:2389:13 › keeps comments attached and synchronized inside a continued list
2026-10-07T22:50:46.0046465Z [538/710] [webkit] › tests/browser/editor.spec.ts:2389:13 › keeps comments attached and synchronized inside a continued table
2026-10-07T22:50:46.1085353Z [539/710] [webkit] › tests/browser/editor.spec.ts:2443:1 › keeps tracked review and Yjs live inside a paragraph split across pages
2026-10-07T22:50:48.7036062Z [540/710] [webkit] › tests/browser/editor.spec.ts:2504:1 › keeps tracked review and Yjs collaboration live across automatic page boundaries
2026-10-07T22:50:49.8856868Z [541/710] [webkit] › tests/browser/editor.spec.ts:2579:1 › tracks real browser insertion and replacement with reversible review decisions
2026-10-07T22:50:51.5460625Z [542/710] [webkit] › tests/browser/editor.spec.ts:2608:1 › runs the package-backed full-text tracked review panel
2026-10-07T22:50:51.6905203Z [543/710] [webkit] › tests/browser/editor.spec.ts:2626:1 › runs package-backed named versions, exact comparison, preview, and guarded restoration
2026-10-07T22:50:55.7087839Z [544/710] [webkit] › tests/browser/editor.spec.ts:2656:1 › edits and persists package-backed collapsible details in the public playground
2026-10-07T22:50:56.6445746Z [545/710] [webkit] › tests/browser/editor.spec.ts:2682:1 › edits semantic ruby annotations through the package-backed public playground
2026-10-07T22:51:02.1105656Z [546/710] [webkit] › tests/browser/editor.spec.ts:2712:1 › converges live and offline Yjs edits and keeps collaborative undo author-local
2026-10-07T22:51:02.6443990Z [547/710] [webkit] › tests/browser/editor.spec.ts:2741:1 › runs reference links, recursive blocks, rich tables, and loss reports in a real browser
2026-10-07T22:51:04.1981069Z [548/710] [webkit] › tests/browser/editor.spec.ts:2766:1 › round-trips variable-delimiter Markdown code spans in the browser package
2026-10-07T22:51:04.3965483Z [549/710] [webkit] › tests/browser/editor.spec.ts:3334:1 › types, deletes, and undoes inside imported empty documents, quotes, and list items
2026-10-07T22:51:05.6802829Z [550/710] [webkit] › tests/browser/editor.spec.ts:3364:1 › round-trips marker-relative list containers and exact code whitespace
2026-10-07T22:51:07.0457878Z [551/710] [webkit] › tests/browser/editor.spec.ts:3408:1 › preserves raw Markdown and inert frontmatter through the browser package
2026-10-07T22:51:08.4477269Z [552/710] [webkit] › tests/browser/editor.spec.ts:3434:1 › edits through real beforeinput events and undoes a Markdown input rule
2026-10-07T22:51:10.1655389Z [553/710] [webkit] › tests/browser/editor.spec.ts:3448:1 › groups adjacent browser typing and respects explicit undo boundaries
2026-10-07T22:51:11.3234486Z [554/710] [webkit] › tests/browser/editor.spec.ts:3469:3 › preserves replacement formatting across subsequent typing input
2026-10-07T22:51:11.8085149Z [555/710] [webkit] › tests/browser/editor.spec.ts:3469:3 › preserves replacement formatting across subsequent composition input
2026-10-07T22:51:12.8203348Z [556/710] [webkit] › tests/browser/editor.spec.ts:3500:1 › commits cross-browser composition sequences once and supports replacement input
2026-10-07T22:51:13.2731600Z [557/710] [webkit] › tests/browser/editor.spec.ts:3532:1 › maps decorations through typing without persisting widget content
2026-10-07T22:51:14.1669515Z [558/710] [webkit] › tests/browser/editor.spec.ts:3547:1 › highlights editable code and updates language metadata through public commands
2026-10-07T22:51:14.9204133Z [559/710] [webkit] › tests/browser/editor.spec.ts:3577:1 › runs a view-focused chain and checks it without preview side effects
2026-10-07T22:51:15.7954728Z [560/710] [webkit] › tests/browser/editor.spec.ts:3598:1 › applies every configured paste-rule match through a browser paste event
2026-10-07T22:51:16.3107176Z [561/710] [webkit] › tests/browser/editor.spec.ts:3616:1 › autolinks, safely activates, edits, and removes links in a real browser
2026-10-07T22:51:17.1293817Z [562/710] [webkit] › tests/browser/editor.spec.ts:3647:1 › preserves structured rich HTML from a real browser clipboard event
2026-10-07T22:51:17.9396296Z [563/710] [webkit] › tests/browser/editor.spec.ts:3668:1 › pastes unwrapped inline HTML without dropping surrounding text or formatting
2026-10-07T22:51:18.6175429Z [564/710] [webkit] › tests/browser/editor.spec.ts:3689:1 › honors strict raw HTML token boundaries in the public Markdown pipeline
2026-10-07T22:51:19.4468899Z [565/710] [webkit] › tests/browser/editor.spec.ts:3706:1 › pastes unfamiliar HTML wrappers without flattening headings, paragraphs, or lists
2026-10-07T22:51:21.2826230Z [566/710] [webkit] › tests/browser/editor.spec.ts:3726:1 › pastes structured table cells and edits separate paragraphs without flattening nested blocks
2026-10-07T22:51:22.4994004Z [567/710] [webkit] › tests/browser/editor.spec.ts:3749:1 › retains standalone non-collapsible Unicode text during rich paste
2026-10-07T22:51:23.4053917Z [568/710] [webkit] › tests/browser/editor.spec.ts:3766:1 › pastes empty formatting and applies it to subsequently typed text
2026-10-07T22:51:24.0392469Z [569/710] [webkit] › tests/browser/editor.spec.ts:3790:57 › pastes and edits list-first code without inventing a blank paragraph
2026-10-07T22:51:25.2115544Z [570/710] [webkit] › tests/browser/editor.spec.ts:3790:57 › pastes and edits list-first code without inventing a blank paragraph from its label area
2026-10-07T22:51:26.8034022Z [571/710] [webkit] › tests/browser/editor.spec.ts:3818:1 › normalizes representative Word, Docs, and Excel clipboard payloads in every browser engine
2026-10-07T22:51:27.2157605Z [572/710] [webkit] › tests/browser/editor.spec.ts:3871:1 › imports an extension-defined HTML node through the schema contract
2026-10-07T22:51:28.6585037Z [573/710] [webkit] › tests/browser/editor.spec.ts:3896:1 › pastes mixed nested HTML lists without flattening their hierarchy
2026-10-07T22:51:28.9817265Z [574/710] [webkit] › tests/browser/editor.spec.ts:3919:1 › wraps, indents, lifts, and exits lists through browser-visible commands and keys
2026-10-07T22:51:30.1162969Z [575/710] [webkit] › tests/browser/editor.spec.ts:3949:1 › edits bidirectional and deeply nested text by logical document positions
2026-10-07T22:51:30.4315948Z [576/710] [webkit] › tests/browser/editor.spec.ts:3976:1 › moves a selected top-level block through native drag data
2026-10-07T22:51:31.6623014Z [577/710] [webkit] › tests/browser/editor.spec.ts:3994:1 › shows a host-replaceable drop cursor for inline text and atomic block targets
2026-10-07T22:51:32.0434923Z [578/710] [webkit] › tests/browser/editor.spec.ts:4055:1 › reorders nested blocks with accessible controls, drop indicators, drag, and undo
2026-10-07T22:51:33.0931226Z [579/710] [webkit] › tests/browser/editor.spec.ts:4130:1 › shows one structural block target across paragraphs, headings, lists, tables, media, and custom nodes
2026-10-07T22:51:34.3262070Z [580/710] [webkit] › tests/browser/editor.spec.ts:4226:1 › replaces a DOM selection that crosses block boundaries
2026-10-07T22:51:35.7356661Z [581/710] [webkit] › tests/browser/editor.spec.ts:4265:1 › keeps a visible editable paragraph after a terminal non-text block
2026-10-07T22:51:36.8186560Z [582/710] [webkit] › tests/browser/editor.spec.ts:4287:1 › uses Ctrl+A as an explicit all-document selection and replaces the document
2026-10-07T22:51:37.2304163Z [583/710] [webkit] › tests/browser/editor.spec.ts:4299:1 › selects and deletes a block image through real pointer and keyboard input
2026-10-07T22:51:38.3426252Z [584/710] [webkit] › tests/browser/editor.spec.ts:4322:1 › edits, aligns, resizes, and undoes a production image through accessible controls
2026-10-07T22:51:40.1140526Z [585/710] [webkit] › tests/browser/editor.spec.ts:4378:1 › inserts and removes a true inline image without breaking surrounding text
2026-10-07T22:51:40.9607315Z [586/710] [webkit] › tests/browser/editor.spec.ts:4396:1 › tracks and cancels browser-native image upload tasks
2026-10-07T22:51:41.6666456Z [587/710] [webkit] › tests/browser/editor.spec.ts:4436:1 › extends and replaces a rectangular cell selection through real pointer input
2026-10-07T22:51:42.3068433Z [588/710] [webkit] › tests/browser/editor.spec.ts:4464:1 › keeps mixed-format links intact through backward selection typing and history
2026-10-07T22:51:43.6566298Z [589/710] [webkit] › tests/browser/editor.spec.ts:4496:1 › reaches overflowing code by keyboard and leaves it without modifying the document
2026-10-07T22:51:44.3504074Z [590/710] [webkit] › tests/browser/editor.spec.ts:4542:1 › pastes into tab-focused code through Chromium clipboard without changing the previous paragraph
2026-10-07T22:51:44.9214500Z [591/710] [webkit] › tests/browser/editor.spec.ts:4566:1 › announces table resize values through real keyboard, pointer and history workflows
2026-10-07T22:51:45.5546071Z [592/710] [webkit] › tests/browser/editor.spec.ts:4619:1 › edits merged tables, resizes columns, toggles headers, and exchanges spreadsheet grids
2026-10-07T22:51:47.0556163Z [593/710] [webkit] › tests/browser/editor.spec.ts:4692:1 › keeps normal paste while offering bounded editor-local clipboard slots
2026-10-07T22:51:48.2947993Z [594/710] [webkit] › tests/browser/editor.spec.ts:4731:1 › renders and types into a structural gap as a new block
2026-10-07T22:51:48.3248669Z [595/710] [webkit] › tests/browser/editor.spec.ts:4743:1 › edits Lean without a mandatory server and renders transient provider diagnostics
2026-10-07T22:51:49.6995634Z [596/710] [webkit] › tests/browser/editor.spec.ts:4770:1 › keeps custom NodeViews live across updates and mapped moves while containing their DOM
2026-10-07T22:51:49.8138992Z [597/710] [webkit] › tests/browser/editor.spec.ts:4807:1 › loads the public React playground without console or page errors
2026-10-07T22:51:51.4620865Z [598/710] [webkit] › tests/browser/editor.spec.ts:4832:1 › publishes actionable extension authoring, conformance, and doctor guidance
2026-10-07T22:51:52.8505417Z [599/710] [webkit] › tests/browser/editor.spec.ts:4850:1 › pairs the optional AI demo with developer recipes for every public workflow
2026-10-07T22:51:53.7631265Z [600/710] [webkit] › tests/browser/editor.spec.ts:4871:1 › runs the public two-editor collaboration demo with presence and author-local undo
2026-10-07T22:51:55.4618907Z [601/710] [webkit] › tests/browser/editor.spec.ts:4938:1 › replaces both live collaboration documents without remounting the public editors
2026-10-07T22:51:57.9738925Z [602/710] [webkit] › tests/browser/editor.spec.ts:4997:1 › merges nested collaborative settings through the public two-editor demo
2026-10-07T22:52:01.0672057Z [603/710] [webkit] › tests/browser/editor.spec.ts:5016:1 › keeps headline phrases together and makes full-page navigation explicit
2026-10-07T22:52:03.1331262Z [604/710] [webkit] › tests/browser/editor.spec.ts:5041:1 › runs shared threaded comments through the public provider-neutral review panel
2026-10-07T22:52:05.1325992Z [605/710] [webkit] › tests/browser/editor.spec.ts:5098:1 › uses package-backed mentions, emoji, typography, and live counting in the public React playground
2026-10-07T22:52:10.0585916Z [606/710] [webkit] › tests/browser/editor.spec.ts:5159:1 › runs grouped default and product slash commands in the public React playground
2026-10-07T22:52:10.9948352Z [607/710] [webkit] › tests/browser/editor.spec.ts:5190:1 › runs accessible bubble and floating menus in the public React playground
2026-10-07T22:52:17.3219234Z [608/710] [webkit] › tests/browser/editor.spec.ts:5232:1 › composes and keyboard-navigates the public toolbar by stable group and action IDs
2026-10-07T22:52:18.0456542Z [609/710] [webkit] › tests/browser/editor.spec.ts:5269:1 › applies the complete text-style suite through the public React toolbar
2026-10-07T22:52:21.8659762Z [610/710] [webkit] › tests/browser/editor.spec.ts:5330:1 › uses the public React image workflow for metadata, alignment, and replacement
2026-10-07T22:52:29.5866615Z [611/710] [webkit] › tests/browser/editor.spec.ts:5374:1 › opens and cancels public configuration panels with keyboard focus and exact document retention
2026-10-07T22:52:31.1482187Z [612/710] [webkit] › tests/browser/editor.spec.ts:5492:1 › keeps the public native colour field focused while formatting selected text and allows undo in the editor
2026-10-07T22:52:35.9889877Z [613/710] [webkit] › tests/browser/editor.spec.ts:5519:1 › keeps table configuration labels legible on pointer hover
2026-10-07T22:52:44.7467602Z [614/710] [webkit] › tests/browser/editor.spec.ts:5558:1 › creates and edits a link through the public React toolbar
2026-10-07T22:52:52.5505264Z [615/710] [webkit] › tests/browser/editor.spec.ts:5589:1 › toggles a selected block through the public React list controls
2026-10-07T22:52:53.8754602Z [616/710] [webkit] › tests/browser/editor.spec.ts:5604:1 › edits code language and line numbers through the public React toolbar
2026-10-07T22:52:57.7487907Z [617/710] [webkit] › tests/browser/editor.spec.ts:5623:1 › opens the searchable clipboard-history picker in the public React toolbar
2026-10-07T22:52:59.9644224Z [618/710] [webkit] › tests/browser/editor.spec.ts:5656:1 › keeps the public outline stable, hierarchical, active, and navigable
2026-10-07T22:53:02.5116553Z [619/710] [webkit] › tests/browser/editor.spec.ts:5681:1 › exposes and explicitly cleans invisible text in the public playground
2026-10-07T22:53:04.6313386Z [620/710] [webkit] › tests/browser/editor.spec.ts:5722:1 › runs the public plain-DOM first-class widget demo
2026-10-07T22:53:08.7770997Z [621/710] [webkit] › tests/browser/editor.spec.ts:5769:1 › runs the public React first-class widget demo without losing control focus
2026-10-07T22:53:10.5984770Z [622/710] [webkit] › tests/browser/editor.spec.ts:5807:1 › makes the quote control discoverable and toggles an existing quote in the Java workflow demo
2026-10-07T22:53:12.8303397Z [623/710] [webkit] › tests/browser/editor.spec.ts:5821:1 › retains table captions and reports their projected association in the conversion demo
2026-10-07T22:53:15.0545594Z [624/710] [webkit] › tests/browser/editor.spec.ts:5838:1 › preserves complex figure content in the public Markdown conversion demo
2026-10-07T22:53:18.1803410Z [625/710] [webkit] › tests/browser/editor.spec.ts:5856:1 › runs the public headless Markdown, LaTeX, and server HTML pipeline
2026-10-07T22:53:20.3776470Z [626/710] [webkit] › tests/browser/editor.spec.ts:5927:1 › records native DOCX viewer disagreements without certifying math fidelity
2026-10-07T22:53:28.5110379Z [627/710] [webkit] › tests/browser/editor.spec.ts:5932:1 › checks actual DOCX retention beside an independent viewer without hiding its header omission
2026-10-07T22:53:32.4925858Z [628/710] [webkit] › tests/browser/editor.spec.ts:6048:1 › renders real KaTeX while reporting published-equation and trust failures without source loss
2026-10-07T22:53:33.9177068Z [629/710] [webkit] › tests/browser/editor.spec.ts:6079:1 › edits multiline math without losing line breaks, descriptions, or undo history
2026-10-07T22:53:34.9805525Z [630/710] [webkit] › tests/browser/editor.spec.ts:6116:1 › renders and inserts native math in the public DOM integration
2026-10-07T22:53:38.5637060Z [631/710] [webkit] › tests/browser/editor.spec.ts:6173:1 › makes table sizing, complete deletion, insertion gaps, and highlight colours explicit in the public demo
2026-10-07T22:53:39.7027714Z [632/710] [webkit] › tests/browser/editor.spec.ts:6221:1 › keeps rich and multiline paste structurally predictable in the public editor
2026-10-07T22:53:43.1666582Z [633/710] [webkit] › tests/browser/editor.spec.ts:6294:1 › round-trips a Fountain multi-block selection through Chromium clipboard HTML
2026-10-07T22:53:43.7719469Z [634/710] [webkit] › tests/browser/editor.spec.ts:6361:1 › round-trips an extension-owned Fountain atom through the Chromium clipboard
2026-10-07T22:53:45.0106923Z [635/710] [webkit] › tests/browser/editor.spec.ts:6410:1 › round-trips a complex whole Fountain document through the Chromium clipboard exactly
2026-10-07T22:53:46.0305308Z [636/710] [webkit] › tests/browser/editor.spec.ts:6497:1 › copies clean semantic Fountain HTML into an external browser editor
2026-10-07T22:53:46.4191526Z [637/710] [webkit] › tests/browser/editor.spec.ts:6552:1 › copies readable Fountain text into a plain-text external editor
2026-10-07T22:53:46.4795694Z [638/710] [webkit] › tests/browser/editor.spec.ts:6611:1 › copies math to external rich and plain-text editors without renderer controls
2026-10-07T22:53:46.9345856Z [639/710] [webkit] › tests/browser/editor.spec.ts:6656:1 › renders repeated empty paragraphs and removes each visible line
2026-10-07T22:53:46.9965397Z [640/710] [webkit] › tests/browser/editor.spec.ts:6686:1 › undoes and redoes real typing with both common browser keyboard chords
2026-10-07T22:53:48.5547464Z [641/710] [webkit] › tests/browser/editor.spec.ts:6703:1 › keeps a backward DOM selection backward after model synchronization
2026-10-07T22:53:49.8853961Z [642/710] [webkit] › tests/browser/editor.spec.ts:6727:1 › preserves a backward selection made with real keyboard input
2026-10-07T22:53:49.9129892Z [643/710] [webkit] › tests/browser/editor.spec.ts:6742:1 › replaces a backward selection made by a real reverse pointer drag
2026-10-07T22:53:51.4935673Z [644/710] [webkit] › tests/browser/editor.spec.ts:6778:1 › turns multi-format and multi-block selections into visible paragraph boundaries
2026-10-07T22:53:51.6024996Z [645/710] [webkit] › tests/browser/editor.spec.ts:6836:1 › visibly splits and joins ordinary paragraphs with both deletion directions
2026-10-07T22:53:53.4114414Z [646/710] [webkit] › tests/browser/editor.spec.ts:6861:1 › deletes an adjacent inline atom without eating surrounding text
2026-10-07T22:53:53.5515635Z [647/710] [webkit] › tests/browser/editor.spec.ts:6891:1 › unwraps and exits an inserted quote with ordinary browser keys
2026-10-07T22:53:54.8038557Z [648/710] [webkit] › tests/browser/editor.spec.ts:6920:1 › publishes semantic selection controls and table interaction in the demo gallery
2026-10-07T22:53:57.9876516Z [649/710] [webkit] › tests/browser/editor.spec.ts:6937:1 › runs campaign images, native media and safe embeds through Angular with honest upload boundaries
2026-10-07T22:53:59.3107124Z [650/710] [webkit] › tests/browser/editor.spec.ts:7014:1 › uses the public React media workflow for native playback, provider-gated embeds, and asset uploads
2026-10-07T22:54:04.6812120Z [651/710] [webkit] › tests/browser/editor.spec.ts:7059:1 › streams an optional AI proposal outside the document until review is ready
2026-10-07T22:54:09.9118354Z [652/710] [webkit] › tests/browser/editor.spec.ts:7084:1 › preserves whitespace when an AI proposal ends at a formatting boundary
2026-10-07T22:54:11.7896254Z [653/710] [webkit] › tests/browser/editor.spec.ts:7099:1 › runs a host-owned multi-turn AI conversation with reusable prompts and clear confirmation
2026-10-07T22:54:16.8885940Z [654/710] [webkit] › tests/browser/editor.spec.ts:7127:1 › reviews generated media before the normal host upload inserts one undoable node
2026-10-07T22:54:20.6998924Z [655/710] [webkit] › tests/browser/editor.spec.ts:7153:1 › reviews a schema-aware agent tool proposal before one-step apply and undo
2026-10-07T22:54:24.5031989Z [656/710] [webkit] › tests/browser/editor.spec.ts:7178:1 › keeps a 1,000-block input update local and paints within budget
2026-10-07T22:54:26.4423898Z [657/710] [webkit] › tests/browser/editor.spec.ts:7199:1 › virtualizes 100,000 blocks while preserving scrolling, distant selection, IME, and copy
2026-10-07T22:54:26.6973794Z [658/710] [webkit] › tests/browser/editor.spec.ts:7257:1 › exports rich tables as HTML Markdown and exposes the compatibility note
2026-10-07T22:54:30.0705715Z [659/710] [webkit] › tests/browser/editor.spec.ts:7279:1 › HTML comments do not insert phantom paragraphs in converted Markdown
2026-10-07T22:54:31.9056087Z [660/710] [webkit] › tests/browser/editor.spec.ts:7291:1 › imported table section order matches the physically rendered source table
2026-10-07T22:54:33.7351446Z [661/710] [webkit] › tests/browser/editor.spec.ts:7322:1 › imports zero-rowspan cells with the same row-group geometry in server and browser
2026-10-07T22:54:36.5159401Z [662/710] [webkit] › tests/browser/editor.spec.ts:7353:1 › reconstructs HTML tables across Markdown block boundaries
2026-10-07T22:54:39.3492373Z [663/710] [webkit] › tests/browser/editor.spec.ts:7374:1 › applies surrounding HTML formatting without replacing Markdown block content
2026-10-07T22:54:41.4422804Z [664/710] [webkit] › tests/browser/editor.spec.ts:7387:1 › converts raw HTML blocks only when the headless demo option is enabled
2026-10-07T22:54:43.3748092Z [665/710] [webkit] › tests/browser/editor.spec.ts:7403:1 › projects inline HTML around Markdown nodes only with explicit opt-in and visible fallback
2026-10-07T22:54:46.1807255Z [666/710] [webkit] › tests/browser/editor.spec.ts:7428:1 › shows specific discarded HTML and rejected URL losses in both conversion surfaces
2026-10-07T22:54:49.5414388Z [667/710] [mobile-chrome] › tests/browser/mobile.spec.ts:4:1 › submits resets and disables a native form-associated Web Component on mobile
2026-10-07T22:54:51.8743834Z [668/710] [mobile-chrome] › tests/browser/mobile.spec.ts:9:1 › uses Angular campaign controls on a touch viewport and preserves history across view remount
2026-10-07T22:54:52.5905608Z [669/710] [mobile-chrome] › tests/browser/mobile.spec.ts:36:1 › uses the real Svelte report on a touch viewport with retained edits and history
2026-10-07T22:54:55.1616080Z [670/710] [mobile-chrome] › tests/browser/mobile.spec.ts:66:1 › uses the real Vue runbook on a touch viewport without losing task state
2026-10-07T22:54:57.2468941Z [671/710] [mobile-chrome] › tests/browser/mobile.spec.ts:89:1 › handles virtual-keyboard replacement, composition, deletion, and history input
2026-10-07T22:54:57.9562445Z [672/710] [mobile-chrome] › tests/browser/mobile.spec.ts:128:1 › shows every empty line created and removed by repeated mobile Enter and Backspace
2026-10-07T22:54:58.4675643Z [673/710] [mobile-chrome] › tests/browser/mobile.spec.ts:155:1 › inserts and updates native math from the phone controls
2026-10-07T22:54:59.7638424Z [674/710] [mobile-chrome] › tests/browser/mobile.spec.ts:169:1 › keeps Word export and re-import understandable on a phone viewport
2026-10-07T22:55:00.2218017Z [675/710] [mobile-chrome] › tests/browser/mobile.spec.ts:190:1 › keeps editable page content continuous on a narrow screen
2026-10-07T22:55:01.3159479Z [676/710] [mobile-chrome] › tests/browser/mobile.spec.ts:213:1 › preserves split-paragraph selection and composition through mobile page fallback
2026-10-07T22:55:01.7276900Z [677/710] [mobile-chrome] › tests/browser/mobile.spec.ts:321:1 › keeps the public editor usable without horizontal overflow at a phone viewport
2026-10-07T22:55:02.6573603Z [678/710] [mobile-chrome] › tests/browser/mobile.spec.ts:343:1 › keeps the closing promise in four intentional mobile phrases
2026-10-07T22:55:03.7526951Z [679/710] [mobile-chrome] › tests/browser/mobile.spec.ts:376:1 › keeps tracked review complete and touch-operable on a phone viewport
2026-10-07T22:55:04.2037190Z [680/710] [mobile-chrome] › tests/browser/mobile.spec.ts:394:1 › keeps complete version names and guarded restore touch-operable on a phone
2026-10-07T22:55:05.6813284Z [681/710] [mobile-chrome] › tests/browser/mobile.spec.ts:413:1 › keeps native collapsible details readable and touch-operable on a phone
2026-10-07T22:55:06.0990299Z [682/710] [mobile-chrome] › tests/browser/mobile.spec.ts:428:1 › keeps ruby annotation editing touch-operable and inside the phone viewport
2026-10-07T22:55:07.6735811Z [683/710] [mobile-chrome] › tests/browser/mobile.spec.ts:449:1 › keeps the suggestion picker visible and touch-selectable on a phone viewport
2026-10-07T22:55:08.1230107Z [684/710] [mobile-chrome] › tests/browser/mobile.spec.ts:496:1 › keeps contextual menus reachable and touch-selectable on a phone viewport
2026-10-07T22:55:10.6609073Z [685/710] [mobile-chrome] › tests/browser/mobile.spec.ts:546:1 › keeps a composed icon toolbar reachable and touch-operable on a phone viewport
2026-10-07T22:55:10.9931052Z [686/710] [mobile-chrome] › tests/browser/mobile.spec.ts:568:1 › keeps the complete text-style panel usable without mobile page overflow
2026-10-07T22:55:12.8828983Z [687/710] [mobile-chrome] › tests/browser/mobile.spec.ts:590:1 › exposes touch-sized block movement controls without page overflow
2026-10-07T22:55:13.2646090Z [688/710] [mobile-chrome] › tests/browser/mobile.spec.ts:607:1 › keeps a 100,000-block virtual document bounded on mobile engines
2026-10-07T22:55:15.4552945Z [689/710] [mobile-safari] › tests/browser/mobile.spec.ts:4:1 › submits resets and disables a native form-associated Web Component on mobile
2026-10-07T22:55:15.5348463Z [690/710] [mobile-safari] › tests/browser/mobile.spec.ts:9:1 › uses Angular campaign controls on a touch viewport and preserves history across view remount
2026-10-07T22:55:20.7786471Z [691/710] [mobile-safari] › tests/browser/mobile.spec.ts:36:1 › uses the real Svelte report on a touch viewport with retained edits and history
2026-10-07T22:55:23.7152740Z [692/710] [mobile-safari] › tests/browser/mobile.spec.ts:66:1 › uses the real Vue runbook on a touch viewport without losing task state
2026-10-07T22:55:25.7743602Z [693/710] [mobile-safari] › tests/browser/mobile.spec.ts:89:1 › handles virtual-keyboard replacement, composition, deletion, and history input
2026-10-07T22:55:27.1855426Z [694/710] [mobile-safari] › tests/browser/mobile.spec.ts:128:1 › shows every empty line created and removed by repeated mobile Enter and Backspace
2026-10-07T22:55:27.8671537Z [695/710] [mobile-safari] › tests/browser/mobile.spec.ts:155:1 › inserts and updates native math from the phone controls
2026-10-07T22:55:29.2626250Z [696/710] [mobile-safari] › tests/browser/mobile.spec.ts:169:1 › keeps Word export and re-import understandable on a phone viewport
2026-10-07T22:55:30.6069188Z [697/710] [mobile-safari] › tests/browser/mobile.spec.ts:190:1 › keeps editable page content continuous on a narrow screen
2026-10-07T22:55:32.0447141Z [698/710] [mobile-safari] › tests/browser/mobile.spec.ts:213:1 › preserves split-paragraph selection and composition through mobile page fallback
2026-10-07T22:55:32.8020177Z [699/710] [mobile-safari] › tests/browser/mobile.spec.ts:321:1 › keeps the public editor usable without horizontal overflow at a phone viewport
2026-10-07T22:55:33.9348453Z [700/710] [mobile-safari] › tests/browser/mobile.spec.ts:343:1 › keeps the closing promise in four intentional mobile phrases
2026-10-07T22:55:36.2041287Z [701/710] [mobile-safari] › tests/browser/mobile.spec.ts:376:1 › keeps tracked review complete and touch-operable on a phone viewport
2026-10-07T22:55:36.2138298Z [702/710] [mobile-safari] › tests/browser/mobile.spec.ts:394:1 › keeps complete version names and guarded restore touch-operable on a phone
2026-10-07T22:55:39.2985720Z [703/710] [mobile-safari] › tests/browser/mobile.spec.ts:413:1 › keeps native collapsible details readable and touch-operable on a phone
2026-10-07T22:55:39.7141081Z [704/710] [mobile-safari] › tests/browser/mobile.spec.ts:428:1 › keeps ruby annotation editing touch-operable and inside the phone viewport
2026-10-07T22:55:41.9292548Z [705/710] [mobile-safari] › tests/browser/mobile.spec.ts:449:1 › keeps the suggestion picker visible and touch-selectable on a phone viewport
2026-10-07T22:55:43.3195803Z [706/710] [mobile-safari] › tests/browser/mobile.spec.ts:496:1 › keeps contextual menus reachable and touch-selectable on a phone viewport
2026-10-07T22:55:47.1895614Z [707/710] [mobile-safari] › tests/browser/mobile.spec.ts:546:1 › keeps a composed icon toolbar reachable and touch-operable on a phone viewport
2026-10-07T22:55:49.7005568Z [708/710] [mobile-safari] › tests/browser/mobile.spec.ts:568:1 › keeps the complete text-style panel usable without mobile page overflow
2026-10-07T22:55:51.6688322Z [709/710] [mobile-safari] › tests/browser/mobile.spec.ts:590:1 › exposes touch-sized block movement controls without page overflow
2026-10-07T22:55:54.8062922Z [710/710] [mobile-safari] › tests/browser/mobile.spec.ts:607:1 › keeps a 100,000-block virtual document bounded on mobile engines
2026-10-07T22:55:57.6503981Z   16 skipped
2026-10-07T22:55:57.6504423Z   694 passed (24.5m)
2026-10-07T22:55:58.5559396Z ##[group]Run actions/upload-artifact@v4
2026-10-07T22:55:58.5559716Z with:
2026-10-07T22:55:58.5559974Z   name: direction-and-document-focus-evidence
2026-10-07T22:55:58.5564087Z   path: test-results/**/rtl-*.png
test-results/**/comment-editor-*.png
test-results/**/comment-reader-*.png
test-results/**/native-colour-mapped-selection.png
test-results/**/native-rtl-selection-baseline.json
test-results/**/inherited-auto-explicit-left-reader.png
test-results/**/word-reopened-explicit-left-reader.png
test-results/**/explicit-left.docx
test-results/**/auto-container-*.png
test-results/**/code-click-*.png
test-results/**/code-click-native-focus.json
test-results/**/code-click-native-baseline.json
test-results/**/inherited-alignment-*.png
test-results/**/native-inline-alignment.json
test-results/**/rtl-structural-observations.json
structural-direction-preflight-results/**/rtl-*.png
structural-direction-preflight-results/**/rtl-structural-observations.json
structural-direction-preflight-results/**/inherited-alignment-*.png
structural-direction-preflight-results/**/native-inline-alignment.json
structural-direction-preflight-results/**/auto-container-*.png

2026-10-07T22:55:58.5567632Z   if-no-files-found: ignore
2026-10-07T22:55:58.5567886Z   retention-days: 7
2026-10-07T22:55:58.5568107Z   compression-level: 6
2026-10-07T22:55:58.5568335Z   overwrite: false
2026-10-07T22:55:58.5568563Z   include-hidden-files: false
2026-10-07T22:55:58.5568808Z env:
2026-10-07T22:55:58.5569059Z   PNPM_HOME: /home/runner/setup-pnpm/node_modules/.bin
2026-10-07T22:55:58.5569375Z ##[endgroup]
2026-10-07T22:55:58.7284868Z (node:35354) [DEP0040] DeprecationWarning: The `punycode` module is deprecated. Please use a userland alternative instead.
2026-10-07T22:55:58.7286224Z (Use `node --trace-deprecation ...` to show where the warning was created)
2026-10-07T22:55:58.9384952Z Multiple search paths detected. Calculating the least common ancestor of all paths
2026-10-07T22:55:58.9387294Z The least common ancestor is /home/runner/work/fountainjs/fountainjs. This will be the root directory of the artifact
2026-10-07T22:55:58.9388421Z With the provided path, there will be 183 files uploaded
2026-10-07T22:55:58.9392930Z Artifact name is valid!
2026-10-07T22:55:58.9393831Z Root directory input is valid!
2026-10-07T22:55:59.2694138Z Beginning upload of artifact content to blob storage
2026-10-07T22:55:59.5568696Z (node:35354) [DEP0169] DeprecationWarning: `url.parse()` behavior is not standardized and prone to errors that have security implications. Use the WHATWG URL API instead. CVEs are not issued for `url.parse()` vulnerabilities.
2026-10-07T22:56:00.2545879Z Uploaded bytes 4413805
2026-10-07T22:56:00.3182805Z Finished uploading artifact content to blob storage!
2026-10-07T22:56:00.3184234Z SHA256 digest of uploaded artifact zip is b64d04bce2293c423e9f30994a6148cb6275c46c8c6f5aceb8a93deaedece709
2026-10-07T22:56:00.3186055Z Finalizing artifact upload
2026-10-07T22:56:00.5599535Z Artifact direction-and-document-focus-evidence.zip successfully finalized. Artifact ID 11516263488
2026-10-07T22:56:00.5601182Z Artifact direction-and-document-focus-evidence has been successfully uploaded! Final size is 4413805 bytes. Artifact ID is 11516263488
2026-10-07T22:56:00.5607292Z Artifact download URL: https://github.com/eddolo/fountainjs/actions/runs/37696391809/artifacts/11516263488
2026-10-07T22:56:00.5787680Z ##[group]Run actions/upload-artifact@v4
2026-10-07T22:56:00.5787991Z with:
2026-10-07T22:56:00.5788223Z   name: docx-math-viewer-diagnostics
2026-10-07T22:56:00.5790388Z   path: test-results/**/viewer-observations.json
test-results/**/equations-side-by-side.png
test-results/**/edited-equations.png
test-results/**/edited-compound-equations.png
test-results/**/fallback-equations.png
test-results/**/restored-equations.png
test-results/**/experimental-equations.docx
test-results/**/edited-equations.docx
test-results/**/edited-compound-equations.docx
test-results/**/fallback-equations.docx
test-results/**/restored-equations.docx
test-results/**/reopened-equations.png
test-results/**/changed-equation-refused.png
test-results/**/externally-changed-equations.docx

2026-10-07T22:56:00.5792547Z   if-no-files-found: ignore
2026-10-07T22:56:00.5792993Z   retention-days: 7
2026-10-07T22:56:00.5793549Z   compression-level: 6
2026-10-07T22:56:00.5793801Z   overwrite: false
2026-10-07T22:56:00.5794077Z   include-hidden-files: false
2026-10-07T22:56:00.5794341Z env:
2026-10-07T22:56:00.5794600Z   PNPM_HOME: /home/runner/setup-pnpm/node_modules/.bin
2026-10-07T22:56:00.5794931Z ##[endgroup]
2026-10-07T22:56:00.7449284Z (node:35366) [DEP0040] DeprecationWarning: The `punycode` module is deprecated. Please use a userland alternative instead.
2026-10-07T22:56:00.7450126Z (Use `node --trace-deprecation ...` to show where the warning was created)
2026-10-07T22:56:00.9009045Z With the provided path, there will be 42 files uploaded
2026-10-07T22:56:00.9014289Z Artifact name is valid!
2026-10-07T22:56:00.9014939Z Root directory input is valid!
2026-10-07T22:56:01.2498991Z Beginning upload of artifact content to blob storage
2026-10-07T22:56:01.4797867Z (node:35366) [DEP0169] DeprecationWarning: `url.parse()` behavior is not standardized and prone to errors that have security implications. Use the WHATWG URL API instead. CVEs are not issued for `url.parse()` vulnerabilities.
2026-10-07T22:56:02.0236156Z Uploaded bytes 5145551
2026-10-07T22:56:02.0738242Z Finished uploading artifact content to blob storage!
2026-10-07T22:56:02.0739352Z SHA256 digest of uploaded artifact zip is c29cbc9bbcb87a9aacc13de9cac8956c9c11598264cbd3b8179bb991ea3bd213
2026-10-07T22:56:02.0741207Z Finalizing artifact upload
2026-10-07T22:56:02.3221170Z Artifact docx-math-viewer-diagnostics.zip successfully finalized. Artifact ID 11516283454
2026-10-07T22:56:02.3222566Z Artifact docx-math-viewer-diagnostics has been successfully uploaded! Final size is 5145551 bytes. Artifact ID is 11516283454
2026-10-07T22:56:02.3229628Z Artifact download URL: https://github.com/eddolo/fountainjs/actions/runs/37696391809/artifacts/11516283454
2026-10-07T22:56:02.3436332Z Post job cleanup.
2026-10-07T22:56:02.4660043Z (node:35378) [DEP0040] DeprecationWarning: The `punycode` module is deprecated. Please use a userland alternative instead.
2026-10-07T22:56:02.4660933Z (Use `node --trace-deprecation ...` to show where the warning was created)
2026-10-07T22:56:02.4664298Z Cache hit occurred on the primary key node-cache-Linux-x64-pnpm-fd849381c36c47c9fa715e7759caf3b24b3c25e63e57449d26448df099a8c870, not saving cache.
2026-10-07T22:56:02.4780554Z Post job cleanup.
2026-10-07T22:56:02.6208476Z Pruning is unnecessary.
2026-10-07T22:56:02.6353579Z Post job cleanup.
2026-10-07T22:56:02.7272547Z [command]/usr/bin/git version
2026-10-07T22:56:02.7342271Z git version 2.55.0
2026-10-07T22:56:02.7379363Z Temporarily overriding HOME='/home/runner/work/_temp/87e31352-6c37-40ef-ac2f-c297a4188e2e' before making global git config changes
2026-10-07T22:56:02.7381424Z Adding repository directory to the temporary git global config as a safe directory
2026-10-07T22:56:02.7385585Z [command]/usr/bin/git config --global --add safe.directory /home/runner/work/fountainjs/fountainjs
2026-10-07T22:56:02.7422095Z [command]/usr/bin/git config --local --name-only --get-regexp core\.sshCommand
2026-10-07T22:56:02.7457045Z [command]/usr/bin/git submodule foreach --recursive sh -c "git config --local --name-only --get-regexp 'core\.sshCommand' && git config --local --unset-all 'core.sshCommand' || :"
2026-10-07T22:56:02.7699742Z [command]/usr/bin/git config --local --name-only --get-regexp http\.https\:\/\/github\.com\/\.extraheader
2026-10-07T22:56:02.7726388Z http.https://github.com/.extraheader
2026-10-07T22:56:02.7737344Z [command]/usr/bin/git config --local --unset-all http.https://github.com/.extraheader
2026-10-07T22:56:02.7771686Z [command]/usr/bin/git submodule foreach --recursive sh -c "git config --local --name-only --get-regexp 'http\.https\:\/\/github\.com\/\.extraheader' && git config --local --unset-all 'http.https://github.com/.extraheader' || :"
2026-10-07T22:56:02.8024546Z [command]/usr/bin/git config --local --name-only --get-regexp ^includeIf\.gitdir:
2026-10-07T22:56:02.8056736Z [command]/usr/bin/git submodule foreach --recursive git config --local --show-origin --name-only --get-regexp remote.origin.url
2026-10-07T22:56:02.8447352Z Cleaning up orphan processes
2026-10-07T22:56:02.8740827Z ##[warning]Node.js 20 is deprecated. The following actions target Node.js 20 but are being forced to run on Node.js 24: actions/checkout@v4, actions/setup-node@v4, actions/upload-artifact@v4, pnpm/action-setup@v4. For more information see: https://github.blog/changelog/2025-09-19-deprecation-of-node-20-on-github-actions-runners/
