2026-10-08T03:37:01.8643821Z Current runner version: '2.337.0'
2026-10-08T03:37:01.8663788Z ##[group]Runner Image Provisioner
2026-10-08T03:37:01.8664433Z Hosted Compute Agent
2026-10-08T03:37:01.8664812Z Version: 20260901.588
2026-10-08T03:37:01.8665284Z Commit: f88ec8081b781fac6c440065ac7ff9e710ce3d0b
2026-10-08T03:37:01.8665961Z Build Date: 2026-09-01T19:56:44Z
2026-10-08T03:37:01.8666441Z Worker ID: {3bed4b40-371b-47ad-992b-eb50b27a8fce}
2026-10-08T03:37:01.8666940Z Azure Region: westus3
2026-10-08T03:37:01.8667303Z ##[endgroup]
2026-10-08T03:37:01.8668247Z ##[group]Operating System
2026-10-08T03:37:01.8668655Z Ubuntu
2026-10-08T03:37:01.8669023Z 24.04.5
2026-10-08T03:37:01.8669388Z LTS
2026-10-08T03:37:01.8669727Z ##[endgroup]
2026-10-08T03:37:01.8670127Z ##[group]Runner Image
2026-10-08T03:37:01.8670561Z Image: ubuntu-24.04
2026-10-08T03:37:01.8670923Z Version: 20260927.320.1
2026-10-08T03:37:01.8671776Z Included Software: https://github.com/actions/runner-images/blob/ubuntu24/20260927.320/images/ubuntu/Ubuntu2404-Readme.md
2026-10-08T03:37:01.8672722Z Image Release: https://github.com/actions/runner-images/releases/tag/ubuntu24%2F20260927.320
2026-10-08T03:37:01.8673360Z ##[endgroup]
2026-10-08T03:37:01.8674039Z ##[group]GITHUB_TOKEN Permissions
2026-10-08T03:37:01.8675592Z Contents: read
2026-10-08T03:37:01.8676144Z Metadata: read
2026-10-08T03:37:01.8676550Z ##[endgroup]
2026-10-08T03:37:01.8678052Z Secret source: Actions
2026-10-08T03:37:01.8678705Z Cache mode: write
2026-10-08T03:37:01.8679155Z Prepare workflow directory
2026-10-08T03:37:01.8943445Z Prepare all required actions
2026-10-08T03:37:01.8978281Z Getting action download info
2026-10-08T03:37:02.1903154Z Download action repository 'actions/checkout@v4' (SHA:11d5960a326750d5838078e36cf38b85af677262)
2026-10-08T03:37:02.2672711Z Download action repository 'pnpm/action-setup@v4' (SHA:b906affcce14559ad1aafd4ab0e942779e9f58b1)
2026-10-08T03:37:03.2319492Z Download action repository 'actions/setup-node@v4' (SHA:49933ea5288caeca8642d1e84afbd3f7d6820020)
2026-10-08T03:37:03.3406330Z Download action repository 'actions/upload-artifact@v4' (SHA:ea165f8d65b6e75b540449e92b4886f43607fa02)
2026-10-08T03:37:03.5355003Z Complete job name: browser
2026-10-08T03:37:03.5885702Z ##[group]Run actions/checkout@v4
2026-10-08T03:37:03.5886338Z with:
2026-10-08T03:37:03.5886612Z   repository: eddolo/fountainjs
2026-10-08T03:37:03.5888845Z   token: ***
2026-10-08T03:37:03.5889113Z   ssh-strict: true
2026-10-08T03:37:03.5889384Z   ssh-user: git
2026-10-08T03:37:03.5889666Z   persist-credentials: true
2026-10-08T03:37:03.5889971Z   clean: true
2026-10-08T03:37:03.5890248Z   sparse-checkout-cone-mode: true
2026-10-08T03:37:03.5890567Z   fetch-depth: 1
2026-10-08T03:37:03.5890845Z   fetch-tags: false
2026-10-08T03:37:03.5891126Z   show-progress: true
2026-10-08T03:37:03.5891413Z   lfs: false
2026-10-08T03:37:03.5891668Z   submodules: false
2026-10-08T03:37:03.5891946Z   set-safe-directory: true
2026-10-08T03:37:03.5892257Z   allow-unsafe-pr-checkout: false
2026-10-08T03:37:03.5892646Z env:
2026-10-08T03:37:03.5893299Z   FOUNTAIN_DISPLAY_CLIPBOARD_PATTERN: pastes native rich research notes|copies shared automatic list scope|disabled line numbers through native copy
2026-10-08T03:37:03.5894023Z ##[endgroup]
2026-10-08T03:37:03.6630890Z Syncing repository: eddolo/fountainjs
2026-10-08T03:37:03.6632518Z ##[group]Getting Git version info
2026-10-08T03:37:03.6632984Z Working directory is '/home/runner/work/fountainjs/fountainjs'
2026-10-08T03:37:03.6633688Z [command]/usr/bin/git version
2026-10-08T03:37:03.6634014Z git version 2.55.0
2026-10-08T03:37:03.6634997Z ##[endgroup]
2026-10-08T03:37:03.6641285Z Temporarily overriding HOME='/home/runner/work/_temp/617881f1-8e0f-4c9a-b46f-1f94ad0f6aa3' before making global git config changes
2026-10-08T03:37:03.6642577Z Adding repository directory to the temporary git global config as a safe directory
2026-10-08T03:37:03.6644437Z [command]/usr/bin/git config --global --add safe.directory /home/runner/work/fountainjs/fountainjs
2026-10-08T03:37:03.6689619Z Deleting the contents of '/home/runner/work/fountainjs/fountainjs'
2026-10-08T03:37:03.6692459Z ##[group]Initializing the repository
2026-10-08T03:37:03.6694998Z [command]/usr/bin/git init /home/runner/work/fountainjs/fountainjs
2026-10-08T03:37:03.6796501Z hint: Using 'master' as the name for the initial branch. This default branch name
2026-10-08T03:37:03.6797523Z hint: will change to "main" in Git 3.0. To configure the initial branch name
2026-10-08T03:37:03.6798102Z hint: to use in all of your new repositories, which will suppress this warning,
2026-10-08T03:37:03.6798556Z hint: call:
2026-10-08T03:37:03.6798860Z hint:
2026-10-08T03:37:03.6799384Z hint: 	git config --global init.defaultBranch <name>
2026-10-08T03:37:03.6800014Z hint:
2026-10-08T03:37:03.6800617Z hint: Names commonly chosen instead of 'master' are 'main', 'trunk' and
2026-10-08T03:37:03.6801367Z hint: 'development'. The just-created branch can be renamed via this command:
2026-10-08T03:37:03.6801831Z hint:
2026-10-08T03:37:03.6802102Z hint: 	git branch -m <name>
2026-10-08T03:37:03.6802424Z hint:
2026-10-08T03:37:03.6802997Z hint: Disable this message with "git config set advice.defaultBranchName false"
2026-10-08T03:37:03.6804108Z Initialized empty Git repository in /home/runner/work/fountainjs/fountainjs/.git/
2026-10-08T03:37:03.6808004Z [command]/usr/bin/git remote add origin https://github.com/eddolo/fountainjs
2026-10-08T03:37:03.6849422Z ##[endgroup]
2026-10-08T03:37:03.6850254Z ##[group]Disabling automatic garbage collection
2026-10-08T03:37:03.6852470Z [command]/usr/bin/git config --local gc.auto 0
2026-10-08T03:37:03.6877240Z ##[endgroup]
2026-10-08T03:37:03.6877705Z ##[group]Setting up auth
2026-10-08T03:37:03.6882417Z [command]/usr/bin/git config --local --name-only --get-regexp core\.sshCommand
2026-10-08T03:37:03.6907709Z [command]/usr/bin/git submodule foreach --recursive sh -c "git config --local --name-only --get-regexp 'core\.sshCommand' && git config --local --unset-all 'core.sshCommand' || :"
2026-10-08T03:37:03.7204718Z [command]/usr/bin/git config --local --name-only --get-regexp http\.https\:\/\/github\.com\/\.extraheader
2026-10-08T03:37:03.7231679Z [command]/usr/bin/git submodule foreach --recursive sh -c "git config --local --name-only --get-regexp 'http\.https\:\/\/github\.com\/\.extraheader' && git config --local --unset-all 'http.https://github.com/.extraheader' || :"
2026-10-08T03:37:03.7407191Z [command]/usr/bin/git config --local --name-only --get-regexp ^includeIf\.gitdir:
2026-10-08T03:37:03.7431768Z [command]/usr/bin/git submodule foreach --recursive git config --local --show-origin --name-only --get-regexp remote.origin.url
2026-10-08T03:37:03.7609634Z [command]/usr/bin/git config --local http.https://github.com/.extraheader AUTHORIZATION: basic ***
2026-10-08T03:37:03.7641078Z ##[endgroup]
2026-10-08T03:37:03.7641853Z ##[group]Fetching the repository
2026-10-08T03:37:03.7647422Z [command]/usr/bin/git -c protocol.version=2 fetch --no-tags --prune --no-recurse-submodules --depth=1 origin +1e90cde7997243d65aaea7d5e8477495d78d184b:refs/remotes/origin/master
2026-10-08T03:37:05.8328580Z From https://github.com/eddolo/fountainjs
2026-10-08T03:37:05.8329600Z  * [new ref]         1e90cde7997243d65aaea7d5e8477495d78d184b -> origin/master
2026-10-08T03:37:05.8332158Z ##[endgroup]
2026-10-08T03:37:05.8332607Z ##[group]Determining the checkout info
2026-10-08T03:37:05.8333138Z ##[endgroup]
2026-10-08T03:37:05.8337570Z [command]/usr/bin/git sparse-checkout disable
2026-10-08T03:37:05.8377450Z [command]/usr/bin/git config --local --unset-all extensions.worktreeConfig
2026-10-08T03:37:05.8398010Z ##[group]Checking out the ref
2026-10-08T03:37:05.8400354Z [command]/usr/bin/git checkout --progress --force -B master refs/remotes/origin/master
2026-10-08T03:37:06.1257817Z Reset branch 'master'
2026-10-08T03:37:06.1261085Z branch 'master' set up to track 'origin/master'.
2026-10-08T03:37:06.1273013Z ##[endgroup]
2026-10-08T03:37:06.1324511Z [command]/usr/bin/git log -1 --format=%H
2026-10-08T03:37:06.1326727Z 1e90cde7997243d65aaea7d5e8477495d78d184b
2026-10-08T03:37:06.1490776Z ##[group]Run pnpm/action-setup@v4
2026-10-08T03:37:06.1490954Z with:
2026-10-08T03:37:06.1491065Z   version: 11.19.0
2026-10-08T03:37:06.1491183Z   dest: ~/setup-pnpm
2026-10-08T03:37:06.1491303Z   run_install: null
2026-10-08T03:37:06.1491420Z   cache: false
2026-10-08T03:37:06.1491546Z   cache_dependency_path: pnpm-lock.yaml
2026-10-08T03:37:06.1491709Z   package_json_file: package.json
2026-10-08T03:37:06.1491852Z   standalone: false
2026-10-08T03:37:06.1491966Z env:
2026-10-08T03:37:06.1492266Z   FOUNTAIN_DISPLAY_CLIPBOARD_PATTERN: pastes native rich research notes|copies shared automatic list scope|disabled line numbers through native copy
2026-10-08T03:37:06.1492605Z ##[endgroup]
2026-10-08T03:37:06.2366310Z ##[group]Running self-installer...
2026-10-08T03:37:06.4598680Z (node:2116) [DEP0169] DeprecationWarning: `url.parse()` behavior is not standardized and prone to errors that have security implications. Use the WHATWG URL API instead. CVEs are not issued for `url.parse()` vulnerabilities.
2026-10-08T03:37:06.4599478Z (Use `node --trace-deprecation ...` to show where the warning was created)
2026-10-08T03:37:06.6286486Z Progress: resolved 1, reused 0, downloaded 0, added 0
2026-10-08T03:37:06.6333279Z Packages: +1
2026-10-08T03:37:06.6333852Z +
2026-10-08T03:37:06.9591070Z Progress: resolved 1, reused 0, downloaded 1, added 1, done
2026-10-08T03:37:06.9940616Z 
2026-10-08T03:37:06.9940973Z dependencies:
2026-10-08T03:37:06.9941171Z + pnpm 11.19.0 (12.10.1 is available)
2026-10-08T03:37:06.9941282Z 
2026-10-08T03:37:06.9958865Z Done in 661ms
2026-10-08T03:37:07.2126254Z ##[endgroup]
2026-10-08T03:37:07.2126435Z Installation Completed!
2026-10-08T03:37:07.2251441Z ##[group]Run actions/setup-node@v4
2026-10-08T03:37:07.2251599Z with:
2026-10-08T03:37:07.2251709Z   node-version: 24
2026-10-08T03:37:07.2251822Z   cache: pnpm
2026-10-08T03:37:07.2251935Z   always-auth: false
2026-10-08T03:37:07.2252055Z   check-latest: false
2026-10-08T03:37:07.2253261Z   token: ***
2026-10-08T03:37:07.2253381Z env:
2026-10-08T03:37:07.2253673Z   FOUNTAIN_DISPLAY_CLIPBOARD_PATTERN: pastes native rich research notes|copies shared automatic list scope|disabled line numbers through native copy
2026-10-08T03:37:07.2254044Z   PNPM_HOME: /home/runner/setup-pnpm/node_modules/.bin
2026-10-08T03:37:07.2254215Z ##[endgroup]
2026-10-08T03:37:07.3129760Z Found in cache @ /opt/hostedtoolcache/node/24.21.0/x64
2026-10-08T03:37:07.3133030Z (node:2132) [DEP0040] DeprecationWarning: The `punycode` module is deprecated. Please use a userland alternative instead.
2026-10-08T03:37:07.3134855Z (Use `node --trace-deprecation ...` to show where the warning was created)
2026-10-08T03:37:07.3135524Z ##[group]Environment details
2026-10-08T03:37:07.6077493Z node: v24.21.0
2026-10-08T03:37:07.6077712Z npm: 11.19.0
2026-10-08T03:37:07.6077824Z yarn: 1.22.22
2026-10-08T03:37:07.6078197Z ##[endgroup]
2026-10-08T03:37:07.6093136Z [command]/home/runner/setup-pnpm/node_modules/.bin/pnpm store path --silent
2026-10-08T03:37:08.0275243Z /home/runner/setup-pnpm/node_modules/.bin/store/v11
2026-10-08T03:37:08.2716583Z Cache hit for: node-cache-Linux-x64-pnpm-fd849381c36c47c9fa715e7759caf3b24b3c25e63e57449d26448df099a8c870
2026-10-08T03:37:08.2791653Z (node:2132) [DEP0169] DeprecationWarning: `url.parse()` behavior is not standardized and prone to errors that have security implications. Use the WHATWG URL API instead. CVEs are not issued for `url.parse()` vulnerabilities.
2026-10-08T03:37:09.5234684Z Received 37748736 of 143139869 (26.4%), 36.0 MBs/sec
2026-10-08T03:37:10.2296865Z Received 143139869 of 143139869 (100.0%), 80.1 MBs/sec
2026-10-08T03:37:10.2311519Z Cache Size: ~137 MB (143139869 B)
2026-10-08T03:37:10.2346980Z [command]/usr/bin/tar -xf /home/runner/work/_temp/b69b8d57-4a43-4bba-80f5-39624a38431c/cache.tzst -P -C /home/runner/work/fountainjs/fountainjs --use-compress-program unzstd
2026-10-08T03:37:11.1664790Z Cache restored successfully
2026-10-08T03:37:11.1728678Z Cache restored from key: node-cache-Linux-x64-pnpm-fd849381c36c47c9fa715e7759caf3b24b3c25e63e57449d26448df099a8c870
2026-10-08T03:37:11.1868488Z ##[group]Run pnpm install --frozen-lockfile
2026-10-08T03:37:11.1868755Z [36;1mpnpm install --frozen-lockfile[0m
2026-10-08T03:37:11.2103681Z shell: /usr/bin/bash -e {0}
2026-10-08T03:37:11.2103876Z env:
2026-10-08T03:37:11.2104225Z   FOUNTAIN_DISPLAY_CLIPBOARD_PATTERN: pastes native rich research notes|copies shared automatic list scope|disabled line numbers through native copy
2026-10-08T03:37:11.2104628Z   PNPM_HOME: /home/runner/setup-pnpm/node_modules/.bin
2026-10-08T03:37:11.2104817Z ##[endgroup]
2026-10-08T03:37:11.4931802Z Scope: all 3 workspace projects
2026-10-08T03:37:11.5333287Z ? Verifying lockfile against supply-chain policies (340 entries)...
2026-10-08T03:37:11.5387248Z Lockfile is up to date, resolution step is skipped
2026-10-08T03:37:11.6085065Z Progress: resolved 1, reused 0, downloaded 0, added 0
2026-10-08T03:37:11.6497148Z Packages: +281
2026-10-08T03:37:11.6527172Z ++++++++++++++++++++++++++++++++++++++++++++++++++++++++++++++++++++++++++++++++
2026-10-08T03:37:12.1277821Z Packages are hard linked from the content-addressable store to the virtual store.
2026-10-08T03:37:12.1316943Z   Content-addressable store is at: /home/runner/setup-pnpm/node_modules/.bin/store/v11
2026-10-08T03:37:12.1345535Z   Virtual store is at:             node_modules/.pnpm
2026-10-08T03:37:12.6123408Z Progress: resolved 281, reused 281, downloaded 0, added 137
2026-10-08T03:37:12.7390869Z Progress: resolved 281, reused 281, downloaded 0, added 281, done
2026-10-08T03:37:14.4426185Z ✓ Lockfile passes supply-chain policies (340 entries in 2.9s)
2026-10-08T03:37:14.5413801Z 
2026-10-08T03:37:14.5414589Z devDependencies:
2026-10-08T03:37:14.5414883Z + @angular/common 22.1.5
2026-10-08T03:37:14.5415121Z + @angular/compiler 22.1.5
2026-10-08T03:37:14.5415341Z + @angular/core 22.1.5
2026-10-08T03:37:14.5415586Z + @angular/platform-browser 22.1.5
2026-10-08T03:37:14.5416073Z + @angular/platform-server 22.1.5
2026-10-08T03:37:14.5416348Z + @mathjax/mathjax-tex-font 4.1.3
2026-10-08T03:37:14.5416635Z + @mathjax/src 4.1.3
2026-10-08T03:37:14.5416841Z + @playwright/test 1.62.1
2026-10-08T03:37:14.5417095Z + @sveltejs/vite-plugin-svelte 7.3.0
2026-10-08T03:37:14.5417334Z + @types/node 26.4.1
2026-10-08T03:37:14.5417537Z + @types/react 19.2.18
2026-10-08T03:37:14.5417746Z + @types/react-dom 19.2.7
2026-10-08T03:37:14.5417967Z + @vitejs/plugin-react 6.1.1
2026-10-08T03:37:14.5418248Z + commonmark 0.31.2
2026-10-08T03:37:14.5418449Z + commonmark-spec 0.31.2
2026-10-08T03:37:14.5418660Z + css-select 7.0.0
2026-10-08T03:37:14.5418860Z + docx-preview 0.4.0
2026-10-08T03:37:14.5419058Z + entities 8.0.0
2026-10-08T03:37:14.5419247Z + fflate 0.8.3
2026-10-08T03:37:14.5419426Z + jsdom 30.0.1
2026-10-08T03:37:14.5419605Z + katex 0.18.6
2026-10-08T03:37:14.5419803Z + miniflare 3.20250718.3
2026-10-08T03:37:14.5420080Z + parse5 8.0.1
2026-10-08T03:37:14.5420324Z + parse5-htmlparser2-tree-adapter 8.0.1
2026-10-08T03:37:14.5420614Z + pdfjs-dist 6.3.289
2026-10-08T03:37:14.5420822Z + react 19.2.8
2026-10-08T03:37:14.5421027Z + react-dom 19.2.8
2026-10-08T03:37:14.5421216Z + rxjs 7.8.2
2026-10-08T03:37:14.5421390Z + svelte 5.57.0
2026-10-08T03:37:14.5421575Z + typescript 7.0.2
2026-10-08T03:37:14.5421812Z + unicode-emoji-json 0.9.0
2026-10-08T03:37:14.5422018Z + vite 8.2.2
2026-10-08T03:37:14.5422188Z + vitest 5.0.0
2026-10-08T03:37:14.5422355Z + vue 3.5.42
2026-10-08T03:37:14.5422525Z + yjs 13.6.32
2026-10-08T03:37:14.5422628Z 
2026-10-08T03:37:14.5632871Z Done in 3.3s using pnpm v11.19.0
2026-10-08T03:37:14.6103417Z ##[group]Run pnpm exec playwright install --with-deps
2026-10-08T03:37:14.6103668Z [36;1mpnpm exec playwright install --with-deps[0m
2026-10-08T03:37:14.6153770Z shell: /usr/bin/bash -e {0}
2026-10-08T03:37:14.6153913Z env:
2026-10-08T03:37:14.6154218Z   FOUNTAIN_DISPLAY_CLIPBOARD_PATTERN: pastes native rich research notes|copies shared automatic list scope|disabled line numbers through native copy
2026-10-08T03:37:14.6154582Z   PNPM_HOME: /home/runner/setup-pnpm/node_modules/.bin
2026-10-08T03:37:14.6154918Z ##[endgroup]
2026-10-08T03:37:15.1777498Z Installing dependencies...
2026-10-08T03:37:15.1833210Z Switching to root user to install dependencies...
2026-10-08T03:37:15.2511572Z Get:1 file:/etc/apt/apt-mirrors.txt Mirrorlist [144 B]
2026-10-08T03:37:15.2823874Z Get:6 https://packages.microsoft.com/ubuntu/24.04/prod noble InRelease [3600 B]
2026-10-08T03:37:15.2896690Z Hit:2 http://azure.archive.ubuntu.com/ubuntu noble InRelease
2026-10-08T03:37:15.2908032Z Get:3 http://azure.archive.ubuntu.com/ubuntu noble-updates InRelease [126 kB]
2026-10-08T03:37:15.2948300Z Get:4 http://azure.archive.ubuntu.com/ubuntu noble-backports InRelease [126 kB]
2026-10-08T03:37:15.2960929Z Get:5 http://azure.archive.ubuntu.com/ubuntu noble-security InRelease [126 kB]
2026-10-08T03:37:15.3331223Z Get:7 https://packages.microsoft.com/ubuntu/24.04/prod noble/main amd64 Packages [529 kB]
2026-10-08T03:37:15.3482477Z Get:8 https://packages.microsoft.com/ubuntu/24.04/prod noble/main arm64 Packages [473 kB]
2026-10-08T03:37:15.3526848Z Get:9 https://packages.microsoft.com/ubuntu/24.04/prod noble/main all Packages [640 B]
2026-10-08T03:37:15.3549295Z Get:10 https://packages.microsoft.com/ubuntu/24.04/prod noble/main armhf Packages [12.3 kB]
2026-10-08T03:37:15.4070386Z Get:11 http://azure.archive.ubuntu.com/ubuntu noble-updates/main amd64 Packages [1375 kB]
2026-10-08T03:37:15.4146310Z Get:12 http://azure.archive.ubuntu.com/ubuntu noble-updates/main Translation-en [306 kB]
2026-10-08T03:37:15.4153395Z Get:13 http://azure.archive.ubuntu.com/ubuntu noble-updates/main amd64 Components [181 kB]
2026-10-08T03:37:15.4168082Z Get:14 http://azure.archive.ubuntu.com/ubuntu noble-updates/universe amd64 Packages [1702 kB]
2026-10-08T03:37:15.4228805Z Get:15 http://azure.archive.ubuntu.com/ubuntu noble-updates/universe Translation-en [341 kB]
2026-10-08T03:37:15.4247377Z Get:16 http://azure.archive.ubuntu.com/ubuntu noble-updates/universe amd64 Components [388 kB]
2026-10-08T03:37:15.4269435Z Get:17 http://azure.archive.ubuntu.com/ubuntu noble-updates/restricted amd64 Packages [1761 kB]
2026-10-08T03:37:15.4329848Z Get:18 http://azure.archive.ubuntu.com/ubuntu noble-updates/restricted Translation-en [401 kB]
2026-10-08T03:37:15.4350750Z Get:19 http://azure.archive.ubuntu.com/ubuntu noble-updates/multiverse amd64 Packages [55.0 kB]
2026-10-08T03:37:15.4363854Z Get:20 http://azure.archive.ubuntu.com/ubuntu noble-updates/multiverse Translation-en [14.3 kB]
2026-10-08T03:37:15.4793577Z Get:21 http://azure.archive.ubuntu.com/ubuntu noble-updates/multiverse amd64 Components [940 B]
2026-10-08T03:37:15.4805327Z Get:22 http://azure.archive.ubuntu.com/ubuntu noble-backports/main amd64 Components [5764 B]
2026-10-08T03:37:15.4816017Z Get:23 http://azure.archive.ubuntu.com/ubuntu noble-backports/universe amd64 Components [12.6 kB]
2026-10-08T03:37:15.4832921Z Get:24 http://azure.archive.ubuntu.com/ubuntu noble-security/main amd64 Packages [1074 kB]
2026-10-08T03:37:15.4871874Z Get:25 http://azure.archive.ubuntu.com/ubuntu noble-security/main Translation-en [223 kB]
2026-10-08T03:37:15.4886637Z Get:26 http://azure.archive.ubuntu.com/ubuntu noble-security/main amd64 Components [46.3 kB]
2026-10-08T03:37:15.4897329Z Get:27 http://azure.archive.ubuntu.com/ubuntu noble-security/universe amd64 Packages [1218 kB]
2026-10-08T03:37:15.4942092Z Get:28 http://azure.archive.ubuntu.com/ubuntu noble-security/universe Translation-en [245 kB]
2026-10-08T03:37:15.4957964Z Get:29 http://azure.archive.ubuntu.com/ubuntu noble-security/universe amd64 Components [76.3 kB]
2026-10-08T03:37:15.4969552Z Get:30 http://azure.archive.ubuntu.com/ubuntu noble-security/restricted amd64 Packages [1566 kB]
2026-10-08T03:37:15.5021557Z Get:31 http://azure.archive.ubuntu.com/ubuntu noble-security/restricted Translation-en [361 kB]
2026-10-08T03:37:15.5039889Z Get:32 http://azure.archive.ubuntu.com/ubuntu noble-security/multiverse Translation-en [11.6 kB]
2026-10-08T03:37:21.3139850Z Fetched 12.8 MB in 1s (12.7 MB/s)
2026-10-08T03:37:21.8481468Z Reading package lists...
2026-10-08T03:37:21.8676577Z Reading package lists...
2026-10-08T03:37:22.0295329Z Building dependency tree...
2026-10-08T03:37:22.0300482Z Reading state information...
2026-10-08T03:37:22.0432946Z libasound2t64 is already the newest version (1.2.11-1ubuntu0.3).
2026-10-08T03:37:22.0433372Z libasound2t64 set to manually installed.
2026-10-08T03:37:22.0433734Z libatk-bridge2.0-0t64 is already the newest version (2.52.0-1build1).
2026-10-08T03:37:22.0434097Z libatk-bridge2.0-0t64 set to manually installed.
2026-10-08T03:37:22.0434479Z libatk1.0-0t64 is already the newest version (2.52.0-1build1).
2026-10-08T03:37:22.0434803Z libatk1.0-0t64 set to manually installed.
2026-10-08T03:37:22.0435142Z libatspi2.0-0t64 is already the newest version (2.52.0-1build1).
2026-10-08T03:37:22.0435471Z libatspi2.0-0t64 set to manually installed.
2026-10-08T03:37:22.0435971Z libcairo2 is already the newest version (1.18.0-3build1).
2026-10-08T03:37:22.0436279Z libcairo2 set to manually installed.
2026-10-08T03:37:22.0436619Z libcups2t64 is already the newest version (2.4.7-1.2ubuntu7.14).
2026-10-08T03:37:22.0436941Z libcups2t64 set to manually installed.
2026-10-08T03:37:22.0437297Z libdbus-1-3 is already the newest version (1.14.10-4ubuntu4.1).
2026-10-08T03:37:22.0437638Z libdbus-1-3 set to manually installed.
2026-10-08T03:37:22.0438000Z libdrm2 is already the newest version (2.4.125-1ubuntu0.1~24.04.2).
2026-10-08T03:37:22.0438339Z libdrm2 set to manually installed.
2026-10-08T03:37:22.0438750Z libglib2.0-0t64 is already the newest version (2.80.0-6ubuntu3.9).
2026-10-08T03:37:22.0439105Z libglib2.0-0t64 set to manually installed.
2026-10-08T03:37:22.0439457Z libnspr4 is already the newest version (2:4.35-1.1build1).
2026-10-08T03:37:22.0439777Z libnspr4 set to manually installed.
2026-10-08T03:37:22.0439987Z libnss3 is already the newest version (2:3.98-1ubuntu0.2).
2026-10-08T03:37:22.0440188Z libnss3 set to manually installed.
2026-10-08T03:37:22.0440411Z libpango-1.0-0 is already the newest version (1.52.1+ds-1build1).
2026-10-08T03:37:22.0440631Z libpango-1.0-0 set to manually installed.
2026-10-08T03:37:22.0440843Z libx11-6 is already the newest version (2:1.8.7-1build1).
2026-10-08T03:37:22.0441043Z libx11-6 set to manually installed.
2026-10-08T03:37:22.0441239Z libxcb1 is already the newest version (1.15-1ubuntu2).
2026-10-08T03:37:22.0441432Z libxcb1 set to manually installed.
2026-10-08T03:37:22.0441650Z libxcomposite1 is already the newest version (1:0.4.5-1build3).
2026-10-08T03:37:22.0441876Z libxcomposite1 set to manually installed.
2026-10-08T03:37:22.0442097Z libxdamage1 is already the newest version (1:1.1.6-1build1).
2026-10-08T03:37:22.0442305Z libxdamage1 set to manually installed.
2026-10-08T03:37:22.0442514Z libxext6 is already the newest version (2:1.3.4-1build2).
2026-10-08T03:37:22.0442715Z libxext6 set to manually installed.
2026-10-08T03:37:22.0442923Z libxfixes3 is already the newest version (1:6.0.0-2build1).
2026-10-08T03:37:22.0443129Z libxfixes3 set to manually installed.
2026-10-08T03:37:22.0443347Z libxkbcommon0 is already the newest version (1.6.0-1build1).
2026-10-08T03:37:22.0443558Z libxkbcommon0 set to manually installed.
2026-10-08T03:37:22.0443775Z libxrandr2 is already the newest version (2:1.5.2-2build1).
2026-10-08T03:37:22.0443979Z libxrandr2 set to manually installed.
2026-10-08T03:37:22.0444206Z libcairo-gobject2 is already the newest version (1.18.0-3build1).
2026-10-08T03:37:22.0444437Z libcairo-gobject2 set to manually installed.
2026-10-08T03:37:22.0445103Z libfontconfig1 is already the newest version (2.15.0-1.1ubuntu2).
2026-10-08T03:37:22.0445323Z libfontconfig1 set to manually installed.
2026-10-08T03:37:22.0445579Z libgdk-pixbuf-2.0-0 is already the newest version (2.42.10+dfsg-3ubuntu3.3).
2026-10-08T03:37:22.0445924Z libgdk-pixbuf-2.0-0 set to manually installed.
2026-10-08T03:37:22.0446164Z libgtk-3-0t64 is already the newest version (3.24.41-4ubuntu1.3).
2026-10-08T03:37:22.0446378Z libgtk-3-0t64 set to manually installed.
2026-10-08T03:37:22.0446615Z libpangocairo-1.0-0 is already the newest version (1.52.1+ds-1build1).
2026-10-08T03:37:22.0446958Z libpangocairo-1.0-0 set to manually installed.
2026-10-08T03:37:22.0447188Z libx11-xcb1 is already the newest version (2:1.8.7-1build1).
2026-10-08T03:37:22.0447397Z libx11-xcb1 set to manually installed.
2026-10-08T03:37:22.0447607Z libxcb-shm0 is already the newest version (1.15-1ubuntu2).
2026-10-08T03:37:22.0447808Z libxcb-shm0 set to manually installed.
2026-10-08T03:37:22.0448026Z libxcursor1 is already the newest version (1:1.2.1-1build1).
2026-10-08T03:37:22.0448231Z libxcursor1 set to manually installed.
2026-10-08T03:37:22.0448430Z libxi6 is already the newest version (2:1.8.1-1build1).
2026-10-08T03:37:22.0448625Z libxi6 set to manually installed.
2026-10-08T03:37:22.0448837Z libxrender1 is already the newest version (1:0.9.10-1.1build1).
2026-10-08T03:37:22.0449045Z libxrender1 set to manually installed.
2026-10-08T03:37:22.0449252Z libicu74 is already the newest version (74.2-1ubuntu3.1).
2026-10-08T03:37:22.0449509Z libatomic1 is already the newest version (14.2.0-4ubuntu2~24.04.1).
2026-10-08T03:37:22.0449724Z libatomic1 set to manually installed.
2026-10-08T03:37:22.0450057Z libenchant-2-2 is already the newest version (2.3.3-2build2).
2026-10-08T03:37:22.0450297Z libenchant-2-2 set to manually installed.
2026-10-08T03:37:22.0450518Z libepoxy0 is already the newest version (1.5.10-1build1).
2026-10-08T03:37:22.0450722Z libepoxy0 set to manually installed.
2026-10-08T03:37:22.0450951Z libgstreamer1.0-0 is already the newest version (1.24.2-1ubuntu0.1).
2026-10-08T03:37:22.0451182Z libgstreamer1.0-0 set to manually installed.
2026-10-08T03:37:22.0451410Z libharfbuzz0b is already the newest version (8.3.0-2build2).
2026-10-08T03:37:22.0451620Z libharfbuzz0b set to manually installed.
2026-10-08T03:37:22.0451843Z libjpeg-turbo8 is already the newest version (2.1.5-2ubuntu2).
2026-10-08T03:37:22.0452063Z libjpeg-turbo8 set to manually installed.
2026-10-08T03:37:22.0452280Z liblcms2-2 is already the newest version (2.14-2ubuntu0.1).
2026-10-08T03:37:22.0452492Z liblcms2-2 set to manually installed.
2026-10-08T03:37:22.0452725Z libwayland-client0 is already the newest version (1.22.0-2.1build1).
2026-10-08T03:37:22.0452960Z libwayland-client0 set to manually installed.
2026-10-08T03:37:22.0453196Z libwayland-egl1 is already the newest version (1.22.0-2.1build1).
2026-10-08T03:37:22.1470930Z libwayland-egl1 set to manually installed.
2026-10-08T03:37:22.1471483Z libwebp7 is already the newest version (1.3.2-0.4build3).
2026-10-08T03:37:22.1471860Z libwebp7 set to manually installed.
2026-10-08T03:37:22.1472217Z libwebpdemux2 is already the newest version (1.3.2-0.4build3).
2026-10-08T03:37:22.1472569Z libwebpdemux2 set to manually installed.
2026-10-08T03:37:22.1472934Z libxml2 is already the newest version (2.9.14+dfsg-1.3ubuntu3.9).
2026-10-08T03:37:22.1473278Z libxml2 set to manually installed.
2026-10-08T03:37:22.1473651Z libxslt1.1 is already the newest version (1.1.39-0exp1ubuntu0.24.04.3).
2026-10-08T03:37:22.1474025Z libxslt1.1 set to manually installed.
2026-10-08T03:37:22.1474374Z xvfb is already the newest version (2:21.1.12-1ubuntu1.8).
2026-10-08T03:37:22.1474830Z fonts-noto-color-emoji is already the newest version (2.047-0ubuntu0.24.04.1).
2026-10-08T03:37:22.1475285Z fonts-liberation is already the newest version (1:2.1.5-3).
2026-10-08T03:37:22.1475635Z fonts-liberation set to manually installed.
2026-10-08T03:37:22.1476170Z The following additional packages will be installed:
2026-10-08T03:37:22.1476961Z   glib-networking glib-networking-common glib-networking-services
2026-10-08T03:37:22.1477417Z   gsettings-desktop-schemas libaa1 libabsl20220623t64 libass9 libasyncns0
2026-10-08T03:37:22.1477880Z   libavc1394-0 libavfilter9 libavformat60 libavtp0 libavutil58 libblas3
2026-10-08T03:37:22.1478333Z   libbluray2 libbs2b0 libcaca0 libcairo-script-interpreter2 libcdparanoia0
2026-10-08T03:37:22.1478796Z   libchromaprint1 libcjson1 libcodec2-1.2 libdav1d7 libdc1394-25 libdca0
2026-10-08T03:37:22.1479220Z   libde265-0 libdecor-0-0 libdirectfb-1.7-7t64 libdv4t64 libdvdnav4
2026-10-08T03:37:22.1479733Z   libdvdread8t64 libegl-mesa0 libegl1 libevent-core-2.1-7t64
2026-10-08T03:37:22.1480179Z   libevent-pthreads-2.1-7t64 libfaad2 libflac12t64 libfluidsynth3 libfreeaptx0
2026-10-08T03:37:22.1480649Z   libgav1-1 libgl1-mesa-dri libglx-mesa0 libgme0 libgraphene-1.0-0 libgsm1
2026-10-08T03:37:22.1481125Z   libgssdp-1.6-0 libgstreamer-plugins-good1.0-0 libgtk-4-common libgupnp-1.6-0
2026-10-08T03:37:22.1481580Z   libgupnp-igd-1.6-0 libhwy1t64 libiec61883-0 libimath-3-1-29t64
2026-10-08T03:37:22.1481988Z   libinstpatch-1.0-2 libjack-jackd2-0 libjxl0.7 liblapack3 liblc3-1
2026-10-08T03:37:22.1482452Z   libldacbt-enc2 liblilv-0-0 liblrdf0 libltc11 libmbedcrypto7t64 libmfx1
2026-10-08T03:37:22.1482866Z   libmjpegutils-2.1-0t64 libmodplug1 libmp3lame0 libmpcdec6
2026-10-08T03:37:22.1483279Z   libmpeg2encpp-2.1-0t64 libmpg123-0t64 libmplex2-2.1-0t64 libmysofa1
2026-10-08T03:37:22.1483569Z   libneon27t64 libnice10 libopenal-data libopenal1 libopenexr-3-1-30
2026-10-08T03:37:22.1483829Z   libopenh264-7 libopenmpt0t64 libopenni2-0 liborc-0.4-0t64
2026-10-08T03:37:22.1484083Z   libpipewire-0.3-0t64 libplacebo338 libpocketsphinx3 libpostproc57
2026-10-08T03:37:22.1484364Z   libproxy1v5 libpulse0 libqrencode4 libraptor2-0 librav1e0 libraw1394-11
2026-10-08T03:37:22.1484653Z   librist4 librsvg2-2 librubberband2 libsamplerate0 libsbc1 libsdl2-2.0-0
2026-10-08T03:37:22.1484962Z   libsecret-common libserd-0-0 libshine3 libshout3 libsndfile1 libsndio7.0
2026-10-08T03:37:22.1485247Z   libsord-0-0 libsoundtouch1 libsoup-3.0-0 libsoup-3.0-common libsoxr0
2026-10-08T03:37:22.1485536Z   libspa-0.2-modules libspandsp2t64 libspeex1 libsphinxbase3t64 libsratom-0-0
2026-10-08T03:37:22.1485941Z   libsrt1.5-gnutls libsrtp2-1 libssh-gcrypt-4 libsvtav1enc1d1 libswresample4
2026-10-08T03:37:22.1486237Z   libswscale7 libtag1v5 libtag1v5-vanilla libtheora0 libtwolame0 libudfread0
2026-10-08T03:37:22.1486527Z   libunibreak5 libv4l-0t64 libv4lconvert0t64 libva-drm2 libva-x11-2 libva2
2026-10-08T03:37:22.1486812Z   libvdpau1 libvidstab1.1 libvisual-0.4-0 libvo-aacenc0 libvo-amrwbenc0
2026-10-08T03:37:22.1487104Z   libvorbisenc2 libvpl2 libwavpack1 libwebrtc-audio-processing1 libwildmidi2
2026-10-08T03:37:22.1487404Z   libx265-199 libxcb-xkb1 libxkbcommon-x11-0 libxvidcore4 libyuv0 libzbar0t64
2026-10-08T03:37:22.1487692Z   libzimg2 libzix-0-0 libzvbi-common libzvbi0t64 libzxing3 mesa-libgallium
2026-10-08T03:37:22.1487985Z   ocl-icd-libopencl1 session-migration timgm6mb-soundfont xfonts-encodings
2026-10-08T03:37:22.1488203Z   xfonts-utils
2026-10-08T03:37:22.1488334Z Suggested packages:
2026-10-08T03:37:22.1488539Z   frei0r-plugins gvfs libcuda1 libnvcuvid1 libnvidia-encode1 libbluray-bdj
2026-10-08T03:37:22.1488831Z   libdirectfb-extra libdv-bin oss-compat libdvdcss2 libvisual-0.4-plugins
2026-10-08T03:37:22.1489112Z   jackd2 liblrdf0-dev libportaudio2 opus-tools pipewire pulseaudio
2026-10-08T03:37:22.1489378Z   raptor2-utils libraw1394-doc librsvg2-bin serdi sndiod sordi speex
2026-10-08T03:37:22.1489629Z   libwildmidi-config opencl-icd fluid-soundfont-gm
2026-10-08T03:37:22.1489812Z Recommended packages:
2026-10-08T03:37:22.1490004Z   fonts-ipafont-mincho fonts-tlwg-loma gstreamer1.0-x libaacs0
2026-10-08T03:37:22.1490274Z   default-libdecor-0-plugin-1 | libdecor-0-plugin-1 gstreamer1.0-gl
2026-10-08T03:37:22.1490570Z   libgtk-4-bin librsvg2-common libgtk-4-media-gstreamer libpipewire-0.3-common
2026-10-08T03:37:22.1490970Z   pocketsphinx-en-us va-driver-all | va-driver vdpau-driver-all | vdpau-driver
2026-10-08T03:37:22.1491200Z   libmagickcore-6.q16-7-extra
2026-10-08T03:37:22.1987940Z The following NEW packages will be installed:
2026-10-08T03:37:22.1988438Z   fonts-freefont-ttf fonts-ipafont-gothic fonts-tlwg-loma-otf fonts-unifont
2026-10-08T03:37:22.1988853Z   fonts-wqy-zenhei glib-networking glib-networking-common
2026-10-08T03:37:22.1989259Z   glib-networking-services gsettings-desktop-schemas gstreamer1.0-libav
2026-10-08T03:37:22.1989739Z   gstreamer1.0-plugins-bad gstreamer1.0-plugins-base gstreamer1.0-plugins-good
2026-10-08T03:37:22.1990553Z   libaa1 libabsl20220623t64 libass9 libasyncns0 libavc1394-0 libavcodec60
2026-10-08T03:37:22.1990981Z   libavfilter9 libavformat60 libavif16 libavtp0 libavutil58 libblas3
2026-10-08T03:37:22.1991426Z   libbluray2 libbs2b0 libcaca0 libcairo-script-interpreter2 libcdparanoia0
2026-10-08T03:37:22.1991882Z   libchromaprint1 libcjson1 libcodec2-1.2 libdav1d7 libdc1394-25 libdca0
2026-10-08T03:37:22.1992320Z   libde265-0 libdecor-0-0 libdirectfb-1.7-7t64 libdv4t64 libdvdnav4
2026-10-08T03:37:22.1992763Z   libdvdread8t64 libegl-mesa0 libegl1 libevent-2.1-7t64 libfaad2 libflac12t64
2026-10-08T03:37:22.1993201Z   libflite1 libfluidsynth3 libfreeaptx0 libgav1-1 libgles2 libgme0
2026-10-08T03:37:22.1993598Z   libgraphene-1.0-0 libgsm1 libgssdp-1.6-0 libgstreamer-gl1.0-0
2026-10-08T03:37:22.1994002Z   libgstreamer-plugins-bad1.0-0 libgstreamer-plugins-base1.0-0
2026-10-08T03:37:22.1994446Z   libgstreamer-plugins-good1.0-0 libgtk-4-1 libgtk-4-common libgupnp-1.6-0
2026-10-08T03:37:22.1994912Z   libgupnp-igd-1.6-0 libharfbuzz-icu0 libhwy1t64 libhyphen0 libiec61883-0
2026-10-08T03:37:22.1995388Z   libimath-3-1-29t64 libinstpatch-1.0-2 libjack-jackd2-0 libjxl0.7 liblapack3
2026-10-08T03:37:22.1996000Z   liblc3-1 libldacbt-enc2 liblilv-0-0 liblrdf0 libltc11 libmanette-0.2-0
2026-10-08T03:37:22.1996452Z   libmbedcrypto7t64 libmfx1 libmjpegutils-2.1-0t64 libmodplug1 libmp3lame0
2026-10-08T03:37:22.1996900Z   libmpcdec6 libmpeg2encpp-2.1-0t64 libmpg123-0t64 libmplex2-2.1-0t64
2026-10-08T03:37:22.1997303Z   libmysofa1 libneon27t64 libnice10 libopenal-data libopenal1
2026-10-08T03:37:22.1997714Z   libopenexr-3-1-30 libopenh264-7 libopenmpt0t64 libopenni2-0 libopus0
2026-10-08T03:37:22.1998138Z   liborc-0.4-0t64 libpipewire-0.3-0t64 libplacebo338 libpocketsphinx3
2026-10-08T03:37:22.1998572Z   libpostproc57 libproxy1v5 libpulse0 libqrencode4 libraptor2-0 librav1e0
2026-10-08T03:37:22.1999023Z   libraw1394-11 librist4 librsvg2-2 librubberband2 libsamplerate0 libsbc1
2026-10-08T03:37:22.1999484Z   libsdl2-2.0-0 libsecret-1-0 libsecret-common libserd-0-0 libshine3 libshout3
2026-10-08T03:37:22.1999919Z   libsndfile1 libsndio7.0 libsord-0-0 libsoundtouch1 libsoup-3.0-0
2026-10-08T03:37:22.2000347Z   libsoup-3.0-common libsoxr0 libspa-0.2-modules libspandsp2t64 libspeex1
2026-10-08T03:37:22.2000807Z   libsphinxbase3t64 libsratom-0-0 libsrt1.5-gnutls libsrtp2-1 libssh-gcrypt-4
2026-10-08T03:37:22.2001274Z   libsvtav1enc1d1 libswresample4 libswscale7 libtag1v5 libtag1v5-vanilla
2026-10-08T03:37:22.2001692Z   libtheora0 libtwolame0 libudfread0 libunibreak5 libv4l-0t64
2026-10-08T03:37:22.2002110Z   libv4lconvert0t64 libva-drm2 libva-x11-2 libva2 libvdpau1 libvidstab1.1
2026-10-08T03:37:22.2002567Z   libvisual-0.4-0 libvo-aacenc0 libvo-amrwbenc0 libvorbisenc2 libvpl2 libvpx9
2026-10-08T03:37:22.2003038Z   libwavpack1 libwayland-server0 libwebrtc-audio-processing1 libwildmidi2
2026-10-08T03:37:22.2003503Z   libwoff1 libx264-164 libx265-199 libxcb-xkb1 libxkbcommon-x11-0 libxvidcore4
2026-10-08T03:37:22.2003886Z   libyuv0 libzbar0t64 libzimg2 libzix-0-0 libzvbi-common libzvbi0t64 libzxing3
2026-10-08T03:37:22.2004180Z   ocl-icd-libopencl1 session-migration timgm6mb-soundfont xfonts-cyrillic
2026-10-08T03:37:22.2004423Z   xfonts-encodings xfonts-scalable xfonts-utils
2026-10-08T03:37:22.2004629Z The following packages will be upgraded:
2026-10-08T03:37:22.2004862Z   libevent-core-2.1-7t64 libevent-pthreads-2.1-7t64 libfreetype6 libgbm1
2026-10-08T03:37:22.2005238Z   libgl1-mesa-dri libglx-mesa0 libpng16-16t64 mesa-libgallium
2026-10-08T03:37:22.2167604Z 8 upgraded, 181 newly installed, 0 to remove and 28 not upgraded.
2026-10-08T03:37:22.2167988Z Need to get 126 MB of archives.
2026-10-08T03:37:22.2168346Z After this operation, 364 MB of additional disk space will be used.
2026-10-08T03:37:22.2168795Z Get:1 file:/etc/apt/apt-mirrors.txt Mirrorlist [144 B]
2026-10-08T03:37:22.3737279Z Get:2 http://azure.archive.ubuntu.com/ubuntu noble/universe amd64 fonts-ipafont-gothic all 00303-21ubuntu1 [3513 kB]
2026-10-08T03:37:22.9648361Z Get:3 http://azure.archive.ubuntu.com/ubuntu noble-security/main amd64 libpng16-16t64 amd64 1.6.43-5ubuntu0.7 [189 kB]
2026-10-08T03:37:23.0420712Z Get:4 http://azure.archive.ubuntu.com/ubuntu noble/main amd64 fonts-freefont-ttf all 20211204+svn4273-2 [5641 kB]
2026-10-08T03:37:23.2173400Z Get:5 http://azure.archive.ubuntu.com/ubuntu noble/universe amd64 fonts-tlwg-loma-otf all 1:0.7.3-1 [107 kB]
2026-10-08T03:37:23.2823230Z Get:6 http://azure.archive.ubuntu.com/ubuntu noble/universe amd64 fonts-unifont all 1:15.1.01-1build1 [2993 kB]
2026-10-08T03:37:23.4043554Z Get:7 http://azure.archive.ubuntu.com/ubuntu noble/universe amd64 fonts-wqy-zenhei all 0.9.45-8 [7472 kB]
2026-10-08T03:37:23.6183559Z Get:8 http://azure.archive.ubuntu.com/ubuntu noble/main amd64 libproxy1v5 amd64 0.5.4-4build1 [26.5 kB]
2026-10-08T03:37:23.6825143Z Get:9 http://azure.archive.ubuntu.com/ubuntu noble/main amd64 glib-networking-common all 2.80.0-1build1 [6702 B]
2026-10-08T03:37:23.7471893Z Get:10 http://azure.archive.ubuntu.com/ubuntu noble/main amd64 glib-networking-services amd64 2.80.0-1build1 [12.8 kB]
2026-10-08T03:37:23.8114554Z Get:11 http://azure.archive.ubuntu.com/ubuntu noble/main amd64 session-migration amd64 0.3.9build1 [9034 B]
2026-10-08T03:37:23.8759526Z Get:12 http://azure.archive.ubuntu.com/ubuntu noble-updates/main amd64 gsettings-desktop-schemas all 46.1-0ubuntu1 [35.6 kB]
2026-10-08T03:37:23.9404304Z Get:13 http://azure.archive.ubuntu.com/ubuntu noble/main amd64 glib-networking amd64 2.80.0-1build1 [64.1 kB]
2026-10-08T03:37:24.0050910Z Get:14 http://azure.archive.ubuntu.com/ubuntu noble-updates/universe amd64 libva2 amd64 2.20.0-2ubuntu0.2 [66.4 kB]
2026-10-08T03:37:24.0693946Z Get:15 http://azure.archive.ubuntu.com/ubuntu noble-updates/universe amd64 libva-drm2 amd64 2.20.0-2ubuntu0.2 [7124 B]
2026-10-08T03:37:24.1337080Z Get:16 http://azure.archive.ubuntu.com/ubuntu noble-updates/universe amd64 libva-x11-2 amd64 2.20.0-2ubuntu0.2 [12.0 kB]
2026-10-08T03:37:24.1980161Z Get:17 http://azure.archive.ubuntu.com/ubuntu noble/main amd64 libvdpau1 amd64 1.5-2build1 [27.8 kB]
2026-10-08T03:37:24.2627412Z Get:18 http://azure.archive.ubuntu.com/ubuntu noble/universe amd64 libvpl2 amd64 2023.3.0-1build1 [99.8 kB]
2026-10-08T03:37:24.3265980Z Get:19 http://azure.archive.ubuntu.com/ubuntu noble/universe amd64 ocl-icd-libopencl1 amd64 2.3.2-1build1 [38.5 kB]
2026-10-08T03:37:24.3902349Z Get:20 http://azure.archive.ubuntu.com/ubuntu noble/universe amd64 libavutil58 amd64 7:6.1.1-3ubuntu5 [401 kB]
2026-10-08T03:37:24.4606779Z Get:21 http://azure.archive.ubuntu.com/ubuntu noble/universe amd64 libcodec2-1.2 amd64 1.2.0-2build1 [8998 kB]
2026-10-08T03:37:24.7047576Z Get:22 http://azure.archive.ubuntu.com/ubuntu noble/universe amd64 libdav1d7 amd64 1.4.1-1build1 [604 kB]
2026-10-08T03:37:24.7805577Z Get:23 http://azure.archive.ubuntu.com/ubuntu noble/universe amd64 libgsm1 amd64 1.0.22-1build1 [27.8 kB]
2026-10-08T03:37:24.8454993Z Get:24 http://azure.archive.ubuntu.com/ubuntu noble/universe amd64 libhwy1t64 amd64 1.0.7-8.1build1 [584 kB]
2026-10-08T03:37:24.9209613Z Get:25 http://azure.archive.ubuntu.com/ubuntu noble-updates/universe amd64 libjxl0.7 amd64 0.7.0-10.2ubuntu6.1 [1001 kB]
2026-10-08T03:37:25.0032280Z Get:26 http://azure.archive.ubuntu.com/ubuntu noble/main amd64 libmp3lame0 amd64 3.100-6build1 [142 kB]
2026-10-08T03:37:25.0683277Z Get:27 http://azure.archive.ubuntu.com/ubuntu noble/main amd64 libopus0 amd64 1.4-1build1 [208 kB]
2026-10-08T03:37:25.1343476Z Get:28 http://azure.archive.ubuntu.com/ubuntu noble/universe amd64 librav1e0 amd64 0.7.1-2 [1022 kB]
2026-10-08T03:37:25.2173207Z Get:29 http://azure.archive.ubuntu.com/ubuntu noble-updates/main amd64 librsvg2-2 amd64 2.58.0+dfsg-1ubuntu0.1 [2141 kB]
2026-10-08T03:37:25.3231773Z Get:30 http://azure.archive.ubuntu.com/ubuntu noble/universe amd64 libshine3 amd64 3.1.1-2build1 [23.2 kB]
2026-10-08T03:37:25.3874478Z Get:31 http://azure.archive.ubuntu.com/ubuntu noble-updates/main amd64 libspeex1 amd64 1.2.1-2ubuntu2.24.04.1 [59.6 kB]
2026-10-08T03:37:25.4505982Z Get:32 http://azure.archive.ubuntu.com/ubuntu noble/universe amd64 libsvtav1enc1d1 amd64 1.7.0+dfsg-2build1 [2425 kB]
2026-10-08T03:37:25.5609238Z Get:33 http://azure.archive.ubuntu.com/ubuntu noble/universe amd64 libsoxr0 amd64 0.1.3-4build3 [80.0 kB]
2026-10-08T03:37:25.6248285Z Get:34 http://azure.archive.ubuntu.com/ubuntu noble/universe amd64 libswresample4 amd64 7:6.1.1-3ubuntu5 [63.8 kB]
2026-10-08T03:37:25.6884026Z Get:35 http://azure.archive.ubuntu.com/ubuntu noble/main amd64 libtheora0 amd64 1.1.1+dfsg.1-16.1build3 [211 kB]
2026-10-08T03:37:25.7543237Z Get:36 http://azure.archive.ubuntu.com/ubuntu noble/main amd64 libtwolame0 amd64 0.4.0-2build3 [52.3 kB]
2026-10-08T03:37:25.8173068Z Get:37 http://azure.archive.ubuntu.com/ubuntu noble/main amd64 libvorbisenc2 amd64 1.3.7-1build3 [80.8 kB]
2026-10-08T03:37:25.8809784Z Get:38 http://azure.archive.ubuntu.com/ubuntu noble-updates/main amd64 libvpx9 amd64 1.14.0-1ubuntu2.3 [1143 kB]
2026-10-08T03:37:25.9669856Z Get:39 http://azure.archive.ubuntu.com/ubuntu noble/universe amd64 libx264-164 amd64 2:0.164.3108+git31e19f9-1 [604 kB]
2026-10-08T03:37:26.0407430Z Get:40 http://azure.archive.ubuntu.com/ubuntu noble/universe amd64 libx265-199 amd64 3.5-2build1 [1226 kB]
2026-10-08T03:37:26.1268895Z Get:41 http://azure.archive.ubuntu.com/ubuntu noble/universe amd64 libxvidcore4 amd64 2:1.3.7-1build1 [219 kB]
2026-10-08T03:37:26.1934892Z Get:42 http://azure.archive.ubuntu.com/ubuntu noble/universe amd64 libzvbi-common all 0.2.42-2 [42.4 kB]
2026-10-08T03:37:26.2566674Z Get:43 http://azure.archive.ubuntu.com/ubuntu noble/universe amd64 libzvbi0t64 amd64 0.2.42-2 [261 kB]
2026-10-08T03:37:26.3231803Z Get:44 http://azure.archive.ubuntu.com/ubuntu noble/universe amd64 libavcodec60 amd64 7:6.1.1-3ubuntu5 [5851 kB]
2026-10-08T03:37:26.5020854Z Get:45 http://azure.archive.ubuntu.com/ubuntu noble-updates/main amd64 libfreetype6 amd64 2.13.2+dfsg-1ubuntu0.2 [403 kB]
2026-10-08T03:37:26.5720910Z Get:46 http://azure.archive.ubuntu.com/ubuntu noble/universe amd64 libunibreak5 amd64 5.1-2build1 [25.0 kB]
2026-10-08T03:37:26.6350681Z Get:47 http://azure.archive.ubuntu.com/ubuntu noble/universe amd64 libass9 amd64 1:0.17.1-2build1 [104 kB]
2026-10-08T03:37:26.6983446Z Get:48 http://azure.archive.ubuntu.com/ubuntu noble/universe amd64 libudfread0 amd64 1.1.2-1build1 [19.0 kB]
2026-10-08T03:37:26.7613309Z Get:49 http://azure.archive.ubuntu.com/ubuntu noble/universe amd64 libbluray2 amd64 1:1.3.4-1build1 [159 kB]
2026-10-08T03:37:26.8264791Z Get:50 http://azure.archive.ubuntu.com/ubuntu noble/universe amd64 libchromaprint1 amd64 1.5.1-5 [30.5 kB]
2026-10-08T03:37:26.8896104Z Get:51 http://azure.archive.ubuntu.com/ubuntu noble/universe amd64 libgme0 amd64 0.6.3-7build1 [134 kB]
2026-10-08T03:37:26.9541579Z Get:52 http://azure.archive.ubuntu.com/ubuntu noble-updates/main amd64 libmpg123-0t64 amd64 1.32.5-1ubuntu1.1 [169 kB]
2026-10-08T03:37:27.0197563Z Get:53 http://azure.archive.ubuntu.com/ubuntu noble/universe amd64 libopenmpt0t64 amd64 0.7.3-1.1build3 [647 kB]
2026-10-08T03:37:27.0954172Z Get:54 http://azure.archive.ubuntu.com/ubuntu noble/universe amd64 libcjson1 amd64 1.7.17-1 [24.8 kB]
2026-10-08T03:37:27.1583575Z Get:55 http://azure.archive.ubuntu.com/ubuntu noble/universe amd64 libmbedcrypto7t64 amd64 2.28.8-1 [209 kB]
2026-10-08T03:37:27.2244662Z Get:56 http://azure.archive.ubuntu.com/ubuntu noble/universe amd64 librist4 amd64 0.2.10+dfsg-2 [74.9 kB]
2026-10-08T03:37:27.2879301Z Get:57 http://azure.archive.ubuntu.com/ubuntu noble/universe amd64 libsrt1.5-gnutls amd64 1.5.3-1build2 [316 kB]
2026-10-08T03:37:27.3559915Z Get:58 http://azure.archive.ubuntu.com/ubuntu noble-updates/main amd64 libssh-gcrypt-4 amd64 0.10.6-2ubuntu0.5 [226 kB]
2026-10-08T03:37:27.4224827Z Get:59 http://azure.archive.ubuntu.com/ubuntu noble/universe amd64 libavformat60 amd64 7:6.1.1-3ubuntu5 [1153 kB]
2026-10-08T03:37:27.5091113Z Get:60 http://azure.archive.ubuntu.com/ubuntu noble/universe amd64 libbs2b0 amd64 3.1.0+dfsg-7build1 [10.6 kB]
2026-10-08T03:37:27.5770756Z Get:61 http://azure.archive.ubuntu.com/ubuntu noble/universe amd64 libflite1 amd64 2.2-6build3 [13.6 MB]
2026-10-08T03:37:28.1853997Z Get:62 http://azure.archive.ubuntu.com/ubuntu noble/universe amd64 libserd-0-0 amd64 0.32.2-1 [43.6 kB]
2026-10-08T03:37:28.2503863Z Get:63 http://azure.archive.ubuntu.com/ubuntu noble/universe amd64 libzix-0-0 amd64 0.4.2-2build1 [23.6 kB]
2026-10-08T03:37:28.3166768Z Get:64 http://azure.archive.ubuntu.com/ubuntu noble/universe amd64 libsord-0-0 amd64 0.16.16-2build1 [15.8 kB]
2026-10-08T03:37:28.3814957Z Get:65 http://azure.archive.ubuntu.com/ubuntu noble/universe amd64 libsratom-0-0 amd64 0.6.16-1build1 [17.3 kB]
2026-10-08T03:37:28.4472862Z Get:66 http://azure.archive.ubuntu.com/ubuntu noble/universe amd64 liblilv-0-0 amd64 0.24.22-1build1 [41.0 kB]
2026-10-08T03:37:28.5137345Z Get:67 http://azure.archive.ubuntu.com/ubuntu noble/universe amd64 libmysofa1 amd64 1.3.2+dfsg-2ubuntu2 [1158 kB]
2026-10-08T03:37:28.5874957Z Get:68 http://azure.archive.ubuntu.com/ubuntu noble/universe amd64 libplacebo338 amd64 6.338.2-2build1 [2654 kB]
2026-10-08T03:37:28.6708922Z Get:69 http://azure.archive.ubuntu.com/ubuntu noble-updates/main amd64 libblas3 amd64 3.12.0-3build1.1 [238 kB]
2026-10-08T03:37:28.7349208Z Get:70 http://azure.archive.ubuntu.com/ubuntu noble-updates/main amd64 liblapack3 amd64 3.12.0-3build1.1 [2646 kB]
2026-10-08T03:37:28.8502470Z Get:71 http://azure.archive.ubuntu.com/ubuntu noble/main amd64 libasyncns0 amd64 0.8-6build4 [11.3 kB]
2026-10-08T03:37:28.9131534Z Get:72 http://azure.archive.ubuntu.com/ubuntu noble/main amd64 libflac12t64 amd64 1.4.3+ds-2.1ubuntu2 [197 kB]
2026-10-08T03:37:28.9782566Z Get:73 http://azure.archive.ubuntu.com/ubuntu noble-updates/main amd64 libsndfile1 amd64 1.2.2-1ubuntu5.24.04.1 [209 kB]
2026-10-08T03:37:29.0457535Z Get:74 http://azure.archive.ubuntu.com/ubuntu noble-updates/main amd64 libpulse0 amd64 1:16.1+dfsg1-2ubuntu10.1 [292 kB]
2026-10-08T03:37:29.1119744Z Get:75 http://azure.archive.ubuntu.com/ubuntu noble/universe amd64 libsphinxbase3t64 amd64 0.8+5prealpha+1-17build2 [126 kB]
2026-10-08T03:37:29.1767926Z Get:76 http://azure.archive.ubuntu.com/ubuntu noble/universe amd64 libpocketsphinx3 amd64 0.8.0+real5prealpha+1-15ubuntu5 [133 kB]
2026-10-08T03:37:29.2436824Z Get:77 http://azure.archive.ubuntu.com/ubuntu noble/universe amd64 libpostproc57 amd64 7:6.1.1-3ubuntu5 [49.9 kB]
2026-10-08T03:37:29.3067346Z Get:78 http://azure.archive.ubuntu.com/ubuntu noble/main amd64 libsamplerate0 amd64 0.2.2-4build1 [1344 kB]
2026-10-08T03:37:29.3884385Z Get:79 http://azure.archive.ubuntu.com/ubuntu noble/universe amd64 librubberband2 amd64 3.3.0+dfsg-2build1 [130 kB]
2026-10-08T03:37:29.4526550Z Get:80 http://azure.archive.ubuntu.com/ubuntu noble/universe amd64 libswscale7 amd64 7:6.1.1-3ubuntu5 [193 kB]
2026-10-08T03:37:29.5181052Z Get:81 http://azure.archive.ubuntu.com/ubuntu noble/universe amd64 libvidstab1.1 amd64 1.1.0-2build1 [38.5 kB]
2026-10-08T03:37:29.5812066Z Get:82 http://azure.archive.ubuntu.com/ubuntu noble/universe amd64 libzimg2 amd64 3.0.5+ds1-1build1 [254 kB]
2026-10-08T03:37:29.6474416Z Get:83 http://azure.archive.ubuntu.com/ubuntu noble/universe amd64 libavfilter9 amd64 7:6.1.1-3ubuntu5 [4235 kB]
2026-10-08T03:37:29.7888497Z Get:84 http://azure.archive.ubuntu.com/ubuntu noble-updates/main amd64 liborc-0.4-0t64 amd64 1:0.4.38-1ubuntu0.1 [207 kB]
2026-10-08T03:37:29.8526912Z Get:85 http://azure.archive.ubuntu.com/ubuntu noble-updates/main amd64 libgstreamer-plugins-base1.0-0 amd64 1.24.2-1ubuntu0.5 [862 kB]
2026-10-08T03:37:29.9218110Z Get:86 http://azure.archive.ubuntu.com/ubuntu noble/universe amd64 gstreamer1.0-libav amd64 1.24.1-1build1 [103 kB]
2026-10-08T03:37:29.9857083Z Get:87 http://azure.archive.ubuntu.com/ubuntu noble/main amd64 libcdparanoia0 amd64 3.10.2+debian-14build3 [48.5 kB]
2026-10-08T03:37:30.0489359Z Get:88 http://azure.archive.ubuntu.com/ubuntu noble/main amd64 libvisual-0.4-0 amd64 0.4.2-2build1 [115 kB]
2026-10-08T03:37:30.1125387Z Get:89 http://azure.archive.ubuntu.com/ubuntu noble-updates/main amd64 gstreamer1.0-plugins-base amd64 1.24.2-1ubuntu0.5 [721 kB]
2026-10-08T03:37:30.1806213Z Get:90 http://azure.archive.ubuntu.com/ubuntu noble/main amd64 libaa1 amd64 1.4p5-51.1 [49.9 kB]
2026-10-08T03:37:30.2436319Z Get:91 http://azure.archive.ubuntu.com/ubuntu noble/main amd64 libraw1394-11 amd64 2.1.2-2build3 [26.2 kB]
2026-10-08T03:37:30.3070459Z Get:92 http://azure.archive.ubuntu.com/ubuntu noble/main amd64 libavc1394-0 amd64 0.5.4-5build3 [15.4 kB]
2026-10-08T03:37:30.3703023Z Get:93 http://azure.archive.ubuntu.com/ubuntu noble-updates/main amd64 libcaca0 amd64 0.99.beta20-4ubuntu0.2 [209 kB]
2026-10-08T03:37:30.4343096Z Get:94 http://azure.archive.ubuntu.com/ubuntu noble/main amd64 libdv4t64 amd64 1.0.0-17.1build1 [63.2 kB]
2026-10-08T03:37:30.4979847Z Get:95 http://azure.archive.ubuntu.com/ubuntu noble-updates/main amd64 libgstreamer-plugins-good1.0-0 amd64 1.24.2-1ubuntu1.8 [34.3 kB]
2026-10-08T03:37:30.5613322Z Get:96 http://azure.archive.ubuntu.com/ubuntu noble/main amd64 libiec61883-0 amd64 1.2.0-6build1 [24.5 kB]
2026-10-08T03:37:30.6244519Z Get:97 http://azure.archive.ubuntu.com/ubuntu noble/main amd64 libshout3 amd64 2.4.6-1build2 [50.3 kB]
2026-10-08T03:37:30.6881873Z Get:98 http://azure.archive.ubuntu.com/ubuntu noble/main amd64 libtag1v5-vanilla amd64 1.13.1-1build1 [326 kB]
2026-10-08T03:37:30.7580486Z Get:99 http://azure.archive.ubuntu.com/ubuntu noble/main amd64 libtag1v5 amd64 1.13.1-1build1 [11.7 kB]
2026-10-08T03:37:30.8225102Z Get:100 http://azure.archive.ubuntu.com/ubuntu noble/main amd64 libv4lconvert0t64 amd64 1.26.1-4build3 [87.6 kB]
2026-10-08T03:37:30.8876244Z Get:101 http://azure.archive.ubuntu.com/ubuntu noble/main amd64 libv4l-0t64 amd64 1.26.1-4build3 [46.9 kB]
2026-10-08T03:37:30.9520970Z Get:102 http://azure.archive.ubuntu.com/ubuntu noble/main amd64 libwavpack1 amd64 5.6.0-1build1 [84.6 kB]
2026-10-08T03:37:31.0201650Z Get:103 http://azure.archive.ubuntu.com/ubuntu noble-updates/main amd64 libsoup-3.0-common all 3.4.4-5ubuntu0.9 [12.3 kB]
2026-10-08T03:37:31.0863040Z Get:104 http://azure.archive.ubuntu.com/ubuntu noble-updates/main amd64 libsoup-3.0-0 amd64 3.4.4-5ubuntu0.9 [291 kB]
2026-10-08T03:37:31.1564046Z Get:105 http://azure.archive.ubuntu.com/ubuntu noble-updates/main amd64 gstreamer1.0-plugins-good amd64 1.24.2-1ubuntu1.8 [2236 kB]
2026-10-08T03:37:31.6257485Z Get:106 http://azure.archive.ubuntu.com/ubuntu noble-updates/main amd64 libabsl20220623t64 amd64 20220623.1-3.1ubuntu3.2 [423 kB]
2026-10-08T03:37:31.6988170Z Get:107 http://azure.archive.ubuntu.com/ubuntu noble/universe amd64 libgav1-1 amd64 0.18.0-1build3 [357 kB]
2026-10-08T03:37:31.7698532Z Get:108 http://azure.archive.ubuntu.com/ubuntu noble/universe amd64 libyuv0 amd64 0.0~git202401110.af6ac82-1 [178 kB]
2026-10-08T03:37:31.8379591Z Get:109 http://azure.archive.ubuntu.com/ubuntu noble/universe amd64 libavif16 amd64 1.0.4-1ubuntu3 [91.2 kB]
2026-10-08T03:37:31.9040798Z Get:110 http://azure.archive.ubuntu.com/ubuntu noble/universe amd64 libavtp0 amd64 0.2.0-1build1 [6414 B]
2026-10-08T03:37:31.9691036Z Get:111 http://azure.archive.ubuntu.com/ubuntu noble/main amd64 libcairo-script-interpreter2 amd64 1.18.0-3build1 [60.3 kB]
2026-10-08T03:37:32.0343044Z Get:112 http://azure.archive.ubuntu.com/ubuntu noble/universe amd64 libdc1394-25 amd64 2.2.6-4build1 [90.1 kB]
2026-10-08T03:37:32.0999398Z Get:113 http://azure.archive.ubuntu.com/ubuntu noble-updates/main amd64 libde265-0 amd64 1.0.15-1ubuntu0.1 [167 kB]
2026-10-08T03:37:32.1685681Z Get:114 http://azure.archive.ubuntu.com/ubuntu noble/main amd64 libdecor-0-0 amd64 0.2.2-1build2 [16.5 kB]
2026-10-08T03:37:32.2338852Z Get:115 http://azure.archive.ubuntu.com/ubuntu noble/main amd64 libgles2 amd64 1.7.0-1build1 [17.1 kB]
2026-10-08T03:37:32.2984129Z Get:116 http://azure.archive.ubuntu.com/ubuntu noble/universe amd64 libdirectfb-1.7-7t64 amd64 1.7.7-11.1ubuntu2 [1035 kB]
2026-10-08T03:37:32.3836307Z Get:117 http://azure.archive.ubuntu.com/ubuntu noble/universe amd64 libdvdread8t64 amd64 6.1.3-1.1build1 [54.7 kB]
2026-10-08T03:37:32.4486882Z Get:118 http://azure.archive.ubuntu.com/ubuntu noble/universe amd64 libdvdnav4 amd64 6.1.1-3build1 [39.5 kB]
2026-10-08T03:37:32.5150804Z Get:119 http://azure.archive.ubuntu.com/ubuntu noble-updates/main amd64 libgl1-mesa-dri amd64 25.2.8-0ubuntu0.24.04.4 [38.0 kB]
2026-10-08T03:37:32.5804097Z Get:120 http://azure.archive.ubuntu.com/ubuntu noble-updates/main amd64 libglx-mesa0 amd64 25.2.8-0ubuntu0.24.04.4 [110 kB]
2026-10-08T03:37:32.6473082Z Get:121 http://azure.archive.ubuntu.com/ubuntu noble-updates/main amd64 libgbm1 amd64 25.2.8-0ubuntu0.24.04.4 [34.2 kB]
2026-10-08T03:37:32.7123557Z Get:122 http://azure.archive.ubuntu.com/ubuntu noble-updates/main amd64 mesa-libgallium amd64 25.2.8-0ubuntu0.24.04.4 [10.8 MB]
2026-10-08T03:37:32.9982951Z Get:123 http://azure.archive.ubuntu.com/ubuntu noble-updates/main amd64 libegl-mesa0 amd64 25.2.8-0ubuntu0.24.04.4 [117 kB]
2026-10-08T03:37:33.0633099Z Get:124 http://azure.archive.ubuntu.com/ubuntu noble-updates/main amd64 libevent-2.1-7t64 amd64 2.1.12-stable-9ubuntu2.2 [146 kB]
2026-10-08T03:37:33.1289296Z Get:125 http://azure.archive.ubuntu.com/ubuntu noble-updates/main amd64 libevent-pthreads-2.1-7t64 amd64 2.1.12-stable-9ubuntu2.2 [7988 B]
2026-10-08T03:37:33.1942764Z Get:126 http://azure.archive.ubuntu.com/ubuntu noble-updates/main amd64 libevent-core-2.1-7t64 amd64 2.1.12-stable-9ubuntu2.2 [91.9 kB]
2026-10-08T03:37:33.2594025Z Get:127 http://azure.archive.ubuntu.com/ubuntu noble/universe amd64 libfaad2 amd64 2.11.1-1build1 [207 kB]
2026-10-08T03:37:33.3257633Z Get:128 http://azure.archive.ubuntu.com/ubuntu noble/universe amd64 libinstpatch-1.0-2 amd64 1.1.6-1build2 [251 kB]
2026-10-08T03:37:33.3924083Z Get:129 http://azure.archive.ubuntu.com/ubuntu noble/main amd64 libjack-jackd2-0 amd64 1.9.21~dfsg-3ubuntu3 [289 kB]
2026-10-08T03:37:33.4641014Z Get:130 http://azure.archive.ubuntu.com/ubuntu noble/main amd64 libwebrtc-audio-processing1 amd64 0.3.1-0ubuntu6 [290 kB]
2026-10-08T03:37:33.5308774Z Get:131 http://azure.archive.ubuntu.com/ubuntu noble-updates/main amd64 libspa-0.2-modules amd64 1.0.5-1ubuntu3.3 [628 kB]
2026-10-08T03:37:33.5996969Z Get:132 http://azure.archive.ubuntu.com/ubuntu noble-updates/main amd64 libpipewire-0.3-0t64 amd64 1.0.5-1ubuntu3.3 [252 kB]
2026-10-08T03:37:33.6663884Z Get:133 http://azure.archive.ubuntu.com/ubuntu noble-updates/main amd64 libsdl2-2.0-0 amd64 2.30.0+dfsg-1ubuntu3.1 [686 kB]
2026-10-08T03:37:33.7347790Z Get:134 http://azure.archive.ubuntu.com/ubuntu noble/universe amd64 timgm6mb-soundfont all 1.3-5 [5427 kB]
2026-10-08T03:37:33.8797519Z Get:135 http://azure.archive.ubuntu.com/ubuntu noble/universe amd64 libfluidsynth3 amd64 2.3.4-1build3 [249 kB]
2026-10-08T03:37:33.9525083Z Get:136 http://azure.archive.ubuntu.com/ubuntu noble/main amd64 libfreeaptx0 amd64 0.1.1-2build1 [13.5 kB]
2026-10-08T03:37:34.0177548Z Get:137 http://azure.archive.ubuntu.com/ubuntu noble/main amd64 libgraphene-1.0-0 amd64 1.10.8-3build2 [46.2 kB]
2026-10-08T03:37:34.0828599Z Get:138 http://azure.archive.ubuntu.com/ubuntu noble/main amd64 libgssdp-1.6-0 amd64 1.6.3-1build3 [40.4 kB]
2026-10-08T03:37:34.1482727Z Get:139 http://azure.archive.ubuntu.com/ubuntu noble/main amd64 libegl1 amd64 1.7.0-1build1 [28.7 kB]
2026-10-08T03:37:34.2143183Z Get:140 http://azure.archive.ubuntu.com/ubuntu noble-updates/main amd64 libgstreamer-gl1.0-0 amd64 1.24.2-1ubuntu0.5 [214 kB]
2026-10-08T03:37:34.2840791Z Get:141 http://azure.archive.ubuntu.com/ubuntu noble-updates/main amd64 libgtk-4-common all 4.14.5+ds-0ubuntu0.10 [1497 kB]
2026-10-08T03:37:34.4412437Z Get:142 http://azure.archive.ubuntu.com/ubuntu noble-updates/main amd64 libgtk-4-1 amd64 4.14.5+ds-0ubuntu0.10 [3295 kB]
2026-10-08T03:37:35.0299097Z Get:143 http://azure.archive.ubuntu.com/ubuntu noble/main amd64 libgupnp-1.6-0 amd64 1.6.6-1build3 [92.7 kB]
2026-10-08T03:37:35.0944343Z Get:144 http://azure.archive.ubuntu.com/ubuntu noble/universe amd64 libgupnp-igd-1.6-0 amd64 1.6.0-3build3 [16.5 kB]
2026-10-08T03:37:35.1579185Z Get:145 http://azure.archive.ubuntu.com/ubuntu noble/main amd64 libharfbuzz-icu0 amd64 8.3.0-2build2 [13.3 kB]
2026-10-08T03:37:35.2219534Z Get:146 http://azure.archive.ubuntu.com/ubuntu noble/main amd64 libhyphen0 amd64 2.8.8-7build3 [26.5 kB]
2026-10-08T03:37:35.2866152Z Get:147 http://azure.archive.ubuntu.com/ubuntu noble/universe amd64 libimath-3-1-29t64 amd64 3.1.9-3.1ubuntu2 [72.2 kB]
2026-10-08T03:37:35.4591691Z Get:148 http://azure.archive.ubuntu.com/ubuntu noble/main amd64 liblc3-1 amd64 1.0.4-3build1 [69.7 kB]
2026-10-08T03:37:35.5243808Z Get:149 http://azure.archive.ubuntu.com/ubuntu noble/main amd64 libldacbt-enc2 amd64 2.0.2.3+git20200429+ed310a0-4ubuntu2 [27.1 kB]
2026-10-08T03:37:35.5888496Z Get:150 http://azure.archive.ubuntu.com/ubuntu noble-updates/main amd64 libraptor2-0 amd64 2.0.16-3ubuntu0.1 [165 kB]
2026-10-08T03:37:35.6540312Z Get:151 http://azure.archive.ubuntu.com/ubuntu noble/universe amd64 liblrdf0 amd64 0.6.1-4build1 [18.5 kB]
2026-10-08T03:37:35.7186320Z Get:152 http://azure.archive.ubuntu.com/ubuntu noble/universe amd64 libltc11 amd64 1.3.2-1build1 [13.0 kB]
2026-10-08T03:37:35.7818790Z Get:153 http://azure.archive.ubuntu.com/ubuntu noble/main amd64 libmanette-0.2-0 amd64 0.2.7-1build2 [30.6 kB]
2026-10-08T03:37:35.8473630Z Get:154 http://azure.archive.ubuntu.com/ubuntu noble/universe amd64 libmfx1 amd64 22.5.4-1 [3124 kB]
2026-10-08T03:37:35.9328340Z Get:155 http://azure.archive.ubuntu.com/ubuntu noble/universe amd64 libmjpegutils-2.1-0t64 amd64 1:2.1.0+debian-8.1build1 [25.5 kB]
2026-10-08T03:37:35.9975052Z Get:156 http://azure.archive.ubuntu.com/ubuntu noble/universe amd64 libmodplug1 amd64 1:0.8.9.0-3build1 [166 kB]
2026-10-08T03:37:36.0620240Z Get:157 http://azure.archive.ubuntu.com/ubuntu noble/universe amd64 libmpcdec6 amd64 2:0.1~r495-2build1 [32.7 kB]
2026-10-08T03:37:36.1262652Z Get:158 http://azure.archive.ubuntu.com/ubuntu noble/universe amd64 libmpeg2encpp-2.1-0t64 amd64 1:2.1.0+debian-8.1build1 [75.6 kB]
2026-10-08T03:37:36.2324662Z Get:159 http://azure.archive.ubuntu.com/ubuntu noble/universe amd64 libmplex2-2.1-0t64 amd64 1:2.1.0+debian-8.1build1 [46.1 kB]
2026-10-08T03:37:36.3287032Z Get:160 http://azure.archive.ubuntu.com/ubuntu noble/universe amd64 libneon27t64 amd64 0.33.0-1.1build3 [102 kB]
2026-10-08T03:37:36.4586673Z Get:161 http://azure.archive.ubuntu.com/ubuntu noble/universe amd64 libnice10 amd64 0.1.21-2build3 [157 kB]
2026-10-08T03:37:36.5276526Z Get:162 http://azure.archive.ubuntu.com/ubuntu noble/universe amd64 libopenal-data all 1:1.23.1-4build1 [161 kB]
2026-10-08T03:37:36.5920313Z Get:163 http://azure.archive.ubuntu.com/ubuntu noble/universe amd64 libopenexr-3-1-30 amd64 3.1.5-5.1build3 [1004 kB]
2026-10-08T03:37:36.6623964Z Get:164 http://azure.archive.ubuntu.com/ubuntu noble/universe amd64 libopenh264-7 amd64 2.4.1+dfsg-1 [409 kB]
2026-10-08T03:37:36.7285405Z Get:165 http://azure.archive.ubuntu.com/ubuntu noble/universe amd64 libopenni2-0 amd64 2.2.0.33+dfsg-18 [370 kB]
2026-10-08T03:37:36.7940947Z Get:166 http://azure.archive.ubuntu.com/ubuntu noble/universe amd64 libqrencode4 amd64 4.1.1-1build2 [25.0 kB]
2026-10-08T03:37:36.8575914Z Get:167 http://azure.archive.ubuntu.com/ubuntu noble/main amd64 libsecret-common all 0.21.4-1build3 [4962 B]
2026-10-08T03:37:36.9212742Z Get:168 http://azure.archive.ubuntu.com/ubuntu noble/main amd64 libsecret-1-0 amd64 0.21.4-1build3 [116 kB]
2026-10-08T03:37:36.9867620Z Get:169 http://azure.archive.ubuntu.com/ubuntu noble/universe amd64 libsndio7.0 amd64 1.9.0-0.3build3 [29.6 kB]
2026-10-08T03:37:37.0507613Z Get:170 http://azure.archive.ubuntu.com/ubuntu noble/universe amd64 libsoundtouch1 amd64 2.3.2+ds1-1build1 [60.5 kB]
2026-10-08T03:37:37.1150114Z Get:171 http://azure.archive.ubuntu.com/ubuntu noble/universe amd64 libspandsp2t64 amd64 0.0.6+dfsg-2.1build1 [311 kB]
2026-10-08T03:37:37.1801860Z Get:172 http://azure.archive.ubuntu.com/ubuntu noble/universe amd64 libsrtp2-1 amd64 2.5.0-3build1 [41.9 kB]
2026-10-08T03:37:37.2462638Z Get:173 http://azure.archive.ubuntu.com/ubuntu noble/main amd64 libwayland-server0 amd64 1.22.0-2.1build1 [33.9 kB]
2026-10-08T03:37:37.3137351Z Get:174 http://azure.archive.ubuntu.com/ubuntu noble/universe amd64 libwildmidi2 amd64 0.4.3-1build3 [68.5 kB]
2026-10-08T03:37:37.3772062Z Get:175 http://azure.archive.ubuntu.com/ubuntu noble/main amd64 libwoff1 amd64 1.0.2-2build1 [45.3 kB]
2026-10-08T03:37:37.4411887Z Get:176 http://azure.archive.ubuntu.com/ubuntu noble/main amd64 libxcb-xkb1 amd64 1.15-1ubuntu2 [32.3 kB]
2026-10-08T03:37:37.5050869Z Get:177 http://azure.archive.ubuntu.com/ubuntu noble/main amd64 libxkbcommon-x11-0 amd64 1.6.0-1build1 [14.5 kB]
2026-10-08T03:37:37.5684400Z Get:178 http://azure.archive.ubuntu.com/ubuntu noble/universe amd64 libzbar0t64 amd64 0.23.93-4build3 [123 kB]
2026-10-08T03:37:37.6341932Z Get:179 http://azure.archive.ubuntu.com/ubuntu noble/universe amd64 libzxing3 amd64 2.2.1-3 [583 kB]
2026-10-08T03:37:37.7063342Z Get:180 http://azure.archive.ubuntu.com/ubuntu noble/main amd64 xfonts-encodings all 1:1.0.5-0ubuntu2 [578 kB]
2026-10-08T03:37:37.7725126Z Get:181 http://azure.archive.ubuntu.com/ubuntu noble/main amd64 xfonts-utils amd64 1:7.7+6build3 [94.4 kB]
2026-10-08T03:37:37.8362775Z Get:182 http://azure.archive.ubuntu.com/ubuntu noble/universe amd64 xfonts-cyrillic all 1:1.0.5+nmu1 [384 kB]
2026-10-08T03:37:37.9039873Z Get:183 http://azure.archive.ubuntu.com/ubuntu noble/main amd64 xfonts-scalable all 1:1.0.3-1.3 [304 kB]
2026-10-08T03:37:37.9738984Z Get:184 http://azure.archive.ubuntu.com/ubuntu noble/universe amd64 libgstreamer-plugins-bad1.0-0 amd64 1.24.2-1ubuntu4 [797 kB]
2026-10-08T03:37:38.0405330Z Get:185 http://azure.archive.ubuntu.com/ubuntu noble/universe amd64 libdca0 amd64 0.0.7-2build1 [93.8 kB]
2026-10-08T03:37:38.1042795Z Get:186 http://azure.archive.ubuntu.com/ubuntu noble/universe amd64 libopenal1 amd64 1:1.23.1-4build1 [540 kB]
2026-10-08T03:37:38.1710216Z Get:187 http://azure.archive.ubuntu.com/ubuntu noble/main amd64 libsbc1 amd64 2.0-1build1 [33.9 kB]
2026-10-08T03:37:38.2345331Z Get:188 http://azure.archive.ubuntu.com/ubuntu noble/universe amd64 libvo-aacenc0 amd64 0.1.3-2build1 [67.8 kB]
2026-10-08T03:37:38.2990080Z Get:189 http://azure.archive.ubuntu.com/ubuntu noble/universe amd64 libvo-amrwbenc0 amd64 0.1.3-2build1 [76.7 kB]
2026-10-08T03:37:38.3637774Z Get:190 http://azure.archive.ubuntu.com/ubuntu noble/universe amd64 gstreamer1.0-plugins-bad amd64 1.24.2-1ubuntu4 [3081 kB]
2026-10-08T03:37:38.6987559Z Fetched 126 MB in 16s (7777 kB/s)
2026-10-08T03:37:38.7189372Z Selecting previously unselected package fonts-ipafont-gothic.
2026-10-08T03:37:38.7432379Z (Reading database ... 
2026-10-08T03:37:38.7432655Z (Reading database ... 5%
2026-10-08T03:37:38.7433107Z (Reading database ... 10%
2026-10-08T03:37:38.7433591Z (Reading database ... 15%
2026-10-08T03:37:38.7433823Z (Reading database ... 20%
2026-10-08T03:37:38.7434048Z (Reading database ... 25%
2026-10-08T03:37:38.7434272Z (Reading database ... 30%
2026-10-08T03:37:38.7434495Z (Reading database ... 35%
2026-10-08T03:37:38.7434723Z (Reading database ... 40%
2026-10-08T03:37:38.7434946Z (Reading database ... 45%
2026-10-08T03:37:38.7435169Z (Reading database ... 50%
2026-10-08T03:37:38.7479698Z (Reading database ... 55%
2026-10-08T03:37:38.8577344Z (Reading database ... 60%
2026-10-08T03:37:39.0638299Z (Reading database ... 65%
2026-10-08T03:37:39.2688837Z (Reading database ... 70%
2026-10-08T03:37:39.4703852Z (Reading database ... 75%
2026-10-08T03:37:39.6119230Z (Reading database ... 80%
2026-10-08T03:37:39.8134676Z (Reading database ... 85%
2026-10-08T03:37:39.9679853Z (Reading database ... 90%
2026-10-08T03:37:40.1717308Z (Reading database ... 95%
2026-10-08T03:37:40.1717524Z (Reading database ... 100%
2026-10-08T03:37:40.1718049Z (Reading database ... 202296 files and directories currently installed.)
2026-10-08T03:37:40.1755725Z Preparing to unpack .../000-fonts-ipafont-gothic_00303-21ubuntu1_all.deb ...
2026-10-08T03:37:40.3339369Z Unpacking fonts-ipafont-gothic (00303-21ubuntu1) ...
2026-10-08T03:37:40.5570698Z Preparing to unpack .../001-libpng16-16t64_1.6.43-5ubuntu0.7_amd64.deb ...
2026-10-08T03:37:40.5594638Z Unpacking libpng16-16t64:amd64 (1.6.43-5ubuntu0.7) over (1.6.43-5ubuntu0.6) ...
2026-10-08T03:37:40.5840251Z Selecting previously unselected package fonts-freefont-ttf.
2026-10-08T03:37:40.5937015Z Preparing to unpack .../002-fonts-freefont-ttf_20211204+svn4273-2_all.deb ...
2026-10-08T03:37:40.5942669Z Unpacking fonts-freefont-ttf (20211204+svn4273-2) ...
2026-10-08T03:37:40.6834201Z Selecting previously unselected package fonts-tlwg-loma-otf.
2026-10-08T03:37:40.6928339Z Preparing to unpack .../003-fonts-tlwg-loma-otf_1%3a0.7.3-1_all.deb ...
2026-10-08T03:37:40.6933685Z Unpacking fonts-tlwg-loma-otf (1:0.7.3-1) ...
2026-10-08T03:37:40.7100230Z Selecting previously unselected package fonts-unifont.
2026-10-08T03:37:40.7199338Z Preparing to unpack .../004-fonts-unifont_1%3a15.1.01-1build1_all.deb ...
2026-10-08T03:37:40.7204918Z Unpacking fonts-unifont (1:15.1.01-1build1) ...
2026-10-08T03:37:40.9048566Z Selecting previously unselected package fonts-wqy-zenhei.
2026-10-08T03:37:40.9144047Z Preparing to unpack .../005-fonts-wqy-zenhei_0.9.45-8_all.deb ...
2026-10-08T03:37:40.9223734Z Unpacking fonts-wqy-zenhei (0.9.45-8) ...
2026-10-08T03:37:41.3610060Z Selecting previously unselected package libproxy1v5:amd64.
2026-10-08T03:37:41.3708944Z Preparing to unpack .../006-libproxy1v5_0.5.4-4build1_amd64.deb ...
2026-10-08T03:37:41.3715038Z Unpacking libproxy1v5:amd64 (0.5.4-4build1) ...
2026-10-08T03:37:41.3890616Z Selecting previously unselected package glib-networking-common.
2026-10-08T03:37:41.3987740Z Preparing to unpack .../007-glib-networking-common_2.80.0-1build1_all.deb ...
2026-10-08T03:37:41.3993901Z Unpacking glib-networking-common (2.80.0-1build1) ...
2026-10-08T03:37:41.4147388Z Selecting previously unselected package glib-networking-services.
2026-10-08T03:37:41.4244571Z Preparing to unpack .../008-glib-networking-services_2.80.0-1build1_amd64.deb ...
2026-10-08T03:37:41.4250020Z Unpacking glib-networking-services (2.80.0-1build1) ...
2026-10-08T03:37:41.4419316Z Selecting previously unselected package session-migration.
2026-10-08T03:37:41.4515391Z Preparing to unpack .../009-session-migration_0.3.9build1_amd64.deb ...
2026-10-08T03:37:41.4520175Z Unpacking session-migration (0.3.9build1) ...
2026-10-08T03:37:41.4709779Z Selecting previously unselected package gsettings-desktop-schemas.
2026-10-08T03:37:41.4806675Z Preparing to unpack .../010-gsettings-desktop-schemas_46.1-0ubuntu1_all.deb ...
2026-10-08T03:37:41.4812452Z Unpacking gsettings-desktop-schemas (46.1-0ubuntu1) ...
2026-10-08T03:37:41.5124423Z Selecting previously unselected package glib-networking:amd64.
2026-10-08T03:37:41.5221447Z Preparing to unpack .../011-glib-networking_2.80.0-1build1_amd64.deb ...
2026-10-08T03:37:41.5227627Z Unpacking glib-networking:amd64 (2.80.0-1build1) ...
2026-10-08T03:37:41.5414215Z Selecting previously unselected package libva2:amd64.
2026-10-08T03:37:41.5511389Z Preparing to unpack .../012-libva2_2.20.0-2ubuntu0.2_amd64.deb ...
2026-10-08T03:37:41.5518157Z Unpacking libva2:amd64 (2.20.0-2ubuntu0.2) ...
2026-10-08T03:37:41.5700780Z Selecting previously unselected package libva-drm2:amd64.
2026-10-08T03:37:41.5799815Z Preparing to unpack .../013-libva-drm2_2.20.0-2ubuntu0.2_amd64.deb ...
2026-10-08T03:37:41.5805855Z Unpacking libva-drm2:amd64 (2.20.0-2ubuntu0.2) ...
2026-10-08T03:37:41.5982792Z Selecting previously unselected package libva-x11-2:amd64.
2026-10-08T03:37:41.6095263Z Preparing to unpack .../014-libva-x11-2_2.20.0-2ubuntu0.2_amd64.deb ...
2026-10-08T03:37:41.6103011Z Unpacking libva-x11-2:amd64 (2.20.0-2ubuntu0.2) ...
2026-10-08T03:37:41.6282923Z Selecting previously unselected package libvdpau1:amd64.
2026-10-08T03:37:41.6381051Z Preparing to unpack .../015-libvdpau1_1.5-2build1_amd64.deb ...
2026-10-08T03:37:41.6387107Z Unpacking libvdpau1:amd64 (1.5-2build1) ...
2026-10-08T03:37:41.6567787Z Selecting previously unselected package libvpl2.
2026-10-08T03:37:41.6664348Z Preparing to unpack .../016-libvpl2_2023.3.0-1build1_amd64.deb ...
2026-10-08T03:37:41.6670458Z Unpacking libvpl2 (2023.3.0-1build1) ...
2026-10-08T03:37:41.6846666Z Selecting previously unselected package ocl-icd-libopencl1:amd64.
2026-10-08T03:37:41.6941000Z Preparing to unpack .../017-ocl-icd-libopencl1_2.3.2-1build1_amd64.deb ...
2026-10-08T03:37:41.6947583Z Unpacking ocl-icd-libopencl1:amd64 (2.3.2-1build1) ...
2026-10-08T03:37:41.7422916Z Selecting previously unselected package libavutil58:amd64.
2026-10-08T03:37:41.7513085Z Preparing to unpack .../018-libavutil58_7%3a6.1.1-3ubuntu5_amd64.deb ...
2026-10-08T03:37:41.7996261Z Unpacking libavutil58:amd64 (7:6.1.1-3ubuntu5) ...
2026-10-08T03:37:41.8945569Z Selecting previously unselected package libcodec2-1.2:amd64.
2026-10-08T03:37:41.9055075Z Preparing to unpack .../019-libcodec2-1.2_1.2.0-2build1_amd64.deb ...
2026-10-08T03:37:41.9513062Z Unpacking libcodec2-1.2:amd64 (1.2.0-2build1) ...
2026-10-08T03:37:42.1986553Z Selecting previously unselected package libdav1d7:amd64.
2026-10-08T03:37:42.2088765Z Preparing to unpack .../020-libdav1d7_1.4.1-1build1_amd64.deb ...
2026-10-08T03:37:42.2186654Z Unpacking libdav1d7:amd64 (1.4.1-1build1) ...
2026-10-08T03:37:42.3477253Z Selecting previously unselected package libgsm1:amd64.
2026-10-08T03:37:42.3576058Z Preparing to unpack .../021-libgsm1_1.0.22-1build1_amd64.deb ...
2026-10-08T03:37:42.3763921Z Unpacking libgsm1:amd64 (1.0.22-1build1) ...
2026-10-08T03:37:42.4872954Z Selecting previously unselected package libhwy1t64:amd64.
2026-10-08T03:37:42.4976587Z Preparing to unpack .../022-libhwy1t64_1.0.7-8.1build1_amd64.deb ...
2026-10-08T03:37:42.5067583Z Unpacking libhwy1t64:amd64 (1.0.7-8.1build1) ...
2026-10-08T03:37:42.6662918Z Selecting previously unselected package libjxl0.7:amd64.
2026-10-08T03:37:42.6757773Z Preparing to unpack .../023-libjxl0.7_0.7.0-10.2ubuntu6.1_amd64.deb ...
2026-10-08T03:37:42.7647659Z Unpacking libjxl0.7:amd64 (0.7.0-10.2ubuntu6.1) ...
2026-10-08T03:37:42.8845427Z Selecting previously unselected package libmp3lame0:amd64.
2026-10-08T03:37:42.8940700Z Preparing to unpack .../024-libmp3lame0_3.100-6build1_amd64.deb ...
2026-10-08T03:37:42.9051937Z Unpacking libmp3lame0:amd64 (3.100-6build1) ...
2026-10-08T03:37:43.0779308Z Selecting previously unselected package libopus0:amd64.
2026-10-08T03:37:43.0873493Z Preparing to unpack .../025-libopus0_1.4-1build1_amd64.deb ...
2026-10-08T03:37:43.0932709Z Unpacking libopus0:amd64 (1.4-1build1) ...
2026-10-08T03:37:43.1926555Z Selecting previously unselected package librav1e0:amd64.
2026-10-08T03:37:43.2019164Z Preparing to unpack .../026-librav1e0_0.7.1-2_amd64.deb ...
2026-10-08T03:37:43.3224173Z Unpacking librav1e0:amd64 (0.7.1-2) ...
2026-10-08T03:37:43.4521928Z Selecting previously unselected package librsvg2-2:amd64.
2026-10-08T03:37:43.4624325Z Preparing to unpack .../027-librsvg2-2_2.58.0+dfsg-1ubuntu0.1_amd64.deb ...
2026-10-08T03:37:43.6002066Z Unpacking librsvg2-2:amd64 (2.58.0+dfsg-1ubuntu0.1) ...
2026-10-08T03:37:43.9091775Z Selecting previously unselected package libshine3:amd64.
2026-10-08T03:37:43.9184911Z Preparing to unpack .../028-libshine3_3.1.1-2build1_amd64.deb ...
2026-10-08T03:37:43.9289609Z Unpacking libshine3:amd64 (3.1.1-2build1) ...
2026-10-08T03:37:44.0479131Z Selecting previously unselected package libspeex1:amd64.
2026-10-08T03:37:44.0574973Z Preparing to unpack .../029-libspeex1_1.2.1-2ubuntu2.24.04.1_amd64.deb ...
2026-10-08T03:37:44.0588286Z Unpacking libspeex1:amd64 (1.2.1-2ubuntu2.24.04.1) ...
2026-10-08T03:37:44.1381743Z Selecting previously unselected package libsvtav1enc1d1:amd64.
2026-10-08T03:37:44.1477240Z Preparing to unpack .../030-libsvtav1enc1d1_1.7.0+dfsg-2build1_amd64.deb ...
2026-10-08T03:37:44.1587672Z Unpacking libsvtav1enc1d1:amd64 (1.7.0+dfsg-2build1) ...
2026-10-08T03:37:44.2884908Z Selecting previously unselected package libsoxr0:amd64.
2026-10-08T03:37:44.2979466Z Preparing to unpack .../031-libsoxr0_0.1.3-4build3_amd64.deb ...
2026-10-08T03:37:44.3071547Z Unpacking libsoxr0:amd64 (0.1.3-4build3) ...
2026-10-08T03:37:44.3972600Z Selecting previously unselected package libswresample4:amd64.
2026-10-08T03:37:44.4066167Z Preparing to unpack .../032-libswresample4_7%3a6.1.1-3ubuntu5_amd64.deb ...
2026-10-08T03:37:44.4177138Z Unpacking libswresample4:amd64 (7:6.1.1-3ubuntu5) ...
2026-10-08T03:37:44.4964673Z Selecting previously unselected package libtheora0:amd64.
2026-10-08T03:37:44.5057498Z Preparing to unpack .../033-libtheora0_1.1.1+dfsg.1-16.1build3_amd64.deb ...
2026-10-08T03:37:44.5178741Z Unpacking libtheora0:amd64 (1.1.1+dfsg.1-16.1build3) ...
2026-10-08T03:37:44.6163539Z Selecting previously unselected package libtwolame0:amd64.
2026-10-08T03:37:44.6260903Z Preparing to unpack .../034-libtwolame0_0.4.0-2build3_amd64.deb ...
2026-10-08T03:37:44.6456933Z Unpacking libtwolame0:amd64 (0.4.0-2build3) ...
2026-10-08T03:37:44.7257375Z Selecting previously unselected package libvorbisenc2:amd64.
2026-10-08T03:37:44.7354217Z Preparing to unpack .../035-libvorbisenc2_1.3.7-1build3_amd64.deb ...
2026-10-08T03:37:44.7440124Z Unpacking libvorbisenc2:amd64 (1.3.7-1build3) ...
2026-10-08T03:37:45.2811158Z Selecting previously unselected package libvpx9:amd64.
2026-10-08T03:37:45.2906247Z Preparing to unpack .../036-libvpx9_1.14.0-1ubuntu2.3_amd64.deb ...
2026-10-08T03:37:45.4203519Z Unpacking libvpx9:amd64 (1.14.0-1ubuntu2.3) ...
2026-10-08T03:37:46.3660974Z Selecting previously unselected package libx264-164:amd64.
2026-10-08T03:37:46.3755448Z Preparing to unpack .../037-libx264-164_2%3a0.164.3108+git31e19f9-1_amd64.deb ...
2026-10-08T03:37:46.3956844Z Unpacking libx264-164:amd64 (2:0.164.3108+git31e19f9-1) ...
2026-10-08T03:37:46.4232177Z Selecting previously unselected package libx265-199:amd64.
2026-10-08T03:37:46.4326984Z Preparing to unpack .../038-libx265-199_3.5-2build1_amd64.deb ...
2026-10-08T03:37:46.4334602Z Unpacking libx265-199:amd64 (3.5-2build1) ...
2026-10-08T03:37:46.5576288Z Selecting previously unselected package libxvidcore4:amd64.
2026-10-08T03:37:46.5667651Z Preparing to unpack .../039-libxvidcore4_2%3a1.3.7-1build1_amd64.deb ...
2026-10-08T03:37:46.5674850Z Unpacking libxvidcore4:amd64 (2:1.3.7-1build1) ...
2026-10-08T03:37:46.5843309Z Selecting previously unselected package libzvbi-common.
2026-10-08T03:37:46.5933320Z Preparing to unpack .../040-libzvbi-common_0.2.42-2_all.deb ...
2026-10-08T03:37:46.5940477Z Unpacking libzvbi-common (0.2.42-2) ...
2026-10-08T03:37:46.6456212Z Selecting previously unselected package libzvbi0t64:amd64.
2026-10-08T03:37:46.6549226Z Preparing to unpack .../041-libzvbi0t64_0.2.42-2_amd64.deb ...
2026-10-08T03:37:46.6554968Z Unpacking libzvbi0t64:amd64 (0.2.42-2) ...
2026-10-08T03:37:46.6746367Z Selecting previously unselected package libavcodec60:amd64.
2026-10-08T03:37:46.6838540Z Preparing to unpack .../042-libavcodec60_7%3a6.1.1-3ubuntu5_amd64.deb ...
2026-10-08T03:37:46.6845455Z Unpacking libavcodec60:amd64 (7:6.1.1-3ubuntu5) ...
2026-10-08T03:37:46.8273487Z Preparing to unpack .../043-libfreetype6_2.13.2+dfsg-1ubuntu0.2_amd64.deb ...
2026-10-08T03:37:46.8290238Z Unpacking libfreetype6:amd64 (2.13.2+dfsg-1ubuntu0.2) over (2.13.2+dfsg-1ubuntu0.1) ...
2026-10-08T03:37:46.8500426Z Selecting previously unselected package libunibreak5:amd64.
2026-10-08T03:37:46.8594862Z Preparing to unpack .../044-libunibreak5_5.1-2build1_amd64.deb ...
2026-10-08T03:37:46.8601875Z Unpacking libunibreak5:amd64 (5.1-2build1) ...
2026-10-08T03:37:46.8835588Z Selecting previously unselected package libass9:amd64.
2026-10-08T03:37:46.8928570Z Preparing to unpack .../045-libass9_1%3a0.17.1-2build1_amd64.deb ...
2026-10-08T03:37:46.8935424Z Unpacking libass9:amd64 (1:0.17.1-2build1) ...
2026-10-08T03:37:46.9154655Z Selecting previously unselected package libudfread0:amd64.
2026-10-08T03:37:46.9301295Z Preparing to unpack .../046-libudfread0_1.1.2-1build1_amd64.deb ...
2026-10-08T03:37:46.9325470Z Unpacking libudfread0:amd64 (1.1.2-1build1) ...
2026-10-08T03:37:46.9738534Z Selecting previously unselected package libbluray2:amd64.
2026-10-08T03:37:46.9993671Z Preparing to unpack .../047-libbluray2_1%3a1.3.4-1build1_amd64.deb ...
2026-10-08T03:37:47.0009256Z Unpacking libbluray2:amd64 (1:1.3.4-1build1) ...
2026-10-08T03:37:47.0198020Z Selecting previously unselected package libchromaprint1:amd64.
2026-10-08T03:37:47.0294356Z Preparing to unpack .../048-libchromaprint1_1.5.1-5_amd64.deb ...
2026-10-08T03:37:47.0300978Z Unpacking libchromaprint1:amd64 (1.5.1-5) ...
2026-10-08T03:37:47.0474757Z Selecting previously unselected package libgme0:amd64.
2026-10-08T03:37:47.0572809Z Preparing to unpack .../049-libgme0_0.6.3-7build1_amd64.deb ...
2026-10-08T03:37:47.0580358Z Unpacking libgme0:amd64 (0.6.3-7build1) ...
2026-10-08T03:37:47.0828168Z Selecting previously unselected package libmpg123-0t64:amd64.
2026-10-08T03:37:47.0923806Z Preparing to unpack .../050-libmpg123-0t64_1.32.5-1ubuntu1.1_amd64.deb ...
2026-10-08T03:37:47.0930546Z Unpacking libmpg123-0t64:amd64 (1.32.5-1ubuntu1.1) ...
2026-10-08T03:37:47.1120346Z Selecting previously unselected package libopenmpt0t64:amd64.
2026-10-08T03:37:47.1216736Z Preparing to unpack .../051-libopenmpt0t64_0.7.3-1.1build3_amd64.deb ...
2026-10-08T03:37:47.1223158Z Unpacking libopenmpt0t64:amd64 (0.7.3-1.1build3) ...
2026-10-08T03:37:47.1437484Z Selecting previously unselected package libcjson1:amd64.
2026-10-08T03:37:47.1531507Z Preparing to unpack .../052-libcjson1_1.7.17-1_amd64.deb ...
2026-10-08T03:37:47.1538034Z Unpacking libcjson1:amd64 (1.7.17-1) ...
2026-10-08T03:37:47.1724993Z Selecting previously unselected package libmbedcrypto7t64:amd64.
2026-10-08T03:37:47.1819525Z Preparing to unpack .../053-libmbedcrypto7t64_2.28.8-1_amd64.deb ...
2026-10-08T03:37:47.1825254Z Unpacking libmbedcrypto7t64:amd64 (2.28.8-1) ...
2026-10-08T03:37:47.2075269Z Selecting previously unselected package librist4:amd64.
2026-10-08T03:37:47.2171018Z Preparing to unpack .../054-librist4_0.2.10+dfsg-2_amd64.deb ...
2026-10-08T03:37:47.2181322Z Unpacking librist4:amd64 (0.2.10+dfsg-2) ...
2026-10-08T03:37:47.2356995Z Selecting previously unselected package libsrt1.5-gnutls:amd64.
2026-10-08T03:37:47.2452820Z Preparing to unpack .../055-libsrt1.5-gnutls_1.5.3-1build2_amd64.deb ...
2026-10-08T03:37:47.2459281Z Unpacking libsrt1.5-gnutls:amd64 (1.5.3-1build2) ...
2026-10-08T03:37:47.2653934Z Selecting previously unselected package libssh-gcrypt-4:amd64.
2026-10-08T03:37:47.2747641Z Preparing to unpack .../056-libssh-gcrypt-4_0.10.6-2ubuntu0.5_amd64.deb ...
2026-10-08T03:37:47.2753865Z Unpacking libssh-gcrypt-4:amd64 (0.10.6-2ubuntu0.5) ...
2026-10-08T03:37:47.2945612Z Selecting previously unselected package libavformat60:amd64.
2026-10-08T03:37:47.3037614Z Preparing to unpack .../057-libavformat60_7%3a6.1.1-3ubuntu5_amd64.deb ...
2026-10-08T03:37:47.3045897Z Unpacking libavformat60:amd64 (7:6.1.1-3ubuntu5) ...
2026-10-08T03:37:47.3337616Z Selecting previously unselected package libbs2b0:amd64.
2026-10-08T03:37:47.3439474Z Preparing to unpack .../058-libbs2b0_3.1.0+dfsg-7build1_amd64.deb ...
2026-10-08T03:37:47.3902075Z Unpacking libbs2b0:amd64 (3.1.0+dfsg-7build1) ...
2026-10-08T03:37:47.4089428Z Selecting previously unselected package libflite1:amd64.
2026-10-08T03:37:47.4183126Z Preparing to unpack .../059-libflite1_2.2-6build3_amd64.deb ...
2026-10-08T03:37:47.4189066Z Unpacking libflite1:amd64 (2.2-6build3) ...
2026-10-08T03:37:47.5713662Z Selecting previously unselected package libserd-0-0:amd64.
2026-10-08T03:37:47.5805919Z Preparing to unpack .../060-libserd-0-0_0.32.2-1_amd64.deb ...
2026-10-08T03:37:47.5812194Z Unpacking libserd-0-0:amd64 (0.32.2-1) ...
2026-10-08T03:37:47.5977900Z Selecting previously unselected package libzix-0-0:amd64.
2026-10-08T03:37:47.6068797Z Preparing to unpack .../061-libzix-0-0_0.4.2-2build1_amd64.deb ...
2026-10-08T03:37:47.6075115Z Unpacking libzix-0-0:amd64 (0.4.2-2build1) ...
2026-10-08T03:37:47.6235641Z Selecting previously unselected package libsord-0-0:amd64.
2026-10-08T03:37:47.6328747Z Preparing to unpack .../062-libsord-0-0_0.16.16-2build1_amd64.deb ...
2026-10-08T03:37:47.6334940Z Unpacking libsord-0-0:amd64 (0.16.16-2build1) ...
2026-10-08T03:37:47.6500765Z Selecting previously unselected package libsratom-0-0:amd64.
2026-10-08T03:37:47.6592823Z Preparing to unpack .../063-libsratom-0-0_0.6.16-1build1_amd64.deb ...
2026-10-08T03:37:47.6599008Z Unpacking libsratom-0-0:amd64 (0.6.16-1build1) ...
2026-10-08T03:37:47.6764119Z Selecting previously unselected package liblilv-0-0:amd64.
2026-10-08T03:37:47.6856112Z Preparing to unpack .../064-liblilv-0-0_0.24.22-1build1_amd64.deb ...
2026-10-08T03:37:47.6861982Z Unpacking liblilv-0-0:amd64 (0.24.22-1build1) ...
2026-10-08T03:37:47.7027606Z Selecting previously unselected package libmysofa1:amd64.
2026-10-08T03:37:47.7119792Z Preparing to unpack .../065-libmysofa1_1.3.2+dfsg-2ubuntu2_amd64.deb ...
2026-10-08T03:37:47.7127061Z Unpacking libmysofa1:amd64 (1.3.2+dfsg-2ubuntu2) ...
2026-10-08T03:37:47.7318904Z Selecting previously unselected package libplacebo338:amd64.
2026-10-08T03:37:47.7411606Z Preparing to unpack .../066-libplacebo338_6.338.2-2build1_amd64.deb ...
2026-10-08T03:37:47.7418777Z Unpacking libplacebo338:amd64 (6.338.2-2build1) ...
2026-10-08T03:37:47.8197697Z Selecting previously unselected package libblas3:amd64.
2026-10-08T03:37:47.8293432Z Preparing to unpack .../067-libblas3_3.12.0-3build1.1_amd64.deb ...
2026-10-08T03:37:47.8320335Z Unpacking libblas3:amd64 (3.12.0-3build1.1) ...
2026-10-08T03:37:47.8520106Z Selecting previously unselected package liblapack3:amd64.
2026-10-08T03:37:47.8615231Z Preparing to unpack .../068-liblapack3_3.12.0-3build1.1_amd64.deb ...
2026-10-08T03:37:47.8640887Z Unpacking liblapack3:amd64 (3.12.0-3build1.1) ...
2026-10-08T03:37:47.9208399Z Selecting previously unselected package libasyncns0:amd64.
2026-10-08T03:37:47.9301520Z Preparing to unpack .../069-libasyncns0_0.8-6build4_amd64.deb ...
2026-10-08T03:37:47.9308062Z Unpacking libasyncns0:amd64 (0.8-6build4) ...
2026-10-08T03:37:47.9472189Z Selecting previously unselected package libflac12t64:amd64.
2026-10-08T03:37:47.9564732Z Preparing to unpack .../070-libflac12t64_1.4.3+ds-2.1ubuntu2_amd64.deb ...
2026-10-08T03:37:47.9570428Z Unpacking libflac12t64:amd64 (1.4.3+ds-2.1ubuntu2) ...
2026-10-08T03:37:47.9748214Z Selecting previously unselected package libsndfile1:amd64.
2026-10-08T03:37:47.9839424Z Preparing to unpack .../071-libsndfile1_1.2.2-1ubuntu5.24.04.1_amd64.deb ...
2026-10-08T03:37:47.9845155Z Unpacking libsndfile1:amd64 (1.2.2-1ubuntu5.24.04.1) ...
2026-10-08T03:37:48.0067395Z Selecting previously unselected package libpulse0:amd64.
2026-10-08T03:37:48.0159655Z Preparing to unpack .../072-libpulse0_1%3a16.1+dfsg1-2ubuntu10.1_amd64.deb ...
2026-10-08T03:37:48.0210308Z Unpacking libpulse0:amd64 (1:16.1+dfsg1-2ubuntu10.1) ...
2026-10-08T03:37:48.0399458Z Selecting previously unselected package libsphinxbase3t64:amd64.
2026-10-08T03:37:48.0491911Z Preparing to unpack .../073-libsphinxbase3t64_0.8+5prealpha+1-17build2_amd64.deb ...
2026-10-08T03:37:48.0497881Z Unpacking libsphinxbase3t64:amd64 (0.8+5prealpha+1-17build2) ...
2026-10-08T03:37:48.0668609Z Selecting previously unselected package libpocketsphinx3:amd64.
2026-10-08T03:37:48.0762105Z Preparing to unpack .../074-libpocketsphinx3_0.8.0+real5prealpha+1-15ubuntu5_amd64.deb ...
2026-10-08T03:37:48.0768284Z Unpacking libpocketsphinx3:amd64 (0.8.0+real5prealpha+1-15ubuntu5) ...
2026-10-08T03:37:48.0940248Z Selecting previously unselected package libpostproc57:amd64.
2026-10-08T03:37:48.1032277Z Preparing to unpack .../075-libpostproc57_7%3a6.1.1-3ubuntu5_amd64.deb ...
2026-10-08T03:37:48.1038456Z Unpacking libpostproc57:amd64 (7:6.1.1-3ubuntu5) ...
2026-10-08T03:37:48.1202112Z Selecting previously unselected package libsamplerate0:amd64.
2026-10-08T03:37:48.1294246Z Preparing to unpack .../076-libsamplerate0_0.2.2-4build1_amd64.deb ...
2026-10-08T03:37:48.1300367Z Unpacking libsamplerate0:amd64 (0.2.2-4build1) ...
2026-10-08T03:37:48.1494357Z Selecting previously unselected package librubberband2:amd64.
2026-10-08T03:37:48.1586379Z Preparing to unpack .../077-librubberband2_3.3.0+dfsg-2build1_amd64.deb ...
2026-10-08T03:37:48.1592877Z Unpacking librubberband2:amd64 (3.3.0+dfsg-2build1) ...
2026-10-08T03:37:48.1764576Z Selecting previously unselected package libswscale7:amd64.
2026-10-08T03:37:48.1858880Z Preparing to unpack .../078-libswscale7_7%3a6.1.1-3ubuntu5_amd64.deb ...
2026-10-08T03:37:48.1866487Z Unpacking libswscale7:amd64 (7:6.1.1-3ubuntu5) ...
2026-10-08T03:37:48.2055544Z Selecting previously unselected package libvidstab1.1:amd64.
2026-10-08T03:37:48.2151510Z Preparing to unpack .../079-libvidstab1.1_1.1.0-2build1_amd64.deb ...
2026-10-08T03:37:48.2158469Z Unpacking libvidstab1.1:amd64 (1.1.0-2build1) ...
2026-10-08T03:37:48.2684096Z Selecting previously unselected package libzimg2:amd64.
2026-10-08T03:37:48.2780906Z Preparing to unpack .../080-libzimg2_3.0.5+ds1-1build1_amd64.deb ...
2026-10-08T03:37:48.2787489Z Unpacking libzimg2:amd64 (3.0.5+ds1-1build1) ...
2026-10-08T03:37:48.2983267Z Selecting previously unselected package libavfilter9:amd64.
2026-10-08T03:37:48.3079842Z Preparing to unpack .../081-libavfilter9_7%3a6.1.1-3ubuntu5_amd64.deb ...
2026-10-08T03:37:48.3086965Z Unpacking libavfilter9:amd64 (7:6.1.1-3ubuntu5) ...
2026-10-08T03:37:48.4174221Z Selecting previously unselected package liborc-0.4-0t64:amd64.
2026-10-08T03:37:48.4269523Z Preparing to unpack .../082-liborc-0.4-0t64_1%3a0.4.38-1ubuntu0.1_amd64.deb ...
2026-10-08T03:37:48.4275592Z Unpacking liborc-0.4-0t64:amd64 (1:0.4.38-1ubuntu0.1) ...
2026-10-08T03:37:48.4469255Z Selecting previously unselected package libgstreamer-plugins-base1.0-0:amd64.
2026-10-08T03:37:48.4563582Z Preparing to unpack .../083-libgstreamer-plugins-base1.0-0_1.24.2-1ubuntu0.5_amd64.deb ...
2026-10-08T03:37:48.4569255Z Unpacking libgstreamer-plugins-base1.0-0:amd64 (1.24.2-1ubuntu0.5) ...
2026-10-08T03:37:48.4846556Z Selecting previously unselected package gstreamer1.0-libav:amd64.
2026-10-08T03:37:48.4942216Z Preparing to unpack .../084-gstreamer1.0-libav_1.24.1-1build1_amd64.deb ...
2026-10-08T03:37:48.4947394Z Unpacking gstreamer1.0-libav:amd64 (1.24.1-1build1) ...
2026-10-08T03:37:48.5121685Z Selecting previously unselected package libcdparanoia0:amd64.
2026-10-08T03:37:48.5216205Z Preparing to unpack .../085-libcdparanoia0_3.10.2+debian-14build3_amd64.deb ...
2026-10-08T03:37:48.5221393Z Unpacking libcdparanoia0:amd64 (3.10.2+debian-14build3) ...
2026-10-08T03:37:48.5387820Z Selecting previously unselected package libvisual-0.4-0:amd64.
2026-10-08T03:37:48.5480912Z Preparing to unpack .../086-libvisual-0.4-0_0.4.2-2build1_amd64.deb ...
2026-10-08T03:37:48.5485954Z Unpacking libvisual-0.4-0:amd64 (0.4.2-2build1) ...
2026-10-08T03:37:48.5650194Z Selecting previously unselected package gstreamer1.0-plugins-base:amd64.
2026-10-08T03:37:48.5741254Z Preparing to unpack .../087-gstreamer1.0-plugins-base_1.24.2-1ubuntu0.5_amd64.deb ...
2026-10-08T03:37:48.5746885Z Unpacking gstreamer1.0-plugins-base:amd64 (1.24.2-1ubuntu0.5) ...
2026-10-08T03:37:48.5971818Z Selecting previously unselected package libaa1:amd64.
2026-10-08T03:37:48.6064101Z Preparing to unpack .../088-libaa1_1.4p5-51.1_amd64.deb ...
2026-10-08T03:37:48.6070009Z Unpacking libaa1:amd64 (1.4p5-51.1) ...
2026-10-08T03:37:48.6229726Z Selecting previously unselected package libraw1394-11:amd64.
2026-10-08T03:37:48.6321313Z Preparing to unpack .../089-libraw1394-11_2.1.2-2build3_amd64.deb ...
2026-10-08T03:37:48.6327115Z Unpacking libraw1394-11:amd64 (2.1.2-2build3) ...
2026-10-08T03:37:48.6483770Z Selecting previously unselected package libavc1394-0:amd64.
2026-10-08T03:37:48.6574082Z Preparing to unpack .../090-libavc1394-0_0.5.4-5build3_amd64.deb ...
2026-10-08T03:37:48.6579606Z Unpacking libavc1394-0:amd64 (0.5.4-5build3) ...
2026-10-08T03:37:48.6733951Z Selecting previously unselected package libcaca0:amd64.
2026-10-08T03:37:48.6824607Z Preparing to unpack .../091-libcaca0_0.99.beta20-4ubuntu0.2_amd64.deb ...
2026-10-08T03:37:48.6831800Z Unpacking libcaca0:amd64 (0.99.beta20-4ubuntu0.2) ...
2026-10-08T03:37:48.7030642Z Selecting previously unselected package libdv4t64:amd64.
2026-10-08T03:37:48.7127158Z Preparing to unpack .../092-libdv4t64_1.0.0-17.1build1_amd64.deb ...
2026-10-08T03:37:48.7133435Z Unpacking libdv4t64:amd64 (1.0.0-17.1build1) ...
2026-10-08T03:37:48.7316569Z Selecting previously unselected package libgstreamer-plugins-good1.0-0:amd64.
2026-10-08T03:37:48.7411888Z Preparing to unpack .../093-libgstreamer-plugins-good1.0-0_1.24.2-1ubuntu1.8_amd64.deb ...
2026-10-08T03:37:48.7418169Z Unpacking libgstreamer-plugins-good1.0-0:amd64 (1.24.2-1ubuntu1.8) ...
2026-10-08T03:37:48.7593456Z Selecting previously unselected package libiec61883-0:amd64.
2026-10-08T03:37:48.7687470Z Preparing to unpack .../094-libiec61883-0_1.2.0-6build1_amd64.deb ...
2026-10-08T03:37:48.7692277Z Unpacking libiec61883-0:amd64 (1.2.0-6build1) ...
2026-10-08T03:37:48.7851381Z Selecting previously unselected package libshout3:amd64.
2026-10-08T03:37:48.7941041Z Preparing to unpack .../095-libshout3_2.4.6-1build2_amd64.deb ...
2026-10-08T03:37:48.7946801Z Unpacking libshout3:amd64 (2.4.6-1build2) ...
2026-10-08T03:37:48.8107654Z Selecting previously unselected package libtag1v5-vanilla:amd64.
2026-10-08T03:37:48.8199395Z Preparing to unpack .../096-libtag1v5-vanilla_1.13.1-1build1_amd64.deb ...
2026-10-08T03:37:48.8205012Z Unpacking libtag1v5-vanilla:amd64 (1.13.1-1build1) ...
2026-10-08T03:37:48.8389976Z Selecting previously unselected package libtag1v5:amd64.
2026-10-08T03:37:48.8484095Z Preparing to unpack .../097-libtag1v5_1.13.1-1build1_amd64.deb ...
2026-10-08T03:37:48.8490918Z Unpacking libtag1v5:amd64 (1.13.1-1build1) ...
2026-10-08T03:37:48.8660921Z Selecting previously unselected package libv4lconvert0t64:amd64.
2026-10-08T03:37:48.8753950Z Preparing to unpack .../098-libv4lconvert0t64_1.26.1-4build3_amd64.deb ...
2026-10-08T03:37:48.8760303Z Unpacking libv4lconvert0t64:amd64 (1.26.1-4build3) ...
2026-10-08T03:37:48.8948824Z Selecting previously unselected package libv4l-0t64:amd64.
2026-10-08T03:37:48.9042020Z Preparing to unpack .../099-libv4l-0t64_1.26.1-4build3_amd64.deb ...
2026-10-08T03:37:48.9047839Z Unpacking libv4l-0t64:amd64 (1.26.1-4build3) ...
2026-10-08T03:37:48.9230107Z Selecting previously unselected package libwavpack1:amd64.
2026-10-08T03:37:48.9322444Z Preparing to unpack .../100-libwavpack1_5.6.0-1build1_amd64.deb ...
2026-10-08T03:37:48.9328284Z Unpacking libwavpack1:amd64 (5.6.0-1build1) ...
2026-10-08T03:37:48.9496838Z Selecting previously unselected package libsoup-3.0-common.
2026-10-08T03:37:48.9592076Z Preparing to unpack .../101-libsoup-3.0-common_3.4.4-5ubuntu0.9_all.deb ...
2026-10-08T03:37:48.9598232Z Unpacking libsoup-3.0-common (3.4.4-5ubuntu0.9) ...
2026-10-08T03:37:48.9760596Z Selecting previously unselected package libsoup-3.0-0:amd64.
2026-10-08T03:37:48.9854072Z Preparing to unpack .../102-libsoup-3.0-0_3.4.4-5ubuntu0.9_amd64.deb ...
2026-10-08T03:37:48.9859376Z Unpacking libsoup-3.0-0:amd64 (3.4.4-5ubuntu0.9) ...
2026-10-08T03:37:49.0033401Z Selecting previously unselected package gstreamer1.0-plugins-good:amd64.
2026-10-08T03:37:49.0124971Z Preparing to unpack .../103-gstreamer1.0-plugins-good_1.24.2-1ubuntu1.8_amd64.deb ...
2026-10-08T03:37:49.0129805Z Unpacking gstreamer1.0-plugins-good:amd64 (1.24.2-1ubuntu1.8) ...
2026-10-08T03:37:49.0750013Z Selecting previously unselected package libabsl20220623t64:amd64.
2026-10-08T03:37:49.0845701Z Preparing to unpack .../104-libabsl20220623t64_20220623.1-3.1ubuntu3.2_amd64.deb ...
2026-10-08T03:37:49.0852058Z Unpacking libabsl20220623t64:amd64 (20220623.1-3.1ubuntu3.2) ...
2026-10-08T03:37:49.1163554Z Selecting previously unselected package libgav1-1:amd64.
2026-10-08T03:37:49.1259833Z Preparing to unpack .../105-libgav1-1_0.18.0-1build3_amd64.deb ...
2026-10-08T03:37:49.1265911Z Unpacking libgav1-1:amd64 (0.18.0-1build3) ...
2026-10-08T03:37:49.1451757Z Selecting previously unselected package libyuv0:amd64.
2026-10-08T03:37:49.1545570Z Preparing to unpack .../106-libyuv0_0.0~git202401110.af6ac82-1_amd64.deb ...
2026-10-08T03:37:49.1551003Z Unpacking libyuv0:amd64 (0.0~git202401110.af6ac82-1) ...
2026-10-08T03:37:49.1726297Z Selecting previously unselected package libavif16:amd64.
2026-10-08T03:37:49.1817983Z Preparing to unpack .../107-libavif16_1.0.4-1ubuntu3_amd64.deb ...
2026-10-08T03:37:49.1823274Z Unpacking libavif16:amd64 (1.0.4-1ubuntu3) ...
2026-10-08T03:37:49.1986531Z Selecting previously unselected package libavtp0:amd64.
2026-10-08T03:37:49.2077656Z Preparing to unpack .../108-libavtp0_0.2.0-1build1_amd64.deb ...
2026-10-08T03:37:49.2083465Z Unpacking libavtp0:amd64 (0.2.0-1build1) ...
2026-10-08T03:37:49.2237814Z Selecting previously unselected package libcairo-script-interpreter2:amd64.
2026-10-08T03:37:49.2327903Z Preparing to unpack .../109-libcairo-script-interpreter2_1.18.0-3build1_amd64.deb ...
2026-10-08T03:37:49.2333347Z Unpacking libcairo-script-interpreter2:amd64 (1.18.0-3build1) ...
2026-10-08T03:37:49.2499273Z Selecting previously unselected package libdc1394-25:amd64.
2026-10-08T03:37:49.2587855Z Preparing to unpack .../110-libdc1394-25_2.2.6-4build1_amd64.deb ...
2026-10-08T03:37:49.2593189Z Unpacking libdc1394-25:amd64 (2.2.6-4build1) ...
2026-10-08T03:37:49.2752952Z Selecting previously unselected package libde265-0:amd64.
2026-10-08T03:37:49.2841249Z Preparing to unpack .../111-libde265-0_1.0.15-1ubuntu0.1_amd64.deb ...
2026-10-08T03:37:49.2846854Z Unpacking libde265-0:amd64 (1.0.15-1ubuntu0.1) ...
2026-10-08T03:37:49.3008622Z Selecting previously unselected package libdecor-0-0:amd64.
2026-10-08T03:37:49.3096499Z Preparing to unpack .../112-libdecor-0-0_0.2.2-1build2_amd64.deb ...
2026-10-08T03:37:49.3101979Z Unpacking libdecor-0-0:amd64 (0.2.2-1build2) ...
2026-10-08T03:37:49.3261303Z Selecting previously unselected package libgles2:amd64.
2026-10-08T03:37:49.3349689Z Preparing to unpack .../113-libgles2_1.7.0-1build1_amd64.deb ...
2026-10-08T03:37:49.3355606Z Unpacking libgles2:amd64 (1.7.0-1build1) ...
2026-10-08T03:37:49.3518356Z Selecting previously unselected package libdirectfb-1.7-7t64:amd64.
2026-10-08T03:37:49.3609005Z Preparing to unpack .../114-libdirectfb-1.7-7t64_1.7.7-11.1ubuntu2_amd64.deb ...
2026-10-08T03:37:49.3614749Z Unpacking libdirectfb-1.7-7t64:amd64 (1.7.7-11.1ubuntu2) ...
2026-10-08T03:37:49.3989321Z Selecting previously unselected package libdvdread8t64:amd64.
2026-10-08T03:37:49.4080552Z Preparing to unpack .../115-libdvdread8t64_6.1.3-1.1build1_amd64.deb ...
2026-10-08T03:37:49.4086194Z Unpacking libdvdread8t64:amd64 (6.1.3-1.1build1) ...
2026-10-08T03:37:49.4249721Z Selecting previously unselected package libdvdnav4:amd64.
2026-10-08T03:37:49.4340923Z Preparing to unpack .../116-libdvdnav4_6.1.1-3build1_amd64.deb ...
2026-10-08T03:37:49.4346826Z Unpacking libdvdnav4:amd64 (6.1.1-3build1) ...
2026-10-08T03:37:49.4603975Z Preparing to unpack .../117-libgl1-mesa-dri_25.2.8-0ubuntu0.24.04.4_amd64.deb ...
2026-10-08T03:37:49.4710551Z Unpacking libgl1-mesa-dri:amd64 (25.2.8-0ubuntu0.24.04.4) over (25.2.8-0ubuntu0.24.04.2) ...
2026-10-08T03:37:49.5091958Z Preparing to unpack .../118-libglx-mesa0_25.2.8-0ubuntu0.24.04.4_amd64.deb ...
2026-10-08T03:37:49.5110013Z Unpacking libglx-mesa0:amd64 (25.2.8-0ubuntu0.24.04.4) over (25.2.8-0ubuntu0.24.04.2) ...
2026-10-08T03:37:49.5390411Z Preparing to unpack .../119-libgbm1_25.2.8-0ubuntu0.24.04.4_amd64.deb ...
2026-10-08T03:37:49.5406942Z Unpacking libgbm1:amd64 (25.2.8-0ubuntu0.24.04.4) over (25.2.8-0ubuntu0.24.04.2) ...
2026-10-08T03:37:49.5679214Z Preparing to unpack .../120-mesa-libgallium_25.2.8-0ubuntu0.24.04.4_amd64.deb ...
2026-10-08T03:37:49.5696224Z Unpacking mesa-libgallium:amd64 (25.2.8-0ubuntu0.24.04.4) over (25.2.8-0ubuntu0.24.04.2) ...
2026-10-08T03:37:49.8786253Z Selecting previously unselected package libegl-mesa0:amd64.
2026-10-08T03:37:49.8879439Z Preparing to unpack .../121-libegl-mesa0_25.2.8-0ubuntu0.24.04.4_amd64.deb ...
2026-10-08T03:37:49.8884733Z Unpacking libegl-mesa0:amd64 (25.2.8-0ubuntu0.24.04.4) ...
2026-10-08T03:37:49.9057501Z Selecting previously unselected package libevent-2.1-7t64:amd64.
2026-10-08T03:37:49.9148039Z Preparing to unpack .../122-libevent-2.1-7t64_2.1.12-stable-9ubuntu2.2_amd64.deb ...
2026-10-08T03:37:49.9154257Z Unpacking libevent-2.1-7t64:amd64 (2.1.12-stable-9ubuntu2.2) ...
2026-10-08T03:37:49.9414764Z Preparing to unpack .../123-libevent-pthreads-2.1-7t64_2.1.12-stable-9ubuntu2.2_amd64.deb ...
2026-10-08T03:37:49.9471046Z Unpacking libevent-pthreads-2.1-7t64:amd64 (2.1.12-stable-9ubuntu2.2) over (2.1.12-stable-9ubuntu2.1) ...
2026-10-08T03:37:49.9745842Z Preparing to unpack .../124-libevent-core-2.1-7t64_2.1.12-stable-9ubuntu2.2_amd64.deb ...
2026-10-08T03:37:49.9803726Z Unpacking libevent-core-2.1-7t64:amd64 (2.1.12-stable-9ubuntu2.2) over (2.1.12-stable-9ubuntu2.1) ...
2026-10-08T03:37:49.9981081Z Selecting previously unselected package libfaad2:amd64.
2026-10-08T03:37:50.0071548Z Preparing to unpack .../125-libfaad2_2.11.1-1build1_amd64.deb ...
2026-10-08T03:37:50.0078265Z Unpacking libfaad2:amd64 (2.11.1-1build1) ...
2026-10-08T03:37:50.0251002Z Selecting previously unselected package libinstpatch-1.0-2:amd64.
2026-10-08T03:37:50.0341444Z Preparing to unpack .../126-libinstpatch-1.0-2_1.1.6-1build2_amd64.deb ...
2026-10-08T03:37:50.0347245Z Unpacking libinstpatch-1.0-2:amd64 (1.1.6-1build2) ...
2026-10-08T03:37:50.0520140Z Selecting previously unselected package libjack-jackd2-0:amd64.
2026-10-08T03:37:50.0610166Z Preparing to unpack .../127-libjack-jackd2-0_1.9.21~dfsg-3ubuntu3_amd64.deb ...
2026-10-08T03:37:50.0616159Z Unpacking libjack-jackd2-0:amd64 (1.9.21~dfsg-3ubuntu3) ...
2026-10-08T03:37:50.0800218Z Selecting previously unselected package libwebrtc-audio-processing1:amd64.
2026-10-08T03:37:50.0889588Z Preparing to unpack .../128-libwebrtc-audio-processing1_0.3.1-0ubuntu6_amd64.deb ...
2026-10-08T03:37:50.0895076Z Unpacking libwebrtc-audio-processing1:amd64 (0.3.1-0ubuntu6) ...
2026-10-08T03:37:50.1060084Z Selecting previously unselected package libspa-0.2-modules:amd64.
2026-10-08T03:37:50.1149649Z Preparing to unpack .../129-libspa-0.2-modules_1.0.5-1ubuntu3.3_amd64.deb ...
2026-10-08T03:37:50.1155110Z Unpacking libspa-0.2-modules:amd64 (1.0.5-1ubuntu3.3) ...
2026-10-08T03:37:50.1378657Z Selecting previously unselected package libpipewire-0.3-0t64:amd64.
2026-10-08T03:37:50.1467489Z Preparing to unpack .../130-libpipewire-0.3-0t64_1.0.5-1ubuntu3.3_amd64.deb ...
2026-10-08T03:37:50.1473327Z Unpacking libpipewire-0.3-0t64:amd64 (1.0.5-1ubuntu3.3) ...
2026-10-08T03:37:50.1649143Z Selecting previously unselected package libsdl2-2.0-0:amd64.
2026-10-08T03:37:50.1739017Z Preparing to unpack .../131-libsdl2-2.0-0_2.30.0+dfsg-1ubuntu3.1_amd64.deb ...
2026-10-08T03:37:50.1747069Z Unpacking libsdl2-2.0-0:amd64 (2.30.0+dfsg-1ubuntu3.1) ...
2026-10-08T03:37:50.2073086Z Selecting previously unselected package timgm6mb-soundfont.
2026-10-08T03:37:50.2162724Z Preparing to unpack .../132-timgm6mb-soundfont_1.3-5_all.deb ...
2026-10-08T03:37:50.2167873Z Unpacking timgm6mb-soundfont (1.3-5) ...
2026-10-08T03:37:50.4973585Z Selecting previously unselected package libfluidsynth3:amd64.
2026-10-08T03:37:50.5065966Z Preparing to unpack .../133-libfluidsynth3_2.3.4-1build3_amd64.deb ...
2026-10-08T03:37:50.5071909Z Unpacking libfluidsynth3:amd64 (2.3.4-1build3) ...
2026-10-08T03:37:50.5252731Z Selecting previously unselected package libfreeaptx0:amd64.
2026-10-08T03:37:50.5344781Z Preparing to unpack .../134-libfreeaptx0_0.1.1-2build1_amd64.deb ...
2026-10-08T03:37:50.5350377Z Unpacking libfreeaptx0:amd64 (0.1.1-2build1) ...
2026-10-08T03:37:50.5507311Z Selecting previously unselected package libgraphene-1.0-0:amd64.
2026-10-08T03:37:50.5597571Z Preparing to unpack .../135-libgraphene-1.0-0_1.10.8-3build2_amd64.deb ...
2026-10-08T03:37:50.5602655Z Unpacking libgraphene-1.0-0:amd64 (1.10.8-3build2) ...
2026-10-08T03:37:50.5760471Z Selecting previously unselected package libgssdp-1.6-0:amd64.
2026-10-08T03:37:50.5849308Z Preparing to unpack .../136-libgssdp-1.6-0_1.6.3-1build3_amd64.deb ...
2026-10-08T03:37:50.5855921Z Unpacking libgssdp-1.6-0:amd64 (1.6.3-1build3) ...
2026-10-08T03:37:50.6019328Z Selecting previously unselected package libegl1:amd64.
2026-10-08T03:37:50.6108614Z Preparing to unpack .../137-libegl1_1.7.0-1build1_amd64.deb ...
2026-10-08T03:37:50.6115330Z Unpacking libegl1:amd64 (1.7.0-1build1) ...
2026-10-08T03:37:50.6276860Z Selecting previously unselected package libgstreamer-gl1.0-0:amd64.
2026-10-08T03:37:50.6365716Z Preparing to unpack .../138-libgstreamer-gl1.0-0_1.24.2-1ubuntu0.5_amd64.deb ...
2026-10-08T03:37:50.6372112Z Unpacking libgstreamer-gl1.0-0:amd64 (1.24.2-1ubuntu0.5) ...
2026-10-08T03:37:50.6593720Z Selecting previously unselected package libgtk-4-common.
2026-10-08T03:37:50.6682686Z Preparing to unpack .../139-libgtk-4-common_4.14.5+ds-0ubuntu0.10_all.deb ...
2026-10-08T03:37:50.6688455Z Unpacking libgtk-4-common (4.14.5+ds-0ubuntu0.10) ...
2026-10-08T03:37:50.7156203Z Selecting previously unselected package libgtk-4-1:amd64.
2026-10-08T03:37:50.7246776Z Preparing to unpack .../140-libgtk-4-1_4.14.5+ds-0ubuntu0.10_amd64.deb ...
2026-10-08T03:37:50.7251952Z Unpacking libgtk-4-1:amd64 (4.14.5+ds-0ubuntu0.10) ...
2026-10-08T03:37:50.8264222Z Selecting previously unselected package libgupnp-1.6-0:amd64.
2026-10-08T03:37:50.8357114Z Preparing to unpack .../141-libgupnp-1.6-0_1.6.6-1build3_amd64.deb ...
2026-10-08T03:37:50.8363606Z Unpacking libgupnp-1.6-0:amd64 (1.6.6-1build3) ...
2026-10-08T03:37:50.8536738Z Selecting previously unselected package libgupnp-igd-1.6-0:amd64.
2026-10-08T03:37:50.8627832Z Preparing to unpack .../142-libgupnp-igd-1.6-0_1.6.0-3build3_amd64.deb ...
2026-10-08T03:37:50.8633078Z Unpacking libgupnp-igd-1.6-0:amd64 (1.6.0-3build3) ...
2026-10-08T03:37:50.8791947Z Selecting previously unselected package libharfbuzz-icu0:amd64.
2026-10-08T03:37:50.8882161Z Preparing to unpack .../143-libharfbuzz-icu0_8.3.0-2build2_amd64.deb ...
2026-10-08T03:37:50.8887344Z Unpacking libharfbuzz-icu0:amd64 (8.3.0-2build2) ...
2026-10-08T03:37:50.9042152Z Selecting previously unselected package libhyphen0:amd64.
2026-10-08T03:37:50.9132675Z Preparing to unpack .../144-libhyphen0_2.8.8-7build3_amd64.deb ...
2026-10-08T03:37:50.9138122Z Unpacking libhyphen0:amd64 (2.8.8-7build3) ...
2026-10-08T03:37:50.9298419Z Selecting previously unselected package libimath-3-1-29t64:amd64.
2026-10-08T03:37:50.9388043Z Preparing to unpack .../145-libimath-3-1-29t64_3.1.9-3.1ubuntu2_amd64.deb ...
2026-10-08T03:37:50.9393394Z Unpacking libimath-3-1-29t64:amd64 (3.1.9-3.1ubuntu2) ...
2026-10-08T03:37:50.9557794Z Selecting previously unselected package liblc3-1:amd64.
2026-10-08T03:37:50.9647536Z Preparing to unpack .../146-liblc3-1_1.0.4-3build1_amd64.deb ...
2026-10-08T03:37:50.9652382Z Unpacking liblc3-1:amd64 (1.0.4-3build1) ...
2026-10-08T03:37:50.9814867Z Selecting previously unselected package libldacbt-enc2:amd64.
2026-10-08T03:37:50.9906207Z Preparing to unpack .../147-libldacbt-enc2_2.0.2.3+git20200429+ed310a0-4ubuntu2_amd64.deb ...
2026-10-08T03:37:50.9911539Z Unpacking libldacbt-enc2:amd64 (2.0.2.3+git20200429+ed310a0-4ubuntu2) ...
2026-10-08T03:37:51.0069858Z Selecting previously unselected package libraptor2-0:amd64.
2026-10-08T03:37:51.0160232Z Preparing to unpack .../148-libraptor2-0_2.0.16-3ubuntu0.1_amd64.deb ...
2026-10-08T03:37:51.0165701Z Unpacking libraptor2-0:amd64 (2.0.16-3ubuntu0.1) ...
2026-10-08T03:37:51.0333330Z Selecting previously unselected package liblrdf0:amd64.
2026-10-08T03:37:51.0422943Z Preparing to unpack .../149-liblrdf0_0.6.1-4build1_amd64.deb ...
2026-10-08T03:37:51.0428596Z Unpacking liblrdf0:amd64 (0.6.1-4build1) ...
2026-10-08T03:37:51.0594175Z Selecting previously unselected package libltc11:amd64.
2026-10-08T03:37:51.0684474Z Preparing to unpack .../150-libltc11_1.3.2-1build1_amd64.deb ...
2026-10-08T03:37:51.0690736Z Unpacking libltc11:amd64 (1.3.2-1build1) ...
2026-10-08T03:37:51.0851885Z Selecting previously unselected package libmanette-0.2-0:amd64.
2026-10-08T03:37:51.0947941Z Preparing to unpack .../151-libmanette-0.2-0_0.2.7-1build2_amd64.deb ...
2026-10-08T03:37:51.0953667Z Unpacking libmanette-0.2-0:amd64 (0.2.7-1build2) ...
2026-10-08T03:37:51.1127939Z Selecting previously unselected package libmfx1:amd64.
2026-10-08T03:37:51.1222911Z Preparing to unpack .../152-libmfx1_22.5.4-1_amd64.deb ...
2026-10-08T03:37:51.1228728Z Unpacking libmfx1:amd64 (22.5.4-1) ...
2026-10-08T03:37:51.2849432Z Selecting previously unselected package libmjpegutils-2.1-0t64:amd64.
2026-10-08T03:37:51.2946374Z Preparing to unpack .../153-libmjpegutils-2.1-0t64_1%3a2.1.0+debian-8.1build1_amd64.deb ...
2026-10-08T03:37:51.2952727Z Unpacking libmjpegutils-2.1-0t64:amd64 (1:2.1.0+debian-8.1build1) ...
2026-10-08T03:37:51.3149219Z Selecting previously unselected package libmodplug1:amd64.
2026-10-08T03:37:51.3242421Z Preparing to unpack .../154-libmodplug1_1%3a0.8.9.0-3build1_amd64.deb ...
2026-10-08T03:37:51.3248299Z Unpacking libmodplug1:amd64 (1:0.8.9.0-3build1) ...
2026-10-08T03:37:51.3421035Z Selecting previously unselected package libmpcdec6:amd64.
2026-10-08T03:37:51.3516581Z Preparing to unpack .../155-libmpcdec6_2%3a0.1~r495-2build1_amd64.deb ...
2026-10-08T03:37:51.3525217Z Unpacking libmpcdec6:amd64 (2:0.1~r495-2build1) ...
2026-10-08T03:37:51.3694363Z Selecting previously unselected package libmpeg2encpp-2.1-0t64:amd64.
2026-10-08T03:37:51.3789402Z Preparing to unpack .../156-libmpeg2encpp-2.1-0t64_1%3a2.1.0+debian-8.1build1_amd64.deb ...
2026-10-08T03:37:51.3795411Z Unpacking libmpeg2encpp-2.1-0t64:amd64 (1:2.1.0+debian-8.1build1) ...
2026-10-08T03:37:51.4307932Z Selecting previously unselected package libmplex2-2.1-0t64:amd64.
2026-10-08T03:37:51.4402083Z Preparing to unpack .../157-libmplex2-2.1-0t64_1%3a2.1.0+debian-8.1build1_amd64.deb ...
2026-10-08T03:37:51.4411836Z Unpacking libmplex2-2.1-0t64:amd64 (1:2.1.0+debian-8.1build1) ...
2026-10-08T03:37:51.4610874Z Selecting previously unselected package libneon27t64:amd64.
2026-10-08T03:37:51.4707477Z Preparing to unpack .../158-libneon27t64_0.33.0-1.1build3_amd64.deb ...
2026-10-08T03:37:51.4715667Z Unpacking libneon27t64:amd64 (0.33.0-1.1build3) ...
2026-10-08T03:37:51.4898467Z Selecting previously unselected package libnice10:amd64.
2026-10-08T03:37:51.4994611Z Preparing to unpack .../159-libnice10_0.1.21-2build3_amd64.deb ...
2026-10-08T03:37:51.5000431Z Unpacking libnice10:amd64 (0.1.21-2build3) ...
2026-10-08T03:37:51.5180633Z Selecting previously unselected package libopenal-data.
2026-10-08T03:37:51.5277760Z Preparing to unpack .../160-libopenal-data_1%3a1.23.1-4build1_all.deb ...
2026-10-08T03:37:51.5283454Z Unpacking libopenal-data (1:1.23.1-4build1) ...
2026-10-08T03:37:51.5465159Z Selecting previously unselected package libopenexr-3-1-30:amd64.
2026-10-08T03:37:51.5561577Z Preparing to unpack .../161-libopenexr-3-1-30_3.1.5-5.1build3_amd64.deb ...
2026-10-08T03:37:51.5569705Z Unpacking libopenexr-3-1-30:amd64 (3.1.5-5.1build3) ...
2026-10-08T03:37:51.5998755Z Selecting previously unselected package libopenh264-7:amd64.
2026-10-08T03:37:51.6093677Z Preparing to unpack .../162-libopenh264-7_2.4.1+dfsg-1_amd64.deb ...
2026-10-08T03:37:51.6099981Z Unpacking libopenh264-7:amd64 (2.4.1+dfsg-1) ...
2026-10-08T03:37:51.6300244Z Selecting previously unselected package libopenni2-0:amd64.
2026-10-08T03:37:51.6393446Z Preparing to unpack .../163-libopenni2-0_2.2.0.33+dfsg-18_amd64.deb ...
2026-10-08T03:37:51.6417203Z Unpacking libopenni2-0:amd64 (2.2.0.33+dfsg-18) ...
2026-10-08T03:37:51.6623123Z Selecting previously unselected package libqrencode4:amd64.
2026-10-08T03:37:51.6717311Z Preparing to unpack .../164-libqrencode4_4.1.1-1build2_amd64.deb ...
2026-10-08T03:37:51.6722688Z Unpacking libqrencode4:amd64 (4.1.1-1build2) ...
2026-10-08T03:37:51.6877533Z Selecting previously unselected package libsecret-common.
2026-10-08T03:37:51.6971133Z Preparing to unpack .../165-libsecret-common_0.21.4-1build3_all.deb ...
2026-10-08T03:37:51.6976022Z Unpacking libsecret-common (0.21.4-1build3) ...
2026-10-08T03:37:51.7141307Z Selecting previously unselected package libsecret-1-0:amd64.
2026-10-08T03:37:51.7234730Z Preparing to unpack .../166-libsecret-1-0_0.21.4-1build3_amd64.deb ...
2026-10-08T03:37:51.7240481Z Unpacking libsecret-1-0:amd64 (0.21.4-1build3) ...
2026-10-08T03:37:51.7413694Z Selecting previously unselected package libsndio7.0:amd64.
2026-10-08T03:37:51.7506691Z Preparing to unpack .../167-libsndio7.0_1.9.0-0.3build3_amd64.deb ...
2026-10-08T03:37:51.7513010Z Unpacking libsndio7.0:amd64 (1.9.0-0.3build3) ...
2026-10-08T03:37:51.7677093Z Selecting previously unselected package libsoundtouch1:amd64.
2026-10-08T03:37:51.7770363Z Preparing to unpack .../168-libsoundtouch1_2.3.2+ds1-1build1_amd64.deb ...
2026-10-08T03:37:51.7776159Z Unpacking libsoundtouch1:amd64 (2.3.2+ds1-1build1) ...
2026-10-08T03:37:51.7956935Z Selecting previously unselected package libspandsp2t64:amd64.
2026-10-08T03:37:51.8053083Z Preparing to unpack .../169-libspandsp2t64_0.0.6+dfsg-2.1build1_amd64.deb ...
2026-10-08T03:37:51.8060827Z Unpacking libspandsp2t64:amd64 (0.0.6+dfsg-2.1build1) ...
2026-10-08T03:37:51.8258683Z Selecting previously unselected package libsrtp2-1:amd64.
2026-10-08T03:37:51.8353585Z Preparing to unpack .../170-libsrtp2-1_2.5.0-3build1_amd64.deb ...
2026-10-08T03:37:51.8361033Z Unpacking libsrtp2-1:amd64 (2.5.0-3build1) ...
2026-10-08T03:37:51.8527314Z Selecting previously unselected package libwayland-server0:amd64.
2026-10-08T03:37:51.8621337Z Preparing to unpack .../171-libwayland-server0_1.22.0-2.1build1_amd64.deb ...
2026-10-08T03:37:51.8627644Z Unpacking libwayland-server0:amd64 (1.22.0-2.1build1) ...
2026-10-08T03:37:51.8797851Z Selecting previously unselected package libwildmidi2:amd64.
2026-10-08T03:37:51.8892160Z Preparing to unpack .../172-libwildmidi2_0.4.3-1build3_amd64.deb ...
2026-10-08T03:37:51.8898157Z Unpacking libwildmidi2:amd64 (0.4.3-1build3) ...
2026-10-08T03:37:51.9068203Z Selecting previously unselected package libwoff1:amd64.
2026-10-08T03:37:51.9161493Z Preparing to unpack .../173-libwoff1_1.0.2-2build1_amd64.deb ...
2026-10-08T03:37:51.9169710Z Unpacking libwoff1:amd64 (1.0.2-2build1) ...
2026-10-08T03:37:51.9338146Z Selecting previously unselected package libxcb-xkb1:amd64.
2026-10-08T03:37:51.9431439Z Preparing to unpack .../174-libxcb-xkb1_1.15-1ubuntu2_amd64.deb ...
2026-10-08T03:37:51.9436677Z Unpacking libxcb-xkb1:amd64 (1.15-1ubuntu2) ...
2026-10-08T03:37:51.9602676Z Selecting previously unselected package libxkbcommon-x11-0:amd64.
2026-10-08T03:37:51.9695302Z Preparing to unpack .../175-libxkbcommon-x11-0_1.6.0-1build1_amd64.deb ...
2026-10-08T03:37:51.9700706Z Unpacking libxkbcommon-x11-0:amd64 (1.6.0-1build1) ...
2026-10-08T03:37:51.9862257Z Selecting previously unselected package libzbar0t64:amd64.
2026-10-08T03:37:51.9955303Z Preparing to unpack .../176-libzbar0t64_0.23.93-4build3_amd64.deb ...
2026-10-08T03:37:51.9960976Z Unpacking libzbar0t64:amd64 (0.23.93-4build3) ...
2026-10-08T03:37:52.0135538Z Selecting previously unselected package libzxing3:amd64.
2026-10-08T03:37:52.0229383Z Preparing to unpack .../177-libzxing3_2.2.1-3_amd64.deb ...
2026-10-08T03:37:52.0239151Z Unpacking libzxing3:amd64 (2.2.1-3) ...
2026-10-08T03:37:52.0492878Z Selecting previously unselected package xfonts-encodings.
2026-10-08T03:37:52.0585071Z Preparing to unpack .../178-xfonts-encodings_1%3a1.0.5-0ubuntu2_all.deb ...
2026-10-08T03:37:52.0590361Z Unpacking xfonts-encodings (1:1.0.5-0ubuntu2) ...
2026-10-08T03:37:52.0801439Z Selecting previously unselected package xfonts-utils.
2026-10-08T03:37:52.0892469Z Preparing to unpack .../179-xfonts-utils_1%3a7.7+6build3_amd64.deb ...
2026-10-08T03:37:52.0897142Z Unpacking xfonts-utils (1:7.7+6build3) ...
2026-10-08T03:37:52.1163177Z Selecting previously unselected package xfonts-cyrillic.
2026-10-08T03:37:52.1258618Z Preparing to unpack .../180-xfonts-cyrillic_1%3a1.0.5+nmu1_all.deb ...
2026-10-08T03:37:52.1265923Z Unpacking xfonts-cyrillic (1:1.0.5+nmu1) ...
2026-10-08T03:37:52.1515545Z Selecting previously unselected package xfonts-scalable.
2026-10-08T03:37:52.1609995Z Preparing to unpack .../181-xfonts-scalable_1%3a1.0.3-1.3_all.deb ...
2026-10-08T03:37:52.1618258Z Unpacking xfonts-scalable (1:1.0.3-1.3) ...
2026-10-08T03:37:52.1802093Z Selecting previously unselected package libgstreamer-plugins-bad1.0-0:amd64.
2026-10-08T03:37:52.1894538Z Preparing to unpack .../182-libgstreamer-plugins-bad1.0-0_1.24.2-1ubuntu4_amd64.deb ...
2026-10-08T03:37:52.1899929Z Unpacking libgstreamer-plugins-bad1.0-0:amd64 (1.24.2-1ubuntu4) ...
2026-10-08T03:37:52.2174454Z Selecting previously unselected package libdca0:amd64.
2026-10-08T03:37:52.2269072Z Preparing to unpack .../183-libdca0_0.0.7-2build1_amd64.deb ...
2026-10-08T03:37:52.2275144Z Unpacking libdca0:amd64 (0.0.7-2build1) ...
2026-10-08T03:37:52.2453461Z Selecting previously unselected package libopenal1:amd64.
2026-10-08T03:37:52.2546429Z Preparing to unpack .../184-libopenal1_1%3a1.23.1-4build1_amd64.deb ...
2026-10-08T03:37:52.2552347Z Unpacking libopenal1:amd64 (1:1.23.1-4build1) ...
2026-10-08T03:37:52.2748583Z Selecting previously unselected package libsbc1:amd64.
2026-10-08T03:37:52.2840456Z Preparing to unpack .../185-libsbc1_2.0-1build1_amd64.deb ...
2026-10-08T03:37:52.2845846Z Unpacking libsbc1:amd64 (2.0-1build1) ...
2026-10-08T03:37:52.3002902Z Selecting previously unselected package libvo-aacenc0:amd64.
2026-10-08T03:37:52.3093711Z Preparing to unpack .../186-libvo-aacenc0_0.1.3-2build1_amd64.deb ...
2026-10-08T03:37:52.3099037Z Unpacking libvo-aacenc0:amd64 (0.1.3-2build1) ...
2026-10-08T03:37:52.3261805Z Selecting previously unselected package libvo-amrwbenc0:amd64.
2026-10-08T03:37:52.3354598Z Preparing to unpack .../187-libvo-amrwbenc0_0.1.3-2build1_amd64.deb ...
2026-10-08T03:37:52.3360394Z Unpacking libvo-amrwbenc0:amd64 (0.1.3-2build1) ...
2026-10-08T03:37:52.3529740Z Selecting previously unselected package gstreamer1.0-plugins-bad:amd64.
2026-10-08T03:37:52.3623914Z Preparing to unpack .../188-gstreamer1.0-plugins-bad_1.24.2-1ubuntu4_amd64.deb ...
2026-10-08T03:37:52.3634109Z Unpacking gstreamer1.0-plugins-bad:amd64 (1.24.2-1ubuntu4) ...
2026-10-08T03:37:52.5550232Z Setting up libgme0:amd64 (0.6.3-7build1) ...
2026-10-08T03:37:52.5568846Z Setting up libchromaprint1:amd64 (1.5.1-5) ...
2026-10-08T03:37:52.5585669Z Setting up libssh-gcrypt-4:amd64 (0.10.6-2ubuntu0.5) ...
2026-10-08T03:37:52.5599027Z Setting up libhwy1t64:amd64 (1.0.7-8.1build1) ...
2026-10-08T03:37:52.5616607Z Setting up libfreeaptx0:amd64 (0.1.1-2build1) ...
2026-10-08T03:37:52.5633692Z Setting up libdvdread8t64:amd64 (6.1.3-1.1build1) ...
2026-10-08T03:37:52.5646917Z Setting up libudfread0:amd64 (1.1.2-1build1) ...
2026-10-08T03:37:52.5663572Z Setting up libmodplug1:amd64 (1:0.8.9.0-3build1) ...
2026-10-08T03:37:52.5677374Z Setting up libcdparanoia0:amd64 (3.10.2+debian-14build3) ...
2026-10-08T03:37:52.5690269Z Setting up libwayland-server0:amd64 (1.22.0-2.1build1) ...
2026-10-08T03:37:52.5706292Z Setting up libvo-amrwbenc0:amd64 (0.1.3-2build1) ...
2026-10-08T03:37:52.5722239Z Setting up mesa-libgallium:amd64 (25.2.8-0ubuntu0.24.04.4) ...
2026-10-08T03:37:52.5738328Z Setting up session-migration (0.3.9build1) ...
2026-10-08T03:37:52.6586736Z Created symlink /etc/systemd/user/graphical-session-pre.target.wants/session-migration.service → /usr/lib/systemd/user/session-migration.service.
2026-10-08T03:37:52.6587089Z 
2026-10-08T03:37:52.6610539Z Setting up libraw1394-11:amd64 (2.1.2-2build3) ...
2026-10-08T03:37:52.6630956Z Setting up libsbc1:amd64 (2.0-1build1) ...
2026-10-08T03:37:52.6649456Z Setting up libproxy1v5:amd64 (0.5.4-4build1) ...
2026-10-08T03:37:52.6663729Z Setting up libneon27t64:amd64 (0.33.0-1.1build3) ...
2026-10-08T03:37:52.6679412Z Setting up libtag1v5-vanilla:amd64 (1.13.1-1build1) ...
2026-10-08T03:37:52.6694101Z Setting up libharfbuzz-icu0:amd64 (8.3.0-2build2) ...
2026-10-08T03:37:52.6710110Z Setting up libopenni2-0:amd64 (2.2.0.33+dfsg-18) ...
2026-10-08T03:37:52.6899739Z Setting up libspeex1:amd64 (1.2.1-2ubuntu2.24.04.1) ...
2026-10-08T03:37:52.6915395Z Setting up libshine3:amd64 (3.1.1-2build1) ...
2026-10-08T03:37:52.6933273Z Setting up libcaca0:amd64 (0.99.beta20-4ubuntu0.2) ...
2026-10-08T03:37:52.6947671Z Setting up libvpl2 (2023.3.0-1build1) ...
2026-10-08T03:37:52.6967365Z Setting up libv4lconvert0t64:amd64 (1.26.1-4build3) ...
2026-10-08T03:37:52.6982491Z Setting up libx264-164:amd64 (2:0.164.3108+git31e19f9-1) ...
2026-10-08T03:37:52.6997920Z Setting up libtwolame0:amd64 (0.4.0-2build3) ...
2026-10-08T03:37:52.7012545Z Setting up libmbedcrypto7t64:amd64 (2.28.8-1) ...
2026-10-08T03:37:52.7031389Z Setting up libwoff1:amd64 (1.0.2-2build1) ...
2026-10-08T03:37:52.7045610Z Setting up liblc3-1:amd64 (1.0.4-3build1) ...
2026-10-08T03:37:52.7059868Z Setting up libqrencode4:amd64 (4.1.1-1build2) ...
2026-10-08T03:37:52.7076209Z Setting up libhyphen0:amd64 (2.8.8-7build3) ...
2026-10-08T03:37:52.7093945Z Setting up libgbm1:amd64 (25.2.8-0ubuntu0.24.04.4) ...
2026-10-08T03:37:52.7108483Z Setting up libgsm1:amd64 (1.0.22-1build1) ...
2026-10-08T03:37:52.7123306Z Setting up libvisual-0.4-0:amd64 (0.4.2-2build1) ...
2026-10-08T03:37:52.7139733Z Setting up libsoxr0:amd64 (0.1.3-4build3) ...
2026-10-08T03:37:52.7157052Z Setting up libzix-0-0:amd64 (0.4.2-2build1) ...
2026-10-08T03:37:52.7171512Z Setting up libcodec2-1.2:amd64 (1.2.0-2build1) ...
2026-10-08T03:37:52.7188450Z Setting up libmanette-0.2-0:amd64 (0.2.7-1build2) ...
2026-10-08T03:37:52.7203265Z Setting up libsrtp2-1:amd64 (2.5.0-3build1) ...
2026-10-08T03:37:52.7217415Z Setting up libgl1-mesa-dri:amd64 (25.2.8-0ubuntu0.24.04.4) ...
2026-10-08T03:37:52.7277878Z Setting up libmysofa1:amd64 (1.3.2+dfsg-2ubuntu2) ...
2026-10-08T03:37:52.7292225Z Setting up libraptor2-0:amd64 (2.0.16-3ubuntu0.1) ...
2026-10-08T03:37:52.7306099Z Setting up libldacbt-enc2:amd64 (2.0.2.3+git20200429+ed310a0-4ubuntu2) ...
2026-10-08T03:37:52.7320997Z Setting up fonts-wqy-zenhei (0.9.45-8) ...
2026-10-08T03:37:52.7410575Z Setting up libwebrtc-audio-processing1:amd64 (0.3.1-0ubuntu6) ...
2026-10-08T03:37:52.7424460Z Setting up fonts-freefont-ttf (20211204+svn4273-2) ...
2026-10-08T03:37:52.7437624Z Setting up libevent-2.1-7t64:amd64 (2.1.12-stable-9ubuntu2.2) ...
2026-10-08T03:37:52.7455032Z Setting up libsvtav1enc1d1:amd64 (1.7.0+dfsg-2build1) ...
2026-10-08T03:37:52.7468588Z Setting up libsoup-3.0-common (3.4.4-5ubuntu0.9) ...
2026-10-08T03:37:52.7483907Z Setting up libmpg123-0t64:amd64 (1.32.5-1ubuntu1.1) ...
2026-10-08T03:37:52.7497204Z Setting up libcjson1:amd64 (1.7.17-1) ...
2026-10-08T03:37:52.7510233Z Setting up libxvidcore4:amd64 (2:1.3.7-1build1) ...
2026-10-08T03:37:52.7525059Z Setting up libmpcdec6:amd64 (2:0.1~r495-2build1) ...
2026-10-08T03:37:52.7539812Z Setting up libmjpegutils-2.1-0t64:amd64 (1:2.1.0+debian-8.1build1) ...
2026-10-08T03:37:52.7553503Z Setting up librav1e0:amd64 (0.7.1-2) ...
2026-10-08T03:37:52.7568546Z Setting up liborc-0.4-0t64:amd64 (1:0.4.38-1ubuntu0.1) ...
2026-10-08T03:37:52.7581569Z Setting up libxcb-xkb1:amd64 (1.15-1ubuntu2) ...
2026-10-08T03:37:52.7597108Z Setting up libvo-aacenc0:amd64 (0.1.3-2build1) ...
2026-10-08T03:37:52.7611838Z Setting up librist4:amd64 (0.2.10+dfsg-2) ...
2026-10-08T03:37:52.7628912Z Setting up librsvg2-2:amd64 (2.58.0+dfsg-1ubuntu0.1) ...
2026-10-08T03:37:52.7643206Z Setting up libblas3:amd64 (3.12.0-3build1.1) ...
2026-10-08T03:37:52.7686243Z update-alternatives: using /usr/lib/x86_64-linux-gnu/blas/libblas.so.3 to provide /usr/lib/x86_64-linux-gnu/libblas.so.3 (libblas.so.3-x86_64-linux-gnu) in auto mode
2026-10-08T03:37:52.7699429Z Setting up libegl-mesa0:amd64 (25.2.8-0ubuntu0.24.04.4) ...
2026-10-08T03:37:52.7719061Z Setting up libsoundtouch1:amd64 (2.3.2+ds1-1build1) ...
2026-10-08T03:37:52.7733329Z Setting up libplacebo338:amd64 (6.338.2-2build1) ...
2026-10-08T03:37:52.7749062Z Setting up libgles2:amd64 (1.7.0-1build1) ...
2026-10-08T03:37:52.7764872Z Setting up fonts-tlwg-loma-otf (1:0.7.3-1) ...
2026-10-08T03:37:52.7778686Z Setting up libva2:amd64 (2.20.0-2ubuntu0.2) ...
2026-10-08T03:37:52.7795725Z Setting up libspa-0.2-modules:amd64 (1.0.5-1ubuntu3.3) ...
2026-10-08T03:37:52.7809857Z Setting up libzxing3:amd64 (2.2.1-3) ...
2026-10-08T03:37:52.7826227Z Setting up xfonts-encodings (1:1.0.5-0ubuntu2) ...
2026-10-08T03:37:52.7839361Z Setting up libopus0:amd64 (1.4-1build1) ...
2026-10-08T03:37:52.7853542Z Setting up libfaad2:amd64 (2.11.1-1build1) ...
2026-10-08T03:37:52.7869093Z Setting up libxkbcommon-x11-0:amd64 (1.6.0-1build1) ...
2026-10-08T03:37:52.7883702Z Setting up libdc1394-25:amd64 (2.2.6-4build1) ...
2026-10-08T03:37:52.7899388Z Setting up libpng16-16t64:amd64 (1.6.43-5ubuntu0.7) ...
2026-10-08T03:37:52.7913331Z Setting up libimath-3-1-29t64:amd64 (3.1.9-3.1ubuntu2) ...
2026-10-08T03:37:52.7927139Z Setting up libunibreak5:amd64 (5.1-2build1) ...
2026-10-08T03:37:52.7943174Z Setting up libdv4t64:amd64 (1.0.0-17.1build1) ...
2026-10-08T03:37:52.7958027Z Setting up libjxl0.7:amd64 (0.7.0-10.2ubuntu6.1) ...
2026-10-08T03:37:52.7974820Z Setting up libopenh264-7:amd64 (2.4.1+dfsg-1) ...
2026-10-08T03:37:52.7991949Z Setting up libltc11:amd64 (1.3.2-1build1) ...
2026-10-08T03:37:52.8005986Z Setting up libx265-199:amd64 (3.5-2build1) ...
2026-10-08T03:37:52.9313658Z Setting up libv4l-0t64:amd64 (1.26.1-4build3) ...
2026-10-08T03:37:52.9334137Z Setting up libavtp0:amd64 (0.2.0-1build1) ...
2026-10-08T03:37:52.9349710Z Setting up libsndio7.0:amd64 (1.9.0-0.3build3) ...
2026-10-08T03:37:52.9368471Z Setting up libdirectfb-1.7-7t64:amd64 (1.7.7-11.1ubuntu2) ...
2026-10-08T03:37:52.9385976Z Setting up libspandsp2t64:amd64 (0.0.6+dfsg-2.1build1) ...
2026-10-08T03:37:52.9402620Z Setting up libvidstab1.1:amd64 (1.1.0-2build1) ...
2026-10-08T03:37:52.9419645Z Setting up libvpx9:amd64 (1.14.0-1ubuntu2.3) ...
2026-10-08T03:37:52.9436111Z Setting up libsrt1.5-gnutls:amd64 (1.5.3-1build2) ...
2026-10-08T03:37:52.9451022Z Setting up libtag1v5:amd64 (1.13.1-1build1) ...
2026-10-08T03:37:52.9467978Z Setting up libflite1:amd64 (2.2-6build3) ...
2026-10-08T03:37:52.9483793Z Setting up libdav1d7:amd64 (1.4.1-1build1) ...
2026-10-08T03:37:52.9499543Z Setting up libva-drm2:amd64 (2.20.0-2ubuntu0.2) ...
2026-10-08T03:37:52.9514080Z Setting up fonts-ipafont-gothic (00303-21ubuntu1) ...
2026-10-08T03:37:52.9567138Z update-alternatives: using /usr/share/fonts/opentype/ipafont-gothic/ipag.ttf to provide /usr/share/fonts/truetype/fonts-japanese-gothic.ttf (fonts-japanese-gothic.ttf) in auto mode
2026-10-08T03:37:52.9584530Z Setting up ocl-icd-libopencl1:amd64 (2.3.2-1build1) ...
2026-10-08T03:37:52.9601542Z Setting up libasyncns0:amd64 (0.8-6build4) ...
2026-10-08T03:37:52.9618130Z Setting up libwildmidi2:amd64 (0.4.3-1build3) ...
2026-10-08T03:37:52.9632598Z Setting up libvdpau1:amd64 (1.5-2build1) ...
2026-10-08T03:37:52.9651833Z Setting up libwavpack1:amd64 (5.6.0-1build1) ...
2026-10-08T03:37:52.9667972Z Setting up libbs2b0:amd64 (3.1.0+dfsg-7build1) ...
2026-10-08T03:37:52.9683110Z Setting up libtheora0:amd64 (1.1.1+dfsg.1-16.1build3) ...
2026-10-08T03:37:52.9699110Z Setting up libegl1:amd64 (1.7.0-1build1) ...
2026-10-08T03:37:52.9715276Z Setting up libdecor-0-0:amd64 (0.2.2-1build2) ...
2026-10-08T03:37:52.9729229Z Setting up libdca0:amd64 (0.0.7-2build1) ...
2026-10-08T03:37:52.9744551Z Setting up libzimg2:amd64 (3.0.5+ds1-1build1) ...
2026-10-08T03:37:52.9759293Z Setting up libopenal-data (1:1.23.1-4build1) ...
2026-10-08T03:37:52.9781399Z Setting up libevent-core-2.1-7t64:amd64 (2.1.12-stable-9ubuntu2.2) ...
2026-10-08T03:37:52.9795983Z Setting up libabsl20220623t64:amd64 (20220623.1-3.1ubuntu3.2) ...
2026-10-08T03:37:52.9817781Z Setting up libflac12t64:amd64 (1.4.3+ds-2.1ubuntu2) ...
2026-10-08T03:37:52.9828862Z Setting up libgtk-4-common (4.14.5+ds-0ubuntu0.10) ...
2026-10-08T03:37:52.9842910Z Setting up libmpeg2encpp-2.1-0t64:amd64 (1:2.1.0+debian-8.1build1) ...
2026-10-08T03:37:52.9859216Z Setting up glib-networking-common (2.80.0-1build1) ...
2026-10-08T03:37:52.9873876Z Setting up libmfx1:amd64 (22.5.4-1) ...
2026-10-08T03:37:52.9887657Z Setting up libde265-0:amd64 (1.0.15-1ubuntu0.1) ...
2026-10-08T03:37:52.9903827Z Setting up libsamplerate0:amd64 (0.2.2-4build1) ...
2026-10-08T03:37:52.9917386Z Setting up timgm6mb-soundfont (1.3-5) ...
2026-10-08T03:37:52.9981421Z update-alternatives: using /usr/share/sounds/sf2/TimGM6mb.sf2 to provide /usr/share/sounds/sf2/default-GM.sf2 (default-GM.sf2) in auto mode
2026-10-08T03:37:53.0013090Z update-alternatives: using /usr/share/sounds/sf2/TimGM6mb.sf2 to provide /usr/share/sounds/sf3/default-GM.sf3 (default-GM.sf3) in auto mode
2026-10-08T03:37:53.0025383Z Setting up libva-x11-2:amd64 (2.20.0-2ubuntu0.2) ...
2026-10-08T03:37:53.0042795Z Setting up libyuv0:amd64 (0.0~git202401110.af6ac82-1) ...
2026-10-08T03:37:53.0058830Z Setting up libmplex2-2.1-0t64:amd64 (1:2.1.0+debian-8.1build1) ...
2026-10-08T03:37:53.0073767Z Setting up libpipewire-0.3-0t64:amd64 (1.0.5-1ubuntu3.3) ...
2026-10-08T03:37:53.0091553Z Setting up libopenmpt0t64:amd64 (0.7.3-1.1build3) ...
2026-10-08T03:37:53.0106366Z Setting up libzvbi-common (0.2.42-2) ...
2026-10-08T03:37:53.0122970Z Setting up libsecret-common (0.21.4-1build3) ...
2026-10-08T03:37:53.0137213Z Setting up libmp3lame0:amd64 (3.100-6build1) ...
2026-10-08T03:37:53.0155447Z Setting up libgraphene-1.0-0:amd64 (1.10.8-3build2) ...
2026-10-08T03:37:53.0170412Z Setting up libvorbisenc2:amd64 (1.3.7-1build3) ...
2026-10-08T03:37:53.0185295Z Setting up libdvdnav4:amd64 (6.1.1-3build1) ...
2026-10-08T03:37:53.0204067Z Setting up fonts-unifont (1:15.1.01-1build1) ...
2026-10-08T03:37:53.0219944Z Setting up libaa1:amd64 (1.4p5-51.1) ...
2026-10-08T03:37:53.0238541Z Setting up libiec61883-0:amd64 (1.2.0-6build1) ...
2026-10-08T03:37:53.0253434Z Setting up libserd-0-0:amd64 (0.32.2-1) ...
2026-10-08T03:37:53.0268509Z Setting up libavc1394-0:amd64 (0.5.4-5build3) ...
2026-10-08T03:37:53.0285249Z Setting up gsettings-desktop-schemas (46.1-0ubuntu1) ...
2026-10-08T03:37:53.0302082Z Setting up glib-networking-services (2.80.0-1build1) ...
2026-10-08T03:37:53.0319483Z Setting up liblapack3:amd64 (3.12.0-3build1.1) ...
2026-10-08T03:37:53.0364454Z update-alternatives: using /usr/lib/x86_64-linux-gnu/lapack/liblapack.so.3 to provide /usr/lib/x86_64-linux-gnu/liblapack.so.3 (liblapack.so.3-x86_64-linux-gnu) in auto mode
2026-10-08T03:37:53.0377441Z Setting up libglx-mesa0:amd64 (25.2.8-0ubuntu0.24.04.4) ...
2026-10-08T03:37:53.0392488Z Setting up libzvbi0t64:amd64 (0.2.42-2) ...
2026-10-08T03:37:53.0411020Z Setting up libevent-pthreads-2.1-7t64:amd64 (2.1.12-stable-9ubuntu2.2) ...
2026-10-08T03:37:53.0430033Z Setting up liblrdf0:amd64 (0.6.1-4build1) ...
2026-10-08T03:37:53.0444872Z Setting up libzbar0t64:amd64 (0.23.93-4build3) ...
2026-10-08T03:37:53.0463635Z Setting up libgstreamer-plugins-base1.0-0:amd64 (1.24.2-1ubuntu0.5) ...
2026-10-08T03:37:53.0479638Z Setting up libavutil58:amd64 (7:6.1.1-3ubuntu5) ...
2026-10-08T03:37:53.0494074Z Setting up libopenal1:amd64 (1:1.23.1-4build1) ...
2026-10-08T03:37:53.0512111Z Setting up libsecret-1-0:amd64 (0.21.4-1build3) ...
2026-10-08T03:37:53.0528670Z Setting up libgstreamer-plugins-good1.0-0:amd64 (1.24.2-1ubuntu1.8) ...
2026-10-08T03:37:53.0542855Z Setting up libgstreamer-gl1.0-0:amd64 (1.24.2-1ubuntu0.5) ...
2026-10-08T03:37:53.0561835Z Setting up gstreamer1.0-plugins-base:amd64 (1.24.2-1ubuntu0.5) ...
2026-10-08T03:37:53.0578264Z Setting up libfreetype6:amd64 (2.13.2+dfsg-1ubuntu0.2) ...
2026-10-08T03:37:53.0595248Z Setting up libswresample4:amd64 (7:6.1.1-3ubuntu5) ...
2026-10-08T03:37:53.0610160Z Setting up libopenexr-3-1-30:amd64 (3.1.5-5.1build3) ...
2026-10-08T03:37:53.0624639Z Setting up libshout3:amd64 (2.4.6-1build2) ...
2026-10-08T03:37:53.0641272Z Setting up libgav1-1:amd64 (0.18.0-1build3) ...
2026-10-08T03:37:53.0655907Z Setting up libavcodec60:amd64 (7:6.1.1-3ubuntu5) ...
2026-10-08T03:37:53.0672314Z Setting up librubberband2:amd64 (3.3.0+dfsg-2build1) ...
2026-10-08T03:37:53.0688824Z Setting up libjack-jackd2-0:amd64 (1.9.21~dfsg-3ubuntu3) ...
2026-10-08T03:37:53.0703603Z Setting up libsord-0-0:amd64 (0.16.16-2build1) ...
2026-10-08T03:37:53.0722445Z Setting up libpostproc57:amd64 (7:6.1.1-3ubuntu5) ...
2026-10-08T03:37:53.0738778Z Setting up libsratom-0-0:amd64 (0.6.16-1build1) ...
2026-10-08T03:37:53.0753791Z Setting up libsndfile1:amd64 (1.2.2-1ubuntu5.24.04.1) ...
2026-10-08T03:37:53.0771374Z Setting up libbluray2:amd64 (1:1.3.4-1build1) ...
2026-10-08T03:37:53.0789206Z Setting up liblilv-0-0:amd64 (0.24.22-1build1) ...
2026-10-08T03:37:53.0808376Z Setting up libinstpatch-1.0-2:amd64 (1.1.6-1build2) ...
2026-10-08T03:37:53.0827029Z Setting up libswscale7:amd64 (7:6.1.1-3ubuntu5) ...
2026-10-08T03:37:53.1199093Z Setting up libcairo-script-interpreter2:amd64 (1.18.0-3build1) ...
2026-10-08T03:37:53.1216784Z Setting up libavif16:amd64 (1.0.4-1ubuntu3) ...
2026-10-08T03:37:53.1236470Z Setting up libpulse0:amd64 (1:16.1+dfsg1-2ubuntu10.1) ...
2026-10-08T03:37:53.1293327Z Setting up libavformat60:amd64 (7:6.1.1-3ubuntu5) ...
2026-10-08T03:37:53.1312585Z Setting up xfonts-utils (1:7.7+6build3) ...
2026-10-08T03:37:53.1343989Z Setting up libsphinxbase3t64:amd64 (0.8+5prealpha+1-17build2) ...
2026-10-08T03:37:53.1360582Z Setting up libass9:amd64 (1:0.17.1-2build1) ...
2026-10-08T03:37:53.1379132Z Setting up xfonts-cyrillic (1:1.0.5+nmu1) ...
2026-10-08T03:37:53.1677031Z Setting up libsdl2-2.0-0:amd64 (2.30.0+dfsg-1ubuntu3.1) ...
2026-10-08T03:37:53.1740824Z Setting up xfonts-scalable (1:1.0.3-1.3) ...
2026-10-08T03:37:53.2098377Z Setting up libfluidsynth3:amd64 (2.3.4-1build3) ...
2026-10-08T03:37:53.2151035Z Setting up libpocketsphinx3:amd64 (0.8.0+real5prealpha+1-15ubuntu5) ...
2026-10-08T03:37:53.2209072Z Setting up libavfilter9:amd64 (7:6.1.1-3ubuntu5) ...
2026-10-08T03:37:53.2257529Z Setting up gstreamer1.0-libav:amd64 (1.24.1-1build1) ...
2026-10-08T03:37:53.2520677Z Processing triggers for fontconfig (2.15.0-1.1ubuntu2) ...
2026-10-08T03:37:53.3141347Z Processing triggers for libc-bin (2.39-0ubuntu8.9) ...
2026-10-08T03:37:53.5205331Z Processing triggers for man-db (2.12.0-4build2) ...
2026-10-08T03:37:53.5224570Z Not building database; man-db/auto-update is not 'true'.
2026-10-08T03:37:53.5248378Z Processing triggers for libglib2.0-0t64:amd64 (2.80.0-6ubuntu3.9) ...
2026-10-08T03:37:53.5638611Z Setting up libgtk-4-1:amd64 (4.14.5+ds-0ubuntu0.10) ...
2026-10-08T03:37:53.5991754Z Setting up glib-networking:amd64 (2.80.0-1build1) ...
2026-10-08T03:37:53.6017216Z Setting up libsoup-3.0-0:amd64 (3.4.4-5ubuntu0.9) ...
2026-10-08T03:37:53.6044484Z Setting up libgssdp-1.6-0:amd64 (1.6.3-1build3) ...
2026-10-08T03:37:53.6092014Z Setting up gstreamer1.0-plugins-good:amd64 (1.24.2-1ubuntu1.8) ...
2026-10-08T03:37:53.6112133Z Setting up libgupnp-1.6-0:amd64 (1.6.6-1build3) ...
2026-10-08T03:37:53.6154259Z Setting up libgupnp-igd-1.6-0:amd64 (1.6.0-3build3) ...
2026-10-08T03:37:53.6180869Z Setting up libnice10:amd64 (0.1.21-2build3) ...
2026-10-08T03:37:53.6221665Z Setting up libgstreamer-plugins-bad1.0-0:amd64 (1.24.2-1ubuntu4) ...
2026-10-08T03:37:53.6254406Z Setting up gstreamer1.0-plugins-bad:amd64 (1.24.2-1ubuntu4) ...
2026-10-08T03:37:53.6276449Z Processing triggers for libc-bin (2.39-0ubuntu8.9) ...
2026-10-08T03:37:54.1470173Z 
2026-10-08T03:37:54.1470732Z Running kernel seems to be up-to-date.
2026-10-08T03:37:54.1470929Z 
2026-10-08T03:37:54.1471000Z Restarting services...
2026-10-08T03:37:54.1527602Z  systemctl restart php8.3-fpm.service
2026-10-08T03:37:54.2312292Z 
2026-10-08T03:37:54.2313717Z No containers need to be restarted.
2026-10-08T03:37:54.2314055Z 
2026-10-08T03:37:54.2314255Z No user sessions are running outdated binaries.
2026-10-08T03:37:54.2314963Z 
2026-10-08T03:37:54.2315233Z No VM guests are running outdated hypervisor (qemu) binaries on this host.
2026-10-08T03:37:54.8686301Z Downloading Chrome for Testing 151.0.7922.34 (playwright chromium v1234) from https://cdn.playwright.dev/builds/cft/151.0.7922.34/linux64/chrome-linux64.zip
2026-10-08T03:37:55.7966040Z |                                                                                |   0% of 184.3 MiB
2026-10-08T03:37:56.0046698Z |■■■■■■■■                                                                        |  10% of 184.3 MiB
2026-10-08T03:37:56.1403690Z |■■■■■■■■■■■■■■■■                                                                |  20% of 184.3 MiB
2026-10-08T03:37:56.2436440Z |■■■■■■■■■■■■■■■■■■■■■■■■                                                        |  30% of 184.3 MiB
2026-10-08T03:37:56.3718678Z |■■■■■■■■■■■■■■■■■■■■■■■■■■■■■■■■                                                |  40% of 184.3 MiB
2026-10-08T03:37:56.4605055Z |■■■■■■■■■■■■■■■■■■■■■■■■■■■■■■■■■■■■■■■■                                        |  50% of 184.3 MiB
2026-10-08T03:37:56.5932195Z |■■■■■■■■■■■■■■■■■■■■■■■■■■■■■■■■■■■■■■■■■■■■■■■■                                |  60% of 184.3 MiB
2026-10-08T03:37:56.7132783Z |■■■■■■■■■■■■■■■■■■■■■■■■■■■■■■■■■■■■■■■■■■■■■■■■■■■■■■■■                        |  70% of 184.3 MiB
2026-10-08T03:37:56.8235193Z |■■■■■■■■■■■■■■■■■■■■■■■■■■■■■■■■■■■■■■■■■■■■■■■■■■■■■■■■■■■■■■■■                |  80% of 184.3 MiB
2026-10-08T03:37:56.9575067Z |■■■■■■■■■■■■■■■■■■■■■■■■■■■■■■■■■■■■■■■■■■■■■■■■■■■■■■■■■■■■■■■■■■■■■■■■        |  90% of 184.3 MiB
2026-10-08T03:37:57.0564180Z |■■■■■■■■■■■■■■■■■■■■■■■■■■■■■■■■■■■■■■■■■■■■■■■■■■■■■■■■■■■■■■■■■■■■■■■■■■■■■■■■| 100% of 184.3 MiB
2026-10-08T03:37:59.4928632Z Chrome for Testing 151.0.7922.34 (playwright chromium v1234) downloaded to /home/runner/.cache/ms-playwright/chromium-1234
2026-10-08T03:37:59.4931841Z Downloading Chrome Headless Shell 151.0.7922.34 (playwright chromium-headless-shell v1234) from https://cdn.playwright.dev/builds/cft/151.0.7922.34/linux64/chrome-headless-shell-linux64.zip
2026-10-08T03:38:00.4297481Z |                                                                                |   0% of 114.7 MiB
2026-10-08T03:38:00.5693494Z |■■■■■■■■                                                                        |  10% of 114.7 MiB
2026-10-08T03:38:00.6378778Z |■■■■■■■■■■■■■■■■                                                                |  20% of 114.7 MiB
2026-10-08T03:38:00.7200012Z |■■■■■■■■■■■■■■■■■■■■■■■■                                                        |  30% of 114.7 MiB
2026-10-08T03:38:00.7947085Z |■■■■■■■■■■■■■■■■■■■■■■■■■■■■■■■■                                                |  40% of 114.7 MiB
2026-10-08T03:38:00.8706753Z |■■■■■■■■■■■■■■■■■■■■■■■■■■■■■■■■■■■■■■■■                                        |  50% of 114.7 MiB
2026-10-08T03:38:00.9292060Z |■■■■■■■■■■■■■■■■■■■■■■■■■■■■■■■■■■■■■■■■■■■■■■■■                                |  60% of 114.7 MiB
2026-10-08T03:38:00.9955308Z |■■■■■■■■■■■■■■■■■■■■■■■■■■■■■■■■■■■■■■■■■■■■■■■■■■■■■■■■                        |  70% of 114.7 MiB
2026-10-08T03:38:01.0695061Z |■■■■■■■■■■■■■■■■■■■■■■■■■■■■■■■■■■■■■■■■■■■■■■■■■■■■■■■■■■■■■■■■                |  80% of 114.7 MiB
2026-10-08T03:38:01.1268798Z |■■■■■■■■■■■■■■■■■■■■■■■■■■■■■■■■■■■■■■■■■■■■■■■■■■■■■■■■■■■■■■■■■■■■■■■■        |  90% of 114.7 MiB
2026-10-08T03:38:01.2147017Z |■■■■■■■■■■■■■■■■■■■■■■■■■■■■■■■■■■■■■■■■■■■■■■■■■■■■■■■■■■■■■■■■■■■■■■■■■■■■■■■■| 100% of 114.7 MiB
2026-10-08T03:38:02.7658040Z Chrome Headless Shell 151.0.7922.34 (playwright chromium-headless-shell v1234) downloaded to /home/runner/.cache/ms-playwright/chromium_headless_shell-1234
2026-10-08T03:38:02.7660303Z Downloading Firefox 153.0 (playwright firefox v1538) from https://cdn.playwright.dev/dbazure/download/playwright/builds/firefox/1538/firefox-ubuntu-24.04.zip
2026-10-08T03:38:03.6229954Z |                                                                                |   0% of 108.2 MiB
2026-10-08T03:38:03.6689416Z |■■■■■■■■                                                                        |  10% of 108.2 MiB
2026-10-08T03:38:03.7264668Z |■■■■■■■■■■■■■■■■                                                                |  20% of 108.2 MiB
2026-10-08T03:38:03.7911102Z |■■■■■■■■■■■■■■■■■■■■■■■■                                                        |  30% of 108.2 MiB
2026-10-08T03:38:03.8277090Z |■■■■■■■■■■■■■■■■■■■■■■■■■■■■■■■■                                                |  40% of 108.2 MiB
2026-10-08T03:38:03.8627868Z |■■■■■■■■■■■■■■■■■■■■■■■■■■■■■■■■■■■■■■■■                                        |  50% of 108.2 MiB
2026-10-08T03:38:03.9239003Z |■■■■■■■■■■■■■■■■■■■■■■■■■■■■■■■■■■■■■■■■■■■■■■■■                                |  60% of 108.2 MiB
2026-10-08T03:38:03.9645570Z |■■■■■■■■■■■■■■■■■■■■■■■■■■■■■■■■■■■■■■■■■■■■■■■■■■■■■■■■                        |  70% of 108.2 MiB
2026-10-08T03:38:04.0045611Z |■■■■■■■■■■■■■■■■■■■■■■■■■■■■■■■■■■■■■■■■■■■■■■■■■■■■■■■■■■■■■■■■                |  80% of 108.2 MiB
2026-10-08T03:38:04.0434423Z |■■■■■■■■■■■■■■■■■■■■■■■■■■■■■■■■■■■■■■■■■■■■■■■■■■■■■■■■■■■■■■■■■■■■■■■■        |  90% of 108.2 MiB
2026-10-08T03:38:04.0726976Z |■■■■■■■■■■■■■■■■■■■■■■■■■■■■■■■■■■■■■■■■■■■■■■■■■■■■■■■■■■■■■■■■■■■■■■■■■■■■■■■■| 100% of 108.2 MiB
2026-10-08T03:38:05.4798289Z Firefox 153.0 (playwright firefox v1538) downloaded to /home/runner/.cache/ms-playwright/firefox-1538
2026-10-08T03:38:05.4800522Z Downloading WebKit 26.5 (playwright webkit v2336) from https://cdn.playwright.dev/dbazure/download/playwright/builds/webkit/2336/webkit-ubuntu-24.04.zip
2026-10-08T03:38:06.3018353Z |                                                                                |   0% of 102 MiB
2026-10-08T03:38:06.3370012Z |■■■■■■■■                                                                        |  10% of 102 MiB
2026-10-08T03:38:06.3885952Z |■■■■■■■■■■■■■■■■                                                                |  20% of 102 MiB
2026-10-08T03:38:06.4630234Z |■■■■■■■■■■■■■■■■■■■■■■■■                                                        |  30% of 102 MiB
2026-10-08T03:38:06.4911698Z |■■■■■■■■■■■■■■■■■■■■■■■■■■■■■■■■                                                |  40% of 102 MiB
2026-10-08T03:38:06.5232061Z |■■■■■■■■■■■■■■■■■■■■■■■■■■■■■■■■■■■■■■■■                                        |  50% of 102 MiB
2026-10-08T03:38:06.5994834Z |■■■■■■■■■■■■■■■■■■■■■■■■■■■■■■■■■■■■■■■■■■■■■■■■                                |  60% of 102 MiB
2026-10-08T03:38:06.6315426Z |■■■■■■■■■■■■■■■■■■■■■■■■■■■■■■■■■■■■■■■■■■■■■■■■■■■■■■■■                        |  70% of 102 MiB
2026-10-08T03:38:06.6659093Z |■■■■■■■■■■■■■■■■■■■■■■■■■■■■■■■■■■■■■■■■■■■■■■■■■■■■■■■■■■■■■■■■                |  80% of 102 MiB
2026-10-08T03:38:06.7047406Z |■■■■■■■■■■■■■■■■■■■■■■■■■■■■■■■■■■■■■■■■■■■■■■■■■■■■■■■■■■■■■■■■■■■■■■■■        |  90% of 102 MiB
2026-10-08T03:38:06.7904801Z |■■■■■■■■■■■■■■■■■■■■■■■■■■■■■■■■■■■■■■■■■■■■■■■■■■■■■■■■■■■■■■■■■■■■■■■■■■■■■■■■| 100% of 102 MiB
2026-10-08T03:38:08.1156673Z WebKit 26.5 (playwright webkit v2336) downloaded to /home/runner/.cache/ms-playwright/webkit-2336
2026-10-08T03:38:08.1159339Z Downloading FFmpeg (playwright ffmpeg v1011) from https://cdn.playwright.dev/dbazure/download/playwright/builds/ffmpeg/1011/ffmpeg-linux.zip
2026-10-08T03:38:08.9763056Z |                                                                                |   0% of 2.3 MiB
2026-10-08T03:38:08.9792699Z |■■■■■■■■                                                                        |  10% of 2.3 MiB
2026-10-08T03:38:08.9819399Z |■■■■■■■■■■■■■■■■                                                                |  20% of 2.3 MiB
2026-10-08T03:38:08.9923543Z |■■■■■■■■■■■■■■■■■■■■■■■■                                                        |  30% of 2.3 MiB
2026-10-08T03:38:08.9932165Z |■■■■■■■■■■■■■■■■■■■■■■■■■■■■■■■■                                                |  40% of 2.3 MiB
2026-10-08T03:38:08.9953883Z |■■■■■■■■■■■■■■■■■■■■■■■■■■■■■■■■■■■■■■■■                                        |  50% of 2.3 MiB
2026-10-08T03:38:08.9961355Z |■■■■■■■■■■■■■■■■■■■■■■■■■■■■■■■■■■■■■■■■■■■■■■■■                                |  60% of 2.3 MiB
2026-10-08T03:38:08.9970604Z |■■■■■■■■■■■■■■■■■■■■■■■■■■■■■■■■■■■■■■■■■■■■■■■■■■■■■■■■                        |  70% of 2.3 MiB
2026-10-08T03:38:08.9986074Z |■■■■■■■■■■■■■■■■■■■■■■■■■■■■■■■■■■■■■■■■■■■■■■■■■■■■■■■■■■■■■■■■                |  80% of 2.3 MiB
2026-10-08T03:38:08.9993235Z |■■■■■■■■■■■■■■■■■■■■■■■■■■■■■■■■■■■■■■■■■■■■■■■■■■■■■■■■■■■■■■■■■■■■■■■■        |  90% of 2.3 MiB
2026-10-08T03:38:08.9998563Z |■■■■■■■■■■■■■■■■■■■■■■■■■■■■■■■■■■■■■■■■■■■■■■■■■■■■■■■■■■■■■■■■■■■■■■■■■■■■■■■■| 100% of 2.3 MiB
2026-10-08T03:38:09.0404732Z FFmpeg (playwright ffmpeg v1011) downloaded to /home/runner/.cache/ms-playwright/ffmpeg-1011
2026-10-08T03:38:09.3056975Z ##[group]Run node scripts/check-browser-clipboard-capability.mjs > native-clipboard-capability.jsonl
2026-10-08T03:38:09.3057455Z [36;1mnode scripts/check-browser-clipboard-capability.mjs > native-clipboard-capability.jsonl[0m
2026-10-08T03:38:09.3108997Z shell: /usr/bin/bash -e {0}
2026-10-08T03:38:09.3109147Z env:
2026-10-08T03:38:09.3109477Z   FOUNTAIN_DISPLAY_CLIPBOARD_PATTERN: pastes native rich research notes|copies shared automatic list scope|disabled line numbers through native copy
2026-10-08T03:38:09.3109880Z   PNPM_HOME: /home/runner/setup-pnpm/node_modules/.bin
2026-10-08T03:38:09.3110064Z ##[endgroup]
2026-10-08T03:38:31.0324742Z ##[group]Run xvfb-run --auto-servernum env FOUNTAIN_CLIPBOARD_HEADED=1 FOUNTAIN_CLIPBOARD_ENGINE=webkit node scripts/check-browser-clipboard-capability.mjs > native-clipboard-headed-capability.jsonl
2026-10-08T03:38:31.0325718Z [36;1mxvfb-run --auto-servernum env FOUNTAIN_CLIPBOARD_HEADED=1 FOUNTAIN_CLIPBOARD_ENGINE=webkit node scripts/check-browser-clipboard-capability.mjs > native-clipboard-headed-capability.jsonl[0m
2026-10-08T03:38:31.0379060Z shell: /usr/bin/bash -e {0}
2026-10-08T03:38:31.0379222Z env:
2026-10-08T03:38:31.0379555Z   FOUNTAIN_DISPLAY_CLIPBOARD_PATTERN: pastes native rich research notes|copies shared automatic list scope|disabled line numbers through native copy
2026-10-08T03:38:31.0379971Z   PNPM_HOME: /home/runner/setup-pnpm/node_modules/.bin
2026-10-08T03:38:31.0380158Z ##[endgroup]
2026-10-08T03:38:37.2325553Z ##[group]Run pnpm exec playwright test --project=chromium --project=firefox --project=webkit --output=structural-direction-preflight-results --grep "retains structural RTL against native source|imports inherited inline alignment|retains a shared automatic section direction|inserts table columns on the physical left|preserves list direction through real transforms|reorders real runbook blocks|retains shared automatic list scope|retains technical code reading direction" --grep-invert "${FOUNTAIN_DISPLAY_CLIPBOARD_PATTERN}"
2026-10-08T03:38:37.2327681Z [36;1mpnpm exec playwright test --project=chromium --project=firefox --project=webkit --output=structural-direction-preflight-results --grep "retains structural RTL against native source|imports inherited inline alignment|retains a shared automatic section direction|inserts table columns on the physical left|preserves list direction through real transforms|reorders real runbook blocks|retains shared automatic list scope|retains technical code reading direction" --grep-invert "${FOUNTAIN_DISPLAY_CLIPBOARD_PATTERN}"[0m
2026-10-08T03:38:37.2378437Z shell: /usr/bin/bash -e {0}
2026-10-08T03:38:37.2378581Z env:
2026-10-08T03:38:37.2378880Z   FOUNTAIN_DISPLAY_CLIPBOARD_PATTERN: pastes native rich research notes|copies shared automatic list scope|disabled line numbers through native copy
2026-10-08T03:38:37.2379246Z   PNPM_HOME: /home/runner/setup-pnpm/node_modules/.bin
2026-10-08T03:38:37.2379417Z ##[endgroup]
2026-10-08T03:38:38.2392508Z [WebServer] $ vite build -c vite.lib.config.ts && tsc -p tsconfig.build.json && node scripts/copy-assets.mjs && pnpm build:angular
2026-10-08T03:38:38.2393013Z 
2026-10-08T03:38:39.9295032Z [WebServer] $ pnpm --dir tools/angular-build exec ngc -p ../../tsconfig.angular.json && pnpm build:angular-demo
2026-10-08T03:38:39.9295331Z 
2026-10-08T03:38:41.3401423Z [WebServer] $ pnpm --dir tools/angular-build exec ngc -p ../../tsconfig.angular-demo.json
2026-10-08T03:38:41.3401704Z 
2026-10-08T03:38:47.7194168Z 
2026-10-08T03:38:47.7194835Z Running 60 tests using 2 workers
2026-10-08T03:38:47.7195101Z 
2026-10-08T03:38:48.3716879Z [1/60] [chromium] › tests/browser/editor.spec.ts:51:3 › retains technical code reading direction through real settings, editing and downloaded HTML: ltr
2026-10-08T03:38:48.3900343Z [2/60] [chromium] › tests/browser/editor.spec.ts:51:3 › retains technical code reading direction through real settings, editing and downloaded HTML: rtl
2026-10-08T03:38:53.1901559Z [3/60] [chromium] › tests/browser/editor.spec.ts:51:3 › retains technical code reading direction through real settings, editing and downloaded HTML: auto
2026-10-08T03:38:53.4107989Z [4/60] [chromium] › tests/browser/editor.spec.ts:62:3 › retains shared automatic list scope through real convert, typing and downloaded HTML
2026-10-08T03:38:56.9035969Z [5/60] [chromium] › tests/browser/editor.spec.ts:62:3 › retains shared automatic list scope through real lift, typing and downloaded HTML
2026-10-08T03:38:57.5209883Z [6/60] [chromium] › tests/browser/editor.spec.ts:72:3 › reorders real runbook blocks with native pointer feedback in ltr
2026-10-08T03:39:00.4223628Z [7/60] [chromium] › tests/browser/editor.spec.ts:72:3 › reorders real runbook blocks with native pointer feedback in rtl
2026-10-08T03:39:00.8028677Z [8/60] [chromium] › tests/browser/editor.spec.ts:76:1 › reorders real runbook blocks with keyboard structural feedback
2026-10-08T03:39:04.0801822Z [9/60] [chromium] › tests/browser/editor.spec.ts:81:3 › preserves list direction through real transforms and downloaded HTML: unwrap
2026-10-08T03:39:06.4430135Z [10/60] [chromium] › tests/browser/editor.spec.ts:81:3 › preserves list direction through real transforms and downloaded HTML: indent
2026-10-08T03:39:07.2475393Z [11/60] [chromium] › tests/browser/editor.spec.ts:81:3 › preserves list direction through real transforms and downloaded HTML: nested-lift
2026-10-08T03:39:09.4040450Z [12/60] [chromium] › tests/browser/editor.spec.ts:81:3 › preserves list direction through real transforms and downloaded HTML: contained
2026-10-08T03:39:10.2227606Z [13/60] [chromium] › tests/browser/editor.spec.ts:87:3 › inserts table columns on the physical left and right: ltr
2026-10-08T03:39:12.6027098Z [14/60] [chromium] › tests/browser/editor.spec.ts:87:3 › inserts table columns on the physical left and right: rtl-cell-ltr
2026-10-08T03:39:13.5429937Z [15/60] [chromium] › tests/browser/editor.spec.ts:87:3 › inserts table columns on the physical left and right: auto
2026-10-08T03:39:15.6377133Z [16/60] [chromium] › tests/browser/editor.spec.ts:87:3 › inserts table columns on the physical left and right: host-css
2026-10-08T03:39:16.5556911Z [17/60] [chromium] › tests/browser/editor.spec.ts:87:3 › inserts table columns on the physical left and right: rtl-spans
2026-10-08T03:39:18.7228460Z [18/60] [chromium] › tests/browser/editor.spec.ts:92:1 › retains structural RTL against native source through author controls, physical table editing and downloaded HTML
2026-10-08T03:39:19.6178407Z [19/60] [chromium] › tests/browser/editor.spec.ts:96:1 › imports inherited inline alignment against a native surface and keeps it through real editing and downloaded HTML
2026-10-08T03:39:22.0829680Z [20/60] [chromium] › tests/browser/editor.spec.ts:104:1 › retains a shared automatic section direction through first-strong-text editing, history and reader preview
2026-10-08T03:39:24.2633257Z [21/60] [firefox] › tests/browser/editor.spec.ts:51:3 › retains technical code reading direction through real settings, editing and downloaded HTML: ltr
2026-10-08T03:39:26.0280503Z [22/60] [firefox] › tests/browser/editor.spec.ts:51:3 › retains technical code reading direction through real settings, editing and downloaded HTML: rtl
2026-10-08T03:39:30.6818044Z [23/60] [firefox] › tests/browser/editor.spec.ts:51:3 › retains technical code reading direction through real settings, editing and downloaded HTML: auto
2026-10-08T03:39:32.4328363Z [24/60] [firefox] › tests/browser/editor.spec.ts:62:3 › retains shared automatic list scope through real convert, typing and downloaded HTML
2026-10-08T03:39:35.6826871Z [25/60] [firefox] › tests/browser/editor.spec.ts:62:3 › retains shared automatic list scope through real lift, typing and downloaded HTML
2026-10-08T03:39:36.2649211Z [26/60] [firefox] › tests/browser/editor.spec.ts:72:3 › reorders real runbook blocks with native pointer feedback in ltr
2026-10-08T03:39:39.4490644Z [27/60] [firefox] › tests/browser/editor.spec.ts:72:3 › reorders real runbook blocks with native pointer feedback in rtl
2026-10-08T03:39:39.6658161Z [28/60] [firefox] › tests/browser/editor.spec.ts:76:1 › reorders real runbook blocks with keyboard structural feedback
2026-10-08T03:39:42.9450939Z [29/60] [firefox] › tests/browser/editor.spec.ts:81:3 › preserves list direction through real transforms and downloaded HTML: unwrap
2026-10-08T03:39:44.7887429Z [30/60] [firefox] › tests/browser/editor.spec.ts:81:3 › preserves list direction through real transforms and downloaded HTML: indent
2026-10-08T03:39:46.1562479Z [31/60] [firefox] › tests/browser/editor.spec.ts:81:3 › preserves list direction through real transforms and downloaded HTML: nested-lift
2026-10-08T03:39:47.9623151Z [32/60] [firefox] › tests/browser/editor.spec.ts:81:3 › preserves list direction through real transforms and downloaded HTML: contained
2026-10-08T03:39:49.1606038Z [33/60] [firefox] › tests/browser/editor.spec.ts:87:3 › inserts table columns on the physical left and right: ltr
2026-10-08T03:39:51.4266761Z [34/60] [firefox] › tests/browser/editor.spec.ts:87:3 › inserts table columns on the physical left and right: rtl-cell-ltr
2026-10-08T03:39:52.5376106Z [35/60] [firefox] › tests/browser/editor.spec.ts:87:3 › inserts table columns on the physical left and right: auto
2026-10-08T03:39:54.7085303Z [36/60] [firefox] › tests/browser/editor.spec.ts:87:3 › inserts table columns on the physical left and right: host-css
2026-10-08T03:39:55.7368656Z [37/60] [firefox] › tests/browser/editor.spec.ts:87:3 › inserts table columns on the physical left and right: rtl-spans
2026-10-08T03:39:58.2159082Z [38/60] [firefox] › tests/browser/editor.spec.ts:92:1 › retains structural RTL against native source through author controls, physical table editing and downloaded HTML
2026-10-08T03:39:58.8965567Z [39/60] [firefox] › tests/browser/editor.spec.ts:96:1 › imports inherited inline alignment against a native surface and keeps it through real editing and downloaded HTML
2026-10-08T03:40:02.9421461Z [40/60] [firefox] › tests/browser/editor.spec.ts:104:1 › retains a shared automatic section direction through first-strong-text editing, history and reader preview
2026-10-08T03:40:04.7981175Z [41/60] [webkit] › tests/browser/editor.spec.ts:51:3 › retains technical code reading direction through real settings, editing and downloaded HTML: ltr
2026-10-08T03:40:07.4161078Z [42/60] [webkit] › tests/browser/editor.spec.ts:51:3 › retains technical code reading direction through real settings, editing and downloaded HTML: rtl
2026-10-08T03:40:13.5796589Z [43/60] [webkit] › tests/browser/editor.spec.ts:51:3 › retains technical code reading direction through real settings, editing and downloaded HTML: auto
2026-10-08T03:40:15.4957743Z [44/60] [webkit] › tests/browser/editor.spec.ts:62:3 › retains shared automatic list scope through real convert, typing and downloaded HTML
2026-10-08T03:40:21.4056044Z [45/60] [webkit] › tests/browser/editor.spec.ts:62:3 › retains shared automatic list scope through real lift, typing and downloaded HTML
2026-10-08T03:40:21.4517985Z [46/60] [webkit] › tests/browser/editor.spec.ts:72:3 › reorders real runbook blocks with native pointer feedback in ltr
2026-10-08T03:40:27.5838997Z [47/60] [webkit] › tests/browser/editor.spec.ts:72:3 › reorders real runbook blocks with native pointer feedback in rtl
2026-10-08T03:40:27.7310413Z [48/60] [webkit] › tests/browser/editor.spec.ts:76:1 › reorders real runbook blocks with keyboard structural feedback
2026-10-08T03:40:33.4607828Z [49/60] [webkit] › tests/browser/editor.spec.ts:81:3 › preserves list direction through real transforms and downloaded HTML: unwrap
2026-10-08T03:40:36.0740478Z [50/60] [webkit] › tests/browser/editor.spec.ts:81:3 › preserves list direction through real transforms and downloaded HTML: indent
2026-10-08T03:40:37.7917154Z [51/60] [webkit] › tests/browser/editor.spec.ts:81:3 › preserves list direction through real transforms and downloaded HTML: nested-lift
2026-10-08T03:40:40.9243283Z [52/60] [webkit] › tests/browser/editor.spec.ts:81:3 › preserves list direction through real transforms and downloaded HTML: contained
2026-10-08T03:40:42.3892591Z [53/60] [webkit] › tests/browser/editor.spec.ts:87:3 › inserts table columns on the physical left and right: ltr
2026-10-08T03:40:46.1256399Z [54/60] [webkit] › tests/browser/editor.spec.ts:87:3 › inserts table columns on the physical left and right: rtl-cell-ltr
2026-10-08T03:40:47.7357976Z [55/60] [webkit] › tests/browser/editor.spec.ts:87:3 › inserts table columns on the physical left and right: auto
2026-10-08T03:40:51.9140694Z [56/60] [webkit] › tests/browser/editor.spec.ts:87:3 › inserts table columns on the physical left and right: host-css
2026-10-08T03:40:53.1773975Z [57/60] [webkit] › tests/browser/editor.spec.ts:87:3 › inserts table columns on the physical left and right: rtl-spans
2026-10-08T03:40:57.4643453Z [58/60] [webkit] › tests/browser/editor.spec.ts:92:1 › retains structural RTL against native source through author controls, physical table editing and downloaded HTML
2026-10-08T03:40:58.9587697Z [59/60] [webkit] › tests/browser/editor.spec.ts:96:1 › imports inherited inline alignment against a native surface and keeps it through real editing and downloaded HTML
2026-10-08T03:41:02.6839424Z [60/60] [webkit] › tests/browser/editor.spec.ts:104:1 › retains a shared automatic section direction through first-strong-text editing, history and reader preview
2026-10-08T03:41:09.0400150Z   60 passed (2.5m)
2026-10-08T03:41:09.3317780Z ##[group]Run xvfb-run --auto-servernum pnpm exec playwright test --headed --project=chromium --project=firefox --project=webkit --workers=1 --output=structural-direction-clipboard-results --grep "${FOUNTAIN_DISPLAY_CLIPBOARD_PATTERN}"
2026-10-08T03:41:09.3318735Z [36;1mxvfb-run --auto-servernum pnpm exec playwright test --headed --project=chromium --project=firefox --project=webkit --workers=1 --output=structural-direction-clipboard-results --grep "${FOUNTAIN_DISPLAY_CLIPBOARD_PATTERN}"[0m
2026-10-08T03:41:09.3371560Z shell: /usr/bin/bash -e {0}
2026-10-08T03:41:09.3371719Z env:
2026-10-08T03:41:09.3372047Z   FOUNTAIN_DISPLAY_CLIPBOARD_PATTERN: pastes native rich research notes|copies shared automatic list scope|disabled line numbers through native copy
2026-10-08T03:41:09.3372436Z   PNPM_HOME: /home/runner/setup-pnpm/node_modules/.bin
2026-10-08T03:41:09.3372620Z ##[endgroup]
2026-10-08T03:41:10.2595334Z [WebServer] $ vite build -c vite.lib.config.ts && tsc -p tsconfig.build.json && node scripts/copy-assets.mjs && pnpm build:angular
2026-10-08T03:41:10.2596037Z 
2026-10-08T03:41:11.8018302Z [WebServer] $ pnpm --dir tools/angular-build exec ngc -p ../../tsconfig.angular.json && pnpm build:angular-demo
2026-10-08T03:41:11.8018786Z 
2026-10-08T03:41:13.2223948Z [WebServer] $ pnpm --dir tools/angular-build exec ngc -p ../../tsconfig.angular-demo.json
2026-10-08T03:41:13.2224360Z 
2026-10-08T03:41:16.2596330Z 
2026-10-08T03:41:16.2596971Z Running 12 tests using 1 worker
2026-10-08T03:41:16.2597232Z 
2026-10-08T03:41:16.8055974Z [1/12] [chromium] › tests/browser/editor.spec.ts:46:1 › pastes native rich research notes with structure, marks, source and undo
2026-10-08T03:41:19.1597085Z [2/12] [chromium] › tests/browser/editor.spec.ts:56:1 › retains technical code reading direction and disabled line numbers through native copy and HTML fallback
2026-10-08T03:41:22.9737700Z [3/12] [chromium] › tests/browser/editor.spec.ts:65:3 › copies shared automatic list scope through real internal and external clipboard: convert
2026-10-08T03:41:25.7389344Z [4/12] [chromium] › tests/browser/editor.spec.ts:65:3 › copies shared automatic list scope through real internal and external clipboard: lift
2026-10-08T03:41:29.1000252Z [5/12] [firefox] › tests/browser/editor.spec.ts:46:1 › pastes native rich research notes with structure, marks, source and undo
2026-10-08T03:41:32.4111854Z [6/12] [firefox] › tests/browser/editor.spec.ts:56:1 › retains technical code reading direction and disabled line numbers through native copy and HTML fallback
2026-10-08T03:41:36.2933549Z [7/12] [firefox] › tests/browser/editor.spec.ts:65:3 › copies shared automatic list scope through real internal and external clipboard: convert
2026-10-08T03:41:39.2397958Z [8/12] [firefox] › tests/browser/editor.spec.ts:65:3 › copies shared automatic list scope through real internal and external clipboard: lift
2026-10-08T03:41:43.4510719Z [9/12] [webkit] › tests/browser/editor.spec.ts:46:1 › pastes native rich research notes with structure, marks, source and undo
2026-10-08T03:41:48.0692585Z [10/12] [webkit] › tests/browser/editor.spec.ts:56:1 › retains technical code reading direction and disabled line numbers through native copy and HTML fallback
2026-10-08T03:41:58.5474855Z [11/12] [webkit] › tests/browser/editor.spec.ts:65:3 › copies shared automatic list scope through real internal and external clipboard: convert
2026-10-08T03:42:04.8025765Z [12/12] [webkit] › tests/browser/editor.spec.ts:65:3 › copies shared automatic list scope through real internal and external clipboard: lift
2026-10-08T03:42:11.7116043Z   12 passed (1.0m)
2026-10-08T03:42:11.8600198Z ##[group]Run pnpm exec playwright test --project=webkit --grep "opens and cancels public configuration panels|keeps the public native colour field|preserves inert HTML comments|edits RTL blocks|compares list-first code text-click"
2026-10-08T03:42:11.8601548Z [36;1mpnpm exec playwright test --project=webkit --grep "opens and cancels public configuration panels|keeps the public native colour field|preserves inert HTML comments|edits RTL blocks|compares list-first code text-click"[0m
2026-10-08T03:42:11.8659845Z shell: /usr/bin/bash -e {0}
2026-10-08T03:42:11.8660000Z env:
2026-10-08T03:42:11.8660322Z   FOUNTAIN_DISPLAY_CLIPBOARD_PATTERN: pastes native rich research notes|copies shared automatic list scope|disabled line numbers through native copy
2026-10-08T03:42:11.8660710Z   PNPM_HOME: /home/runner/setup-pnpm/node_modules/.bin
2026-10-08T03:42:11.8660911Z ##[endgroup]
2026-10-08T03:42:12.7865729Z [WebServer] $ vite build -c vite.lib.config.ts && tsc -p tsconfig.build.json && node scripts/copy-assets.mjs && pnpm build:angular
2026-10-08T03:42:12.7866494Z 
2026-10-08T03:42:14.3457358Z [WebServer] $ pnpm --dir tools/angular-build exec ngc -p ../../tsconfig.angular.json && pnpm build:angular-demo
2026-10-08T03:42:14.3457848Z 
2026-10-08T03:42:15.8352559Z [WebServer] $ pnpm --dir tools/angular-build exec ngc -p ../../tsconfig.angular-demo.json
2026-10-08T03:42:15.8352993Z 
2026-10-08T03:42:18.7816612Z 
2026-10-08T03:42:18.7817490Z Running 5 tests using 2 workers
2026-10-08T03:42:18.7817877Z 
2026-10-08T03:42:19.4437608Z [1/5] [webkit] › tests/browser/editor.spec.ts:112:1 › edits RTL blocks with native keyboard selection, direction controls, Enter history and HTML reader export
2026-10-08T03:42:19.4569998Z [2/5] [webkit] › tests/browser/editor.spec.ts:100:1 › compares list-first code text-click focus and editing to a plain native surface
2026-10-08T03:42:22.8267913Z [3/5] [webkit] › tests/browser/editor.spec.ts:189:1 › preserves inert HTML comments through human editing source and reader output
2026-10-08T03:42:26.8109293Z [4/5] [webkit] › tests/browser/editor.spec.ts:5426:1 › opens and cancels public configuration panels with keyboard focus and exact document retention
2026-10-08T03:42:35.9625935Z [5/5] [webkit] › tests/browser/editor.spec.ts:5544:1 › keeps the public native colour field focused while formatting selected text and allows undo in the editor
2026-10-08T03:42:40.7132416Z   5 passed (28.2s)
2026-10-08T03:42:40.8419575Z ##[group]Run pnpm exec playwright test --project=firefox --grep "edits RTL blocks|compares list-first code text-click"
2026-10-08T03:42:40.8420382Z [36;1mpnpm exec playwright test --project=firefox --grep "edits RTL blocks|compares list-first code text-click"[0m
2026-10-08T03:42:40.8478255Z shell: /usr/bin/bash -e {0}
2026-10-08T03:42:40.8478501Z env:
2026-10-08T03:42:40.8478883Z   FOUNTAIN_DISPLAY_CLIPBOARD_PATTERN: pastes native rich research notes|copies shared automatic list scope|disabled line numbers through native copy
2026-10-08T03:42:40.8479302Z   PNPM_HOME: /home/runner/setup-pnpm/node_modules/.bin
2026-10-08T03:42:40.8479490Z ##[endgroup]
2026-10-08T03:42:41.7442390Z [WebServer] $ vite build -c vite.lib.config.ts && tsc -p tsconfig.build.json && node scripts/copy-assets.mjs && pnpm build:angular
2026-10-08T03:42:41.7442744Z 
2026-10-08T03:42:43.2696590Z [WebServer] $ pnpm --dir tools/angular-build exec ngc -p ../../tsconfig.angular.json && pnpm build:angular-demo
2026-10-08T03:42:43.2697176Z 
2026-10-08T03:42:44.8168779Z [WebServer] $ pnpm --dir tools/angular-build exec ngc -p ../../tsconfig.angular-demo.json
2026-10-08T03:42:44.8169209Z 
2026-10-08T03:42:47.7359363Z 
2026-10-08T03:42:47.7360319Z Running 2 tests using 2 workers
2026-10-08T03:42:47.7360595Z 
2026-10-08T03:42:48.3901903Z [1/2] [firefox] › tests/browser/editor.spec.ts:100:1 › compares list-first code text-click focus and editing to a plain native surface
2026-10-08T03:42:48.3969870Z [2/2] [firefox] › tests/browser/editor.spec.ts:112:1 › edits RTL blocks with native keyboard selection, direction controls, Enter history and HTML reader export
2026-10-08T03:42:53.6632515Z   2 passed (12.2s)
2026-10-08T03:42:53.7791867Z ##[group]Run pnpm exec playwright test --grep-invert "${FOUNTAIN_DISPLAY_CLIPBOARD_PATTERN}"
2026-10-08T03:42:53.7792248Z [36;1mpnpm exec playwright test --grep-invert "${FOUNTAIN_DISPLAY_CLIPBOARD_PATTERN}"[0m
2026-10-08T03:42:53.7843277Z shell: /usr/bin/bash -e {0}
2026-10-08T03:42:53.7843427Z env:
2026-10-08T03:42:53.7843742Z   FOUNTAIN_DISPLAY_CLIPBOARD_PATTERN: pastes native rich research notes|copies shared automatic list scope|disabled line numbers through native copy
2026-10-08T03:42:53.7844126Z   PNPM_HOME: /home/runner/setup-pnpm/node_modules/.bin
2026-10-08T03:42:53.7844304Z ##[endgroup]
2026-10-08T03:42:54.6443835Z 
2026-10-08T03:42:54.6445273Z [WebServer] $ vite build -c vite.lib.config.ts && tsc -p tsconfig.build.json && node scripts/copy-assets.mjs && pnpm build:angular
2026-10-08T03:42:56.1587225Z [WebServer] $ pnpm --dir tools/angular-build exec ngc -p ../../tsconfig.angular.json && pnpm build:angular-demo
2026-10-08T03:42:56.1587679Z 
2026-10-08T03:42:57.6235720Z [WebServer] $ pnpm --dir tools/angular-build exec ngc -p ../../tsconfig.angular-demo.json
2026-10-08T03:42:57.6236300Z 
2026-10-08T03:43:00.7871781Z 
2026-10-08T03:43:00.7872460Z Running 761 tests using 2 workers
2026-10-08T03:43:00.7872745Z 
2026-10-08T03:43:01.4336433Z [1/761] [chromium] › tests/browser/editor.spec.ts:51:3 › retains technical code reading direction through real settings, editing and downloaded HTML: ltr
2026-10-08T03:43:01.4412533Z [2/761] [chromium] › tests/browser/editor.spec.ts:51:3 › retains technical code reading direction through real settings, editing and downloaded HTML: rtl
2026-10-08T03:43:05.8475598Z [3/761] [chromium] › tests/browser/editor.spec.ts:62:3 › retains shared automatic list scope through real convert, typing and downloaded HTML
2026-10-08T03:43:05.8477340Z [4/761] [chromium] › tests/browser/editor.spec.ts:51:3 › retains technical code reading direction through real settings, editing and downloaded HTML: auto
2026-10-08T03:43:09.2713323Z [5/761] [chromium] › tests/browser/editor.spec.ts:62:3 › retains shared automatic list scope through real lift, typing and downloaded HTML
2026-10-08T03:43:09.8124495Z [6/761] [chromium] › tests/browser/editor.spec.ts:72:3 › reorders real runbook blocks with native pointer feedback in ltr
2026-10-08T03:43:12.4729514Z [7/761] [chromium] › tests/browser/editor.spec.ts:72:3 › reorders real runbook blocks with native pointer feedback in rtl
2026-10-08T03:43:12.9681436Z [8/761] [chromium] › tests/browser/editor.spec.ts:76:1 › reorders real runbook blocks with keyboard structural feedback
2026-10-08T03:43:15.2206853Z [9/761] [chromium] › tests/browser/editor.spec.ts:81:3 › preserves list direction through real transforms and downloaded HTML: unwrap
2026-10-08T03:43:16.8851143Z [10/761] [chromium] › tests/browser/editor.spec.ts:81:3 › preserves list direction through real transforms and downloaded HTML: indent
2026-10-08T03:43:17.9653054Z [11/761] [chromium] › tests/browser/editor.spec.ts:81:3 › preserves list direction through real transforms and downloaded HTML: nested-lift
2026-10-08T03:43:19.5641344Z [12/761] [chromium] › tests/browser/editor.spec.ts:81:3 › preserves list direction through real transforms and downloaded HTML: contained
2026-10-08T03:43:20.7020463Z [13/761] [chromium] › tests/browser/editor.spec.ts:87:3 › inserts table columns on the physical left and right: ltr
2026-10-08T03:43:22.6504971Z [14/761] [chromium] › tests/browser/editor.spec.ts:87:3 › inserts table columns on the physical left and right: rtl-cell-ltr
2026-10-08T03:43:23.8229906Z [15/761] [chromium] › tests/browser/editor.spec.ts:87:3 › inserts table columns on the physical left and right: auto
2026-10-08T03:43:25.6772879Z [16/761] [chromium] › tests/browser/editor.spec.ts:87:3 › inserts table columns on the physical left and right: host-css
2026-10-08T03:43:26.8696712Z [17/761] [chromium] › tests/browser/editor.spec.ts:87:3 › inserts table columns on the physical left and right: rtl-spans
2026-10-08T03:43:28.6831328Z [18/761] [chromium] › tests/browser/editor.spec.ts:92:1 › retains structural RTL against native source through author controls, physical table editing and downloaded HTML
2026-10-08T03:43:29.9325322Z [19/761] [chromium] › tests/browser/editor.spec.ts:96:1 › imports inherited inline alignment against a native surface and keeps it through real editing and downloaded HTML
2026-10-08T03:43:32.2995617Z [20/761] [chromium] › tests/browser/editor.spec.ts:100:1 › compares list-first code text-click focus and editing to a plain native surface
2026-10-08T03:43:33.0421348Z [21/761] [chromium] › tests/browser/editor.spec.ts:104:1 › retains a shared automatic section direction through first-strong-text editing, history and reader preview
2026-10-08T03:43:34.3248723Z [22/761] [chromium] › tests/browser/editor.spec.ts:108:1 › authors physical-left alignment under an RTL host and inherited-auto reader with history
2026-10-08T03:43:35.9741588Z [23/761] [chromium] › tests/browser/editor.spec.ts:112:1 › edits RTL blocks with native keyboard selection, direction controls, Enter history and HTML reader export
2026-10-08T03:43:37.0242141Z [24/761] [chromium] › tests/browser/editor.spec.ts:116:1 › separates the homepage framework descenders from the italic extend line
2026-10-08T03:43:38.8588121Z [25/761] [chromium] › tests/browser/editor.spec.ts:135:1 › keeps consecutive marked quoted and table blank lines visible in reader and saved HTML
2026-10-08T03:43:40.8127067Z [26/761] [chromium] › tests/browser/editor.spec.ts:139:1 › fills and reopens a retained childless paragraph using real pointer typing Enter Backspace and undo
2026-10-08T03:43:42.0013479Z [27/761] [chromium] › tests/browser/editor.spec.ts:143:1 › edits structured inert block wrappers with actual table navigation Enter Backspace history and safe reopening
2026-10-08T03:43:44.3303413Z [28/761] [chromium] › tests/browser/editor.spec.ts:147:1 › retains HTML link navigation and literal Markdown data through real editing and reopening
2026-10-08T03:43:47.0570667Z [29/761] [chromium] › tests/browser/editor.spec.ts:151:1 › edits inert script style textarea source with real Enter Backspace history and safe reader reopening
2026-10-08T03:43:50.8744323Z [30/761] [chromium] › tests/browser/editor.spec.ts:155:1 › retains unfinished raw HTML as editable Markdown source and discloses direct HTML omissions
2026-10-08T03:43:51.2040987Z [31/761] [chromium] › tests/browser/editor.spec.ts:159:1 › preserves registered inert inline source through real typing history and Markdown HTML JSON reopening
2026-10-08T03:43:54.0931349Z [32/761] [chromium] › tests/browser/editor.spec.ts:163:1 › preserves immutable snapshots and owned attributes through real typing Enter history and JSON reopening
2026-10-08T03:43:55.0649513Z [33/761] [chromium] › tests/browser/editor.spec.ts:167:1 › imports private files in the conversion lab with reports and export reopen
2026-10-08T03:43:55.4021396Z [34/761] [chromium] › tests/browser/editor.spec.ts:171:1 › resolves unequal Markdown runs through actual selection editing history download and reader reopen
2026-10-08T03:43:58.4353252Z [35/761] [chromium] › tests/browser/editor.spec.ts:176:3 › retains partial Markdown em scope through real typing history and canonical reopening
2026-10-08T03:43:59.6007965Z [36/761] [chromium] › tests/browser/editor.spec.ts:176:3 › retains partial Markdown strong scope through real typing history and canonical reopening
2026-10-08T03:44:00.5032526Z [37/761] [chromium] › tests/browser/editor.spec.ts:181:1 › submits resets and disables a native form-associated Web Component
2026-10-08T03:44:00.9133572Z [38/761] [chromium] › tests/browser/editor.spec.ts:185:1 › converts document-wide HTML scopes with source edit undo and explicit layout differences
2026-10-08T03:44:02.8390918Z [39/761] [chromium] › tests/browser/editor.spec.ts:189:1 › preserves inert HTML comments through human editing source and reader output
2026-10-08T03:44:04.7243822Z [40/761] [chromium] › tests/browser/editor.spec.ts:193:1 › copies anonymous flow internally and into an external plain-text editor through real clipboard
2026-10-08T03:44:06.5530044Z [41/761] [chromium] › tests/browser/editor.spec.ts:198:1 › retains cleared anonymous flow through real cut save reopen and continued editing
2026-10-08T03:44:07.9971056Z [42/761] [chromium] › tests/browser/editor.spec.ts:202:1 › retains anonymous HTML flow without extra spacing through real typing Enter deletion and reader output
2026-10-08T03:44:09.7048005Z [43/761] [chromium] › tests/browser/editor.spec.ts:206:1 › retains literal flow newlines through actual Markdown export and source reimport
2026-10-08T03:44:11.8414815Z [44/761] [chromium] › tests/browser/editor.spec.ts:210:1 › edits protected Markdown images and dividers inside HTML sections through history and reopening
2026-10-08T03:44:12.1268368Z [45/761] [chromium] › tests/browser/editor.spec.ts:214:1 › edits protected Markdown tables inside HTML sections through cell navigation history and reopening
2026-10-08T03:44:14.9291690Z [46/761] [chromium] › tests/browser/editor.spec.ts:218:1 › authors sections with properties, empty content, undo and reader preview
2026-10-08T03:44:15.7102880Z [47/761] [chromium] › tests/browser/editor.spec.ts:222:1 › preserves optional section containers through real editing and reader output
2026-10-08T03:44:18.0118879Z [48/761] [chromium] › tests/browser/editor.spec.ts:226:1 › edits and reopens a Word glossary with term and description roles
2026-10-08T03:44:19.0650689Z [49/761] [chromium] › tests/browser/editor.spec.ts:230:1 › imports and edits Word content controls without losing visible content
2026-10-08T03:44:21.7787505Z [50/761] [chromium] › tests/browser/editor.spec.ts:252:1 › preserves code endings through source recovery and reader handoff
2026-10-08T03:44:22.7416847Z [51/761] [chromium] › tests/browser/editor.spec.ts:256:1 › edits definition lists and reopens a glossary in a reader
2026-10-08T03:44:26.0067701Z [52/761] [chromium] › tests/browser/editor.spec.ts:260:1 › edits registered HTML wrappers after Markdown source recovery
2026-10-08T03:44:26.6100053Z [53/761] [chromium] › tests/browser/editor.spec.ts:264:1 › retains the complete document through pointer and keyboard output-format changes
2026-10-08T03:44:27.7331286Z [54/761] [chromium] › tests/browser/editor.spec.ts:268:1 › recovers nested Markdown lists and quotes through an editor and reader
2026-10-08T03:44:34.7141879Z [55/761] [chromium] › tests/browser/editor.spec.ts:272:1 › edits opaque code labels and reopens them safely in a reader
2026-10-08T03:44:35.1808975Z [56/761] [chromium] › tests/browser/editor.spec.ts:277:1 › guards editor actions against page reloads without suppressing failures
2026-10-08T03:44:36.3848419Z [57/761] [chromium] › tests/browser/editor.spec.ts:287:1 › recovers paragraph HTML into editable blocks and a reopened reader
2026-10-08T03:44:38.1550650Z [58/761] [chromium] › tests/browser/editor.spec.ts:291:1 › reads separate retired paragraphs after Markdown HTML scope conversion and handoff
2026-10-08T03:44:41.1350170Z [59/761] [chromium] › tests/browser/editor.spec.ts:295:1 › preserves headerless and mixed tables through source and file handoff
2026-10-08T03:44:43.8736338Z [60/761] [chromium] › tests/browser/editor.spec.ts:299:1 › retains HTML block formatting through server import, paste and draft handoff
2026-10-08T03:44:48.0064760Z [61/761] [chromium] › tests/browser/editor.spec.ts:303:1 › discovers product workflows and preserves separate task drafts and histories
2026-10-08T03:44:50.0281445Z [62/761] [chromium] › tests/browser/editor.spec.ts:307:1 › retains escaped pipes and strikethrough through table edits and Markdown handoff
2026-10-08T03:44:52.8594928Z [63/761] [chromium] › tests/browser/editor.spec.ts:311:1 › retains literal text lines through editing and Markdown handoff
2026-10-08T03:44:54.9070103Z [64/761] [chromium] › tests/browser/editor.spec.ts:315:1 › keeps literal syntax unformatted through visual edits and Markdown reopen
2026-10-08T03:44:55.7071278Z [65/761] [chromium] › tests/browser/editor.spec.ts:319:1 › chooses literal address import and retains links through DOCX handoff
2026-10-08T03:44:57.6124522Z [66/761] [chromium] › tests/browser/editor.spec.ts:323:1 › writes and reopens an issue with visual Markdown source fidelity and reader preview
2026-10-08T03:45:00.2923967Z [67/761] [chromium] › tests/browser/editor.spec.ts:327:1 › issue workflow preserves root references and validates local image files
2026-10-08T03:45:00.8776155Z [68/761] [chromium] › tests/browser/editor.spec.ts:359:1 › issue workflow preserves reference prefixes and reports container fallback
2026-10-08T03:45:02.5406696Z [69/761] [chromium] › tests/browser/editor.spec.ts:383:1 › reopens a full HTML report without promoting page metadata into editor content
2026-10-08T03:45:03.1929504Z [70/761] [chromium] › tests/browser/editor.spec.ts:387:1 › matches native document parsing for HTML envelopes, recovery, and noscript
2026-10-08T03:45:04.6013834Z [71/761] [chromium] › tests/browser/editor.spec.ts:401:1 › aligns selected paragraphs using backward selection, toolbar, history and HTML export
2026-10-08T03:45:05.6867537Z [72/761] [chromium] › tests/browser/editor.spec.ts:405:1 › exports independent DOCX list starts and renders the same procedure beside the editor
2026-10-08T03:45:06.8495666Z [73/761] [chromium] › tests/browser/editor.spec.ts:409:1 › retains zero-based list numbers through keyboard outdent history and export
2026-10-08T03:45:07.6794215Z [74/761] [chromium] › tests/browser/editor.spec.ts:413:1 › imports ordered-list starts like the native browser integer parser
2026-10-08T03:45:09.2827937Z [75/761] [chromium] › tests/browser/editor.spec.ts:427:1 › uses first-party Angular signals and directive for campaign editing and owner cleanup
2026-10-08T03:45:09.4247724Z [76/761] [chromium] › tests/browser/editor.spec.ts:431:1 › disposes Svelte custom block views before their owned engine
2026-10-08T03:45:11.1767983Z [77/761] [chromium] › tests/browser/editor.spec.ts:440:1 › uses first-party Svelte bindings for table editing, history, stores and owner disposal
2026-10-08T03:45:14.8678792Z [78/761] [chromium] › tests/browser/editor.spec.ts:444:1 › uses first-party Vue bindings for editing, reactive state, history and view remounts
2026-10-08T03:45:14.8768605Z [79/761] [chromium] › tests/browser/editor.spec.ts:448:1 › keeps real SVG equation links inside paged snapshots across editing and rebuilding
2026-10-08T03:45:18.4652681Z [80/761] [chromium] › tests/browser/editor.spec.ts:452:1 › saves and reopens equation files with source, references and history intact
2026-10-08T03:45:19.4400490Z [81/761] [chromium] › tests/browser/editor.spec.ts:456:1 › recovers from textless replacement for native typing, lines and history
2026-10-08T03:45:20.8154518Z [82/761] [chromium] › tests/browser/editor.spec.ts:460:1 › renders labelled equations and reader links through real editing and recovery
2026-10-08T03:45:24.2369673Z [83/761] [chromium] › tests/browser/editor.spec.ts:464:1 › keeps moved math source attached to its formula through native editing, undo, and export
2026-10-08T03:45:25.7943436Z [84/761] [chromium] › tests/browser/editor.spec.ts:468:1 › imports the published TeX table with visible losses and editable numeric values
2026-10-08T03:45:26.5464560Z [85/761] [chromium] › tests/browser/editor.spec.ts:552:1 › keeps comparison names separate from their copy in a mobile desktop-site viewport
2026-10-08T03:45:27.6107831Z [86/761] [chromium] › tests/browser/editor.spec.ts:580:1 › renders, edits, and measures portable page intent in a real browser
2026-10-08T03:45:28.1827763Z [87/761] [chromium] › tests/browser/editor.spec.ts:649:1 › measures browser line boxes, list items, rowspan groups, and footnotes as legal page fragments
2026-10-08T03:45:28.4437184Z [88/761] [chromium] › tests/browser/editor.spec.ts:743:1 › continues measured long footnotes through editable and print page projections
2026-10-08T03:45:29.0089662Z [89/761] [chromium] › tests/browser/editor.spec.ts:851:1 › prints a mixed repeated-footnote, merged-table, and manual-break document without loss
2026-10-08T03:45:30.2299994Z [90/761] [chromium] › tests/browser/editor.spec.ts:959:1 › paginates imported styled semantic HTML without structural or PDF text loss
2026-10-08T03:45:31.5181051Z [91/761] [chromium] › tests/browser/editor.spec.ts:1104:1 › uses a host print renderer without moving or exposing live custom DOM
2026-10-08T03:45:31.7276740Z [92/761] [chromium] › tests/browser/editor.spec.ts:1127:1 › projects exact A4 and Letter print sheets in every browser engine
2026-10-08T03:45:32.3351782Z [93/761] [chromium] › tests/browser/editor.spec.ts:1244:1 › emits exact A4 and Letter PDF pages for every projected sheet in Chromium
2026-10-08T03:45:33.0200040Z [94/761] [chromium] › tests/browser/editor.spec.ts:1284:1 › keeps 1,000-block pagination reflow local to the changed block
2026-10-08T03:45:33.5492006Z [95/761] [chromium] › tests/browser/editor.spec.ts:1296:1 › bounds alternating edge reflow across 5,000 rendered page blocks
2026-10-08T03:45:33.9637498Z [96/761] [chromium] › tests/browser/editor.spec.ts:1319:1 › keeps 5,000 unchanged page blocks cached through leading insertion and removal
2026-10-08T03:45:35.1802227Z [97/761] [chromium] › tests/browser/editor.spec.ts:1345:1 › edits, selects, and composes across guarded page shells in one contenteditable
2026-10-08T03:45:35.5197850Z [98/761] [chromium] › tests/browser/editor.spec.ts:1421:1 › keeps one paragraph editable when its measured lines span page shells
2026-10-08T03:45:36.4435230Z [99/761] [chromium] › tests/browser/editor.spec.ts:1548:1 › maps carets, ranges, and composition around injected paragraph page gaps
2026-10-08T03:45:36.8641146Z [100/761] [chromium] › tests/browser/editor.spec.ts:1652:1 › keeps one canonical ordered list editable and numbered across page shells
2026-10-08T03:45:37.6726709Z [101/761] [chromium] › tests/browser/editor.spec.ts:1787:52 › honours explicit table repetition independently of cell roles (ordinary)
2026-10-08T03:45:38.2207856Z [102/761] [chromium] › tests/browser/editor.spec.ts:1787:52 › honours explicit table repetition independently of cell roles (off)
2026-10-08T03:45:39.3008064Z [103/761] [chromium] › tests/browser/editor.spec.ts:1820:1 › keeps one canonical table editable with repeated headers across page shells
2026-10-08T03:45:39.7877885Z [104/761] [chromium] › tests/browser/editor.spec.ts:1970:1 › keeps merged header and body rowspans intact across editable table pages
2026-10-08T03:45:41.0139113Z [105/761] [chromium] › tests/browser/editor.spec.ts:2036:1 › reports an oversized table row without clipping or splitting its editable model
2026-10-08T03:45:41.0378078Z [106/761] [chromium] › tests/browser/editor.spec.ts:2078:1 › keeps canonical page furniture and footnotes editable while projecting every page copy
2026-10-08T03:45:42.3498190Z [107/761] [chromium] › tests/browser/editor.spec.ts:2163:1 › keeps code, media, disclosures, and custom atoms canonical across editable pages
2026-10-08T03:45:42.7948522Z [108/761] [chromium] › tests/browser/editor.spec.ts:2298:1 › keeps tracked review and Yjs live between list items split across pages
2026-10-08T03:45:44.0723425Z [109/761] [chromium] › tests/browser/editor.spec.ts:2364:1 › keeps tracked review and Yjs live between table rows split across pages
2026-10-08T03:45:44.5985024Z [110/761] [chromium] › tests/browser/editor.spec.ts:2441:13 › keeps comments attached and synchronized inside a continued list
2026-10-08T03:45:45.7237647Z [111/761] [chromium] › tests/browser/editor.spec.ts:2441:13 › keeps comments attached and synchronized inside a continued table
2026-10-08T03:45:46.5507763Z [112/761] [chromium] › tests/browser/editor.spec.ts:2495:1 › keeps tracked review and Yjs live inside a paragraph split across pages
2026-10-08T03:45:47.0140387Z [113/761] [chromium] › tests/browser/editor.spec.ts:2556:1 › keeps tracked review and Yjs collaboration live across automatic page boundaries
2026-10-08T03:45:48.3372419Z [114/761] [chromium] › tests/browser/editor.spec.ts:2631:1 › tracks real browser insertion and replacement with reversible review decisions
2026-10-08T03:45:48.5327729Z [115/761] [chromium] › tests/browser/editor.spec.ts:2660:1 › runs the package-backed full-text tracked review panel
2026-10-08T03:45:49.1618809Z [116/761] [chromium] › tests/browser/editor.spec.ts:2678:1 › runs package-backed named versions, exact comparison, preview, and guarded restoration
2026-10-08T03:45:50.3857336Z [117/761] [chromium] › tests/browser/editor.spec.ts:2708:1 › edits and persists package-backed collapsible details in the public playground
2026-10-08T03:45:51.2553489Z [118/761] [chromium] › tests/browser/editor.spec.ts:2734:1 › edits semantic ruby annotations through the package-backed public playground
2026-10-08T03:45:52.6558530Z [119/761] [chromium] › tests/browser/editor.spec.ts:2764:1 › converges live and offline Yjs edits and keeps collaborative undo author-local
2026-10-08T03:45:53.4298116Z [120/761] [chromium] › tests/browser/editor.spec.ts:2793:1 › runs reference links, recursive blocks, rich tables, and loss reports in a real browser
2026-10-08T03:45:53.4518123Z [121/761] [chromium] › tests/browser/editor.spec.ts:2818:1 › round-trips variable-delimiter Markdown code spans in the browser package
2026-10-08T03:45:54.0908994Z [122/761] [chromium] › tests/browser/editor.spec.ts:3386:1 › types, deletes, and undoes inside imported empty documents, quotes, and list items
2026-10-08T03:45:54.2967047Z [123/761] [chromium] › tests/browser/editor.spec.ts:3416:1 › round-trips marker-relative list containers and exact code whitespace
2026-10-08T03:45:54.9492075Z [124/761] [chromium] › tests/browser/editor.spec.ts:3460:1 › preserves raw Markdown and inert frontmatter through the browser package
2026-10-08T03:45:55.5319884Z [125/761] [chromium] › tests/browser/editor.spec.ts:3486:1 › edits through real beforeinput events and undoes a Markdown input rule
2026-10-08T03:45:56.2556759Z [126/761] [chromium] › tests/browser/editor.spec.ts:3500:1 › groups adjacent browser typing and respects explicit undo boundaries
2026-10-08T03:45:56.9640731Z [127/761] [chromium] › tests/browser/editor.spec.ts:3521:3 › preserves replacement formatting across subsequent typing input
2026-10-08T03:45:57.0857733Z [128/761] [chromium] › tests/browser/editor.spec.ts:3521:3 › preserves replacement formatting across subsequent composition input
2026-10-08T03:45:57.7366847Z [129/761] [chromium] › tests/browser/editor.spec.ts:3552:1 › commits cross-browser composition sequences once and supports replacement input
2026-10-08T03:45:57.9522222Z [130/761] [chromium] › tests/browser/editor.spec.ts:3584:1 › maps decorations through typing without persisting widget content
2026-10-08T03:45:58.4519042Z [131/761] [chromium] › tests/browser/editor.spec.ts:3599:1 › highlights editable code and updates language metadata through public commands
2026-10-08T03:45:58.7906261Z [132/761] [chromium] › tests/browser/editor.spec.ts:3629:1 › runs a view-focused chain and checks it without preview side effects
2026-10-08T03:45:59.3086800Z [133/761] [chromium] › tests/browser/editor.spec.ts:3650:1 › applies every configured paste-rule match through a browser paste event
2026-10-08T03:45:59.5318111Z [134/761] [chromium] › tests/browser/editor.spec.ts:3668:1 › autolinks, safely activates, edits, and removes links in a real browser
2026-10-08T03:46:00.0565731Z [135/761] [chromium] › tests/browser/editor.spec.ts:3699:1 › preserves structured rich HTML from a real browser clipboard event
2026-10-08T03:46:00.6131462Z [136/761] [chromium] › tests/browser/editor.spec.ts:3720:1 › pastes unwrapped inline HTML without dropping surrounding text or formatting
2026-10-08T03:46:00.8613629Z [137/761] [chromium] › tests/browser/editor.spec.ts:3741:1 › honors strict raw HTML token boundaries in the public Markdown pipeline
2026-10-08T03:46:01.3778176Z [138/761] [chromium] › tests/browser/editor.spec.ts:3758:1 › pastes unfamiliar HTML wrappers without flattening headings, paragraphs, or lists
2026-10-08T03:46:02.2566021Z [139/761] [chromium] › tests/browser/editor.spec.ts:3778:1 › pastes structured table cells and edits separate paragraphs without flattening nested blocks
2026-10-08T03:46:02.8130429Z [140/761] [chromium] › tests/browser/editor.spec.ts:3801:1 › retains standalone non-collapsible Unicode text during rich paste
2026-10-08T03:46:03.2688568Z [141/761] [chromium] › tests/browser/editor.spec.ts:3818:1 › pastes empty formatting and applies it to subsequently typed text
2026-10-08T03:46:03.6901922Z [142/761] [chromium] › tests/browser/editor.spec.ts:3842:57 › pastes and edits list-first code without inventing a blank paragraph
2026-10-08T03:46:04.0727425Z [143/761] [chromium] › tests/browser/editor.spec.ts:3842:57 › pastes and edits list-first code without inventing a blank paragraph from its label area
2026-10-08T03:46:04.8608493Z [144/761] [chromium] › tests/browser/editor.spec.ts:3870:1 › normalizes representative Word, Docs, and Excel clipboard payloads in every browser engine
2026-10-08T03:46:05.3140117Z [145/761] [chromium] › tests/browser/editor.spec.ts:3923:1 › imports an extension-defined HTML node through the schema contract
2026-10-08T03:46:06.0177917Z [146/761] [chromium] › tests/browser/editor.spec.ts:3948:1 › pastes mixed nested HTML lists without flattening their hierarchy
2026-10-08T03:46:06.0358293Z [147/761] [chromium] › tests/browser/editor.spec.ts:3971:1 › wraps, indents, lifts, and exits lists through browser-visible commands and keys
2026-10-08T03:46:06.7521687Z [148/761] [chromium] › tests/browser/editor.spec.ts:4001:1 › edits bidirectional and deeply nested text by logical document positions
2026-10-08T03:46:06.9227950Z [149/761] [chromium] › tests/browser/editor.spec.ts:4028:1 › moves a selected top-level block through native drag data
2026-10-08T03:46:07.5147747Z [150/761] [chromium] › tests/browser/editor.spec.ts:4046:1 › shows a host-replaceable drop cursor for inline text and atomic block targets
2026-10-08T03:46:07.8250148Z [151/761] [chromium] › tests/browser/editor.spec.ts:4107:1 › reorders nested blocks with accessible controls, drop indicators, drag, and undo
2026-10-08T03:46:08.2630738Z [152/761] [chromium] › tests/browser/editor.spec.ts:4182:1 › shows one structural block target across paragraphs, headings, lists, tables, media, and custom nodes
2026-10-08T03:46:08.7838193Z [153/761] [chromium] › tests/browser/editor.spec.ts:4278:1 › replaces a DOM selection that crosses block boundaries
2026-10-08T03:46:09.4625475Z [154/761] [chromium] › tests/browser/editor.spec.ts:4317:1 › keeps a visible editable paragraph after a terminal non-text block
2026-10-08T03:46:10.1768400Z [155/761] [chromium] › tests/browser/editor.spec.ts:4339:1 › uses Ctrl+A as an explicit all-document selection and replaces the document
2026-10-08T03:46:10.2902189Z [156/761] [chromium] › tests/browser/editor.spec.ts:4351:1 › selects and deletes a block image through real pointer and keyboard input
2026-10-08T03:46:10.9258308Z [157/761] [chromium] › tests/browser/editor.spec.ts:4374:1 › edits, aligns, resizes, and undoes a production image through accessible controls
2026-10-08T03:46:11.2696263Z [158/761] [chromium] › tests/browser/editor.spec.ts:4430:1 › inserts and removes a true inline image without breaking surrounding text
2026-10-08T03:46:11.9846597Z [159/761] [chromium] › tests/browser/editor.spec.ts:4448:1 › tracks and cancels browser-native image upload tasks
2026-10-08T03:46:12.0223278Z [160/761] [chromium] › tests/browser/editor.spec.ts:4488:1 › extends and replaces a rectangular cell selection through real pointer input
2026-10-08T03:46:12.8017886Z [161/761] [chromium] › tests/browser/editor.spec.ts:4516:1 › keeps mixed-format links intact through backward selection typing and history
2026-10-08T03:46:12.9582950Z [162/761] [chromium] › tests/browser/editor.spec.ts:4548:1 › reaches overflowing code by keyboard and leaves it without modifying the document
2026-10-08T03:46:13.6745203Z [163/761] [chromium] › tests/browser/editor.spec.ts:4594:1 › pastes into tab-focused code through Chromium clipboard without changing the previous paragraph
2026-10-08T03:46:13.8849328Z [164/761] [chromium] › tests/browser/editor.spec.ts:4618:1 › announces table resize values through real keyboard, pointer and history workflows
2026-10-08T03:46:14.4956074Z [165/761] [chromium] › tests/browser/editor.spec.ts:4671:1 › edits merged tables, resizes columns, toggles headers, and exchanges spreadsheet grids
2026-10-08T03:46:15.0918494Z [166/761] [chromium] › tests/browser/editor.spec.ts:4744:1 › keeps normal paste while offering bounded editor-local clipboard slots
2026-10-08T03:46:15.6397847Z [167/761] [chromium] › tests/browser/editor.spec.ts:4783:1 › renders and types into a structural gap as a new block
2026-10-08T03:46:15.7363636Z [168/761] [chromium] › tests/browser/editor.spec.ts:4795:1 › edits Lean without a mandatory server and renders transient provider diagnostics
2026-10-08T03:46:16.3447783Z [169/761] [chromium] › tests/browser/editor.spec.ts:4822:1 › keeps custom NodeViews live across updates and mapped moves while containing their DOM
2026-10-08T03:46:16.5071618Z [170/761] [chromium] › tests/browser/editor.spec.ts:4859:1 › loads the public React playground without console or page errors
2026-10-08T03:46:17.3039516Z [171/761] [chromium] › tests/browser/editor.spec.ts:4884:1 › publishes actionable extension authoring, conformance, and doctor guidance
2026-10-08T03:46:18.2299195Z [172/761] [chromium] › tests/browser/editor.spec.ts:4902:1 › pairs the optional AI demo with developer recipes for every public workflow
2026-10-08T03:46:18.6790142Z [173/761] [chromium] › tests/browser/editor.spec.ts:4923:1 › runs the public two-editor collaboration demo with presence and author-local undo
2026-10-08T03:46:19.4974694Z [174/761] [chromium] › tests/browser/editor.spec.ts:4990:1 › replaces both live collaboration documents without remounting the public editors
2026-10-08T03:46:20.4546444Z [175/761] [chromium] › tests/browser/editor.spec.ts:5049:1 › merges nested collaborative settings through the public two-editor demo
2026-10-08T03:46:21.6515023Z [176/761] [chromium] › tests/browser/editor.spec.ts:5068:1 › keeps headline phrases together and makes full-page navigation explicit
2026-10-08T03:46:22.3500477Z [177/761] [chromium] › tests/browser/editor.spec.ts:5093:1 › runs shared threaded comments through the public provider-neutral review panel
2026-10-08T03:46:23.9803577Z [178/761] [chromium] › tests/browser/editor.spec.ts:5150:1 › uses package-backed mentions, emoji, typography, and live counting in the public React playground
2026-10-08T03:46:24.6786755Z [179/761] [chromium] › tests/browser/editor.spec.ts:5211:1 › runs grouped default and product slash commands in the public React playground
2026-10-08T03:46:26.5132860Z [180/761] [chromium] › tests/browser/editor.spec.ts:5242:1 › runs accessible bubble and floating menus in the public React playground
2026-10-08T03:46:28.5152396Z [181/761] [chromium] › tests/browser/editor.spec.ts:5284:1 › composes and keyboard-navigates the public toolbar by stable group and action IDs
2026-10-08T03:46:28.8326103Z [182/761] [chromium] › tests/browser/editor.spec.ts:5321:1 › applies the complete text-style suite through the public React toolbar
2026-10-08T03:46:30.5888054Z [183/761] [chromium] › tests/browser/editor.spec.ts:5382:1 › uses the public React image workflow for metadata, alignment, and replacement
2026-10-08T03:46:31.8377506Z [184/761] [chromium] › tests/browser/editor.spec.ts:5426:1 › opens and cancels public configuration panels with keyboard focus and exact document retention
2026-10-08T03:46:33.6048322Z [185/761] [chromium] › tests/browser/editor.spec.ts:5544:1 › keeps the public native colour field focused while formatting selected text and allows undo in the editor
2026-10-08T03:46:35.5426481Z [186/761] [chromium] › tests/browser/editor.spec.ts:5571:1 › keeps table configuration labels legible on pointer hover
2026-10-08T03:46:37.7512088Z [187/761] [chromium] › tests/browser/editor.spec.ts:5610:1 › creates and edits a link through the public React toolbar
2026-10-08T03:46:39.4042949Z [188/761] [chromium] › tests/browser/editor.spec.ts:5641:1 › toggles a selected block through the public React list controls
2026-10-08T03:46:40.3768347Z [189/761] [chromium] › tests/browser/editor.spec.ts:5656:1 › edits code language and line numbers through the public React toolbar
2026-10-08T03:46:41.6258282Z [190/761] [chromium] › tests/browser/editor.spec.ts:5675:1 › opens the searchable clipboard-history picker in the public React toolbar
2026-10-08T03:46:42.7666291Z [191/761] [chromium] › tests/browser/editor.spec.ts:5708:1 › keeps the public outline stable, hierarchical, active, and navigable
2026-10-08T03:46:43.9904751Z [192/761] [chromium] › tests/browser/editor.spec.ts:5733:1 › exposes and explicitly cleans invisible text in the public playground
2026-10-08T03:46:45.0104168Z [193/761] [chromium] › tests/browser/editor.spec.ts:5774:1 › runs the public plain-DOM first-class widget demo
2026-10-08T03:46:46.6506109Z [194/761] [chromium] › tests/browser/editor.spec.ts:5821:1 › runs the public React first-class widget demo without losing control focus
2026-10-08T03:46:46.9855058Z [195/761] [chromium] › tests/browser/editor.spec.ts:5859:1 › makes the quote control discoverable and toggles an existing quote in the Java workflow demo
2026-10-08T03:46:48.4162053Z [196/761] [chromium] › tests/browser/editor.spec.ts:5873:1 › retains table captions and reports their projected association in the conversion demo
2026-10-08T03:46:48.6853755Z [197/761] [chromium] › tests/browser/editor.spec.ts:5890:1 › preserves complex figure content in the public Markdown conversion demo
2026-10-08T03:46:50.4518732Z [198/761] [chromium] › tests/browser/editor.spec.ts:5908:1 › runs the public headless Markdown, LaTeX, and server HTML pipeline
2026-10-08T03:46:50.7259327Z [199/761] [chromium] › tests/browser/editor.spec.ts:5979:1 › records native DOCX viewer disagreements without certifying math fidelity
2026-10-08T03:46:53.9786519Z [200/761] [chromium] › tests/browser/editor.spec.ts:5984:1 › checks actual DOCX retention beside an independent viewer without hiding its header omission
2026-10-08T03:46:55.2305328Z [201/761] [chromium] › tests/browser/editor.spec.ts:6100:1 › renders real KaTeX while reporting published-equation and trust failures without source loss
2026-10-08T03:46:56.9158191Z [202/761] [chromium] › tests/browser/editor.spec.ts:6131:1 › edits multiline math without losing line breaks, descriptions, or undo history
2026-10-08T03:46:58.7849601Z [203/761] [chromium] › tests/browser/editor.spec.ts:6168:1 › renders and inserts native math in the public DOM integration
2026-10-08T03:46:59.6222032Z [204/761] [chromium] › tests/browser/editor.spec.ts:6225:1 › makes table sizing, complete deletion, insertion gaps, and highlight colours explicit in the public demo
2026-10-08T03:47:00.6509857Z [205/761] [chromium] › tests/browser/editor.spec.ts:6273:1 › keeps rich and multiline paste structurally predictable in the public editor
2026-10-08T03:47:01.9632776Z [206/761] [chromium] › tests/browser/editor.spec.ts:6346:1 › round-trips a Fountain multi-block selection through Chromium clipboard HTML
2026-10-08T03:47:02.4378116Z [207/761] [chromium] › tests/browser/editor.spec.ts:6413:1 › round-trips an extension-owned Fountain atom through the Chromium clipboard
2026-10-08T03:47:03.1358136Z [208/761] [chromium] › tests/browser/editor.spec.ts:6462:1 › round-trips a complex whole Fountain document through the Chromium clipboard exactly
2026-10-08T03:47:03.6480499Z [209/761] [chromium] › tests/browser/editor.spec.ts:6549:1 › copies clean semantic Fountain HTML into an external browser editor
2026-10-08T03:47:04.3253654Z [210/761] [chromium] › tests/browser/editor.spec.ts:6604:1 › copies readable Fountain text into a plain-text external editor
2026-10-08T03:47:04.8967655Z [211/761] [chromium] › tests/browser/editor.spec.ts:6663:1 › copies math to external rich and plain-text editors without renderer controls
2026-10-08T03:47:05.4779697Z [212/761] [chromium] › tests/browser/editor.spec.ts:6708:1 › renders repeated empty paragraphs and removes each visible line
2026-10-08T03:47:06.4097697Z [213/761] [chromium] › tests/browser/editor.spec.ts:6738:1 › undoes and redoes real typing with both common browser keyboard chords
2026-10-08T03:47:07.1406576Z [214/761] [chromium] › tests/browser/editor.spec.ts:6779:1 › preserves a backward selection made with real keyboard input
2026-10-08T03:47:07.1452313Z [215/761] [chromium] › tests/browser/editor.spec.ts:6755:1 › keeps a backward DOM selection backward after model synchronization
2026-10-08T03:47:07.8381758Z [216/761] [chromium] › tests/browser/editor.spec.ts:6794:1 › replaces a backward selection made by a real reverse pointer drag
2026-10-08T03:47:07.9883471Z [217/761] [chromium] › tests/browser/editor.spec.ts:6830:1 › turns multi-format and multi-block selections into visible paragraph boundaries
2026-10-08T03:47:08.7658260Z [218/761] [chromium] › tests/browser/editor.spec.ts:6888:1 › visibly splits and joins ordinary paragraphs with both deletion directions
2026-10-08T03:47:09.3298264Z [219/761] [chromium] › tests/browser/editor.spec.ts:6913:1 › deletes an adjacent inline atom without eating surrounding text
2026-10-08T03:47:09.7383737Z [220/761] [chromium] › tests/browser/editor.spec.ts:6943:1 › unwraps and exits an inserted quote with ordinary browser keys
2026-10-08T03:47:10.0994183Z [221/761] [chromium] › tests/browser/editor.spec.ts:6972:1 › publishes semantic selection controls and table interaction in the demo gallery
2026-10-08T03:47:11.7431923Z [222/761] [chromium] › tests/browser/editor.spec.ts:6989:1 › runs campaign images, native media and safe embeds through Angular with honest upload boundaries
2026-10-08T03:47:12.0318033Z [223/761] [chromium] › tests/browser/editor.spec.ts:7066:1 › uses the public React media workflow for native playback, provider-gated embeds, and asset uploads
2026-10-08T03:47:15.0912807Z [224/761] [chromium] › tests/browser/editor.spec.ts:7111:1 › streams an optional AI proposal outside the document until review is ready
2026-10-08T03:47:16.1915335Z [225/761] [chromium] › tests/browser/editor.spec.ts:7136:1 › preserves whitespace when an AI proposal ends at a formatting boundary
2026-10-08T03:47:17.5694747Z [226/761] [chromium] › tests/browser/editor.spec.ts:7151:1 › runs a host-owned multi-turn AI conversation with reusable prompts and clear confirmation
2026-10-08T03:47:18.5887766Z [227/761] [chromium] › tests/browser/editor.spec.ts:7179:1 › reviews generated media before the normal host upload inserts one undoable node
2026-10-08T03:47:21.0576945Z [228/761] [chromium] › tests/browser/editor.spec.ts:7205:1 › reviews a schema-aware agent tool proposal before one-step apply and undo
2026-10-08T03:47:22.9224385Z [229/761] [chromium] › tests/browser/editor.spec.ts:7230:1 › keeps a 1,000-block input update local and paints within budget
2026-10-08T03:47:23.8765017Z [230/761] [chromium] › tests/browser/editor.spec.ts:7251:1 › virtualizes 100,000 blocks while preserving scrolling, distant selection, IME, and copy
2026-10-08T03:47:23.8942063Z [231/761] [chromium] › tests/browser/editor.spec.ts:7309:1 › exports rich tables as HTML Markdown and exposes the compatibility note
2026-10-08T03:47:25.3054794Z [232/761] [chromium] › tests/browser/editor.spec.ts:7331:1 › HTML comments do not insert phantom paragraphs in converted Markdown
2026-10-08T03:47:26.2647845Z [233/761] [chromium] › tests/browser/editor.spec.ts:7343:1 › imported table section order matches the physically rendered source table
2026-10-08T03:47:27.1366631Z [234/761] [chromium] › tests/browser/editor.spec.ts:7374:1 › imports zero-rowspan cells with the same row-group geometry in server and browser
2026-10-08T03:47:28.6036826Z [235/761] [chromium] › tests/browser/editor.spec.ts:7405:1 › reconstructs HTML tables across Markdown block boundaries
2026-10-08T03:47:29.4892380Z [236/761] [chromium] › tests/browser/editor.spec.ts:7426:1 › applies surrounding HTML formatting without replacing Markdown block content
2026-10-08T03:47:30.3909867Z [237/761] [chromium] › tests/browser/editor.spec.ts:7439:1 › converts raw HTML blocks only when the headless demo option is enabled
2026-10-08T03:47:31.2774370Z [238/761] [chromium] › tests/browser/editor.spec.ts:7455:1 › projects inline HTML around Markdown nodes only with explicit opt-in and visible fallback
2026-10-08T03:47:32.2862134Z [239/761] [chromium] › tests/browser/editor.spec.ts:7480:1 › shows specific discarded HTML and rejected URL losses in both conversion surfaces
2026-10-08T03:47:34.4872756Z [240/761] [firefox] › tests/browser/editor.spec.ts:51:3 › retains technical code reading direction through real settings, editing and downloaded HTML: ltr
2026-10-08T03:47:35.2592722Z [241/761] [firefox] › tests/browser/editor.spec.ts:51:3 › retains technical code reading direction through real settings, editing and downloaded HTML: rtl
2026-10-08T03:47:40.4628111Z [242/761] [firefox] › tests/browser/editor.spec.ts:51:3 › retains technical code reading direction through real settings, editing and downloaded HTML: auto
2026-10-08T03:47:41.2350783Z [243/761] [firefox] › tests/browser/editor.spec.ts:62:3 › retains shared automatic list scope through real convert, typing and downloaded HTML
2026-10-08T03:47:44.7179638Z [244/761] [firefox] › tests/browser/editor.spec.ts:62:3 › retains shared automatic list scope through real lift, typing and downloaded HTML
2026-10-08T03:47:45.0838112Z [245/761] [firefox] › tests/browser/editor.spec.ts:72:3 › reorders real runbook blocks with native pointer feedback in ltr
2026-10-08T03:47:48.1237097Z [246/761] [firefox] › tests/browser/editor.spec.ts:72:3 › reorders real runbook blocks with native pointer feedback in rtl
2026-10-08T03:47:48.9793420Z [247/761] [firefox] › tests/browser/editor.spec.ts:76:1 › reorders real runbook blocks with keyboard structural feedback
2026-10-08T03:47:51.4031200Z [248/761] [firefox] › tests/browser/editor.spec.ts:81:3 › preserves list direction through real transforms and downloaded HTML: unwrap
2026-10-08T03:47:53.2356981Z [249/761] [firefox] › tests/browser/editor.spec.ts:81:3 › preserves list direction through real transforms and downloaded HTML: indent
2026-10-08T03:47:54.4877874Z [250/761] [firefox] › tests/browser/editor.spec.ts:81:3 › preserves list direction through real transforms and downloaded HTML: nested-lift
2026-10-08T03:47:56.5608201Z [251/761] [firefox] › tests/browser/editor.spec.ts:81:3 › preserves list direction through real transforms and downloaded HTML: contained
2026-10-08T03:47:57.9259848Z [252/761] [firefox] › tests/browser/editor.spec.ts:87:3 › inserts table columns on the physical left and right: ltr
2026-10-08T03:48:00.0736656Z [253/761] [firefox] › tests/browser/editor.spec.ts:87:3 › inserts table columns on the physical left and right: rtl-cell-ltr
2026-10-08T03:48:01.1217742Z [254/761] [firefox] › tests/browser/editor.spec.ts:87:3 › inserts table columns on the physical left and right: auto
2026-10-08T03:48:03.1377805Z [255/761] [firefox] › tests/browser/editor.spec.ts:87:3 › inserts table columns on the physical left and right: host-css
2026-10-08T03:48:04.0849213Z [256/761] [firefox] › tests/browser/editor.spec.ts:87:3 › inserts table columns on the physical left and right: rtl-spans
2026-10-08T03:48:06.2164289Z [257/761] [firefox] › tests/browser/editor.spec.ts:92:1 › retains structural RTL against native source through author controls, physical table editing and downloaded HTML
2026-10-08T03:48:07.0992799Z [258/761] [firefox] › tests/browser/editor.spec.ts:96:1 › imports inherited inline alignment against a native surface and keeps it through real editing and downloaded HTML
2026-10-08T03:48:11.3131946Z [259/761] [firefox] › tests/browser/editor.spec.ts:100:1 › compares list-first code text-click focus and editing to a plain native surface
2026-10-08T03:48:11.3221860Z [260/761] [firefox] › tests/browser/editor.spec.ts:104:1 › retains a shared automatic section direction through first-strong-text editing, history and reader preview
2026-10-08T03:48:13.9147993Z [261/761] [firefox] › tests/browser/editor.spec.ts:108:1 › authors physical-left alignment under an RTL host and inherited-auto reader with history
2026-10-08T03:48:15.4923096Z [262/761] [firefox] › tests/browser/editor.spec.ts:112:1 › edits RTL blocks with native keyboard selection, direction controls, Enter history and HTML reader export
2026-10-08T03:48:17.0906968Z [263/761] [firefox] › tests/browser/editor.spec.ts:116:1 › separates the homepage framework descenders from the italic extend line
2026-10-08T03:48:19.3667981Z [264/761] [firefox] › tests/browser/editor.spec.ts:135:1 › keeps consecutive marked quoted and table blank lines visible in reader and saved HTML
2026-10-08T03:48:19.9879063Z [265/761] [firefox] › tests/browser/editor.spec.ts:139:1 › fills and reopens a retained childless paragraph using real pointer typing Enter Backspace and undo
2026-10-08T03:48:22.9279255Z [266/761] [firefox] › tests/browser/editor.spec.ts:143:1 › edits structured inert block wrappers with actual table navigation Enter Backspace history and safe reopening
2026-10-08T03:48:23.2011595Z [267/761] [firefox] › tests/browser/editor.spec.ts:147:1 › retains HTML link navigation and literal Markdown data through real editing and reopening
2026-10-08T03:48:28.2826737Z [268/761] [firefox] › tests/browser/editor.spec.ts:151:1 › edits inert script style textarea source with real Enter Backspace history and safe reader reopening
2026-10-08T03:48:31.9203933Z [269/761] [firefox] › tests/browser/editor.spec.ts:155:1 › retains unfinished raw HTML as editable Markdown source and discloses direct HTML omissions
2026-10-08T03:48:33.4789563Z [270/761] [firefox] › tests/browser/editor.spec.ts:159:1 › preserves registered inert inline source through real typing history and Markdown HTML JSON reopening
2026-10-08T03:48:35.5739085Z [271/761] [firefox] › tests/browser/editor.spec.ts:163:1 › preserves immutable snapshots and owned attributes through real typing Enter history and JSON reopening
2026-10-08T03:48:36.6413744Z [272/761] [firefox] › tests/browser/editor.spec.ts:167:1 › imports private files in the conversion lab with reports and export reopen
2026-10-08T03:48:38.1927512Z [273/761] [firefox] › tests/browser/editor.spec.ts:171:1 › resolves unequal Markdown runs through actual selection editing history download and reader reopen
2026-10-08T03:48:40.9317914Z [274/761] [firefox] › tests/browser/editor.spec.ts:176:3 › retains partial Markdown em scope through real typing history and canonical reopening
2026-10-08T03:48:41.8141118Z [275/761] [firefox] › tests/browser/editor.spec.ts:176:3 › retains partial Markdown strong scope through real typing history and canonical reopening
2026-10-08T03:48:42.6377158Z [276/761] [firefox] › tests/browser/editor.spec.ts:181:1 › submits resets and disables a native form-associated Web Component
2026-10-08T03:48:43.4993883Z [277/761] [firefox] › tests/browser/editor.spec.ts:185:1 › converts document-wide HTML scopes with source edit undo and explicit layout differences
2026-10-08T03:48:46.4261922Z [278/761] [firefox] › tests/browser/editor.spec.ts:189:1 › preserves inert HTML comments through human editing source and reader output
2026-10-08T03:48:47.1242502Z [279/761] [firefox] › tests/browser/editor.spec.ts:193:1 › copies anonymous flow internally and into an external plain-text editor through real clipboard
2026-10-08T03:48:49.2685022Z [280/761] [firefox] › tests/browser/editor.spec.ts:198:1 › retains cleared anonymous flow through real cut save reopen and continued editing
2026-10-08T03:48:52.1960489Z [281/761] [firefox] › tests/browser/editor.spec.ts:202:1 › retains anonymous HTML flow without extra spacing through real typing Enter deletion and reader output
2026-10-08T03:48:54.1660106Z [282/761] [firefox] › tests/browser/editor.spec.ts:206:1 › retains literal flow newlines through actual Markdown export and source reimport
2026-10-08T03:48:56.5128209Z [283/761] [firefox] › tests/browser/editor.spec.ts:210:1 › edits protected Markdown images and dividers inside HTML sections through history and reopening
2026-10-08T03:48:57.0097744Z [284/761] [firefox] › tests/browser/editor.spec.ts:214:1 › edits protected Markdown tables inside HTML sections through cell navigation history and reopening
2026-10-08T03:49:00.2965043Z [285/761] [firefox] › tests/browser/editor.spec.ts:218:1 › authors sections with properties, empty content, undo and reader preview
2026-10-08T03:49:01.6061199Z [286/761] [firefox] › tests/browser/editor.spec.ts:222:1 › preserves optional section containers through real editing and reader output
2026-10-08T03:49:04.2001542Z [287/761] [firefox] › tests/browser/editor.spec.ts:226:1 › edits and reopens a Word glossary with term and description roles
2026-10-08T03:49:04.5614225Z [288/761] [firefox] › tests/browser/editor.spec.ts:230:1 › imports and edits Word content controls without losing visible content
2026-10-08T03:49:07.6997947Z [289/761] [firefox] › tests/browser/editor.spec.ts:252:1 › preserves code endings through source recovery and reader handoff
2026-10-08T03:49:07.7886246Z [290/761] [firefox] › tests/browser/editor.spec.ts:256:1 › edits definition lists and reopens a glossary in a reader
2026-10-08T03:49:11.1739668Z [291/761] [firefox] › tests/browser/editor.spec.ts:260:1 › edits registered HTML wrappers after Markdown source recovery
2026-10-08T03:49:11.9590034Z [292/761] [firefox] › tests/browser/editor.spec.ts:264:1 › retains the complete document through pointer and keyboard output-format changes
2026-10-08T03:49:12.9098080Z [293/761] [firefox] › tests/browser/editor.spec.ts:268:1 › recovers nested Markdown lists and quotes through an editor and reader
2026-10-08T03:49:19.1983280Z [294/761] [firefox] › tests/browser/editor.spec.ts:272:1 › edits opaque code labels and reopens them safely in a reader
2026-10-08T03:49:20.8201292Z [295/761] [firefox] › tests/browser/editor.spec.ts:277:1 › guards editor actions against page reloads without suppressing failures
2026-10-08T03:49:22.3161885Z [296/761] [firefox] › tests/browser/editor.spec.ts:287:1 › recovers paragraph HTML into editable blocks and a reopened reader
2026-10-08T03:49:22.9544320Z [297/761] [firefox] › tests/browser/editor.spec.ts:291:1 › reads separate retired paragraphs after Markdown HTML scope conversion and handoff
2026-10-08T03:49:26.0697951Z [298/761] [firefox] › tests/browser/editor.spec.ts:295:1 › preserves headerless and mixed tables through source and file handoff
2026-10-08T03:49:30.4311890Z [299/761] [firefox] › tests/browser/editor.spec.ts:299:1 › retains HTML block formatting through server import, paste and draft handoff
2026-10-08T03:49:34.4705456Z [300/761] [firefox] › tests/browser/editor.spec.ts:303:1 › discovers product workflows and preserves separate task drafts and histories
2026-10-08T03:49:34.7767895Z [301/761] [firefox] › tests/browser/editor.spec.ts:307:1 › retains escaped pipes and strikethrough through table edits and Markdown handoff
2026-10-08T03:49:38.7040728Z [302/761] [firefox] › tests/browser/editor.spec.ts:311:1 › retains literal text lines through editing and Markdown handoff
2026-10-08T03:49:40.9469802Z [303/761] [firefox] › tests/browser/editor.spec.ts:315:1 › keeps literal syntax unformatted through visual edits and Markdown reopen
2026-10-08T03:49:41.6415177Z [304/761] [firefox] › tests/browser/editor.spec.ts:319:1 › chooses literal address import and retains links through DOCX handoff
2026-10-08T03:49:43.4798331Z [305/761] [firefox] › tests/browser/editor.spec.ts:323:1 › writes and reopens an issue with visual Markdown source fidelity and reader preview
2026-10-08T03:49:46.1500921Z [306/761] [firefox] › tests/browser/editor.spec.ts:327:1 › issue workflow preserves root references and validates local image files
2026-10-08T03:49:46.8644485Z [307/761] [firefox] › tests/browser/editor.spec.ts:359:1 › issue workflow preserves reference prefixes and reports container fallback
2026-10-08T03:49:48.4595691Z [308/761] [firefox] › tests/browser/editor.spec.ts:383:1 › reopens a full HTML report without promoting page metadata into editor content
2026-10-08T03:49:49.1624383Z [309/761] [firefox] › tests/browser/editor.spec.ts:387:1 › matches native document parsing for HTML envelopes, recovery, and noscript
2026-10-08T03:49:50.6549762Z [310/761] [firefox] › tests/browser/editor.spec.ts:401:1 › aligns selected paragraphs using backward selection, toolbar, history and HTML export
2026-10-08T03:49:51.4938308Z [311/761] [firefox] › tests/browser/editor.spec.ts:405:1 › exports independent DOCX list starts and renders the same procedure beside the editor
2026-10-08T03:49:53.1027966Z [312/761] [firefox] › tests/browser/editor.spec.ts:409:1 › retains zero-based list numbers through keyboard outdent history and export
2026-10-08T03:49:54.3799939Z [313/761] [firefox] › tests/browser/editor.spec.ts:413:1 › imports ordered-list starts like the native browser integer parser
2026-10-08T03:49:55.8454725Z [314/761] [firefox] › tests/browser/editor.spec.ts:427:1 › uses first-party Angular signals and directive for campaign editing and owner cleanup
2026-10-08T03:49:56.1807744Z [315/761] [firefox] › tests/browser/editor.spec.ts:431:1 › disposes Svelte custom block views before their owned engine
2026-10-08T03:49:57.8267457Z [316/761] [firefox] › tests/browser/editor.spec.ts:440:1 › uses first-party Svelte bindings for table editing, history, stores and owner disposal
2026-10-08T03:50:01.3690481Z [317/761] [firefox] › tests/browser/editor.spec.ts:444:1 › uses first-party Vue bindings for editing, reactive state, history and view remounts
2026-10-08T03:50:03.6108418Z [318/761] [firefox] › tests/browser/editor.spec.ts:448:1 › keeps real SVG equation links inside paged snapshots across editing and rebuilding
2026-10-08T03:50:05.9853702Z [319/761] [firefox] › tests/browser/editor.spec.ts:452:1 › saves and reopens equation files with source, references and history intact
2026-10-08T03:50:07.2727679Z [320/761] [firefox] › tests/browser/editor.spec.ts:456:1 › recovers from textless replacement for native typing, lines and history
2026-10-08T03:50:08.8416558Z [321/761] [firefox] › tests/browser/editor.spec.ts:460:1 › renders labelled equations and reader links through real editing and recovery
2026-10-08T03:50:11.8148592Z [322/761] [firefox] › tests/browser/editor.spec.ts:464:1 › keeps moved math source attached to its formula through native editing, undo, and export
2026-10-08T03:50:14.5820244Z [323/761] [firefox] › tests/browser/editor.spec.ts:468:1 › imports the published TeX table with visible losses and editable numeric values
2026-10-08T03:50:15.4988000Z [324/761] [firefox] › tests/browser/editor.spec.ts:552:1 › keeps comparison names separate from their copy in a mobile desktop-site viewport
2026-10-08T03:50:16.3345713Z [325/761] [firefox] › tests/browser/editor.spec.ts:580:1 › renders, edits, and measures portable page intent in a real browser
2026-10-08T03:50:17.3962516Z [326/761] [firefox] › tests/browser/editor.spec.ts:649:1 › measures browser line boxes, list items, rowspan groups, and footnotes as legal page fragments
2026-10-08T03:50:17.4155342Z [327/761] [firefox] › tests/browser/editor.spec.ts:743:1 › continues measured long footnotes through editable and print page projections
2026-10-08T03:50:18.4699368Z [328/761] [firefox] › tests/browser/editor.spec.ts:851:1 › prints a mixed repeated-footnote, merged-table, and manual-break document without loss
2026-10-08T03:50:20.0505012Z [329/761] [firefox] › tests/browser/editor.spec.ts:959:1 › paginates imported styled semantic HTML without structural or PDF text loss
2026-10-08T03:50:21.4583116Z [330/761] [firefox] › tests/browser/editor.spec.ts:1104:1 › uses a host print renderer without moving or exposing live custom DOM
2026-10-08T03:50:21.5343385Z [331/761] [firefox] › tests/browser/editor.spec.ts:1127:1 › projects exact A4 and Letter print sheets in every browser engine
2026-10-08T03:50:22.5622273Z [332/761] [firefox] › tests/browser/editor.spec.ts:1244:1 › emits exact A4 and Letter PDF pages for every projected sheet in Chromium
2026-10-08T03:50:22.9477062Z [333/761] [firefox] › tests/browser/editor.spec.ts:1284:1 › keeps 1,000-block pagination reflow local to the changed block
2026-10-08T03:50:23.1360939Z [334/761] [firefox] › tests/browser/editor.spec.ts:1296:1 › bounds alternating edge reflow across 5,000 rendered page blocks
2026-10-08T03:50:24.1717105Z [335/761] [firefox] › tests/browser/editor.spec.ts:1319:1 › keeps 5,000 unchanged page blocks cached through leading insertion and removal
2026-10-08T03:50:25.4777010Z [336/761] [firefox] › tests/browser/editor.spec.ts:1345:1 › edits, selects, and composes across guarded page shells in one contenteditable
2026-10-08T03:50:26.2801006Z [337/761] [firefox] › tests/browser/editor.spec.ts:1421:1 › keeps one paragraph editable when its measured lines span page shells
2026-10-08T03:50:27.2453496Z [338/761] [firefox] › tests/browser/editor.spec.ts:1548:1 › maps carets, ranges, and composition around injected paragraph page gaps
2026-10-08T03:50:28.1007989Z [339/761] [firefox] › tests/browser/editor.spec.ts:1652:1 › keeps one canonical ordered list editable and numbered across page shells
2026-10-08T03:50:29.9858050Z [340/761] [firefox] › tests/browser/editor.spec.ts:1787:52 › honours explicit table repetition independently of cell roles (ordinary)
2026-10-08T03:50:31.5902953Z [341/761] [firefox] › tests/browser/editor.spec.ts:1787:52 › honours explicit table repetition independently of cell roles (off)
2026-10-08T03:50:31.6388347Z [342/761] [firefox] › tests/browser/editor.spec.ts:1820:1 › keeps one canonical table editable with repeated headers across page shells
2026-10-08T03:50:33.5112963Z [343/761] [firefox] › tests/browser/editor.spec.ts:1970:1 › keeps merged header and body rowspans intact across editable table pages
2026-10-08T03:50:33.8739198Z [344/761] [firefox] › tests/browser/editor.spec.ts:2036:1 › reports an oversized table row without clipping or splitting its editable model
2026-10-08T03:50:35.3266355Z [345/761] [firefox] › tests/browser/editor.spec.ts:2078:1 › keeps canonical page furniture and footnotes editable while projecting every page copy
2026-10-08T03:50:35.5674015Z [346/761] [firefox] › tests/browser/editor.spec.ts:2163:1 › keeps code, media, disclosures, and custom atoms canonical across editable pages
2026-10-08T03:50:37.4043357Z [347/761] [firefox] › tests/browser/editor.spec.ts:2298:1 › keeps tracked review and Yjs live between list items split across pages
2026-10-08T03:50:37.7307980Z [348/761] [firefox] › tests/browser/editor.spec.ts:2364:1 › keeps tracked review and Yjs live between table rows split across pages
2026-10-08T03:50:39.5316534Z [349/761] [firefox] › tests/browser/editor.spec.ts:2441:13 › keeps comments attached and synchronized inside a continued list
2026-10-08T03:50:40.9134411Z [350/761] [firefox] › tests/browser/editor.spec.ts:2441:13 › keeps comments attached and synchronized inside a continued table
2026-10-08T03:50:41.6129428Z [351/761] [firefox] › tests/browser/editor.spec.ts:2495:1 › keeps tracked review and Yjs live inside a paragraph split across pages
2026-10-08T03:50:42.7839988Z [352/761] [firefox] › tests/browser/editor.spec.ts:2556:1 › keeps tracked review and Yjs collaboration live across automatic page boundaries
2026-10-08T03:50:44.2228342Z [353/761] [firefox] › tests/browser/editor.spec.ts:2631:1 › tracks real browser insertion and replacement with reversible review decisions
2026-10-08T03:50:44.4376520Z [354/761] [firefox] › tests/browser/editor.spec.ts:2660:1 › runs the package-backed full-text tracked review panel
2026-10-08T03:50:45.1662950Z [355/761] [firefox] › tests/browser/editor.spec.ts:2678:1 › runs package-backed named versions, exact comparison, preview, and guarded restoration
2026-10-08T03:50:46.6684311Z [356/761] [firefox] › tests/browser/editor.spec.ts:2708:1 › edits and persists package-backed collapsible details in the public playground
2026-10-08T03:50:47.4628680Z [357/761] [firefox] › tests/browser/editor.spec.ts:2734:1 › edits semantic ruby annotations through the package-backed public playground
2026-10-08T03:50:48.9749734Z [358/761] [firefox] › tests/browser/editor.spec.ts:2764:1 › converges live and offline Yjs edits and keeps collaborative undo author-local
2026-10-08T03:50:49.8057403Z [359/761] [firefox] › tests/browser/editor.spec.ts:2793:1 › runs reference links, recursive blocks, rich tables, and loss reports in a real browser
2026-10-08T03:50:51.0972253Z [360/761] [firefox] › tests/browser/editor.spec.ts:2818:1 › round-trips variable-delimiter Markdown code spans in the browser package
2026-10-08T03:50:51.3749843Z [361/761] [firefox] › tests/browser/editor.spec.ts:3386:1 › types, deletes, and undoes inside imported empty documents, quotes, and list items
2026-10-08T03:50:52.1286993Z [362/761] [firefox] › tests/browser/editor.spec.ts:3416:1 › round-trips marker-relative list containers and exact code whitespace
2026-10-08T03:50:52.8640386Z [363/761] [firefox] › tests/browser/editor.spec.ts:3460:1 › preserves raw Markdown and inert frontmatter through the browser package
2026-10-08T03:50:53.5404114Z [364/761] [firefox] › tests/browser/editor.spec.ts:3486:1 › edits through real beforeinput events and undoes a Markdown input rule
2026-10-08T03:50:54.4327718Z [365/761] [firefox] › tests/browser/editor.spec.ts:3500:1 › groups adjacent browser typing and respects explicit undo boundaries
2026-10-08T03:50:55.2968700Z [366/761] [firefox] › tests/browser/editor.spec.ts:3521:3 › preserves replacement formatting across subsequent typing input
2026-10-08T03:50:55.3277728Z [367/761] [firefox] › tests/browser/editor.spec.ts:3521:3 › preserves replacement formatting across subsequent composition input
2026-10-08T03:50:56.2038920Z [368/761] [firefox] › tests/browser/editor.spec.ts:3552:1 › commits cross-browser composition sequences once and supports replacement input
2026-10-08T03:50:56.3308896Z [369/761] [firefox] › tests/browser/editor.spec.ts:3584:1 › maps decorations through typing without persisting widget content
2026-10-08T03:50:57.1587713Z [370/761] [firefox] › tests/browser/editor.spec.ts:3599:1 › highlights editable code and updates language metadata through public commands
2026-10-08T03:50:57.3786786Z [371/761] [firefox] › tests/browser/editor.spec.ts:3629:1 › runs a view-focused chain and checks it without preview side effects
2026-10-08T03:50:58.1517954Z [372/761] [firefox] › tests/browser/editor.spec.ts:3650:1 › applies every configured paste-rule match through a browser paste event
2026-10-08T03:50:58.2976814Z [373/761] [firefox] › tests/browser/editor.spec.ts:3668:1 › autolinks, safely activates, edits, and removes links in a real browser
2026-10-08T03:50:59.0903962Z [374/761] [firefox] › tests/browser/editor.spec.ts:3699:1 › preserves structured rich HTML from a real browser clipboard event
2026-10-08T03:50:59.5638108Z [375/761] [firefox] › tests/browser/editor.spec.ts:3720:1 › pastes unwrapped inline HTML without dropping surrounding text or formatting
2026-10-08T03:51:00.4872066Z [376/761] [firefox] › tests/browser/editor.spec.ts:3741:1 › honors strict raw HTML token boundaries in the public Markdown pipeline
2026-10-08T03:51:01.9251447Z [377/761] [firefox] › tests/browser/editor.spec.ts:3758:1 › pastes unfamiliar HTML wrappers without flattening headings, paragraphs, or lists
2026-10-08T03:51:02.2863145Z [378/761] [firefox] › tests/browser/editor.spec.ts:3778:1 › pastes structured table cells and edits separate paragraphs without flattening nested blocks
2026-10-08T03:51:03.1168081Z [379/761] [firefox] › tests/browser/editor.spec.ts:3801:1 › retains standalone non-collapsible Unicode text during rich paste
2026-10-08T03:51:03.5298414Z [380/761] [firefox] › tests/browser/editor.spec.ts:3818:1 › pastes empty formatting and applies it to subsequently typed text
2026-10-08T03:51:04.0780854Z [381/761] [firefox] › tests/browser/editor.spec.ts:3842:57 › pastes and edits list-first code without inventing a blank paragraph
2026-10-08T03:51:04.6518606Z [382/761] [firefox] › tests/browser/editor.spec.ts:3842:57 › pastes and edits list-first code without inventing a blank paragraph from its label area
2026-10-08T03:51:06.0943721Z [383/761] [firefox] › tests/browser/editor.spec.ts:3870:1 › normalizes representative Word, Docs, and Excel clipboard payloads in every browser engine
2026-10-08T03:51:07.0112933Z [384/761] [firefox] › tests/browser/editor.spec.ts:3923:1 › imports an extension-defined HTML node through the schema contract
2026-10-08T03:51:07.3148536Z [385/761] [firefox] › tests/browser/editor.spec.ts:3948:1 › pastes mixed nested HTML lists without flattening their hierarchy
2026-10-08T03:51:08.0178700Z [386/761] [firefox] › tests/browser/editor.spec.ts:3971:1 › wraps, indents, lifts, and exits lists through browser-visible commands and keys
2026-10-08T03:51:08.1960135Z [387/761] [firefox] › tests/browser/editor.spec.ts:4001:1 › edits bidirectional and deeply nested text by logical document positions
2026-10-08T03:51:09.0012213Z [388/761] [firefox] › tests/browser/editor.spec.ts:4028:1 › moves a selected top-level block through native drag data
2026-10-08T03:51:09.1721112Z [389/761] [firefox] › tests/browser/editor.spec.ts:4046:1 › shows a host-replaceable drop cursor for inline text and atomic block targets
2026-10-08T03:51:09.9878136Z [390/761] [firefox] › tests/browser/editor.spec.ts:4107:1 › reorders nested blocks with accessible controls, drop indicators, drag, and undo
2026-10-08T03:51:10.2047520Z [391/761] [firefox] › tests/browser/editor.spec.ts:4182:1 › shows one structural block target across paragraphs, headings, lists, tables, media, and custom nodes
2026-10-08T03:51:11.4393186Z [392/761] [firefox] › tests/browser/editor.spec.ts:4278:1 › replaces a DOM selection that crosses block boundaries
2026-10-08T03:51:12.3131953Z [393/761] [firefox] › tests/browser/editor.spec.ts:4317:1 › keeps a visible editable paragraph after a terminal non-text block
2026-10-08T03:51:12.7194052Z [394/761] [firefox] › tests/browser/editor.spec.ts:4339:1 › uses Ctrl+A as an explicit all-document selection and replaces the document
2026-10-08T03:51:13.5406245Z [395/761] [firefox] › tests/browser/editor.spec.ts:4351:1 › selects and deletes a block image through real pointer and keyboard input
2026-10-08T03:51:13.7317865Z [396/761] [firefox] › tests/browser/editor.spec.ts:4374:1 › edits, aligns, resizes, and undoes a production image through accessible controls
2026-10-08T03:51:14.7653924Z [397/761] [firefox] › tests/browser/editor.spec.ts:4430:1 › inserts and removes a true inline image without breaking surrounding text
2026-10-08T03:51:15.5665594Z [398/761] [firefox] › tests/browser/editor.spec.ts:4448:1 › tracks and cancels browser-native image upload tasks
2026-10-08T03:51:16.6146199Z [399/761] [firefox] › tests/browser/editor.spec.ts:4488:1 › extends and replaces a rectangular cell selection through real pointer input
2026-10-08T03:51:16.8149159Z [400/761] [firefox] › tests/browser/editor.spec.ts:4516:1 › keeps mixed-format links intact through backward selection typing and history
2026-10-08T03:51:18.0507869Z [401/761] [firefox] › tests/browser/editor.spec.ts:4548:1 › reaches overflowing code by keyboard and leaves it without modifying the document
2026-10-08T03:51:19.2438496Z [402/761] [firefox] › tests/browser/editor.spec.ts:4594:1 › pastes into tab-focused code through Chromium clipboard without changing the previous paragraph
2026-10-08T03:51:19.3227413Z [403/761] [firefox] › tests/browser/editor.spec.ts:4618:1 › announces table resize values through real keyboard, pointer and history workflows
2026-10-08T03:51:19.5514802Z [404/761] [firefox] › tests/browser/editor.spec.ts:4671:1 › edits merged tables, resizes columns, toggles headers, and exchanges spreadsheet grids
2026-10-08T03:51:20.7224932Z [405/761] [firefox] › tests/browser/editor.spec.ts:4744:1 › keeps normal paste while offering bounded editor-local clipboard slots
2026-10-08T03:51:21.4748888Z [406/761] [firefox] › tests/browser/editor.spec.ts:4783:1 › renders and types into a structural gap as a new block
2026-10-08T03:51:21.5818623Z [407/761] [firefox] › tests/browser/editor.spec.ts:4795:1 › edits Lean without a mandatory server and renders transient provider diagnostics
2026-10-08T03:51:22.5009110Z [408/761] [firefox] › tests/browser/editor.spec.ts:4822:1 › keeps custom NodeViews live across updates and mapped moves while containing their DOM
2026-10-08T03:51:22.7380545Z [409/761] [firefox] › tests/browser/editor.spec.ts:4859:1 › loads the public React playground without console or page errors
2026-10-08T03:51:23.7721035Z [410/761] [firefox] › tests/browser/editor.spec.ts:4884:1 › publishes actionable extension authoring, conformance, and doctor guidance
2026-10-08T03:51:24.6592922Z [411/761] [firefox] › tests/browser/editor.spec.ts:4902:1 › pairs the optional AI demo with developer recipes for every public workflow
2026-10-08T03:51:25.4928022Z [412/761] [firefox] › tests/browser/editor.spec.ts:4923:1 › runs the public two-editor collaboration demo with presence and author-local undo
2026-10-08T03:51:26.3538211Z [413/761] [firefox] › tests/browser/editor.spec.ts:4990:1 › replaces both live collaboration documents without remounting the public editors
2026-10-08T03:51:27.9333664Z [414/761] [firefox] › tests/browser/editor.spec.ts:5049:1 › merges nested collaborative settings through the public two-editor demo
2026-10-08T03:51:29.2457859Z [415/761] [firefox] › tests/browser/editor.spec.ts:5068:1 › keeps headline phrases together and makes full-page navigation explicit
2026-10-08T03:51:31.4962674Z [416/761] [firefox] › tests/browser/editor.spec.ts:5093:1 › runs shared threaded comments through the public provider-neutral review panel
2026-10-08T03:51:31.5708024Z [417/761] [firefox] › tests/browser/editor.spec.ts:5150:1 › uses package-backed mentions, emoji, typography, and live counting in the public React playground
2026-10-08T03:51:34.4377894Z [418/761] [firefox] › tests/browser/editor.spec.ts:5211:1 › runs grouped default and product slash commands in the public React playground
2026-10-08T03:51:34.5789527Z [419/761] [firefox] › tests/browser/editor.spec.ts:5242:1 › runs accessible bubble and floating menus in the public React playground
2026-10-08T03:51:37.4101693Z [420/761] [firefox] › tests/browser/editor.spec.ts:5284:1 › composes and keyboard-navigates the public toolbar by stable group and action IDs
2026-10-08T03:51:38.4627967Z [421/761] [firefox] › tests/browser/editor.spec.ts:5321:1 › applies the complete text-style suite through the public React toolbar
2026-10-08T03:51:39.6226192Z [422/761] [firefox] › tests/browser/editor.spec.ts:5382:1 › uses the public React image workflow for metadata, alignment, and replacement
2026-10-08T03:51:42.2026870Z [423/761] [firefox] › tests/browser/editor.spec.ts:5426:1 › opens and cancels public configuration panels with keyboard focus and exact document retention
2026-10-08T03:51:44.2637564Z [424/761] [firefox] › tests/browser/editor.spec.ts:5544:1 › keeps the public native colour field focused while formatting selected text and allows undo in the editor
2026-10-08T03:51:46.3022458Z [425/761] [firefox] › tests/browser/editor.spec.ts:5571:1 › keeps table configuration labels legible on pointer hover
2026-10-08T03:51:48.8378924Z [426/761] [firefox] › tests/browser/editor.spec.ts:5610:1 › creates and edits a link through the public React toolbar
2026-10-08T03:51:51.2192351Z [427/761] [firefox] › tests/browser/editor.spec.ts:5641:1 › toggles a selected block through the public React list controls
2026-10-08T03:51:51.9188118Z [428/761] [firefox] › tests/browser/editor.spec.ts:5656:1 › edits code language and line numbers through the public React toolbar
2026-10-08T03:51:53.9481570Z [429/761] [firefox] › tests/browser/editor.spec.ts:5675:1 › opens the searchable clipboard-history picker in the public React toolbar
2026-10-08T03:51:54.3358157Z [430/761] [firefox] › tests/browser/editor.spec.ts:5708:1 › keeps the public outline stable, hierarchical, active, and navigable
2026-10-08T03:51:56.4202555Z [431/761] [firefox] › tests/browser/editor.spec.ts:5733:1 › exposes and explicitly cleans invisible text in the public playground
2026-10-08T03:51:56.8754202Z [432/761] [firefox] › tests/browser/editor.spec.ts:5774:1 › runs the public plain-DOM first-class widget demo
2026-10-08T03:51:59.0325521Z [433/761] [firefox] › tests/browser/editor.spec.ts:5821:1 › runs the public React first-class widget demo without losing control focus
2026-10-08T03:51:59.9487535Z [434/761] [firefox] › tests/browser/editor.spec.ts:5859:1 › makes the quote control discoverable and toggles an existing quote in the Java workflow demo
2026-10-08T03:52:01.0046213Z [435/761] [firefox] › tests/browser/editor.spec.ts:5873:1 › retains table captions and reports their projected association in the conversion demo
2026-10-08T03:52:02.2250191Z [436/761] [firefox] › tests/browser/editor.spec.ts:5890:1 › preserves complex figure content in the public Markdown conversion demo
2026-10-08T03:52:03.5528739Z [437/761] [firefox] › tests/browser/editor.spec.ts:5908:1 › runs the public headless Markdown, LaTeX, and server HTML pipeline
2026-10-08T03:52:04.6512554Z [438/761] [firefox] › tests/browser/editor.spec.ts:5979:1 › records native DOCX viewer disagreements without certifying math fidelity
2026-10-08T03:52:07.2028464Z [439/761] [firefox] › tests/browser/editor.spec.ts:5984:1 › checks actual DOCX retention beside an independent viewer without hiding its header omission
2026-10-08T03:52:10.5557942Z [440/761] [firefox] › tests/browser/editor.spec.ts:6100:1 › renders real KaTeX while reporting published-equation and trust failures without source loss
2026-10-08T03:52:11.9771792Z [441/761] [firefox] › tests/browser/editor.spec.ts:6131:1 › edits multiline math without losing line breaks, descriptions, or undo history
2026-10-08T03:52:12.6857556Z [442/761] [firefox] › tests/browser/editor.spec.ts:6168:1 › renders and inserts native math in the public DOM integration
2026-10-08T03:52:14.6877957Z [443/761] [firefox] › tests/browser/editor.spec.ts:6225:1 › makes table sizing, complete deletion, insertion gaps, and highlight colours explicit in the public demo
2026-10-08T03:52:14.7340059Z [444/761] [firefox] › tests/browser/editor.spec.ts:6273:1 › keeps rich and multiline paste structurally predictable in the public editor
2026-10-08T03:52:16.8547777Z [445/761] [firefox] › tests/browser/editor.spec.ts:6346:1 › round-trips a Fountain multi-block selection through Chromium clipboard HTML
2026-10-08T03:52:17.1727667Z [446/761] [firefox] › tests/browser/editor.spec.ts:6413:1 › round-trips an extension-owned Fountain atom through the Chromium clipboard
2026-10-08T03:52:17.6210814Z [447/761] [firefox] › tests/browser/editor.spec.ts:6462:1 › round-trips a complex whole Fountain document through the Chromium clipboard exactly
2026-10-08T03:52:17.9668452Z [448/761] [firefox] › tests/browser/editor.spec.ts:6549:1 › copies clean semantic Fountain HTML into an external browser editor
2026-10-08T03:52:18.3450958Z [449/761] [firefox] › tests/browser/editor.spec.ts:6604:1 › copies readable Fountain text into a plain-text external editor
2026-10-08T03:52:18.6763192Z [450/761] [firefox] › tests/browser/editor.spec.ts:6708:1 › renders repeated empty paragraphs and removes each visible line
2026-10-08T03:52:18.6764471Z [451/761] [firefox] › tests/browser/editor.spec.ts:6663:1 › copies math to external rich and plain-text editors without renderer controls
2026-10-08T03:52:19.0243944Z [452/761] [firefox] › tests/browser/editor.spec.ts:6738:1 › undoes and redoes real typing with both common browser keyboard chords
2026-10-08T03:52:20.0276556Z [453/761] [firefox] › tests/browser/editor.spec.ts:6755:1 › keeps a backward DOM selection backward after model synchronization
2026-10-08T03:52:20.5626376Z [454/761] [firefox] › tests/browser/editor.spec.ts:6779:1 › preserves a backward selection made with real keyboard input
2026-10-08T03:52:21.5750754Z [455/761] [firefox] › tests/browser/editor.spec.ts:6794:1 › replaces a backward selection made by a real reverse pointer drag
2026-10-08T03:52:22.8682617Z [456/761] [firefox] › tests/browser/editor.spec.ts:6830:1 › turns multi-format and multi-block selections into visible paragraph boundaries
2026-10-08T03:52:23.2422501Z [457/761] [firefox] › tests/browser/editor.spec.ts:6888:1 › visibly splits and joins ordinary paragraphs with both deletion directions
2026-10-08T03:52:24.5511525Z [458/761] [firefox] › tests/browser/editor.spec.ts:6913:1 › deletes an adjacent inline atom without eating surrounding text
2026-10-08T03:52:24.7402926Z [459/761] [firefox] › tests/browser/editor.spec.ts:6943:1 › unwraps and exits an inserted quote with ordinary browser keys
2026-10-08T03:52:25.5847949Z [460/761] [firefox] › tests/browser/editor.spec.ts:6972:1 › publishes semantic selection controls and table interaction in the demo gallery
2026-10-08T03:52:27.4137566Z [461/761] [firefox] › tests/browser/editor.spec.ts:6989:1 › runs campaign images, native media and safe embeds through Angular with honest upload boundaries
2026-10-08T03:52:27.5358189Z [462/761] [firefox] › tests/browser/editor.spec.ts:7066:1 › uses the public React media workflow for native playback, provider-gated embeds, and asset uploads
2026-10-08T03:52:30.5621840Z [463/761] [firefox] › tests/browser/editor.spec.ts:7111:1 › streams an optional AI proposal outside the document until review is ready
2026-10-08T03:52:33.2808247Z [464/761] [firefox] › tests/browser/editor.spec.ts:7136:1 › preserves whitespace when an AI proposal ends at a formatting boundary
2026-10-08T03:52:34.1855995Z [465/761] [firefox] › tests/browser/editor.spec.ts:7151:1 › runs a host-owned multi-turn AI conversation with reusable prompts and clear confirmation
2026-10-08T03:52:36.3847741Z [466/761] [firefox] › tests/browser/editor.spec.ts:7179:1 › reviews generated media before the normal host upload inserts one undoable node
2026-10-08T03:52:37.7545370Z [467/761] [firefox] › tests/browser/editor.spec.ts:7205:1 › reviews a schema-aware agent tool proposal before one-step apply and undo
2026-10-08T03:52:39.4860923Z [468/761] [firefox] › tests/browser/editor.spec.ts:7230:1 › keeps a 1,000-block input update local and paints within budget
2026-10-08T03:52:39.8228089Z [469/761] [firefox] › tests/browser/editor.spec.ts:7251:1 › virtualizes 100,000 blocks while preserving scrolling, distant selection, IME, and copy
2026-10-08T03:52:40.9177972Z [470/761] [firefox] › tests/browser/editor.spec.ts:7309:1 › exports rich tables as HTML Markdown and exposes the compatibility note
2026-10-08T03:52:41.6727618Z [471/761] [firefox] › tests/browser/editor.spec.ts:7331:1 › HTML comments do not insert phantom paragraphs in converted Markdown
2026-10-08T03:52:43.6190471Z [472/761] [firefox] › tests/browser/editor.spec.ts:7343:1 › imported table section order matches the physically rendered source table
2026-10-08T03:52:43.7050580Z [473/761] [firefox] › tests/browser/editor.spec.ts:7374:1 › imports zero-rowspan cells with the same row-group geometry in server and browser
2026-10-08T03:52:46.1807783Z [474/761] [firefox] › tests/browser/editor.spec.ts:7405:1 › reconstructs HTML tables across Markdown block boundaries
2026-10-08T03:52:46.3916311Z [475/761] [firefox] › tests/browser/editor.spec.ts:7426:1 › applies surrounding HTML formatting without replacing Markdown block content
2026-10-08T03:52:48.3877722Z [476/761] [firefox] › tests/browser/editor.spec.ts:7439:1 › converts raw HTML blocks only when the headless demo option is enabled
2026-10-08T03:52:50.1702603Z [477/761] [firefox] › tests/browser/editor.spec.ts:7455:1 › projects inline HTML around Markdown nodes only with explicit opt-in and visible fallback
2026-10-08T03:52:50.3357342Z [478/761] [firefox] › tests/browser/editor.spec.ts:7480:1 › shows specific discarded HTML and rejected URL losses in both conversion surfaces
2026-10-08T03:52:54.8685895Z [479/761] [webkit] › tests/browser/editor.spec.ts:51:3 › retains technical code reading direction through real settings, editing and downloaded HTML: ltr
2026-10-08T03:52:55.1321639Z [480/761] [webkit] › tests/browser/editor.spec.ts:51:3 › retains technical code reading direction through real settings, editing and downloaded HTML: rtl
2026-10-08T03:53:02.6337898Z [481/761] [webkit] › tests/browser/editor.spec.ts:51:3 › retains technical code reading direction through real settings, editing and downloaded HTML: auto
2026-10-08T03:53:03.2545246Z [482/761] [webkit] › tests/browser/editor.spec.ts:62:3 › retains shared automatic list scope through real convert, typing and downloaded HTML
2026-10-08T03:53:09.5268339Z [483/761] [webkit] › tests/browser/editor.spec.ts:62:3 › retains shared automatic list scope through real lift, typing and downloaded HTML
2026-10-08T03:53:10.2419253Z [484/761] [webkit] › tests/browser/editor.spec.ts:72:3 › reorders real runbook blocks with native pointer feedback in ltr
2026-10-08T03:53:15.4583141Z [485/761] [webkit] › tests/browser/editor.spec.ts:72:3 › reorders real runbook blocks with native pointer feedback in rtl
2026-10-08T03:53:15.8342856Z [486/761] [webkit] › tests/browser/editor.spec.ts:76:1 › reorders real runbook blocks with keyboard structural feedback
2026-10-08T03:53:21.0160510Z [487/761] [webkit] › tests/browser/editor.spec.ts:81:3 › preserves list direction through real transforms and downloaded HTML: unwrap
2026-10-08T03:53:23.6279274Z [488/761] [webkit] › tests/browser/editor.spec.ts:81:3 › preserves list direction through real transforms and downloaded HTML: indent
2026-10-08T03:53:25.3865731Z [489/761] [webkit] › tests/browser/editor.spec.ts:81:3 › preserves list direction through real transforms and downloaded HTML: nested-lift
2026-10-08T03:53:28.0500293Z [490/761] [webkit] › tests/browser/editor.spec.ts:81:3 › preserves list direction through real transforms and downloaded HTML: contained
2026-10-08T03:53:29.8669678Z [491/761] [webkit] › tests/browser/editor.spec.ts:87:3 › inserts table columns on the physical left and right: ltr
2026-10-08T03:53:33.0369103Z [492/761] [webkit] › tests/browser/editor.spec.ts:87:3 › inserts table columns on the physical left and right: rtl-cell-ltr
2026-10-08T03:53:35.1451045Z [493/761] [webkit] › tests/browser/editor.spec.ts:87:3 › inserts table columns on the physical left and right: auto
2026-10-08T03:53:38.4810180Z [494/761] [webkit] › tests/browser/editor.spec.ts:87:3 › inserts table columns on the physical left and right: host-css
2026-10-08T03:53:40.6239969Z [495/761] [webkit] › tests/browser/editor.spec.ts:87:3 › inserts table columns on the physical left and right: rtl-spans
2026-10-08T03:53:43.7994311Z [496/761] [webkit] › tests/browser/editor.spec.ts:92:1 › retains structural RTL against native source through author controls, physical table editing and downloaded HTML
2026-10-08T03:53:46.0985108Z [497/761] [webkit] › tests/browser/editor.spec.ts:96:1 › imports inherited inline alignment against a native surface and keeps it through real editing and downloaded HTML
2026-10-08T03:53:49.6024000Z [498/761] [webkit] › tests/browser/editor.spec.ts:100:1 › compares list-first code text-click focus and editing to a plain native surface
2026-10-08T03:53:52.0337504Z [499/761] [webkit] › tests/browser/editor.spec.ts:104:1 › retains a shared automatic section direction through first-strong-text editing, history and reader preview
2026-10-08T03:53:52.4548097Z [500/761] [webkit] › tests/browser/editor.spec.ts:108:1 › authors physical-left alignment under an RTL host and inherited-auto reader with history
2026-10-08T03:53:57.7348381Z [501/761] [webkit] › tests/browser/editor.spec.ts:112:1 › edits RTL blocks with native keyboard selection, direction controls, Enter history and HTML reader export
2026-10-08T03:53:58.9231899Z [502/761] [webkit] › tests/browser/editor.spec.ts:116:1 › separates the homepage framework descenders from the italic extend line
2026-10-08T03:54:03.5233122Z [503/761] [webkit] › tests/browser/editor.spec.ts:135:1 › keeps consecutive marked quoted and table blank lines visible in reader and saved HTML
2026-10-08T03:54:04.6897765Z [504/761] [webkit] › tests/browser/editor.spec.ts:139:1 › fills and reopens a retained childless paragraph using real pointer typing Enter Backspace and undo
2026-10-08T03:54:12.5828017Z [505/761] [webkit] › tests/browser/editor.spec.ts:143:1 › edits structured inert block wrappers with actual table navigation Enter Backspace history and safe reopening
2026-10-08T03:54:12.6980965Z [506/761] [webkit] › tests/browser/editor.spec.ts:147:1 › retains HTML link navigation and literal Markdown data through real editing and reopening
2026-10-08T03:54:26.0432375Z [507/761] [webkit] › tests/browser/editor.spec.ts:151:1 › edits inert script style textarea source with real Enter Backspace history and safe reader reopening
2026-10-08T03:54:30.5661321Z [508/761] [webkit] › tests/browser/editor.spec.ts:155:1 › retains unfinished raw HTML as editable Markdown source and discloses direct HTML omissions
2026-10-08T03:54:36.2251008Z [509/761] [webkit] › tests/browser/editor.spec.ts:159:1 › preserves registered inert inline source through real typing history and Markdown HTML JSON reopening
2026-10-08T03:54:37.9074583Z [510/761] [webkit] › tests/browser/editor.spec.ts:163:1 › preserves immutable snapshots and owned attributes through real typing Enter history and JSON reopening
2026-10-08T03:54:39.6527227Z [511/761] [webkit] › tests/browser/editor.spec.ts:167:1 › imports private files in the conversion lab with reports and export reopen
2026-10-08T03:54:46.7367237Z [512/761] [webkit] › tests/browser/editor.spec.ts:171:1 › resolves unequal Markdown runs through actual selection editing history download and reader reopen
2026-10-08T03:54:47.3876951Z [513/761] [webkit] › tests/browser/editor.spec.ts:176:3 › retains partial Markdown em scope through real typing history and canonical reopening
2026-10-08T03:54:49.2288136Z [514/761] [webkit] › tests/browser/editor.spec.ts:176:3 › retains partial Markdown strong scope through real typing history and canonical reopening
2026-10-08T03:54:51.1812774Z [515/761] [webkit] › tests/browser/editor.spec.ts:181:1 › submits resets and disables a native form-associated Web Component
2026-10-08T03:54:52.2457997Z [516/761] [webkit] › tests/browser/editor.spec.ts:185:1 › converts document-wide HTML scopes with source edit undo and explicit layout differences
2026-10-08T03:54:54.9880453Z [517/761] [webkit] › tests/browser/editor.spec.ts:189:1 › preserves inert HTML comments through human editing source and reader output
2026-10-08T03:54:58.3317955Z [518/761] [webkit] › tests/browser/editor.spec.ts:193:1 › copies anonymous flow internally and into an external plain-text editor through real clipboard
2026-10-08T03:55:02.2318239Z [519/761] [webkit] › tests/browser/editor.spec.ts:198:1 › retains cleared anonymous flow through real cut save reopen and continued editing
2026-10-08T03:55:08.0873769Z [520/761] [webkit] › tests/browser/editor.spec.ts:202:1 › retains anonymous HTML flow without extra spacing through real typing Enter deletion and reader output
2026-10-08T03:55:08.7567348Z [521/761] [webkit] › tests/browser/editor.spec.ts:206:1 › retains literal flow newlines through actual Markdown export and source reimport
2026-10-08T03:55:13.8178213Z [522/761] [webkit] › tests/browser/editor.spec.ts:210:1 › edits protected Markdown images and dividers inside HTML sections through history and reopening
2026-10-08T03:55:17.3071895Z [523/761] [webkit] › tests/browser/editor.spec.ts:214:1 › edits protected Markdown tables inside HTML sections through cell navigation history and reopening
2026-10-08T03:55:21.3406543Z [524/761] [webkit] › tests/browser/editor.spec.ts:218:1 › authors sections with properties, empty content, undo and reader preview
2026-10-08T03:55:26.4050403Z [525/761] [webkit] › tests/browser/editor.spec.ts:222:1 › preserves optional section containers through real editing and reader output
2026-10-08T03:55:30.2307383Z [526/761] [webkit] › tests/browser/editor.spec.ts:226:1 › edits and reopens a Word glossary with term and description roles
2026-10-08T03:55:32.7298304Z [527/761] [webkit] › tests/browser/editor.spec.ts:230:1 › imports and edits Word content controls without losing visible content
2026-10-08T03:55:37.9431421Z [528/761] [webkit] › tests/browser/editor.spec.ts:252:1 › preserves code endings through source recovery and reader handoff
2026-10-08T03:55:39.9527809Z [529/761] [webkit] › tests/browser/editor.spec.ts:256:1 › edits definition lists and reopens a glossary in a reader
2026-10-08T03:55:44.9638768Z [530/761] [webkit] › tests/browser/editor.spec.ts:260:1 › edits registered HTML wrappers after Markdown source recovery
2026-10-08T03:55:45.5337918Z [531/761] [webkit] › tests/browser/editor.spec.ts:264:1 › retains the complete document through pointer and keyboard output-format changes
2026-10-08T03:55:47.0473164Z [532/761] [webkit] › tests/browser/editor.spec.ts:268:1 › recovers nested Markdown lists and quotes through an editor and reader
2026-10-08T03:55:56.3187472Z [533/761] [webkit] › tests/browser/editor.spec.ts:272:1 › edits opaque code labels and reopens them safely in a reader
2026-10-08T03:56:02.0807343Z [534/761] [webkit] › tests/browser/editor.spec.ts:277:1 › guards editor actions against page reloads without suppressing failures
2026-10-08T03:56:02.1908127Z [535/761] [webkit] › tests/browser/editor.spec.ts:287:1 › recovers paragraph HTML into editable blocks and a reopened reader
2026-10-08T03:56:03.5497876Z [536/761] [webkit] › tests/browser/editor.spec.ts:291:1 › reads separate retired paragraphs after Markdown HTML scope conversion and handoff
2026-10-08T03:56:08.8573758Z [537/761] [webkit] › tests/browser/editor.spec.ts:295:1 › preserves headerless and mixed tables through source and file handoff
2026-10-08T03:56:14.1996156Z [538/761] [webkit] › tests/browser/editor.spec.ts:299:1 › retains HTML block formatting through server import, paste and draft handoff
2026-10-08T03:56:22.7807375Z [539/761] [webkit] › tests/browser/editor.spec.ts:303:1 › discovers product workflows and preserves separate task drafts and histories
2026-10-08T03:56:28.5596947Z [540/761] [webkit] › tests/browser/editor.spec.ts:307:1 › retains escaped pipes and strikethrough through table edits and Markdown handoff
2026-10-08T03:56:34.0947457Z [541/761] [webkit] › tests/browser/editor.spec.ts:311:1 › retains literal text lines through editing and Markdown handoff
2026-10-08T03:56:35.4083713Z [542/761] [webkit] › tests/browser/editor.spec.ts:315:1 › keeps literal syntax unformatted through visual edits and Markdown reopen
2026-10-08T03:56:38.8408676Z [543/761] [webkit] › tests/browser/editor.spec.ts:319:1 › chooses literal address import and retains links through DOCX handoff
2026-10-08T03:56:39.5432376Z [544/761] [webkit] › tests/browser/editor.spec.ts:323:1 › writes and reopens an issue with visual Markdown source fidelity and reader preview
2026-10-08T03:56:45.6754034Z [545/761] [webkit] › tests/browser/editor.spec.ts:327:1 › issue workflow preserves root references and validates local image files
2026-10-08T03:56:49.1880220Z [546/761] [webkit] › tests/browser/editor.spec.ts:359:1 › issue workflow preserves reference prefixes and reports container fallback
2026-10-08T03:56:50.2156368Z [547/761] [webkit] › tests/browser/editor.spec.ts:383:1 › reopens a full HTML report without promoting page metadata into editor content
2026-10-08T03:56:52.1910235Z [548/761] [webkit] › tests/browser/editor.spec.ts:387:1 › matches native document parsing for HTML envelopes, recovery, and noscript
2026-10-08T03:56:53.7586895Z [549/761] [webkit] › tests/browser/editor.spec.ts:401:1 › aligns selected paragraphs using backward selection, toolbar, history and HTML export
2026-10-08T03:56:55.6695402Z [550/761] [webkit] › tests/browser/editor.spec.ts:405:1 › exports independent DOCX list starts and renders the same procedure beside the editor
2026-10-08T03:56:57.8726574Z [551/761] [webkit] › tests/browser/editor.spec.ts:409:1 › retains zero-based list numbers through keyboard outdent history and export
2026-10-08T03:57:00.2469800Z [552/761] [webkit] › tests/browser/editor.spec.ts:413:1 › imports ordered-list starts like the native browser integer parser
2026-10-08T03:57:02.8696624Z [553/761] [webkit] › tests/browser/editor.spec.ts:427:1 › uses first-party Angular signals and directive for campaign editing and owner cleanup
2026-10-08T03:57:02.9468327Z [554/761] [webkit] › tests/browser/editor.spec.ts:431:1 › disposes Svelte custom block views before their owned engine
2026-10-08T03:57:04.5090750Z [555/761] [webkit] › tests/browser/editor.spec.ts:440:1 › uses first-party Svelte bindings for table editing, history, stores and owner disposal
2026-10-08T03:57:12.1150038Z [556/761] [webkit] › tests/browser/editor.spec.ts:444:1 › uses first-party Vue bindings for editing, reactive state, history and view remounts
2026-10-08T03:57:13.1422653Z [557/761] [webkit] › tests/browser/editor.spec.ts:448:1 › keeps real SVG equation links inside paged snapshots across editing and rebuilding
2026-10-08T03:57:18.0712461Z [558/761] [webkit] › tests/browser/editor.spec.ts:452:1 › saves and reopens equation files with source, references and history intact
2026-10-08T03:57:21.7763763Z [559/761] [webkit] › tests/browser/editor.spec.ts:456:1 › recovers from textless replacement for native typing, lines and history
2026-10-08T03:57:23.8432938Z [560/761] [webkit] › tests/browser/editor.spec.ts:460:1 › renders labelled equations and reader links through real editing and recovery
2026-10-08T03:57:25.4614534Z [561/761] [webkit] › tests/browser/editor.spec.ts:464:1 › keeps moved math source attached to its formula through native editing, undo, and export
2026-10-08T03:57:28.9149023Z [562/761] [webkit] › tests/browser/editor.spec.ts:468:1 › imports the published TeX table with visible losses and editable numeric values
2026-10-08T03:57:31.2138074Z [563/761] [webkit] › tests/browser/editor.spec.ts:552:1 › keeps comparison names separate from their copy in a mobile desktop-site viewport
2026-10-08T03:57:32.2263826Z [564/761] [webkit] › tests/browser/editor.spec.ts:580:1 › renders, edits, and measures portable page intent in a real browser
2026-10-08T03:57:33.1577206Z [565/761] [webkit] › tests/browser/editor.spec.ts:649:1 › measures browser line boxes, list items, rowspan groups, and footnotes as legal page fragments
2026-10-08T03:57:33.3790671Z [566/761] [webkit] › tests/browser/editor.spec.ts:743:1 › continues measured long footnotes through editable and print page projections
2026-10-08T03:57:34.3168005Z [567/761] [webkit] › tests/browser/editor.spec.ts:851:1 › prints a mixed repeated-footnote, merged-table, and manual-break document without loss
2026-10-08T03:57:35.8272116Z [568/761] [webkit] › tests/browser/editor.spec.ts:959:1 › paginates imported styled semantic HTML without structural or PDF text loss
2026-10-08T03:57:36.6002159Z [569/761] [webkit] › tests/browser/editor.spec.ts:1104:1 › uses a host print renderer without moving or exposing live custom DOM
2026-10-08T03:57:37.2393705Z [570/761] [webkit] › tests/browser/editor.spec.ts:1127:1 › projects exact A4 and Letter print sheets in every browser engine
2026-10-08T03:57:37.6692278Z [571/761] [webkit] › tests/browser/editor.spec.ts:1244:1 › emits exact A4 and Letter PDF pages for every projected sheet in Chromium
2026-10-08T03:57:38.0577682Z [572/761] [webkit] › tests/browser/editor.spec.ts:1284:1 › keeps 1,000-block pagination reflow local to the changed block
2026-10-08T03:57:38.8405054Z [573/761] [webkit] › tests/browser/editor.spec.ts:1296:1 › bounds alternating edge reflow across 5,000 rendered page blocks
2026-10-08T03:57:39.3752404Z [574/761] [webkit] › tests/browser/editor.spec.ts:1319:1 › keeps 5,000 unchanged page blocks cached through leading insertion and removal
2026-10-08T03:57:41.3784301Z [575/761] [webkit] › tests/browser/editor.spec.ts:1345:1 › edits, selects, and composes across guarded page shells in one contenteditable
2026-10-08T03:57:41.6201323Z [576/761] [webkit] › tests/browser/editor.spec.ts:1421:1 › keeps one paragraph editable when its measured lines span page shells
2026-10-08T03:57:43.2074323Z [577/761] [webkit] › tests/browser/editor.spec.ts:1548:1 › maps carets, ranges, and composition around injected paragraph page gaps
2026-10-08T03:57:43.4315152Z [578/761] [webkit] › tests/browser/editor.spec.ts:1652:1 › keeps one canonical ordered list editable and numbered across page shells
2026-10-08T03:57:44.8517723Z [579/761] [webkit] › tests/browser/editor.spec.ts:1787:52 › honours explicit table repetition independently of cell roles (ordinary)
2026-10-08T03:57:45.2341919Z [580/761] [webkit] › tests/browser/editor.spec.ts:1787:52 › honours explicit table repetition independently of cell roles (off)
2026-10-08T03:57:47.3283387Z [581/761] [webkit] › tests/browser/editor.spec.ts:1820:1 › keeps one canonical table editable with repeated headers across page shells
2026-10-08T03:57:47.5007345Z [582/761] [webkit] › tests/browser/editor.spec.ts:1970:1 › keeps merged header and body rowspans intact across editable table pages
2026-10-08T03:57:49.2094849Z [583/761] [webkit] › tests/browser/editor.spec.ts:2036:1 › reports an oversized table row without clipping or splitting its editable model
2026-10-08T03:57:49.9758526Z [584/761] [webkit] › tests/browser/editor.spec.ts:2078:1 › keeps canonical page furniture and footnotes editable while projecting every page copy
2026-10-08T03:57:50.9974205Z [585/761] [webkit] › tests/browser/editor.spec.ts:2163:1 › keeps code, media, disclosures, and custom atoms canonical across editable pages
2026-10-08T03:57:52.1727295Z [586/761] [webkit] › tests/browser/editor.spec.ts:2298:1 › keeps tracked review and Yjs live between list items split across pages
2026-10-08T03:57:53.5777345Z [587/761] [webkit] › tests/browser/editor.spec.ts:2364:1 › keeps tracked review and Yjs live between table rows split across pages
2026-10-08T03:57:54.2599838Z [588/761] [webkit] › tests/browser/editor.spec.ts:2441:13 › keeps comments attached and synchronized inside a continued list
2026-10-08T03:57:55.7928338Z [589/761] [webkit] › tests/browser/editor.spec.ts:2441:13 › keeps comments attached and synchronized inside a continued table
2026-10-08T03:57:57.0923846Z [590/761] [webkit] › tests/browser/editor.spec.ts:2495:1 › keeps tracked review and Yjs live inside a paragraph split across pages
2026-10-08T03:57:57.7233972Z [591/761] [webkit] › tests/browser/editor.spec.ts:2556:1 › keeps tracked review and Yjs collaboration live across automatic page boundaries
2026-10-08T03:57:59.7159680Z [592/761] [webkit] › tests/browser/editor.spec.ts:2631:1 › tracks real browser insertion and replacement with reversible review decisions
2026-10-08T03:57:59.8899522Z [593/761] [webkit] › tests/browser/editor.spec.ts:2660:1 › runs the package-backed full-text tracked review panel
2026-10-08T03:58:00.9759501Z [594/761] [webkit] › tests/browser/editor.spec.ts:2678:1 › runs package-backed named versions, exact comparison, preview, and guarded restoration
2026-10-08T03:58:02.7144604Z [595/761] [webkit] › tests/browser/editor.spec.ts:2708:1 › edits and persists package-backed collapsible details in the public playground
2026-10-08T03:58:04.1238503Z [596/761] [webkit] › tests/browser/editor.spec.ts:2734:1 › edits semantic ruby annotations through the package-backed public playground
2026-10-08T03:58:06.9610753Z [597/761] [webkit] › tests/browser/editor.spec.ts:2764:1 › converges live and offline Yjs edits and keeps collaborative undo author-local
2026-10-08T03:58:08.3418857Z [598/761] [webkit] › tests/browser/editor.spec.ts:2793:1 › runs reference links, recursive blocks, rich tables, and loss reports in a real browser
2026-10-08T03:58:08.3801632Z [599/761] [webkit] › tests/browser/editor.spec.ts:2818:1 › round-trips variable-delimiter Markdown code spans in the browser package
2026-10-08T03:58:09.2698057Z [600/761] [webkit] › tests/browser/editor.spec.ts:3386:1 › types, deletes, and undoes inside imported empty documents, quotes, and list items
2026-10-08T03:58:09.3690124Z [601/761] [webkit] › tests/browser/editor.spec.ts:3416:1 › round-trips marker-relative list containers and exact code whitespace
2026-10-08T03:58:10.2784982Z [602/761] [webkit] › tests/browser/editor.spec.ts:3460:1 › preserves raw Markdown and inert frontmatter through the browser package
2026-10-08T03:58:11.0917439Z [603/761] [webkit] › tests/browser/editor.spec.ts:3486:1 › edits through real beforeinput events and undoes a Markdown input rule
2026-10-08T03:58:12.2008506Z [604/761] [webkit] › tests/browser/editor.spec.ts:3500:1 › groups adjacent browser typing and respects explicit undo boundaries
2026-10-08T03:58:13.3284842Z [605/761] [webkit] › tests/browser/editor.spec.ts:3521:3 › preserves replacement formatting across subsequent typing input
2026-10-08T03:58:14.4244450Z [606/761] [webkit] › tests/browser/editor.spec.ts:3521:3 › preserves replacement formatting across subsequent composition input
2026-10-08T03:58:14.7318007Z [607/761] [webkit] › tests/browser/editor.spec.ts:3552:1 › commits cross-browser composition sequences once and supports replacement input
2026-10-08T03:58:15.5017764Z [608/761] [webkit] › tests/browser/editor.spec.ts:3584:1 › maps decorations through typing without persisting widget content
2026-10-08T03:58:15.6846698Z [609/761] [webkit] › tests/browser/editor.spec.ts:3599:1 › highlights editable code and updates language metadata through public commands
2026-10-08T03:58:16.4717421Z [610/761] [webkit] › tests/browser/editor.spec.ts:3629:1 › runs a view-focused chain and checks it without preview side effects
2026-10-08T03:58:16.7968367Z [611/761] [webkit] › tests/browser/editor.spec.ts:3650:1 › applies every configured paste-rule match through a browser paste event
2026-10-08T03:58:17.3614933Z [612/761] [webkit] › tests/browser/editor.spec.ts:3668:1 › autolinks, safely activates, edits, and removes links in a real browser
2026-10-08T03:58:17.6930735Z [613/761] [webkit] › tests/browser/editor.spec.ts:3699:1 › preserves structured rich HTML from a real browser clipboard event
2026-10-08T03:58:18.6182897Z [614/761] [webkit] › tests/browser/editor.spec.ts:3720:1 › pastes unwrapped inline HTML without dropping surrounding text or formatting
2026-10-08T03:58:18.7571300Z [615/761] [webkit] › tests/browser/editor.spec.ts:3741:1 › honors strict raw HTML token boundaries in the public Markdown pipeline
2026-10-08T03:58:19.6408367Z [616/761] [webkit] › tests/browser/editor.spec.ts:3758:1 › pastes unfamiliar HTML wrappers without flattening headings, paragraphs, or lists
2026-10-08T03:58:21.0446138Z [617/761] [webkit] › tests/browser/editor.spec.ts:3778:1 › pastes structured table cells and edits separate paragraphs without flattening nested blocks
2026-10-08T03:58:21.3709268Z [618/761] [webkit] › tests/browser/editor.spec.ts:3801:1 › retains standalone non-collapsible Unicode text during rich paste
2026-10-08T03:58:22.5270324Z [619/761] [webkit] › tests/browser/editor.spec.ts:3818:1 › pastes empty formatting and applies it to subsequently typed text
2026-10-08T03:58:22.6203125Z [620/761] [webkit] › tests/browser/editor.spec.ts:3842:57 › pastes and edits list-first code without inventing a blank paragraph
2026-10-08T03:58:23.6987988Z [621/761] [webkit] › tests/browser/editor.spec.ts:3842:57 › pastes and edits list-first code without inventing a blank paragraph from its label area
2026-10-08T03:58:24.8763757Z [622/761] [webkit] › tests/browser/editor.spec.ts:3870:1 › normalizes representative Word, Docs, and Excel clipboard payloads in every browser engine
2026-10-08T03:58:25.2318407Z [623/761] [webkit] › tests/browser/editor.spec.ts:3923:1 › imports an extension-defined HTML node through the schema contract
2026-10-08T03:58:26.2218021Z [624/761] [webkit] › tests/browser/editor.spec.ts:3948:1 › pastes mixed nested HTML lists without flattening their hierarchy
2026-10-08T03:58:26.4738116Z [625/761] [webkit] › tests/browser/editor.spec.ts:3971:1 › wraps, indents, lifts, and exits lists through browser-visible commands and keys
2026-10-08T03:58:27.2421960Z [626/761] [webkit] › tests/browser/editor.spec.ts:4001:1 › edits bidirectional and deeply nested text by logical document positions
2026-10-08T03:58:27.5594515Z [627/761] [webkit] › tests/browser/editor.spec.ts:4028:1 › moves a selected top-level block through native drag data
2026-10-08T03:58:28.3648736Z [628/761] [webkit] › tests/browser/editor.spec.ts:4046:1 › shows a host-replaceable drop cursor for inline text and atomic block targets
2026-10-08T03:58:28.6717177Z [629/761] [webkit] › tests/browser/editor.spec.ts:4107:1 › reorders nested blocks with accessible controls, drop indicators, drag, and undo
2026-10-08T03:58:29.3318194Z [630/761] [webkit] › tests/browser/editor.spec.ts:4182:1 › shows one structural block target across paragraphs, headings, lists, tables, media, and custom nodes
2026-10-08T03:58:30.2788532Z [631/761] [webkit] › tests/browser/editor.spec.ts:4278:1 › replaces a DOM selection that crosses block boundaries
2026-10-08T03:58:31.2885152Z [632/761] [webkit] › tests/browser/editor.spec.ts:4317:1 › keeps a visible editable paragraph after a terminal non-text block
2026-10-08T03:58:32.3497400Z [633/761] [webkit] › tests/browser/editor.spec.ts:4339:1 › uses Ctrl+A as an explicit all-document selection and replaces the document
2026-10-08T03:58:32.4685235Z [634/761] [webkit] › tests/browser/editor.spec.ts:4351:1 › selects and deletes a block image through real pointer and keyboard input
2026-10-08T03:58:33.4577675Z [635/761] [webkit] › tests/browser/editor.spec.ts:4374:1 › edits, aligns, resizes, and undoes a production image through accessible controls
2026-10-08T03:58:34.2637867Z [636/761] [webkit] › tests/browser/editor.spec.ts:4430:1 › inserts and removes a true inline image without breaking surrounding text
2026-10-08T03:58:35.0903597Z [637/761] [webkit] › tests/browser/editor.spec.ts:4448:1 › tracks and cancels browser-native image upload tasks
2026-10-08T03:58:35.3488547Z [638/761] [webkit] › tests/browser/editor.spec.ts:4488:1 › extends and replaces a rectangular cell selection through real pointer input
2026-10-08T03:58:36.0828273Z [639/761] [webkit] › tests/browser/editor.spec.ts:4516:1 › keeps mixed-format links intact through backward selection typing and history
2026-10-08T03:58:36.9761856Z [640/761] [webkit] › tests/browser/editor.spec.ts:4548:1 › reaches overflowing code by keyboard and leaves it without modifying the document
2026-10-08T03:58:37.6148250Z [641/761] [webkit] › tests/browser/editor.spec.ts:4594:1 › pastes into tab-focused code through Chromium clipboard without changing the previous paragraph
2026-10-08T03:58:37.9800580Z [642/761] [webkit] › tests/browser/editor.spec.ts:4618:1 › announces table resize values through real keyboard, pointer and history workflows
2026-10-08T03:58:38.2936360Z [643/761] [webkit] › tests/browser/editor.spec.ts:4671:1 › edits merged tables, resizes columns, toggles headers, and exchanges spreadsheet grids
2026-10-08T03:58:39.3936959Z [644/761] [webkit] › tests/browser/editor.spec.ts:4744:1 › keeps normal paste while offering bounded editor-local clipboard slots
2026-10-08T03:58:40.2363917Z [645/761] [webkit] › tests/browser/editor.spec.ts:4783:1 › renders and types into a structural gap as a new block
2026-10-08T03:58:40.3537478Z [646/761] [webkit] › tests/browser/editor.spec.ts:4795:1 › edits Lean without a mandatory server and renders transient provider diagnostics
2026-10-08T03:58:41.1448268Z [647/761] [webkit] › tests/browser/editor.spec.ts:4822:1 › keeps custom NodeViews live across updates and mapped moves while containing their DOM
2026-10-08T03:58:41.3721650Z [648/761] [webkit] › tests/browser/editor.spec.ts:4859:1 › loads the public React playground without console or page errors
2026-10-08T03:58:42.3431191Z [649/761] [webkit] › tests/browser/editor.spec.ts:4884:1 › publishes actionable extension authoring, conformance, and doctor guidance
2026-10-08T03:58:43.3996403Z [650/761] [webkit] › tests/browser/editor.spec.ts:4902:1 › pairs the optional AI demo with developer recipes for every public workflow
2026-10-08T03:58:43.9154297Z [651/761] [webkit] › tests/browser/editor.spec.ts:4923:1 › runs the public two-editor collaboration demo with presence and author-local undo
2026-10-08T03:58:45.1067753Z [652/761] [webkit] › tests/browser/editor.spec.ts:4990:1 › replaces both live collaboration documents without remounting the public editors
2026-10-08T03:58:46.8359468Z [653/761] [webkit] › tests/browser/editor.spec.ts:5049:1 › merges nested collaborative settings through the public two-editor demo
2026-10-08T03:58:49.1164442Z [654/761] [webkit] › tests/browser/editor.spec.ts:5068:1 › keeps headline phrases together and makes full-page navigation explicit
2026-10-08T03:58:50.4967620Z [655/761] [webkit] › tests/browser/editor.spec.ts:5093:1 › runs shared threaded comments through the public provider-neutral review panel
2026-10-08T03:58:52.1085253Z [656/761] [webkit] › tests/browser/editor.spec.ts:5150:1 › uses package-backed mentions, emoji, typography, and live counting in the public React playground
2026-10-08T03:58:55.6752874Z [657/761] [webkit] › tests/browser/editor.spec.ts:5211:1 › runs grouped default and product slash commands in the public React playground
2026-10-08T03:58:55.8161832Z [658/761] [webkit] › tests/browser/editor.spec.ts:5242:1 › runs accessible bubble and floating menus in the public React playground
2026-10-08T03:59:00.8412430Z [659/761] [webkit] › tests/browser/editor.spec.ts:5284:1 › composes and keyboard-navigates the public toolbar by stable group and action IDs
2026-10-08T03:59:00.8668374Z [660/761] [webkit] › tests/browser/editor.spec.ts:5321:1 › applies the complete text-style suite through the public React toolbar
2026-10-08T03:59:03.8675389Z [661/761] [webkit] › tests/browser/editor.spec.ts:5382:1 › uses the public React image workflow for metadata, alignment, and replacement
2026-10-08T03:59:08.5045622Z [662/761] [webkit] › tests/browser/editor.spec.ts:5426:1 › opens and cancels public configuration panels with keyboard focus and exact document retention
2026-10-08T03:59:09.6465305Z [663/761] [webkit] › tests/browser/editor.spec.ts:5544:1 › keeps the public native colour field focused while formatting selected text and allows undo in the editor
2026-10-08T03:59:12.9261767Z [664/761] [webkit] › tests/browser/editor.spec.ts:5571:1 › keeps table configuration labels legible on pointer hover
2026-10-08T03:59:18.1489540Z [665/761] [webkit] › tests/browser/editor.spec.ts:5610:1 › creates and edits a link through the public React toolbar
2026-10-08T03:59:22.8328466Z [666/761] [webkit] › tests/browser/editor.spec.ts:5641:1 › toggles a selected block through the public React list controls
2026-10-08T03:59:23.8815388Z [667/761] [webkit] › tests/browser/editor.spec.ts:5656:1 › edits code language and line numbers through the public React toolbar
2026-10-08T03:59:26.0462579Z [668/761] [webkit] › tests/browser/editor.spec.ts:5675:1 › opens the searchable clipboard-history picker in the public React toolbar
2026-10-08T03:59:27.8649610Z [669/761] [webkit] › tests/browser/editor.spec.ts:5708:1 › keeps the public outline stable, hierarchical, active, and navigable
2026-10-08T03:59:29.2224329Z [670/761] [webkit] › tests/browser/editor.spec.ts:5733:1 › exposes and explicitly cleans invisible text in the public playground
2026-10-08T03:59:30.8275027Z [671/761] [webkit] › tests/browser/editor.spec.ts:5774:1 › runs the public plain-DOM first-class widget demo
2026-10-08T03:59:33.9048418Z [672/761] [webkit] › tests/browser/editor.spec.ts:5821:1 › runs the public React first-class widget demo without losing control focus
2026-10-08T03:59:34.9061754Z [673/761] [webkit] › tests/browser/editor.spec.ts:5859:1 › makes the quote control discoverable and toggles an existing quote in the Java workflow demo
2026-10-08T03:59:36.6257773Z [674/761] [webkit] › tests/browser/editor.spec.ts:5873:1 › retains table captions and reports their projected association in the conversion demo
2026-10-08T03:59:37.7231909Z [675/761] [webkit] › tests/browser/editor.spec.ts:5890:1 › preserves complex figure content in the public Markdown conversion demo
2026-10-08T03:59:39.8683636Z [676/761] [webkit] › tests/browser/editor.spec.ts:5908:1 › runs the public headless Markdown, LaTeX, and server HTML pipeline
2026-10-08T03:59:41.3038845Z [677/761] [webkit] › tests/browser/editor.spec.ts:5979:1 › records native DOCX viewer disagreements without certifying math fidelity
2026-10-08T03:59:46.5799272Z [678/761] [webkit] › tests/browser/editor.spec.ts:5984:1 › checks actual DOCX retention beside an independent viewer without hiding its header omission
2026-10-08T03:59:48.9908067Z [679/761] [webkit] › tests/browser/editor.spec.ts:6100:1 › renders real KaTeX while reporting published-equation and trust failures without source loss
2026-10-08T03:59:50.0210622Z [680/761] [webkit] › tests/browser/editor.spec.ts:6131:1 › edits multiline math without losing line breaks, descriptions, or undo history
2026-10-08T03:59:50.8962980Z [681/761] [webkit] › tests/browser/editor.spec.ts:6168:1 › renders and inserts native math in the public DOM integration
2026-10-08T03:59:53.2211783Z [682/761] [webkit] › tests/browser/editor.spec.ts:6225:1 › makes table sizing, complete deletion, insertion gaps, and highlight colours explicit in the public demo
2026-10-08T03:59:53.9251175Z [683/761] [webkit] › tests/browser/editor.spec.ts:6273:1 › keeps rich and multiline paste structurally predictable in the public editor
2026-10-08T03:59:56.3724223Z [684/761] [webkit] › tests/browser/editor.spec.ts:6346:1 › round-trips a Fountain multi-block selection through Chromium clipboard HTML
2026-10-08T03:59:56.8749775Z [685/761] [webkit] › tests/browser/editor.spec.ts:6413:1 › round-trips an extension-owned Fountain atom through the Chromium clipboard
2026-10-08T03:59:57.6559341Z [686/761] [webkit] › tests/browser/editor.spec.ts:6462:1 › round-trips a complex whole Fountain document through the Chromium clipboard exactly
2026-10-08T03:59:57.9421438Z [687/761] [webkit] › tests/browser/editor.spec.ts:6549:1 › copies clean semantic Fountain HTML into an external browser editor
2026-10-08T03:59:58.3478803Z [688/761] [webkit] › tests/browser/editor.spec.ts:6604:1 › copies readable Fountain text into a plain-text external editor
2026-10-08T03:59:58.4949651Z [689/761] [webkit] › tests/browser/editor.spec.ts:6663:1 › copies math to external rich and plain-text editors without renderer controls
2026-10-08T03:59:58.6618044Z [690/761] [webkit] › tests/browser/editor.spec.ts:6708:1 › renders repeated empty paragraphs and removes each visible line
2026-10-08T03:59:58.8439793Z [691/761] [webkit] › tests/browser/editor.spec.ts:6738:1 › undoes and redoes real typing with both common browser keyboard chords
2026-10-08T04:00:00.0172193Z [692/761] [webkit] › tests/browser/editor.spec.ts:6755:1 › keeps a backward DOM selection backward after model synchronization
2026-10-08T04:00:00.6589036Z [693/761] [webkit] › tests/browser/editor.spec.ts:6779:1 › preserves a backward selection made with real keyboard input
2026-10-08T04:00:00.9825927Z [694/761] [webkit] › tests/browser/editor.spec.ts:6794:1 › replaces a backward selection made by a real reverse pointer drag
2026-10-08T04:00:01.6969742Z [695/761] [webkit] › tests/browser/editor.spec.ts:6830:1 › turns multi-format and multi-block selections into visible paragraph boundaries
2026-10-08T04:00:01.9687834Z [696/761] [webkit] › tests/browser/editor.spec.ts:6888:1 › visibly splits and joins ordinary paragraphs with both deletion directions
2026-10-08T04:00:03.1187818Z [697/761] [webkit] › tests/browser/editor.spec.ts:6913:1 › deletes an adjacent inline atom without eating surrounding text
2026-10-08T04:00:03.3021038Z [698/761] [webkit] › tests/browser/editor.spec.ts:6943:1 › unwraps and exits an inserted quote with ordinary browser keys
2026-10-08T04:00:04.0245415Z [699/761] [webkit] › tests/browser/editor.spec.ts:6972:1 › publishes semantic selection controls and table interaction in the demo gallery
2026-10-08T04:00:06.2373269Z [700/761] [webkit] › tests/browser/editor.spec.ts:6989:1 › runs campaign images, native media and safe embeds through Angular with honest upload boundaries
2026-10-08T04:00:06.4889928Z [701/761] [webkit] › tests/browser/editor.spec.ts:7066:1 › uses the public React media workflow for native playback, provider-gated embeds, and asset uploads
2026-10-08T04:00:10.2601815Z [702/761] [webkit] › tests/browser/editor.spec.ts:7111:1 › streams an optional AI proposal outside the document until review is ready
2026-10-08T04:00:13.9360345Z [703/761] [webkit] › tests/browser/editor.spec.ts:7136:1 › preserves whitespace when an AI proposal ends at a formatting boundary
2026-10-08T04:00:14.0755300Z [704/761] [webkit] › tests/browser/editor.spec.ts:7151:1 › runs a host-owned multi-turn AI conversation with reusable prompts and clear confirmation
2026-10-08T04:00:18.4798410Z [705/761] [webkit] › tests/browser/editor.spec.ts:7179:1 › reviews generated media before the normal host upload inserts one undoable node
2026-10-08T04:00:19.9413743Z [706/761] [webkit] › tests/browser/editor.spec.ts:7205:1 › reviews a schema-aware agent tool proposal before one-step apply and undo
2026-10-08T04:00:23.6447180Z [707/761] [webkit] › tests/browser/editor.spec.ts:7230:1 › keeps a 1,000-block input update local and paints within budget
2026-10-08T04:00:24.2228394Z [708/761] [webkit] › tests/browser/editor.spec.ts:7251:1 › virtualizes 100,000 blocks while preserving scrolling, distant selection, IME, and copy
2026-10-08T04:00:25.0826150Z [709/761] [webkit] › tests/browser/editor.spec.ts:7309:1 › exports rich tables as HTML Markdown and exposes the compatibility note
2026-10-08T04:00:26.9687790Z [710/761] [webkit] › tests/browser/editor.spec.ts:7331:1 › HTML comments do not insert phantom paragraphs in converted Markdown
2026-10-08T04:00:28.5023424Z [711/761] [webkit] › tests/browser/editor.spec.ts:7343:1 › imported table section order matches the physically rendered source table
2026-10-08T04:00:29.5037532Z [712/761] [webkit] › tests/browser/editor.spec.ts:7374:1 › imports zero-rowspan cells with the same row-group geometry in server and browser
2026-10-08T04:00:31.7558901Z [713/761] [webkit] › tests/browser/editor.spec.ts:7405:1 › reconstructs HTML tables across Markdown block boundaries
2026-10-08T04:00:32.9835333Z [714/761] [webkit] › tests/browser/editor.spec.ts:7426:1 › applies surrounding HTML formatting without replacing Markdown block content
2026-10-08T04:00:34.8707546Z [715/761] [webkit] › tests/browser/editor.spec.ts:7439:1 › converts raw HTML blocks only when the headless demo option is enabled
2026-10-08T04:00:35.5187253Z [716/761] [webkit] › tests/browser/editor.spec.ts:7455:1 › projects inline HTML around Markdown nodes only with explicit opt-in and visible fallback
2026-10-08T04:00:37.9211168Z [717/761] [webkit] › tests/browser/editor.spec.ts:7480:1 › shows specific discarded HTML and rejected URL losses in both conversion surfaces
2026-10-08T04:00:39.2862396Z [718/761] [mobile-chrome] › tests/browser/mobile.spec.ts:4:1 › submits resets and disables a native form-associated Web Component on mobile
2026-10-08T04:00:41.4422048Z [719/761] [mobile-chrome] › tests/browser/mobile.spec.ts:36:1 › uses the real Svelte report on a touch viewport with retained edits and history
2026-10-08T04:00:41.7449547Z [720/761] [mobile-chrome] › tests/browser/mobile.spec.ts:9:1 › uses Angular campaign controls on a touch viewport and preserves history across view remount
2026-10-08T04:00:43.1608369Z [721/761] [mobile-chrome] › tests/browser/mobile.spec.ts:66:1 › uses the real Vue runbook on a touch viewport without losing task state
2026-10-08T04:00:44.7218979Z [722/761] [mobile-chrome] › tests/browser/mobile.spec.ts:89:1 › handles virtual-keyboard replacement, composition, deletion, and history input
2026-10-08T04:00:45.5048858Z [723/761] [mobile-chrome] › tests/browser/mobile.spec.ts:128:1 › shows every empty line created and removed by repeated mobile Enter and Backspace
2026-10-08T04:00:46.1101243Z [724/761] [mobile-chrome] › tests/browser/mobile.spec.ts:155:1 › inserts and updates native math from the phone controls
2026-10-08T04:00:46.7710006Z [725/761] [mobile-chrome] › tests/browser/mobile.spec.ts:169:1 › keeps Word export and re-import understandable on a phone viewport
2026-10-08T04:00:47.2818425Z [726/761] [mobile-chrome] › tests/browser/mobile.spec.ts:190:1 › keeps editable page content continuous on a narrow screen
2026-10-08T04:00:48.0148429Z [727/761] [mobile-chrome] › tests/browser/mobile.spec.ts:213:1 › preserves split-paragraph selection and composition through mobile page fallback
2026-10-08T04:00:48.1608510Z [728/761] [mobile-chrome] › tests/browser/mobile.spec.ts:321:1 › keeps the public editor usable without horizontal overflow at a phone viewport
2026-10-08T04:00:48.9103078Z [729/761] [mobile-chrome] › tests/browser/mobile.spec.ts:343:1 › keeps the closing promise in four intentional mobile phrases
2026-10-08T04:00:49.6270718Z [730/761] [mobile-chrome] › tests/browser/mobile.spec.ts:376:1 › keeps tracked review complete and touch-operable on a phone viewport
2026-10-08T04:00:50.0098374Z [731/761] [mobile-chrome] › tests/browser/mobile.spec.ts:394:1 › keeps complete version names and guarded restore touch-operable on a phone
2026-10-08T04:00:50.9537051Z [732/761] [mobile-chrome] › tests/browser/mobile.spec.ts:413:1 › keeps native collapsible details readable and touch-operable on a phone
2026-10-08T04:00:51.4816876Z [733/761] [mobile-chrome] › tests/browser/mobile.spec.ts:428:1 › keeps ruby annotation editing touch-operable and inside the phone viewport
2026-10-08T04:00:52.2617035Z [734/761] [mobile-chrome] › tests/browser/mobile.spec.ts:449:1 › keeps the suggestion picker visible and touch-selectable on a phone viewport
2026-10-08T04:00:52.9436341Z [735/761] [mobile-chrome] › tests/browser/mobile.spec.ts:496:1 › keeps contextual menus reachable and touch-selectable on a phone viewport
2026-10-08T04:00:54.5440443Z [736/761] [mobile-chrome] › tests/browser/mobile.spec.ts:546:1 › keeps a composed icon toolbar reachable and touch-operable on a phone viewport
2026-10-08T04:00:54.8358220Z [737/761] [mobile-chrome] › tests/browser/mobile.spec.ts:568:1 › keeps the complete text-style panel usable without mobile page overflow
2026-10-08T04:00:56.1872944Z [738/761] [mobile-chrome] › tests/browser/mobile.spec.ts:590:1 › exposes touch-sized block movement controls without page overflow
2026-10-08T04:00:56.4934981Z [739/761] [mobile-chrome] › tests/browser/mobile.spec.ts:607:1 › keeps a 100,000-block virtual document bounded on mobile engines
2026-10-08T04:00:58.0134756Z [740/761] [mobile-safari] › tests/browser/mobile.spec.ts:4:1 › submits resets and disables a native form-associated Web Component on mobile
2026-10-08T04:00:58.1203132Z [741/761] [mobile-safari] › tests/browser/mobile.spec.ts:9:1 › uses Angular campaign controls on a touch viewport and preserves history across view remount
2026-10-08T04:01:01.4761578Z [742/761] [mobile-safari] › tests/browser/mobile.spec.ts:36:1 › uses the real Svelte report on a touch viewport with retained edits and history
2026-10-08T04:01:03.2807516Z [743/761] [mobile-safari] › tests/browser/mobile.spec.ts:66:1 › uses the real Vue runbook on a touch viewport without losing task state
2026-10-08T04:01:04.9438071Z [744/761] [mobile-safari] › tests/browser/mobile.spec.ts:89:1 › handles virtual-keyboard replacement, composition, deletion, and history input
2026-10-08T04:01:05.7704141Z [745/761] [mobile-safari] › tests/browser/mobile.spec.ts:128:1 › shows every empty line created and removed by repeated mobile Enter and Backspace
2026-10-08T04:01:05.8098674Z [746/761] [mobile-safari] › tests/browser/mobile.spec.ts:155:1 › inserts and updates native math from the phone controls
2026-10-08T04:01:07.1993205Z [747/761] [mobile-safari] › tests/browser/mobile.spec.ts:169:1 › keeps Word export and re-import understandable on a phone viewport
2026-10-08T04:01:07.5064625Z [748/761] [mobile-safari] › tests/browser/mobile.spec.ts:190:1 › keeps editable page content continuous on a narrow screen
2026-10-08T04:01:08.3840573Z [749/761] [mobile-safari] › tests/browser/mobile.spec.ts:213:1 › preserves split-paragraph selection and composition through mobile page fallback
2026-10-08T04:01:09.1891184Z [750/761] [mobile-safari] › tests/browser/mobile.spec.ts:321:1 › keeps the public editor usable without horizontal overflow at a phone viewport
2026-10-08T04:01:09.7600072Z [751/761] [mobile-safari] › tests/browser/mobile.spec.ts:343:1 › keeps the closing promise in four intentional mobile phrases
2026-10-08T04:01:11.1950366Z [752/761] [mobile-safari] › tests/browser/mobile.spec.ts:376:1 › keeps tracked review complete and touch-operable on a phone viewport
2026-10-08T04:01:11.2967275Z [753/761] [mobile-safari] › tests/browser/mobile.spec.ts:394:1 › keeps complete version names and guarded restore touch-operable on a phone
2026-10-08T04:01:13.4390382Z [754/761] [mobile-safari] › tests/browser/mobile.spec.ts:413:1 › keeps native collapsible details readable and touch-operable on a phone
2026-10-08T04:01:13.4904037Z [755/761] [mobile-safari] › tests/browser/mobile.spec.ts:428:1 › keeps ruby annotation editing touch-operable and inside the phone viewport
2026-10-08T04:01:15.2283987Z [756/761] [mobile-safari] › tests/browser/mobile.spec.ts:449:1 › keeps the suggestion picker visible and touch-selectable on a phone viewport
2026-10-08T04:01:15.9564915Z [757/761] [mobile-safari] › tests/browser/mobile.spec.ts:496:1 › keeps contextual menus reachable and touch-selectable on a phone viewport
2026-10-08T04:01:18.6260559Z [758/761] [mobile-safari] › tests/browser/mobile.spec.ts:546:1 › keeps a composed icon toolbar reachable and touch-operable on a phone viewport
2026-10-08T04:01:19.9837348Z [759/761] [mobile-safari] › tests/browser/mobile.spec.ts:568:1 › keeps the complete text-style panel usable without mobile page overflow
2026-10-08T04:01:21.4547362Z [760/761] [mobile-safari] › tests/browser/mobile.spec.ts:590:1 › exposes touch-sized block movement controls without page overflow
2026-10-08T04:01:23.5383698Z [761/761] [mobile-safari] › tests/browser/mobile.spec.ts:607:1 › keeps a 100,000-block virtual document bounded on mobile engines
2026-10-08T04:01:25.6169715Z   16 skipped
2026-10-08T04:01:25.6169989Z   745 passed (18.5m)
2026-10-08T04:01:26.3060551Z ##[group]Run actions/upload-artifact@v4
2026-10-08T04:01:26.3060725Z with:
2026-10-08T04:01:26.3061013Z   name: direction-and-document-focus-evidence
2026-10-08T04:01:26.3067814Z   path: native-clipboard-capability.jsonl
native-clipboard-headed-capability.jsonl
structural-direction-clipboard-results/**/native-rich-paste-*.png
structural-direction-clipboard-results/**/native-rich-paste-*.json
structural-direction-clipboard-results/**/code-direction-*.png
structural-direction-clipboard-results/**/code-direction-observations.json
structural-direction-clipboard-results/**/code-direction-native-clipboard-delivery.json
structural-direction-clipboard-results/**/auto-scope-*.png
structural-direction-clipboard-results/**/auto-scope-observations.json
structural-direction-clipboard-results/**/auto-scope-native-clipboard-delivery*.json
test-results/**/native-rich-paste-*.png
test-results/**/native-rich-paste-*.json
structural-direction-preflight-results/**/native-rich-paste-*.png
structural-direction-preflight-results/**/native-rich-paste-*.json
test-results/**/code-direction-*.png
test-results/**/code-direction-observations.json
test-results/**/code-direction-native-clipboard-delivery.json
test-results/**/auto-scope-native-clipboard-delivery*.json
structural-direction-preflight-results/**/code-direction-*.png
structural-direction-preflight-results/**/code-direction-observations.json
structural-direction-preflight-results/**/code-direction-native-clipboard-delivery.json
structural-direction-preflight-results/**/auto-scope-native-clipboard-delivery*.json
test-results/**/rtl-*.png
test-results/**/comment-editor-*.png
test-results/**/comment-reader-*.png
test-results/**/native-colour-mapped-selection.png
test-results/**/native-rtl-selection-baseline.json
test-results/**/inherited-auto-explicit-left-reader.png
test-results/**/word-reopened-explicit-left-reader.png
test-results/**/explicit-left.docx
test-results/**/auto-container-*.png
test-results/**/code-click-*.png
test-results/**/code-click-native-focus.json
test-results/**/code-click-native-baseline.json
test-results/**/inherited-alignment-*.png
test-results/**/native-inline-alignment.json
test-results/**/rtl-structural-observations.json
test-results/**/table-side-*.png
test-results/**/table-side-observations.json
test-results/**/list-direction-*.png
test-results/**/list-direction-observations.json
test-results/**/block-direction-*.png
test-results/**/block-direction-*-observations.json
test-results/**/auto-scope-*.png
test-results/**/auto-scope-observations.json
structural-direction-preflight-results/**/rtl-*.png
structural-direction-preflight-results/**/rtl-structural-observations.json
structural-direction-preflight-results/**/inherited-alignment-*.png
structural-direction-preflight-results/**/native-inline-alignment.json
structural-direction-preflight-results/**/auto-container-*.png
structural-direction-preflight-results/**/table-side-*.png
structural-direction-preflight-results/**/table-side-observations.json
structural-direction-preflight-results/**/list-direction-*.png
structural-direction-preflight-results/**/list-direction-observations.json
structural-direction-preflight-results/**/block-direction-*.png
structural-direction-preflight-results/**/block-direction-*-observations.json
structural-direction-preflight-results/**/auto-scope-*.png
structural-direction-preflight-results/**/auto-scope-observations.json

2026-10-08T04:01:26.3074248Z   if-no-files-found: ignore
2026-10-08T04:01:26.3074389Z   retention-days: 7
2026-10-08T04:01:26.3074514Z   compression-level: 6
2026-10-08T04:01:26.3074641Z   overwrite: false
2026-10-08T04:01:26.3074768Z   include-hidden-files: false
2026-10-08T04:01:26.3074908Z env:
2026-10-08T04:01:26.3075215Z   FOUNTAIN_DISPLAY_CLIPBOARD_PATTERN: pastes native rich research notes|copies shared automatic list scope|disabled line numbers through native copy
2026-10-08T04:01:26.3075588Z   PNPM_HOME: /home/runner/setup-pnpm/node_modules/.bin
2026-10-08T04:01:26.3076484Z ##[endgroup]
2026-10-08T04:01:26.4203338Z (node:47566) [DEP0040] DeprecationWarning: The `punycode` module is deprecated. Please use a userland alternative instead.
2026-10-08T04:01:26.4203962Z (Use `node --trace-deprecation ...` to show where the warning was created)
2026-10-08T04:01:26.7235314Z Multiple search paths detected. Calculating the least common ancestor of all paths
2026-10-08T04:01:26.7237316Z The least common ancestor is /home/runner/work/fountainjs/fountainjs. This will be the root directory of the artifact
2026-10-08T04:01:26.7237888Z With the provided path, there will be 842 files uploaded
2026-10-08T04:01:26.7241483Z Artifact name is valid!
2026-10-08T04:01:26.7241909Z Root directory input is valid!
2026-10-08T04:01:27.0656091Z Beginning upload of artifact content to blob storage
2026-10-08T04:01:27.3724843Z (node:47566) [DEP0169] DeprecationWarning: `url.parse()` behavior is not standardized and prone to errors that have security implications. Use the WHATWG URL API instead. CVEs are not issued for `url.parse()` vulnerabilities.
2026-10-08T04:01:28.1060268Z Uploaded bytes 8388608
2026-10-08T04:01:28.3802141Z Uploaded bytes 16777216
2026-10-08T04:01:28.5828203Z Uploaded bytes 25165824
2026-10-08T04:01:28.7465499Z Uploaded bytes 29495281
2026-10-08T04:01:28.8091964Z Finished uploading artifact content to blob storage!
2026-10-08T04:01:28.8093452Z SHA256 digest of uploaded artifact zip is 736c7ae5b7484405329b81b52dc434e63ee24aa201f1f02dcbd3dc3fadafea51
2026-10-08T04:01:28.8095142Z Finalizing artifact upload
2026-10-08T04:01:29.0876817Z Artifact direction-and-document-focus-evidence.zip successfully finalized. Artifact ID 11527147883
2026-10-08T04:01:29.0877454Z Artifact direction-and-document-focus-evidence has been successfully uploaded! Final size is 29495281 bytes. Artifact ID is 11527147883
2026-10-08T04:01:29.0878247Z Artifact download URL: https://github.com/eddolo/fountainjs/actions/runs/37723568273/artifacts/11527147883
2026-10-08T04:01:29.1093204Z ##[group]Run actions/upload-artifact@v4
2026-10-08T04:01:29.1093384Z with:
2026-10-08T04:01:29.1093521Z   name: docx-math-viewer-diagnostics
2026-10-08T04:01:29.1094803Z   path: test-results/**/viewer-observations.json
test-results/**/equations-side-by-side.png
test-results/**/edited-equations.png
test-results/**/edited-compound-equations.png
test-results/**/fallback-equations.png
test-results/**/restored-equations.png
test-results/**/experimental-equations.docx
test-results/**/edited-equations.docx
test-results/**/edited-compound-equations.docx
test-results/**/fallback-equations.docx
test-results/**/restored-equations.docx
test-results/**/reopened-equations.png
test-results/**/changed-equation-refused.png
test-results/**/externally-changed-equations.docx

2026-10-08T04:01:29.1096253Z   if-no-files-found: ignore
2026-10-08T04:01:29.1096404Z   retention-days: 7
2026-10-08T04:01:29.1096538Z   compression-level: 6
2026-10-08T04:01:29.1096679Z   overwrite: false
2026-10-08T04:01:29.1096870Z   include-hidden-files: false
2026-10-08T04:01:29.1097022Z env:
2026-10-08T04:01:29.1097350Z   FOUNTAIN_DISPLAY_CLIPBOARD_PATTERN: pastes native rich research notes|copies shared automatic list scope|disabled line numbers through native copy
2026-10-08T04:01:29.1097757Z   PNPM_HOME: /home/runner/setup-pnpm/node_modules/.bin
2026-10-08T04:01:29.1097959Z ##[endgroup]
2026-10-08T04:01:29.2286629Z (node:47579) [DEP0040] DeprecationWarning: The `punycode` module is deprecated. Please use a userland alternative instead.
2026-10-08T04:01:29.2287641Z (Use `node --trace-deprecation ...` to show where the warning was created)
2026-10-08T04:01:29.3653359Z With the provided path, there will be 42 files uploaded
2026-10-08T04:01:29.3658558Z Artifact name is valid!
2026-10-08T04:01:29.3658946Z Root directory input is valid!
2026-10-08T04:01:29.7016201Z Beginning upload of artifact content to blob storage
2026-10-08T04:01:29.8648279Z (node:47579) [DEP0169] DeprecationWarning: `url.parse()` behavior is not standardized and prone to errors that have security implications. Use the WHATWG URL API instead. CVEs are not issued for `url.parse()` vulnerabilities.
2026-10-08T04:01:30.5787931Z Uploaded bytes 5145597
2026-10-08T04:01:30.6413753Z Finished uploading artifact content to blob storage!
2026-10-08T04:01:30.6414983Z SHA256 digest of uploaded artifact zip is a5b1d9465e8efe7382f9b5f611b59045b8ca35405416c1ae674b14ec8072cb4d
2026-10-08T04:01:30.6415487Z Finalizing artifact upload
2026-10-08T04:01:30.8868117Z Artifact docx-math-viewer-diagnostics.zip successfully finalized. Artifact ID 11527137832
2026-10-08T04:01:30.8869148Z Artifact docx-math-viewer-diagnostics has been successfully uploaded! Final size is 5145597 bytes. Artifact ID is 11527137832
2026-10-08T04:01:30.8874276Z Artifact download URL: https://github.com/eddolo/fountainjs/actions/runs/37723568273/artifacts/11527137832
2026-10-08T04:01:30.9039771Z Post job cleanup.
2026-10-08T04:01:30.9897882Z (node:47591) [DEP0040] DeprecationWarning: The `punycode` module is deprecated. Please use a userland alternative instead.
2026-10-08T04:01:30.9898400Z (Use `node --trace-deprecation ...` to show where the warning was created)
2026-10-08T04:01:30.9900168Z Cache hit occurred on the primary key node-cache-Linux-x64-pnpm-fd849381c36c47c9fa715e7759caf3b24b3c25e63e57449d26448df099a8c870, not saving cache.
2026-10-08T04:01:30.9987236Z Post job cleanup.
2026-10-08T04:01:31.0929328Z Pruning is unnecessary.
2026-10-08T04:01:31.1090233Z Post job cleanup.
2026-10-08T04:01:31.1665906Z [command]/usr/bin/git version
2026-10-08T04:01:31.1696402Z git version 2.55.0
2026-10-08T04:01:31.1720476Z Temporarily overriding HOME='/home/runner/work/_temp/11addd96-e642-457b-9bb3-55f4d6e81824' before making global git config changes
2026-10-08T04:01:31.1721342Z Adding repository directory to the temporary git global config as a safe directory
2026-10-08T04:01:31.1724335Z [command]/usr/bin/git config --global --add safe.directory /home/runner/work/fountainjs/fountainjs
2026-10-08T04:01:31.1755362Z [command]/usr/bin/git config --local --name-only --get-regexp core\.sshCommand
2026-10-08T04:01:31.1782381Z [command]/usr/bin/git submodule foreach --recursive sh -c "git config --local --name-only --get-regexp 'core\.sshCommand' && git config --local --unset-all 'core.sshCommand' || :"
2026-10-08T04:01:31.1968498Z [command]/usr/bin/git config --local --name-only --get-regexp http\.https\:\/\/github\.com\/\.extraheader
2026-10-08T04:01:31.1992199Z http.https://github.com/.extraheader
2026-10-08T04:01:31.2000734Z [command]/usr/bin/git config --local --unset-all http.https://github.com/.extraheader
2026-10-08T04:01:31.2031445Z [command]/usr/bin/git submodule foreach --recursive sh -c "git config --local --name-only --get-regexp 'http\.https\:\/\/github\.com\/\.extraheader' && git config --local --unset-all 'http.https://github.com/.extraheader' || :"
2026-10-08T04:01:31.2232376Z [command]/usr/bin/git config --local --name-only --get-regexp ^includeIf\.gitdir:
2026-10-08T04:01:31.2266231Z [command]/usr/bin/git submodule foreach --recursive git config --local --show-origin --name-only --get-regexp remote.origin.url
2026-10-08T04:01:31.2599664Z Cleaning up orphan processes
2026-10-08T04:01:31.2783698Z ##[warning]Node.js 20 is deprecated. The following actions target Node.js 20 but are being forced to run on Node.js 24: actions/checkout@v4, actions/setup-node@v4, actions/upload-artifact@v4, pnpm/action-setup@v4. For more information see: https://github.blog/changelog/2025-09-19-deprecation-of-node-20-on-github-actions-runners/
