2026-10-07T22:28:26.1097674Z Current runner version: '2.337.0'
2026-10-07T22:28:26.1117223Z ##[group]Runner Image Provisioner
2026-10-07T22:28:26.1117955Z Hosted Compute Agent
2026-10-07T22:28:26.1118368Z Version: 20261002.596
2026-10-07T22:28:26.1118806Z Commit: c3d12f3313a95f25162a1503be624f3b0617f8c0
2026-10-07T22:28:26.1119346Z Build Date: 2026-10-02T22:28:27Z
2026-10-07T22:28:26.1120175Z Worker ID: {d47680a9-1126-454d-a387-a7666051bb0d}
2026-10-07T22:28:26.1120690Z Region: centralus
2026-10-07T22:28:26.1121076Z Cloud: Azure
2026-10-07T22:28:26.1121714Z ##[endgroup]
2026-10-07T22:28:26.1122838Z ##[group]Operating System
2026-10-07T22:28:26.1123319Z Ubuntu
2026-10-07T22:28:26.1123702Z 24.04.5
2026-10-07T22:28:26.1124061Z LTS
2026-10-07T22:28:26.1124425Z ##[endgroup]
2026-10-07T22:28:26.1124875Z ##[group]Runner Image
2026-10-07T22:28:26.1125291Z Image: ubuntu-24.04
2026-10-07T22:28:26.1125678Z Version: 20261004.327.1
2026-10-07T22:28:26.1126589Z Included Software: https://github.com/actions/runner-images/blob/ubuntu24/20261004.327/images/ubuntu/Ubuntu2404-Readme.md
2026-10-07T22:28:26.1127686Z Image Release: https://github.com/actions/runner-images/releases/tag/ubuntu24%2F20261004.327
2026-10-07T22:28:26.1128353Z ##[endgroup]
2026-10-07T22:28:26.1129228Z ##[group]GITHUB_TOKEN Permissions
2026-10-07T22:28:26.1131277Z Contents: read
2026-10-07T22:28:26.1131719Z Metadata: read
2026-10-07T22:28:26.1132147Z ##[endgroup]
2026-10-07T22:28:26.1133628Z Secret source: Actions
2026-10-07T22:28:26.1134292Z Cache mode: write
2026-10-07T22:28:26.1134796Z Prepare workflow directory
2026-10-07T22:28:26.2193418Z Prepare all required actions
2026-10-07T22:28:26.2245031Z Getting action download info
2026-10-07T22:28:26.4726432Z Download action repository 'actions/checkout@v4' (SHA:11d5960a326750d5838078e36cf38b85af677262)
2026-10-07T22:28:26.6821472Z Download action repository 'pnpm/action-setup@v4' (SHA:b906affcce14559ad1aafd4ab0e942779e9f58b1)
2026-10-07T22:28:27.6628800Z Download action repository 'actions/setup-node@v4' (SHA:49933ea5288caeca8642d1e84afbd3f7d6820020)
2026-10-07T22:28:28.2566022Z Download action repository 'actions/setup-python@v5' (SHA:a26af69be951a213d495a4c3e4e4022e16d87065)
2026-10-07T22:28:28.3537395Z Download action repository 'oven-sh/setup-bun@v2' (SHA:0c5077e51419868618aeaa5fe8019c62421857d6)
2026-10-07T22:28:28.6663957Z Download action repository 'denoland/setup-deno@v2' (SHA:22d081ff2d3a40755e97629de92e3bcbfa7cf2ed)
2026-10-07T22:28:29.1231145Z Complete job name: verify
2026-10-07T22:28:29.1727818Z ##[group]Run actions/checkout@v4
2026-10-07T22:28:29.1728242Z with:
2026-10-07T22:28:29.1728473Z   repository: eddolo/fountainjs
2026-10-07T22:28:29.1730491Z   token: ***
2026-10-07T22:28:29.1730724Z   ssh-strict: true
2026-10-07T22:28:29.1730981Z   ssh-user: git
2026-10-07T22:28:29.1731219Z   persist-credentials: true
2026-10-07T22:28:29.1731474Z   clean: true
2026-10-07T22:28:29.1731728Z   sparse-checkout-cone-mode: true
2026-10-07T22:28:29.1731986Z   fetch-depth: 1
2026-10-07T22:28:29.1732203Z   fetch-tags: false
2026-10-07T22:28:29.1732466Z   show-progress: true
2026-10-07T22:28:29.1732686Z   lfs: false
2026-10-07T22:28:29.1732922Z   submodules: false
2026-10-07T22:28:29.1733152Z   set-safe-directory: true
2026-10-07T22:28:29.1733418Z   allow-unsafe-pr-checkout: false
2026-10-07T22:28:29.1733813Z ##[endgroup]
2026-10-07T22:28:29.2504187Z Syncing repository: eddolo/fountainjs
2026-10-07T22:28:29.2505278Z ##[group]Getting Git version info
2026-10-07T22:28:29.2505765Z Working directory is '/home/runner/work/fountainjs/fountainjs'
2026-10-07T22:28:29.2506326Z [command]/usr/bin/git version
2026-10-07T22:28:29.2560236Z git version 2.55.0
2026-10-07T22:28:29.2572650Z ##[endgroup]
2026-10-07T22:28:29.2583823Z Temporarily overriding HOME='/home/runner/work/_temp/effe1699-a0b2-46b6-9013-3e0e38e90963' before making global git config changes
2026-10-07T22:28:29.2584707Z Adding repository directory to the temporary git global config as a safe directory
2026-10-07T22:28:29.2587815Z [command]/usr/bin/git config --global --add safe.directory /home/runner/work/fountainjs/fountainjs
2026-10-07T22:28:29.2625906Z Deleting the contents of '/home/runner/work/fountainjs/fountainjs'
2026-10-07T22:28:29.2629500Z ##[group]Initializing the repository
2026-10-07T22:28:29.2632170Z [command]/usr/bin/git init /home/runner/work/fountainjs/fountainjs
2026-10-07T22:28:29.2726803Z hint: Using 'master' as the name for the initial branch. This default branch name
2026-10-07T22:28:29.2727455Z hint: will change to "main" in Git 3.0. To configure the initial branch name
2026-10-07T22:28:29.2727976Z hint: to use in all of your new repositories, which will suppress this warning,
2026-10-07T22:28:29.2728527Z hint: call:
2026-10-07T22:28:29.2728803Z hint:
2026-10-07T22:28:29.2729231Z hint: 	git config --global init.defaultBranch <name>
2026-10-07T22:28:29.2729743Z hint:
2026-10-07T22:28:29.2730149Z hint: Names commonly chosen instead of 'master' are 'main', 'trunk' and
2026-10-07T22:28:29.2730716Z hint: 'development'. The just-created branch can be renamed via this command:
2026-10-07T22:28:29.2731229Z hint:
2026-10-07T22:28:29.2731534Z hint: 	git branch -m <name>
2026-10-07T22:28:29.2731822Z hint:
2026-10-07T22:28:29.2732250Z hint: Disable this message with "git config set advice.defaultBranchName false"
2026-10-07T22:28:29.2732906Z Initialized empty Git repository in /home/runner/work/fountainjs/fountainjs/.git/
2026-10-07T22:28:29.2737516Z [command]/usr/bin/git remote add origin https://github.com/eddolo/fountainjs
2026-10-07T22:28:29.2776648Z ##[endgroup]
2026-10-07T22:28:29.2777330Z ##[group]Disabling automatic garbage collection
2026-10-07T22:28:29.2778323Z [command]/usr/bin/git config --local gc.auto 0
2026-10-07T22:28:29.2799935Z ##[endgroup]
2026-10-07T22:28:29.2800496Z ##[group]Setting up auth
2026-10-07T22:28:29.2804657Z [command]/usr/bin/git config --local --name-only --get-regexp core\.sshCommand
2026-10-07T22:28:29.2825370Z [command]/usr/bin/git submodule foreach --recursive sh -c "git config --local --name-only --get-regexp 'core\.sshCommand' && git config --local --unset-all 'core.sshCommand' || :"
2026-10-07T22:28:29.3083128Z [command]/usr/bin/git config --local --name-only --get-regexp http\.https\:\/\/github\.com\/\.extraheader
2026-10-07T22:28:29.3102818Z [command]/usr/bin/git submodule foreach --recursive sh -c "git config --local --name-only --get-regexp 'http\.https\:\/\/github\.com\/\.extraheader' && git config --local --unset-all 'http.https://github.com/.extraheader' || :"
2026-10-07T22:28:29.3242049Z [command]/usr/bin/git config --local --name-only --get-regexp ^includeIf\.gitdir:
2026-10-07T22:28:29.3262478Z [command]/usr/bin/git submodule foreach --recursive git config --local --show-origin --name-only --get-regexp remote.origin.url
2026-10-07T22:28:29.3403233Z [command]/usr/bin/git config --local http.https://github.com/.extraheader AUTHORIZATION: basic ***
2026-10-07T22:28:29.3502606Z ##[endgroup]
2026-10-07T22:28:29.3503227Z ##[group]Fetching the repository
2026-10-07T22:28:29.3508514Z [command]/usr/bin/git -c protocol.version=2 fetch --no-tags --prune --no-recurse-submodules --depth=1 origin +14b3642e88357fe08083d5470988aaeb822c1b47:refs/remotes/origin/master
2026-10-07T22:28:30.8692319Z From https://github.com/eddolo/fountainjs
2026-10-07T22:28:30.8692994Z  * [new ref]         14b3642e88357fe08083d5470988aaeb822c1b47 -> origin/master
2026-10-07T22:28:30.8707898Z ##[endgroup]
2026-10-07T22:28:30.8709062Z ##[group]Determining the checkout info
2026-10-07T22:28:30.8710197Z ##[endgroup]
2026-10-07T22:28:30.8710972Z [command]/usr/bin/git sparse-checkout disable
2026-10-07T22:28:30.8749516Z [command]/usr/bin/git config --local --unset-all extensions.worktreeConfig
2026-10-07T22:28:30.8774831Z ##[group]Checking out the ref
2026-10-07T22:28:30.8778357Z [command]/usr/bin/git checkout --progress --force -B master refs/remotes/origin/master
2026-10-07T22:28:31.1308930Z Reset branch 'master'
2026-10-07T22:28:31.1312532Z branch 'master' set up to track 'origin/master'.
2026-10-07T22:28:31.1318420Z ##[endgroup]
2026-10-07T22:28:31.1351727Z [command]/usr/bin/git log -1 --format=%H
2026-10-07T22:28:31.1369989Z 14b3642e88357fe08083d5470988aaeb822c1b47
2026-10-07T22:28:31.1556642Z ##[group]Run pnpm/action-setup@v4
2026-10-07T22:28:31.1556944Z with:
2026-10-07T22:28:31.1557188Z   version: 11.19.0
2026-10-07T22:28:31.1557408Z   dest: ~/setup-pnpm
2026-10-07T22:28:31.1557641Z   run_install: null
2026-10-07T22:28:31.1557852Z   cache: false
2026-10-07T22:28:31.1558163Z   cache_dependency_path: pnpm-lock.yaml
2026-10-07T22:28:31.1558453Z   package_json_file: package.json
2026-10-07T22:28:31.1558697Z   standalone: false
2026-10-07T22:28:31.1558924Z ##[endgroup]
2026-10-07T22:28:31.2540902Z ##[group]Running self-installer...
2026-10-07T22:28:31.5191339Z (node:2112) [DEP0169] DeprecationWarning: `url.parse()` behavior is not standardized and prone to errors that have security implications. Use the WHATWG URL API instead. CVEs are not issued for `url.parse()` vulnerabilities.
2026-10-07T22:28:31.5192192Z (Use `node --trace-deprecation ...` to show where the warning was created)
2026-10-07T22:28:31.7170162Z Progress: resolved 1, reused 0, downloaded 0, added 0
2026-10-07T22:28:31.7243653Z Packages: +1
2026-10-07T22:28:31.7244438Z +
2026-10-07T22:28:32.0796825Z Progress: resolved 1, reused 0, downloaded 1, added 1, done
2026-10-07T22:28:32.1367828Z 
2026-10-07T22:28:32.1368477Z dependencies:
2026-10-07T22:28:32.1368767Z + pnpm 11.19.0 (12.10.1 is available)
2026-10-07T22:28:32.1368953Z 
2026-10-07T22:28:32.1388516Z Done in 761ms
2026-10-07T22:28:32.3015583Z ##[endgroup]
2026-10-07T22:28:32.3015941Z Installation Completed!
2026-10-07T22:28:32.3161980Z ##[group]Run actions/setup-node@v4
2026-10-07T22:28:32.3162252Z with:
2026-10-07T22:28:32.3162478Z   node-version: 24
2026-10-07T22:28:32.3162697Z   cache: pnpm
2026-10-07T22:28:32.3162941Z   always-auth: false
2026-10-07T22:28:32.3163183Z   check-latest: false
2026-10-07T22:28:32.3164938Z   token: ***
2026-10-07T22:28:32.3165159Z env:
2026-10-07T22:28:32.3165415Z   PNPM_HOME: /home/runner/setup-pnpm/node_modules/.bin
2026-10-07T22:28:32.3165744Z ##[endgroup]
2026-10-07T22:28:32.4180750Z Found in cache @ /opt/hostedtoolcache/node/24.21.0/x64
2026-10-07T22:28:32.4183667Z (node:2126) [DEP0040] DeprecationWarning: The `punycode` module is deprecated. Please use a userland alternative instead.
2026-10-07T22:28:32.4184606Z (Use `node --trace-deprecation ...` to show where the warning was created)
2026-10-07T22:28:32.4185536Z ##[group]Environment details
2026-10-07T22:28:32.7283107Z node: v24.21.0
2026-10-07T22:28:32.7283474Z npm: 11.19.0
2026-10-07T22:28:32.7283718Z yarn: 1.22.22
2026-10-07T22:28:32.7284486Z ##[endgroup]
2026-10-07T22:28:32.7316500Z [command]/home/runner/setup-pnpm/node_modules/.bin/pnpm store path --silent
2026-10-07T22:28:33.1594233Z /home/runner/setup-pnpm/node_modules/.bin/store/v11
2026-10-07T22:28:33.3265626Z Cache hit for: node-cache-Linux-x64-pnpm-fd849381c36c47c9fa715e7759caf3b24b3c25e63e57449d26448df099a8c870
2026-10-07T22:28:33.3340518Z (node:2126) [DEP0169] DeprecationWarning: `url.parse()` behavior is not standardized and prone to errors that have security implications. Use the WHATWG URL API instead. CVEs are not issued for `url.parse()` vulnerabilities.
2026-10-07T22:28:34.5196279Z Received 134217728 of 143139869 (93.8%), 123.4 MBs/sec
2026-10-07T22:28:34.6392416Z Received 143139869 of 143139869 (100.0%), 118.6 MBs/sec
2026-10-07T22:28:34.6393022Z Cache Size: ~137 MB (143139869 B)
2026-10-07T22:28:34.6432244Z [command]/usr/bin/tar -xf /home/runner/work/_temp/277c478b-12ec-457d-b884-b61b448c44a4/cache.tzst -P -C /home/runner/work/fountainjs/fountainjs --use-compress-program unzstd
2026-10-07T22:28:35.4700680Z Cache restored successfully
2026-10-07T22:28:35.4758492Z Cache restored from key: node-cache-Linux-x64-pnpm-fd849381c36c47c9fa715e7759caf3b24b3c25e63e57449d26448df099a8c870
2026-10-07T22:28:35.5449256Z ##[group]Run actions/setup-python@v5
2026-10-07T22:28:35.5450192Z with:
2026-10-07T22:28:35.5450417Z   python-version: 3.13
2026-10-07T22:28:35.5450659Z   check-latest: false
2026-10-07T22:28:35.5452508Z   token: ***
2026-10-07T22:28:35.5452892Z   update-environment: true
2026-10-07T22:28:35.5453164Z   allow-prereleases: false
2026-10-07T22:28:35.5453440Z   freethreaded: false
2026-10-07T22:28:35.5453671Z env:
2026-10-07T22:28:35.5453911Z   PNPM_HOME: /home/runner/setup-pnpm/node_modules/.bin
2026-10-07T22:28:35.5454223Z ##[endgroup]
2026-10-07T22:28:35.6431435Z ##[group]Installed versions
2026-10-07T22:28:35.6504832Z (node:2180) [DEP0040] DeprecationWarning: The `punycode` module is deprecated. Please use a userland alternative instead.
2026-10-07T22:28:35.6505532Z (Use `node --trace-deprecation ...` to show where the warning was created)
2026-10-07T22:28:35.6505999Z Successfully set up CPython (3.13.16)
2026-10-07T22:28:35.6506553Z ##[endgroup]
2026-10-07T22:28:35.6830206Z ##[group]Run oven-sh/setup-bun@v2
2026-10-07T22:28:35.6830530Z with:
2026-10-07T22:28:35.6830780Z   no-cache: false
2026-10-07T22:28:35.6832556Z   token: ***
2026-10-07T22:28:35.6832767Z env:
2026-10-07T22:28:35.6833046Z   PNPM_HOME: /home/runner/setup-pnpm/node_modules/.bin
2026-10-07T22:28:35.6833462Z   pythonLocation: /opt/hostedtoolcache/Python/3.13.16/x64
2026-10-07T22:28:35.6833850Z   PKG_CONFIG_PATH: /opt/hostedtoolcache/Python/3.13.16/x64/lib/pkgconfig
2026-10-07T22:28:35.6834235Z   Python_ROOT_DIR: /opt/hostedtoolcache/Python/3.13.16/x64
2026-10-07T22:28:35.6834597Z   Python2_ROOT_DIR: /opt/hostedtoolcache/Python/3.13.16/x64
2026-10-07T22:28:35.6834927Z   Python3_ROOT_DIR: /opt/hostedtoolcache/Python/3.13.16/x64
2026-10-07T22:28:35.6835272Z   LD_LIBRARY_PATH: /opt/hostedtoolcache/Python/3.13.16/x64/lib
2026-10-07T22:28:35.6835606Z ##[endgroup]
2026-10-07T22:28:36.2141826Z Downloading a new version of Bun: https://github.com/oven-sh/bun/releases/download/bun-v1.4.2/bun-linux-x64.zip
2026-10-07T22:28:36.6438848Z [command]/usr/bin/unzip -o -q /home/runner/work/_temp/553cc141-c631-4221-8e1c-897003af2f6d.zip
2026-10-07T22:28:37.2150512Z [command]/home/runner/.bun/bin/bun --revision
2026-10-07T22:28:37.2189653Z 1.4.2+744846f84
2026-10-07T22:28:37.2455909Z ##[group]Run denoland/setup-deno@v2
2026-10-07T22:28:37.2456329Z with:
2026-10-07T22:28:37.2456575Z   deno-version: lts
2026-10-07T22:28:37.2456848Z   deno-binary-name: deno
2026-10-07T22:28:37.2457100Z   cache: false
2026-10-07T22:28:37.2457391Z env:
2026-10-07T22:28:37.2457674Z   PNPM_HOME: /home/runner/setup-pnpm/node_modules/.bin
2026-10-07T22:28:37.2458056Z   pythonLocation: /opt/hostedtoolcache/Python/3.13.16/x64
2026-10-07T22:28:37.2458492Z   PKG_CONFIG_PATH: /opt/hostedtoolcache/Python/3.13.16/x64/lib/pkgconfig
2026-10-07T22:28:37.2458963Z   Python_ROOT_DIR: /opt/hostedtoolcache/Python/3.13.16/x64
2026-10-07T22:28:37.2459349Z   Python2_ROOT_DIR: /opt/hostedtoolcache/Python/3.13.16/x64
2026-10-07T22:28:37.2459902Z   Python3_ROOT_DIR: /opt/hostedtoolcache/Python/3.13.16/x64
2026-10-07T22:28:37.2460306Z   LD_LIBRARY_PATH: /opt/hostedtoolcache/Python/3.13.16/x64/lib
2026-10-07T22:28:37.2460674Z ##[endgroup]
2026-10-07T22:28:37.5458860Z Going to install lts version 2.9.3.
2026-10-07T22:28:37.5467038Z Downloading Deno from https://github.com/denoland/deno/releases/download/v2.9.3/deno-x86_64-unknown-linux-gnu.zip.
2026-10-07T22:28:37.9257172Z [command]/usr/bin/unzip -o -q /home/runner/work/_temp/0fcfdaff-0170-4879-bde4-75019866d996
2026-10-07T22:28:39.4962974Z Cached Deno to /opt/hostedtoolcache/deno/2.9.3/x64.
2026-10-07T22:28:39.4972350Z Installation complete.
2026-10-07T22:28:39.6164227Z ##[group]Run pnpm install --frozen-lockfile
2026-10-07T22:28:39.6164691Z [36;1mpnpm install --frozen-lockfile[0m
2026-10-07T22:28:39.6469833Z shell: /usr/bin/bash -e {0}
2026-10-07T22:28:39.6470192Z env:
2026-10-07T22:28:39.6470762Z   PNPM_HOME: /home/runner/setup-pnpm/node_modules/.bin
2026-10-07T22:28:39.6471174Z   pythonLocation: /opt/hostedtoolcache/Python/3.13.16/x64
2026-10-07T22:28:39.6471601Z   PKG_CONFIG_PATH: /opt/hostedtoolcache/Python/3.13.16/x64/lib/pkgconfig
2026-10-07T22:28:39.6472064Z   Python_ROOT_DIR: /opt/hostedtoolcache/Python/3.13.16/x64
2026-10-07T22:28:39.6472525Z   Python2_ROOT_DIR: /opt/hostedtoolcache/Python/3.13.16/x64
2026-10-07T22:28:39.6473124Z   Python3_ROOT_DIR: /opt/hostedtoolcache/Python/3.13.16/x64
2026-10-07T22:28:39.6473510Z   LD_LIBRARY_PATH: /opt/hostedtoolcache/Python/3.13.16/x64/lib
2026-10-07T22:28:39.6473922Z ##[endgroup]
2026-10-07T22:28:40.0325553Z Scope: all 3 workspace projects
2026-10-07T22:28:40.0732408Z ? Verifying lockfile against supply-chain policies (340 entries)...
2026-10-07T22:28:40.0789925Z Lockfile is up to date, resolution step is skipped
2026-10-07T22:28:40.1524597Z Progress: resolved 1, reused 0, downloaded 0, added 0
2026-10-07T22:28:40.1966008Z Packages: +281
2026-10-07T22:28:40.1967047Z ++++++++++++++++++++++++++++++++++++++++++++++++++++++++++++++++++++++++++++++++
2026-10-07T22:28:40.6760400Z Packages are hard linked from the content-addressable store to the virtual store.
2026-10-07T22:28:40.6769155Z   Content-addressable store is at: /home/runner/setup-pnpm/node_modules/.bin/store/v11
2026-10-07T22:28:40.6770600Z   Virtual store is at:             node_modules/.pnpm
2026-10-07T22:28:41.1551329Z Progress: resolved 281, reused 281, downloaded 0, added 195
2026-10-07T22:28:41.3019986Z Progress: resolved 281, reused 281, downloaded 0, added 281, done
2026-10-07T22:28:43.5956025Z ✓ Lockfile passes supply-chain policies (340 entries in 3.5s)
2026-10-07T22:28:43.6907838Z 
2026-10-07T22:28:43.6908477Z devDependencies:
2026-10-07T22:28:43.6909116Z + @angular/common 22.1.5
2026-10-07T22:28:43.6909595Z + @angular/compiler 22.1.5
2026-10-07T22:28:43.6909964Z + @angular/core 22.1.5
2026-10-07T22:28:43.6910445Z + @angular/platform-browser 22.1.5
2026-10-07T22:28:43.6910856Z + @angular/platform-server 22.1.5
2026-10-07T22:28:43.6911230Z + @mathjax/mathjax-tex-font 4.1.3
2026-10-07T22:28:43.6911633Z + @mathjax/src 4.1.3
2026-10-07T22:28:43.6912016Z + @playwright/test 1.62.1
2026-10-07T22:28:43.6912426Z + @sveltejs/vite-plugin-svelte 7.3.0
2026-10-07T22:28:43.6912828Z + @types/node 26.4.1
2026-10-07T22:28:43.6913146Z + @types/react 19.2.18
2026-10-07T22:28:43.6913516Z + @types/react-dom 19.2.7
2026-10-07T22:28:43.6913908Z + @vitejs/plugin-react 6.1.1
2026-10-07T22:28:43.6914267Z + commonmark 0.31.2
2026-10-07T22:28:43.6914577Z + commonmark-spec 0.31.2
2026-10-07T22:28:43.6914980Z + css-select 7.0.0
2026-10-07T22:28:43.6915333Z + docx-preview 0.4.0
2026-10-07T22:28:43.6915662Z + entities 8.0.0
2026-10-07T22:28:43.6916036Z + fflate 0.8.3
2026-10-07T22:28:43.6916336Z + jsdom 30.0.1
2026-10-07T22:28:43.6916716Z + katex 0.18.6
2026-10-07T22:28:43.6917050Z + miniflare 3.20250718.3
2026-10-07T22:28:43.6917434Z + parse5 8.0.1
2026-10-07T22:28:43.6917855Z + parse5-htmlparser2-tree-adapter 8.0.1
2026-10-07T22:28:43.6918262Z + pdfjs-dist 6.3.289
2026-10-07T22:28:43.6918741Z + react 19.2.8
2026-10-07T22:28:43.6919069Z + react-dom 19.2.8
2026-10-07T22:28:43.6919769Z + rxjs 7.8.2
2026-10-07T22:28:43.6920167Z + svelte 5.57.0
2026-10-07T22:28:43.6920562Z + typescript 7.0.2
2026-10-07T22:28:43.6920921Z + unicode-emoji-json 0.9.0
2026-10-07T22:28:43.6921278Z + vite 8.2.2
2026-10-07T22:28:43.6921630Z + vitest 5.0.0
2026-10-07T22:28:43.6921953Z + vue 3.5.42
2026-10-07T22:28:43.6922349Z + yjs 13.6.32
2026-10-07T22:28:43.6922509Z 
2026-10-07T22:28:43.7212261Z Done in 4s using pnpm v11.19.0
2026-10-07T22:28:43.7553805Z ##[group]Run python -m pip install --disable-pip-version-check python-docx==1.2.0
2026-10-07T22:28:43.7554415Z [36;1mpython -m pip install --disable-pip-version-check python-docx==1.2.0[0m
2026-10-07T22:28:43.7590037Z shell: /usr/bin/bash -e {0}
2026-10-07T22:28:43.7590406Z env:
2026-10-07T22:28:43.7590706Z   PNPM_HOME: /home/runner/setup-pnpm/node_modules/.bin
2026-10-07T22:28:43.7591125Z   pythonLocation: /opt/hostedtoolcache/Python/3.13.16/x64
2026-10-07T22:28:43.7591522Z   PKG_CONFIG_PATH: /opt/hostedtoolcache/Python/3.13.16/x64/lib/pkgconfig
2026-10-07T22:28:43.7591924Z   Python_ROOT_DIR: /opt/hostedtoolcache/Python/3.13.16/x64
2026-10-07T22:28:43.7592258Z   Python2_ROOT_DIR: /opt/hostedtoolcache/Python/3.13.16/x64
2026-10-07T22:28:43.7592625Z   Python3_ROOT_DIR: /opt/hostedtoolcache/Python/3.13.16/x64
2026-10-07T22:28:43.7593132Z   LD_LIBRARY_PATH: /opt/hostedtoolcache/Python/3.13.16/x64/lib
2026-10-07T22:28:43.7593447Z ##[endgroup]
2026-10-07T22:28:44.4058492Z Collecting python-docx==1.2.0
2026-10-07T22:28:44.4738976Z   Downloading python_docx-1.2.0-py3-none-any.whl.metadata (2.0 kB)
2026-10-07T22:28:44.6990737Z Collecting lxml>=3.1.0 (from python-docx==1.2.0)
2026-10-07T22:28:44.7095220Z   Downloading lxml-6.1.3-cp313-cp313-manylinux_2_26_x86_64.manylinux_2_28_x86_64.whl.metadata (3.3 kB)
2026-10-07T22:28:44.9510198Z Collecting typing_extensions>=4.9.0 (from python-docx==1.2.0)
2026-10-07T22:28:44.9613939Z   Downloading typing_extensions-4.16.0-py3-none-any.whl.metadata (3.3 kB)
2026-10-07T22:28:44.9750059Z Downloading python_docx-1.2.0-py3-none-any.whl (252 kB)
2026-10-07T22:28:45.0157674Z Downloading lxml-6.1.3-cp313-cp313-manylinux_2_26_x86_64.manylinux_2_28_x86_64.whl (5.2 MB)
2026-10-07T22:28:45.1280300Z    ━━━━━━━━━━━━━━━━━━━━━━━━━━━━━━━━━━━━━━━━ 5.2/5.2 MB 49.8 MB/s  0:00:00
2026-10-07T22:28:45.1385073Z Downloading typing_extensions-4.16.0-py3-none-any.whl (45 kB)
2026-10-07T22:28:45.1792770Z Installing collected packages: typing_extensions, lxml, python-docx
2026-10-07T22:28:45.4014357Z 
2026-10-07T22:28:45.4023420Z Successfully installed lxml-6.1.3 python-docx-1.2.0 typing_extensions-4.16.0
2026-10-07T22:28:45.4607889Z ##[group]Run pnpm build
2026-10-07T22:28:45.4608285Z [36;1mpnpm build[0m
2026-10-07T22:28:45.4648407Z shell: /usr/bin/bash -e {0}
2026-10-07T22:28:45.4648772Z env:
2026-10-07T22:28:45.4649075Z   PNPM_HOME: /home/runner/setup-pnpm/node_modules/.bin
2026-10-07T22:28:45.4649680Z   pythonLocation: /opt/hostedtoolcache/Python/3.13.16/x64
2026-10-07T22:28:45.4650164Z   PKG_CONFIG_PATH: /opt/hostedtoolcache/Python/3.13.16/x64/lib/pkgconfig
2026-10-07T22:28:45.4650567Z   Python_ROOT_DIR: /opt/hostedtoolcache/Python/3.13.16/x64
2026-10-07T22:28:45.4650943Z   Python2_ROOT_DIR: /opt/hostedtoolcache/Python/3.13.16/x64
2026-10-07T22:28:45.4651351Z   Python3_ROOT_DIR: /opt/hostedtoolcache/Python/3.13.16/x64
2026-10-07T22:28:45.4651747Z   LD_LIBRARY_PATH: /opt/hostedtoolcache/Python/3.13.16/x64/lib
2026-10-07T22:28:45.4652099Z ##[endgroup]
2026-10-07T22:28:45.7959746Z $ vite build -c vite.lib.config.ts && tsc -p tsconfig.build.json && node scripts/copy-assets.mjs && pnpm build:angular
2026-10-07T22:28:45.9530044Z [36mvite v8.2.2 [32mbuilding client environment for production...[36m[39m
2026-10-07T22:28:45.9641487Z transforming...
2026-10-07T22:28:46.0552059Z ✓ 302 modules transformed.
2026-10-07T22:28:46.1223207Z rendering chunks...
2026-10-07T22:28:46.1835648Z computing gzip size...
2026-10-07T22:28:46.1962480Z dist/step-doAGd4iU.js                       0.20 kB │ gzip:  0.18 kB │ map:   0.41 kB
2026-10-07T22:28:46.1963498Z dist/plugin-B0KSKRXJ.js                     0.39 kB │ gzip:  0.28 kB │ map:   3.23 kB
2026-10-07T22:28:46.1964397Z dist/node-spec-Dl5lMC1C.js                  0.64 kB │ gzip:  0.37 kB │ map:   8.05 kB
2026-10-07T22:28:46.1965171Z dist/text-style.js                          0.87 kB │ gzip:  0.39 kB
2026-10-07T22:28:46.1966003Z dist/url-sjMj-efj.js                        1.03 kB │ gzip:  0.52 kB │ map:   2.68 kB
2026-10-07T22:28:46.1968373Z dist/svelte.js                              1.08 kB │ gzip:  0.55 kB │ map:   3.58 kB
2026-10-07T22:28:46.1969277Z dist/useFountain-DQ8gXlvr.js                1.09 kB │ gzip:  0.57 kB │ map:   3.25 kB
2026-10-07T22:28:46.1970361Z dist/command-manager-CSDUCeVE.js            1.32 kB │ gzip:  0.62 kB │ map:   6.46 kB
2026-10-07T22:28:46.1971161Z dist/collaboration-BubriAbK.js              1.44 kB │ gzip:  0.71 kB │ map:   3.60 kB
2026-10-07T22:28:46.1972009Z dist/react-widgets.js                       1.57 kB │ gzip:  0.67 kB │ map:   5.52 kB
2026-10-07T22:28:46.1972807Z dist/vue.js                                 1.72 kB │ gzip:  0.86 kB │ map:   4.53 kB
2026-10-07T22:28:46.1973548Z dist/inline-atom-BLfPalX5.js                1.76 kB │ gzip:  0.78 kB │ map:   5.30 kB
2026-10-07T22:28:46.1974417Z dist/path-B7Cr90vg.js                       1.89 kB │ gzip:  0.89 kB │ map:   5.80 kB
2026-10-07T22:28:46.1975522Z dist/search-CLj2oPC9.js                     1.99 kB │ gzip:  0.95 kB │ map:   6.14 kB
2026-10-07T22:28:46.1976363Z dist/history-CluGKD04.js                    2.71 kB │ gzip:  1.12 kB │ map:   7.84 kB
2026-10-07T22:28:46.1977230Z dist/html-page-settings-C1un4UNO.js         2.80 kB │ gzip:  1.18 kB │ map:   8.40 kB
2026-10-07T22:28:46.1978059Z dist/content-expression-CuobUc-r.js         2.87 kB │ gzip:  1.12 kB │ map:   7.89 kB
2026-10-07T22:28:46.1978896Z dist/input-rules-EH0whXGW.js                2.99 kB │ gzip:  1.31 kB │ map:   9.02 kB
2026-10-07T22:28:46.1979919Z dist/decoration-CuT1b7BC.js                 3.14 kB │ gzip:  1.23 kB │ map:  10.15 kB
2026-10-07T22:28:46.1980712Z dist/extension-Cfbujo9B.js                  3.20 kB │ gzip:  1.27 kB │ map:  10.62 kB
2026-10-07T22:28:46.1981476Z dist/replace-text-range-step-DDj1wpRU.js    3.28 kB │ gzip:  1.21 kB │ map:   9.56 kB
2026-10-07T22:28:46.1982403Z dist/table-map-Du2VwT8u.js                  3.47 kB │ gzip:  1.41 kB │ map:  10.05 kB
2026-10-07T22:28:46.1983282Z dist/mark-range-step-Jo1iPQSu.js            3.48 kB │ gzip:  1.08 kB │ map:  10.32 kB
2026-10-07T22:28:46.1984093Z dist/node-CMohf4dR.js                       3.90 kB │ gzip:  1.36 kB │ map:  10.26 kB
2026-10-07T22:28:46.1985248Z dist/html-flow-BJslUvJk.js                  4.47 kB │ gzip:  1.85 kB │ map:  11.72 kB
2026-10-07T22:28:46.1985947Z dist/link-destination-M3zm_45f.js           4.56 kB │ gzip:  1.82 kB │ map:  12.96 kB
2026-10-07T22:28:46.1986598Z dist/widgets-dom.js                         4.74 kB │ gzip:  1.67 kB │ map:  13.70 kB
2026-10-07T22:28:46.1987165Z dist/text-style-BkndJSnj.js                 4.82 kB │ gzip:  1.60 kB │ map:  15.05 kB
2026-10-07T22:28:46.1987734Z dist/integrity-dom.js                       5.07 kB │ gzip:  1.98 kB │ map:  14.22 kB
2026-10-07T22:28:46.1988334Z dist/table-of-contents.js                   5.69 kB │ gzip:  2.34 kB │ map:  17.63 kB
2026-10-07T22:28:46.1988867Z dist/html-inert.js                          6.16 kB │ gzip:  2.55 kB │ map:  13.93 kB
2026-10-07T22:28:46.1989714Z dist/testing.js                             6.49 kB │ gzip:  2.31 kB │ map:  18.97 kB
2026-10-07T22:28:46.1990300Z dist/selection-Du4v48EK.js                  6.52 kB │ gzip:  2.21 kB │ map:  19.93 kB
2026-10-07T22:28:46.1990876Z dist/migrations.js                          7.04 kB │ gzip:  2.23 kB │ map:  19.76 kB
2026-10-07T22:28:46.1991469Z dist/react-tracked-changes.js               7.65 kB │ gzip:  2.34 kB │ map:  13.99 kB
2026-10-07T22:28:46.1992029Z dist/details.js                             7.72 kB │ gzip:  2.65 kB │ map:  21.54 kB
2026-10-07T22:28:46.1992634Z dist/mapping-BbhEodcc.js                    7.76 kB │ gzip:  2.66 kB │ map:  24.89 kB
2026-10-07T22:28:46.1993178Z dist/react-integrity.js                     8.09 kB │ gzip:  2.42 kB │ map:  13.31 kB
2026-10-07T22:28:46.1993783Z dist/menu-position-CT8mhP6t.js              8.23 kB │ gzip:  3.05 kB │ map:  25.35 kB
2026-10-07T22:28:46.1994367Z dist/node-ids.js                            8.74 kB │ gzip:  3.14 kB │ map:  28.06 kB
2026-10-07T22:28:46.1994922Z dist/widgets.js                             8.78 kB │ gzip:  3.21 kB │ map:  27.94 kB
2026-10-07T22:28:46.1995496Z dist/table-layout-wVT2Dkfh.js               8.97 kB │ gzip:  3.14 kB │ map:  26.45 kB
2026-10-07T22:28:46.1996029Z dist/core.js                                9.04 kB │ gzip:  3.16 kB
2026-10-07T22:28:46.1996567Z dist/react-comments.js                      9.78 kB │ gzip:  2.75 kB │ map:  17.76 kB
2026-10-07T22:28:46.1997144Z dist/structured-attributes.js              10.03 kB │ gzip:  2.96 kB │ map:  31.46 kB
2026-10-07T22:28:46.1997837Z dist/react-versions.js                     10.06 kB │ gzip:  2.75 kB │ map:  18.26 kB
2026-10-07T22:28:46.1998412Z dist/collaboration-core-B-I53ZbT.js        10.29 kB │ gzip:  3.23 kB │ map:  32.95 kB
2026-10-07T22:28:46.1999033Z dist/ai-generated-media.js                 10.71 kB │ gzip:  3.28 kB │ map:  27.57 kB
2026-10-07T22:28:46.1999811Z dist/ruby.js                               10.92 kB │ gzip:  3.49 kB │ map:  28.83 kB
2026-10-07T22:28:46.2000808Z dist/page-settings-Bqt82pEY.js             11.19 kB │ gzip:  3.73 kB │ map:  32.14 kB
2026-10-07T22:28:46.2001548Z dist/pages.js                              11.27 kB │ gzip:  3.60 kB │ map:  28.76 kB
2026-10-07T22:28:46.2002270Z dist/integrity.js                          11.46 kB │ gzip:  3.63 kB │ map:  30.86 kB
2026-10-07T22:28:46.2003041Z dist/pages-preview.js                      13.47 kB │ gzip:  4.45 kB │ map:  37.18 kB
2026-10-07T22:28:46.2003779Z dist/editor-CMX7ABLq.js                    15.16 kB │ gzip:  4.48 kB │ map:  43.81 kB
2026-10-07T22:28:46.2004561Z dist/ai-conversation.js                    15.96 kB │ gzip:  4.46 kB │ map:  41.86 kB
2026-10-07T22:28:46.2005328Z dist/ai-document-tools.js                  16.83 kB │ gzip:  4.71 kB │ map:  45.73 kB
2026-10-07T22:28:46.2006106Z dist/emoji-zGHF1q7N.js                     17.42 kB │ gzip:  5.72 kB │ map:  46.29 kB
2026-10-07T22:28:46.2006944Z dist/link-behavior-RZK2W19-.js             18.29 kB │ gzip:  6.84 kB │ map:  48.24 kB
2026-10-07T22:28:46.2007891Z dist/presentation-_RsWq19D.js              21.37 kB │ gzip:  6.17 kB │ map:  64.52 kB
2026-10-07T22:28:46.2008715Z dist/document-utilities.js                 23.88 kB │ gzip:  7.49 kB │ map:  67.80 kB
2026-10-07T22:28:46.2009614Z dist/yjs.js                                27.47 kB │ gzip:  7.82 kB │ map:  75.97 kB
2026-10-07T22:28:46.2010250Z dist/tracked-changes.js                    28.57 kB │ gzip:  8.09 kB │ map:  85.58 kB
2026-10-07T22:28:46.2010952Z dist/versions.js                           29.34 kB │ gzip:  7.76 kB │ map:  80.63 kB
2026-10-07T22:28:46.2011702Z dist/comments.js                           29.77 kB │ gzip:  8.57 kB │ map:  87.59 kB
2026-10-07T22:28:46.2012631Z dist/extensions-jYTJ2yTI.js                33.96 kB │ gzip:  9.55 kB │ map:  89.42 kB
2026-10-07T22:28:46.2013496Z dist/media-BMTNaaCL.js                     42.71 kB │ gzip: 12.10 kB │ map: 110.37 kB
2026-10-07T22:28:46.2014462Z dist/markdown-html-83ZGjqmO.js             43.57 kB │ gzip: 23.96 kB │ map:  74.66 kB
2026-10-07T22:28:46.2015381Z dist/pages-dom.js                          53.72 kB │ gzip: 13.34 kB │ map: 147.72 kB
2026-10-07T22:28:46.2016285Z dist/index.js                              82.79 kB │ gzip: 24.38 kB │ map: 179.78 kB
2026-10-07T22:28:46.2017103Z dist/commands-w_EHMhjo.js                  83.11 kB │ gzip: 21.56 kB │ map: 238.14 kB
2026-10-07T22:28:46.2017903Z dist/text-exporter-D2pnt9bs.js             87.27 kB │ gzip: 25.34 kB │ map: 267.31 kB
2026-10-07T22:28:46.2018601Z dist/react.js                              93.24 kB │ gzip: 21.79 kB │ map: 185.11 kB
2026-10-07T22:28:46.2019182Z dist/view-elGsZ_JA.js                     116.61 kB │ gzip: 28.84 kB │ map: 299.79 kB
2026-10-07T22:28:46.2020119Z dist/docx.js                              188.21 kB │ gzip: 54.03 kB │ map: 517.71 kB
2026-10-07T22:28:46.2020844Z dist/html-server.js                       262.10 kB │ gzip: 59.55 kB │ map: 772.23 kB
2026-10-07T22:28:46.2025441Z dist/emoji-data.js                        331.40 kB │ gzip: 30.89 kB │ map: 467.62 kB
2026-10-07T22:28:46.2026319Z 
2026-10-07T22:28:46.2026621Z transforming...
2026-10-07T22:28:46.2852257Z ✓ 302 modules transformed.
2026-10-07T22:28:46.3432047Z rendering chunks...
2026-10-07T22:28:46.4080887Z computing gzip size...
2026-10-07T22:28:46.4155485Z dist/step-CICBu9Xg.cjs                       0.20 kB │ gzip:  0.18 kB │ map:   0.42 kB
2026-10-07T22:28:46.4156129Z dist/plugin-DlQkwKdU.cjs                     0.48 kB │ gzip:  0.27 kB │ map:   3.21 kB
2026-10-07T22:28:46.4156699Z dist/node-spec-owlJN_nc.cjs                  0.59 kB │ gzip:  0.36 kB │ map:   8.05 kB
2026-10-07T22:28:46.4157228Z dist/rolldown-runtime-Chgba0Kb.cjs           0.77 kB │ gzip:  0.41 kB
2026-10-07T22:28:46.4157769Z dist/text-style.cjs                          0.87 kB │ gzip:  0.36 kB
2026-10-07T22:28:46.4158229Z dist/svelte.cjs                              0.89 kB │ gzip:  0.51 kB │ map:   3.64 kB
2026-10-07T22:28:46.4158753Z dist/url-Co8QRAHd.cjs                        0.92 kB │ gzip:  0.51 kB │ map:   2.68 kB
2026-10-07T22:28:46.4159633Z dist/useFountain-C16zq9TV.cjs                0.96 kB │ gzip:  0.52 kB │ map:   3.30 kB
2026-10-07T22:28:46.4160416Z dist/command-manager-DU4ahU5C.cjs            1.06 kB │ gzip:  0.55 kB │ map:   6.45 kB
2026-10-07T22:28:46.4161001Z dist/collaboration-DHfWMt2l.cjs              1.26 kB │ gzip:  0.63 kB │ map:   3.61 kB
2026-10-07T22:28:46.4161552Z dist/react-widgets.cjs                       1.33 kB │ gzip:  0.63 kB │ map:   5.62 kB
2026-10-07T22:28:46.4162046Z dist/vue.cjs                                 1.45 kB │ gzip:  0.76 kB │ map:   4.76 kB
2026-10-07T22:28:46.4162571Z dist/inline-atom-Cg88XSNe.cjs                1.53 kB │ gzip:  0.70 kB │ map:   5.34 kB
2026-10-07T22:28:46.4163159Z dist/search-Cb5HWhnF.cjs                     1.76 kB │ gzip:  0.87 kB │ map:   6.15 kB
2026-10-07T22:28:46.4163647Z dist/path-DDY3uxw-.cjs                       1.98 kB │ gzip:  0.82 kB │ map:   5.79 kB
2026-10-07T22:28:46.4164263Z dist/content-expression-YXcFdjFU.cjs         2.15 kB │ gzip:  0.98 kB │ map:   7.85 kB
2026-10-07T22:28:46.4164941Z dist/html-page-settings-CYNBUfR_.cjs         2.53 kB │ gzip:  1.05 kB │ map:   8.37 kB
2026-10-07T22:28:46.4165740Z dist/table-map-Dbo_d2TT.cjs                  2.65 kB │ gzip:  1.23 kB │ map:  10.02 kB
2026-10-07T22:28:46.4166349Z dist/input-rules-HXvPuvbc.cjs                2.66 kB │ gzip:  1.16 kB │ map:   9.04 kB
2026-10-07T22:28:46.4166874Z dist/decoration-jVx4B2Pl.cjs                 2.68 kB │ gzip:  1.13 kB │ map:  10.14 kB
2026-10-07T22:28:46.4167447Z dist/replace-text-range-step-VHOaDNVn.cjs    2.69 kB │ gzip:  1.07 kB │ map:   9.63 kB
2026-10-07T22:28:46.4167993Z dist/history-C1iHQbdz.cjs                    2.76 kB │ gzip:  1.03 kB │ map:   7.85 kB
2026-10-07T22:28:46.4168487Z dist/extension-Sb4ErwsF.cjs                  2.86 kB │ gzip:  1.17 kB │ map:  10.59 kB
2026-10-07T22:28:46.4169104Z dist/mark-range-step-DOJDyOsP.cjs            3.02 kB │ gzip:  0.92 kB │ map:  10.34 kB
2026-10-07T22:28:46.4169838Z dist/node-D26sG_e5.cjs                       3.35 kB │ gzip:  1.25 kB │ map:  10.25 kB
2026-10-07T22:28:46.4170350Z dist/widgets-dom.cjs                         4.02 kB │ gzip:  1.53 kB │ map:  13.67 kB
2026-10-07T22:28:46.4170906Z dist/html-flow-0iqE4lWW.cjs                  4.18 kB │ gzip:  1.68 kB │ map:  11.78 kB
2026-10-07T22:28:46.4171482Z dist/integrity-dom.cjs                       4.36 kB │ gzip:  1.82 kB │ map:  14.27 kB
2026-10-07T22:28:46.4172207Z dist/link-destination-3p4Of17h.cjs           4.70 kB │ gzip:  1.53 kB │ map:  13.01 kB
2026-10-07T22:28:46.4172771Z dist/table-of-contents.cjs                   4.75 kB │ gzip:  2.12 kB │ map:  17.66 kB
2026-10-07T22:28:46.4173324Z dist/text-style-B9Y5mBPB.cjs                 5.08 kB │ gzip:  1.44 kB │ map:  15.23 kB
2026-10-07T22:28:46.4174014Z dist/html-inert.cjs                          5.19 kB │ gzip:  2.36 kB │ map:  13.94 kB
2026-10-07T22:28:46.4174673Z dist/testing.cjs                             5.43 kB │ gzip:  2.08 kB │ map:  18.97 kB
2026-10-07T22:28:46.4175274Z dist/selection-DrO1gWsj.cjs                  5.65 kB │ gzip:  1.97 kB │ map:  19.95 kB
2026-10-07T22:28:46.4175822Z dist/react-tracked-changes.cjs               5.71 kB │ gzip:  2.01 kB │ map:  14.60 kB
2026-10-07T22:28:46.4176360Z dist/migrations.cjs                          6.10 kB │ gzip:  2.00 kB │ map:  19.78 kB
2026-10-07T22:28:46.4176909Z dist/react-integrity.cjs                     6.18 kB │ gzip:  2.18 kB │ map:  14.15 kB
2026-10-07T22:28:46.4177421Z dist/details.cjs                             6.35 kB │ gzip:  2.39 kB │ map:  21.62 kB
2026-10-07T22:28:46.4177902Z dist/mapping-LRwd6pqd.cjs                    6.55 kB │ gzip:  2.36 kB │ map:  24.97 kB
2026-10-07T22:28:46.4178399Z dist/react-comments.cjs                      7.05 kB │ gzip:  2.28 kB │ map:  18.76 kB
2026-10-07T22:28:46.4178926Z dist/node-ids.cjs                            7.18 kB │ gzip:  2.82 kB │ map:  28.03 kB
2026-10-07T22:28:46.4179569Z dist/menu-position-OVIbcPkK.cjs              7.21 kB │ gzip:  2.72 kB │ map:  25.43 kB
2026-10-07T22:28:46.4180284Z dist/widgets.cjs                             7.33 kB │ gzip:  2.88 kB │ map:  28.00 kB
2026-10-07T22:28:46.4180768Z dist/react-versions.cjs                      7.37 kB │ gzip:  2.35 kB │ map:  19.28 kB
2026-10-07T22:28:46.4181266Z dist/core.cjs                                8.24 kB │ gzip:  2.44 kB
2026-10-07T22:28:46.4181786Z dist/structured-attributes.cjs               8.41 kB │ gzip:  2.71 kB │ map:  31.45 kB
2026-10-07T22:28:46.4182326Z dist/table-layout-BlX6ZmrG.cjs               8.69 kB │ gzip:  2.84 kB │ map:  26.43 kB
2026-10-07T22:28:46.4182845Z dist/ai-generated-media.cjs                  9.11 kB │ gzip:  2.97 kB │ map:  27.49 kB
2026-10-07T22:28:46.4183352Z dist/ruby.cjs                                9.18 kB │ gzip:  3.14 kB │ map:  28.80 kB
2026-10-07T22:28:46.4183852Z dist/integrity.cjs                           9.36 kB │ gzip:  3.32 kB │ map:  30.88 kB
2026-10-07T22:28:46.4184317Z dist/pages.cjs                               9.36 kB │ gzip:  3.21 kB │ map:  28.86 kB
2026-10-07T22:28:46.4184859Z dist/collaboration-core-6QLxBCsv.cjs         9.37 kB │ gzip:  2.92 kB │ map:  32.93 kB
2026-10-07T22:28:46.4185503Z dist/page-settings-BTDzBnRH.cjs             10.15 kB │ gzip:  3.43 kB │ map:  32.11 kB
2026-10-07T22:28:46.4186302Z dist/pages-preview.cjs                      11.42 kB │ gzip:  4.10 kB │ map:  37.00 kB
2026-10-07T22:28:46.4186815Z dist/editor-Ce4QfnkJ.cjs                    13.24 kB │ gzip:  4.10 kB │ map:  43.90 kB
2026-10-07T22:28:46.4187395Z dist/ai-conversation.cjs                    13.42 kB │ gzip:  4.04 kB │ map:  41.75 kB
2026-10-07T22:28:46.4188135Z dist/ai-document-tools.cjs                  13.93 kB │ gzip:  4.22 kB │ map:  45.71 kB
2026-10-07T22:28:46.4188664Z dist/emoji-BLc7FfQa.cjs                     14.66 kB │ gzip:  5.12 kB │ map:  46.33 kB
2026-10-07T22:28:46.4189178Z dist/link-behavior-AA_G2wF4.cjs             16.42 kB │ gzip:  6.31 kB │ map:  48.32 kB
2026-10-07T22:28:46.4189965Z dist/presentation-DrPDmb6z.cjs              17.92 kB │ gzip:  5.47 kB │ map:  64.36 kB
2026-10-07T22:28:46.4190479Z dist/document-utilities.cjs                 19.37 kB │ gzip:  6.71 kB │ map:  67.92 kB
2026-10-07T22:28:46.4190989Z dist/yjs.cjs                                22.89 kB │ gzip:  7.13 kB │ map:  75.74 kB
2026-10-07T22:28:46.4191516Z dist/tracked-changes.cjs                    23.66 kB │ gzip:  7.30 kB │ map:  85.59 kB
2026-10-07T22:28:46.4192009Z dist/comments.cjs                           24.18 kB │ gzip:  7.65 kB │ map:  87.59 kB
2026-10-07T22:28:46.4192474Z dist/versions.cjs                           24.36 kB │ gzip:  7.06 kB │ map:  80.44 kB
2026-10-07T22:28:46.4193004Z dist/extensions-B5WP4oql.cjs                31.54 kB │ gzip:  8.47 kB │ map:  89.87 kB
2026-10-07T22:28:46.4193514Z dist/media-CxbWOnIA.cjs                     35.23 kB │ gzip: 10.84 kB │ map: 110.51 kB
2026-10-07T22:28:46.4194054Z dist/markdown-html-DD8ATANg.cjs             41.42 kB │ gzip: 23.40 kB │ map:  74.55 kB
2026-10-07T22:28:46.4194583Z dist/pages-dom.cjs                          44.81 kB │ gzip: 12.13 kB │ map: 147.15 kB
2026-10-07T22:28:46.4195078Z dist/text-exporter-CrYlAjCV.cjs             68.24 kB │ gzip: 22.77 kB │ map: 266.66 kB
2026-10-07T22:28:46.4195610Z dist/react.cjs                              69.93 kB │ gzip: 18.84 kB │ map: 194.00 kB
2026-10-07T22:28:46.4196084Z dist/index.cjs                              70.12 kB │ gzip: 21.12 kB │ map: 179.78 kB
2026-10-07T22:28:46.4196558Z dist/commands-BYHInNXB.cjs                  73.90 kB │ gzip: 19.85 kB │ map: 239.22 kB
2026-10-07T22:28:46.4197235Z dist/view-B62zQnTm.cjs                      99.41 kB │ gzip: 26.28 kB │ map: 299.12 kB
2026-10-07T22:28:46.4197703Z dist/docx.cjs                              152.13 kB │ gzip: 48.60 kB │ map: 516.62 kB
2026-10-07T22:28:46.4198186Z dist/html-server.cjs                       213.07 kB │ gzip: 54.35 kB │ map: 769.41 kB
2026-10-07T22:28:46.4198716Z dist/emoji-data.cjs                        274.54 kB │ gzip: 30.24 kB │ map: 451.98 kB
2026-10-07T22:28:46.4199033Z 
2026-10-07T22:28:46.4199881Z [32m✓ built in 465ms[39m
2026-10-07T22:28:47.7252321Z $ pnpm --dir tools/angular-build exec ngc -p ../../tsconfig.angular.json && pnpm build:angular-demo
2026-10-07T22:28:49.3504806Z $ pnpm --dir tools/angular-build exec ngc -p ../../tsconfig.angular-demo.json
2026-10-07T22:28:51.0350727Z ##[group]Run pnpm test:api
2026-10-07T22:28:51.0351137Z [36;1mpnpm test:api[0m
2026-10-07T22:28:51.0385924Z shell: /usr/bin/bash -e {0}
2026-10-07T22:28:51.0386238Z env:
2026-10-07T22:28:51.0386513Z   PNPM_HOME: /home/runner/setup-pnpm/node_modules/.bin
2026-10-07T22:28:51.0386861Z   pythonLocation: /opt/hostedtoolcache/Python/3.13.16/x64
2026-10-07T22:28:51.0387243Z   PKG_CONFIG_PATH: /opt/hostedtoolcache/Python/3.13.16/x64/lib/pkgconfig
2026-10-07T22:28:51.0387667Z   Python_ROOT_DIR: /opt/hostedtoolcache/Python/3.13.16/x64
2026-10-07T22:28:51.0388009Z   Python2_ROOT_DIR: /opt/hostedtoolcache/Python/3.13.16/x64
2026-10-07T22:28:51.0388351Z   Python3_ROOT_DIR: /opt/hostedtoolcache/Python/3.13.16/x64
2026-10-07T22:28:51.0388718Z   LD_LIBRARY_PATH: /opt/hostedtoolcache/Python/3.13.16/x64/lib
2026-10-07T22:28:51.0389050Z ##[endgroup]
2026-10-07T22:28:51.3569971Z $ node scripts/check-api-surface.mjs
2026-10-07T22:28:51.4034050Z Public API surface verified across 409 declaration files.
2026-10-07T22:28:51.4192690Z ##[group]Run pnpm test:server-runtimes
2026-10-07T22:28:51.4193146Z [36;1mpnpm test:server-runtimes[0m
2026-10-07T22:28:51.4239134Z shell: /usr/bin/bash -e {0}
2026-10-07T22:28:51.4239724Z env:
2026-10-07T22:28:51.4240068Z   PNPM_HOME: /home/runner/setup-pnpm/node_modules/.bin
2026-10-07T22:28:51.4240452Z   pythonLocation: /opt/hostedtoolcache/Python/3.13.16/x64
2026-10-07T22:28:51.4240812Z   PKG_CONFIG_PATH: /opt/hostedtoolcache/Python/3.13.16/x64/lib/pkgconfig
2026-10-07T22:28:51.4241237Z   Python_ROOT_DIR: /opt/hostedtoolcache/Python/3.13.16/x64
2026-10-07T22:28:51.4241572Z   Python2_ROOT_DIR: /opt/hostedtoolcache/Python/3.13.16/x64
2026-10-07T22:28:51.4241923Z   Python3_ROOT_DIR: /opt/hostedtoolcache/Python/3.13.16/x64
2026-10-07T22:28:51.4242298Z   LD_LIBRARY_PATH: /opt/hostedtoolcache/Python/3.13.16/x64/lib
2026-10-07T22:28:51.4242621Z ##[endgroup]
2026-10-07T22:28:51.7247950Z $ node scripts/smoke-server-html-runtime.mjs && node scripts/check-server-html-worker.mjs
2026-10-07T22:28:51.9515499Z Compiled runtime: 486 link normalization/security/history/destination contracts passed.
2026-10-07T22:28:51.9516954Z Compiled runtime: inert inline lexical data, full reopen, real transactions/history and altered-carrier refusal passed.
2026-10-07T22:28:51.9562157Z Compiled runtime: 576 owned-attribute checks plus immutable snapshots/history passed.
2026-10-07T22:28:52.0102293Z Compiled runtime: 140 native emphasis and partial-schema retention checks passed.
2026-10-07T22:28:52.0103271Z Compiled runtime: protected Markdown images/rules/tables, exact source, native/canonical reopen and refusal guards passed.
2026-10-07T22:28:52.0104442Z Compiled runtime: anonymous HTML flow, native/canonical reopening and exact source passed.
2026-10-07T22:28:52.0116248Z Node 24.21.0: DOM-free server HTML import/export passed.
2026-10-07T22:28:52.0147274Z Node 24.21.0: inert HTML comment retention, canonical reopen and breakout rejection passed.
2026-10-07T22:28:52.0148115Z Node 24.21.0: complete HTML page-settings retention and invalid/fragment boundaries passed.
2026-10-07T22:28:52.0157363Z Node 24.21.0: block-returning Markdown paragraph recovery passed.
2026-10-07T22:28:52.0274985Z Node 24.21.0: lazy Markdown flow paragraph sources passed.
2026-10-07T22:28:52.8250887Z Cloudflare workerd (Miniflare): 486 link normalization/security/history/destination contracts passed.
2026-10-07T22:28:52.8251971Z Cloudflare workerd (Miniflare): inert inline lexical data, complete reopen, transactions/history and carrier refusal passed.
2026-10-07T22:28:52.8252794Z Cloudflare workerd (Miniflare): 576 owned-attribute checks plus immutable snapshots/history passed.
2026-10-07T22:28:52.8253666Z Cloudflare workerd (Miniflare): 140 native emphasis and partial-schema retention checks passed.
2026-10-07T22:28:52.8255000Z Cloudflare workerd (Miniflare): protected Markdown images/rules/tables, full reopen and refusal guards passed.
2026-10-07T22:28:52.8256047Z Cloudflare workerd (Miniflare): anonymous HTML flow without synthetic paragraphs and native/canonical reopening passed.
2026-10-07T22:28:52.8256990Z Cloudflare workerd (Miniflare): inert HTML comment retention, canonical reopen and breakout rejection passed.
2026-10-07T22:28:52.8257727Z Cloudflare workerd (Miniflare): DOM-free server HTML import/export passed.
2026-10-07T22:28:52.8258569Z Cloudflare workerd (Miniflare): complete HTML page-settings retention and invalid/fragment boundaries passed.
2026-10-07T22:28:52.8571179Z ##[group]Run bun scripts/smoke-server-html-runtime.mjs
2026-10-07T22:28:52.8571576Z [36;1mbun scripts/smoke-server-html-runtime.mjs[0m
2026-10-07T22:28:52.8605174Z shell: /usr/bin/bash -e {0}
2026-10-07T22:28:52.8605458Z env:
2026-10-07T22:28:52.8605777Z   PNPM_HOME: /home/runner/setup-pnpm/node_modules/.bin
2026-10-07T22:28:52.8606169Z   pythonLocation: /opt/hostedtoolcache/Python/3.13.16/x64
2026-10-07T22:28:52.8606572Z   PKG_CONFIG_PATH: /opt/hostedtoolcache/Python/3.13.16/x64/lib/pkgconfig
2026-10-07T22:28:52.8606957Z   Python_ROOT_DIR: /opt/hostedtoolcache/Python/3.13.16/x64
2026-10-07T22:28:52.8607320Z   Python2_ROOT_DIR: /opt/hostedtoolcache/Python/3.13.16/x64
2026-10-07T22:28:52.8607650Z   Python3_ROOT_DIR: /opt/hostedtoolcache/Python/3.13.16/x64
2026-10-07T22:28:52.8608018Z   LD_LIBRARY_PATH: /opt/hostedtoolcache/Python/3.13.16/x64/lib
2026-10-07T22:28:52.8608334Z ##[endgroup]
2026-10-07T22:28:53.0898118Z Compiled runtime: 486 link normalization/security/history/destination contracts passed.
2026-10-07T22:28:53.0899057Z Compiled runtime: inert inline lexical data, full reopen, real transactions/history and altered-carrier refusal passed.
2026-10-07T22:28:53.0956644Z Compiled runtime: 576 owned-attribute checks plus immutable snapshots/history passed.
2026-10-07T22:28:53.1463742Z Compiled runtime: 140 native emphasis and partial-schema retention checks passed.
2026-10-07T22:28:53.1465149Z Compiled runtime: protected Markdown images/rules/tables, exact source, native/canonical reopen and refusal guards passed.
2026-10-07T22:28:53.1466357Z Compiled runtime: anonymous HTML flow, native/canonical reopening and exact source passed.
2026-10-07T22:28:53.1490912Z Bun 1.4.2: DOM-free server HTML import/export passed.
2026-10-07T22:28:53.1514581Z Bun 1.4.2: inert HTML comment retention, canonical reopen and breakout rejection passed.
2026-10-07T22:28:53.1519923Z Bun 1.4.2: complete HTML page-settings retention and invalid/fragment boundaries passed.
2026-10-07T22:28:53.1520794Z Bun 1.4.2: block-returning Markdown paragraph recovery passed.
2026-10-07T22:28:53.1646234Z Bun 1.4.2: lazy Markdown flow paragraph sources passed.
2026-10-07T22:28:53.1710499Z ##[group]Run deno run --allow-read scripts/smoke-server-html-runtime.mjs
2026-10-07T22:28:53.1710953Z [36;1mdeno run --allow-read scripts/smoke-server-html-runtime.mjs[0m
2026-10-07T22:28:53.1744699Z shell: /usr/bin/bash -e {0}
2026-10-07T22:28:53.1744956Z env:
2026-10-07T22:28:53.1745224Z   PNPM_HOME: /home/runner/setup-pnpm/node_modules/.bin
2026-10-07T22:28:53.1745635Z   pythonLocation: /opt/hostedtoolcache/Python/3.13.16/x64
2026-10-07T22:28:53.1746008Z   PKG_CONFIG_PATH: /opt/hostedtoolcache/Python/3.13.16/x64/lib/pkgconfig
2026-10-07T22:28:53.1746378Z   Python_ROOT_DIR: /opt/hostedtoolcache/Python/3.13.16/x64
2026-10-07T22:28:53.1746725Z   Python2_ROOT_DIR: /opt/hostedtoolcache/Python/3.13.16/x64
2026-10-07T22:28:53.1747075Z   Python3_ROOT_DIR: /opt/hostedtoolcache/Python/3.13.16/x64
2026-10-07T22:28:53.1747454Z   LD_LIBRARY_PATH: /opt/hostedtoolcache/Python/3.13.16/x64/lib
2026-10-07T22:28:53.1747756Z ##[endgroup]
2026-10-07T22:28:53.4498431Z Compiled runtime: 486 link normalization/security/history/destination contracts passed.
2026-10-07T22:28:53.4499323Z Compiled runtime: inert inline lexical data, full reopen, real transactions/history and altered-carrier refusal passed.
2026-10-07T22:28:53.4543401Z Compiled runtime: 576 owned-attribute checks plus immutable snapshots/history passed.
2026-10-07T22:28:53.5017910Z Compiled runtime: 140 native emphasis and partial-schema retention checks passed.
2026-10-07T22:28:53.5018831Z Compiled runtime: protected Markdown images/rules/tables, exact source, native/canonical reopen and refusal guards passed.
2026-10-07T22:28:53.5019627Z Compiled runtime: anonymous HTML flow, native/canonical reopening and exact source passed.
2026-10-07T22:28:53.5029704Z Deno 2.9.3: DOM-free server HTML import/export passed.
2026-10-07T22:28:53.5060526Z Deno 2.9.3: inert HTML comment retention, canonical reopen and breakout rejection passed.
2026-10-07T22:28:53.5061783Z Deno 2.9.3: complete HTML page-settings retention and invalid/fragment boundaries passed.
2026-10-07T22:28:53.5066562Z Deno 2.9.3: block-returning Markdown paragraph recovery passed.
2026-10-07T22:28:53.5175555Z Deno 2.9.3: lazy Markdown flow paragraph sources passed.
2026-10-07T22:28:53.5636727Z ##[group]Run pnpm test:package
2026-10-07T22:28:53.5637062Z [36;1mpnpm test:package[0m
2026-10-07T22:28:53.5670336Z shell: /usr/bin/bash -e {0}
2026-10-07T22:28:53.5670697Z env:
2026-10-07T22:28:53.5670966Z   PNPM_HOME: /home/runner/setup-pnpm/node_modules/.bin
2026-10-07T22:28:53.5671386Z   pythonLocation: /opt/hostedtoolcache/Python/3.13.16/x64
2026-10-07T22:28:53.5671772Z   PKG_CONFIG_PATH: /opt/hostedtoolcache/Python/3.13.16/x64/lib/pkgconfig
2026-10-07T22:28:53.5672177Z   Python_ROOT_DIR: /opt/hostedtoolcache/Python/3.13.16/x64
2026-10-07T22:28:53.5672525Z   Python2_ROOT_DIR: /opt/hostedtoolcache/Python/3.13.16/x64
2026-10-07T22:28:53.5672859Z   Python3_ROOT_DIR: /opt/hostedtoolcache/Python/3.13.16/x64
2026-10-07T22:28:53.5673255Z   LD_LIBRARY_PATH: /opt/hostedtoolcache/Python/3.13.16/x64/lib
2026-10-07T22:28:53.5673872Z ##[endgroup]
2026-10-07T22:28:53.8770251Z $ node scripts/smoke-package.mjs
2026-10-07T22:28:54.8164745Z Packed ESM: 486 link normalization/security/history/destination contracts passed.
2026-10-07T22:28:54.8564238Z Packed ESM: 140 native emphasis and partial-schema retention checks passed.
2026-10-07T22:28:54.8631711Z Packed ESM root/core: 576/576 owned-attribute checks plus immutable snapshots/history passed.
2026-10-07T22:28:54.8683548Z Packed ESM root/core: DOM-free direction/history/HTML/loss-report contracts passed.
2026-10-07T22:28:55.0886924Z Packed CommonJS: 486 link normalization/security/history/destination contracts passed.
2026-10-07T22:28:55.1257181Z Packed CommonJS: 140 native emphasis and partial-schema retention checks passed.
2026-10-07T22:28:55.1323425Z Packed CommonJS root/core: 576/576 owned-attribute checks plus immutable snapshots/history passed.
2026-10-07T22:28:55.1363866Z Packed CommonJS root/core: DOM-free direction/history/HTML/loss-report contracts passed.
2026-10-07T22:28:55.2913116Z ESM, CommonJS, headless core, AI document tools, conversations, generated media, DOCX interchange, document utilities, full emoji data, React, comments, tracked changes, versions, details, ruby, text style, extension testing, migrations, stable node IDs, table of contents, text integrity, integrity DOM, React integrity, structured attributes, pure-Node HTML, portable widgets, DOM widgets, React widgets, pages, DOM page measurement, page preview, document schema, Yjs, and Web Component package exports loaded successfully.
2026-10-07T22:28:55.3131843Z ##[group]Run pnpm test:headless
2026-10-07T22:28:55.3132192Z [36;1mpnpm test:headless[0m
2026-10-07T22:28:55.3165852Z shell: /usr/bin/bash -e {0}
2026-10-07T22:28:55.3166129Z env:
2026-10-07T22:28:55.3166445Z   PNPM_HOME: /home/runner/setup-pnpm/node_modules/.bin
2026-10-07T22:28:55.3166797Z   pythonLocation: /opt/hostedtoolcache/Python/3.13.16/x64
2026-10-07T22:28:55.3167160Z   PKG_CONFIG_PATH: /opt/hostedtoolcache/Python/3.13.16/x64/lib/pkgconfig
2026-10-07T22:28:55.3167557Z   Python_ROOT_DIR: /opt/hostedtoolcache/Python/3.13.16/x64
2026-10-07T22:28:55.3168152Z   Python2_ROOT_DIR: /opt/hostedtoolcache/Python/3.13.16/x64
2026-10-07T22:28:55.3168508Z   Python3_ROOT_DIR: /opt/hostedtoolcache/Python/3.13.16/x64
2026-10-07T22:28:55.3168843Z   LD_LIBRARY_PATH: /opt/hostedtoolcache/Python/3.13.16/x64/lib
2026-10-07T22:28:55.3169152Z ##[endgroup]
2026-10-07T22:28:55.6178684Z $ node scripts/check-headless-boundary.mjs && tsc -p tsconfig.headless.json
2026-10-07T22:28:55.6521342Z Headless source boundary verified across 98 modules.
2026-10-07T22:28:55.8067141Z ##[group]Run pnpm test:markdown-conformance
2026-10-07T22:28:55.8067521Z [36;1mpnpm test:markdown-conformance[0m
2026-10-07T22:28:55.8100964Z shell: /usr/bin/bash -e {0}
2026-10-07T22:28:55.8101297Z env:
2026-10-07T22:28:55.8101657Z   PNPM_HOME: /home/runner/setup-pnpm/node_modules/.bin
2026-10-07T22:28:55.8102064Z   pythonLocation: /opt/hostedtoolcache/Python/3.13.16/x64
2026-10-07T22:28:55.8102444Z   PKG_CONFIG_PATH: /opt/hostedtoolcache/Python/3.13.16/x64/lib/pkgconfig
2026-10-07T22:28:55.8102821Z   Python_ROOT_DIR: /opt/hostedtoolcache/Python/3.13.16/x64
2026-10-07T22:28:55.8103199Z   Python2_ROOT_DIR: /opt/hostedtoolcache/Python/3.13.16/x64
2026-10-07T22:28:55.8103577Z   Python3_ROOT_DIR: /opt/hostedtoolcache/Python/3.13.16/x64
2026-10-07T22:28:55.8103920Z   LD_LIBRARY_PATH: /opt/hostedtoolcache/Python/3.13.16/x64/lib
2026-10-07T22:28:55.8104216Z ##[endgroup]
2026-10-07T22:28:56.1112317Z $ node scripts/check-markdown-conformance.mjs
2026-10-07T22:28:56.9534253Z Delimiter neighbors: 6674 generated LF/CRLF reference-semantic, exact-source and complete native canonical contracts passed; not official-corpus matches.
2026-10-07T22:28:56.9735982Z Code labels: 34 LF/CRLF full reference-semantic, exact-source and canonical round-trip contracts passed.
2026-10-07T22:28:57.0171253Z Identity-preserving flow: 48 safe-fallback/source checks; 8 fixtures still declined on this route. Lazy paragraph context distinguishes the legacy collision.
2026-10-07T22:28:57.0300318Z Explicit paragraph-source flow: 8 LF/CRLF exact-code/source contracts; 2 full structural matches. Outer-div mismatches retained; 4 structural fixture kinds still declined.
2026-10-07T22:28:57.0774093Z Explicit structural source flow: 58 LF/CRLF reference-code/source contracts. Paragraphs, headings, code, plain hard breaks and list/quote nesting supported; outer-div mismatches remain. Separate contracts cover protected Markdown images/rules and pipe tables; specialized unsupported blocks still refuse conversion.
2026-10-07T22:28:57.1081834Z Structural source flow: 44 LF/CRLF full reference-structure and exact-source contracts outside pre.
2026-10-07T22:28:57.1095945Z Entity newlines: 12 reference text-character and canonical round-trip contracts passed.
2026-10-07T22:28:57.1189805Z Code origins: 20 LF/CRLF import/source contracts; identical-HTML provenance distinguished; 6 newline corruptions rejected.
2026-10-07T22:28:57.1205550Z Table projection: unit spans/cell wrappers equivalent; 14 structural/content corruptions rejected.
2026-10-07T22:28:57.1319306Z Formatting scopes: 20 reference semantic/source contracts; 10 corruptions rejected.
2026-10-07T22:28:57.1332448Z Inline block HTML: 2 existing literal fallbacks retained, explicitly not counted as conformance.
2026-10-07T22:28:57.1821914Z Paragraph recovery: 76 opt-in reference/source contracts; existing baselines unchanged.
2026-10-07T22:28:57.3014823Z Paragraph recovery: 1304 corpus source-retention checks; not full semantic conformance.
2026-10-07T22:28:57.4596145Z Reference parser reproduced all 652 official HTML outputs exactly.
2026-10-07T22:28:57.4596776Z Inert raw HTML: 72/72 semantic, 72/72 exact token contracts; 144/144 generated boundary/round-trip contracts.
2026-10-07T22:28:57.4597724Z Oracle sensitivity: 8 semantic and 2 literal-whitespace corruptions rejected; reference parser absent from 148 runtime source maps.
2026-10-07T22:28:57.4598518Z URL oracle sensitivity: 4 raw-control/backslash aliases rejected; 3 TAB/LF/CR preprocessing equivalences; 2 reviewed URI equivalents retained.
2026-10-07T22:28:57.4960699Z Literal-address import policy: 566/566 reference semantic contracts passed (default baseline unchanged).
2026-10-07T22:28:57.4981510Z CommonMark 0.31.2: 563/652 examples match Fountain's neutral semantic projection.
2026-10-07T22:28:57.4982336Z Baseline classifications: 563 matching, 72 pending, 17 intentional divergences.
2026-10-07T22:28:57.5660650Z Opt-in HTML flow: 1304 exact-source contracts passed (LF/CRLF); not semantic conformance.
2026-10-07T22:28:57.6244446Z Opt-in HTML block + inline semantics: 579/652 exact neutral-projection matches; remaining differences unresolved, not full conformance.
2026-10-07T22:28:57.6404761Z Optional HTML containers: 26 reference-semantic and 26 exact-source checks; existing schema/profile scores unchanged.
2026-10-07T22:28:57.8430651Z Opt-in source recovery: 580/652 neutral-projection matches on LF and CRLF; 1304 separate exact-source checks. Not full CommonMark conformance.
2026-10-07T22:28:58.0892144Z Whole-document optional-container profile: 601/652; 1304 separate exact-source checks.
2026-10-07T22:28:58.3374043Z Whole-document optional-container+comment profile: 613/652; 1304 separate exact-source checks.
2026-10-07T22:28:58.5720917Z Whole-document optional-container+comment+anonymous-flow profile: 613/652; 1304 separate exact-source checks.
2026-10-07T22:28:58.6616865Z ##[group]Run pnpm test:math-reference
2026-10-07T22:28:58.6617378Z [36;1mpnpm test:math-reference[0m
2026-10-07T22:28:58.6652951Z shell: /usr/bin/bash -e {0}
2026-10-07T22:28:58.6653232Z env:
2026-10-07T22:28:58.6653517Z   PNPM_HOME: /home/runner/setup-pnpm/node_modules/.bin
2026-10-07T22:28:58.6653938Z   pythonLocation: /opt/hostedtoolcache/Python/3.13.16/x64
2026-10-07T22:28:58.6654315Z   PKG_CONFIG_PATH: /opt/hostedtoolcache/Python/3.13.16/x64/lib/pkgconfig
2026-10-07T22:28:58.6654702Z   Python_ROOT_DIR: /opt/hostedtoolcache/Python/3.13.16/x64
2026-10-07T22:28:58.6655058Z   Python2_ROOT_DIR: /opt/hostedtoolcache/Python/3.13.16/x64
2026-10-07T22:28:58.6655423Z   Python3_ROOT_DIR: /opt/hostedtoolcache/Python/3.13.16/x64
2026-10-07T22:28:58.6655797Z   LD_LIBRARY_PATH: /opt/hostedtoolcache/Python/3.13.16/x64/lib
2026-10-07T22:28:58.6656096Z ##[endgroup]
2026-10-07T22:28:58.9835413Z $ node scripts/audit-math-labels.mjs
2026-10-07T22:28:59.1444971Z {
2026-10-07T22:28:59.1445760Z   "renderer": "MathJax 4.1.3",
2026-10-07T22:28:59.1446326Z   "status": "reference-semantics-verified",
2026-10-07T22:28:59.1447317Z   "fountainStatus": "document-context API and bounded host SVG/reader lab implemented; this script checks semantics only, not whole-paper or export parity",
2026-10-07T22:28:59.1448154Z   "equations": [
2026-10-07T22:28:59.1448516Z     {
2026-10-07T22:28:59.1449064Z       "sha256": "d43aafd64986470149793169e6c1f001eae2f66706335d4b5e6864ff4fc465b7",
2026-10-07T22:28:59.1449730Z       "tags": [
2026-10-07T22:28:59.1450022Z         {
2026-10-07T22:28:59.1450461Z           "id": "mjx-eqn:eq:dNFE",
2026-10-07T22:28:59.1450836Z           "text": "(1)",
2026-10-07T22:28:59.1451275Z           "row": 0
2026-10-07T22:28:59.1451711Z         }
2026-10-07T22:28:59.1451977Z       ]
2026-10-07T22:28:59.1452284Z     },
2026-10-07T22:28:59.1452594Z     {
2026-10-07T22:28:59.1453091Z       "sha256": "b8ae1e0dc1cbaf7c15846891804d22fa0581f45f54e14e4da7857061ab57d3ec",
2026-10-07T22:28:59.1453521Z       "tags": [
2026-10-07T22:28:59.1453942Z         {
2026-10-07T22:28:59.1454350Z           "id": "mjx-eqn:eq:dSNFE",
2026-10-07T22:28:59.1454715Z           "text": "(2)",
2026-10-07T22:28:59.1455137Z           "row": 1
2026-10-07T22:28:59.1455461Z         }
2026-10-07T22:28:59.1455815Z       ]
2026-10-07T22:28:59.1456128Z     }
2026-10-07T22:28:59.1456408Z   ],
2026-10-07T22:28:59.1456707Z   "backwardReferences": [
2026-10-07T22:28:59.1457043Z     [
2026-10-07T22:28:59.1457537Z       {
2026-10-07T22:28:59.1457950Z         "text": "(1)",
2026-10-07T22:28:59.1458360Z         "href": "#mjx-eqn%3Aeq%3AdNFE"
2026-10-07T22:28:59.1458778Z       }
2026-10-07T22:28:59.1459082Z     ],
2026-10-07T22:28:59.1459590Z     [
2026-10-07T22:28:59.1460275Z       {
2026-10-07T22:28:59.1460621Z         "text": "(2)",
2026-10-07T22:28:59.1461038Z         "href": "#mjx-eqn%3Aeq%3AdSNFE"
2026-10-07T22:28:59.1461615Z       }
2026-10-07T22:28:59.1461955Z     ]
2026-10-07T22:28:59.1462281Z   ],
2026-10-07T22:28:59.1462731Z   "reorderedForwardReferences": [
2026-10-07T22:28:59.1463136Z     [
2026-10-07T22:28:59.1463476Z       {
2026-10-07T22:28:59.1463827Z         "text": "(2)",
2026-10-07T22:28:59.1464234Z         "href": "#mjx-eqn%3Aeq%3AdNFE"
2026-10-07T22:28:59.1464652Z       }
2026-10-07T22:28:59.1464969Z     ],
2026-10-07T22:28:59.1465331Z     [
2026-10-07T22:28:59.1465667Z       {
2026-10-07T22:28:59.1466053Z         "text": "(1)",
2026-10-07T22:28:59.1466539Z         "href": "#mjx-eqn%3Aeq%3AdSNFE"
2026-10-07T22:28:59.1466956Z       }
2026-10-07T22:28:59.1467305Z     ]
2026-10-07T22:28:59.1467628Z   ],
2026-10-07T22:28:59.1467977Z   "deletedTarget": [
2026-10-07T22:28:59.1468341Z     {
2026-10-07T22:28:59.1468709Z       "text": "(???)",
2026-10-07T22:28:59.1469127Z       "href": "#"
2026-10-07T22:28:59.1469598Z     }
2026-10-07T22:28:59.1469921Z   ],
2026-10-07T22:28:59.1470339Z   "checks": [
2026-10-07T22:28:59.1470699Z     "unchanged source",
2026-10-07T22:28:59.1471109Z     "nonumber defers label to numbered row",
2026-10-07T22:28:59.1471693Z     "backward references",
2026-10-07T22:28:59.1472057Z     "forward references",
2026-10-07T22:28:59.1472369Z     "reorder renumbering",
2026-10-07T22:28:59.1472710Z     "fresh-snapshot repeatability",
2026-10-07T22:28:59.1473054Z     "deleted target remains unresolved",
2026-10-07T22:28:59.1473387Z     "duplicate labels rejected",
2026-10-07T22:28:59.1473740Z     "starred environments",
2026-10-07T22:28:59.1474018Z     "manual tags",
2026-10-07T22:28:59.1474303Z     "unsupported commands rejected"
2026-10-07T22:28:59.1474631Z   ]
2026-10-07T22:28:59.1474850Z }
2026-10-07T22:28:59.1635428Z ##[group]Run pnpm test:docx-interoperability
2026-10-07T22:28:59.1636035Z [36;1mpnpm test:docx-interoperability[0m
2026-10-07T22:28:59.1686359Z shell: /usr/bin/bash -e {0}
2026-10-07T22:28:59.1686857Z env:
2026-10-07T22:28:59.1687233Z   PNPM_HOME: /home/runner/setup-pnpm/node_modules/.bin
2026-10-07T22:28:59.1687854Z   pythonLocation: /opt/hostedtoolcache/Python/3.13.16/x64
2026-10-07T22:28:59.1688696Z   PKG_CONFIG_PATH: /opt/hostedtoolcache/Python/3.13.16/x64/lib/pkgconfig
2026-10-07T22:28:59.1689779Z   Python_ROOT_DIR: /opt/hostedtoolcache/Python/3.13.16/x64
2026-10-07T22:28:59.1690326Z   Python2_ROOT_DIR: /opt/hostedtoolcache/Python/3.13.16/x64
2026-10-07T22:28:59.1690873Z   Python3_ROOT_DIR: /opt/hostedtoolcache/Python/3.13.16/x64
2026-10-07T22:28:59.1691475Z   LD_LIBRARY_PATH: /opt/hostedtoolcache/Python/3.13.16/x64/lib
2026-10-07T22:28:59.1691902Z ##[endgroup]
2026-10-07T22:28:59.4923803Z $ node scripts/check-docx-interoperability.mjs && node scripts/check-docx-table-text.mjs && node scripts/check-docx-quote-appearance.mjs
2026-10-07T22:28:59.7057593Z python-docx opened Fountain media and edited a typed glossary; Fountain retained glossary roles and independent body/cell controls with two explicit behavior-loss warnings (49 additional style/interchange diagnostics retained).
2026-10-07T22:28:59.8383989Z ESM: DOM-free shipped DOCX table text, Word toggle resets, regional paragraph layout and native reopening passed.
2026-10-07T22:28:59.8577695Z CommonJS: DOM-free shipped DOCX table text, Word toggle resets, regional paragraph layout and native reopening passed.
2026-10-07T22:29:00.0296407Z ESM: complete bordered/borderless quote JSON, native Word styles, neutral HTML, core editing/history and Yjs local undo retain source-owned appearance without DOM.
2026-10-07T22:29:00.1607556Z CommonJS: complete bordered/borderless quote JSON, native Word styles, neutral HTML, core editing/history and Yjs local undo retain source-owned appearance without DOM.
2026-10-07T22:29:00.2017389Z ##[group]Run pnpm test:budget
2026-10-07T22:29:00.2017705Z [36;1mpnpm test:budget[0m
2026-10-07T22:29:00.2058613Z shell: /usr/bin/bash -e {0}
2026-10-07T22:29:00.2059019Z env:
2026-10-07T22:29:00.2059222Z   PNPM_HOME: /home/runner/setup-pnpm/node_modules/.bin
2026-10-07T22:29:00.2059644Z   pythonLocation: /opt/hostedtoolcache/Python/3.13.16/x64
2026-10-07T22:29:00.2059963Z   PKG_CONFIG_PATH: /opt/hostedtoolcache/Python/3.13.16/x64/lib/pkgconfig
2026-10-07T22:29:00.2060262Z   Python_ROOT_DIR: /opt/hostedtoolcache/Python/3.13.16/x64
2026-10-07T22:29:00.2060534Z   Python2_ROOT_DIR: /opt/hostedtoolcache/Python/3.13.16/x64
2026-10-07T22:29:00.2060802Z   Python3_ROOT_DIR: /opt/hostedtoolcache/Python/3.13.16/x64
2026-10-07T22:29:00.2061078Z   LD_LIBRARY_PATH: /opt/hostedtoolcache/Python/3.13.16/x64/lib
2026-10-07T22:29:00.2061306Z ##[endgroup]
2026-10-07T22:29:00.5102847Z $ node scripts/check-build-budgets.mjs
2026-10-07T22:29:00.5408826Z dist/index.js: 80.9 KiB / 111 KiB
2026-10-07T22:29:00.5409748Z dist/index.cjs: 68.5 KiB / 93 KiB
2026-10-07T22:29:00.5410231Z dist/core.js: 8.8 KiB / 9 KiB
2026-10-07T22:29:00.5410557Z dist/core.cjs: 8.0 KiB / 8.1 KiB
2026-10-07T22:29:00.5410878Z dist/ai-document-tools.js: 16.4 KiB / 18 KiB
2026-10-07T22:29:00.5414430Z dist/ai-document-tools.cjs: 13.6 KiB / 15 KiB
2026-10-07T22:29:00.5415131Z dist/ai-conversation.js: 15.6 KiB / 17 KiB
2026-10-07T22:29:00.5415686Z dist/ai-conversation.cjs: 13.1 KiB / 14 KiB
2026-10-07T22:29:00.5416302Z dist/ai-generated-media.js: 10.5 KiB / 11 KiB
2026-10-07T22:29:00.5416665Z dist/ai-generated-media.cjs: 8.9 KiB / 10 KiB
2026-10-07T22:29:00.5416974Z dist/docx.js: 183.8 KiB / 184 KiB
2026-10-07T22:29:00.5417265Z dist/docx.cjs: 148.6 KiB / 148.8 KiB
2026-10-07T22:29:00.5417578Z HTML5 entity decoder ESM: 42.6 KiB / 43 KiB
2026-10-07T22:29:00.5417918Z HTML5 entity decoder CommonJS: 40.4 KiB / 41 KiB
2026-10-07T22:29:00.5418200Z dist/document-utilities.js: 23.3 KiB / 36 KiB
2026-10-07T22:29:00.5418474Z dist/document-utilities.cjs: 18.9 KiB / 30 KiB
2026-10-07T22:29:00.5418736Z dist/emoji-data.js: 323.6 KiB / 340 KiB
2026-10-07T22:29:00.5418984Z dist/emoji-data.cjs: 268.1 KiB / 280 KiB
2026-10-07T22:29:00.5419228Z dist/react.js: 91.1 KiB / 91.3 KiB
2026-10-07T22:29:00.5419638Z dist/react.cjs: 68.3 KiB / 68.5 KiB
2026-10-07T22:29:00.5419898Z dist/vue.js: 1.7 KiB / 3 KiB
2026-10-07T22:29:00.5420107Z dist/vue.cjs: 1.4 KiB / 3 KiB
2026-10-07T22:29:00.5420338Z dist/svelte.js: 1.1 KiB / 2 KiB
2026-10-07T22:29:00.5420561Z dist/svelte.cjs: 0.9 KiB / 2 KiB
2026-10-07T22:29:00.5420800Z dist/angular/index.js: 4.1 KiB / 5 KiB
2026-10-07T22:29:00.5421024Z dist/yjs.js: 26.8 KiB / 30 KiB
2026-10-07T22:29:00.5421236Z dist/yjs.cjs: 22.4 KiB / 25 KiB
2026-10-07T22:29:00.5421461Z dist/comments.js: 29.1 KiB / 30 KiB
2026-10-07T22:29:00.5421686Z dist/comments.cjs: 23.6 KiB / 25 KiB
2026-10-07T22:29:00.5421915Z dist/react-comments.js: 9.6 KiB / 11 KiB
2026-10-07T22:29:00.5422165Z dist/react-comments.cjs: 6.9 KiB / 8 KiB
2026-10-07T22:29:00.5422468Z dist/tracked-changes.js: 27.9 KiB / 30 KiB
2026-10-07T22:29:00.5422721Z dist/tracked-changes.cjs: 23.1 KiB / 25 KiB
2026-10-07T22:29:00.5423027Z dist/react-tracked-changes.js: 7.5 KiB / 9 KiB
2026-10-07T22:29:00.5423360Z dist/react-tracked-changes.cjs: 5.6 KiB / 7 KiB
2026-10-07T22:29:00.5423676Z dist/versions.js: 28.7 KiB / 35 KiB
2026-10-07T22:29:00.5423968Z dist/versions.cjs: 23.8 KiB / 30 KiB
2026-10-07T22:29:00.5424273Z dist/react-versions.js: 9.8 KiB / 18 KiB
2026-10-07T22:29:00.5424612Z dist/react-versions.cjs: 7.2 KiB / 14 KiB
2026-10-07T22:29:00.5424915Z dist/details.js: 7.5 KiB / 10 KiB
2026-10-07T22:29:00.5425224Z dist/details.cjs: 6.2 KiB / 8 KiB
2026-10-07T22:29:00.5425503Z dist/ruby.js: 10.7 KiB / 12 KiB
2026-10-07T22:29:00.5425786Z dist/ruby.cjs: 9.0 KiB / 10 KiB
2026-10-07T22:29:00.5426064Z dist/text-style.js: 0.9 KiB / 2 KiB
2026-10-07T22:29:00.5426379Z dist/text-style.cjs: 0.9 KiB / 2 KiB
2026-10-07T22:29:00.5426674Z dist/testing.js: 6.3 KiB / 7 KiB
2026-10-07T22:29:00.5427342Z dist/testing.cjs: 5.3 KiB / 6 KiB
2026-10-07T22:29:00.5427694Z dist/migrations.js: 6.9 KiB / 8 KiB
2026-10-07T22:29:00.5427931Z dist/migrations.cjs: 6.0 KiB / 7 KiB
2026-10-07T22:29:00.5428192Z dist/node-ids.js: 8.5 KiB / 9 KiB
2026-10-07T22:29:00.5428572Z dist/node-ids.cjs: 7.0 KiB / 8 KiB
2026-10-07T22:29:00.5428842Z dist/table-of-contents.js: 5.6 KiB / 7 KiB
2026-10-07T22:29:00.5429217Z dist/table-of-contents.cjs: 4.6 KiB / 6 KiB
2026-10-07T22:29:00.5429604Z dist/integrity.js: 11.2 KiB / 13 KiB
2026-10-07T22:29:00.5429917Z dist/integrity.cjs: 9.1 KiB / 11 KiB
2026-10-07T22:29:00.5430262Z dist/integrity-dom.js: 5.0 KiB / 6 KiB
2026-10-07T22:29:00.5430624Z dist/integrity-dom.cjs: 4.3 KiB / 5 KiB
2026-10-07T22:29:00.5430986Z dist/react-integrity.js: 7.9 KiB / 12 KiB
2026-10-07T22:29:00.5431352Z dist/react-integrity.cjs: 6.0 KiB / 10 KiB
2026-10-07T22:29:00.5431672Z dist/structured-attributes.js: 9.8 KiB / 11 KiB
2026-10-07T22:29:00.5432026Z dist/structured-attributes.cjs: 8.2 KiB / 9 KiB
2026-10-07T22:29:00.5432289Z dist/html-server.js: 256.0 KiB / 270 KiB
2026-10-07T22:29:00.5432526Z dist/html-server.cjs: 208.1 KiB / 225 KiB
2026-10-07T22:29:00.5432755Z dist/html-inert.js: 6.0 KiB / 7 KiB
2026-10-07T22:29:00.5432978Z dist/html-inert.cjs: 5.1 KiB / 6 KiB
2026-10-07T22:29:00.5433211Z dist/widgets.js: 8.6 KiB / 9 KiB
2026-10-07T22:29:00.5433429Z dist/widgets.cjs: 7.2 KiB / 8 KiB
2026-10-07T22:29:00.5433646Z dist/widgets-dom.js: 4.6 KiB / 5 KiB
2026-10-07T22:29:00.5433883Z dist/widgets-dom.cjs: 3.9 KiB / 5 KiB
2026-10-07T22:29:00.5434118Z dist/react-widgets.js: 1.5 KiB / 2 KiB
2026-10-07T22:29:00.5434348Z dist/react-widgets.cjs: 1.3 KiB / 2 KiB
2026-10-07T22:29:00.5434582Z dist/pages.js: 11.0 KiB / 23 KiB
2026-10-07T22:29:00.5434795Z dist/pages.cjs: 9.1 KiB / 19 KiB
2026-10-07T22:29:00.5435011Z dist/pages-dom.js: 52.5 KiB / 54 KiB
2026-10-07T22:29:00.5435234Z dist/pages-dom.cjs: 43.8 KiB / 45 KiB
2026-10-07T22:29:00.5435470Z dist/pages-preview.js: 13.2 KiB / 14 KiB
2026-10-07T22:29:00.5435714Z dist/pages-preview.cjs: 11.2 KiB / 12 KiB
2026-10-07T22:29:00.5435944Z dist/styles.css: 86.6 KiB / 86.8 KiB
2026-10-07T22:29:00.5436194Z all ESM runtime code: 1586.3 KiB / 1586.5 KiB
2026-10-07T22:29:00.5436537Z all CommonJS runtime code: 1319.6 KiB / 1319.8 KiB
2026-10-07T22:29:00.5572904Z ##[group]Run pnpm typecheck
2026-10-07T22:29:00.5573263Z [36;1mpnpm typecheck[0m
2026-10-07T22:29:00.5616649Z shell: /usr/bin/bash -e {0}
2026-10-07T22:29:00.5616864Z env:
2026-10-07T22:29:00.5617075Z   PNPM_HOME: /home/runner/setup-pnpm/node_modules/.bin
2026-10-07T22:29:00.5617360Z   pythonLocation: /opt/hostedtoolcache/Python/3.13.16/x64
2026-10-07T22:29:00.5617661Z   PKG_CONFIG_PATH: /opt/hostedtoolcache/Python/3.13.16/x64/lib/pkgconfig
2026-10-07T22:29:00.5617959Z   Python_ROOT_DIR: /opt/hostedtoolcache/Python/3.13.16/x64
2026-10-07T22:29:00.5618235Z   Python2_ROOT_DIR: /opt/hostedtoolcache/Python/3.13.16/x64
2026-10-07T22:29:00.5618499Z   Python3_ROOT_DIR: /opt/hostedtoolcache/Python/3.13.16/x64
2026-10-07T22:29:00.5618773Z   LD_LIBRARY_PATH: /opt/hostedtoolcache/Python/3.13.16/x64/lib
2026-10-07T22:29:00.5619014Z ##[endgroup]
2026-10-07T22:29:00.8654269Z $ tsc --noEmit && pnpm test:svelte-types && pnpm test:angular-types
2026-10-07T22:29:02.7523419Z $ pnpm --dir tools/svelte-check exec svelte-check --workspace ../.. --tsconfig tsconfig.svelte.json --fail-on-warnings
2026-10-07T22:29:06.4685115Z Loading svelte-check in workspace: /home/runner/work/fountainjs/fountainjs
2026-10-07T22:29:06.4685544Z Getting Svelte diagnostics...
2026-10-07T22:29:06.4688725Z 
2026-10-07T22:29:06.4704773Z [32msvelte-check found 0 errors and 0 warnings
2026-10-07T22:29:06.8017042Z $ pnpm --dir tools/angular-build exec ngc -p ../../tsconfig.angular.json --noEmit && pnpm --dir tools/angular-build exec ngc -p ../../tsconfig.angular-demo.json --noEmit
2026-10-07T22:29:09.5821006Z [39m
2026-10-07T22:29:09.5844274Z ##[group]Run pnpm test
2026-10-07T22:29:09.5844493Z [36;1mpnpm test[0m
2026-10-07T22:29:09.5877724Z shell: /usr/bin/bash -e {0}
2026-10-07T22:29:09.5877948Z env:
2026-10-07T22:29:09.5878149Z   PNPM_HOME: /home/runner/setup-pnpm/node_modules/.bin
2026-10-07T22:29:09.5878446Z   pythonLocation: /opt/hostedtoolcache/Python/3.13.16/x64
2026-10-07T22:29:09.5878911Z   PKG_CONFIG_PATH: /opt/hostedtoolcache/Python/3.13.16/x64/lib/pkgconfig
2026-10-07T22:29:09.5879218Z   Python_ROOT_DIR: /opt/hostedtoolcache/Python/3.13.16/x64
2026-10-07T22:29:09.5879663Z   Python2_ROOT_DIR: /opt/hostedtoolcache/Python/3.13.16/x64
2026-10-07T22:29:09.5879937Z   Python3_ROOT_DIR: /opt/hostedtoolcache/Python/3.13.16/x64
2026-10-07T22:29:09.5880213Z   LD_LIBRARY_PATH: /opt/hostedtoolcache/Python/3.13.16/x64/lib
2026-10-07T22:29:09.5880444Z ##[endgroup]
2026-10-07T22:29:09.8943660Z $ vitest run
2026-10-07T22:29:10.0968944Z 
2026-10-07T22:29:10.0971084Z [1m[30m[46m RUN [49m[39m[22m [36mv5.0.0 [39m[90m/home/runner/work/fountainjs/fountainjs[39m
2026-10-07T22:29:10.0971443Z 
2026-10-07T22:29:11.4670210Z  [32m✓[39m tests/core.test.ts [2m([22m[2m55 tests[22m[2m)[22m[32m 93[2mms[22m[39m
2026-10-07T22:29:11.7427160Z  [32m✓[39m tests/markdown-format.test.ts [2m([22m[2m113 tests[22m[2m)[22m[33m 352[2mms[22m[39m
2026-10-07T22:29:12.5121814Z  [32m✓[39m tests/pages-dom.test.ts [2m([22m[2m19 tests[22m[2m)[22m[33m 599[2mms[22m[39m
2026-10-07T22:29:12.8455922Z  [32m✓[39m tests/view.test.ts [2m([22m[2m45 tests[22m[2m)[22m[33m 504[2mms[22m[39m
2026-10-07T22:29:13.0852771Z  [32m✓[39m tests/pages-dom-preview.test.ts [2m([22m[2m16 tests[22m[2m)[22m[33m 344[2mms[22m[39m
2026-10-07T22:29:13.1714956Z  [32m✓[39m tests/docx.test.ts [2m([22m[2m17 tests[22m[2m)[22m[32m 153[2mms[22m[39m
2026-10-07T22:29:13.3891436Z  [32m✓[39m tests/server-html.test.ts [2m([22m[2m37 tests[22m[2m)[22m[32m 121[2mms[22m[39m
2026-10-07T22:29:14.1381933Z  [32m✓[39m tests/document-utilities.test.ts [2m([22m[2m42 tests[22m[2m)[22m[32m 103[2mms[22m[39m
2026-10-07T22:29:14.2108258Z  [32m✓[39m tests/media.test.ts [2m([22m[2m9 tests[22m[2m)[22m[32m 255[2mms[22m[39m
2026-10-07T22:29:15.7338690Z  [32m✓[39m tests/react-toolbar.test.tsx [2m([22m[2m9 tests[22m[2m)[22m[33m 443[2mms[22m[39m
2026-10-07T22:29:15.9983440Z  [32m✓[39m tests/server-html-parity.test.ts [2m([22m[2m83 tests[22m[2m)[22m[33m 954[2mms[22m[39m
2026-10-07T22:29:16.3706782Z  [32m✓[39m tests/table.test.ts [2m([22m[2m13 tests[22m[2m)[22m[33m 2117[2mms[22m[39m
2026-10-07T22:29:16.3710934Z    [32m✓[39m production table editing [2m(13)[22m
2026-10-07T22:29:16.3769308Z      [33m[2m✓[22m[39m projects resize geometry once per immutable table, including movement and remote-row widths[33m 1668[2mms[22m[39m
2026-10-07T22:29:16.7196370Z  [32m✓[39m tests/yjs-collaboration.test.ts [2m([22m[2m12 tests[22m[2m)[22m[32m 115[2mms[22m[39m
2026-10-07T22:29:16.8393891Z  [32m✓[39m tests/versions.test.ts [2m([22m[2m10 tests[22m[2m)[22m[32m 57[2mms[22m[39m
2026-10-07T22:29:17.0751760Z  [32m✓[39m tests/math.test.ts [2m([22m[2m14 tests[22m[2m)[22m[32m 259[2mms[22m[39m
2026-10-07T22:29:17.7801515Z  [32m✓[39m tests/external-paste.test.ts [2m([22m[2m13 tests[22m[2m)[22m[32m 282[2mms[22m[39m
2026-10-07T22:29:17.8156980Z  [32m✓[39m tests/text-style.test.ts [2m([22m[2m26 tests[22m[2m)[22m[32m 127[2mms[22m[39m
2026-10-07T22:29:18.1051560Z  [32m✓[39m tests/lean.test.ts [2m([22m[2m12 tests[22m[2m)[22m[32m 160[2mms[22m[39m
2026-10-07T22:29:18.1211099Z  [32m✓[39m tests/markdown-html-flow-adapter.test.ts [2m([22m[2m30 tests[22m[2m)[22m[32m 70[2mms[22m[39m
2026-10-07T22:29:18.1741468Z  [32m✓[39m tests/model-integrity.test.ts [2m([22m[2m36 tests[22m[2m)[22m[32m 102[2mms[22m[39m
2026-10-07T22:29:18.4492532Z  [32m✓[39m tests/docx-table-styles.test.ts [2m([22m[2m14 tests[22m[2m)[22m[32m 83[2mms[22m[39m
2026-10-07T22:29:18.4573784Z  [32m✓[39m tests/pages.test.ts [2m([22m[2m10 tests[22m[2m)[22m[32m 51[2mms[22m[39m
2026-10-07T22:29:18.8449068Z  [32m✓[39m tests/docx-table-conditions.test.ts [2m([22m[2m18 tests[22m[2m)[22m[32m 153[2mms[22m[39m
2026-10-07T22:29:19.1661553Z  [32m✓[39m tests/image.test.ts [2m([22m[2m8 tests[22m[2m)[22m[32m 182[2mms[22m[39m
2026-10-07T22:29:19.5261890Z  [32m✓[39m tests/comments.test.ts [2m([22m[2m7 tests[22m[2m)[22m[32m 180[2mms[22m[39m
2026-10-07T22:29:19.7588735Z  [32m✓[39m tests/list.test.ts [2m([22m[2m14 tests[22m[2m)[22m[32m 61[2mms[22m[39m
2026-10-07T22:29:19.9071739Z  [32m✓[39m tests/docx-style-reader.test.ts [2m([22m[2m23 tests[22m[2m)[22m[32m 20[2mms[22m[39m
2026-10-07T22:29:20.0926122Z  [32m✓[39m tests/docx-math-source.test.ts [2m([22m[2m24 tests[22m[2m)[22m[33m 307[2mms[22m[39m
2026-10-07T22:29:20.1561925Z  [32m✓[39m tests/tracked-changes.test.ts [2m([22m[2m12 tests[22m[2m)[22m[32m 145[2mms[22m[39m
2026-10-07T22:29:20.4816965Z  [32m✓[39m tests/docx-paragraph-fonts.test.ts [2m([22m[2m12 tests[22m[2m)[22m[32m 129[2mms[22m[39m
2026-10-07T22:29:20.5423577Z  [32m✓[39m tests/html-flow.test.ts [2m([22m[2m20 tests[22m[2m)[22m[32m 105[2mms[22m[39m
2026-10-07T22:29:20.8060390Z  [32m✓[39m tests/selection.test.ts [2m([22m[2m10 tests[22m[2m)[22m[32m 59[2mms[22m[39m
2026-10-07T22:29:20.8619204Z  [32m✓[39m tests/collaboration.test.ts [2m([22m[2m9 tests[22m[2m)[22m[32m 134[2mms[22m[39m
2026-10-07T22:29:20.8831439Z  [32m✓[39m tests/docx-table-text.test.ts [2m([22m[2m16 tests[22m[2m)[22m[32m 111[2mms[22m[39m
2026-10-07T22:29:21.2253142Z  [32m✓[39m tests/docx-table-widths.test.ts [2m([22m[2m18 tests[22m[2m)[22m[32m 125[2mms[22m[39m
2026-10-07T22:29:21.2761368Z  [32m✓[39m tests/docx-math.test.ts [2m([22m[2m20 tests[22m[2m)[22m[32m 133[2mms[22m[39m
2026-10-07T22:29:21.5635394Z  [32m✓[39m tests/extensions.test.ts [2m([22m[2m16 tests[22m[2m)[22m[32m 30[2mms[22m[39m
2026-10-07T22:29:21.7617644Z  [32m✓[39m tests/markdown-reference-source.test.ts [2m([22m[2m18 tests[22m[2m)[22m[33m 331[2mms[22m[39m
2026-10-07T22:29:21.8511576Z  [32m✓[39m tests/block-reordering.test.ts [2m([22m[2m8 tests[22m[2m)[22m[32m 214[2mms[22m[39m
2026-10-07T22:29:21.9185869Z  [32m✓[39m tests/docx-style-cascade.test.ts [2m([22m[2m26 tests[22m[2m)[22m[32m 28[2mms[22m[39m
2026-10-07T22:29:21.9308528Z  [32m✓[39m tests/text-direction.test.ts [2m([22m[2m13 tests[22m[2m)[22m[32m 60[2mms[22m[39m
2026-10-07T22:29:22.8881804Z  [32m✓[39m tests/details.test.ts [2m([22m[2m7 tests[22m[2m)[22m[32m 204[2mms[22m[39m
2026-10-07T22:29:22.9999347Z  [32m✓[39m tests/ruby.test.ts [2m([22m[2m7 tests[22m[2m)[22m[32m 194[2mms[22m[39m
2026-10-07T22:29:23.0932195Z  [32m✓[39m tests/quote-appearance.test.ts [2m([22m[2m8 tests[22m[2m)[22m[32m 167[2mms[22m[39m
2026-10-07T22:29:23.2056305Z  [32m✓[39m tests/markdown-html-inline-adapter.test.ts [2m([22m[2m34 tests[22m[2m)[22m[32m 75[2mms[22m[39m
2026-10-07T22:29:23.3448271Z  [32m✓[39m tests/markdown-document-flow.test.ts [2m([22m[2m21 tests[22m[2m)[22m[32m 90[2mms[22m[39m
2026-10-07T22:29:23.5662143Z  [32m✓[39m tests/html-inert-block.test.ts [2m([22m[2m20 tests[22m[2m)[22m[32m 99[2mms[22m[39m
2026-10-07T22:29:23.7608471Z  [32m✓[39m tests/node-ids.test.ts [2m([22m[2m12 tests[22m[2m)[22m[33m 409[2mms[22m[39m
2026-10-07T22:29:24.0075206Z  [32m✓[39m tests/widgets.test.ts [2m([22m[2m7 tests[22m[2m)[22m[32m 22[2mms[22m[39m
2026-10-07T22:29:24.1471802Z  [32m✓[39m tests/page-layout.test.ts [2m([22m[2m11 tests[22m[2m)[22m[32m 11[2mms[22m[39m
2026-10-07T22:29:24.4771928Z  [32m✓[39m tests/selection-view.test.ts [2m([22m[2m9 tests[22m[2m)[22m[32m 274[2mms[22m[39m
2026-10-07T22:29:25.2821915Z  [32m✓[39m tests/link.test.ts [2m([22m[2m9 tests[22m[2m)[22m[32m 275[2mms[22m[39m
2026-10-07T22:29:25.5178929Z  [32m✓[39m tests/html-link-controls.test.ts [2m([22m[2m20 tests[22m[2m)[22m[33m 1120[2mms[22m[39m
2026-10-07T22:29:25.6133081Z  [32m✓[39m tests/html-link-origin.test.ts [2m([22m[2m16 tests[22m[2m)[22m[33m 367[2mms[22m[39m
2026-10-07T22:29:25.6754127Z  [32m✓[39m tests/docx-footnotes.test.ts [2m([22m[2m11 tests[22m[2m)[22m[32m 95[2mms[22m[39m
2026-10-07T22:29:25.9647194Z  [32m✓[39m tests/ai.test.ts [2m([22m[2m13 tests[22m[2m)[22m[32m 122[2mms[22m[39m
2026-10-07T22:29:26.3298116Z  [32m✓[39m tests/markdown-html-block-adapter.test.ts [2m([22m[2m28 tests[22m[2m)[22m[32m 79[2mms[22m[39m
2026-10-07T22:29:26.3737840Z  [32m✓[39m tests/ai-generated-media.test.ts [2m([22m[2m7 tests[22m[2m)[22m[32m 36[2mms[22m[39m
2026-10-07T22:29:26.7911564Z  [32m✓[39m tests/docx-character-spacing.test.ts [2m([22m[2m25 tests[22m[2m)[22m[32m 125[2mms[22m[39m
2026-10-07T22:29:26.9814354Z  [32m✓[39m tests/docx-page-settings.test.ts [2m([22m[2m19 tests[22m[2m)[22m[32m 113[2mms[22m[39m
2026-10-07T22:29:27.2724786Z  [32m✓[39m tests/html-format.test.ts [2m([22m[2m9 tests[22m[2m)[22m[32m 121[2mms[22m[39m
2026-10-07T22:29:27.3290722Z  [32m✓[39m tests/docx-table-appearance.test.ts [2m([22m[2m9 tests[22m[2m)[22m[32m 96[2mms[22m[39m
2026-10-07T22:29:27.6231740Z  [32m✓[39m tests/markdown-text-block-flow.test.ts [2m([22m[2m29 tests[22m[2m)[22m[32m 83[2mms[22m[39m
2026-10-07T22:29:27.6571227Z  [32m✓[39m tests/ai-conversation.test.ts [2m([22m[2m10 tests[22m[2m)[22m[32m 123[2mms[22m[39m
2026-10-07T22:29:27.9740177Z  [32m✓[39m tests/markdown-html-flow-sources.test.ts [2m([22m[2m15 tests[22m[2m)[22m[32m 39[2mms[22m[39m
2026-10-07T22:29:28.3095403Z  [32m✓[39m tests/markdown-html-paragraph.test.ts [2m([22m[2m35 tests[22m[2m)[22m[32m 76[2mms[22m[39m
2026-10-07T22:29:28.7201834Z  [32m✓[39m tests/html-inert-raw-text.test.ts [2m([22m[2m24 tests[22m[2m)[22m[32m 119[2mms[22m[39m
2026-10-07T22:29:28.7865086Z  [32m✓[39m tests/virtual-view.test.ts [2m([22m[2m9 tests[22m[2m)[22m[33m 1218[2mms[22m[39m
2026-10-07T22:29:28.7865705Z    [32m✓[39m virtual EditorView [2m(9)[22m
2026-10-07T22:29:28.7866280Z      [33m[2m✓[22m[39m mounts a bounded viewport while retaining the full scroll geometry[33m 805[2mms[22m[39m
2026-10-07T22:29:29.2704149Z  [32m✓[39m tests/docx-definition-lists.test.ts [2m([22m[2m16 tests[22m[2m)[22m[32m 239[2mms[22m[39m
2026-10-07T22:29:29.6493575Z  [32m✓[39m tests/yjs-structured-attributes.test.ts [2m([22m[2m7 tests[22m[2m)[22m[32m 84[2mms[22m[39m
2026-10-07T22:29:30.0525570Z  [32m✓[39m tests/headless-docx-demo.test.tsx [2m([22m[2m9 tests[22m[2m)[22m[33m 645[2mms[22m[39m
2026-10-07T22:29:30.1196333Z  [32m✓[39m tests/explicit-text-alignment.test.ts [2m([22m[2m8 tests[22m[2m)[22m[32m 86[2mms[22m[39m
2026-10-07T22:29:30.3804636Z  [32m✓[39m tests/markdown-html-block-atoms.test.ts [2m([22m[2m15 tests[22m[2m)[22m[32m 78[2mms[22m[39m
2026-10-07T22:29:30.4859380Z  [32m✓[39m tests/markdown-protected-table-flow.test.ts [2m([22m[2m17 tests[22m[2m)[22m[32m 105[2mms[22m[39m
2026-10-07T22:29:30.5957220Z  [32m✓[39m tests/math-document-context.test.ts [2m([22m[2m6 tests[22m[2m)[22m[33m 381[2mms[22m[39m
2026-10-07T22:29:30.7085579Z  [32m✓[39m tests/docx-math-import.test.ts [2m([22m[2m9 tests[22m[2m)[22m[32m 48[2mms[22m[39m
2026-10-07T22:29:30.7610538Z  [32m✓[39m tests/ai-document-tools.test.ts [2m([22m[2m10 tests[22m[2m)[22m[32m 18[2mms[22m[39m
2026-10-07T22:29:30.9401985Z  [32m✓[39m tests/docx-page-templates.test.ts [2m([22m[2m8 tests[22m[2m)[22m[32m 103[2mms[22m[39m
2026-10-07T22:29:31.0538763Z  [32m✓[39m tests/html-inert-inline.test.ts [2m([22m[2m25 tests[22m[2m)[22m[32m 75[2mms[22m[39m
2026-10-07T22:29:32.0317553Z  [32m✓[39m tests/widgets-dom.test.ts [2m([22m[2m4 tests[22m[2m)[22m[32m 162[2mms[22m[39m
2026-10-07T22:29:32.0671771Z  [32m✓[39m tests/html-inert-browser.test.ts [2m([22m[2m8 tests[22m[2m)[22m[33m 370[2mms[22m[39m
2026-10-07T22:29:32.3285897Z  [32m✓[39m tests/markdown-empty-paragraphs.test.ts [2m([22m[2m22 tests[22m[2m)[22m[32m 36[2mms[22m[39m
2026-10-07T22:29:32.4253108Z  [32m✓[39m tests/trailing-editable-block.test.ts [2m([22m[2m8 tests[22m[2m)[22m[32m 49[2mms[22m[39m
2026-10-07T22:29:32.9088098Z  [32m✓[39m tests/html-structural-direction.test.ts [2m([22m[2m18 tests[22m[2m)[22m[32m 98[2mms[22m[39m
2026-10-07T22:29:33.3683860Z  [32m✓[39m tests/mathjax-document-renderer.test.ts [2m([22m[2m12 tests[22m[2m)[22m[33m 1287[2mms[22m[39m
2026-10-07T22:29:33.3701064Z    [32m✓[39m optional host MathJax SVG integration [2m(12)[22m
2026-10-07T22:29:33.3702331Z      [33m[2m✓[22m[39m typesets exact published equations and resolves namespaced forward links to actual SVG anchors[33m 309[2mms[22m[39m
2026-10-07T22:29:33.3704420Z      [33m[2m✓[22m[39m refreshes real SVG labels/references after moving/deleting equations and restores them on undo[33m 372[2mms[22m[39m
2026-10-07T22:29:33.5686254Z  [32m✓[39m tests/vue-lifecycle.test.ts [2m([22m[2m7 tests[22m[2m)[22m[32m 259[2mms[22m[39m
2026-10-07T22:29:33.8015422Z  [32m✓[39m tests/docx-paragraph-layout.test.ts [2m([22m[2m9 tests[22m[2m)[22m[32m 102[2mms[22m[39m
2026-10-07T22:29:33.9057948Z  [32m✓[39m tests/markdown-html.test.ts [2m([22m[2m32 tests[22m[2m)[22m[32m 68[2mms[22m[39m
2026-10-07T22:29:34.0435708Z  [32m✓[39m tests/view-external-focus.test.ts [2m([22m[2m12 tests[22m[2m)[22m[33m 307[2mms[22m[39m
2026-10-07T22:29:34.1981810Z  [32m✓[39m tests/markdown-preformatted.test.ts [2m([22m[2m38 tests[22m[2m)[22m[32m 107[2mms[22m[39m
2026-10-07T22:29:34.3991337Z  [32m✓[39m tests/text-alignment.test.ts [2m([22m[2m8 tests[22m[2m)[22m[32m 48[2mms[22m[39m
2026-10-07T22:29:34.5234325Z  [32m✓[39m tests/html-source-tokens.test.ts [2m([22m[2m22 tests[22m[2m)[22m[32m 95[2mms[22m[39m
2026-10-07T22:29:34.6521871Z  [32m✓[39m tests/structured-attributes.test.ts [2m([22m[2m4 tests[22m[2m)[22m[32m 15[2mms[22m[39m
2026-10-07T22:29:34.8261334Z  [32m✓[39m tests/docx-theme-fonts.test.ts [2m([22m[2m15 tests[22m[2m)[22m[32m 89[2mms[22m[39m
2026-10-07T22:29:35.1052320Z  [32m✓[39m tests/docx-inherited-styles.test.ts [2m([22m[2m8 tests[22m[2m)[22m[32m 50[2mms[22m[39m
2026-10-07T22:29:35.1191158Z  [32m✓[39m tests/html-figure-retention.test.ts [2m([22m[2m20 tests[22m[2m)[22m[32m 284[2mms[22m[39m
2026-10-07T22:29:35.3719341Z  [32m✓[39m tests/migrations.test.ts [2m([22m[2m5 tests[22m[2m)[22m[32m 11[2mms[22m[39m
2026-10-07T22:29:35.4138891Z  [32m✓[39m tests/markdown-schema-html.test.ts [2m([22m[2m15 tests[22m[2m)[22m[32m 63[2mms[22m[39m
2026-10-07T22:29:35.8739140Z  [32m✓[39m tests/table-appearance.test.ts [2m([22m[2m16 tests[22m[2m)[22m[33m 343[2mms[22m[39m
2026-10-07T22:29:36.5583865Z  [32m✓[39m tests/react-node-view.test.tsx [2m([22m[2m3 tests[22m[2m)[22m[32m 245[2mms[22m[39m
2026-10-07T22:29:36.8251806Z  [32m✓[39m tests/syntax-highlight.test.ts [2m([22m[2m10 tests[22m[2m)[22m[32m 196[2mms[22m[39m
2026-10-07T22:29:36.9112016Z  [32m✓[39m tests/react-toolbar-panels.test.tsx [2m([22m[2m16 tests[22m[2m)[22m[33m 660[2mms[22m[39m
2026-10-07T22:29:36.9122655Z  [32m✓[39m tests/docx-content-controls.test.ts [2m([22m[2m12 tests[22m[2m)[22m[32m 75[2mms[22m[39m
2026-10-07T22:29:37.2841949Z  [32m✓[39m tests/html-container-editing.test.ts [2m([22m[2m16 tests[22m[2m)[22m[32m 60[2mms[22m[39m
2026-10-07T22:29:37.4327251Z  [32m✓[39m tests/server-html-loss-report.test.ts [2m([22m[2m21 tests[22m[2m)[22m[33m 332[2mms[22m[39m
2026-10-07T22:29:37.8951741Z  [32m✓[39m tests/drop-cursor.test.ts [2m([22m[2m4 tests[22m[2m)[22m[32m 153[2mms[22m[39m
2026-10-07T22:29:38.2432117Z  [32m✓[39m tests/docx-page-breaks.test.ts [2m([22m[2m11 tests[22m[2m)[22m[32m 99[2mms[22m[39m
2026-10-07T22:29:38.3044574Z  [32m✓[39m tests/inline-link-view.test.ts [2m([22m[2m6 tests[22m[2m)[22m[32m 171[2mms[22m[39m
2026-10-07T22:29:38.3740214Z  [32m✓[39m tests/explicit-emphasis.test.ts [2m([22m[2m7 tests[22m[2m)[22m[32m 100[2mms[22m[39m
2026-10-07T22:29:38.5671338Z  [32m✓[39m tests/lean-loopback.test.ts [2m([22m[2m4 tests[22m[2m)[22m[32m 50[2mms[22m[39m
2026-10-07T22:29:38.6341453Z  [32m✓[39m tests/docx-preferred-table-width.test.ts [2m([22m[2m18 tests[22m[2m)[22m[32m 122[2mms[22m[39m
2026-10-07T22:29:38.9363149Z  [32m✓[39m tests/integrity.test.ts [2m([22m[2m7 tests[22m[2m)[22m[32m 14[2mms[22m[39m
2026-10-07T22:29:39.2791787Z  [32m✓[39m tests/mcp.test.ts [2m([22m[2m3 tests[22m[2m)[22m[32m 57[2mms[22m[39m
2026-10-07T22:29:39.4763746Z  [32m✓[39m tests/react-document-utilities.test.tsx [2m([22m[2m2 tests[22m[2m)[22m[32m 232[2mms[22m[39m
2026-10-07T22:29:39.4971286Z  [32m✓[39m tests/pages-html.test.ts [2m([22m[2m4 tests[22m[2m)[22m[32m 197[2mms[22m[39m
2026-10-07T22:29:39.6002296Z  [32m✓[39m tests/docx-package-inventory.test.ts [2m([22m[2m7 tests[22m[2m)[22m[32m 31[2mms[22m[39m
2026-10-07T22:29:39.8188817Z  [32m✓[39m tests/markdown-paragraph-flow.test.ts [2m([22m[2m18 tests[22m[2m)[22m[32m 62[2mms[22m[39m
2026-10-07T22:29:39.8295167Z  [32m✓[39m tests/markdown-html-tables.test.ts [2m([22m[2m9 tests[22m[2m)[22m[32m 72[2mms[22m[39m
2026-10-07T22:29:40.1601455Z  [32m✓[39m tests/html-comments.test.ts [2m([22m[2m27 tests[22m[2m)[22m[32m 74[2mms[22m[39m
2026-10-07T22:29:40.4529753Z  [32m✓[39m tests/markdown-tex-tables.test.ts [2m([22m[2m16 tests[22m[2m)[22m[32m 31[2mms[22m[39m
2026-10-07T22:29:40.5621777Z  [32m✓[39m tests/definition-list-editing.test.ts [2m([22m[2m13 tests[22m[2m)[22m[32m 160[2mms[22m[39m
2026-10-07T22:29:40.8022546Z  [32m✓[39m tests/definition-lists.test.ts [2m([22m[2m10 tests[22m[2m)[22m[32m 63[2mms[22m[39m
2026-10-07T22:29:40.8205297Z  [32m✓[39m tests/selection-no-text.test.ts [2m([22m[2m9 tests[22m[2m)[22m[32m 18[2mms[22m[39m
2026-10-07T22:29:40.8369012Z  [32m✓[39m tests/clipboard-history.test.ts [2m([22m[2m3 tests[22m[2m)[22m[32m 186[2mms[22m[39m
2026-10-07T22:29:41.1754449Z  [32m✓[39m tests/markdown-flow-tasks.test.ts [2m([22m[2m17 tests[22m[2m)[22m[32m 115[2mms[22m[39m
2026-10-07T22:29:41.1875306Z  [32m✓[39m tests/markdown-tex.test.ts [2m([22m[2m24 tests[22m[2m)[22m[32m 89[2mms[22m[39m
2026-10-07T22:29:41.3091655Z  [32m✓[39m tests/server-html-selectors.test.ts [2m([22m[2m3 tests[22m[2m)[22m[32m 232[2mms[22m[39m
2026-10-07T22:29:41.5158323Z  [32m✓[39m tests/markdown-flow-inline-nodes.test.ts [2m([22m[2m12 tests[22m[2m)[22m[32m 68[2mms[22m[39m
2026-10-07T22:29:41.6490497Z  [32m✓[39m tests/content-expression.test.ts [2m([22m[2m5 tests[22m[2m)[22m[32m 219[2mms[22m[39m
2026-10-07T22:29:41.8390601Z  [32m✓[39m tests/html-containers.test.ts [2m([22m[2m15 tests[22m[2m)[22m[32m 70[2mms[22m[39m
2026-10-07T22:29:42.5602030Z  [32m✓[39m tests/angular-lifecycle.test.ts [2m([22m[2m3 tests[22m[2m)[22m[32m 228[2mms[22m[39m
2026-10-07T22:29:42.6531723Z  [32m✓[39m tests/code-region-keyboard.test.ts [2m([22m[2m7 tests[22m[2m)[22m[32m 196[2mms[22m[39m
2026-10-07T22:29:42.7954534Z  [32m✓[39m tests/node-view-context.test.ts [2m([22m[2m5 tests[22m[2m)[22m[32m 189[2mms[22m[39m
2026-10-07T22:29:43.1911635Z  [32m✓[39m tests/stream-text-point.test.ts [2m([22m[2m4 tests[22m[2m)[22m[32m 187[2mms[22m[39m
2026-10-07T22:29:43.2026869Z  [32m✓[39m tests/mathjax-docx.test.ts [2m([22m[2m28 tests[22m[2m)[22m[32m 223[2mms[22m[39m
2026-10-07T22:29:43.4683050Z  [32m✓[39m tests/paragraph-layout.test.ts [2m([22m[2m4 tests[22m[2m)[22m[32m 88[2mms[22m[39m
2026-10-07T22:29:43.5115451Z  [32m✓[39m tests/docx-table-headers.test.ts [2m([22m[2m11 tests[22m[2m)[22m[32m 103[2mms[22m[39m
2026-10-07T22:29:43.5648684Z  [32m✓[39m tests/docx-fonts.test.ts [2m([22m[2m15 tests[22m[2m)[22m[32m 102[2mms[22m[39m
2026-10-07T22:29:43.8072883Z  [32m✓[39m tests/markdown-structural-flow.test.ts [2m([22m[2m9 tests[22m[2m)[22m[32m 48[2mms[22m[39m
2026-10-07T22:29:43.8641735Z  [32m✓[39m tests/release.test.ts [2m([22m[2m10 tests[22m[2m)[22m[32m 175[2mms[22m[39m
2026-10-07T22:29:44.1488522Z  [32m✓[39m tests/markdown-emphasis-runs.test.ts [2m([22m[2m18 tests[22m[2m)[22m[32m 52[2mms[22m[39m
2026-10-07T22:29:44.4581771Z  [32m✓[39m tests/web-component-forms.test.ts [2m([22m[2m8 tests[22m[2m)[22m[32m 187[2mms[22m[39m
2026-10-07T22:29:44.7034109Z  [32m✓[39m tests/headless-core.test.ts [2m([22m[2m3 tests[22m[2m)[22m[32m 26[2mms[22m[39m
2026-10-07T22:29:44.7949115Z  [32m✓[39m tests/html-table-caption.test.ts [2m([22m[2m10 tests[22m[2m)[22m[32m 160[2mms[22m[39m
2026-10-07T22:29:44.9962666Z  [32m✓[39m tests/floating-menu.test.ts [2m([22m[2m4 tests[22m[2m)[22m[32m 43[2mms[22m[39m
2026-10-07T22:29:45.0308000Z  [32m✓[39m tests/markdown-html-incomplete-source.test.ts [2m([22m[2m17 tests[22m[2m)[22m[32m 62[2mms[22m[39m
2026-10-07T22:29:45.1903798Z  [32m✓[39m tests/conversion-lab.test.ts [2m([22m[2m13 tests[22m[2m)[22m[32m 84[2mms[22m[39m
2026-10-07T22:29:45.2331840Z  [32m✓[39m tests/pages-presentation.test.ts [2m([22m[2m3 tests[22m[2m)[22m[32m 11[2mms[22m[39m
2026-10-07T22:29:45.3401463Z  [32m✓[39m tests/docx-cell-shading.test.ts [2m([22m[2m9 tests[22m[2m)[22m[32m 65[2mms[22m[39m
2026-10-07T22:29:45.4922053Z  [32m✓[39m tests/table-of-contents.test.ts [2m([22m[2m4 tests[22m[2m)[22m[32m 13[2mms[22m[39m
2026-10-07T22:29:45.6165269Z  [32m✓[39m tests/markdown-text-newlines.test.ts [2m([22m[2m19 tests[22m[2m)[22m[32m 39[2mms[22m[39m
2026-10-07T22:29:45.8927648Z  [32m✓[39m tests/markdown-combination-retention.test.ts [2m([22m[2m41 tests[22m[2m)[22m[32m 120[2mms[22m[39m
2026-10-07T22:29:46.2090704Z [90mstderr[2m | tests/react-widgets.test.tsx
2026-10-07T22:29:46.2100396Z  [32m✓[39m tests/react-widgets.test.tsx [2m([22m[2m2 tests[22m[2m)[22m[32m 133[2mms[22m[39m
2026-10-07T22:29:46.2150395Z [22m[39mAn update to Root inside a test was not wrapped in act(...).
2026-10-07T22:29:46.2150966Z 
2026-10-07T22:29:46.2160982Z When testing, code that causes React state updates should be wrapped into act(...):
2026-10-07T22:29:46.2161957Z 
2026-10-07T22:29:46.2162300Z act(() => {
2026-10-07T22:29:46.2163138Z   /* fire events that update state */
2026-10-07T22:29:46.2163591Z });
2026-10-07T22:29:46.2164143Z /* assert on the output */
2026-10-07T22:29:46.2164497Z 
2026-10-07T22:29:46.2165511Z This ensures that you're testing the behavior the user would see in the browser. Learn more at https://react.dev/link/wrap-tests-with-act
2026-10-07T22:29:46.2166599Z 
2026-10-07T22:29:46.2898734Z  [32m✓[39m tests/markdown-flow-custom-wrappers.test.ts [2m([22m[2m7 tests[22m[2m)[22m[32m 60[2mms[22m[39m
2026-10-07T22:29:46.7605409Z  [32m✓[39m tests/html-page-settings.test.ts [2m([22m[2m18 tests[22m[2m)[22m[32m 59[2mms[22m[39m
2026-10-07T22:29:46.7741965Z  [32m✓[39m tests/table-row-repetition.test.ts [2m([22m[2m13 tests[22m[2m)[22m[32m 243[2mms[22m[39m
2026-10-07T22:29:47.3741703Z  [32m✓[39m tests/table-layout.test.ts [2m([22m[2m7 tests[22m[2m)[22m[32m 245[2mms[22m[39m
2026-10-07T22:29:47.6144401Z  [32m✓[39m tests/html-structural-direction-report.test.ts [2m([22m[2m10 tests[22m[2m)[22m[32m 35[2mms[22m[39m
2026-10-07T22:29:47.8031685Z  [32m✓[39m tests/svelte-action.test.ts [2m([22m[2m3 tests[22m[2m)[22m[32m 169[2mms[22m[39m
2026-10-07T22:29:47.8406336Z  [32m✓[39m tests/react-versions.test.tsx [2m([22m[2m1 test[22m[2m)[22m[32m 132[2mms[22m[39m
2026-10-07T22:29:48.0632484Z  [32m✓[39m tests/node-size-sharing.test.ts [2m([22m[2m6 tests[22m[2m)[22m[32m 25[2mms[22m[39m
2026-10-07T22:29:48.7201745Z  [32m✓[39m tests/html-block-mark-inheritance.test.ts [2m([22m[2m22 tests[22m[2m)[22m[32m 207[2mms[22m[39m
2026-10-07T22:29:48.8060468Z  [32m✓[39m tests/react-floating-menu.test.tsx [2m([22m[2m1 test[22m[2m)[22m[32m 209[2mms[22m[39m
2026-10-07T22:29:49.0011357Z  [32m✓[39m tests/react-comments.test.tsx [2m([22m[2m1 test[22m[2m)[22m[32m 67[2mms[22m[39m
2026-10-07T22:29:49.0551232Z  [32m✓[39m tests/markdown-autolink-policy.test.ts [2m([22m[2m15 tests[22m[2m)[22m[32m 51[2mms[22m[39m
2026-10-07T22:29:49.3862225Z  [32m✓[39m tests/markdown-tables-gfm.test.ts [2m([22m[2m11 tests[22m[2m)[22m[32m 27[2mms[22m[39m
2026-10-07T22:29:49.9434407Z  [32m✓[39m tests/table-background.test.ts [2m([22m[2m3 tests[22m[2m)[22m[32m 274[2mms[22m[39m
2026-10-07T22:29:50.1583800Z  [32m✓[39m tests/html-flow-browser.test.ts [2m([22m[2m16 tests[22m[2m)[22m[32m 274[2mms[22m[39m
2026-10-07T22:29:50.3544045Z  [32m✓[39m tests/html-inherited-alignment.test.ts [2m([22m[2m9 tests[22m[2m)[22m[32m 100[2mms[22m[39m
2026-10-07T22:29:50.5006491Z  [32m✓[39m tests/docx-explicit-emphasis.test.ts [2m([22m[2m5 tests[22m[2m)[22m[32m 72[2mms[22m[39m
2026-10-07T22:29:51.0071759Z  [32m✓[39m tests/react-lifecycle.test.tsx [2m([22m[2m2 tests[22m[2m)[22m[32m 205[2mms[22m[39m
2026-10-07T22:29:51.2694310Z  [32m✓[39m tests/markdown-html-lexical.test.ts [2m([22m[2m37 tests[22m[2m)[22m[32m 66[2mms[22m[39m
2026-10-07T22:29:51.5021700Z  [32m✓[39m tests/table-preferred-width.test.ts [2m([22m[2m15 tests[22m[2m)[22m[32m 285[2mms[22m[39m
2026-10-07T22:29:51.5711578Z  [32m✓[39m tests/text-direction-dom.test.ts [2m([22m[2m3 tests[22m[2m)[22m[32m 224[2mms[22m[39m
2026-10-07T22:29:51.6143573Z  [32m✓[39m tests/document-replacement.test.ts [2m([22m[2m5 tests[22m[2m)[22m[32m 12[2mms[22m[39m
2026-10-07T22:29:51.8741788Z  [32m✓[39m tests/auto-container-direction.test.ts [2m([22m[2m3 tests[22m[2m)[22m[32m 23[2mms[22m[39m
2026-10-07T22:29:51.9144880Z  [32m✓[39m tests/html-empty-paragraph.test.ts [2m([22m[2m12 tests[22m[2m)[22m[32m 56[2mms[22m[39m
2026-10-07T22:29:52.1745153Z  [32m✓[39m tests/markdown-flow-code-endings.test.ts [2m([22m[2m16 tests[22m[2m)[22m[32m 50[2mms[22m[39m
2026-10-07T22:29:52.1923082Z  [32m✓[39m tests/virtual-layout.test.ts [2m([22m[2m4 tests[22m[2m)[22m[33m 407[2mms[22m[39m
2026-10-07T22:29:52.1925001Z    [32m✓[39m virtual block layout [2m(4)[22m
2026-10-07T22:29:52.1926024Z      [33m[2m✓[22m[39m plans a small visible window plus distant selection islands[33m 401[2mms[22m[39m
2026-10-07T22:29:52.9245641Z  [32m✓[39m tests/react-ai-conversation.test.tsx [2m([22m[2m1 test[22m[2m)[22m[32m 94[2mms[22m[39m
2026-10-07T22:29:53.1478836Z  [32m✓[39m tests/view-native-selection.test.ts [2m([22m[2m4 tests[22m[2m)[22m[32m 181[2mms[22m[39m
2026-10-07T22:29:53.3481718Z  [32m✓[39m tests/html-comment-workshop.test.tsx [2m([22m[2m1 test[22m[2m)[22m[32m 256[2mms[22m[39m
2026-10-07T22:29:53.4362509Z  [32m✓[39m tests/extension-scaffold.test.ts [2m([22m[2m2 tests[22m[2m)[22m[32m 166[2mms[22m[39m
2026-10-07T22:29:53.5864388Z  [32m✓[39m tests/markdown-literal-export.test.ts [2m([22m[2m15 tests[22m[2m)[22m[32m 20[2mms[22m[39m
2026-10-07T22:29:53.7259338Z  [32m✓[39m tests/widgets-yjs.test.ts [2m([22m[2m1 test[22m[2m)[22m[32m 23[2mms[22m[39m
2026-10-07T22:29:53.9543380Z  [32m✓[39m tests/html-comments-browser.test.ts [2m([22m[2m7 tests[22m[2m)[22m[32m 180[2mms[22m[39m
2026-10-07T22:29:53.9550781Z  [32m✓[39m tests/math-document-files.test.ts [2m([22m[2m9 tests[22m[2m)[22m[32m 16[2mms[22m[39m
2026-10-07T22:29:54.2604268Z  [32m✓[39m tests/node-ids-yjs.test.ts [2m([22m[2m1 test[22m[2m)[22m[32m 38[2mms[22m[39m
2026-10-07T22:29:54.4777544Z  [32m✓[39m tests/react-ai-generated-media.test.tsx [2m([22m[2m1 test[22m[2m)[22m[32m 70[2mms[22m[39m
2026-10-07T22:29:54.5221399Z  [32m✓[39m tests/math-expression.test.ts [2m([22m[2m16 tests[22m[2m)[22m[32m 10[2mms[22m[39m
2026-10-07T22:29:54.8071855Z  [32m✓[39m tests/markdown-code-labels.test.ts [2m([22m[2m20 tests[22m[2m)[22m[32m 43[2mms[22m[39m
2026-10-07T22:29:54.8405434Z [90mstderr[2m | tests/react-tracked-changes.test.tsx[2m > [22m[2mFountainTrackedChanges[2m > [22m[2mshows full review information and drives selection, discussion, and decisions
2026-10-07T22:29:54.8422473Z [22m[39mThe current testing environment is not configured to support act(...)
2026-10-07T22:29:54.8453505Z 
2026-10-07T22:29:54.8824386Z [90mstderr[2m | tests/react-tracked-changes.test.tsx[2m > [22m[2mFountainTrackedChanges[2m > [22m[2mshows full review information and drives selection, discussion, and decisions
2026-10-07T22:29:54.8850584Z [22m[39mThe current testing environment is not configured to support act(...)
2026-10-07T22:29:54.8880025Z 
2026-10-07T22:29:54.8911346Z [90mstderr[2m | tests/react-tracked-changes.test.tsx[2m > [22m[2mFountainTrackedChanges[2m > [22m[2mshows full review information and drives selection, discussion, and decisions
2026-10-07T22:29:54.8930029Z [22m[39mThe current testing environment is not configured to support act(...)
2026-10-07T22:29:54.8932272Z 
2026-10-07T22:29:54.8933554Z [90mstderr[2m | tests/react-tracked-changes.test.tsx[2m > [22m[2mFountainTrackedChanges[2m > [22m[2mshows full review information and drives selection, discussion, and decisions
2026-10-07T22:29:54.8934683Z [22m[39mThe current testing environment is not configured to support act(...)
2026-10-07T22:29:54.8935302Z 
2026-10-07T22:29:54.8979256Z [90mstderr[2m | tests/react-tracked-changes.test.tsx[2m > [22m[2mFountainTrackedChanges[2m > [22m[2mshows full review information and drives selection, discussion, and decisions
2026-10-07T22:29:54.8980414Z [22m[39mThe current testing environment is not configured to support act(...)
2026-10-07T22:29:54.8981036Z The current testing environment is not configured to support act(...)
2026-10-07T22:29:54.8981290Z 
2026-10-07T22:29:54.8982040Z [90mstderr[2m | tests/react-tracked-changes.test.tsx[2m > [22m[2mFountainTrackedChanges[2m > [22m[2mshows full review information and drives selection, discussion, and decisions
2026-10-07T22:29:54.8982842Z [22m[39mThe current testing environment is not configured to support act(...)
2026-10-07T22:29:54.8983067Z 
2026-10-07T22:29:54.8997498Z [90mstderr[2m | tests/react-tracked-changes.test.tsx[2m > [22m[2mFountainTrackedChanges[2m > [22m[2mshows full review information and drives selection, discussion, and decisions
2026-10-07T22:29:54.9000265Z [22m[39mThe current testing environment is not configured to support act(...)
2026-10-07T22:29:54.9000817Z 
2026-10-07T22:29:54.9010201Z  [32m✓[39m tests/react-tracked-changes.test.tsx [2m([22m[2m1 test[22m[2m)[22m[32m 79[2mms[22m[39m
2026-10-07T22:29:55.0855531Z  [32m✓[39m tests/issue-markdown-tables.test.ts [2m([22m[2m8 tests[22m[2m)[22m[32m 42[2mms[22m[39m
2026-10-07T22:29:55.1566261Z  [32m✓[39m tests/text-style-node.test.ts [2m([22m[2m2 tests[22m[2m)[22m[32m 14[2mms[22m[39m
2026-10-07T22:29:55.2996876Z  [32m✓[39m tests/text-boundary-mapping.test.ts [2m([22m[2m6 tests[22m[2m)[22m[32m 7[2mms[22m[39m
2026-10-07T22:29:55.3466229Z [90mstderr[2m | tests/react-ai-review.test.tsx[2m > [22m[2mFountainAIReview streaming UI[2m > [22m[2mshows partial output and a stop action, then enables review only after completion
2026-10-07T22:29:55.3467512Z [22m[39mAn update to FountainAIReview inside a test was not wrapped in act(...).
2026-10-07T22:29:55.3467846Z 
2026-10-07T22:29:55.3468164Z When testing, code that causes React state updates should be wrapped into act(...):
2026-10-07T22:29:55.3468500Z 
2026-10-07T22:29:55.3468608Z act(() => {
2026-10-07T22:29:55.3468871Z   /* fire events that update state */
2026-10-07T22:29:55.3469201Z });
2026-10-07T22:29:55.3470125Z /* assert on the output */
2026-10-07T22:29:55.3470323Z 
2026-10-07T22:29:55.3470909Z This ensures that you're testing the behavior the user would see in the browser. Learn more at https://react.dev/link/wrap-tests-with-act
2026-10-07T22:29:55.3471694Z An update to FountainAIReview inside a test was not wrapped in act(...).
2026-10-07T22:29:55.3471995Z 
2026-10-07T22:29:55.3472353Z When testing, code that causes React state updates should be wrapped into act(...):
2026-10-07T22:29:55.3472671Z 
2026-10-07T22:29:55.3472773Z act(() => {
2026-10-07T22:29:55.3473026Z   /* fire events that update state */
2026-10-07T22:29:55.3473293Z });
2026-10-07T22:29:55.3473516Z /* assert on the output */
2026-10-07T22:29:55.3473681Z 
2026-10-07T22:29:55.3474233Z This ensures that you're testing the behavior the user would see in the browser. Learn more at https://react.dev/link/wrap-tests-with-act
2026-10-07T22:29:55.3474721Z 
2026-10-07T22:29:55.3691029Z  [32m✓[39m tests/react-ai-review.test.tsx [2m([22m[2m1 test[22m[2m)[22m[32m 71[2mms[22m[39m
2026-10-07T22:29:55.6470957Z  [32m✓[39m tests/html-inherited-alignment-node.test.ts [2m([22m[2m2 tests[22m[2m)[22m[32m 19[2mms[22m[39m
2026-10-07T22:29:56.1855082Z  [32m✓[39m tests/html-code-language.test.ts [2m([22m[2m13 tests[22m[2m)[22m[32m 108[2mms[22m[39m
2026-10-07T22:29:56.3456006Z  [32m✓[39m tests/html-containers-browser.test.ts [2m([22m[2m6 tests[22m[2m)[22m[32m 102[2mms[22m[39m
2026-10-07T22:29:56.4773412Z  [32m✓[39m tests/stable-document-guard.test.ts [2m([22m[2m4 tests[22m[2m)[22m[32m 5[2mms[22m[39m
2026-10-07T22:29:56.5331839Z  [32m✓[39m tests/html-page-settings-browser.test.ts [2m([22m[2m6 tests[22m[2m)[22m[32m 98[2mms[22m[39m
2026-10-07T22:29:56.7738802Z  [32m✓[39m tests/markdown-url-destinations.test.ts [2m([22m[2m3 tests[22m[2m)[22m[32m 70[2mms[22m[39m
2026-10-07T22:29:56.9091536Z  [32m✓[39m tests/svelte-ssr.test.ts [2m([22m[2m1 test[22m[2m)[22m[32m 45[2mms[22m[39m
2026-10-07T22:29:57.1046660Z  [32m✓[39m tests/emoji-data.test.ts [2m([22m[2m2 tests[22m[2m)[22m[32m 8[2mms[22m[39m
2026-10-07T22:29:57.2751996Z  [32m✓[39m tests/vue-ssr.test.ts [2m([22m[2m1 test[22m[2m)[22m[32m 9[2mms[22m[39m
2026-10-07T22:29:57.2850009Z [90mstdout[2m | tests/angular-ssr.test.ts[2m > [22m[2mkeeps the Angular editor inert during real Angular server rendering
2026-10-07T22:29:57.2850826Z [22m[39mAngular is running in development mode.
2026-10-07T22:29:57.2851203Z 
2026-10-07T22:29:57.2931091Z  [32m✓[39m tests/angular-ssr.test.ts [2m([22m[2m1 test[22m[2m)[22m[32m 45[2mms[22m[39m
2026-10-07T22:29:57.3497672Z  [32m✓[39m examples/extensions/callout-extension.test.ts [2m([22m[2m1 test[22m[2m)[22m[32m 11[2mms[22m[39m
2026-10-07T22:29:57.3550193Z 
2026-10-07T22:29:57.3557113Z [2m Test Files [22m [1m[32m207 passed[39m[22m[90m (207)[39m
2026-10-07T22:29:57.3569557Z [2m      Tests [22m [1m[32m2724 passed[39m[22m[90m (2724)[39m
2026-10-07T22:29:57.3569985Z [2m   Start at [22m 22:29:10
2026-10-07T22:29:57.3574362Z [2m   Duration [22m 47.25s[2m (environment 39%, tests 28%, import 24%, transform 8%, worker 1%)[22m
2026-10-07T22:29:57.3586614Z 
2026-10-07T22:29:57.3587292Z [2m    Isolate [22m [33m207 workers spawned[39m[2m · ~322ms startup each (spawn + environment, per file)[22m
2026-10-07T22:29:57.3588263Z [2m            [22m [2mat least ~21.87s faster with [22m[33misolate: false[39m[2m — reuses workers across files instead of one per file[22m
2026-10-07T22:29:57.3588589Z 
2026-10-07T22:29:57.4065756Z ##[group]Run pnpm dlx publint@0.3.24
2026-10-07T22:29:57.4066026Z [36;1mpnpm dlx publint@0.3.24[0m
2026-10-07T22:29:57.4099559Z shell: /usr/bin/bash -e {0}
2026-10-07T22:29:57.4099786Z env:
2026-10-07T22:29:57.4099998Z   PNPM_HOME: /home/runner/setup-pnpm/node_modules/.bin
2026-10-07T22:29:57.4100276Z   pythonLocation: /opt/hostedtoolcache/Python/3.13.16/x64
2026-10-07T22:29:57.4100580Z   PKG_CONFIG_PATH: /opt/hostedtoolcache/Python/3.13.16/x64/lib/pkgconfig
2026-10-07T22:29:57.4100874Z   Python_ROOT_DIR: /opt/hostedtoolcache/Python/3.13.16/x64
2026-10-07T22:29:57.4101312Z   Python2_ROOT_DIR: /opt/hostedtoolcache/Python/3.13.16/x64
2026-10-07T22:29:57.4101695Z   Python3_ROOT_DIR: /opt/hostedtoolcache/Python/3.13.16/x64
2026-10-07T22:29:57.4101976Z   LD_LIBRARY_PATH: /opt/hostedtoolcache/Python/3.13.16/x64/lib
2026-10-07T22:29:57.4102232Z ##[endgroup]
2026-10-07T22:29:57.8472409Z Progress: resolved 1, reused 0, downloaded 0, added 0
2026-10-07T22:29:57.9697307Z Packages: +7
2026-10-07T22:29:57.9697650Z +++++++
2026-10-07T22:29:58.0158938Z Progress: resolved 7, reused 3, downloaded 4, added 7, done
2026-10-07T22:29:58.0859252Z Running [1mpublint v0.3.24[22m for [1mfountainjs-editor[22m...
2026-10-07T22:29:58.0883401Z Packing files with `pnpm pack`...
2026-10-07T22:29:59.0873645Z Linting...
2026-10-07T22:29:59.1757868Z [1m[32mAll good![39m[22m
2026-10-07T22:29:59.2070664Z ##[group]Run pnpm dlx @arethetypeswrong/cli@0.18.5 --pack . --entrypoints . ./core ./ai/document-tools ./ai/conversation ./ai/generated-media ./docx ./document-utilities ./emoji-data ./react ./vue ./svelte ./yjs ./comments ./react/comments ./tracked-changes ./react/tracked-changes ./versions ./react/versions ./details ./ruby ./text-style ./testing ./migrations ./node-ids ./structured-attributes ./html/server ./widgets ./widgets/dom ./react/widgets ./pages ./pages/dom ./pages/preview
2026-10-07T22:29:59.2072809Z [36;1mpnpm dlx @arethetypeswrong/cli@0.18.5 --pack . --entrypoints . ./core ./ai/document-tools ./ai/conversation ./ai/generated-media ./docx ./document-utilities ./emoji-data ./react ./vue ./svelte ./yjs ./comments ./react/comments ./tracked-changes ./react/tracked-changes ./versions ./react/versions ./details ./ruby ./text-style ./testing ./migrations ./node-ids ./structured-attributes ./html/server ./widgets ./widgets/dom ./react/widgets ./pages ./pages/dom ./pages/preview[0m
2026-10-07T22:29:59.2108089Z shell: /usr/bin/bash -e {0}
2026-10-07T22:29:59.2108313Z env:
2026-10-07T22:29:59.2108519Z   PNPM_HOME: /home/runner/setup-pnpm/node_modules/.bin
2026-10-07T22:29:59.2108797Z   pythonLocation: /opt/hostedtoolcache/Python/3.13.16/x64
2026-10-07T22:29:59.2109108Z   PKG_CONFIG_PATH: /opt/hostedtoolcache/Python/3.13.16/x64/lib/pkgconfig
2026-10-07T22:29:59.2109584Z   Python_ROOT_DIR: /opt/hostedtoolcache/Python/3.13.16/x64
2026-10-07T22:29:59.2109899Z   Python2_ROOT_DIR: /opt/hostedtoolcache/Python/3.13.16/x64
2026-10-07T22:29:59.2110179Z   Python3_ROOT_DIR: /opt/hostedtoolcache/Python/3.13.16/x64
2026-10-07T22:29:59.2110465Z   LD_LIBRARY_PATH: /opt/hostedtoolcache/Python/3.13.16/x64/lib
2026-10-07T22:29:59.2110700Z ##[endgroup]
2026-10-07T22:29:59.7035520Z Progress: resolved 1, reused 0, downloaded 0, added 0
2026-10-07T22:30:00.4854380Z Packages: +56
2026-10-07T22:30:00.4854964Z ++++++++++++++++++++++++++++++++++++++++++++++++++++++++
2026-10-07T22:30:00.5087543Z Progress: resolved 56, reused 5, downloaded 51, added 56, done
2026-10-07T22:30:07.4819254Z 
2026-10-07T22:30:07.5084069Z fountainjs-editor v0.4.0-beta.2
2026-10-07T22:30:07.5084391Z 
2026-10-07T22:30:07.5084494Z Build tools:
2026-10-07T22:30:07.5084709Z - typescript@^7.0.2
2026-10-07T22:30:07.5084948Z - vite@^8.2.2
2026-10-07T22:30:07.5085053Z 
2026-10-07T22:30:07.5085451Z  No problems found 🌟
2026-10-07T22:30:07.5085577Z 
2026-10-07T22:30:07.5085585Z 
2026-10-07T22:30:07.5086428Z ┌───────────────────────────────────────────┬────────┬───────────────────┬───────────────────┬─────────┐
2026-10-07T22:30:07.5087033Z │                                           │ node10 │ node16 (from CJS) │ node16 (from ESM) │ bundler │
2026-10-07T22:30:07.5087636Z ├───────────────────────────────────────────┼────────┼───────────────────┼───────────────────┼─────────┤
2026-10-07T22:30:07.5088250Z │ "fountainjs-editor"                       │ 🟢     │ 🟢 (CJS)          │ 🟢 (ESM)          │ 🟢      │
2026-10-07T22:30:07.5089118Z ├───────────────────────────────────────────┼────────┼───────────────────┼───────────────────┼─────────┤
2026-10-07T22:30:07.5089933Z │ "fountainjs-editor/core"                  │ 🟢     │ 🟢 (CJS)          │ 🟢 (ESM)          │ 🟢      │
2026-10-07T22:30:07.5090683Z ├───────────────────────────────────────────┼────────┼───────────────────┼───────────────────┼─────────┤
2026-10-07T22:30:07.5091317Z │ "fountainjs-editor/ai/document-tools"     │ 🟢     │ 🟢 (CJS)          │ 🟢 (ESM)          │ 🟢      │
2026-10-07T22:30:07.5092105Z ├───────────────────────────────────────────┼────────┼───────────────────┼───────────────────┼─────────┤
2026-10-07T22:30:07.5092793Z │ "fountainjs-editor/ai/conversation"       │ 🟢     │ 🟢 (CJS)          │ 🟢 (ESM)          │ 🟢      │
2026-10-07T22:30:07.5093430Z ├───────────────────────────────────────────┼────────┼───────────────────┼───────────────────┼─────────┤
2026-10-07T22:30:07.5094483Z │ "fountainjs-editor/ai/generated-media"    │ 🟢     │ 🟢 (CJS)          │ 🟢 (ESM)          │ 🟢      │
2026-10-07T22:30:07.5095090Z ├───────────────────────────────────────────┼────────┼───────────────────┼───────────────────┼─────────┤
2026-10-07T22:30:07.5095608Z │ "fountainjs-editor/docx"                  │ 🟢     │ 🟢 (CJS)          │ 🟢 (ESM)          │ 🟢      │
2026-10-07T22:30:07.5096151Z ├───────────────────────────────────────────┼────────┼───────────────────┼───────────────────┼─────────┤
2026-10-07T22:30:07.5096714Z │ "fountainjs-editor/document-utilities"    │ 🟢     │ 🟢 (CJS)          │ 🟢 (ESM)          │ 🟢      │
2026-10-07T22:30:07.5097327Z ├───────────────────────────────────────────┼────────┼───────────────────┼───────────────────┼─────────┤
2026-10-07T22:30:07.5097847Z │ "fountainjs-editor/emoji-data"            │ 🟢     │ 🟢 (CJS)          │ 🟢 (ESM)          │ 🟢      │
2026-10-07T22:30:07.5098398Z ├───────────────────────────────────────────┼────────┼───────────────────┼───────────────────┼─────────┤
2026-10-07T22:30:07.5098960Z │ "fountainjs-editor/react"                 │ 🟢     │ 🟢 (CJS)          │ 🟢 (ESM)          │ 🟢      │
2026-10-07T22:30:07.5099685Z ├───────────────────────────────────────────┼────────┼───────────────────┼───────────────────┼─────────┤
2026-10-07T22:30:07.5100365Z │ "fountainjs-editor/vue"                   │ 🟢     │ 🟢 (CJS)          │ 🟢 (ESM)          │ 🟢      │
2026-10-07T22:30:07.5101055Z ├───────────────────────────────────────────┼────────┼───────────────────┼───────────────────┼─────────┤
2026-10-07T22:30:07.5101802Z │ "fountainjs-editor/svelte"                │ 🟢     │ 🟢 (CJS)          │ 🟢 (ESM)          │ 🟢      │
2026-10-07T22:30:07.5102398Z ├───────────────────────────────────────────┼────────┼───────────────────┼───────────────────┼─────────┤
2026-10-07T22:30:07.5102952Z │ "fountainjs-editor/yjs"                   │ 🟢     │ 🟢 (CJS)          │ 🟢 (ESM)          │ 🟢      │
2026-10-07T22:30:07.5103524Z ├───────────────────────────────────────────┼────────┼───────────────────┼───────────────────┼─────────┤
2026-10-07T22:30:07.5104252Z │ "fountainjs-editor/comments"              │ 🟢     │ 🟢 (CJS)          │ 🟢 (ESM)          │ 🟢      │
2026-10-07T22:30:07.5104846Z ├───────────────────────────────────────────┼────────┼───────────────────┼───────────────────┼─────────┤
2026-10-07T22:30:07.5105413Z │ "fountainjs-editor/react/comments"        │ 🟢     │ 🟢 (CJS)          │ 🟢 (ESM)          │ 🟢      │
2026-10-07T22:30:07.5106015Z ├───────────────────────────────────────────┼────────┼───────────────────┼───────────────────┼─────────┤
2026-10-07T22:30:07.5106605Z │ "fountainjs-editor/tracked-changes"       │ 🟢     │ 🟢 (CJS)          │ 🟢 (ESM)          │ 🟢      │
2026-10-07T22:30:07.5107241Z ├───────────────────────────────────────────┼────────┼───────────────────┼───────────────────┼─────────┤
2026-10-07T22:30:07.5107825Z │ "fountainjs-editor/react/tracked-changes" │ 🟢     │ 🟢 (CJS)          │ 🟢 (ESM)          │ 🟢      │
2026-10-07T22:30:07.5108449Z ├───────────────────────────────────────────┼────────┼───────────────────┼───────────────────┼─────────┤
2026-10-07T22:30:07.5109003Z │ "fountainjs-editor/versions"              │ 🟢     │ 🟢 (CJS)          │ 🟢 (ESM)          │ 🟢      │
2026-10-07T22:30:07.5109777Z ├───────────────────────────────────────────┼────────┼───────────────────┼───────────────────┼─────────┤
2026-10-07T22:30:07.5110362Z │ "fountainjs-editor/react/versions"        │ 🟢     │ 🟢 (CJS)          │ 🟢 (ESM)          │ 🟢      │
2026-10-07T22:30:07.5110972Z ├───────────────────────────────────────────┼────────┼───────────────────┼───────────────────┼─────────┤
2026-10-07T22:30:07.5111670Z │ "fountainjs-editor/details"               │ 🟢     │ 🟢 (CJS)          │ 🟢 (ESM)          │ 🟢      │
2026-10-07T22:30:07.5112362Z ├───────────────────────────────────────────┼────────┼───────────────────┼───────────────────┼─────────┤
2026-10-07T22:30:07.5113229Z │ "fountainjs-editor/ruby"                  │ 🟢     │ 🟢 (CJS)          │ 🟢 (ESM)          │ 🟢      │
2026-10-07T22:30:07.5114116Z ├───────────────────────────────────────────┼────────┼───────────────────┼───────────────────┼─────────┤
2026-10-07T22:30:07.5114685Z │ "fountainjs-editor/text-style"            │ 🟢     │ 🟢 (CJS)          │ 🟢 (ESM)          │ 🟢      │
2026-10-07T22:30:07.5115283Z ├───────────────────────────────────────────┼────────┼───────────────────┼───────────────────┼─────────┤
2026-10-07T22:30:07.5115838Z │ "fountainjs-editor/testing"               │ 🟢     │ 🟢 (CJS)          │ 🟢 (ESM)          │ 🟢      │
2026-10-07T22:30:07.5116442Z ├───────────────────────────────────────────┼────────┼───────────────────┼───────────────────┼─────────┤
2026-10-07T22:30:07.5117005Z │ "fountainjs-editor/migrations"            │ 🟢     │ 🟢 (CJS)          │ 🟢 (ESM)          │ 🟢      │
2026-10-07T22:30:07.5117591Z ├───────────────────────────────────────────┼────────┼───────────────────┼───────────────────┼─────────┤
2026-10-07T22:30:07.5118140Z │ "fountainjs-editor/node-ids"              │ 🟢     │ 🟢 (CJS)          │ 🟢 (ESM)          │ 🟢      │
2026-10-07T22:30:07.5118771Z ├───────────────────────────────────────────┼────────┼───────────────────┼───────────────────┼─────────┤
2026-10-07T22:30:07.5119638Z │ "fountainjs-editor/structured-attributes" │ 🟢     │ 🟢 (CJS)          │ 🟢 (ESM)          │ 🟢      │
2026-10-07T22:30:07.5120306Z ├───────────────────────────────────────────┼────────┼───────────────────┼───────────────────┼─────────┤
2026-10-07T22:30:07.5120876Z │ "fountainjs-editor/html/server"           │ 🟢     │ 🟢 (CJS)          │ 🟢 (ESM)          │ 🟢      │
2026-10-07T22:30:07.5121640Z ├───────────────────────────────────────────┼────────┼───────────────────┼───────────────────┼─────────┤
2026-10-07T22:30:07.5122398Z │ "fountainjs-editor/widgets"               │ 🟢     │ 🟢 (CJS)          │ 🟢 (ESM)          │ 🟢      │
2026-10-07T22:30:07.5123056Z ├───────────────────────────────────────────┼────────┼───────────────────┼───────────────────┼─────────┤
2026-10-07T22:30:07.5123702Z │ "fountainjs-editor/widgets/dom"           │ 🟢     │ 🟢 (CJS)          │ 🟢 (ESM)          │ 🟢      │
2026-10-07T22:30:07.5124449Z ├───────────────────────────────────────────┼────────┼───────────────────┼───────────────────┼─────────┤
2026-10-07T22:30:07.5125089Z │ "fountainjs-editor/react/widgets"         │ 🟢     │ 🟢 (CJS)          │ 🟢 (ESM)          │ 🟢      │
2026-10-07T22:30:07.5125940Z ├───────────────────────────────────────────┼────────┼───────────────────┼───────────────────┼─────────┤
2026-10-07T22:30:07.5126686Z │ "fountainjs-editor/pages"                 │ 🟢     │ 🟢 (CJS)          │ 🟢 (ESM)          │ 🟢      │
2026-10-07T22:30:07.5127428Z ├───────────────────────────────────────────┼────────┼───────────────────┼───────────────────┼─────────┤
2026-10-07T22:30:07.5128173Z │ "fountainjs-editor/pages/dom"             │ 🟢     │ 🟢 (CJS)          │ 🟢 (ESM)          │ 🟢      │
2026-10-07T22:30:07.5128911Z ├───────────────────────────────────────────┼────────┼───────────────────┼───────────────────┼─────────┤
2026-10-07T22:30:07.5129786Z │ "fountainjs-editor/pages/preview"         │ 🟢     │ 🟢 (CJS)          │ 🟢 (ESM)          │ 🟢      │
2026-10-07T22:30:07.5130760Z └───────────────────────────────────────────┴────────┴───────────────────┴───────────────────┴─────────┘
2026-10-07T22:30:07.5859386Z ##[group]Run pnpm dlx @arethetypeswrong/cli@0.18.5 --pack . --entrypoints ./angular --profile esm-only
2026-10-07T22:30:07.5860112Z [36;1mpnpm dlx @arethetypeswrong/cli@0.18.5 --pack . --entrypoints ./angular --profile esm-only[0m
2026-10-07T22:30:07.5895085Z shell: /usr/bin/bash -e {0}
2026-10-07T22:30:07.5895307Z env:
2026-10-07T22:30:07.5895507Z   PNPM_HOME: /home/runner/setup-pnpm/node_modules/.bin
2026-10-07T22:30:07.5895791Z   pythonLocation: /opt/hostedtoolcache/Python/3.13.16/x64
2026-10-07T22:30:07.5896094Z   PKG_CONFIG_PATH: /opt/hostedtoolcache/Python/3.13.16/x64/lib/pkgconfig
2026-10-07T22:30:07.5896396Z   Python_ROOT_DIR: /opt/hostedtoolcache/Python/3.13.16/x64
2026-10-07T22:30:07.5896685Z   Python2_ROOT_DIR: /opt/hostedtoolcache/Python/3.13.16/x64
2026-10-07T22:30:07.5896953Z   Python3_ROOT_DIR: /opt/hostedtoolcache/Python/3.13.16/x64
2026-10-07T22:30:07.5897228Z   LD_LIBRARY_PATH: /opt/hostedtoolcache/Python/3.13.16/x64/lib
2026-10-07T22:30:07.5897516Z ##[endgroup]
2026-10-07T22:30:10.4628368Z 
2026-10-07T22:30:10.4799149Z fountainjs-editor v0.4.0-beta.2
2026-10-07T22:30:10.4799712Z 
2026-10-07T22:30:10.4799852Z Build tools:
2026-10-07T22:30:10.4800095Z - typescript@^7.0.2
2026-10-07T22:30:10.4800349Z - vite@^8.2.2
2026-10-07T22:30:10.4800507Z 
2026-10-07T22:30:10.4800658Z  (ignoring resolutions: 'node10', 'node16-cjs')
2026-10-07T22:30:10.4800837Z 
2026-10-07T22:30:10.4802193Z (ignored per resolution) ⚠️ A require call resolved to an ESM JavaScript file, which is an error in Node and some bundlers. CommonJS consumers will need to use a dynamic import. https://github.com/arethetypeswrong/arethetypeswrong.github.io/blob/main/docs/problems/CJSResolvesToESM.md
2026-10-07T22:30:10.4803147Z 
2026-10-07T22:30:10.4803154Z 
2026-10-07T22:30:10.4803464Z ┌───────────────────┬────────────────────────────────────────┐
2026-10-07T22:30:10.4803921Z │                   │ "fountainjs-editor/angular"            │
2026-10-07T22:30:10.4804415Z ├───────────────────┼────────────────────────────────────────┤
2026-10-07T22:30:10.4804912Z │ node16 (from ESM) │ 🟢 (ESM)                               │
2026-10-07T22:30:10.4805389Z ├───────────────────┼────────────────────────────────────────┤
2026-10-07T22:30:10.4805831Z │ bundler           │ 🟢                                     │
2026-10-07T22:30:10.4806313Z ├───────────────────┼────────────────────────────────────────┤
2026-10-07T22:30:10.4806769Z │ node10            │ (ignored) 🟢                           │
2026-10-07T22:30:10.4807225Z ├───────────────────┼────────────────────────────────────────┤
2026-10-07T22:30:10.4807686Z │ node16 (from CJS) │ (ignored) ⚠️ ESM (dynamic import only) │
2026-10-07T22:30:10.4808237Z └───────────────────┴────────────────────────────────────────┘
2026-10-07T22:30:10.5119118Z ##[group]Run pnpm exec vite build --base /fountainjs/
2026-10-07T22:30:10.5119611Z [36;1mpnpm exec vite build --base /fountainjs/[0m
2026-10-07T22:30:10.5155872Z shell: /usr/bin/bash -e {0}
2026-10-07T22:30:10.5156120Z env:
2026-10-07T22:30:10.5156350Z   PNPM_HOME: /home/runner/setup-pnpm/node_modules/.bin
2026-10-07T22:30:10.5156669Z   pythonLocation: /opt/hostedtoolcache/Python/3.13.16/x64
2026-10-07T22:30:10.5157020Z   PKG_CONFIG_PATH: /opt/hostedtoolcache/Python/3.13.16/x64/lib/pkgconfig
2026-10-07T22:30:10.5157531Z   Python_ROOT_DIR: /opt/hostedtoolcache/Python/3.13.16/x64
2026-10-07T22:30:10.5157858Z   Python2_ROOT_DIR: /opt/hostedtoolcache/Python/3.13.16/x64
2026-10-07T22:30:10.5158166Z   Python3_ROOT_DIR: /opt/hostedtoolcache/Python/3.13.16/x64
2026-10-07T22:30:10.5158473Z   LD_LIBRARY_PATH: /opt/hostedtoolcache/Python/3.13.16/x64/lib
2026-10-07T22:30:10.5158746Z ##[endgroup]
2026-10-07T22:30:11.5772688Z [36mvite v8.2.2 [32mbuilding client environment for production...[36m[39m
2026-10-07T22:30:11.5872747Z transforming...
2026-10-07T22:30:12.3862057Z ✓ 769 modules transformed.
2026-10-07T22:30:12.5168756Z rendering chunks...
2026-10-07T22:30:12.6658563Z computing gzip size...
2026-10-07T22:30:12.6928562Z examples/react-app/dist/workflows.html                                       0.75 kB │ gzip:   0.42 kB
2026-10-07T22:30:12.6929188Z examples/react-app/dist/developers.html                                      0.80 kB │ gzip:   0.42 kB
2026-10-07T22:30:12.6929873Z examples/react-app/dist/demos.html                                           0.98 kB │ gzip:   0.46 kB
2026-10-07T22:30:12.6930494Z examples/react-app/dist/task-workflow.html                                   1.01 kB │ gzip:   0.46 kB
2026-10-07T22:30:12.6931027Z examples/react-app/dist/issue-editor.html                                    1.14 kB │ gzip:   0.47 kB
2026-10-07T22:30:12.6931545Z examples/react-app/dist/math-renderer.html                                   1.21 kB │ gzip:   0.48 kB
2026-10-07T22:30:12.6932060Z examples/react-app/dist/index.html                                           1.27 kB │ gzip:   0.52 kB
2026-10-07T22:30:12.6932588Z examples/react-app/dist/math-references.html                                 1.36 kB │ gzip:   0.53 kB
2026-10-07T22:30:12.6933124Z examples/react-app/dist/demos/vue-runbook.html                               1.57 kB │ gzip:   0.51 kB
2026-10-07T22:30:12.6933677Z examples/react-app/dist/demos/svelte-report.html                             1.57 kB │ gzip:   0.51 kB
2026-10-07T22:30:12.6934224Z examples/react-app/dist/demos/angular-media.html                             1.57 kB │ gzip:   0.51 kB
2026-10-07T22:30:12.6934763Z examples/react-app/dist/demos/react-article.html                             1.58 kB │ gzip:   0.51 kB
2026-10-07T22:30:12.6935319Z examples/react-app/dist/demos/python-content-api.html                        1.58 kB │ gzip:   0.51 kB
2026-10-07T22:30:12.6935888Z examples/react-app/dist/demos/go-docs-service.html                           1.59 kB │ gzip:   0.51 kB
2026-10-07T22:30:12.6936490Z examples/react-app/dist/demos/node-markdown.html                             1.59 kB │ gzip:   0.51 kB
2026-10-07T22:30:12.6937119Z examples/react-app/dist/demos/web-component-cms.html                         1.59 kB │ gzip:   0.52 kB
2026-10-07T22:30:12.6937787Z examples/react-app/dist/demos/plain-dom-notes.html                           1.59 kB │ gzip:   0.52 kB
2026-10-07T22:30:12.6938352Z examples/react-app/dist/demos/java-approval-workflow.html                    1.59 kB │ gzip:   0.51 kB
2026-10-07T22:30:12.6938921Z examples/react-app/dist/conversion-lab.html                                  1.96 kB │ gzip:   0.73 kB
2026-10-07T22:30:12.6939387Z examples/react-app/dist/assets/KaTeX_Size3-Regular-CTq5MqoE.woff             4.42 kB
2026-10-07T22:30:12.6939942Z examples/react-app/dist/assets/KaTeX_Size4-Regular-Dl5lxZxV.woff2            4.92 kB
2026-10-07T22:30:12.6940398Z examples/react-app/dist/assets/KaTeX_Size2-Regular-Dy4dx90m.woff2            5.20 kB
2026-10-07T22:30:12.6941102Z examples/react-app/dist/assets/KaTeX_Size1-Regular-mCD8mA8B.woff2            5.46 kB
2026-10-07T22:30:12.6941564Z examples/react-app/dist/assets/KaTeX_Size4-Regular-BF-4gkZK.woff             5.98 kB
2026-10-07T22:30:12.6942089Z examples/react-app/dist/assets/KaTeX_Size2-Regular-oD1tc_U0.woff             6.18 kB
2026-10-07T22:30:12.6942591Z examples/react-app/dist/assets/KaTeX_Size1-Regular-C195tn64.woff             6.49 kB
2026-10-07T22:30:12.6943044Z examples/react-app/dist/assets/KaTeX_Caligraphic-Regular-Di6jR-x-.woff2      6.90 kB
2026-10-07T22:30:12.6943593Z examples/react-app/dist/assets/KaTeX_Caligraphic-Bold-Dq_IR9rO.woff2         6.91 kB
2026-10-07T22:30:12.6944018Z examples/react-app/dist/assets/KaTeX_Size3-Regular-DgpXs0kz.ttf              7.58 kB
2026-10-07T22:30:12.6944463Z examples/react-app/dist/assets/KaTeX_Caligraphic-Regular-CTRA-rTL.woff       7.65 kB
2026-10-07T22:30:12.6944904Z examples/react-app/dist/assets/KaTeX_Caligraphic-Bold-BEiXGLvX.woff          7.71 kB
2026-10-07T22:30:12.6945349Z examples/react-app/dist/assets/KaTeX_Script-Regular-D3wIWfF6.woff2           9.64 kB
2026-10-07T22:30:12.6945800Z examples/react-app/dist/assets/KaTeX_SansSerif-Regular-DDBCnlJ7.woff2       10.34 kB
2026-10-07T22:30:12.6946229Z examples/react-app/dist/assets/KaTeX_Size4-Regular-DWFBv043.ttf             10.36 kB
2026-10-07T22:30:12.6946652Z examples/react-app/dist/assets/KaTeX_Script-Regular-D5yQViql.woff           10.58 kB
2026-10-07T22:30:12.6947099Z examples/react-app/dist/assets/KaTeX_Fraktur-Regular-CTYiF6lA.woff2         11.31 kB
2026-10-07T22:30:12.6947530Z examples/react-app/dist/assets/KaTeX_Fraktur-Bold-CL6g_b3V.woff2            11.34 kB
2026-10-07T22:30:12.6947995Z examples/react-app/dist/assets/KaTeX_Size2-Regular-B7gKUWhC.ttf             11.50 kB
2026-10-07T22:30:12.6948424Z examples/react-app/dist/assets/KaTeX_SansSerif-Italic-C3H0VqGB.woff2        12.02 kB
2026-10-07T22:30:12.6948858Z examples/react-app/dist/assets/KaTeX_SansSerif-Bold-D1sUS0GD.woff2          12.21 kB
2026-10-07T22:30:12.6949300Z examples/react-app/dist/assets/KaTeX_Size1-Regular-Dbsnue_I.ttf             12.22 kB
2026-10-07T22:30:12.6949811Z examples/react-app/dist/assets/KaTeX_SansSerif-Regular-CS6fqUqJ.woff        12.31 kB
2026-10-07T22:30:12.6950262Z examples/react-app/dist/assets/KaTeX_Caligraphic-Regular-wX97UBjC.ttf       12.34 kB
2026-10-07T22:30:12.6950697Z examples/react-app/dist/assets/KaTeX_Caligraphic-Bold-ATXxdsX0.ttf          12.36 kB
2026-10-07T22:30:12.6951122Z examples/react-app/dist/assets/KaTeX_Fraktur-Regular-Dxdc4cR9.woff          13.20 kB
2026-10-07T22:30:12.6951564Z examples/react-app/dist/assets/KaTeX_Fraktur-Bold-BsDP51OF.woff             13.29 kB
2026-10-07T22:30:12.6953253Z examples/react-app/dist/assets/KaTeX_Typewriter-Regular-CO6r4hn1.woff2      13.56 kB
2026-10-07T22:30:12.6953829Z examples/react-app/dist/assets/KaTeX_SansSerif-Italic-DN2j7dab.woff         14.11 kB
2026-10-07T22:30:12.6954385Z examples/react-app/dist/assets/KaTeX_SansSerif-Bold-DbIhKOiC.woff           14.40 kB
2026-10-07T22:30:12.6954912Z examples/react-app/dist/assets/KaTeX_Typewriter-Regular-C0xS9mPB.woff       16.02 kB
2026-10-07T22:30:12.6955449Z examples/react-app/dist/assets/KaTeX_Math-BoldItalic-CZnvNsCZ.woff2         16.40 kB
2026-10-07T22:30:12.6955980Z examples/react-app/dist/assets/KaTeX_Math-Italic-t53AETM-.woff2             16.44 kB
2026-10-07T22:30:12.6956534Z examples/react-app/dist/assets/KaTeX_Script-Regular-C5JkGWo-.ttf            16.64 kB
2026-10-07T22:30:12.6957065Z examples/react-app/dist/assets/KaTeX_Main-BoldItalic-DxDJ3AOS.woff2         16.78 kB
2026-10-07T22:30:12.6957615Z examples/react-app/dist/assets/KaTeX_Main-Italic-NWA7e6Wa.woff2             16.98 kB
2026-10-07T22:30:12.6958165Z examples/react-app/dist/assets/KaTeX_Math-BoldItalic-iY-2wyZ7.woff          18.66 kB
2026-10-07T22:30:12.6958720Z examples/react-app/dist/assets/KaTeX_Math-Italic-DA0__PXp.woff              18.74 kB
2026-10-07T22:30:12.6959288Z examples/react-app/dist/assets/KaTeX_Main-BoldItalic-SpSLRI95.woff          19.41 kB
2026-10-07T22:30:12.6960355Z examples/react-app/dist/assets/KaTeX_SansSerif-Regular-BNo7hRIc.ttf         19.43 kB
2026-10-07T22:30:12.6960891Z examples/react-app/dist/assets/KaTeX_Fraktur-Regular-CB_wures.ttf           19.57 kB
2026-10-07T22:30:12.6961488Z examples/react-app/dist/assets/KaTeX_Fraktur-Bold-BdnERNNW.ttf              19.58 kB
2026-10-07T22:30:12.6962174Z examples/react-app/dist/assets/KaTeX_Main-Italic-BMLOBm91.woff              19.67 kB
2026-10-07T22:30:12.6962697Z examples/react-app/dist/assets/KaTeX_SansSerif-Italic-YYjJ1zSn.ttf          22.36 kB
2026-10-07T22:30:12.6963365Z examples/react-app/dist/assets/KaTeX_SansSerif-Bold-CFMepnvq.ttf            24.50 kB
2026-10-07T22:30:12.6963919Z examples/react-app/dist/assets/KaTeX_Main-Bold-Cx986IdX.woff2               25.32 kB
2026-10-07T22:30:12.6964444Z examples/react-app/dist/assets/KaTeX_Main-Regular-B22Nviop.woff2            26.27 kB
2026-10-07T22:30:12.6964970Z examples/react-app/dist/assets/KaTeX_Typewriter-Regular-D3Ib7_Hf.ttf        27.55 kB
2026-10-07T22:30:12.6965501Z examples/react-app/dist/assets/KaTeX_AMS-Regular-BQhdFMY1.woff2             28.07 kB
2026-10-07T22:30:12.6966151Z examples/react-app/dist/assets/KaTeX_Main-Bold-Jm3AIy58.woff                29.91 kB
2026-10-07T22:30:12.6966702Z examples/react-app/dist/assets/KaTeX_Main-Regular-Dr94JaBh.woff             30.77 kB
2026-10-07T22:30:12.6967312Z examples/react-app/dist/assets/KaTeX_Math-BoldItalic-B3XSjfu4.ttf           31.19 kB
2026-10-07T22:30:12.6967869Z examples/react-app/dist/assets/KaTeX_Math-Italic-flOr_0UB.ttf               31.30 kB
2026-10-07T22:30:12.6968423Z examples/react-app/dist/assets/KaTeX_Main-BoldItalic-DzxPMmG6.ttf           32.96 kB
2026-10-07T22:30:12.6968993Z examples/react-app/dist/assets/KaTeX_AMS-Regular-DMm9YOAa.woff              33.51 kB
2026-10-07T22:30:12.6969675Z examples/react-app/dist/assets/KaTeX_Main-Italic-3WenGoN9.ttf               33.58 kB
2026-10-07T22:30:12.6970228Z examples/react-app/dist/assets/KaTeX_Main-Bold-waoOVXN0.ttf                 51.33 kB
2026-10-07T22:30:12.6970757Z examples/react-app/dist/assets/KaTeX_Main-Regular-ypZvNtVU.ttf              53.58 kB
2026-10-07T22:30:12.6971355Z examples/react-app/dist/assets/KaTeX_AMS-Regular-DRggAlZN.ttf               63.63 kB
2026-10-07T22:30:12.6972191Z examples/react-app/dist/assets/mathReferences-DZkUsBC7.css                   1.44 kB │ gzip:   0.49 kB
2026-10-07T22:30:12.6973039Z examples/react-app/dist/assets/math-renderer-Bzeyzs68.css                    1.92 kB │ gzip:   0.78 kB
2026-10-07T22:30:12.6973821Z examples/react-app/dist/assets/issueEditor-BvOhe8Ue.css                      2.93 kB │ gzip:   1.07 kB
2026-10-07T22:30:12.6974621Z examples/react-app/dist/assets/demo-main-C6B5dMq3.css                        3.51 kB │ gzip:   1.14 kB
2026-10-07T22:30:12.6975479Z examples/react-app/dist/assets/conversionLab-D1_ybtx_.css                    4.49 kB │ gzip:   1.42 kB
2026-10-07T22:30:12.6976266Z examples/react-app/dist/assets/workflows-CUVZY_k3.css                        5.28 kB │ gzip:   1.55 kB
2026-10-07T22:30:12.6976959Z examples/react-app/dist/assets/developers-oZ5wSwzo.css                       7.85 kB │ gzip:   2.20 kB
2026-10-07T22:30:12.6977641Z examples/react-app/dist/assets/demos-8OEply4J.css                           20.89 kB │ gzip:   4.69 kB
2026-10-07T22:30:12.6978450Z examples/react-app/dist/assets/src-B23quapa.css                             28.26 kB │ gzip:   6.30 kB
2026-10-07T22:30:12.6979189Z examples/react-app/dist/assets/katex-QAR1SwR3.css                           30.38 kB │ gzip:   7.96 kB
2026-10-07T22:30:12.6980162Z examples/react-app/dist/assets/styles-D9W2rEJG.css                          80.10 kB │ gzip:  12.22 kB
2026-10-07T22:30:12.6980933Z examples/react-app/dist/assets/math-renderer-D9snoi-1.js                     0.95 kB │ gzip:   0.36 kB
2026-10-07T22:30:12.6981750Z examples/react-app/dist/assets/inline-atom-BLfPalX5-m14I4v9U.js              1.31 kB │ gzip:   0.61 kB
2026-10-07T22:30:12.6982714Z examples/react-app/dist/assets/workflows-B0fiELdy.js                         4.50 kB │ gzip:   1.58 kB
2026-10-07T22:30:12.6983398Z examples/react-app/dist/assets/node-ids-1u7Ex9m_.js                          6.12 kB │ gzip:   2.43 kB
2026-10-07T22:30:12.6984446Z examples/react-app/dist/assets/mathRenderer-CWSQKQTY.js                      6.51 kB │ gzip:   2.78 kB
2026-10-07T22:30:12.6985300Z examples/react-app/dist/assets/demos-CuWppJEq.js                             6.93 kB │ gzip:   2.51 kB
2026-10-07T22:30:12.6985967Z examples/react-app/dist/assets/taskWorkflow-BGTnSb3S.js                      7.47 kB │ gzip:   3.00 kB
2026-10-07T22:30:12.6986628Z examples/react-app/dist/assets/issueEditor-C6Vj-FDb.js                      11.05 kB │ gzip:   4.38 kB
2026-10-07T22:30:12.6987173Z examples/react-app/dist/assets/demos-Bs5m_CXW.js                            20.73 kB │ gzip:   7.89 kB
2026-10-07T22:30:12.6987710Z examples/react-app/dist/assets/svelte-report-BFBKoszB.js                    46.00 kB │ gzip:  18.16 kB
2026-10-07T22:30:12.6988271Z examples/react-app/dist/assets/dist-DDKUJU3b.js                             46.27 kB │ gzip:  13.93 kB
2026-10-07T22:30:12.6988814Z examples/react-app/dist/assets/vue-runbook--gvwYErr.js                      59.35 kB │ gzip:  23.63 kB
2026-10-07T22:30:12.6989363Z examples/react-app/dist/assets/conversionLab-DW1C9zYL.js                    59.88 kB │ gzip:  19.71 kB
2026-10-07T22:30:12.6990156Z examples/react-app/dist/assets/demo-main-5xtP078N.js                        91.15 kB │ gzip:  28.14 kB
2026-10-07T22:30:12.6990695Z examples/react-app/dist/assets/react-BAceBMyN.js                            92.32 kB │ gzip:  26.15 kB
2026-10-07T22:30:12.6991243Z examples/react-app/dist/assets/developers--j-vqihE.js                      105.23 kB │ gzip:  29.79 kB
2026-10-07T22:30:12.6991796Z examples/react-app/dist/assets/docx-eWVJ5XHc.js                            151.98 kB │ gzip:  48.41 kB
2026-10-07T22:30:12.6992334Z examples/react-app/dist/assets/SitePageLink-F6rtmo3i.js                    191.26 kB │ gzip:  60.33 kB
2026-10-07T22:30:12.6992889Z examples/react-app/dist/assets/html-server-lz3h4xKr.js                     212.94 kB │ gzip:  54.25 kB
2026-10-07T22:30:12.6993452Z examples/react-app/dist/assets/AmsConfiguration-JWpf23rw.js                243.82 kB │ gzip:  75.29 kB
2026-10-07T22:30:12.6994003Z examples/react-app/dist/assets/katex.min-C7iIJkK6.js                       258.39 kB │ gzip:  77.55 kB
2026-10-07T22:30:12.6994539Z examples/react-app/dist/assets/main-BAjC-jz0.js                            346.21 kB │ gzip:  98.68 kB
2026-10-07T22:30:12.6995073Z examples/react-app/dist/assets/styles-CInXGCQV.js                          419.92 kB │ gzip: 133.95 kB
2026-10-07T22:30:12.6995617Z examples/react-app/dist/assets/campaign-Bv4NQEpr.js                        471.28 kB │ gzip: 153.44 kB
2026-10-07T22:30:12.6996180Z examples/react-app/dist/assets/mathReferences-DkqNwcuY.js                1,613.86 kB │ gzip: 627.30 kB
2026-10-07T22:30:12.6996437Z 
2026-10-07T22:30:12.6996697Z [33m[plugin builtin:vite-reporter] 
2026-10-07T22:30:12.6997053Z (!) Some chunks are larger than 500 kB after minification. Consider:
2026-10-07T22:30:12.6997400Z - Using dynamic import() to code-split the application
2026-10-07T22:30:12.6997980Z - Use build.rolldownOptions.output.codeSplitting to improve chunking: https://rolldown.rs/reference/OutputOptions.codeSplitting
2026-10-07T22:30:12.6998579Z - Adjust chunk size limit for this warning via build.chunkSizeWarningLimit.[39m
2026-10-07T22:30:12.6998917Z [32m✓ built in 1.12s[39m
2026-10-07T22:30:12.7670887Z ##[group]Run pnpm pack --dry-run
2026-10-07T22:30:12.7671143Z [36;1mpnpm pack --dry-run[0m
2026-10-07T22:30:12.7704425Z shell: /usr/bin/bash -e {0}
2026-10-07T22:30:12.7704643Z env:
2026-10-07T22:30:12.7704842Z   PNPM_HOME: /home/runner/setup-pnpm/node_modules/.bin
2026-10-07T22:30:12.7705121Z   pythonLocation: /opt/hostedtoolcache/Python/3.13.16/x64
2026-10-07T22:30:12.7705463Z   PKG_CONFIG_PATH: /opt/hostedtoolcache/Python/3.13.16/x64/lib/pkgconfig
2026-10-07T22:30:12.7705766Z   Python_ROOT_DIR: /opt/hostedtoolcache/Python/3.13.16/x64
2026-10-07T22:30:12.7706035Z   Python2_ROOT_DIR: /opt/hostedtoolcache/Python/3.13.16/x64
2026-10-07T22:30:12.7706315Z   Python3_ROOT_DIR: /opt/hostedtoolcache/Python/3.13.16/x64
2026-10-07T22:30:12.7706587Z   LD_LIBRARY_PATH: /opt/hostedtoolcache/Python/3.13.16/x64/lib
2026-10-07T22:30:12.7706823Z ##[endgroup]
2026-10-07T22:30:13.3380135Z package: fountainjs-editor@0.4.0-beta.2
2026-10-07T22:30:13.3380474Z Tarball Contents
2026-10-07T22:30:13.3380743Z api-surface.json
2026-10-07T22:30:13.3381287Z CHANGELOG.md
2026-10-07T22:30:13.3381490Z dist/ai-conversation.cjs
2026-10-07T22:30:13.3381728Z dist/ai-conversation.cjs.map
2026-10-07T22:30:13.3381956Z dist/ai-conversation.js
2026-10-07T22:30:13.3382170Z dist/ai-conversation.js.map
2026-10-07T22:30:13.3382451Z dist/ai-document-tools.cjs
2026-10-07T22:30:13.3382694Z dist/ai-document-tools.cjs.map
2026-10-07T22:30:13.3382992Z dist/ai-document-tools.js
2026-10-07T22:30:13.3383218Z dist/ai-document-tools.js.map
2026-10-07T22:30:13.3383450Z dist/ai-generated-media.cjs
2026-10-07T22:30:13.3383693Z dist/ai-generated-media.cjs.map
2026-10-07T22:30:13.3383919Z dist/ai-generated-media.js
2026-10-07T22:30:13.3384160Z dist/ai-generated-media.js.map
2026-10-07T22:30:13.3384384Z dist/ai/controller.d.cts
2026-10-07T22:30:13.3384590Z dist/ai/controller.d.ts
2026-10-07T22:30:13.3384858Z dist/ai/conversation.d.cts
2026-10-07T22:30:13.3385070Z dist/ai/conversation.d.ts
2026-10-07T22:30:13.3385318Z dist/ai/document-tools.d.cts
2026-10-07T22:30:13.3385575Z dist/ai/document-tools.d.ts
2026-10-07T22:30:13.3385799Z dist/ai/generated-media.d.cts
2026-10-07T22:30:13.3386023Z dist/ai/generated-media.d.ts
2026-10-07T22:30:13.3386235Z dist/ai/index.d.cts
2026-10-07T22:30:13.3386434Z dist/ai/index.d.ts
2026-10-07T22:30:13.3386634Z dist/ai/mcp-adapter.d.cts
2026-10-07T22:30:13.3386840Z dist/ai/mcp-adapter.d.ts
2026-10-07T22:30:13.3387043Z dist/ai/types.d.cts
2026-10-07T22:30:13.3387227Z dist/ai/types.d.ts
2026-10-07T22:30:13.3387412Z dist/angular/index.d.ts
2026-10-07T22:30:13.3387613Z dist/angular/index.js
2026-10-07T22:30:13.3387807Z dist/angular/index.js.map
2026-10-07T22:30:13.3388319Z dist/collaboration-BubriAbK.js
2026-10-07T22:30:13.3388758Z dist/collaboration-BubriAbK.js.map
2026-10-07T22:30:13.3389181Z dist/collaboration-core-6QLxBCsv.cjs
2026-10-07T22:30:13.3389779Z dist/collaboration-core-6QLxBCsv.cjs.map
2026-10-07T22:30:13.3390840Z dist/collaboration-core-B-I53ZbT.js
2026-10-07T22:30:13.3391407Z dist/collaboration-core-B-I53ZbT.js.map
2026-10-07T22:30:13.3391843Z dist/collaboration-DHfWMt2l.cjs
2026-10-07T22:30:13.3392180Z dist/collaboration-DHfWMt2l.cjs.map
2026-10-07T22:30:13.3392521Z dist/command-manager-CSDUCeVE.js
2026-10-07T22:30:13.3392918Z dist/command-manager-CSDUCeVE.js.map
2026-10-07T22:30:13.3393316Z dist/command-manager-DU4ahU5C.cjs
2026-10-07T22:30:13.3393701Z dist/command-manager-DU4ahU5C.cjs.map
2026-10-07T22:30:13.3394060Z dist/commands-BYHInNXB.cjs
2026-10-07T22:30:13.3394389Z dist/commands-BYHInNXB.cjs.map
2026-10-07T22:30:13.3394684Z dist/commands-w_EHMhjo.js
2026-10-07T22:30:13.3394946Z dist/commands-w_EHMhjo.js.map
2026-10-07T22:30:13.3395207Z dist/comments.cjs
2026-10-07T22:30:13.3395443Z dist/comments.cjs.map
2026-10-07T22:30:13.3395674Z dist/comments.js
2026-10-07T22:30:13.3395906Z dist/comments.js.map
2026-10-07T22:30:13.3396234Z dist/comments/index.d.cts
2026-10-07T22:30:13.3396600Z dist/comments/index.d.ts
2026-10-07T22:30:13.3396989Z dist/content-expression-CuobUc-r.js
2026-10-07T22:30:13.3397873Z dist/content-expression-CuobUc-r.js.map
2026-10-07T22:30:13.3398367Z dist/content-expression-YXcFdjFU.cjs
2026-10-07T22:30:13.3398800Z dist/content-expression-YXcFdjFU.cjs.map
2026-10-07T22:30:13.3399142Z dist/core.cjs
2026-10-07T22:30:13.3399375Z dist/core.js
2026-10-07T22:30:13.3399831Z dist/core/commands.d.cts
2026-10-07T22:30:13.3400128Z dist/core/commands.d.ts
2026-10-07T22:30:13.3400421Z dist/core/decoration.d.cts
2026-10-07T22:30:13.3400733Z dist/core/decoration.d.ts
2026-10-07T22:30:13.3401039Z dist/core/editor.d.cts
2026-10-07T22:30:13.3401327Z dist/core/editor.d.ts
2026-10-07T22:30:13.3401665Z dist/core/explicit-emphasis.d.cts
2026-10-07T22:30:13.3402042Z dist/core/explicit-emphasis.d.ts
2026-10-07T22:30:13.3402407Z dist/core/exporters/html-exporter.d.cts
2026-10-07T22:30:13.3402794Z dist/core/exporters/html-exporter.d.ts
2026-10-07T22:30:13.3403180Z dist/core/exporters/json-exporter.d.cts
2026-10-07T22:30:13.3403571Z dist/core/exporters/json-exporter.d.ts
2026-10-07T22:30:13.3404017Z dist/core/exporters/markdown-exporter.d.cts
2026-10-07T22:30:13.3404658Z dist/core/exporters/markdown-exporter.d.ts
2026-10-07T22:30:13.3405144Z dist/core/exporters/text-exporter.d.cts
2026-10-07T22:30:13.3405553Z dist/core/exporters/text-exporter.d.ts
2026-10-07T22:30:13.3405945Z dist/core/html-comment.d.cts
2026-10-07T22:30:13.3406297Z dist/core/html-comment.d.ts
2026-10-07T22:30:13.3406645Z dist/core/html-flow.d.cts
2026-10-07T22:30:13.3406999Z dist/core/html-flow.d.ts
2026-10-07T22:30:13.3407334Z dist/core/image-caption.d.cts
2026-10-07T22:30:13.3407719Z dist/core/image-caption.d.ts
2026-10-07T22:30:13.3408092Z dist/core/image.d.cts
2026-10-07T22:30:13.3408420Z dist/core/image.d.ts
2026-10-07T22:30:13.3408836Z dist/core/importers/html-definition-list.d.cts
2026-10-07T22:30:13.3409299Z dist/core/importers/html-definition-list.d.ts
2026-10-07T22:30:13.3409894Z dist/core/importers/html-importer.d.cts
2026-10-07T22:30:13.3410297Z dist/core/importers/html-importer.d.ts
2026-10-07T22:30:13.3410723Z dist/core/importers/html-link-url.d.cts
2026-10-07T22:30:13.3411121Z dist/core/importers/html-link-url.d.ts
2026-10-07T22:30:13.3411518Z dist/core/importers/html-list.d.cts
2026-10-07T22:30:13.3411898Z dist/core/importers/html-list.d.ts
2026-10-07T22:30:13.3412336Z dist/core/importers/html-page-settings.d.cts
2026-10-07T22:30:13.3412763Z dist/core/importers/html-page-settings.d.ts
2026-10-07T22:30:13.3413198Z dist/core/importers/html-table.d.cts
2026-10-07T22:30:13.3413597Z dist/core/importers/html-table.d.ts
2026-10-07T22:30:13.3414022Z dist/core/importers/markdown-importer.d.cts
2026-10-07T22:30:13.3414450Z dist/core/importers/markdown-importer.d.ts
2026-10-07T22:30:13.3414816Z dist/core/index.d.cts
2026-10-07T22:30:13.3415115Z dist/core/index.d.ts
2026-10-07T22:30:13.3415446Z dist/core/link-destination.d.cts
2026-10-07T22:30:13.3415817Z dist/core/link-destination.d.ts
2026-10-07T22:30:13.3416173Z dist/core/markdown-entities.d.cts
2026-10-07T22:30:13.3416550Z dist/core/markdown-entities.d.ts
2026-10-07T22:30:13.3416963Z dist/core/markdown-html.d.cts
2026-10-07T22:30:13.3417303Z dist/core/markdown-html.d.ts
2026-10-07T22:30:13.3417650Z dist/core/markdown-tex.d.cts
2026-10-07T22:30:13.3417947Z dist/core/markdown-tex.d.ts
2026-10-07T22:30:13.3418291Z dist/core/math-expression.d.cts
2026-10-07T22:30:13.3418597Z dist/core/math-expression.d.ts
2026-10-07T22:30:13.3418927Z dist/core/page-settings.d.cts
2026-10-07T22:30:13.3419261Z dist/core/page-settings.d.ts
2026-10-07T22:30:13.3419741Z dist/core/paragraph-layout.d.cts
2026-10-07T22:30:13.3420101Z dist/core/paragraph-layout.d.ts
2026-10-07T22:30:13.3420443Z dist/core/platform.d.cts
2026-10-07T22:30:13.3420752Z dist/core/platform.d.ts
2026-10-07T22:30:13.3421056Z dist/core/plugin.d.cts
2026-10-07T22:30:13.3421343Z dist/core/plugin.d.ts
2026-10-07T22:30:13.3421698Z dist/core/schema/content-expression.d.cts
2026-10-07T22:30:13.3422097Z dist/core/schema/content-expression.d.ts
2026-10-07T22:30:13.3422414Z dist/core/schema/index.d.cts
2026-10-07T22:30:13.3422749Z dist/core/schema/index.d.ts
2026-10-07T22:30:13.3423304Z dist/core/schema/mark-spec.d.cts
2026-10-07T22:30:13.3423681Z dist/core/schema/mark-spec.d.ts
2026-10-07T22:30:13.3424062Z dist/core/schema/mark.d.cts
2026-10-07T22:30:13.3424373Z dist/core/schema/mark.d.ts
2026-10-07T22:30:13.3424712Z dist/core/schema/node-spec.d.cts
2026-10-07T22:30:13.3425024Z dist/core/schema/node-spec.d.ts
2026-10-07T22:30:13.3425344Z dist/core/schema/node.d.cts
2026-10-07T22:30:13.3425661Z dist/core/schema/node.d.ts
2026-10-07T22:30:13.3425976Z dist/core/schema/schema.d.cts
2026-10-07T22:30:13.3426289Z dist/core/schema/schema.d.ts
2026-10-07T22:30:13.3426567Z dist/core/search.d.cts
2026-10-07T22:30:13.3426853Z dist/core/search.d.ts
2026-10-07T22:30:13.3427145Z dist/core/selection.d.cts
2026-10-07T22:30:13.3427451Z dist/core/selection.d.ts
2026-10-07T22:30:13.3427769Z dist/core/state.d.cts
2026-10-07T22:30:13.3428060Z dist/core/state.d.ts
2026-10-07T22:30:13.3428387Z dist/core/structure-commands.d.cts
2026-10-07T22:30:13.3428777Z dist/core/structure-commands.d.ts
2026-10-07T22:30:13.3429161Z dist/core/table-appearance.d.cts
2026-10-07T22:30:13.3429857Z dist/core/table-appearance.d.ts
2026-10-07T22:30:13.3430229Z dist/core/table-background.d.cts
2026-10-07T22:30:13.3430588Z dist/core/table-background.d.ts
2026-10-07T22:30:13.3430967Z dist/core/table-commands.d.cts
2026-10-07T22:30:13.3431301Z dist/core/table-commands.d.ts
2026-10-07T22:30:13.3431640Z dist/core/table-layout.d.cts
2026-10-07T22:30:13.3431968Z dist/core/table-layout.d.ts
2026-10-07T22:30:13.3432301Z dist/core/table-map.d.cts
2026-10-07T22:30:13.3432638Z dist/core/table-map.d.ts
2026-10-07T22:30:13.3432956Z dist/core/table-width.d.cts
2026-10-07T22:30:13.3433279Z dist/core/table-width.d.ts
2026-10-07T22:30:13.3433614Z dist/core/tex-table.d.cts
2026-10-07T22:30:13.3433921Z dist/core/tex-table.d.ts
2026-10-07T22:30:13.3434269Z dist/core/text-direction.d.cts
2026-10-07T22:30:13.3434618Z dist/core/text-direction.d.ts
2026-10-07T22:30:13.3435028Z dist/core/text-replacement-selection.d.cts
2026-10-07T22:30:13.3435476Z dist/core/text-replacement-selection.d.ts
2026-10-07T22:30:13.3435938Z dist/core/transaction/add-mark-step.d.cts
2026-10-07T22:30:13.3436374Z dist/core/transaction/add-mark-step.d.ts
2026-10-07T22:30:13.3436784Z dist/core/transaction/index.d.cts
2026-10-07T22:30:13.3437162Z dist/core/transaction/index.d.ts
2026-10-07T22:30:13.3437564Z dist/core/transaction/insert-text-step.d.cts
2026-10-07T22:30:13.3438006Z dist/core/transaction/insert-text-step.d.ts
2026-10-07T22:30:13.3438415Z dist/core/transaction/mapping.d.cts
2026-10-07T22:30:13.3438803Z dist/core/transaction/mapping.d.ts
2026-10-07T22:30:13.3439232Z dist/core/transaction/mark-range-step.d.cts
2026-10-07T22:30:13.3439803Z dist/core/transaction/mark-range-step.d.ts
2026-10-07T22:30:13.3440218Z dist/core/transaction/path.d.cts
2026-10-07T22:30:13.3440588Z dist/core/transaction/path.d.ts
2026-10-07T22:30:13.3440985Z dist/core/transaction/remove-mark-step.d.cts
2026-10-07T22:30:13.3441600Z dist/core/transaction/remove-mark-step.d.ts
2026-10-07T22:30:13.3442076Z dist/core/transaction/replace-document-step.d.cts
2026-10-07T22:30:13.3442575Z dist/core/transaction/replace-document-step.d.ts
2026-10-07T22:30:13.3443039Z dist/core/transaction/replace-node-step.d.cts
2026-10-07T22:30:13.3443498Z dist/core/transaction/replace-node-step.d.ts
2026-10-07T22:30:13.3443922Z dist/core/transaction/replace-step.d.cts
2026-10-07T22:30:13.3444326Z dist/core/transaction/replace-step.d.ts
2026-10-07T22:30:13.3444794Z dist/core/transaction/replace-text-range-step.d.cts
2026-10-07T22:30:13.3445268Z dist/core/transaction/replace-text-range-step.d.ts
2026-10-07T22:30:13.3445716Z dist/core/transaction/replace-text-step.d.cts
2026-10-07T22:30:13.3446175Z dist/core/transaction/replace-text-step.d.ts
2026-10-07T22:30:13.3446613Z dist/core/transaction/set-node-attrs-step.d.cts
2026-10-07T22:30:13.3447058Z dist/core/transaction/set-node-attrs-step.d.ts
2026-10-07T22:30:13.3447464Z dist/core/transaction/step.d.cts
2026-10-07T22:30:13.3447818Z dist/core/transaction/step.d.ts
2026-10-07T22:30:13.3448372Z dist/core/transaction/transaction.d.cts
2026-10-07T22:30:13.3448789Z dist/core/transaction/transaction.d.ts
2026-10-07T22:30:13.3449169Z dist/core/transaction/transform.d.cts
2026-10-07T22:30:13.3449646Z dist/core/transaction/transform.d.ts
2026-10-07T22:30:13.3450052Z dist/core/unicode-case-fold-data.d.cts
2026-10-07T22:30:13.3450441Z dist/core/unicode-case-fold-data.d.ts
2026-10-07T22:30:13.3450825Z dist/core/unicode-case-fold.d.cts
2026-10-07T22:30:13.3451202Z dist/core/unicode-case-fold.d.ts
2026-10-07T22:30:13.3451527Z dist/core/url.d.cts
2026-10-07T22:30:13.3451809Z dist/core/url.d.ts
2026-10-07T22:30:13.3452103Z dist/decoration-CuT1b7BC.js
2026-10-07T22:30:13.3452467Z dist/decoration-CuT1b7BC.js.map
2026-10-07T22:30:13.3452820Z dist/decoration-jVx4B2Pl.cjs
2026-10-07T22:30:13.3453187Z dist/decoration-jVx4B2Pl.cjs.map
2026-10-07T22:30:13.3453519Z dist/details.cjs
2026-10-07T22:30:13.3453800Z dist/details.cjs.map
2026-10-07T22:30:13.3454064Z dist/details.js
2026-10-07T22:30:13.3454356Z dist/details.js.map
2026-10-07T22:30:13.3454617Z dist/details/index.d.cts
2026-10-07T22:30:13.3455094Z dist/details/index.d.ts
2026-10-07T22:30:13.3455416Z dist/document-utilities.cjs
2026-10-07T22:30:13.3455785Z dist/document-utilities.cjs.map
2026-10-07T22:30:13.3456136Z dist/document-utilities.d.cts
2026-10-07T22:30:13.3456470Z dist/document-utilities.d.ts
2026-10-07T22:30:13.3456844Z dist/document-utilities.js
2026-10-07T22:30:13.3457187Z dist/document-utilities.js.map
2026-10-07T22:30:13.3457509Z dist/docx.cjs
2026-10-07T22:30:13.3457762Z dist/docx.cjs.map
2026-10-07T22:30:13.3458026Z dist/docx.js
2026-10-07T22:30:13.3458290Z dist/docx.js.map
2026-10-07T22:30:13.3458571Z dist/docx/index.d.cts
2026-10-07T22:30:13.3458823Z dist/docx/index.d.ts
2026-10-07T22:30:13.3459167Z dist/docx/math-parser.d.cts
2026-10-07T22:30:13.3459625Z dist/docx/math-parser.d.ts
2026-10-07T22:30:13.3459921Z dist/docx/math.d.cts
2026-10-07T22:30:13.3460201Z dist/docx/math.d.ts
2026-10-07T22:30:13.3460522Z dist/docx/paragraph-style.d.cts
2026-10-07T22:30:13.3460893Z dist/docx/paragraph-style.d.ts
2026-10-07T22:30:13.3461250Z dist/docx/style-cascade.d.cts
2026-10-07T22:30:13.3461580Z dist/docx/style-cascade.d.ts
2026-10-07T22:30:13.3461931Z dist/docx/style-projection.d.cts
2026-10-07T22:30:13.3462301Z dist/docx/style-projection.d.ts
2026-10-07T22:30:13.3462630Z dist/docx/style-reader.d.cts
2026-10-07T22:30:13.3462951Z dist/docx/style-reader.d.ts
2026-10-07T22:30:13.3463306Z dist/docx/table-appearance.d.cts
2026-10-07T22:30:13.3463671Z dist/docx/table-appearance.d.ts
2026-10-07T22:30:13.3463999Z dist/docx/table-style.d.cts
2026-10-07T22:30:13.3464327Z dist/docx/table-style.d.ts
2026-10-07T22:30:13.3464640Z dist/docx/table-text.d.cts
2026-10-07T22:30:13.3464960Z dist/docx/table-text.d.ts
2026-10-07T22:30:13.3465293Z dist/docx/table-width.d.cts
2026-10-07T22:30:13.3465620Z dist/docx/table-width.d.ts
2026-10-07T22:30:13.3465941Z dist/docx/theme-fonts.d.cts
2026-10-07T22:30:13.3466265Z dist/docx/theme-fonts.d.ts
2026-10-07T22:30:13.3466594Z dist/docx/xml-parser.d.cts
2026-10-07T22:30:13.3466917Z dist/docx/xml-parser.d.ts
2026-10-07T22:30:13.3467224Z dist/docx/xml-types.d.cts
2026-10-07T22:30:13.3467535Z dist/docx/xml-types.d.ts
2026-10-07T22:30:13.3467852Z dist/editor-Ce4QfnkJ.cjs
2026-10-07T22:30:13.3468167Z dist/editor-Ce4QfnkJ.cjs.map
2026-10-07T22:30:13.3468491Z dist/editor-CMX7ABLq.js
2026-10-07T22:30:13.3468798Z dist/editor-CMX7ABLq.js.map
2026-10-07T22:30:13.3469082Z dist/emoji-BLc7FfQa.cjs
2026-10-07T22:30:13.3469381Z dist/emoji-BLc7FfQa.cjs.map
2026-10-07T22:30:13.3469835Z dist/emoji-data.cjs
2026-10-07T22:30:13.3470124Z dist/emoji-data.cjs.map
2026-10-07T22:30:13.3470433Z dist/emoji-data.d.cts
2026-10-07T22:30:13.3470735Z dist/emoji-data.d.ts
2026-10-07T22:30:13.3471020Z dist/emoji-data.js
2026-10-07T22:30:13.3471306Z dist/emoji-data.js.map
2026-10-07T22:30:13.3471672Z dist/emoji-zGHF1q7N.js
2026-10-07T22:30:13.3471988Z dist/emoji-zGHF1q7N.js.map
2026-10-07T22:30:13.3472313Z dist/extension-Cfbujo9B.js
2026-10-07T22:30:13.3472823Z dist/extension-Cfbujo9B.js.map
2026-10-07T22:30:13.3473164Z dist/extension-Sb4ErwsF.cjs
2026-10-07T22:30:13.3473510Z dist/extension-Sb4ErwsF.cjs.map
2026-10-07T22:30:13.3473850Z dist/extensions-B5WP4oql.cjs
2026-10-07T22:30:13.3474210Z dist/extensions-B5WP4oql.cjs.map
2026-10-07T22:30:13.3474549Z dist/extensions-jYTJ2yTI.js
2026-10-07T22:30:13.3474921Z dist/extensions-jYTJ2yTI.js.map
2026-10-07T22:30:13.3475308Z dist/extensions/character-count.d.cts
2026-10-07T22:30:13.3475704Z dist/extensions/character-count.d.ts
2026-10-07T22:30:13.3476092Z dist/extensions/clipboard-history.d.cts
2026-10-07T22:30:13.3476522Z dist/extensions/clipboard-history.d.ts
2026-10-07T22:30:13.3476908Z dist/extensions/collaboration-core.d.cts
2026-10-07T22:30:13.3477301Z dist/extensions/collaboration-core.d.ts
2026-10-07T22:30:13.3477718Z dist/extensions/collaboration.d.cts
2026-10-07T22:30:13.3478084Z dist/extensions/collaboration.d.ts
2026-10-07T22:30:13.3478453Z dist/extensions/command-manager.d.cts
2026-10-07T22:30:13.3478848Z dist/extensions/command-manager.d.ts
2026-10-07T22:30:13.3479361Z dist/extensions/emoji.d.cts
2026-10-07T22:30:13.3479860Z dist/extensions/emoji.d.ts
2026-10-07T22:30:13.3480254Z dist/extensions/extension.d.cts
2026-10-07T22:30:13.3480688Z dist/extensions/extension.d.ts
2026-10-07T22:30:13.3481099Z dist/extensions/floating-menu.d.cts
2026-10-07T22:30:13.3481576Z dist/extensions/floating-menu.d.ts
2026-10-07T22:30:13.3481950Z dist/extensions/html-comments.d.cts
2026-10-07T22:30:13.3482278Z dist/extensions/html-comments.d.ts
2026-10-07T22:30:13.3482600Z dist/extensions/html-containers.d.cts
2026-10-07T22:30:13.3482979Z dist/extensions/html-containers.d.ts
2026-10-07T22:30:13.3483320Z dist/extensions/html-flow.d.cts
2026-10-07T22:30:13.3483644Z dist/extensions/html-flow.d.ts
2026-10-07T22:30:13.3483936Z dist/extensions/index.d.cts
2026-10-07T22:30:13.3484180Z dist/extensions/index.d.ts
2026-10-07T22:30:13.3484410Z dist/extensions/inline-atom.d.cts
2026-10-07T22:30:13.3484648Z dist/extensions/inline-atom.d.ts
2026-10-07T22:30:13.3484883Z dist/extensions/lean.d.cts
2026-10-07T22:30:13.3485091Z dist/extensions/lean.d.ts
2026-10-07T22:30:13.3485321Z dist/extensions/link-behavior.d.cts
2026-10-07T22:30:13.3485575Z dist/extensions/link-behavior.d.ts
2026-10-07T22:30:13.3485813Z dist/extensions/marks/code.d.cts
2026-10-07T22:30:13.3486047Z dist/extensions/marks/code.d.ts
2026-10-07T22:30:13.3486281Z dist/extensions/marks/em.d.cts
2026-10-07T22:30:13.3486507Z dist/extensions/marks/em.d.ts
2026-10-07T22:30:13.3486752Z dist/extensions/marks/font-family.d.cts
2026-10-07T22:30:13.3487013Z dist/extensions/marks/font-family.d.ts
2026-10-07T22:30:13.3487274Z dist/extensions/marks/font-size.d.cts
2026-10-07T22:30:13.3487527Z dist/extensions/marks/font-size.d.ts
2026-10-07T22:30:13.3487780Z dist/extensions/marks/highlight.d.cts
2026-10-07T22:30:13.3488047Z dist/extensions/marks/highlight.d.ts
2026-10-07T22:30:13.3488379Z dist/extensions/marks/letter-spacing.d.cts
2026-10-07T22:30:13.3488669Z dist/extensions/marks/letter-spacing.d.ts
2026-10-07T22:30:13.3488952Z dist/extensions/marks/line-height.d.cts
2026-10-07T22:30:13.3489213Z dist/extensions/marks/line-height.d.ts
2026-10-07T22:30:13.3489840Z dist/extensions/marks/link.d.cts
2026-10-07T22:30:13.3490140Z dist/extensions/marks/link.d.ts
2026-10-07T22:30:13.3490383Z dist/extensions/marks/strike.d.cts
2026-10-07T22:30:13.3490637Z dist/extensions/marks/strike.d.ts
2026-10-07T22:30:13.3490892Z dist/extensions/marks/strong.d.cts
2026-10-07T22:30:13.3491137Z dist/extensions/marks/strong.d.ts
2026-10-07T22:30:13.3491383Z dist/extensions/marks/subscript.d.cts
2026-10-07T22:30:13.3491643Z dist/extensions/marks/subscript.d.ts
2026-10-07T22:30:13.3491919Z dist/extensions/marks/superscript.d.cts
2026-10-07T22:30:13.3492179Z dist/extensions/marks/superscript.d.ts
2026-10-07T22:30:13.3492435Z dist/extensions/marks/text-color.d.cts
2026-10-07T22:30:13.3492695Z dist/extensions/marks/text-color.d.ts
2026-10-07T22:30:13.3492950Z dist/extensions/marks/underline.d.cts
2026-10-07T22:30:13.3493369Z dist/extensions/marks/underline.d.ts
2026-10-07T22:30:13.3493611Z dist/extensions/math.d.cts
2026-10-07T22:30:13.3493827Z dist/extensions/math.d.ts
2026-10-07T22:30:13.3494038Z dist/extensions/media.d.cts
2026-10-07T22:30:13.3494254Z dist/extensions/media.d.ts
2026-10-07T22:30:13.3494462Z dist/extensions/mention.d.cts
2026-10-07T22:30:13.3494677Z dist/extensions/mention.d.ts
2026-10-07T22:30:13.3494920Z dist/extensions/nodes/blockquote.d.cts
2026-10-07T22:30:13.3495179Z dist/extensions/nodes/blockquote.d.ts
2026-10-07T22:30:13.3495431Z dist/extensions/nodes/bullet-list.d.cts
2026-10-07T22:30:13.3495686Z dist/extensions/nodes/bullet-list.d.ts
2026-10-07T22:30:13.3495942Z dist/extensions/nodes/code-block.d.cts
2026-10-07T22:30:13.3496187Z dist/extensions/nodes/code-block.d.ts
2026-10-07T22:30:13.3496448Z dist/extensions/nodes/definition-list.d.cts
2026-10-07T22:30:13.3496742Z dist/extensions/nodes/definition-list.d.ts
2026-10-07T22:30:13.3496993Z dist/extensions/nodes/doc.d.cts
2026-10-07T22:30:13.3497221Z dist/extensions/nodes/doc.d.ts
2026-10-07T22:30:13.3497466Z dist/extensions/nodes/figcaption.d.cts
2026-10-07T22:30:13.3497801Z dist/extensions/nodes/figcaption.d.ts
2026-10-07T22:30:13.3498055Z dist/extensions/nodes/hard-break.d.cts
2026-10-07T22:30:13.3498312Z dist/extensions/nodes/hard-break.d.ts
2026-10-07T22:30:13.3498562Z dist/extensions/nodes/heading.d.cts
2026-10-07T22:30:13.3498807Z dist/extensions/nodes/heading.d.ts
2026-10-07T22:30:13.3499072Z dist/extensions/nodes/horizontal-rule.d.cts
2026-10-07T22:30:13.3499361Z dist/extensions/nodes/horizontal-rule.d.ts
2026-10-07T22:30:13.3501463Z dist/extensions/nodes/image-attributes.d.cts
2026-10-07T22:30:13.3501809Z dist/extensions/nodes/image-attributes.d.ts
2026-10-07T22:30:13.3502104Z dist/extensions/nodes/image-node-view.d.cts
2026-10-07T22:30:13.3502387Z dist/extensions/nodes/image-node-view.d.ts
2026-10-07T22:30:13.3502653Z dist/extensions/nodes/image-super.d.cts
2026-10-07T22:30:13.3502930Z dist/extensions/nodes/image-super.d.ts
2026-10-07T22:30:13.3503200Z dist/extensions/nodes/inline-image.d.cts
2026-10-07T22:30:13.3503466Z dist/extensions/nodes/inline-image.d.ts
2026-10-07T22:30:13.3503727Z dist/extensions/nodes/list-item.d.cts
2026-10-07T22:30:13.3503980Z dist/extensions/nodes/list-item.d.ts
2026-10-07T22:30:13.3504235Z dist/extensions/nodes/ordered-list.d.cts
2026-10-07T22:30:13.3504544Z dist/extensions/nodes/ordered-list.d.ts
2026-10-07T22:30:13.3504806Z dist/extensions/nodes/paragraph.d.cts
2026-10-07T22:30:13.3505066Z dist/extensions/nodes/paragraph.d.ts
2026-10-07T22:30:13.3505333Z dist/extensions/nodes/table-cell-view.d.cts
2026-10-07T22:30:13.3505617Z dist/extensions/nodes/table-cell-view.d.ts
2026-10-07T22:30:13.3505884Z dist/extensions/nodes/table-cell.d.cts
2026-10-07T22:30:13.3506139Z dist/extensions/nodes/table-cell.d.ts
2026-10-07T22:30:13.3506400Z dist/extensions/nodes/table-header.d.cts
2026-10-07T22:30:13.3506661Z dist/extensions/nodes/table-header.d.ts
2026-10-07T22:30:13.3506916Z dist/extensions/nodes/table-row.d.cts
2026-10-07T22:30:13.3507183Z dist/extensions/nodes/table-row.d.ts
2026-10-07T22:30:13.3507432Z dist/extensions/nodes/table.d.cts
2026-10-07T22:30:13.3507677Z dist/extensions/nodes/table.d.ts
2026-10-07T22:30:13.3507921Z dist/extensions/nodes/task-item.d.cts
2026-10-07T22:30:13.3508167Z dist/extensions/nodes/task-item.d.ts
2026-10-07T22:30:13.3508405Z dist/extensions/nodes/task-list.d.cts
2026-10-07T22:30:13.3508654Z dist/extensions/nodes/task-list.d.ts
2026-10-07T22:30:13.3508895Z dist/extensions/nodes/text.d.cts
2026-10-07T22:30:13.3509127Z dist/extensions/nodes/text.d.ts
2026-10-07T22:30:13.3509372Z dist/extensions/plugins/history.d.cts
2026-10-07T22:30:13.3509837Z dist/extensions/plugins/history.d.ts
2026-10-07T22:30:13.3510181Z dist/extensions/plugins/input-rules.d.cts
2026-10-07T22:30:13.3510500Z dist/extensions/plugins/input-rules.d.ts
2026-10-07T22:30:13.3510873Z dist/extensions/plugins/markdown-shortcuts.d.cts
2026-10-07T22:30:13.3511200Z dist/extensions/plugins/markdown-shortcuts.d.ts
2026-10-07T22:30:13.3511607Z dist/extensions/plugins/mcp-integration.d.cts
2026-10-07T22:30:13.3511932Z dist/extensions/plugins/mcp-integration.d.ts
2026-10-07T22:30:13.3512228Z dist/extensions/plugins/paste-rules.d.cts
2026-10-07T22:30:13.3512510Z dist/extensions/plugins/paste-rules.d.ts
2026-10-07T22:30:13.3512814Z dist/extensions/plugins/syntax-highlight.d.cts
2026-10-07T22:30:13.3513119Z dist/extensions/plugins/syntax-highlight.d.ts
2026-10-07T22:30:13.3513408Z dist/extensions/plugins/table-editing.d.cts
2026-10-07T22:30:13.3513696Z dist/extensions/plugins/table-editing.d.ts
2026-10-07T22:30:13.3513976Z dist/extensions/slash-command.d.cts
2026-10-07T22:30:13.3514233Z dist/extensions/slash-command.d.ts
2026-10-07T22:30:13.3514493Z dist/extensions/suggestion.d.cts
2026-10-07T22:30:13.3514732Z dist/extensions/suggestion.d.ts
2026-10-07T22:30:13.3514993Z dist/extensions/trailing-editable-block.d.cts
2026-10-07T22:30:13.3515279Z dist/extensions/trailing-editable-block.d.ts
2026-10-07T22:30:13.3515557Z dist/extensions/typography.d.cts
2026-10-07T22:30:13.3515798Z dist/extensions/typography.d.ts
2026-10-07T22:30:13.3516098Z dist/headless/index.d.cts
2026-10-07T22:30:13.3516315Z dist/headless/index.d.ts
2026-10-07T22:30:13.3516521Z dist/history-C1iHQbdz.cjs
2026-10-07T22:30:13.3516741Z dist/history-C1iHQbdz.cjs.map
2026-10-07T22:30:13.3516972Z dist/history-CluGKD04.js
2026-10-07T22:30:13.3517191Z dist/history-CluGKD04.js.map
2026-10-07T22:30:13.3517413Z dist/html-flow-0iqE4lWW.cjs
2026-10-07T22:30:13.3517641Z dist/html-flow-0iqE4lWW.cjs.map
2026-10-07T22:30:13.3517872Z dist/html-flow-BJslUvJk.js
2026-10-07T22:30:13.3518145Z dist/html-flow-BJslUvJk.js.map
2026-10-07T22:30:13.3518381Z dist/html-inert.cjs
2026-10-07T22:30:13.3518584Z dist/html-inert.cjs.map
2026-10-07T22:30:13.3518787Z dist/html-inert.js
2026-10-07T22:30:13.3518980Z dist/html-inert.js.map
2026-10-07T22:30:13.3519237Z dist/html-page-settings-C1un4UNO.js
2026-10-07T22:30:13.3519671Z dist/html-page-settings-C1un4UNO.js.map
2026-10-07T22:30:13.3519969Z dist/html-page-settings-CYNBUfR_.cjs
2026-10-07T22:30:13.3520257Z dist/html-page-settings-CYNBUfR_.cjs.map
2026-10-07T22:30:13.3520500Z dist/html-server.cjs
2026-10-07T22:30:13.3520703Z dist/html-server.cjs.map
2026-10-07T22:30:13.3520903Z dist/html-server.js
2026-10-07T22:30:13.3521100Z dist/html-server.js.map
2026-10-07T22:30:13.3521297Z dist/html/inert.d.cts
2026-10-07T22:30:13.3521490Z dist/html/inert.d.ts
2026-10-07T22:30:13.3521692Z dist/html/server.d.cts
2026-10-07T22:30:13.3521888Z dist/html/server.d.ts
2026-10-07T22:30:13.3522071Z dist/index.cjs
2026-10-07T22:30:13.3522258Z dist/index.cjs.map
2026-10-07T22:30:13.3522434Z dist/index.d.cts
2026-10-07T22:30:13.3522605Z dist/index.d.ts
2026-10-07T22:30:13.3522778Z dist/index.js
2026-10-07T22:30:13.3522977Z dist/index.js.map
2026-10-07T22:30:13.3523179Z dist/inline-atom-BLfPalX5.js
2026-10-07T22:30:13.3523424Z dist/inline-atom-BLfPalX5.js.map
2026-10-07T22:30:13.3523661Z dist/inline-atom-Cg88XSNe.cjs
2026-10-07T22:30:13.3523901Z dist/inline-atom-Cg88XSNe.cjs.map
2026-10-07T22:30:13.3524141Z dist/input-rules-EH0whXGW.js
2026-10-07T22:30:13.3524397Z dist/input-rules-EH0whXGW.js.map
2026-10-07T22:30:13.3524629Z dist/input-rules-HXvPuvbc.cjs
2026-10-07T22:30:13.3524873Z dist/input-rules-HXvPuvbc.cjs.map
2026-10-07T22:30:13.3525101Z dist/integrity-dom.cjs
2026-10-07T22:30:13.3525310Z dist/integrity-dom.cjs.map
2026-10-07T22:30:13.3525518Z dist/integrity-dom.js
2026-10-07T22:30:13.3525756Z dist/integrity-dom.js.map
2026-10-07T22:30:13.3525986Z dist/integrity.cjs
2026-10-07T22:30:13.3526176Z dist/integrity.cjs.map
2026-10-07T22:30:13.3526367Z dist/integrity.js
2026-10-07T22:30:13.3526559Z dist/integrity.js.map
2026-10-07T22:30:13.3526753Z dist/integrity/dom.d.cts
2026-10-07T22:30:13.3526949Z dist/integrity/dom.d.ts
2026-10-07T22:30:13.3527153Z dist/integrity/index.d.cts
2026-10-07T22:30:13.3527362Z dist/integrity/index.d.ts
2026-10-07T22:30:13.3527568Z dist/lean/controller.d.cts
2026-10-07T22:30:13.3527770Z dist/lean/controller.d.ts
2026-10-07T22:30:13.3527984Z dist/lean/diagnostics.d.cts
2026-10-07T22:30:13.3528281Z dist/lean/diagnostics.d.ts
2026-10-07T22:30:13.3528493Z dist/lean/index.d.cts
2026-10-07T22:30:13.3528742Z dist/lean/index.d.ts
2026-10-07T22:30:13.3528946Z dist/lean/info-view.d.cts
2026-10-07T22:30:13.3529200Z dist/lean/info-view.d.ts
2026-10-07T22:30:13.3532065Z dist/lean/loopback-provider.d.cts
2026-10-07T22:30:13.3532471Z dist/lean/loopback-provider.d.ts
2026-10-07T22:30:13.3532751Z dist/lean/types.d.cts
2026-10-07T22:30:13.3532987Z dist/lean/types.d.ts
2026-10-07T22:30:13.3533289Z dist/link-behavior-AA_G2wF4.cjs
2026-10-07T22:30:13.3533609Z dist/link-behavior-AA_G2wF4.cjs.map
2026-10-07T22:30:13.3533921Z dist/link-behavior-RZK2W19-.js
2026-10-07T22:30:13.3534284Z dist/link-behavior-RZK2W19-.js.map
2026-10-07T22:30:13.3534596Z dist/link-destination-3p4Of17h.cjs
2026-10-07T22:30:13.3534867Z dist/link-destination-3p4Of17h.cjs.map
2026-10-07T22:30:13.3535139Z dist/link-destination-M3zm_45f.js
2026-10-07T22:30:13.3535399Z dist/link-destination-M3zm_45f.js.map
2026-10-07T22:30:13.3535634Z dist/mapping-BbhEodcc.js
2026-10-07T22:30:13.3535869Z dist/mapping-BbhEodcc.js.map
2026-10-07T22:30:13.3536176Z dist/mapping-LRwd6pqd.cjs
2026-10-07T22:30:13.3536395Z dist/mapping-LRwd6pqd.cjs.map
2026-10-07T22:30:13.3536641Z dist/mark-range-step-DOJDyOsP.cjs
2026-10-07T22:30:13.3536908Z dist/mark-range-step-DOJDyOsP.cjs.map
2026-10-07T22:30:13.3537170Z dist/mark-range-step-Jo1iPQSu.js
2026-10-07T22:30:13.3537427Z dist/mark-range-step-Jo1iPQSu.js.map
2026-10-07T22:30:13.3537689Z dist/markdown-html-83ZGjqmO.js
2026-10-07T22:30:13.3537931Z dist/markdown-html-83ZGjqmO.js.map
2026-10-07T22:30:13.3538176Z dist/markdown-html-DD8ATANg.cjs
2026-10-07T22:30:13.3538429Z dist/markdown-html-DD8ATANg.cjs.map
2026-10-07T22:30:13.3538652Z dist/media-BMTNaaCL.js
2026-10-07T22:30:13.3538855Z dist/media-BMTNaaCL.js.map
2026-10-07T22:30:13.3539065Z dist/media-CxbWOnIA.cjs
2026-10-07T22:30:13.3539265Z dist/media-CxbWOnIA.cjs.map
2026-10-07T22:30:13.3539671Z dist/menu-position-CT8mhP6t.js
2026-10-07T22:30:13.3539959Z dist/menu-position-CT8mhP6t.js.map
2026-10-07T22:30:13.3540225Z dist/menu-position-OVIbcPkK.cjs
2026-10-07T22:30:13.3540476Z dist/menu-position-OVIbcPkK.cjs.map
2026-10-07T22:30:13.3540701Z dist/migrations.cjs
2026-10-07T22:30:13.3540902Z dist/migrations.cjs.map
2026-10-07T22:30:13.3541097Z dist/migrations.js
2026-10-07T22:30:13.3541285Z dist/migrations.js.map
2026-10-07T22:30:13.3541496Z dist/migrations/index.d.cts
2026-10-07T22:30:13.3541704Z dist/migrations/index.d.ts
2026-10-07T22:30:13.3541905Z dist/node-CMohf4dR.js
2026-10-07T22:30:13.3542103Z dist/node-CMohf4dR.js.map
2026-10-07T22:30:13.3542316Z dist/node-D26sG_e5.cjs
2026-10-07T22:30:13.3542515Z dist/node-D26sG_e5.cjs.map
2026-10-07T22:30:13.3542717Z dist/node-ids.cjs
2026-10-07T22:30:13.3542917Z dist/node-ids.cjs.map
2026-10-07T22:30:13.3543104Z dist/node-ids.js
2026-10-07T22:30:13.3543288Z dist/node-ids.js.map
2026-10-07T22:30:13.3543482Z dist/node-ids/index.d.cts
2026-10-07T22:30:13.3543690Z dist/node-ids/index.d.ts
2026-10-07T22:30:13.3543899Z dist/node-spec-Dl5lMC1C.js
2026-10-07T22:30:13.3544145Z dist/node-spec-Dl5lMC1C.js.map
2026-10-07T22:30:13.3544388Z dist/node-spec-owlJN_nc.cjs
2026-10-07T22:30:13.3544616Z dist/node-spec-owlJN_nc.cjs.map
2026-10-07T22:30:13.3544854Z dist/page-settings-Bqt82pEY.js
2026-10-07T22:30:13.3545111Z dist/page-settings-Bqt82pEY.js.map
2026-10-07T22:30:13.3545363Z dist/page-settings-BTDzBnRH.cjs
2026-10-07T22:30:13.3545609Z dist/page-settings-BTDzBnRH.cjs.map
2026-10-07T22:30:13.3545844Z dist/pages-dom.cjs
2026-10-07T22:30:13.3546033Z dist/pages-dom.cjs.map
2026-10-07T22:30:13.3546223Z dist/pages-dom.js
2026-10-07T22:30:13.3546415Z dist/pages-dom.js.map
2026-10-07T22:30:13.3546610Z dist/pages-preview.cjs
2026-10-07T22:30:13.3546811Z dist/pages-preview.cjs.map
2026-10-07T22:30:13.3547015Z dist/pages-preview.js
2026-10-07T22:30:13.3547218Z dist/pages-preview.js.map
2026-10-07T22:30:13.3547411Z dist/pages.cjs
2026-10-07T22:30:13.3547589Z dist/pages.cjs.map
2026-10-07T22:30:13.3547769Z dist/pages.js
2026-10-07T22:30:13.3547942Z dist/pages.js.map
2026-10-07T22:30:13.3548222Z dist/pages/dom-preview.d.cts
2026-10-07T22:30:13.3548463Z dist/pages/dom-preview.d.ts
2026-10-07T22:30:13.3548670Z dist/pages/dom.d.cts
2026-10-07T22:30:13.3548904Z dist/pages/dom.d.ts
2026-10-07T22:30:13.3549093Z dist/pages/index.d.cts
2026-10-07T22:30:13.3549292Z dist/pages/index.d.ts
2026-10-07T22:30:13.3549702Z dist/pages/layout.d.cts
2026-10-07T22:30:13.3549985Z dist/pages/layout.d.ts
2026-10-07T22:30:13.3550209Z dist/pages/presentation.d.cts
2026-10-07T22:30:13.3550433Z dist/pages/presentation.d.ts
2026-10-07T22:30:13.3550650Z dist/pages/preview.d.cts
2026-10-07T22:30:13.3550868Z dist/pages/preview.d.ts
2026-10-07T22:30:13.3551072Z dist/pages/settings.d.cts
2026-10-07T22:30:13.3551276Z dist/pages/settings.d.ts
2026-10-07T22:30:13.3551480Z dist/pages/templates.d.cts
2026-10-07T22:30:13.3551695Z dist/pages/templates.d.ts
2026-10-07T22:30:13.3551894Z dist/path-B7Cr90vg.js
2026-10-07T22:30:13.3552101Z dist/path-B7Cr90vg.js.map
2026-10-07T22:30:13.3552319Z dist/path-DDY3uxw-.cjs
2026-10-07T22:30:13.3552527Z dist/path-DDY3uxw-.cjs.map
2026-10-07T22:30:13.3552901Z dist/plugin-B0KSKRXJ.js
2026-10-07T22:30:13.3553130Z dist/plugin-B0KSKRXJ.js.map
2026-10-07T22:30:13.3553353Z dist/plugin-DlQkwKdU.cjs
2026-10-07T22:30:13.3553568Z dist/plugin-DlQkwKdU.cjs.map
2026-10-07T22:30:13.3553804Z dist/presentation-_RsWq19D.js
2026-10-07T22:30:13.3554044Z dist/presentation-_RsWq19D.js.map
2026-10-07T22:30:13.3554290Z dist/presentation-DrPDmb6z.cjs
2026-10-07T22:30:13.3554535Z dist/presentation-DrPDmb6z.cjs.map
2026-10-07T22:30:13.3554779Z dist/react-comments.cjs
2026-10-07T22:30:13.3554982Z dist/react-comments.cjs.map
2026-10-07T22:30:13.3555188Z dist/react-comments.js
2026-10-07T22:30:13.3555395Z dist/react-comments.js.map
2026-10-07T22:30:13.3555605Z dist/react-integrity.cjs
2026-10-07T22:30:13.3555819Z dist/react-integrity.cjs.map
2026-10-07T22:30:13.3556044Z dist/react-integrity.js
2026-10-07T22:30:13.3556251Z dist/react-integrity.js.map
2026-10-07T22:30:13.3556480Z dist/react-tracked-changes.cjs
2026-10-07T22:30:13.3556726Z dist/react-tracked-changes.cjs.map
2026-10-07T22:30:13.3556971Z dist/react-tracked-changes.js
2026-10-07T22:30:13.3557216Z dist/react-tracked-changes.js.map
2026-10-07T22:30:13.3557436Z dist/react-versions.cjs
2026-10-07T22:30:13.3557651Z dist/react-versions.cjs.map
2026-10-07T22:30:13.3557858Z dist/react-versions.js
2026-10-07T22:30:13.3558060Z dist/react-versions.js.map
2026-10-07T22:30:13.3558274Z dist/react-widgets.cjs
2026-10-07T22:30:13.3558472Z dist/react-widgets.cjs.map
2026-10-07T22:30:13.3558678Z dist/react-widgets.js
2026-10-07T22:30:13.3558882Z dist/react-widgets.js.map
2026-10-07T22:30:13.3559070Z dist/react.cjs
2026-10-07T22:30:13.3559253Z dist/react.cjs.map
2026-10-07T22:30:13.3559589Z dist/react.js
2026-10-07T22:30:13.3559804Z dist/react.js.map
2026-10-07T22:30:13.3560034Z dist/react/ClipboardHistoryMenu.d.cts
2026-10-07T22:30:13.3560305Z dist/react/ClipboardHistoryMenu.d.ts
2026-10-07T22:30:13.3560554Z dist/react/comments.d.cts
2026-10-07T22:30:13.3560761Z dist/react/comments.d.ts
2026-10-07T22:30:13.3561010Z dist/react/FountainAIConversation.d.cts
2026-10-07T22:30:13.3561293Z dist/react/FountainAIConversation.d.ts
2026-10-07T22:30:13.3561567Z dist/react/FountainAIGeneratedMedia.d.cts
2026-10-07T22:30:13.3561845Z dist/react/FountainAIGeneratedMedia.d.ts
2026-10-07T22:30:13.3562110Z dist/react/FountainAIReview.d.cts
2026-10-07T22:30:13.3562364Z dist/react/FountainAIReview.d.ts
2026-10-07T22:30:13.3562615Z dist/react/FountainCharacterCount.d.cts
2026-10-07T22:30:13.3562880Z dist/react/FountainCharacterCount.d.ts
2026-10-07T22:30:13.3563147Z dist/react/FountainComments.d.cts
2026-10-07T22:30:13.3563390Z dist/react/FountainComments.d.ts
2026-10-07T22:30:13.3563634Z dist/react/FountainComposer.d.cts
2026-10-07T22:30:13.3563885Z dist/react/FountainComposer.d.ts
2026-10-07T22:30:13.3564122Z dist/react/FountainEditor.d.cts
2026-10-07T22:30:13.3564354Z dist/react/FountainEditor.d.ts
2026-10-07T22:30:13.3564615Z dist/react/FountainFloatingMenu.d.cts
2026-10-07T22:30:13.3564958Z dist/react/FountainFloatingMenu.d.ts
2026-10-07T22:30:13.3565242Z dist/react/FountainIntegrityInspector.d.cts
2026-10-07T22:30:13.3565545Z dist/react/FountainIntegrityInspector.d.ts
2026-10-07T22:30:13.3565831Z dist/react/FountainSlashCommandMenu.d.cts
2026-10-07T22:30:13.3566098Z dist/react/FountainSlashCommandMenu.d.ts
2026-10-07T22:30:13.3566362Z dist/react/FountainSuggestionMenu.d.cts
2026-10-07T22:30:13.3566630Z dist/react/FountainSuggestionMenu.d.ts
2026-10-07T22:30:13.3566878Z dist/react/FountainToolbar.d.cts
2026-10-07T22:30:13.3567114Z dist/react/FountainToolbar.d.ts
2026-10-07T22:30:13.3567384Z dist/react/FountainToolbarPrimitives.d.cts
2026-10-07T22:30:13.3567662Z dist/react/FountainToolbarPrimitives.d.ts
2026-10-07T22:30:13.3567938Z dist/react/FountainTrackedChanges.d.cts
2026-10-07T22:30:13.3568206Z dist/react/FountainTrackedChanges.d.ts
2026-10-07T22:30:13.3568459Z dist/react/FountainVersions.d.cts
2026-10-07T22:30:13.3568704Z dist/react/FountainVersions.d.ts
2026-10-07T22:30:13.3568933Z dist/react/index.d.cts
2026-10-07T22:30:13.3569127Z dist/react/index.d.ts
2026-10-07T22:30:13.3569387Z dist/react/integrity.d.cts
2026-10-07T22:30:13.3569781Z dist/react/integrity.d.ts
2026-10-07T22:30:13.3570034Z dist/react/Navigator.d.cts
2026-10-07T22:30:13.3570242Z dist/react/Navigator.d.ts
2026-10-07T22:30:13.3570464Z dist/react/ReactNodeView.d.cts
2026-10-07T22:30:13.3570696Z dist/react/ReactNodeView.d.ts
2026-10-07T22:30:13.3570927Z dist/react/tracked-changes.d.cts
2026-10-07T22:30:13.3571165Z dist/react/tracked-changes.d.ts
2026-10-07T22:30:13.3571394Z dist/react/useFountain.d.cts
2026-10-07T22:30:13.3571608Z dist/react/useFountain.d.ts
2026-10-07T22:30:13.3571843Z dist/react/useNavigatorState.d.cts
2026-10-07T22:30:13.3572094Z dist/react/useNavigatorState.d.ts
2026-10-07T22:30:13.3572312Z dist/react/versions.d.cts
2026-10-07T22:30:13.3572511Z dist/react/versions.d.ts
2026-10-07T22:30:13.3572708Z dist/react/widgets.d.cts
2026-10-07T22:30:13.3572917Z dist/react/widgets.d.ts
2026-10-07T22:30:13.3573167Z dist/replace-text-range-step-DDj1wpRU.js
2026-10-07T22:30:13.3573472Z dist/replace-text-range-step-DDj1wpRU.js.map
2026-10-07T22:30:13.3573777Z dist/replace-text-range-step-VHOaDNVn.cjs
2026-10-07T22:30:13.3574074Z dist/replace-text-range-step-VHOaDNVn.cjs.map
2026-10-07T22:30:13.3574360Z dist/rolldown-runtime-Chgba0Kb.cjs
2026-10-07T22:30:13.3574577Z dist/ruby.cjs
2026-10-07T22:30:13.3574748Z dist/ruby.cjs.map
2026-10-07T22:30:13.3574917Z dist/ruby.js
2026-10-07T22:30:13.3575084Z dist/ruby.js.map
2026-10-07T22:30:13.3575269Z dist/ruby/index.d.cts
2026-10-07T22:30:13.3575458Z dist/ruby/index.d.ts
2026-10-07T22:30:13.3575651Z dist/search-Cb5HWhnF.cjs
2026-10-07T22:30:13.3575870Z dist/search-Cb5HWhnF.cjs.map
2026-10-07T22:30:13.3576090Z dist/search-CLj2oPC9.js
2026-10-07T22:30:13.3576298Z dist/search-CLj2oPC9.js.map
2026-10-07T22:30:13.3576517Z dist/selection-DrO1gWsj.cjs
2026-10-07T22:30:13.3576748Z dist/selection-DrO1gWsj.cjs.map
2026-10-07T22:30:13.3576967Z dist/selection-Du4v48EK.js
2026-10-07T22:30:13.3577244Z dist/selection-Du4v48EK.js.map
2026-10-07T22:30:13.3577465Z dist/step-CICBu9Xg.cjs
2026-10-07T22:30:13.3577668Z dist/step-CICBu9Xg.cjs.map
2026-10-07T22:30:13.3577873Z dist/step-doAGd4iU.js
2026-10-07T22:30:13.3578081Z dist/step-doAGd4iU.js.map
2026-10-07T22:30:13.3578308Z dist/structured-attributes.cjs
2026-10-07T22:30:13.3578554Z dist/structured-attributes.cjs.map
2026-10-07T22:30:13.3578804Z dist/structured-attributes.js
2026-10-07T22:30:13.3579049Z dist/structured-attributes.js.map
2026-10-07T22:30:13.3579310Z dist/structured-attributes/index.d.cts
2026-10-07T22:30:13.3579747Z dist/structured-attributes/index.d.ts
2026-10-07T22:30:13.3579979Z dist/styles.css
2026-10-07T22:30:13.3580221Z dist/svelte.cjs
2026-10-07T22:30:13.3580452Z dist/svelte.cjs.map
2026-10-07T22:30:13.3580630Z dist/svelte.js
2026-10-07T22:30:13.3580812Z dist/svelte.js.map
2026-10-07T22:30:13.3581009Z dist/svelte/index.d.cts
2026-10-07T22:30:13.3581217Z dist/svelte/index.d.ts
2026-10-07T22:30:13.3581438Z dist/table-layout-BlX6ZmrG.cjs
2026-10-07T22:30:13.3581765Z dist/table-layout-BlX6ZmrG.cjs.map
2026-10-07T22:30:13.3582024Z dist/table-layout-wVT2Dkfh.js
2026-10-07T22:30:13.3582270Z dist/table-layout-wVT2Dkfh.js.map
2026-10-07T22:30:13.3582494Z dist/table-map-Dbo_d2TT.cjs
2026-10-07T22:30:13.3582728Z dist/table-map-Dbo_d2TT.cjs.map
2026-10-07T22:30:13.3582949Z dist/table-map-Du2VwT8u.js
2026-10-07T22:30:13.3583174Z dist/table-map-Du2VwT8u.js.map
2026-10-07T22:30:13.3583393Z dist/table-of-contents.cjs
2026-10-07T22:30:13.3583627Z dist/table-of-contents.cjs.map
2026-10-07T22:30:13.3583841Z dist/table-of-contents.js
2026-10-07T22:30:13.3584047Z dist/table-of-contents.js.map
2026-10-07T22:30:13.3584291Z dist/table-of-contents/index.d.cts
2026-10-07T22:30:13.3584532Z dist/table-of-contents/index.d.ts
2026-10-07T22:30:13.3584734Z dist/testing.cjs
2026-10-07T22:30:13.3584921Z dist/testing.cjs.map
2026-10-07T22:30:13.3585101Z dist/testing.js
2026-10-07T22:30:13.3585280Z dist/testing.js.map
2026-10-07T22:30:13.3585468Z dist/testing/index.d.cts
2026-10-07T22:30:13.3585679Z dist/testing/index.d.ts
2026-10-07T22:30:13.3585969Z dist/text-exporter-CrYlAjCV.cjs
2026-10-07T22:30:13.3586222Z dist/text-exporter-CrYlAjCV.cjs.map
2026-10-07T22:30:13.3586487Z dist/text-exporter-D2pnt9bs.js
2026-10-07T22:30:13.3586776Z dist/text-exporter-D2pnt9bs.js.map
2026-10-07T22:30:13.3587011Z dist/text-style-B9Y5mBPB.cjs
2026-10-07T22:30:13.3587264Z dist/text-style-B9Y5mBPB.cjs.map
2026-10-07T22:30:13.3587489Z dist/text-style-BkndJSnj.js
2026-10-07T22:30:13.3587776Z dist/text-style-BkndJSnj.js.map
2026-10-07T22:30:13.3587995Z dist/text-style.cjs
2026-10-07T22:30:13.3588177Z dist/text-style.js
2026-10-07T22:30:13.3588383Z dist/text-style/commands.d.cts
2026-10-07T22:30:13.3588604Z dist/text-style/commands.d.ts
2026-10-07T22:30:13.3588824Z dist/text-style/index.d.cts
2026-10-07T22:30:13.3589033Z dist/text-style/index.d.ts
2026-10-07T22:30:13.3589243Z dist/text-style/values.d.cts
2026-10-07T22:30:13.3589686Z dist/text-style/values.d.ts
2026-10-07T22:30:13.3589924Z dist/tracked-changes.cjs
2026-10-07T22:30:13.3590142Z dist/tracked-changes.cjs.map
2026-10-07T22:30:13.3590366Z dist/tracked-changes.js
2026-10-07T22:30:13.3590572Z dist/tracked-changes.js.map
2026-10-07T22:30:13.3590805Z dist/tracked-changes/index.d.cts
2026-10-07T22:30:13.3591045Z dist/tracked-changes/index.d.ts
2026-10-07T22:30:13.3591291Z dist/tracked-changes/model.d.cts
2026-10-07T22:30:13.3591525Z dist/tracked-changes/model.d.ts
2026-10-07T22:30:13.3591736Z dist/url-Co8QRAHd.cjs
2026-10-07T22:30:13.3591944Z dist/url-Co8QRAHd.cjs.map
2026-10-07T22:30:13.3592148Z dist/url-sjMj-efj.js
2026-10-07T22:30:13.3592350Z dist/url-sjMj-efj.js.map
2026-10-07T22:30:13.3592569Z dist/useFountain-C16zq9TV.cjs
2026-10-07T22:30:13.3592811Z dist/useFountain-C16zq9TV.cjs.map
2026-10-07T22:30:13.3593042Z dist/useFountain-DQ8gXlvr.js
2026-10-07T22:30:13.3593283Z dist/useFountain-DQ8gXlvr.js.map
2026-10-07T22:30:13.3593500Z dist/versions.cjs
2026-10-07T22:30:13.3593679Z dist/versions.cjs.map
2026-10-07T22:30:13.3593856Z dist/versions.js
2026-10-07T22:30:13.3594040Z dist/versions.js.map
2026-10-07T22:30:13.3594269Z dist/versions/diff.d.cts
2026-10-07T22:30:13.3594470Z dist/versions/diff.d.ts
2026-10-07T22:30:13.3594674Z dist/versions/index.d.cts
2026-10-07T22:30:13.3594878Z dist/versions/index.d.ts
2026-10-07T22:30:13.3595079Z dist/versions/model.d.cts
2026-10-07T22:30:13.3595290Z dist/versions/model.d.ts
2026-10-07T22:30:13.3595488Z dist/view-B62zQnTm.cjs
2026-10-07T22:30:13.3595690Z dist/view-B62zQnTm.cjs.map
2026-10-07T22:30:13.3595894Z dist/view-elGsZ_JA.js
2026-10-07T22:30:13.3596099Z dist/view-elGsZ_JA.js.map
2026-10-07T22:30:13.3596293Z dist/view/block-handles.d.cts
2026-10-07T22:30:13.3596503Z dist/view/block-handles.d.ts
2026-10-07T22:30:13.3596727Z dist/view/dom-renderer.d.cts
2026-10-07T22:30:13.3596942Z dist/view/dom-renderer.d.ts
2026-10-07T22:30:13.3597161Z dist/view/drop-cursor.d.cts
2026-10-07T22:30:13.3597391Z dist/view/drop-cursor.d.ts
2026-10-07T22:30:13.3597619Z dist/view/generated-media.d.cts
2026-10-07T22:30:13.3597946Z dist/view/generated-media.d.ts
2026-10-07T22:30:13.3598179Z dist/view/index.d.cts
2026-10-07T22:30:13.3598383Z dist/view/index.d.ts
2026-10-07T22:30:13.3598578Z dist/view/input.d.cts
2026-10-07T22:30:13.3598774Z dist/view/input.d.ts
2026-10-07T22:30:13.3598982Z dist/view/media.d.cts
2026-10-07T22:30:13.3599172Z dist/view/media.d.ts
2026-10-07T22:30:13.3599373Z dist/view/menu-position.d.cts
2026-10-07T22:30:13.3599796Z dist/view/menu-position.d.ts
2026-10-07T22:30:13.3600021Z dist/view/node-view.d.cts
2026-10-07T22:30:13.3600225Z dist/view/node-view.d.ts
2026-10-07T22:30:13.3600433Z dist/view/paste.d.cts
2026-10-07T22:30:13.3600622Z dist/view/paste.d.ts
2026-10-07T22:30:13.3600839Z dist/view/selection-handler.d.cts
2026-10-07T22:30:13.3601082Z dist/view/selection-handler.d.ts
2026-10-07T22:30:13.3601302Z dist/view/view.d.cts
2026-10-07T22:30:13.3601483Z dist/view/view.d.ts
2026-10-07T22:30:13.3601687Z dist/view/virtual-layout.d.cts
2026-10-07T22:30:13.3601905Z dist/view/virtual-layout.d.ts
2026-10-07T22:30:13.3602126Z dist/view/web-component.d.cts
2026-10-07T22:30:13.3602413Z dist/view/web-component.d.ts
2026-10-07T22:30:13.3602614Z dist/vue.cjs
2026-10-07T22:30:13.3602779Z dist/vue.cjs.map
2026-10-07T22:30:13.3602952Z dist/vue.js
2026-10-07T22:30:13.3603116Z dist/vue.js.map
2026-10-07T22:30:13.3603301Z dist/vue/index.d.cts
2026-10-07T22:30:13.3603486Z dist/vue/index.d.ts
2026-10-07T22:30:13.3603714Z dist/widgets-dom.cjs
2026-10-07T22:30:13.3603924Z dist/widgets-dom.cjs.map
2026-10-07T22:30:13.3604119Z dist/widgets-dom.js
2026-10-07T22:30:13.3604310Z dist/widgets-dom.js.map
2026-10-07T22:30:13.3604508Z dist/widgets.cjs
2026-10-07T22:30:13.3604694Z dist/widgets.cjs.map
2026-10-07T22:30:13.3604869Z dist/widgets.js
2026-10-07T22:30:13.3605044Z dist/widgets.js.map
2026-10-07T22:30:13.3605238Z dist/widgets/dom.d.cts
2026-10-07T22:30:13.3605430Z dist/widgets/dom.d.ts
2026-10-07T22:30:13.3605619Z dist/widgets/index.d.cts
2026-10-07T22:30:13.3605823Z dist/widgets/index.d.ts
2026-10-07T22:30:13.3606004Z dist/yjs.cjs
2026-10-07T22:30:13.3606169Z dist/yjs.cjs.map
2026-10-07T22:30:13.3606353Z dist/yjs.js
2026-10-07T22:30:13.3606514Z dist/yjs.js.map
2026-10-07T22:30:13.3606692Z dist/yjs/index.d.cts
2026-10-07T22:30:13.3606874Z dist/yjs/index.d.ts
2026-10-07T22:30:13.3607101Z dist/yjs/structured-attributes.d.cts
2026-10-07T22:30:13.3607357Z dist/yjs/structured-attributes.d.ts
2026-10-07T22:30:13.3607586Z docs/AI_CONVERSATIONS.md
2026-10-07T22:30:13.3607793Z docs/AI_DOCUMENT_TOOLS.md
2026-10-07T22:30:13.3607998Z docs/AI_GENERATED_MEDIA.md
2026-10-07T22:30:13.3608184Z docs/ANGULAR.md
2026-10-07T22:30:13.3608355Z docs/API.md
2026-10-07T22:30:13.3608523Z docs/ARCHITECTURE.md
2026-10-07T22:30:13.3608708Z docs/BLOCK_REORDERING.md
2026-10-07T22:30:13.3608906Z docs/BROWSER_AUDIT_RELOADS.md
2026-10-07T22:30:13.3609117Z docs/COLLABORATION.md
2026-10-07T22:30:13.3609295Z docs/COMMENTS.md
2026-10-07T22:30:13.3609593Z docs/CONTEXTUAL_MENUS.md
2026-10-07T22:30:13.3609808Z docs/CONVERSION_LAB.md
2026-10-07T22:30:13.3610034Z docs/CONVERSION_REAL_DOCUMENT_AUDIT.md
2026-10-07T22:30:13.3610274Z docs/DEFINITION_LISTS.md
2026-10-07T22:30:13.3610472Z docs/DETAILS.md
2026-10-07T22:30:13.3610664Z docs/DOCUMENT_UTILITIES.md
2026-10-07T22:30:13.3610878Z docs/DOCX_CONTENT_CONTROLS.md
2026-10-07T22:30:13.3611119Z docs/DOCX_FIDELITY_CHECKPOINT.md
2026-10-07T22:30:13.3611350Z docs/DOCX_GLOSSARIES.md
2026-10-07T22:30:13.3611534Z docs/DOCX.md
2026-10-07T22:30:13.3611710Z docs/EXTENSIONS.md
2026-10-07T22:30:13.3611916Z docs/FORMAT_BRIDGE_PLAN.md
2026-10-07T22:30:13.3612100Z docs/FORMATS.md
2026-10-07T22:30:13.3612278Z docs/HEADLESS_CORE.md
2026-10-07T22:30:13.3612485Z docs/HTML_CONTAINERS.md
2026-10-07T22:30:13.3612700Z docs/HTML_INERT_SOURCE.md
2026-10-07T22:30:13.3612903Z docs/ISSUE_EDITOR_DEMO.md
2026-10-07T22:30:13.3613094Z docs/LEAN.md
2026-10-07T22:30:13.3613309Z docs/MARKDOWN_DOCUMENT_FLOW.md
2026-10-07T22:30:13.3613546Z docs/MARKDOWN_FLOW_PROVENANCE.md
2026-10-07T22:30:13.3613805Z docs/MARKDOWN_SOURCE.md
2026-10-07T22:30:13.3614001Z docs/MCP.md
2026-10-07T22:30:13.3614252Z docs/MIGRATIONS.md
2026-10-07T22:30:13.3614475Z docs/NATIVE_RENDERER_FEASIBILITY.md
2026-10-07T22:30:13.3614692Z docs/NODE_IDS.md
2026-10-07T22:30:13.3614880Z docs/PAGINATION.md
2026-10-07T22:30:13.3615067Z docs/PERFORMANCE.md
2026-10-07T22:30:13.3615263Z docs/PORTABILITY_AUDIT.md
2026-10-07T22:30:13.3615499Z docs/PROSEMIRROR_COMPARISON.md
2026-10-07T22:30:13.3615731Z docs/REFERENCE_DOCUMENT_AUDIT.md
2026-10-07T22:30:13.3615941Z docs/RELEASE_0_4_0_BETA_2.md
2026-10-07T22:30:13.3616138Z docs/RELEASES.md
2026-10-07T22:30:13.3616306Z docs/ROADMAP.md
2026-10-07T22:30:13.3616474Z docs/RUBY.md
2026-10-07T22:30:13.3616647Z docs/SERVER_HTML.md
2026-10-07T22:30:13.3616830Z docs/SLASH_COMMANDS.md
2026-10-07T22:30:13.3617029Z docs/STRUCTURED_ATTRIBUTES.md
2026-10-07T22:30:13.3617224Z docs/SVELTE.md
2026-10-07T22:30:13.3617415Z docs/TABLE_OF_CONTENTS.md
2026-10-07T22:30:13.3617618Z docs/TEXT_INTEGRITY.md
2026-10-07T22:30:13.3617808Z docs/TEXT_STYLE.md
2026-10-07T22:30:13.3618003Z docs/TIPTAP_PARITY.md
2026-10-07T22:30:13.3618185Z docs/TOOLBAR.md
2026-10-07T22:30:13.3618440Z docs/TRACKED_CHANGES.md
2026-10-07T22:30:13.3618666Z docs/TRAILING_EDITABLE_BLOCK.md
2026-10-07T22:30:13.3618872Z docs/VERSIONS.md
2026-10-07T22:30:13.3619061Z docs/VIRTUALIZATION.md
2026-10-07T22:30:13.3619245Z docs/VUE.md
2026-10-07T22:30:13.3619626Z docs/WEB_COMPONENT_FORMS.md
2026-10-07T22:30:13.3619882Z docs/WIDGETS.md
2026-10-07T22:30:13.3620073Z docs/WORKFLOW_DEMOS.md
2026-10-07T22:30:13.3620267Z LICENSE
2026-10-07T22:30:13.3620431Z package.json
2026-10-07T22:30:13.3620597Z README.md
2026-10-07T22:30:13.3620819Z schemas/fountain-document.schema.json
2026-10-07T22:30:13.3621067Z scripts/check-api-surface.mjs
2026-10-07T22:30:13.3621311Z scripts/check-build-budgets.mjs
2026-10-07T22:30:13.3621571Z scripts/check-performance-budgets.mjs
2026-10-07T22:30:13.3621819Z scripts/check-release.mjs
2026-10-07T22:30:13.3622037Z scripts/create-extension.mjs
2026-10-07T22:30:13.3622281Z scripts/lean-loopback-bridge.mjs
2026-10-07T22:30:13.3622524Z scripts/smoke-package.mjs
2026-10-07T22:30:13.3622731Z THIRD_PARTY_NOTICES.md
2026-10-07T22:30:13.3622923Z Tarball Details
2026-10-07T22:30:13.3623158Z fountainjs-editor-0.4.0-beta.2.tgz
2026-10-07T22:30:13.3679854Z Post job cleanup.
2026-10-07T22:30:13.4603310Z Caching is not enabled. Caching is skipped.
2026-10-07T22:30:13.4694423Z Post job cleanup.
2026-10-07T22:30:13.6103300Z Post job cleanup.
2026-10-07T22:30:13.7069252Z (node:4920) [DEP0040] DeprecationWarning: The `punycode` module is deprecated. Please use a userland alternative instead.
2026-10-07T22:30:13.7070565Z (Use `node --trace-deprecation ...` to show where the warning was created)
2026-10-07T22:30:13.7180701Z Post job cleanup.
2026-10-07T22:30:13.8174543Z (node:4928) [DEP0040] DeprecationWarning: The `punycode` module is deprecated. Please use a userland alternative instead.
2026-10-07T22:30:13.8175408Z (Use `node --trace-deprecation ...` to show where the warning was created)
2026-10-07T22:30:13.8176436Z Cache hit occurred on the primary key node-cache-Linux-x64-pnpm-fd849381c36c47c9fa715e7759caf3b24b3c25e63e57449d26448df099a8c870, not saving cache.
2026-10-07T22:30:13.8252104Z Post job cleanup.
2026-10-07T22:30:13.9429545Z Pruning is unnecessary.
2026-10-07T22:30:13.9560707Z Post job cleanup.
2026-10-07T22:30:14.0233048Z [command]/usr/bin/git version
2026-10-07T22:30:14.0262193Z git version 2.55.0
2026-10-07T22:30:14.0287656Z Temporarily overriding HOME='/home/runner/work/_temp/2187e550-31bb-4432-a94c-71d02b00c1d8' before making global git config changes
2026-10-07T22:30:14.0288610Z Adding repository directory to the temporary git global config as a safe directory
2026-10-07T22:30:14.0291795Z [command]/usr/bin/git config --global --add safe.directory /home/runner/work/fountainjs/fountainjs
2026-10-07T22:30:14.0319586Z [command]/usr/bin/git config --local --name-only --get-regexp core\.sshCommand
2026-10-07T22:30:14.0347024Z [command]/usr/bin/git submodule foreach --recursive sh -c "git config --local --name-only --get-regexp 'core\.sshCommand' && git config --local --unset-all 'core.sshCommand' || :"
2026-10-07T22:30:14.0517176Z [command]/usr/bin/git config --local --name-only --get-regexp http\.https\:\/\/github\.com\/\.extraheader
2026-10-07T22:30:14.0536959Z http.https://github.com/.extraheader
2026-10-07T22:30:14.0543672Z [command]/usr/bin/git config --local --unset-all http.https://github.com/.extraheader
2026-10-07T22:30:14.0571394Z [command]/usr/bin/git submodule foreach --recursive sh -c "git config --local --name-only --get-regexp 'http\.https\:\/\/github\.com\/\.extraheader' && git config --local --unset-all 'http.https://github.com/.extraheader' || :"
2026-10-07T22:30:14.0728944Z [command]/usr/bin/git config --local --name-only --get-regexp ^includeIf\.gitdir:
2026-10-07T22:30:14.0752554Z [command]/usr/bin/git submodule foreach --recursive git config --local --show-origin --name-only --get-regexp remote.origin.url
2026-10-07T22:30:14.1019008Z Cleaning up orphan processes
2026-10-07T22:30:14.1255679Z ##[warning]Node.js 20 is deprecated. The following actions target Node.js 20 but are being forced to run on Node.js 24: actions/checkout@v4, actions/setup-node@v4, actions/setup-python@v5, pnpm/action-setup@v4. For more information see: https://github.blog/changelog/2025-09-19-deprecation-of-node-20-on-github-actions-runners/
