2026-10-07T19:49:31.0741004Z Current runner version: '2.337.0'
2026-10-07T19:49:31.0765905Z ##[group]Runner Image Provisioner
2026-10-07T19:49:31.0766909Z Hosted Compute Agent
2026-10-07T19:49:31.0767491Z Version: 20261002.596
2026-10-07T19:49:31.0768182Z Commit: c3d12f3313a95f25162a1503be624f3b0617f8c0
2026-10-07T19:49:31.0768928Z Build Date: 2026-10-02T22:28:27Z
2026-10-07T19:49:31.0769603Z Worker ID: {962a435e-5164-40db-ba90-02f131297639}
2026-10-07T19:49:31.0770575Z Region: westus
2026-10-07T19:49:31.0771133Z Cloud: Azure
2026-10-07T19:49:31.0771649Z ##[endgroup]
2026-10-07T19:49:31.0773383Z ##[group]Operating System
2026-10-07T19:49:31.0774065Z Ubuntu
2026-10-07T19:49:31.0774654Z 24.04.5
2026-10-07T19:49:31.0775161Z LTS
2026-10-07T19:49:31.0775668Z ##[endgroup]
2026-10-07T19:49:31.0776679Z ##[group]Runner Image
2026-10-07T19:49:31.0777287Z Image: ubuntu-24.04
2026-10-07T19:49:31.0777882Z Version: 20261004.327.1
2026-10-07T19:49:31.0779191Z Included Software: https://github.com/actions/runner-images/blob/ubuntu24/20261004.327/images/ubuntu/Ubuntu2404-Readme.md
2026-10-07T19:49:31.0781214Z Image Release: https://github.com/actions/runner-images/releases/tag/ubuntu24%2F20261004.327
2026-10-07T19:49:31.0782207Z ##[endgroup]
2026-10-07T19:49:31.0783376Z ##[group]GITHUB_TOKEN Permissions
2026-10-07T19:49:31.0785486Z Contents: read
2026-10-07T19:49:31.0786152Z Metadata: read
2026-10-07T19:49:31.0786733Z ##[endgroup]
2026-10-07T19:49:31.0788838Z Secret source: Actions
2026-10-07T19:49:31.0789869Z Cache mode: write
2026-10-07T19:49:31.0790946Z Prepare workflow directory
2026-10-07T19:49:31.1129892Z Prepare all required actions
2026-10-07T19:49:31.1179217Z Getting action download info
2026-10-07T19:49:31.4828829Z Download action repository 'actions/checkout@v4' (SHA:11d5960a326750d5838078e36cf38b85af677262)
2026-10-07T19:49:31.5712536Z Download action repository 'pnpm/action-setup@v4' (SHA:b906affcce14559ad1aafd4ab0e942779e9f58b1)
2026-10-07T19:49:32.0763600Z Download action repository 'actions/setup-node@v4' (SHA:49933ea5288caeca8642d1e84afbd3f7d6820020)
2026-10-07T19:49:32.3323023Z Download action repository 'actions/upload-artifact@v4' (SHA:ea165f8d65b6e75b540449e92b4886f43607fa02)
2026-10-07T19:49:32.5918101Z Complete job name: browser
2026-10-07T19:49:32.6892788Z ##[group]Run actions/checkout@v4
2026-10-07T19:49:32.6894250Z with:
2026-10-07T19:49:32.6895094Z   repository: eddolo/fountainjs
2026-10-07T19:49:32.6904941Z   token: ***
2026-10-07T19:49:32.6905806Z   ssh-strict: true
2026-10-07T19:49:32.6906660Z   ssh-user: git
2026-10-07T19:49:32.6907536Z   persist-credentials: true
2026-10-07T19:49:32.6908492Z   clean: true
2026-10-07T19:49:32.6909369Z   sparse-checkout-cone-mode: true
2026-10-07T19:49:32.6910541Z   fetch-depth: 1
2026-10-07T19:49:32.6911400Z   fetch-tags: false
2026-10-07T19:49:32.6912285Z   show-progress: true
2026-10-07T19:49:32.6913182Z   lfs: false
2026-10-07T19:49:32.6913997Z   submodules: false
2026-10-07T19:49:32.6914885Z   set-safe-directory: true
2026-10-07T19:49:32.6915863Z   allow-unsafe-pr-checkout: false
2026-10-07T19:49:32.6917253Z ##[endgroup]
2026-10-07T19:49:32.7919048Z Syncing repository: eddolo/fountainjs
2026-10-07T19:49:32.7922093Z ##[group]Getting Git version info
2026-10-07T19:49:32.7923587Z Working directory is '/home/runner/work/fountainjs/fountainjs'
2026-10-07T19:49:32.7925732Z [command]/usr/bin/git version
2026-10-07T19:49:32.7976179Z git version 2.55.0
2026-10-07T19:49:32.7999744Z ##[endgroup]
2026-10-07T19:49:32.8014805Z Temporarily overriding HOME='/home/runner/work/_temp/0e722ce9-dd9c-4108-8730-de84a5cc8730' before making global git config changes
2026-10-07T19:49:32.8018811Z Adding repository directory to the temporary git global config as a safe directory
2026-10-07T19:49:32.8022587Z [command]/usr/bin/git config --global --add safe.directory /home/runner/work/fountainjs/fountainjs
2026-10-07T19:49:32.8068339Z Deleting the contents of '/home/runner/work/fountainjs/fountainjs'
2026-10-07T19:49:32.8073688Z ##[group]Initializing the repository
2026-10-07T19:49:32.8077354Z [command]/usr/bin/git init /home/runner/work/fountainjs/fountainjs
2026-10-07T19:49:32.8193028Z hint: Using 'master' as the name for the initial branch. This default branch name
2026-10-07T19:49:32.8195418Z hint: will change to "main" in Git 3.0. To configure the initial branch name
2026-10-07T19:49:32.8197817Z hint: to use in all of your new repositories, which will suppress this warning,
2026-10-07T19:49:32.8200666Z hint: call:
2026-10-07T19:49:32.8202101Z hint:
2026-10-07T19:49:32.8203123Z hint: 	git config --global init.defaultBranch <name>
2026-10-07T19:49:32.8204575Z hint:
2026-10-07T19:49:32.8206440Z hint: Names commonly chosen instead of 'master' are 'main', 'trunk' and
2026-10-07T19:49:32.8208537Z hint: 'development'. The just-created branch can be renamed via this command:
2026-10-07T19:49:32.8210024Z hint:
2026-10-07T19:49:32.8211038Z hint: 	git branch -m <name>
2026-10-07T19:49:32.8212167Z hint:
2026-10-07T19:49:32.8213411Z hint: Disable this message with "git config set advice.defaultBranchName false"
2026-10-07T19:49:32.8215503Z Initialized empty Git repository in /home/runner/work/fountainjs/fountainjs/.git/
2026-10-07T19:49:32.8218688Z [command]/usr/bin/git remote add origin https://github.com/eddolo/fountainjs
2026-10-07T19:49:32.8254465Z ##[endgroup]
2026-10-07T19:49:32.8255968Z ##[group]Disabling automatic garbage collection
2026-10-07T19:49:32.8258361Z [command]/usr/bin/git config --local gc.auto 0
2026-10-07T19:49:32.8292222Z ##[endgroup]
2026-10-07T19:49:32.8295230Z ##[group]Setting up auth
2026-10-07T19:49:32.8298387Z [command]/usr/bin/git config --local --name-only --get-regexp core\.sshCommand
2026-10-07T19:49:32.8684092Z [command]/usr/bin/git submodule foreach --recursive sh -c "git config --local --name-only --get-regexp 'core\.sshCommand' && git config --local --unset-all 'core.sshCommand' || :"
2026-10-07T19:49:32.8692909Z [command]/usr/bin/git config --local --name-only --get-regexp http\.https\:\/\/github\.com\/\.extraheader
2026-10-07T19:49:32.8724976Z [command]/usr/bin/git submodule foreach --recursive sh -c "git config --local --name-only --get-regexp 'http\.https\:\/\/github\.com\/\.extraheader' && git config --local --unset-all 'http.https://github.com/.extraheader' || :"
2026-10-07T19:49:32.8945730Z [command]/usr/bin/git config --local --name-only --get-regexp ^includeIf\.gitdir:
2026-10-07T19:49:32.8977220Z [command]/usr/bin/git submodule foreach --recursive git config --local --show-origin --name-only --get-regexp remote.origin.url
2026-10-07T19:49:32.9202563Z [command]/usr/bin/git config --local http.https://github.com/.extraheader AUTHORIZATION: basic ***
2026-10-07T19:49:32.9242512Z ##[endgroup]
2026-10-07T19:49:32.9244762Z ##[group]Fetching the repository
2026-10-07T19:49:32.9251906Z [command]/usr/bin/git -c protocol.version=2 fetch --no-tags --prune --no-recurse-submodules --depth=1 origin +14c2ba58f8e8ceeb24cc6e62c80c75513e54d9c0:refs/remotes/origin/master
2026-10-07T19:49:34.3034744Z From https://github.com/eddolo/fountainjs
2026-10-07T19:49:34.3037150Z  * [new ref]         14c2ba58f8e8ceeb24cc6e62c80c75513e54d9c0 -> origin/master
2026-10-07T19:49:34.3041282Z ##[endgroup]
2026-10-07T19:49:34.3042304Z ##[group]Determining the checkout info
2026-10-07T19:49:34.3043483Z ##[endgroup]
2026-10-07T19:49:34.3048930Z [command]/usr/bin/git sparse-checkout disable
2026-10-07T19:49:34.3098504Z [command]/usr/bin/git config --local --unset-all extensions.worktreeConfig
2026-10-07T19:49:34.3128597Z ##[group]Checking out the ref
2026-10-07T19:49:34.3133611Z [command]/usr/bin/git checkout --progress --force -B master refs/remotes/origin/master
2026-10-07T19:49:34.6634462Z Reset branch 'master'
2026-10-07T19:49:34.6638059Z branch 'master' set up to track 'origin/master'.
2026-10-07T19:49:34.6653343Z ##[endgroup]
2026-10-07T19:49:34.6699482Z [command]/usr/bin/git log -1 --format=%H
2026-10-07T19:49:34.6723346Z 14c2ba58f8e8ceeb24cc6e62c80c75513e54d9c0
2026-10-07T19:49:34.6971645Z ##[group]Run pnpm/action-setup@v4
2026-10-07T19:49:34.6972010Z with:
2026-10-07T19:49:34.6972229Z   version: 11.19.0
2026-10-07T19:49:34.6972451Z   dest: ~/setup-pnpm
2026-10-07T19:49:34.6972923Z   run_install: null
2026-10-07T19:49:34.6973140Z   cache: false
2026-10-07T19:49:34.6973368Z   cache_dependency_path: pnpm-lock.yaml
2026-10-07T19:49:34.6973665Z   package_json_file: package.json
2026-10-07T19:49:34.6973933Z   standalone: false
2026-10-07T19:49:34.6974143Z ##[endgroup]
2026-10-07T19:49:34.8439854Z ##[group]Running self-installer...
2026-10-07T19:49:35.2570843Z (node:2319) [DEP0169] DeprecationWarning: `url.parse()` behavior is not standardized and prone to errors that have security implications. Use the WHATWG URL API instead. CVEs are not issued for `url.parse()` vulnerabilities.
2026-10-07T19:49:35.2573111Z (Use `node --trace-deprecation ...` to show where the warning was created)
2026-10-07T19:49:35.3827487Z Progress: resolved 1, reused 0, downloaded 0, added 0
2026-10-07T19:49:35.3917793Z Packages: +1
2026-10-07T19:49:35.3920994Z +
2026-10-07T19:49:35.8285856Z Progress: resolved 1, reused 0, downloaded 1, added 1, done
2026-10-07T19:49:35.8557901Z 
2026-10-07T19:49:35.8558392Z dependencies:
2026-10-07T19:49:35.8558865Z + pnpm 11.19.0 (12.10.1 is available)
2026-10-07T19:49:35.8559212Z 
2026-10-07T19:49:35.8582599Z Done in 834ms
2026-10-07T19:49:35.9908100Z ##[endgroup]
2026-10-07T19:49:35.9908563Z Installation Completed!
2026-10-07T19:49:36.0107921Z ##[group]Run actions/setup-node@v4
2026-10-07T19:49:36.0108217Z with:
2026-10-07T19:49:36.0108423Z   node-version: 24
2026-10-07T19:49:36.0108633Z   cache: pnpm
2026-10-07T19:49:36.0108835Z   always-auth: false
2026-10-07T19:49:36.0109063Z   check-latest: false
2026-10-07T19:49:36.0112042Z   token: ***
2026-10-07T19:49:36.0112254Z env:
2026-10-07T19:49:36.0112517Z   PNPM_HOME: /home/runner/setup-pnpm/node_modules/.bin
2026-10-07T19:49:36.0112831Z ##[endgroup]
2026-10-07T19:49:36.2589335Z Found in cache @ /opt/hostedtoolcache/node/24.21.0/x64
2026-10-07T19:49:36.2594871Z (node:2334) [DEP0040] DeprecationWarning: The `punycode` module is deprecated. Please use a userland alternative instead.
2026-10-07T19:49:36.2596066Z (Use `node --trace-deprecation ...` to show where the warning was created)
2026-10-07T19:49:36.2597604Z ##[group]Environment details
2026-10-07T19:49:39.1631904Z node: v24.21.0
2026-10-07T19:49:39.1632180Z npm: 11.19.0
2026-10-07T19:49:39.1632388Z yarn: 1.22.22
2026-10-07T19:49:39.1633445Z ##[endgroup]
2026-10-07T19:49:39.1680368Z [command]/home/runner/setup-pnpm/node_modules/.bin/pnpm store path --silent
2026-10-07T19:49:40.8813388Z /home/runner/setup-pnpm/node_modules/.bin/store/v11
2026-10-07T19:49:41.2178527Z Cache hit for: node-cache-Linux-x64-pnpm-fd849381c36c47c9fa715e7759caf3b24b3c25e63e57449d26448df099a8c870
2026-10-07T19:49:41.2275915Z (node:2334) [DEP0169] DeprecationWarning: `url.parse()` behavior is not standardized and prone to errors that have security implications. Use the WHATWG URL API instead. CVEs are not issued for `url.parse()` vulnerabilities.
2026-10-07T19:49:42.5227095Z Received 4194304 of 143139869 (2.9%), 4.0 MBs/sec
2026-10-07T19:49:43.5227991Z Received 117440512 of 143139869 (82.0%), 56.0 MBs/sec
2026-10-07T19:49:44.5227494Z Received 138945565 of 143139869 (97.1%), 44.2 MBs/sec
2026-10-07T19:49:44.9691578Z Received 143139869 of 143139869 (100.0%), 39.6 MBs/sec
2026-10-07T19:49:44.9720647Z Cache Size: ~137 MB (143139869 B)
2026-10-07T19:49:44.9767426Z [command]/usr/bin/tar -xf /home/runner/work/_temp/f3d75531-de09-434a-8b06-c156b6d2813e/cache.tzst -P -C /home/runner/work/fountainjs/fountainjs --use-compress-program unzstd
2026-10-07T19:49:46.4304223Z Cache restored successfully
2026-10-07T19:49:46.4376962Z Cache restored from key: node-cache-Linux-x64-pnpm-fd849381c36c47c9fa715e7759caf3b24b3c25e63e57449d26448df099a8c870
2026-10-07T19:49:46.4546905Z ##[group]Run pnpm install --frozen-lockfile
2026-10-07T19:49:46.4547307Z [36;1mpnpm install --frozen-lockfile[0m
2026-10-07T19:49:46.4903064Z shell: /usr/bin/bash -e {0}
2026-10-07T19:49:46.4903428Z env:
2026-10-07T19:49:46.4903780Z   PNPM_HOME: /home/runner/setup-pnpm/node_modules/.bin
2026-10-07T19:49:46.4904237Z ##[endgroup]
2026-10-07T19:49:46.9372153Z Scope: all 3 workspace projects
2026-10-07T19:49:47.0869983Z ? Verifying lockfile against supply-chain policies (340 entries)...
2026-10-07T19:49:47.0962164Z Lockfile is up to date, resolution step is skipped
2026-10-07T19:49:47.2330095Z Progress: resolved 1, reused 0, downloaded 0, added 0
2026-10-07T19:49:47.2921513Z Packages: +281
2026-10-07T19:49:47.2930954Z ++++++++++++++++++++++++++++++++++++++++++++++++++++++++++++++++++++++++++++++++
2026-10-07T19:49:48.1539418Z Packages are hard linked from the content-addressable store to the virtual store.
2026-10-07T19:49:48.1541149Z   Content-addressable store is at: /home/runner/setup-pnpm/node_modules/.bin/store/v11
2026-10-07T19:49:48.1542084Z   Virtual store is at:             node_modules/.pnpm
2026-10-07T19:49:48.2402833Z Progress: resolved 281, reused 281, downloaded 0, added 8
2026-10-07T19:49:48.8819585Z Progress: resolved 281, reused 281, downloaded 0, added 281, done
2026-10-07T19:49:50.9252324Z ✓ Lockfile passes supply-chain policies (340 entries in 3.8s)
2026-10-07T19:49:51.0192394Z 
2026-10-07T19:49:51.0193128Z devDependencies:
2026-10-07T19:49:51.0193653Z + @angular/common 22.1.5
2026-10-07T19:49:51.0194140Z + @angular/compiler 22.1.5
2026-10-07T19:49:51.0194590Z + @angular/core 22.1.5
2026-10-07T19:49:51.0195117Z + @angular/platform-browser 22.1.5
2026-10-07T19:49:51.0195685Z + @angular/platform-server 22.1.5
2026-10-07T19:49:51.0196241Z + @mathjax/mathjax-tex-font 4.1.3
2026-10-07T19:49:51.0196713Z + @mathjax/src 4.1.3
2026-10-07T19:49:51.0197151Z + @playwright/test 1.62.1
2026-10-07T19:49:51.0197687Z + @sveltejs/vite-plugin-svelte 7.3.0
2026-10-07T19:49:51.0198239Z + @types/node 26.4.1
2026-10-07T19:49:51.0198562Z + @types/react 19.2.18
2026-10-07T19:49:51.0198827Z + @types/react-dom 19.2.7
2026-10-07T19:49:51.0199103Z + @vitejs/plugin-react 6.1.1
2026-10-07T19:49:51.0199426Z + commonmark 0.31.2
2026-10-07T19:49:51.0199668Z + commonmark-spec 0.31.2
2026-10-07T19:49:51.0199924Z + css-select 7.0.0
2026-10-07T19:49:51.0200439Z + docx-preview 0.4.0
2026-10-07T19:49:51.0200850Z + entities 8.0.0
2026-10-07T19:49:51.0201230Z + fflate 0.8.3
2026-10-07T19:49:51.0201675Z + jsdom 30.0.1
2026-10-07T19:49:51.0202039Z + katex 0.18.6
2026-10-07T19:49:51.0202425Z + miniflare 3.20250718.3
2026-10-07T19:49:51.0202756Z + parse5 8.0.1
2026-10-07T19:49:51.0203053Z + parse5-htmlparser2-tree-adapter 8.0.1
2026-10-07T19:49:51.0203371Z + pdfjs-dist 6.3.289
2026-10-07T19:49:51.0203601Z + react 19.2.8
2026-10-07T19:49:51.0204033Z + react-dom 19.2.8
2026-10-07T19:49:51.0204429Z + rxjs 7.8.2
2026-10-07T19:49:51.0204812Z + svelte 5.57.0
2026-10-07T19:49:51.0205143Z + typescript 7.0.2
2026-10-07T19:49:51.0205427Z + unicode-emoji-json 0.9.0
2026-10-07T19:49:51.0205750Z + vite 8.2.2
2026-10-07T19:49:51.0206118Z + vitest 5.0.0
2026-10-07T19:49:51.0206358Z + vue 3.5.42
2026-10-07T19:49:51.0206554Z + yjs 13.6.32
2026-10-07T19:49:51.0206673Z 
2026-10-07T19:49:51.0680962Z Done in 4.5s using pnpm v11.19.0
2026-10-07T19:49:51.1185613Z ##[group]Run pnpm exec playwright install --with-deps
2026-10-07T19:49:51.1186091Z [36;1mpnpm exec playwright install --with-deps[0m
2026-10-07T19:49:51.1259011Z shell: /usr/bin/bash -e {0}
2026-10-07T19:49:51.1259266Z env:
2026-10-07T19:49:51.1259706Z   PNPM_HOME: /home/runner/setup-pnpm/node_modules/.bin
2026-10-07T19:49:51.1260482Z ##[endgroup]
2026-10-07T19:49:52.1564124Z Installing dependencies...
2026-10-07T19:49:52.1645523Z Switching to root user to install dependencies...
2026-10-07T19:49:52.3007902Z Get:1 file:/etc/apt/apt-mirrors.txt Mirrorlist [144 B]
2026-10-07T19:49:52.3234313Z Get:6 https://packages.microsoft.com/ubuntu/24.04/prod noble InRelease [3600 B]
2026-10-07T19:49:52.3642109Z Hit:2 http://azure.archive.ubuntu.com/ubuntu noble InRelease
2026-10-07T19:49:52.3865294Z Get:3 http://azure.archive.ubuntu.com/ubuntu noble-updates InRelease [126 kB]
2026-10-07T19:49:52.4634330Z Get:7 https://packages.microsoft.com/ubuntu/24.04/prod noble/main arm64 Packages [463 kB]
2026-10-07T19:49:52.4801417Z Get:4 http://azure.archive.ubuntu.com/ubuntu noble-backports InRelease [126 kB]
2026-10-07T19:49:52.4822246Z Get:8 https://packages.microsoft.com/ubuntu/24.04/prod noble/main amd64 Packages [519 kB]
2026-10-07T19:49:52.5158093Z Get:5 http://azure.archive.ubuntu.com/ubuntu noble-security InRelease [126 kB]
2026-10-07T19:49:52.6017628Z Get:9 http://azure.archive.ubuntu.com/ubuntu noble-updates/main amd64 Packages [1375 kB]
2026-10-07T19:49:52.7169275Z Get:10 http://azure.archive.ubuntu.com/ubuntu noble-updates/main Translation-en [306 kB]
2026-10-07T19:49:52.7334676Z Get:11 http://azure.archive.ubuntu.com/ubuntu noble-updates/universe amd64 Packages [1702 kB]
2026-10-07T19:49:52.8014640Z Get:12 http://azure.archive.ubuntu.com/ubuntu noble-updates/universe Translation-en [341 kB]
2026-10-07T19:49:52.8250070Z Get:13 http://azure.archive.ubuntu.com/ubuntu noble-updates/restricted amd64 Packages [1730 kB]
2026-10-07T19:49:52.8693683Z Get:14 http://azure.archive.ubuntu.com/ubuntu noble-updates/restricted Translation-en [396 kB]
2026-10-07T19:49:52.8926877Z Get:15 http://azure.archive.ubuntu.com/ubuntu noble-updates/multiverse Translation-en [13.3 kB]
2026-10-07T19:49:52.9150825Z Get:16 http://azure.archive.ubuntu.com/ubuntu noble-security/main amd64 Packages [1073 kB]
2026-10-07T19:49:52.9405264Z Get:17 http://azure.archive.ubuntu.com/ubuntu noble-security/main Translation-en [223 kB]
2026-10-07T19:49:52.9654404Z Get:18 http://azure.archive.ubuntu.com/ubuntu noble-security/universe amd64 Packages [1218 kB]
2026-10-07T19:49:53.0574696Z Get:19 http://azure.archive.ubuntu.com/ubuntu noble-security/universe Translation-en [245 kB]
2026-10-07T19:49:53.0802074Z Get:20 http://azure.archive.ubuntu.com/ubuntu noble-security/multiverse Translation-en [11.6 kB]
2026-10-07T19:49:58.4228584Z Fetched 9996 kB in 1s (8360 kB/s)
2026-10-07T19:49:59.2282078Z Reading package lists...
2026-10-07T19:49:59.2513568Z Reading package lists...
2026-10-07T19:49:59.4305203Z Building dependency tree...
2026-10-07T19:49:59.4312242Z Reading state information...
2026-10-07T19:49:59.4441930Z libasound2t64 is already the newest version (1.2.11-1ubuntu0.3).
2026-10-07T19:49:59.4443279Z libasound2t64 set to manually installed.
2026-10-07T19:49:59.4444277Z libatk-bridge2.0-0t64 is already the newest version (2.52.0-1build1).
2026-10-07T19:49:59.4445582Z libatk-bridge2.0-0t64 set to manually installed.
2026-10-07T19:49:59.4446667Z libatk1.0-0t64 is already the newest version (2.52.0-1build1).
2026-10-07T19:49:59.4447814Z libatk1.0-0t64 set to manually installed.
2026-10-07T19:49:59.4449292Z libatspi2.0-0t64 is already the newest version (2.52.0-1build1).
2026-10-07T19:49:59.4453139Z libatspi2.0-0t64 set to manually installed.
2026-10-07T19:49:59.4454246Z libcairo2 is already the newest version (1.18.0-3build1).
2026-10-07T19:49:59.4455371Z libcairo2 set to manually installed.
2026-10-07T19:49:59.4456599Z libcups2t64 is already the newest version (2.4.7-1.2ubuntu7.14).
2026-10-07T19:49:59.4458268Z libcups2t64 set to manually installed.
2026-10-07T19:49:59.4459410Z libdbus-1-3 is already the newest version (1.14.10-4ubuntu4.1).
2026-10-07T19:49:59.4460138Z libdbus-1-3 set to manually installed.
2026-10-07T19:49:59.4461137Z libdrm2 is already the newest version (2.4.125-1ubuntu0.1~24.04.2).
2026-10-07T19:49:59.4461874Z libdrm2 set to manually installed.
2026-10-07T19:49:59.4462609Z libgbm1 is already the newest version (25.2.8-0ubuntu0.24.04.4).
2026-10-07T19:49:59.4463296Z libgbm1 set to manually installed.
2026-10-07T19:49:59.4464067Z libglib2.0-0t64 is already the newest version (2.80.0-6ubuntu3.9).
2026-10-07T19:49:59.4464830Z libglib2.0-0t64 set to manually installed.
2026-10-07T19:49:59.4465573Z libnspr4 is already the newest version (2:4.35-1.1build1).
2026-10-07T19:49:59.4466221Z libnspr4 set to manually installed.
2026-10-07T19:49:59.4466952Z libnss3 is already the newest version (2:3.98-1ubuntu0.2).
2026-10-07T19:49:59.4467727Z libnss3 set to manually installed.
2026-10-07T19:49:59.4468523Z libpango-1.0-0 is already the newest version (1.52.1+ds-1build1).
2026-10-07T19:49:59.4469841Z libpango-1.0-0 set to manually installed.
2026-10-07T19:49:59.4470869Z libx11-6 is already the newest version (2:1.8.7-1build1).
2026-10-07T19:49:59.4471521Z libx11-6 set to manually installed.
2026-10-07T19:49:59.4472147Z libxcb1 is already the newest version (1.15-1ubuntu2).
2026-10-07T19:49:59.4472826Z libxcb1 set to manually installed.
2026-10-07T19:49:59.4473606Z libxcomposite1 is already the newest version (1:0.4.5-1build3).
2026-10-07T19:49:59.4474393Z libxcomposite1 set to manually installed.
2026-10-07T19:49:59.4475188Z libxdamage1 is already the newest version (1:1.1.6-1build1).
2026-10-07T19:49:59.4475920Z libxdamage1 set to manually installed.
2026-10-07T19:49:59.4476667Z libxext6 is already the newest version (2:1.3.4-1build2).
2026-10-07T19:49:59.4477361Z libxext6 set to manually installed.
2026-10-07T19:49:59.4478085Z libxfixes3 is already the newest version (1:6.0.0-2build1).
2026-10-07T19:49:59.4478810Z libxfixes3 set to manually installed.
2026-10-07T19:49:59.4479555Z libxkbcommon0 is already the newest version (1.6.0-1build1).
2026-10-07T19:49:59.4480587Z libxkbcommon0 set to manually installed.
2026-10-07T19:49:59.4481375Z libxrandr2 is already the newest version (2:1.5.2-2build1).
2026-10-07T19:49:59.4482100Z libxrandr2 set to manually installed.
2026-10-07T19:49:59.4482916Z libcairo-gobject2 is already the newest version (1.18.0-3build1).
2026-10-07T19:49:59.4483722Z libcairo-gobject2 set to manually installed.
2026-10-07T19:49:59.4484573Z libfontconfig1 is already the newest version (2.15.0-1.1ubuntu2).
2026-10-07T19:49:59.4485378Z libfontconfig1 set to manually installed.
2026-10-07T19:49:59.4486298Z libgdk-pixbuf-2.0-0 is already the newest version (2.42.10+dfsg-3ubuntu3.3).
2026-10-07T19:49:59.4487213Z libgdk-pixbuf-2.0-0 set to manually installed.
2026-10-07T19:49:59.4488078Z libgtk-3-0t64 is already the newest version (3.24.41-4ubuntu1.3).
2026-10-07T19:49:59.4488817Z libgtk-3-0t64 set to manually installed.
2026-10-07T19:49:59.4489296Z libpangocairo-1.0-0 is already the newest version (1.52.1+ds-1build1).
2026-10-07T19:49:59.4489768Z libpangocairo-1.0-0 set to manually installed.
2026-10-07T19:49:59.4490499Z libx11-xcb1 is already the newest version (2:1.8.7-1build1).
2026-10-07T19:49:59.4490908Z libx11-xcb1 set to manually installed.
2026-10-07T19:49:59.4491308Z libxcb-shm0 is already the newest version (1.15-1ubuntu2).
2026-10-07T19:49:59.4491708Z libxcb-shm0 set to manually installed.
2026-10-07T19:49:59.4492127Z libxcursor1 is already the newest version (1:1.2.1-1build1).
2026-10-07T19:49:59.4492536Z libxcursor1 set to manually installed.
2026-10-07T19:49:59.4492933Z libxi6 is already the newest version (2:1.8.1-1build1).
2026-10-07T19:49:59.4493301Z libxi6 set to manually installed.
2026-10-07T19:49:59.4493707Z libxrender1 is already the newest version (1:0.9.10-1.1build1).
2026-10-07T19:49:59.4494218Z libxrender1 set to manually installed.
2026-10-07T19:49:59.4494646Z libicu74 is already the newest version (74.2-1ubuntu3.1).
2026-10-07T19:49:59.4495362Z libatomic1 is already the newest version (14.2.0-4ubuntu2~24.04.1).
2026-10-07T19:49:59.4495796Z libatomic1 set to manually installed.
2026-10-07T19:49:59.4496207Z libenchant-2-2 is already the newest version (2.3.3-2build2).
2026-10-07T19:49:59.4496615Z libenchant-2-2 set to manually installed.
2026-10-07T19:49:59.4497023Z libepoxy0 is already the newest version (1.5.10-1build1).
2026-10-07T19:49:59.4497406Z libepoxy0 set to manually installed.
2026-10-07T19:49:59.4497850Z libgstreamer1.0-0 is already the newest version (1.24.2-1ubuntu0.1).
2026-10-07T19:49:59.4498294Z libgstreamer1.0-0 set to manually installed.
2026-10-07T19:49:59.4498724Z libharfbuzz0b is already the newest version (8.3.0-2build2).
2026-10-07T19:49:59.4499125Z libharfbuzz0b set to manually installed.
2026-10-07T19:49:59.4499556Z libjpeg-turbo8 is already the newest version (2.1.5-2ubuntu2).
2026-10-07T19:49:59.4499958Z libjpeg-turbo8 set to manually installed.
2026-10-07T19:49:59.4500618Z liblcms2-2 is already the newest version (2.14-2ubuntu0.1).
2026-10-07T19:49:59.4501655Z liblcms2-2 set to manually installed.
2026-10-07T19:49:59.4502488Z libpng16-16t64 is already the newest version (1.6.43-5ubuntu0.6).
2026-10-07T19:49:59.4503194Z libpng16-16t64 set to manually installed.
2026-10-07T19:49:59.5703706Z libwayland-client0 is already the newest version (1.22.0-2.1build1).
2026-10-07T19:49:59.5704726Z libwayland-client0 set to manually installed.
2026-10-07T19:49:59.5705700Z libwayland-egl1 is already the newest version (1.22.0-2.1build1).
2026-10-07T19:49:59.5706730Z libwayland-egl1 set to manually installed.
2026-10-07T19:49:59.5707641Z libwebp7 is already the newest version (1.3.2-0.4build3).
2026-10-07T19:49:59.5708651Z libwebp7 set to manually installed.
2026-10-07T19:49:59.5709769Z libwebpdemux2 is already the newest version (1.3.2-0.4build3).
2026-10-07T19:49:59.5711159Z libwebpdemux2 set to manually installed.
2026-10-07T19:49:59.5712064Z libxml2 is already the newest version (2.9.14+dfsg-1.3ubuntu3.9).
2026-10-07T19:49:59.5713007Z libxml2 set to manually installed.
2026-10-07T19:49:59.5713960Z libxslt1.1 is already the newest version (1.1.39-0exp1ubuntu0.24.04.3).
2026-10-07T19:49:59.5714867Z libxslt1.1 set to manually installed.
2026-10-07T19:49:59.5715779Z xvfb is already the newest version (2:21.1.12-1ubuntu1.8).
2026-10-07T19:49:59.5716937Z fonts-noto-color-emoji is already the newest version (2.047-0ubuntu0.24.04.1).
2026-10-07T19:49:59.5718088Z fonts-liberation is already the newest version (1:2.1.5-3).
2026-10-07T19:49:59.5718969Z fonts-liberation set to manually installed.
2026-10-07T19:49:59.5719806Z The following additional packages will be installed:
2026-10-07T19:49:59.5721025Z   glib-networking glib-networking-common glib-networking-services
2026-10-07T19:49:59.5722028Z   gsettings-desktop-schemas libaa1 libabsl20220623t64 libass9 libasyncns0
2026-10-07T19:49:59.5722984Z   libavc1394-0 libavfilter9 libavformat60 libavtp0 libavutil58 libblas3
2026-10-07T19:49:59.5723961Z   libbluray2 libbs2b0 libcaca0 libcairo-script-interpreter2 libcdparanoia0
2026-10-07T19:49:59.5724541Z   libchromaprint1 libcjson1 libcodec2-1.2 libdav1d7 libdc1394-25 libdca0
2026-10-07T19:49:59.5725182Z   libde265-0 libdecor-0-0 libdirectfb-1.7-7t64 libdv4t64 libdvdnav4
2026-10-07T19:49:59.5725728Z   libdvdread8t64 libegl-mesa0 libegl1 libfaad2 libflac12t64 libfluidsynth3
2026-10-07T19:49:59.5726275Z   libfreeaptx0 libgav1-1 libgme0 libgraphene-1.0-0 libgsm1 libgssdp-1.6-0
2026-10-07T19:49:59.5726802Z   libgstreamer-plugins-good1.0-0 libgtk-4-common libgupnp-1.6-0
2026-10-07T19:49:59.5727293Z   libgupnp-igd-1.6-0 libhwy1t64 libiec61883-0 libimath-3-1-29t64
2026-10-07T19:49:59.5727779Z   libinstpatch-1.0-2 libjack-jackd2-0 libjxl0.7 liblapack3 liblc3-1
2026-10-07T19:49:59.5728321Z   libldacbt-enc2 liblilv-0-0 liblrdf0 libltc11 libmbedcrypto7t64 libmfx1
2026-10-07T19:49:59.5728811Z   libmjpegutils-2.1-0t64 libmodplug1 libmp3lame0 libmpcdec6
2026-10-07T19:49:59.5729586Z   libmpeg2encpp-2.1-0t64 libmpg123-0t64 libmplex2-2.1-0t64 libmysofa1
2026-10-07T19:49:59.5730107Z   libneon27t64 libnice10 libopenal-data libopenal1 libopenexr-3-1-30
2026-10-07T19:49:59.5731090Z   libopenh264-7 libopenmpt0t64 libopenni2-0 liborc-0.4-0t64
2026-10-07T19:49:59.5731578Z   libpipewire-0.3-0t64 libplacebo338 libpocketsphinx3 libpostproc57
2026-10-07T19:49:59.5732095Z   libproxy1v5 libpulse0 libqrencode4 libraptor2-0 librav1e0 libraw1394-11
2026-10-07T19:49:59.5732659Z   librist4 librsvg2-2 librubberband2 libsamplerate0 libsbc1 libsdl2-2.0-0
2026-10-07T19:49:59.5733206Z   libsecret-common libserd-0-0 libshine3 libshout3 libsndfile1 libsndio7.0
2026-10-07T19:49:59.5733743Z   libsord-0-0 libsoundtouch1 libsoup-3.0-0 libsoup-3.0-common libsoxr0
2026-10-07T19:49:59.5734285Z   libspa-0.2-modules libspandsp2t64 libspeex1 libsphinxbase3t64 libsratom-0-0
2026-10-07T19:49:59.5734857Z   libsrt1.5-gnutls libsrtp2-1 libssh-gcrypt-4 libsvtav1enc1d1 libswresample4
2026-10-07T19:49:59.5735421Z   libswscale7 libtag1v5 libtag1v5-vanilla libtheora0 libtwolame0 libudfread0
2026-10-07T19:49:59.5735976Z   libunibreak5 libv4l-0t64 libv4lconvert0t64 libva-drm2 libva-x11-2 libva2
2026-10-07T19:49:59.5736695Z   libvdpau1 libvidstab1.1 libvisual-0.4-0 libvo-aacenc0 libvo-amrwbenc0
2026-10-07T19:49:59.5737243Z   libvorbisenc2 libvpl2 libwavpack1 libwebrtc-audio-processing1 libwildmidi2
2026-10-07T19:49:59.5737806Z   libx265-199 libxcb-xkb1 libxkbcommon-x11-0 libxvidcore4 libyuv0 libzbar0t64
2026-10-07T19:49:59.5738361Z   libzimg2 libzix-0-0 libzvbi-common libzvbi0t64 libzxing3 ocl-icd-libopencl1
2026-10-07T19:49:59.5738899Z   session-migration timgm6mb-soundfont xfonts-encodings xfonts-utils
2026-10-07T19:49:59.5739292Z Suggested packages:
2026-10-07T19:49:59.5739683Z   frei0r-plugins gvfs libcuda1 libnvcuvid1 libnvidia-encode1 libbluray-bdj
2026-10-07T19:49:59.5740472Z   libdirectfb-extra libdv-bin oss-compat libdvdcss2 libvisual-0.4-plugins
2026-10-07T19:49:59.5741011Z   jackd2 liblrdf0-dev libportaudio2 opus-tools pipewire pulseaudio
2026-10-07T19:49:59.5741520Z   raptor2-utils libraw1394-doc librsvg2-bin serdi sndiod sordi speex
2026-10-07T19:49:59.5741973Z   libwildmidi-config opencl-icd fluid-soundfont-gm
2026-10-07T19:49:59.5742307Z Recommended packages:
2026-10-07T19:49:59.5742669Z   fonts-ipafont-mincho fonts-tlwg-loma gstreamer1.0-x libaacs0
2026-10-07T19:49:59.5743163Z   default-libdecor-0-plugin-1 | libdecor-0-plugin-1 gstreamer1.0-gl
2026-10-07T19:49:59.5743720Z   libgtk-4-bin librsvg2-common libgtk-4-media-gstreamer libpipewire-0.3-common
2026-10-07T19:49:59.5744314Z   pocketsphinx-en-us va-driver-all | va-driver vdpau-driver-all | vdpau-driver
2026-10-07T19:49:59.5744738Z   libmagickcore-6.q16-7-extra
2026-10-07T19:49:59.6688862Z The following NEW packages will be installed:
2026-10-07T19:49:59.6690456Z   fonts-freefont-ttf fonts-ipafont-gothic fonts-tlwg-loma-otf fonts-unifont
2026-10-07T19:49:59.6691810Z   fonts-wqy-zenhei glib-networking glib-networking-common
2026-10-07T19:49:59.6693064Z   glib-networking-services gsettings-desktop-schemas gstreamer1.0-libav
2026-10-07T19:49:59.6694324Z   gstreamer1.0-plugins-bad gstreamer1.0-plugins-base gstreamer1.0-plugins-good
2026-10-07T19:49:59.6695539Z   libaa1 libabsl20220623t64 libass9 libasyncns0 libavc1394-0 libavcodec60
2026-10-07T19:49:59.6696629Z   libavfilter9 libavformat60 libavif16 libavtp0 libavutil58 libblas3
2026-10-07T19:49:59.6697760Z   libbluray2 libbs2b0 libcaca0 libcairo-script-interpreter2 libcdparanoia0
2026-10-07T19:49:59.6698912Z   libchromaprint1 libcjson1 libcodec2-1.2 libdav1d7 libdc1394-25 libdca0
2026-10-07T19:49:59.6699985Z   libde265-0 libdecor-0-0 libdirectfb-1.7-7t64 libdv4t64 libdvdnav4
2026-10-07T19:49:59.6701258Z   libdvdread8t64 libegl-mesa0 libegl1 libevent-2.1-7t64 libfaad2 libflac12t64
2026-10-07T19:49:59.6702465Z   libflite1 libfluidsynth3 libfreeaptx0 libgav1-1 libgles2 libgme0
2026-10-07T19:49:59.6703421Z   libgraphene-1.0-0 libgsm1 libgssdp-1.6-0 libgstreamer-gl1.0-0
2026-10-07T19:49:59.6704245Z   libgstreamer-plugins-bad1.0-0 libgstreamer-plugins-base1.0-0
2026-10-07T19:49:59.6705639Z   libgstreamer-plugins-good1.0-0 libgtk-4-1 libgtk-4-common libgupnp-1.6-0
2026-10-07T19:49:59.6706620Z   libgupnp-igd-1.6-0 libharfbuzz-icu0 libhwy1t64 libhyphen0 libiec61883-0
2026-10-07T19:49:59.6707195Z   libimath-3-1-29t64 libinstpatch-1.0-2 libjack-jackd2-0 libjxl0.7 liblapack3
2026-10-07T19:49:59.6708151Z   liblc3-1 libldacbt-enc2 liblilv-0-0 liblrdf0 libltc11 libmanette-0.2-0
2026-10-07T19:49:59.6708922Z   libmbedcrypto7t64 libmfx1 libmjpegutils-2.1-0t64 libmodplug1 libmp3lame0
2026-10-07T19:49:59.6709454Z   libmpcdec6 libmpeg2encpp-2.1-0t64 libmpg123-0t64 libmplex2-2.1-0t64
2026-10-07T19:49:59.6709941Z   libmysofa1 libneon27t64 libnice10 libopenal-data libopenal1
2026-10-07T19:49:59.6710775Z   libopenexr-3-1-30 libopenh264-7 libopenmpt0t64 libopenni2-0 libopus0
2026-10-07T19:49:59.6711292Z   liborc-0.4-0t64 libpipewire-0.3-0t64 libplacebo338 libpocketsphinx3
2026-10-07T19:49:59.6711811Z   libpostproc57 libproxy1v5 libpulse0 libqrencode4 libraptor2-0 librav1e0
2026-10-07T19:49:59.6712356Z   libraw1394-11 librist4 librsvg2-2 librubberband2 libsamplerate0 libsbc1
2026-10-07T19:49:59.6713108Z   libsdl2-2.0-0 libsecret-1-0 libsecret-common libserd-0-0 libshine3 libshout3
2026-10-07T19:49:59.6713635Z   libsndfile1 libsndio7.0 libsord-0-0 libsoundtouch1 libsoup-3.0-0
2026-10-07T19:49:59.6714139Z   libsoup-3.0-common libsoxr0 libspa-0.2-modules libspandsp2t64 libspeex1
2026-10-07T19:49:59.6714691Z   libsphinxbase3t64 libsratom-0-0 libsrt1.5-gnutls libsrtp2-1 libssh-gcrypt-4
2026-10-07T19:49:59.6715263Z   libsvtav1enc1d1 libswresample4 libswscale7 libtag1v5 libtag1v5-vanilla
2026-10-07T19:49:59.6715760Z   libtheora0 libtwolame0 libudfread0 libunibreak5 libv4l-0t64
2026-10-07T19:49:59.6716259Z   libv4lconvert0t64 libva-drm2 libva-x11-2 libva2 libvdpau1 libvidstab1.1
2026-10-07T19:49:59.6716806Z   libvisual-0.4-0 libvo-aacenc0 libvo-amrwbenc0 libvorbisenc2 libvpl2 libvpx9
2026-10-07T19:49:59.6717358Z   libwavpack1 libwayland-server0 libwebrtc-audio-processing1 libwildmidi2
2026-10-07T19:49:59.6717913Z   libwoff1 libx264-164 libx265-199 libxcb-xkb1 libxkbcommon-x11-0 libxvidcore4
2026-10-07T19:49:59.6718495Z   libyuv0 libzbar0t64 libzimg2 libzix-0-0 libzvbi-common libzvbi0t64 libzxing3
2026-10-07T19:49:59.6719067Z   ocl-icd-libopencl1 session-migration timgm6mb-soundfont xfonts-cyrillic
2026-10-07T19:49:59.6719540Z   xfonts-encodings xfonts-scalable xfonts-utils
2026-10-07T19:49:59.6719937Z The following packages will be upgraded:
2026-10-07T19:49:59.6720437Z   libfreetype6
2026-10-07T19:49:59.6923094Z 1 upgraded, 181 newly installed, 0 to remove and 10 not upgraded.
2026-10-07T19:49:59.6923772Z Need to get 115 MB of archives.
2026-10-07T19:49:59.6924218Z After this operation, 364 MB of additional disk space will be used.
2026-10-07T19:49:59.6924712Z Get:1 file:/etc/apt/apt-mirrors.txt Mirrorlist [144 B]
2026-10-07T19:50:35.9208822Z Ign:2 http://azure.archive.ubuntu.com/ubuntu noble/universe amd64 fonts-ipafont-gothic all 00303-21ubuntu1
2026-10-07T19:51:11.5565351Z Get:3 http://azure.archive.ubuntu.com/ubuntu noble/main amd64 fonts-freefont-ttf all 20211204+svn4273-2 [5641 kB]
2026-10-07T19:51:11.7405401Z Get:4 http://azure.archive.ubuntu.com/ubuntu noble/universe amd64 fonts-tlwg-loma-otf all 1:0.7.3-1 [107 kB]
2026-10-07T19:51:11.8140699Z Get:5 http://azure.archive.ubuntu.com/ubuntu noble/universe amd64 fonts-unifont all 1:15.1.01-1build1 [2993 kB]
2026-10-07T19:51:11.9127990Z Get:6 http://azure.archive.ubuntu.com/ubuntu noble/universe amd64 fonts-wqy-zenhei all 0.9.45-8 [7472 kB]
2026-10-07T19:51:12.1431570Z Get:7 http://azure.archive.ubuntu.com/ubuntu noble/main amd64 libproxy1v5 amd64 0.5.4-4build1 [26.5 kB]
2026-10-07T19:51:12.2159302Z Get:8 http://azure.archive.ubuntu.com/ubuntu noble/main amd64 glib-networking-common all 2.80.0-1build1 [6702 B]
2026-10-07T19:51:12.2884740Z Get:9 http://azure.archive.ubuntu.com/ubuntu noble/main amd64 glib-networking-services amd64 2.80.0-1build1 [12.8 kB]
2026-10-07T19:51:12.3621952Z Get:10 http://azure.archive.ubuntu.com/ubuntu noble/main amd64 session-migration amd64 0.3.9build1 [9034 B]
2026-10-07T19:51:12.4350745Z Get:11 http://azure.archive.ubuntu.com/ubuntu noble-updates/main amd64 gsettings-desktop-schemas all 46.1-0ubuntu1 [35.6 kB]
2026-10-07T19:51:12.5080072Z Get:12 http://azure.archive.ubuntu.com/ubuntu noble/main amd64 glib-networking amd64 2.80.0-1build1 [64.1 kB]
2026-10-07T19:51:12.5857783Z Get:13 http://azure.archive.ubuntu.com/ubuntu noble-updates/universe amd64 libva2 amd64 2.20.0-2ubuntu0.2 [66.4 kB]
2026-10-07T19:51:12.6587765Z Get:14 http://azure.archive.ubuntu.com/ubuntu noble-updates/universe amd64 libva-drm2 amd64 2.20.0-2ubuntu0.2 [7124 B]
2026-10-07T19:51:12.7347822Z Get:15 http://azure.archive.ubuntu.com/ubuntu noble-updates/universe amd64 libva-x11-2 amd64 2.20.0-2ubuntu0.2 [12.0 kB]
2026-10-07T19:51:12.8107856Z Get:16 http://azure.archive.ubuntu.com/ubuntu noble/main amd64 libvdpau1 amd64 1.5-2build1 [27.8 kB]
2026-10-07T19:51:12.8871237Z Get:17 http://azure.archive.ubuntu.com/ubuntu noble/universe amd64 libvpl2 amd64 2023.3.0-1build1 [99.8 kB]
2026-10-07T19:51:12.9661920Z Get:18 http://azure.archive.ubuntu.com/ubuntu noble/universe amd64 ocl-icd-libopencl1 amd64 2.3.2-1build1 [38.5 kB]
2026-10-07T19:51:13.0427308Z Get:19 http://azure.archive.ubuntu.com/ubuntu noble/universe amd64 libavutil58 amd64 7:6.1.1-3ubuntu5 [401 kB]
2026-10-07T19:51:13.1340548Z Get:20 http://azure.archive.ubuntu.com/ubuntu noble/universe amd64 libcodec2-1.2 amd64 1.2.0-2build1 [8998 kB]
2026-10-07T19:51:13.4709573Z Get:21 http://azure.archive.ubuntu.com/ubuntu noble/universe amd64 libdav1d7 amd64 1.4.1-1build1 [604 kB]
2026-10-07T19:51:13.5517739Z Get:22 http://azure.archive.ubuntu.com/ubuntu noble/universe amd64 libgsm1 amd64 1.0.22-1build1 [27.8 kB]
2026-10-07T19:51:13.6300140Z Get:23 http://azure.archive.ubuntu.com/ubuntu noble/universe amd64 libhwy1t64 amd64 1.0.7-8.1build1 [584 kB]
2026-10-07T19:51:13.7102311Z Get:24 http://azure.archive.ubuntu.com/ubuntu noble-updates/universe amd64 libjxl0.7 amd64 0.7.0-10.2ubuntu6.1 [1001 kB]
2026-10-07T19:51:13.7947058Z Get:25 http://azure.archive.ubuntu.com/ubuntu noble/main amd64 libmp3lame0 amd64 3.100-6build1 [142 kB]
2026-10-07T19:51:23.5928886Z Get:26 http://azure.archive.ubuntu.com/ubuntu noble/main amd64 libopus0 amd64 1.4-1build1 [208 kB]
2026-10-07T19:51:23.6707766Z Get:27 http://azure.archive.ubuntu.com/ubuntu noble/universe amd64 librav1e0 amd64 0.7.1-2 [1022 kB]
2026-10-07T19:51:23.7544843Z Get:28 http://azure.archive.ubuntu.com/ubuntu noble-updates/main amd64 librsvg2-2 amd64 2.58.0+dfsg-1ubuntu0.1 [2141 kB]
2026-10-07T19:51:23.8518001Z Get:29 http://azure.archive.ubuntu.com/ubuntu noble/universe amd64 libshine3 amd64 3.1.1-2build1 [23.2 kB]
2026-10-07T19:51:23.9242212Z Get:30 http://azure.archive.ubuntu.com/ubuntu noble-updates/main amd64 libspeex1 amd64 1.2.1-2ubuntu2.24.04.1 [59.6 kB]
2026-10-07T19:51:23.9967812Z Get:31 http://azure.archive.ubuntu.com/ubuntu noble/universe amd64 libsvtav1enc1d1 amd64 1.7.0+dfsg-2build1 [2425 kB]
2026-10-07T19:51:24.0904922Z Get:32 http://azure.archive.ubuntu.com/ubuntu noble/universe amd64 libsoxr0 amd64 0.1.3-4build3 [80.0 kB]
2026-10-07T19:51:24.1625864Z Get:33 http://azure.archive.ubuntu.com/ubuntu noble/universe amd64 libswresample4 amd64 7:6.1.1-3ubuntu5 [63.8 kB]
2026-10-07T19:51:24.2349467Z Get:34 http://azure.archive.ubuntu.com/ubuntu noble/main amd64 libtheora0 amd64 1.1.1+dfsg.1-16.1build3 [211 kB]
2026-10-07T19:51:24.3095696Z Get:35 http://azure.archive.ubuntu.com/ubuntu noble/main amd64 libtwolame0 amd64 0.4.0-2build3 [52.3 kB]
2026-10-07T19:51:24.3826575Z Get:36 http://azure.archive.ubuntu.com/ubuntu noble/main amd64 libvorbisenc2 amd64 1.3.7-1build3 [80.8 kB]
2026-10-07T19:51:24.4564215Z Get:37 http://azure.archive.ubuntu.com/ubuntu noble-updates/main amd64 libvpx9 amd64 1.14.0-1ubuntu2.3 [1143 kB]
2026-10-07T19:51:24.5490763Z Get:38 http://azure.archive.ubuntu.com/ubuntu noble/universe amd64 libx264-164 amd64 2:0.164.3108+git31e19f9-1 [604 kB]
2026-10-07T19:51:24.6381912Z Get:39 http://azure.archive.ubuntu.com/ubuntu noble/universe amd64 libx265-199 amd64 3.5-2build1 [1226 kB]
2026-10-07T19:51:24.7274695Z Get:40 http://azure.archive.ubuntu.com/ubuntu noble/universe amd64 libxvidcore4 amd64 2:1.3.7-1build1 [219 kB]
2026-10-07T19:51:24.8015666Z Get:41 http://azure.archive.ubuntu.com/ubuntu noble/universe amd64 libzvbi-common all 0.2.42-2 [42.4 kB]
2026-10-07T19:51:24.8749843Z Get:42 http://azure.archive.ubuntu.com/ubuntu noble/universe amd64 libzvbi0t64 amd64 0.2.42-2 [261 kB]
2026-10-07T19:51:24.9500433Z Get:43 http://azure.archive.ubuntu.com/ubuntu noble/universe amd64 libavcodec60 amd64 7:6.1.1-3ubuntu5 [5851 kB]
2026-10-07T19:51:25.1331058Z Get:44 http://azure.archive.ubuntu.com/ubuntu noble-updates/main amd64 libfreetype6 amd64 2.13.2+dfsg-1ubuntu0.2 [403 kB]
2026-10-07T19:51:25.2075211Z Get:45 http://azure.archive.ubuntu.com/ubuntu noble/universe amd64 libunibreak5 amd64 5.1-2build1 [25.0 kB]
2026-10-07T19:51:25.2810689Z Get:46 http://azure.archive.ubuntu.com/ubuntu noble/universe amd64 libass9 amd64 1:0.17.1-2build1 [104 kB]
2026-10-07T19:51:25.3534333Z Get:47 http://azure.archive.ubuntu.com/ubuntu noble/universe amd64 libudfread0 amd64 1.1.2-1build1 [19.0 kB]
2026-10-07T19:51:25.4258758Z Get:48 http://azure.archive.ubuntu.com/ubuntu noble/universe amd64 libbluray2 amd64 1:1.3.4-1build1 [159 kB]
2026-10-07T19:51:25.4987618Z Get:49 http://azure.archive.ubuntu.com/ubuntu noble/universe amd64 libchromaprint1 amd64 1.5.1-5 [30.5 kB]
2026-10-07T19:51:35.3262459Z Get:50 http://azure.archive.ubuntu.com/ubuntu noble/universe amd64 libgme0 amd64 0.6.3-7build1 [134 kB]
2026-10-07T19:51:35.4014145Z Get:51 http://azure.archive.ubuntu.com/ubuntu noble-updates/main amd64 libmpg123-0t64 amd64 1.32.5-1ubuntu1.1 [169 kB]
2026-10-07T19:51:46.0301668Z Get:52 http://azure.archive.ubuntu.com/ubuntu noble/universe amd64 libopenmpt0t64 amd64 0.7.3-1.1build3 [647 kB]
2026-10-07T19:51:46.1067134Z Get:53 http://azure.archive.ubuntu.com/ubuntu noble/universe amd64 libcjson1 amd64 1.7.17-1 [24.8 kB]
2026-10-07T19:51:46.1794629Z Get:54 http://azure.archive.ubuntu.com/ubuntu noble/universe amd64 libmbedcrypto7t64 amd64 2.28.8-1 [209 kB]
2026-10-07T19:51:46.2535119Z Get:55 http://azure.archive.ubuntu.com/ubuntu noble/universe amd64 librist4 amd64 0.2.10+dfsg-2 [74.9 kB]
2026-10-07T19:51:46.3269082Z Get:56 http://azure.archive.ubuntu.com/ubuntu noble/universe amd64 libsrt1.5-gnutls amd64 1.5.3-1build2 [316 kB]
2026-10-07T19:51:46.4024606Z Get:57 http://azure.archive.ubuntu.com/ubuntu noble-updates/main amd64 libssh-gcrypt-4 amd64 0.10.6-2ubuntu0.5 [226 kB]
2026-10-07T19:51:46.4762120Z Get:58 http://azure.archive.ubuntu.com/ubuntu noble/universe amd64 libavformat60 amd64 7:6.1.1-3ubuntu5 [1153 kB]
2026-10-07T19:51:46.5568679Z Get:59 http://azure.archive.ubuntu.com/ubuntu noble/universe amd64 libbs2b0 amd64 3.1.0+dfsg-7build1 [10.6 kB]
2026-10-07T19:51:46.6333977Z Get:60 http://azure.archive.ubuntu.com/ubuntu noble/universe amd64 libflite1 amd64 2.2-6build3 [13.6 MB]
2026-10-07T19:51:47.0054446Z Get:61 http://azure.archive.ubuntu.com/ubuntu noble/universe amd64 libserd-0-0 amd64 0.32.2-1 [43.6 kB]
2026-10-07T19:51:47.0826285Z Get:62 http://azure.archive.ubuntu.com/ubuntu noble/universe amd64 libzix-0-0 amd64 0.4.2-2build1 [23.6 kB]
2026-10-07T19:51:47.1614887Z Get:63 http://azure.archive.ubuntu.com/ubuntu noble/universe amd64 libsord-0-0 amd64 0.16.16-2build1 [15.8 kB]
2026-10-07T19:51:47.2333243Z Get:64 http://azure.archive.ubuntu.com/ubuntu noble/universe amd64 libsratom-0-0 amd64 0.6.16-1build1 [17.3 kB]
2026-10-07T19:51:47.3055752Z Get:65 http://azure.archive.ubuntu.com/ubuntu noble/universe amd64 liblilv-0-0 amd64 0.24.22-1build1 [41.0 kB]
2026-10-07T19:51:47.3793571Z Get:66 http://azure.archive.ubuntu.com/ubuntu noble/universe amd64 libmysofa1 amd64 1.3.2+dfsg-2ubuntu2 [1158 kB]
2026-10-07T19:51:47.4599515Z Get:67 http://azure.archive.ubuntu.com/ubuntu noble/universe amd64 libplacebo338 amd64 6.338.2-2build1 [2654 kB]
2026-10-07T19:51:47.5653624Z Get:68 http://azure.archive.ubuntu.com/ubuntu noble-updates/main amd64 libblas3 amd64 3.12.0-3build1.1 [238 kB]
2026-10-07T19:51:47.6439785Z Get:69 http://azure.archive.ubuntu.com/ubuntu noble-updates/main amd64 liblapack3 amd64 3.12.0-3build1.1 [2646 kB]
2026-10-07T19:51:47.7445927Z Get:70 http://azure.archive.ubuntu.com/ubuntu noble/main amd64 libasyncns0 amd64 0.8-6build4 [11.3 kB]
2026-10-07T19:51:47.8237350Z Get:71 http://azure.archive.ubuntu.com/ubuntu noble/main amd64 libflac12t64 amd64 1.4.3+ds-2.1ubuntu2 [197 kB]
2026-10-07T19:51:47.9013991Z Get:72 http://azure.archive.ubuntu.com/ubuntu noble-updates/main amd64 libsndfile1 amd64 1.2.2-1ubuntu5.24.04.1 [209 kB]
2026-10-07T19:51:47.9827612Z Get:73 http://azure.archive.ubuntu.com/ubuntu noble-updates/main amd64 libpulse0 amd64 1:16.1+dfsg1-2ubuntu10.1 [292 kB]
2026-10-07T19:51:48.0631593Z Get:74 http://azure.archive.ubuntu.com/ubuntu noble/universe amd64 libsphinxbase3t64 amd64 0.8+5prealpha+1-17build2 [126 kB]
2026-10-07T19:51:48.1411328Z Get:75 http://azure.archive.ubuntu.com/ubuntu noble/universe amd64 libpocketsphinx3 amd64 0.8.0+real5prealpha+1-15ubuntu5 [133 kB]
2026-10-07T19:51:58.4682918Z Get:76 http://azure.archive.ubuntu.com/ubuntu noble/universe amd64 libpostproc57 amd64 7:6.1.1-3ubuntu5 [49.9 kB]
2026-10-07T19:51:58.5468069Z Get:77 http://azure.archive.ubuntu.com/ubuntu noble/main amd64 libsamplerate0 amd64 0.2.2-4build1 [1344 kB]
2026-10-07T19:51:58.6348122Z Get:78 http://azure.archive.ubuntu.com/ubuntu noble/universe amd64 librubberband2 amd64 3.3.0+dfsg-2build1 [130 kB]
2026-10-07T19:51:58.7132398Z Get:79 http://azure.archive.ubuntu.com/ubuntu noble/universe amd64 libswscale7 amd64 7:6.1.1-3ubuntu5 [193 kB]
2026-10-07T19:51:58.7909807Z Get:80 http://azure.archive.ubuntu.com/ubuntu noble/universe amd64 libvidstab1.1 amd64 1.1.0-2build1 [38.5 kB]
2026-10-07T19:51:58.8670793Z Get:81 http://azure.archive.ubuntu.com/ubuntu noble/universe amd64 libzimg2 amd64 3.0.5+ds1-1build1 [254 kB]
2026-10-07T19:51:58.9462797Z Get:82 http://azure.archive.ubuntu.com/ubuntu noble/universe amd64 libavfilter9 amd64 7:6.1.1-3ubuntu5 [4235 kB]
2026-10-07T19:51:59.1101628Z Get:83 http://azure.archive.ubuntu.com/ubuntu noble-updates/main amd64 liborc-0.4-0t64 amd64 1:0.4.38-1ubuntu0.1 [207 kB]
2026-10-07T19:51:59.1875646Z Get:84 http://azure.archive.ubuntu.com/ubuntu noble-updates/main amd64 libgstreamer-plugins-base1.0-0 amd64 1.24.2-1ubuntu0.5 [862 kB]
2026-10-07T19:51:59.2729304Z Get:85 http://azure.archive.ubuntu.com/ubuntu noble/universe amd64 gstreamer1.0-libav amd64 1.24.1-1build1 [103 kB]
2026-10-07T19:51:59.3497519Z Get:86 http://azure.archive.ubuntu.com/ubuntu noble/main amd64 libcdparanoia0 amd64 3.10.2+debian-14build3 [48.5 kB]
2026-10-07T19:52:09.6037573Z Get:87 http://azure.archive.ubuntu.com/ubuntu noble/main amd64 libvisual-0.4-0 amd64 0.4.2-2build1 [115 kB]
2026-10-07T19:52:09.7518938Z Get:88 http://azure.archive.ubuntu.com/ubuntu noble-updates/main amd64 gstreamer1.0-plugins-base amd64 1.24.2-1ubuntu0.5 [721 kB]
2026-10-07T19:52:09.8764835Z Get:89 http://azure.archive.ubuntu.com/ubuntu noble/main amd64 libaa1 amd64 1.4p5-51.1 [49.9 kB]
2026-10-07T19:52:09.9526528Z Get:90 http://azure.archive.ubuntu.com/ubuntu noble/main amd64 libraw1394-11 amd64 2.1.2-2build3 [26.2 kB]
2026-10-07T19:52:10.0284216Z Get:91 http://azure.archive.ubuntu.com/ubuntu noble/main amd64 libavc1394-0 amd64 0.5.4-5build3 [15.4 kB]
2026-10-07T19:52:10.1040552Z Get:92 http://azure.archive.ubuntu.com/ubuntu noble-updates/main amd64 libcaca0 amd64 0.99.beta20-4ubuntu0.2 [209 kB]
2026-10-07T19:52:10.1810724Z Get:93 http://azure.archive.ubuntu.com/ubuntu noble/main amd64 libdv4t64 amd64 1.0.0-17.1build1 [63.2 kB]
2026-10-07T19:52:10.2571073Z Get:94 http://azure.archive.ubuntu.com/ubuntu noble-updates/main amd64 libgstreamer-plugins-good1.0-0 amd64 1.24.2-1ubuntu1.8 [34.3 kB]
2026-10-07T19:52:20.3551521Z Get:95 http://azure.archive.ubuntu.com/ubuntu noble/main amd64 libiec61883-0 amd64 1.2.0-6build1 [24.5 kB]
2026-10-07T19:52:20.4312193Z Get:96 http://azure.archive.ubuntu.com/ubuntu noble/main amd64 libshout3 amd64 2.4.6-1build2 [50.3 kB]
2026-10-07T19:52:20.5122466Z Get:97 http://azure.archive.ubuntu.com/ubuntu noble/main amd64 libtag1v5-vanilla amd64 1.13.1-1build1 [326 kB]
2026-10-07T19:52:20.5902453Z Get:98 http://azure.archive.ubuntu.com/ubuntu noble/main amd64 libtag1v5 amd64 1.13.1-1build1 [11.7 kB]
2026-10-07T19:52:20.6658582Z Get:99 http://azure.archive.ubuntu.com/ubuntu noble/main amd64 libv4lconvert0t64 amd64 1.26.1-4build3 [87.6 kB]
2026-10-07T19:52:20.7419434Z Get:100 http://azure.archive.ubuntu.com/ubuntu noble/main amd64 libv4l-0t64 amd64 1.26.1-4build3 [46.9 kB]
2026-10-07T19:52:20.8181646Z Get:101 http://azure.archive.ubuntu.com/ubuntu noble/main amd64 libwavpack1 amd64 5.6.0-1build1 [84.6 kB]
2026-10-07T19:52:20.8970689Z Get:102 http://azure.archive.ubuntu.com/ubuntu noble-updates/main amd64 libsoup-3.0-common all 3.4.4-5ubuntu0.9 [12.3 kB]
2026-10-07T19:52:20.9727910Z Get:103 http://azure.archive.ubuntu.com/ubuntu noble-updates/main amd64 libsoup-3.0-0 amd64 3.4.4-5ubuntu0.9 [291 kB]
2026-10-07T19:52:48.7303175Z Get:104 http://azure.archive.ubuntu.com/ubuntu noble-updates/main amd64 gstreamer1.0-plugins-good amd64 1.24.2-1ubuntu1.8 [2236 kB]
2026-10-07T19:52:49.0183929Z Get:105 http://azure.archive.ubuntu.com/ubuntu noble-updates/main amd64 libabsl20220623t64 amd64 20220623.1-3.1ubuntu3.2 [423 kB]
2026-10-07T19:52:49.0996299Z Get:106 http://azure.archive.ubuntu.com/ubuntu noble/universe amd64 libgav1-1 amd64 0.18.0-1build3 [357 kB]
2026-10-07T19:52:49.1794365Z Get:107 http://azure.archive.ubuntu.com/ubuntu noble/universe amd64 libyuv0 amd64 0.0~git202401110.af6ac82-1 [178 kB]
2026-10-07T19:52:49.2565156Z Get:108 http://azure.archive.ubuntu.com/ubuntu noble/universe amd64 libavif16 amd64 1.0.4-1ubuntu3 [91.2 kB]
2026-10-07T19:53:02.1138259Z Get:109 http://azure.archive.ubuntu.com/ubuntu noble/universe amd64 libavtp0 amd64 0.2.0-1build1 [6414 B]
2026-10-07T19:53:02.1876656Z Get:110 http://azure.archive.ubuntu.com/ubuntu noble/main amd64 libcairo-script-interpreter2 amd64 1.18.0-3build1 [60.3 kB]
2026-10-07T19:53:02.2645596Z Get:111 http://azure.archive.ubuntu.com/ubuntu noble/universe amd64 libdc1394-25 amd64 2.2.6-4build1 [90.1 kB]
2026-10-07T19:53:02.3424371Z Get:112 http://azure.archive.ubuntu.com/ubuntu noble-updates/main amd64 libde265-0 amd64 1.0.15-1ubuntu0.1 [167 kB]
2026-10-07T19:53:02.4263782Z Get:113 http://azure.archive.ubuntu.com/ubuntu noble/main amd64 libdecor-0-0 amd64 0.2.2-1build2 [16.5 kB]
2026-10-07T19:53:02.4994074Z Get:114 http://azure.archive.ubuntu.com/ubuntu noble/main amd64 libgles2 amd64 1.7.0-1build1 [17.1 kB]
2026-10-07T19:53:02.5768943Z Get:115 http://azure.archive.ubuntu.com/ubuntu noble/universe amd64 libdirectfb-1.7-7t64 amd64 1.7.7-11.1ubuntu2 [1035 kB]
2026-10-07T19:53:02.7225661Z Get:116 http://azure.archive.ubuntu.com/ubuntu noble/universe amd64 libdvdread8t64 amd64 6.1.3-1.1build1 [54.7 kB]
2026-10-07T19:53:02.7980720Z Get:117 http://azure.archive.ubuntu.com/ubuntu noble/universe amd64 libdvdnav4 amd64 6.1.1-3build1 [39.5 kB]
2026-10-07T19:53:02.8768455Z Get:118 http://azure.archive.ubuntu.com/ubuntu noble-updates/main amd64 libegl-mesa0 amd64 25.2.8-0ubuntu0.24.04.4 [117 kB]
2026-10-07T19:53:02.9571908Z Get:119 http://azure.archive.ubuntu.com/ubuntu noble-updates/main amd64 libevent-2.1-7t64 amd64 2.1.12-stable-9ubuntu2.2 [146 kB]
2026-10-07T19:53:03.0371698Z Get:120 http://azure.archive.ubuntu.com/ubuntu noble/universe amd64 libfaad2 amd64 2.11.1-1build1 [207 kB]
2026-10-07T19:53:03.1184115Z Get:121 http://azure.archive.ubuntu.com/ubuntu noble/universe amd64 libinstpatch-1.0-2 amd64 1.1.6-1build2 [251 kB]
2026-10-07T19:53:03.2082541Z Get:122 http://azure.archive.ubuntu.com/ubuntu noble/main amd64 libjack-jackd2-0 amd64 1.9.21~dfsg-3ubuntu3 [289 kB]
2026-10-07T19:53:03.3049887Z Get:123 http://azure.archive.ubuntu.com/ubuntu noble/main amd64 libwebrtc-audio-processing1 amd64 0.3.1-0ubuntu6 [290 kB]
2026-10-07T19:53:03.3999677Z Get:124 http://azure.archive.ubuntu.com/ubuntu noble-updates/main amd64 libspa-0.2-modules amd64 1.0.5-1ubuntu3.3 [628 kB]
2026-10-07T19:53:03.5047903Z Get:125 http://azure.archive.ubuntu.com/ubuntu noble-updates/main amd64 libpipewire-0.3-0t64 amd64 1.0.5-1ubuntu3.3 [252 kB]
2026-10-07T19:53:17.6700743Z Get:126 http://azure.archive.ubuntu.com/ubuntu noble-updates/main amd64 libsdl2-2.0-0 amd64 2.30.0+dfsg-1ubuntu3.1 [686 kB]
2026-10-07T19:53:17.7748487Z Get:127 http://azure.archive.ubuntu.com/ubuntu noble/universe amd64 timgm6mb-soundfont all 1.3-5 [5427 kB]
2026-10-07T19:53:18.0333224Z Get:128 http://azure.archive.ubuntu.com/ubuntu noble/universe amd64 libfluidsynth3 amd64 2.3.4-1build3 [249 kB]
2026-10-07T19:53:18.1079614Z Get:129 http://azure.archive.ubuntu.com/ubuntu noble/main amd64 libfreeaptx0 amd64 0.1.1-2build1 [13.5 kB]
2026-10-07T19:53:18.1805782Z Get:130 http://azure.archive.ubuntu.com/ubuntu noble/main amd64 libgraphene-1.0-0 amd64 1.10.8-3build2 [46.2 kB]
2026-10-07T19:53:18.2557494Z Get:131 http://azure.archive.ubuntu.com/ubuntu noble/main amd64 libgssdp-1.6-0 amd64 1.6.3-1build3 [40.4 kB]
2026-10-07T19:53:18.3284107Z Get:132 http://azure.archive.ubuntu.com/ubuntu noble/main amd64 libegl1 amd64 1.7.0-1build1 [28.7 kB]
2026-10-07T19:53:18.4012068Z Get:133 http://azure.archive.ubuntu.com/ubuntu noble-updates/main amd64 libgstreamer-gl1.0-0 amd64 1.24.2-1ubuntu0.5 [214 kB]
2026-10-07T19:53:18.4753771Z Get:134 http://azure.archive.ubuntu.com/ubuntu noble-updates/main amd64 libgtk-4-common all 4.14.5+ds-0ubuntu0.10 [1497 kB]
2026-10-07T19:53:18.5643051Z Get:135 http://azure.archive.ubuntu.com/ubuntu noble-updates/main amd64 libgtk-4-1 amd64 4.14.5+ds-0ubuntu0.10 [3295 kB]
2026-10-07T19:53:18.7108250Z Get:136 http://azure.archive.ubuntu.com/ubuntu noble/main amd64 libgupnp-1.6-0 amd64 1.6.6-1build3 [92.7 kB]
2026-10-07T19:53:18.7848024Z Get:137 http://azure.archive.ubuntu.com/ubuntu noble/universe amd64 libgupnp-igd-1.6-0 amd64 1.6.0-3build3 [16.5 kB]
2026-10-07T19:53:18.8575038Z Get:138 http://azure.archive.ubuntu.com/ubuntu noble/main amd64 libharfbuzz-icu0 amd64 8.3.0-2build2 [13.3 kB]
2026-10-07T19:53:18.9300890Z Get:139 http://azure.archive.ubuntu.com/ubuntu noble/main amd64 libhyphen0 amd64 2.8.8-7build3 [26.5 kB]
2026-10-07T19:53:19.0029749Z Get:140 http://azure.archive.ubuntu.com/ubuntu noble/universe amd64 libimath-3-1-29t64 amd64 3.1.9-3.1ubuntu2 [72.2 kB]
2026-10-07T19:53:19.0820543Z Get:141 http://azure.archive.ubuntu.com/ubuntu noble/main amd64 liblc3-1 amd64 1.0.4-3build1 [69.7 kB]
2026-10-07T19:53:32.7412602Z Get:142 http://azure.archive.ubuntu.com/ubuntu noble/main amd64 libldacbt-enc2 amd64 2.0.2.3+git20200429+ed310a0-4ubuntu2 [27.1 kB]
2026-10-07T19:53:32.8178381Z Get:143 http://azure.archive.ubuntu.com/ubuntu noble-updates/main amd64 libraptor2-0 amd64 2.0.16-3ubuntu0.1 [165 kB]
2026-10-07T19:53:32.8912363Z Get:144 http://azure.archive.ubuntu.com/ubuntu noble/universe amd64 liblrdf0 amd64 0.6.1-4build1 [18.5 kB]
2026-10-07T19:53:32.9670659Z Get:145 http://azure.archive.ubuntu.com/ubuntu noble/universe amd64 libltc11 amd64 1.3.2-1build1 [13.0 kB]
2026-10-07T19:53:45.8817112Z Get:146 http://azure.archive.ubuntu.com/ubuntu noble/main amd64 libmanette-0.2-0 amd64 0.2.7-1build2 [30.6 kB]
2026-10-07T19:53:45.9547459Z Get:147 http://azure.archive.ubuntu.com/ubuntu noble/universe amd64 libmfx1 amd64 22.5.4-1 [3124 kB]
2026-10-07T19:53:46.0618962Z Get:148 http://azure.archive.ubuntu.com/ubuntu noble/universe amd64 libmjpegutils-2.1-0t64 amd64 1:2.1.0+debian-8.1build1 [25.5 kB]
2026-10-07T19:53:59.3804114Z Get:149 http://azure.archive.ubuntu.com/ubuntu noble/universe amd64 libmodplug1 amd64 1:0.8.9.0-3build1 [166 kB]
2026-10-07T19:53:59.4559695Z Get:150 http://azure.archive.ubuntu.com/ubuntu noble/universe amd64 libmpcdec6 amd64 2:0.1~r495-2build1 [32.7 kB]
2026-10-07T19:53:59.5322671Z Get:151 http://azure.archive.ubuntu.com/ubuntu noble/universe amd64 libmpeg2encpp-2.1-0t64 amd64 1:2.1.0+debian-8.1build1 [75.6 kB]
2026-10-07T19:53:59.6069276Z Get:152 http://azure.archive.ubuntu.com/ubuntu noble/universe amd64 libmplex2-2.1-0t64 amd64 1:2.1.0+debian-8.1build1 [46.1 kB]
2026-10-07T19:53:59.6804652Z Get:153 http://azure.archive.ubuntu.com/ubuntu noble/universe amd64 libneon27t64 amd64 0.33.0-1.1build3 [102 kB]
2026-10-07T19:53:59.7535714Z Get:154 http://azure.archive.ubuntu.com/ubuntu noble/universe amd64 libnice10 amd64 0.1.21-2build3 [157 kB]
2026-10-07T19:53:59.8272545Z Get:155 http://azure.archive.ubuntu.com/ubuntu noble/universe amd64 libopenal-data all 1:1.23.1-4build1 [161 kB]
2026-10-07T19:54:13.4557398Z Get:156 http://azure.archive.ubuntu.com/ubuntu noble/universe amd64 libopenexr-3-1-30 amd64 3.1.5-5.1build3 [1004 kB]
2026-10-07T19:54:13.5376333Z Get:157 http://azure.archive.ubuntu.com/ubuntu noble/universe amd64 libopenh264-7 amd64 2.4.1+dfsg-1 [409 kB]
2026-10-07T19:54:13.6136397Z Get:158 http://azure.archive.ubuntu.com/ubuntu noble/universe amd64 libopenni2-0 amd64 2.2.0.33+dfsg-18 [370 kB]
2026-10-07T19:54:13.6914118Z Get:159 http://azure.archive.ubuntu.com/ubuntu noble/universe amd64 libqrencode4 amd64 4.1.1-1build2 [25.0 kB]
2026-10-07T19:54:26.2572404Z Get:160 http://azure.archive.ubuntu.com/ubuntu noble/main amd64 libsecret-common all 0.21.4-1build3 [4962 B]
2026-10-07T19:54:26.3329281Z Get:161 http://azure.archive.ubuntu.com/ubuntu noble/main amd64 libsecret-1-0 amd64 0.21.4-1build3 [116 kB]
2026-10-07T19:54:26.4062351Z Get:162 http://azure.archive.ubuntu.com/ubuntu noble/universe amd64 libsndio7.0 amd64 1.9.0-0.3build3 [29.6 kB]
2026-10-07T19:54:26.4791022Z Get:163 http://azure.archive.ubuntu.com/ubuntu noble/universe amd64 libsoundtouch1 amd64 2.3.2+ds1-1build1 [60.5 kB]
2026-10-07T19:54:26.5579299Z Get:164 http://azure.archive.ubuntu.com/ubuntu noble/universe amd64 libspandsp2t64 amd64 0.0.6+dfsg-2.1build1 [311 kB]
2026-10-07T19:54:26.6325510Z Get:165 http://azure.archive.ubuntu.com/ubuntu noble/universe amd64 libsrtp2-1 amd64 2.5.0-3build1 [41.9 kB]
2026-10-07T19:54:26.7059347Z Get:166 http://azure.archive.ubuntu.com/ubuntu noble/main amd64 libwayland-server0 amd64 1.22.0-2.1build1 [33.9 kB]
2026-10-07T19:54:26.7833538Z Get:167 http://azure.archive.ubuntu.com/ubuntu noble/universe amd64 libwildmidi2 amd64 0.4.3-1build3 [68.5 kB]
2026-10-07T19:54:26.8630237Z Get:168 http://azure.archive.ubuntu.com/ubuntu noble/main amd64 libwoff1 amd64 1.0.2-2build1 [45.3 kB]
2026-10-07T19:54:26.9567609Z Get:169 http://azure.archive.ubuntu.com/ubuntu noble/main amd64 libxcb-xkb1 amd64 1.15-1ubuntu2 [32.3 kB]
2026-10-07T19:54:27.0313493Z Get:170 http://azure.archive.ubuntu.com/ubuntu noble/main amd64 libxkbcommon-x11-0 amd64 1.6.0-1build1 [14.5 kB]
2026-10-07T19:54:27.1060591Z Get:171 http://azure.archive.ubuntu.com/ubuntu noble/universe amd64 libzbar0t64 amd64 0.23.93-4build3 [123 kB]
2026-10-07T19:54:27.1798601Z Get:172 http://azure.archive.ubuntu.com/ubuntu noble/universe amd64 libzxing3 amd64 2.2.1-3 [583 kB]
2026-10-07T19:54:27.2576889Z Get:173 http://azure.archive.ubuntu.com/ubuntu noble/main amd64 xfonts-encodings all 1:1.0.5-0ubuntu2 [578 kB]
2026-10-07T19:54:27.3387369Z Get:174 http://azure.archive.ubuntu.com/ubuntu noble/main amd64 xfonts-utils amd64 1:7.7+6build3 [94.4 kB]
2026-10-07T19:54:27.4125245Z Get:175 http://azure.archive.ubuntu.com/ubuntu noble/universe amd64 xfonts-cyrillic all 1:1.0.5+nmu1 [384 kB]
2026-10-07T19:54:27.4905899Z Get:176 http://azure.archive.ubuntu.com/ubuntu noble/main amd64 xfonts-scalable all 1:1.0.3-1.3 [304 kB]
2026-10-07T19:54:27.5708154Z Get:177 http://azure.archive.ubuntu.com/ubuntu noble/universe amd64 libgstreamer-plugins-bad1.0-0 amd64 1.24.2-1ubuntu4 [797 kB]
2026-10-07T19:54:27.6525173Z Get:178 http://azure.archive.ubuntu.com/ubuntu noble/universe amd64 libdca0 amd64 0.0.7-2build1 [93.8 kB]
2026-10-07T19:54:27.7267421Z Get:179 http://azure.archive.ubuntu.com/ubuntu noble/universe amd64 libopenal1 amd64 1:1.23.1-4build1 [540 kB]
2026-10-07T19:54:40.1332599Z Get:180 http://azure.archive.ubuntu.com/ubuntu noble/main amd64 libsbc1 amd64 2.0-1build1 [33.9 kB]
2026-10-07T19:54:40.2077611Z Get:181 http://azure.archive.ubuntu.com/ubuntu noble/universe amd64 libvo-aacenc0 amd64 0.1.3-2build1 [67.8 kB]
2026-10-07T19:54:40.2838118Z Get:182 http://azure.archive.ubuntu.com/ubuntu noble/universe amd64 libvo-amrwbenc0 amd64 0.1.3-2build1 [76.7 kB]
2026-10-07T19:54:40.3574077Z Get:183 http://azure.archive.ubuntu.com/ubuntu noble/universe amd64 gstreamer1.0-plugins-bad amd64 1.24.2-1ubuntu4 [3081 kB]
2026-10-07T19:54:40.4551235Z Get:2 http://azure.archive.ubuntu.com/ubuntu noble/universe amd64 fonts-ipafont-gothic all 00303-21ubuntu1 [3513 kB]
2026-10-07T19:54:40.9459234Z Fetched 115 MB in 4min 41s (408 kB/s)
2026-10-07T19:54:40.9925875Z Selecting previously unselected package fonts-ipafont-gothic.
2026-10-07T19:54:41.0530669Z (Reading database ... 
2026-10-07T19:54:41.0531197Z (Reading database ... 5%
2026-10-07T19:54:41.0531714Z (Reading database ... 10%
2026-10-07T19:54:41.0532245Z (Reading database ... 15%
2026-10-07T19:54:41.0532799Z (Reading database ... 20%
2026-10-07T19:54:41.0533322Z (Reading database ... 25%
2026-10-07T19:54:41.0533903Z (Reading database ... 30%
2026-10-07T19:54:41.0534442Z (Reading database ... 35%
2026-10-07T19:54:41.0534962Z (Reading database ... 40%
2026-10-07T19:54:41.0535363Z (Reading database ... 45%
2026-10-07T19:54:41.0535681Z (Reading database ... 50%
2026-10-07T19:54:41.1027151Z (Reading database ... 55%
2026-10-07T19:54:41.5817662Z (Reading database ... 60%
2026-10-07T19:54:41.9448276Z (Reading database ... 65%
2026-10-07T19:54:42.3439254Z (Reading database ... 70%
2026-10-07T19:54:42.8393201Z (Reading database ... 75%
2026-10-07T19:54:43.3273904Z (Reading database ... 80%
2026-10-07T19:54:44.2006148Z (Reading database ... 85%
2026-10-07T19:54:45.0800570Z (Reading database ... 90%
2026-10-07T19:54:45.9404829Z (Reading database ... 95%
2026-10-07T19:54:45.9405515Z (Reading database ... 100%
2026-10-07T19:54:45.9406479Z (Reading database ... 203191 files and directories currently installed.)
2026-10-07T19:54:45.9451840Z Preparing to unpack .../000-fonts-ipafont-gothic_00303-21ubuntu1_all.deb ...
2026-10-07T19:54:45.9544344Z Unpacking fonts-ipafont-gothic (00303-21ubuntu1) ...
2026-10-07T19:54:46.1750623Z Selecting previously unselected package fonts-freefont-ttf.
2026-10-07T19:54:46.1876623Z Preparing to unpack .../001-fonts-freefont-ttf_20211204+svn4273-2_all.deb ...
2026-10-07T19:54:46.1882852Z Unpacking fonts-freefont-ttf (20211204+svn4273-2) ...
2026-10-07T19:54:46.2630959Z Selecting previously unselected package fonts-tlwg-loma-otf.
2026-10-07T19:54:46.2757341Z Preparing to unpack .../002-fonts-tlwg-loma-otf_1%3a0.7.3-1_all.deb ...
2026-10-07T19:54:46.2763663Z Unpacking fonts-tlwg-loma-otf (1:0.7.3-1) ...
2026-10-07T19:54:46.3008571Z Selecting previously unselected package fonts-unifont.
2026-10-07T19:54:46.3133873Z Preparing to unpack .../003-fonts-unifont_1%3a15.1.01-1build1_all.deb ...
2026-10-07T19:54:46.3140495Z Unpacking fonts-unifont (1:15.1.01-1build1) ...
2026-10-07T19:54:46.4236372Z Selecting previously unselected package fonts-wqy-zenhei.
2026-10-07T19:54:46.4363541Z Preparing to unpack .../004-fonts-wqy-zenhei_0.9.45-8_all.deb ...
2026-10-07T19:54:46.4460296Z Unpacking fonts-wqy-zenhei (0.9.45-8) ...
2026-10-07T19:54:46.9022782Z Selecting previously unselected package libproxy1v5:amd64.
2026-10-07T19:54:46.9148416Z Preparing to unpack .../005-libproxy1v5_0.5.4-4build1_amd64.deb ...
2026-10-07T19:54:46.9164562Z Unpacking libproxy1v5:amd64 (0.5.4-4build1) ...
2026-10-07T19:54:46.9413363Z Selecting previously unselected package glib-networking-common.
2026-10-07T19:54:46.9539342Z Preparing to unpack .../006-glib-networking-common_2.80.0-1build1_all.deb ...
2026-10-07T19:54:46.9546573Z Unpacking glib-networking-common (2.80.0-1build1) ...
2026-10-07T19:54:46.9718211Z Selecting previously unselected package glib-networking-services.
2026-10-07T19:54:46.9842782Z Preparing to unpack .../007-glib-networking-services_2.80.0-1build1_amd64.deb ...
2026-10-07T19:54:46.9849078Z Unpacking glib-networking-services (2.80.0-1build1) ...
2026-10-07T19:54:47.0052870Z Selecting previously unselected package session-migration.
2026-10-07T19:54:47.0178543Z Preparing to unpack .../008-session-migration_0.3.9build1_amd64.deb ...
2026-10-07T19:54:47.0184515Z Unpacking session-migration (0.3.9build1) ...
2026-10-07T19:54:47.0462497Z Selecting previously unselected package gsettings-desktop-schemas.
2026-10-07T19:54:47.0590981Z Preparing to unpack .../009-gsettings-desktop-schemas_46.1-0ubuntu1_all.deb ...
2026-10-07T19:54:47.0602452Z Unpacking gsettings-desktop-schemas (46.1-0ubuntu1) ...
2026-10-07T19:54:47.1846717Z Selecting previously unselected package glib-networking:amd64.
2026-10-07T19:54:47.1970983Z Preparing to unpack .../010-glib-networking_2.80.0-1build1_amd64.deb ...
2026-10-07T19:54:47.1976804Z Unpacking glib-networking:amd64 (2.80.0-1build1) ...
2026-10-07T19:54:47.2178724Z Selecting previously unselected package libva2:amd64.
2026-10-07T19:54:47.2301856Z Preparing to unpack .../011-libva2_2.20.0-2ubuntu0.2_amd64.deb ...
2026-10-07T19:54:47.2310076Z Unpacking libva2:amd64 (2.20.0-2ubuntu0.2) ...
2026-10-07T19:54:47.2503639Z Selecting previously unselected package libva-drm2:amd64.
2026-10-07T19:54:47.2631761Z Preparing to unpack .../012-libva-drm2_2.20.0-2ubuntu0.2_amd64.deb ...
2026-10-07T19:54:47.2638352Z Unpacking libva-drm2:amd64 (2.20.0-2ubuntu0.2) ...
2026-10-07T19:54:47.2824866Z Selecting previously unselected package libva-x11-2:amd64.
2026-10-07T19:54:47.2947633Z Preparing to unpack .../013-libva-x11-2_2.20.0-2ubuntu0.2_amd64.deb ...
2026-10-07T19:54:47.2954248Z Unpacking libva-x11-2:amd64 (2.20.0-2ubuntu0.2) ...
2026-10-07T19:54:47.3140448Z Selecting previously unselected package libvdpau1:amd64.
2026-10-07T19:54:47.3262327Z Preparing to unpack .../014-libvdpau1_1.5-2build1_amd64.deb ...
2026-10-07T19:54:47.3269739Z Unpacking libvdpau1:amd64 (1.5-2build1) ...
2026-10-07T19:54:47.3470344Z Selecting previously unselected package libvpl2.
2026-10-07T19:54:47.3593676Z Preparing to unpack .../015-libvpl2_2023.3.0-1build1_amd64.deb ...
2026-10-07T19:54:47.3600330Z Unpacking libvpl2 (2023.3.0-1build1) ...
2026-10-07T19:54:47.3806237Z Selecting previously unselected package ocl-icd-libopencl1:amd64.
2026-10-07T19:54:47.3935455Z Preparing to unpack .../016-ocl-icd-libopencl1_2.3.2-1build1_amd64.deb ...
2026-10-07T19:54:47.3943334Z Unpacking ocl-icd-libopencl1:amd64 (2.3.2-1build1) ...
2026-10-07T19:54:47.4171742Z Selecting previously unselected package libavutil58:amd64.
2026-10-07T19:54:47.4293562Z Preparing to unpack .../017-libavutil58_7%3a6.1.1-3ubuntu5_amd64.deb ...
2026-10-07T19:54:47.4300820Z Unpacking libavutil58:amd64 (7:6.1.1-3ubuntu5) ...
2026-10-07T19:54:47.4535024Z Selecting previously unselected package libcodec2-1.2:amd64.
2026-10-07T19:54:47.4657944Z Preparing to unpack .../018-libcodec2-1.2_1.2.0-2build1_amd64.deb ...
2026-10-07T19:54:47.4664528Z Unpacking libcodec2-1.2:amd64 (1.2.0-2build1) ...
2026-10-07T19:54:47.5389257Z Selecting previously unselected package libdav1d7:amd64.
2026-10-07T19:54:47.5517158Z Preparing to unpack .../019-libdav1d7_1.4.1-1build1_amd64.deb ...
2026-10-07T19:54:47.5524097Z Unpacking libdav1d7:amd64 (1.4.1-1build1) ...
2026-10-07T19:54:47.5799725Z Selecting previously unselected package libgsm1:amd64.
2026-10-07T19:54:47.5927922Z Preparing to unpack .../020-libgsm1_1.0.22-1build1_amd64.deb ...
2026-10-07T19:54:47.5935521Z Unpacking libgsm1:amd64 (1.0.22-1build1) ...
2026-10-07T19:54:47.6142691Z Selecting previously unselected package libhwy1t64:amd64.
2026-10-07T19:54:47.6268924Z Preparing to unpack .../021-libhwy1t64_1.0.7-8.1build1_amd64.deb ...
2026-10-07T19:54:47.6276527Z Unpacking libhwy1t64:amd64 (1.0.7-8.1build1) ...
2026-10-07T19:54:47.6576364Z Selecting previously unselected package libjxl0.7:amd64.
2026-10-07T19:54:47.6702217Z Preparing to unpack .../022-libjxl0.7_0.7.0-10.2ubuntu6.1_amd64.deb ...
2026-10-07T19:54:47.6708951Z Unpacking libjxl0.7:amd64 (0.7.0-10.2ubuntu6.1) ...
2026-10-07T19:54:47.7032080Z Selecting previously unselected package libmp3lame0:amd64.
2026-10-07T19:54:47.7159484Z Preparing to unpack .../023-libmp3lame0_3.100-6build1_amd64.deb ...
2026-10-07T19:54:47.7166656Z Unpacking libmp3lame0:amd64 (3.100-6build1) ...
2026-10-07T19:54:47.7379949Z Selecting previously unselected package libopus0:amd64.
2026-10-07T19:54:47.7505706Z Preparing to unpack .../024-libopus0_1.4-1build1_amd64.deb ...
2026-10-07T19:54:47.7512350Z Unpacking libopus0:amd64 (1.4-1build1) ...
2026-10-07T19:54:47.7724009Z Selecting previously unselected package librav1e0:amd64.
2026-10-07T19:54:47.7847936Z Preparing to unpack .../025-librav1e0_0.7.1-2_amd64.deb ...
2026-10-07T19:54:47.7856331Z Unpacking librav1e0:amd64 (0.7.1-2) ...
2026-10-07T19:54:47.8174210Z Selecting previously unselected package librsvg2-2:amd64.
2026-10-07T19:54:47.8298624Z Preparing to unpack .../026-librsvg2-2_2.58.0+dfsg-1ubuntu0.1_amd64.deb ...
2026-10-07T19:54:47.8305301Z Unpacking librsvg2-2:amd64 (2.58.0+dfsg-1ubuntu0.1) ...
2026-10-07T19:54:47.8745087Z Selecting previously unselected package libshine3:amd64.
2026-10-07T19:54:47.8870017Z Preparing to unpack .../027-libshine3_3.1.1-2build1_amd64.deb ...
2026-10-07T19:54:47.8876932Z Unpacking libshine3:amd64 (3.1.1-2build1) ...
2026-10-07T19:54:47.9067788Z Selecting previously unselected package libspeex1:amd64.
2026-10-07T19:54:47.9193003Z Preparing to unpack .../028-libspeex1_1.2.1-2ubuntu2.24.04.1_amd64.deb ...
2026-10-07T19:54:47.9199761Z Unpacking libspeex1:amd64 (1.2.1-2ubuntu2.24.04.1) ...
2026-10-07T19:54:47.9392266Z Selecting previously unselected package libsvtav1enc1d1:amd64.
2026-10-07T19:54:47.9516397Z Preparing to unpack .../029-libsvtav1enc1d1_1.7.0+dfsg-2build1_amd64.deb ...
2026-10-07T19:54:47.9523709Z Unpacking libsvtav1enc1d1:amd64 (1.7.0+dfsg-2build1) ...
2026-10-07T19:54:47.9975623Z Selecting previously unselected package libsoxr0:amd64.
2026-10-07T19:54:48.0101587Z Preparing to unpack .../030-libsoxr0_0.1.3-4build3_amd64.deb ...
2026-10-07T19:54:48.0108768Z Unpacking libsoxr0:amd64 (0.1.3-4build3) ...
2026-10-07T19:54:48.0304008Z Selecting previously unselected package libswresample4:amd64.
2026-10-07T19:54:48.0428490Z Preparing to unpack .../031-libswresample4_7%3a6.1.1-3ubuntu5_amd64.deb ...
2026-10-07T19:54:48.0435615Z Unpacking libswresample4:amd64 (7:6.1.1-3ubuntu5) ...
2026-10-07T19:54:48.0646707Z Selecting previously unselected package libtheora0:amd64.
2026-10-07T19:54:48.0769773Z Preparing to unpack .../032-libtheora0_1.1.1+dfsg.1-16.1build3_amd64.deb ...
2026-10-07T19:54:48.0777098Z Unpacking libtheora0:amd64 (1.1.1+dfsg.1-16.1build3) ...
2026-10-07T19:54:48.0994448Z Selecting previously unselected package libtwolame0:amd64.
2026-10-07T19:54:48.1116861Z Preparing to unpack .../033-libtwolame0_0.4.0-2build3_amd64.deb ...
2026-10-07T19:54:48.1123873Z Unpacking libtwolame0:amd64 (0.4.0-2build3) ...
2026-10-07T19:54:48.1319256Z Selecting previously unselected package libvorbisenc2:amd64.
2026-10-07T19:54:48.1440376Z Preparing to unpack .../034-libvorbisenc2_1.3.7-1build3_amd64.deb ...
2026-10-07T19:54:48.1446592Z Unpacking libvorbisenc2:amd64 (1.3.7-1build3) ...
2026-10-07T19:54:48.1677232Z Selecting previously unselected package libvpx9:amd64.
2026-10-07T19:54:48.1797658Z Preparing to unpack .../035-libvpx9_1.14.0-1ubuntu2.3_amd64.deb ...
2026-10-07T19:54:48.1804708Z Unpacking libvpx9:amd64 (1.14.0-1ubuntu2.3) ...
2026-10-07T19:54:48.2117482Z Selecting previously unselected package libx264-164:amd64.
2026-10-07T19:54:48.2241129Z Preparing to unpack .../036-libx264-164_2%3a0.164.3108+git31e19f9-1_amd64.deb ...
2026-10-07T19:54:48.2249636Z Unpacking libx264-164:amd64 (2:0.164.3108+git31e19f9-1) ...
2026-10-07T19:54:48.2502041Z Selecting previously unselected package libx265-199:amd64.
2026-10-07T19:54:48.2626167Z Preparing to unpack .../037-libx265-199_3.5-2build1_amd64.deb ...
2026-10-07T19:54:48.2633017Z Unpacking libx265-199:amd64 (3.5-2build1) ...
2026-10-07T19:54:48.3258811Z Selecting previously unselected package libxvidcore4:amd64.
2026-10-07T19:54:48.3389277Z Preparing to unpack .../038-libxvidcore4_2%3a1.3.7-1build1_amd64.deb ...
2026-10-07T19:54:48.3396597Z Unpacking libxvidcore4:amd64 (2:1.3.7-1build1) ...
2026-10-07T19:54:48.3606200Z Selecting previously unselected package libzvbi-common.
2026-10-07T19:54:48.3731267Z Preparing to unpack .../039-libzvbi-common_0.2.42-2_all.deb ...
2026-10-07T19:54:48.3737990Z Unpacking libzvbi-common (0.2.42-2) ...
2026-10-07T19:54:48.4365438Z Selecting previously unselected package libzvbi0t64:amd64.
2026-10-07T19:54:48.4488550Z Preparing to unpack .../040-libzvbi0t64_0.2.42-2_amd64.deb ...
2026-10-07T19:54:48.4495926Z Unpacking libzvbi0t64:amd64 (0.2.42-2) ...
2026-10-07T19:54:48.4717615Z Selecting previously unselected package libavcodec60:amd64.
2026-10-07T19:54:48.4841703Z Preparing to unpack .../041-libavcodec60_7%3a6.1.1-3ubuntu5_amd64.deb ...
2026-10-07T19:54:48.4847748Z Unpacking libavcodec60:amd64 (7:6.1.1-3ubuntu5) ...
2026-10-07T19:54:48.5747371Z Preparing to unpack .../042-libfreetype6_2.13.2+dfsg-1ubuntu0.2_amd64.deb ...
2026-10-07T19:54:48.5768427Z Unpacking libfreetype6:amd64 (2.13.2+dfsg-1ubuntu0.2) over (2.13.2+dfsg-1ubuntu0.1) ...
2026-10-07T19:54:48.6006418Z Selecting previously unselected package libunibreak5:amd64.
2026-10-07T19:54:48.6133602Z Preparing to unpack .../043-libunibreak5_5.1-2build1_amd64.deb ...
2026-10-07T19:54:48.6141548Z Unpacking libunibreak5:amd64 (5.1-2build1) ...
2026-10-07T19:54:48.6343505Z Selecting previously unselected package libass9:amd64.
2026-10-07T19:54:48.6466606Z Preparing to unpack .../044-libass9_1%3a0.17.1-2build1_amd64.deb ...
2026-10-07T19:54:48.6473703Z Unpacking libass9:amd64 (1:0.17.1-2build1) ...
2026-10-07T19:54:48.6673289Z Selecting previously unselected package libudfread0:amd64.
2026-10-07T19:54:48.6795685Z Preparing to unpack .../045-libudfread0_1.1.2-1build1_amd64.deb ...
2026-10-07T19:54:48.6803282Z Unpacking libudfread0:amd64 (1.1.2-1build1) ...
2026-10-07T19:54:48.6991018Z Selecting previously unselected package libbluray2:amd64.
2026-10-07T19:54:48.7112280Z Preparing to unpack .../046-libbluray2_1%3a1.3.4-1build1_amd64.deb ...
2026-10-07T19:54:48.7119642Z Unpacking libbluray2:amd64 (1:1.3.4-1build1) ...
2026-10-07T19:54:48.7345282Z Selecting previously unselected package libchromaprint1:amd64.
2026-10-07T19:54:48.7467936Z Preparing to unpack .../047-libchromaprint1_1.5.1-5_amd64.deb ...
2026-10-07T19:54:48.7474499Z Unpacking libchromaprint1:amd64 (1.5.1-5) ...
2026-10-07T19:54:48.7669803Z Selecting previously unselected package libgme0:amd64.
2026-10-07T19:54:48.7791872Z Preparing to unpack .../048-libgme0_0.6.3-7build1_amd64.deb ...
2026-10-07T19:54:48.7798438Z Unpacking libgme0:amd64 (0.6.3-7build1) ...
2026-10-07T19:54:48.8004022Z Selecting previously unselected package libmpg123-0t64:amd64.
2026-10-07T19:54:48.8124746Z Preparing to unpack .../049-libmpg123-0t64_1.32.5-1ubuntu1.1_amd64.deb ...
2026-10-07T19:54:48.8132809Z Unpacking libmpg123-0t64:amd64 (1.32.5-1ubuntu1.1) ...
2026-10-07T19:54:48.8342613Z Selecting previously unselected package libopenmpt0t64:amd64.
2026-10-07T19:54:48.8465682Z Preparing to unpack .../050-libopenmpt0t64_0.7.3-1.1build3_amd64.deb ...
2026-10-07T19:54:48.8472173Z Unpacking libopenmpt0t64:amd64 (0.7.3-1.1build3) ...
2026-10-07T19:54:48.8722297Z Selecting previously unselected package libcjson1:amd64.
2026-10-07T19:54:48.8843865Z Preparing to unpack .../051-libcjson1_1.7.17-1_amd64.deb ...
2026-10-07T19:54:48.8850300Z Unpacking libcjson1:amd64 (1.7.17-1) ...
2026-10-07T19:54:48.9040060Z Selecting previously unselected package libmbedcrypto7t64:amd64.
2026-10-07T19:54:48.9161932Z Preparing to unpack .../052-libmbedcrypto7t64_2.28.8-1_amd64.deb ...
2026-10-07T19:54:48.9168636Z Unpacking libmbedcrypto7t64:amd64 (2.28.8-1) ...
2026-10-07T19:54:48.9383848Z Selecting previously unselected package librist4:amd64.
2026-10-07T19:54:48.9509538Z Preparing to unpack .../053-librist4_0.2.10+dfsg-2_amd64.deb ...
2026-10-07T19:54:48.9518583Z Unpacking librist4:amd64 (0.2.10+dfsg-2) ...
2026-10-07T19:54:48.9718873Z Selecting previously unselected package libsrt1.5-gnutls:amd64.
2026-10-07T19:54:48.9841441Z Preparing to unpack .../054-libsrt1.5-gnutls_1.5.3-1build2_amd64.deb ...
2026-10-07T19:54:48.9848436Z Unpacking libsrt1.5-gnutls:amd64 (1.5.3-1build2) ...
2026-10-07T19:54:49.0074287Z Selecting previously unselected package libssh-gcrypt-4:amd64.
2026-10-07T19:54:49.0203925Z Preparing to unpack .../055-libssh-gcrypt-4_0.10.6-2ubuntu0.5_amd64.deb ...
2026-10-07T19:54:49.0211140Z Unpacking libssh-gcrypt-4:amd64 (0.10.6-2ubuntu0.5) ...
2026-10-07T19:54:49.0435001Z Selecting previously unselected package libavformat60:amd64.
2026-10-07T19:54:49.0563447Z Preparing to unpack .../056-libavformat60_7%3a6.1.1-3ubuntu5_amd64.deb ...
2026-10-07T19:54:49.0570605Z Unpacking libavformat60:amd64 (7:6.1.1-3ubuntu5) ...
2026-10-07T19:54:49.0874444Z Selecting previously unselected package libbs2b0:amd64.
2026-10-07T19:54:49.1001605Z Preparing to unpack .../057-libbs2b0_3.1.0+dfsg-7build1_amd64.deb ...
2026-10-07T19:54:49.1010478Z Unpacking libbs2b0:amd64 (3.1.0+dfsg-7build1) ...
2026-10-07T19:54:49.1222608Z Selecting previously unselected package libflite1:amd64.
2026-10-07T19:54:49.1347452Z Preparing to unpack .../058-libflite1_2.2-6build3_amd64.deb ...
2026-10-07T19:54:49.1355341Z Unpacking libflite1:amd64 (2.2-6build3) ...
2026-10-07T19:54:49.2406822Z Selecting previously unselected package libserd-0-0:amd64.
2026-10-07T19:54:49.2533981Z Preparing to unpack .../059-libserd-0-0_0.32.2-1_amd64.deb ...
2026-10-07T19:54:49.2540696Z Unpacking libserd-0-0:amd64 (0.32.2-1) ...
2026-10-07T19:54:49.2748683Z Selecting previously unselected package libzix-0-0:amd64.
2026-10-07T19:54:49.2877813Z Preparing to unpack .../060-libzix-0-0_0.4.2-2build1_amd64.deb ...
2026-10-07T19:54:49.2885614Z Unpacking libzix-0-0:amd64 (0.4.2-2build1) ...
2026-10-07T19:54:49.3092368Z Selecting previously unselected package libsord-0-0:amd64.
2026-10-07T19:54:49.3221739Z Preparing to unpack .../061-libsord-0-0_0.16.16-2build1_amd64.deb ...
2026-10-07T19:54:49.3229854Z Unpacking libsord-0-0:amd64 (0.16.16-2build1) ...
2026-10-07T19:54:49.3431449Z Selecting previously unselected package libsratom-0-0:amd64.
2026-10-07T19:54:49.3559321Z Preparing to unpack .../062-libsratom-0-0_0.6.16-1build1_amd64.deb ...
2026-10-07T19:54:49.3567070Z Unpacking libsratom-0-0:amd64 (0.6.16-1build1) ...
2026-10-07T19:54:49.3765951Z Selecting previously unselected package liblilv-0-0:amd64.
2026-10-07T19:54:49.3897777Z Preparing to unpack .../063-liblilv-0-0_0.24.22-1build1_amd64.deb ...
2026-10-07T19:54:49.3906091Z Unpacking liblilv-0-0:amd64 (0.24.22-1build1) ...
2026-10-07T19:54:49.4113568Z Selecting previously unselected package libmysofa1:amd64.
2026-10-07T19:54:49.4245037Z Preparing to unpack .../064-libmysofa1_1.3.2+dfsg-2ubuntu2_amd64.deb ...
2026-10-07T19:54:49.4252709Z Unpacking libmysofa1:amd64 (1.3.2+dfsg-2ubuntu2) ...
2026-10-07T19:54:49.4488407Z Selecting previously unselected package libplacebo338:amd64.
2026-10-07T19:54:49.4622902Z Preparing to unpack .../065-libplacebo338_6.338.2-2build1_amd64.deb ...
2026-10-07T19:54:49.4630972Z Unpacking libplacebo338:amd64 (6.338.2-2build1) ...
2026-10-07T19:54:49.5134778Z Selecting previously unselected package libblas3:amd64.
2026-10-07T19:54:49.5264097Z Preparing to unpack .../066-libblas3_3.12.0-3build1.1_amd64.deb ...
2026-10-07T19:54:49.5291796Z Unpacking libblas3:amd64 (3.12.0-3build1.1) ...
2026-10-07T19:54:49.5519796Z Selecting previously unselected package liblapack3:amd64.
2026-10-07T19:54:49.5649229Z Preparing to unpack .../067-liblapack3_3.12.0-3build1.1_amd64.deb ...
2026-10-07T19:54:49.5676813Z Unpacking liblapack3:amd64 (3.12.0-3build1.1) ...
2026-10-07T19:54:49.6184669Z Selecting previously unselected package libasyncns0:amd64.
2026-10-07T19:54:49.6316633Z Preparing to unpack .../068-libasyncns0_0.8-6build4_amd64.deb ...
2026-10-07T19:54:49.6323601Z Unpacking libasyncns0:amd64 (0.8-6build4) ...
2026-10-07T19:54:49.6527970Z Selecting previously unselected package libflac12t64:amd64.
2026-10-07T19:54:49.6660673Z Preparing to unpack .../069-libflac12t64_1.4.3+ds-2.1ubuntu2_amd64.deb ...
2026-10-07T19:54:49.6671076Z Unpacking libflac12t64:amd64 (1.4.3+ds-2.1ubuntu2) ...
2026-10-07T19:54:49.6911244Z Selecting previously unselected package libsndfile1:amd64.
2026-10-07T19:54:49.7044116Z Preparing to unpack .../070-libsndfile1_1.2.2-1ubuntu5.24.04.1_amd64.deb ...
2026-10-07T19:54:49.7051714Z Unpacking libsndfile1:amd64 (1.2.2-1ubuntu5.24.04.1) ...
2026-10-07T19:54:49.7335286Z Selecting previously unselected package libpulse0:amd64.
2026-10-07T19:54:49.7464003Z Preparing to unpack .../071-libpulse0_1%3a16.1+dfsg1-2ubuntu10.1_amd64.deb ...
2026-10-07T19:54:49.7525526Z Unpacking libpulse0:amd64 (1:16.1+dfsg1-2ubuntu10.1) ...
2026-10-07T19:54:49.7769889Z Selecting previously unselected package libsphinxbase3t64:amd64.
2026-10-07T19:54:49.7898639Z Preparing to unpack .../072-libsphinxbase3t64_0.8+5prealpha+1-17build2_amd64.deb ...
2026-10-07T19:54:49.7906348Z Unpacking libsphinxbase3t64:amd64 (0.8+5prealpha+1-17build2) ...
2026-10-07T19:54:49.8111962Z Selecting previously unselected package libpocketsphinx3:amd64.
2026-10-07T19:54:49.8237339Z Preparing to unpack .../073-libpocketsphinx3_0.8.0+real5prealpha+1-15ubuntu5_amd64.deb ...
2026-10-07T19:54:49.8252069Z Unpacking libpocketsphinx3:amd64 (0.8.0+real5prealpha+1-15ubuntu5) ...
2026-10-07T19:54:49.8455784Z Selecting previously unselected package libpostproc57:amd64.
2026-10-07T19:54:49.8582047Z Preparing to unpack .../074-libpostproc57_7%3a6.1.1-3ubuntu5_amd64.deb ...
2026-10-07T19:54:49.8589375Z Unpacking libpostproc57:amd64 (7:6.1.1-3ubuntu5) ...
2026-10-07T19:54:49.8791368Z Selecting previously unselected package libsamplerate0:amd64.
2026-10-07T19:54:49.8916632Z Preparing to unpack .../075-libsamplerate0_0.2.2-4build1_amd64.deb ...
2026-10-07T19:54:49.8924361Z Unpacking libsamplerate0:amd64 (0.2.2-4build1) ...
2026-10-07T19:54:49.9179612Z Selecting previously unselected package librubberband2:amd64.
2026-10-07T19:54:49.9308668Z Preparing to unpack .../076-librubberband2_3.3.0+dfsg-2build1_amd64.deb ...
2026-10-07T19:54:49.9315130Z Unpacking librubberband2:amd64 (3.3.0+dfsg-2build1) ...
2026-10-07T19:54:49.9552675Z Selecting previously unselected package libswscale7:amd64.
2026-10-07T19:54:49.9679981Z Preparing to unpack .../077-libswscale7_7%3a6.1.1-3ubuntu5_amd64.deb ...
2026-10-07T19:54:49.9688131Z Unpacking libswscale7:amd64 (7:6.1.1-3ubuntu5) ...
2026-10-07T19:54:49.9905679Z Selecting previously unselected package libvidstab1.1:amd64.
2026-10-07T19:54:50.0032546Z Preparing to unpack .../078-libvidstab1.1_1.1.0-2build1_amd64.deb ...
2026-10-07T19:54:50.0039884Z Unpacking libvidstab1.1:amd64 (1.1.0-2build1) ...
2026-10-07T19:54:50.0231083Z Selecting previously unselected package libzimg2:amd64.
2026-10-07T19:54:50.0356758Z Preparing to unpack .../079-libzimg2_3.0.5+ds1-1build1_amd64.deb ...
2026-10-07T19:54:50.0363729Z Unpacking libzimg2:amd64 (3.0.5+ds1-1build1) ...
2026-10-07T19:54:50.0638525Z Selecting previously unselected package libavfilter9:amd64.
2026-10-07T19:54:50.0768398Z Preparing to unpack .../080-libavfilter9_7%3a6.1.1-3ubuntu5_amd64.deb ...
2026-10-07T19:54:50.0777406Z Unpacking libavfilter9:amd64 (7:6.1.1-3ubuntu5) ...
2026-10-07T19:54:50.1682521Z Selecting previously unselected package liborc-0.4-0t64:amd64.
2026-10-07T19:54:50.1811182Z Preparing to unpack .../081-liborc-0.4-0t64_1%3a0.4.38-1ubuntu0.1_amd64.deb ...
2026-10-07T19:54:50.1817734Z Unpacking liborc-0.4-0t64:amd64 (1:0.4.38-1ubuntu0.1) ...
2026-10-07T19:54:50.2073413Z Selecting previously unselected package libgstreamer-plugins-base1.0-0:amd64.
2026-10-07T19:54:50.2200954Z Preparing to unpack .../082-libgstreamer-plugins-base1.0-0_1.24.2-1ubuntu0.5_amd64.deb ...
2026-10-07T19:54:50.2208852Z Unpacking libgstreamer-plugins-base1.0-0:amd64 (1.24.2-1ubuntu0.5) ...
2026-10-07T19:54:50.2519111Z Selecting previously unselected package gstreamer1.0-libav:amd64.
2026-10-07T19:54:50.2647402Z Preparing to unpack .../083-gstreamer1.0-libav_1.24.1-1build1_amd64.deb ...
2026-10-07T19:54:50.2676142Z Unpacking gstreamer1.0-libav:amd64 (1.24.1-1build1) ...
2026-10-07T19:54:50.2876064Z Selecting previously unselected package libcdparanoia0:amd64.
2026-10-07T19:54:50.3002725Z Preparing to unpack .../084-libcdparanoia0_3.10.2+debian-14build3_amd64.deb ...
2026-10-07T19:54:50.3009610Z Unpacking libcdparanoia0:amd64 (3.10.2+debian-14build3) ...
2026-10-07T19:54:50.3211560Z Selecting previously unselected package libvisual-0.4-0:amd64.
2026-10-07T19:54:50.3337429Z Preparing to unpack .../085-libvisual-0.4-0_0.4.2-2build1_amd64.deb ...
2026-10-07T19:54:50.3343982Z Unpacking libvisual-0.4-0:amd64 (0.4.2-2build1) ...
2026-10-07T19:54:50.3558062Z Selecting previously unselected package gstreamer1.0-plugins-base:amd64.
2026-10-07T19:54:50.3681567Z Preparing to unpack .../086-gstreamer1.0-plugins-base_1.24.2-1ubuntu0.5_amd64.deb ...
2026-10-07T19:54:50.3689207Z Unpacking gstreamer1.0-plugins-base:amd64 (1.24.2-1ubuntu0.5) ...
2026-10-07T19:54:50.4002589Z Selecting previously unselected package libaa1:amd64.
2026-10-07T19:54:50.4131149Z Preparing to unpack .../087-libaa1_1.4p5-51.1_amd64.deb ...
2026-10-07T19:54:50.4138819Z Unpacking libaa1:amd64 (1.4p5-51.1) ...
2026-10-07T19:54:50.4346192Z Selecting previously unselected package libraw1394-11:amd64.
2026-10-07T19:54:50.4471510Z Preparing to unpack .../088-libraw1394-11_2.1.2-2build3_amd64.deb ...
2026-10-07T19:54:50.4477757Z Unpacking libraw1394-11:amd64 (2.1.2-2build3) ...
2026-10-07T19:54:50.4674480Z Selecting previously unselected package libavc1394-0:amd64.
2026-10-07T19:54:50.4798476Z Preparing to unpack .../089-libavc1394-0_0.5.4-5build3_amd64.deb ...
2026-10-07T19:54:50.4805043Z Unpacking libavc1394-0:amd64 (0.5.4-5build3) ...
2026-10-07T19:54:50.5028873Z Selecting previously unselected package libcaca0:amd64.
2026-10-07T19:54:50.5153568Z Preparing to unpack .../090-libcaca0_0.99.beta20-4ubuntu0.2_amd64.deb ...
2026-10-07T19:54:50.5160085Z Unpacking libcaca0:amd64 (0.99.beta20-4ubuntu0.2) ...
2026-10-07T19:54:50.5395851Z Selecting previously unselected package libdv4t64:amd64.
2026-10-07T19:54:50.5522013Z Preparing to unpack .../091-libdv4t64_1.0.0-17.1build1_amd64.deb ...
2026-10-07T19:54:50.5529668Z Unpacking libdv4t64:amd64 (1.0.0-17.1build1) ...
2026-10-07T19:54:50.5735629Z Selecting previously unselected package libgstreamer-plugins-good1.0-0:amd64.
2026-10-07T19:54:50.5863535Z Preparing to unpack .../092-libgstreamer-plugins-good1.0-0_1.24.2-1ubuntu1.8_amd64.deb ...
2026-10-07T19:54:50.5870736Z Unpacking libgstreamer-plugins-good1.0-0:amd64 (1.24.2-1ubuntu1.8) ...
2026-10-07T19:54:50.6087557Z Selecting previously unselected package libiec61883-0:amd64.
2026-10-07T19:54:50.6218473Z Preparing to unpack .../093-libiec61883-0_1.2.0-6build1_amd64.deb ...
2026-10-07T19:54:50.6226385Z Unpacking libiec61883-0:amd64 (1.2.0-6build1) ...
2026-10-07T19:54:50.6446687Z Selecting previously unselected package libshout3:amd64.
2026-10-07T19:54:50.6575368Z Preparing to unpack .../094-libshout3_2.4.6-1build2_amd64.deb ...
2026-10-07T19:54:50.6583743Z Unpacking libshout3:amd64 (2.4.6-1build2) ...
2026-10-07T19:54:50.6798305Z Selecting previously unselected package libtag1v5-vanilla:amd64.
2026-10-07T19:54:50.6925326Z Preparing to unpack .../095-libtag1v5-vanilla_1.13.1-1build1_amd64.deb ...
2026-10-07T19:54:50.6932524Z Unpacking libtag1v5-vanilla:amd64 (1.13.1-1build1) ...
2026-10-07T19:54:50.7158347Z Selecting previously unselected package libtag1v5:amd64.
2026-10-07T19:54:50.7283089Z Preparing to unpack .../096-libtag1v5_1.13.1-1build1_amd64.deb ...
2026-10-07T19:54:50.7290078Z Unpacking libtag1v5:amd64 (1.13.1-1build1) ...
2026-10-07T19:54:50.7479727Z Selecting previously unselected package libv4lconvert0t64:amd64.
2026-10-07T19:54:50.7603763Z Preparing to unpack .../097-libv4lconvert0t64_1.26.1-4build3_amd64.deb ...
2026-10-07T19:54:50.7612200Z Unpacking libv4lconvert0t64:amd64 (1.26.1-4build3) ...
2026-10-07T19:54:50.7820606Z Selecting previously unselected package libv4l-0t64:amd64.
2026-10-07T19:54:50.7945454Z Preparing to unpack .../098-libv4l-0t64_1.26.1-4build3_amd64.deb ...
2026-10-07T19:54:50.7951741Z Unpacking libv4l-0t64:amd64 (1.26.1-4build3) ...
2026-10-07T19:54:50.8168604Z Selecting previously unselected package libwavpack1:amd64.
2026-10-07T19:54:50.8292310Z Preparing to unpack .../099-libwavpack1_5.6.0-1build1_amd64.deb ...
2026-10-07T19:54:50.8299934Z Unpacking libwavpack1:amd64 (5.6.0-1build1) ...
2026-10-07T19:54:50.8494405Z Selecting previously unselected package libsoup-3.0-common.
2026-10-07T19:54:50.8616738Z Preparing to unpack .../100-libsoup-3.0-common_3.4.4-5ubuntu0.9_all.deb ...
2026-10-07T19:54:50.8626462Z Unpacking libsoup-3.0-common (3.4.4-5ubuntu0.9) ...
2026-10-07T19:54:50.8819395Z Selecting previously unselected package libsoup-3.0-0:amd64.
2026-10-07T19:54:50.8941258Z Preparing to unpack .../101-libsoup-3.0-0_3.4.4-5ubuntu0.9_amd64.deb ...
2026-10-07T19:54:50.8948857Z Unpacking libsoup-3.0-0:amd64 (3.4.4-5ubuntu0.9) ...
2026-10-07T19:54:50.9166277Z Selecting previously unselected package gstreamer1.0-plugins-good:amd64.
2026-10-07T19:54:50.9291053Z Preparing to unpack .../102-gstreamer1.0-plugins-good_1.24.2-1ubuntu1.8_amd64.deb ...
2026-10-07T19:54:50.9301581Z Unpacking gstreamer1.0-plugins-good:amd64 (1.24.2-1ubuntu1.8) ...
2026-10-07T19:54:50.9837790Z Selecting previously unselected package libabsl20220623t64:amd64.
2026-10-07T19:54:50.9965363Z Preparing to unpack .../103-libabsl20220623t64_20220623.1-3.1ubuntu3.2_amd64.deb ...
2026-10-07T19:54:50.9972613Z Unpacking libabsl20220623t64:amd64 (20220623.1-3.1ubuntu3.2) ...
2026-10-07T19:54:51.0371558Z Selecting previously unselected package libgav1-1:amd64.
2026-10-07T19:54:51.0499490Z Preparing to unpack .../104-libgav1-1_0.18.0-1build3_amd64.deb ...
2026-10-07T19:54:51.0506989Z Unpacking libgav1-1:amd64 (0.18.0-1build3) ...
2026-10-07T19:54:51.0737484Z Selecting previously unselected package libyuv0:amd64.
2026-10-07T19:54:51.0862093Z Preparing to unpack .../105-libyuv0_0.0~git202401110.af6ac82-1_amd64.deb ...
2026-10-07T19:54:51.0877316Z Unpacking libyuv0:amd64 (0.0~git202401110.af6ac82-1) ...
2026-10-07T19:54:51.1089623Z Selecting previously unselected package libavif16:amd64.
2026-10-07T19:54:51.1214744Z Preparing to unpack .../106-libavif16_1.0.4-1ubuntu3_amd64.deb ...
2026-10-07T19:54:51.1225306Z Unpacking libavif16:amd64 (1.0.4-1ubuntu3) ...
2026-10-07T19:54:51.1428081Z Selecting previously unselected package libavtp0:amd64.
2026-10-07T19:54:51.1553702Z Preparing to unpack .../107-libavtp0_0.2.0-1build1_amd64.deb ...
2026-10-07T19:54:51.1561227Z Unpacking libavtp0:amd64 (0.2.0-1build1) ...
2026-10-07T19:54:51.1760010Z Selecting previously unselected package libcairo-script-interpreter2:amd64.
2026-10-07T19:54:51.1885905Z Preparing to unpack .../108-libcairo-script-interpreter2_1.18.0-3build1_amd64.deb ...
2026-10-07T19:54:51.1893333Z Unpacking libcairo-script-interpreter2:amd64 (1.18.0-3build1) ...
2026-10-07T19:54:51.2095966Z Selecting previously unselected package libdc1394-25:amd64.
2026-10-07T19:54:51.2220531Z Preparing to unpack .../109-libdc1394-25_2.2.6-4build1_amd64.deb ...
2026-10-07T19:54:51.2228476Z Unpacking libdc1394-25:amd64 (2.2.6-4build1) ...
2026-10-07T19:54:51.2432057Z Selecting previously unselected package libde265-0:amd64.
2026-10-07T19:54:51.2555954Z Preparing to unpack .../110-libde265-0_1.0.15-1ubuntu0.1_amd64.deb ...
2026-10-07T19:54:51.2562912Z Unpacking libde265-0:amd64 (1.0.15-1ubuntu0.1) ...
2026-10-07T19:54:51.2775550Z Selecting previously unselected package libdecor-0-0:amd64.
2026-10-07T19:54:51.2901611Z Preparing to unpack .../111-libdecor-0-0_0.2.2-1build2_amd64.deb ...
2026-10-07T19:54:51.2911542Z Unpacking libdecor-0-0:amd64 (0.2.2-1build2) ...
2026-10-07T19:54:51.3107681Z Selecting previously unselected package libgles2:amd64.
2026-10-07T19:54:51.3232489Z Preparing to unpack .../112-libgles2_1.7.0-1build1_amd64.deb ...
2026-10-07T19:54:51.3239102Z Unpacking libgles2:amd64 (1.7.0-1build1) ...
2026-10-07T19:54:51.3436369Z Selecting previously unselected package libdirectfb-1.7-7t64:amd64.
2026-10-07T19:54:51.3561673Z Preparing to unpack .../113-libdirectfb-1.7-7t64_1.7.7-11.1ubuntu2_amd64.deb ...
2026-10-07T19:54:51.3568561Z Unpacking libdirectfb-1.7-7t64:amd64 (1.7.7-11.1ubuntu2) ...
2026-10-07T19:54:51.3975729Z Selecting previously unselected package libdvdread8t64:amd64.
2026-10-07T19:54:51.4104671Z Preparing to unpack .../114-libdvdread8t64_6.1.3-1.1build1_amd64.deb ...
2026-10-07T19:54:51.4111389Z Unpacking libdvdread8t64:amd64 (6.1.3-1.1build1) ...
2026-10-07T19:54:51.4320719Z Selecting previously unselected package libdvdnav4:amd64.
2026-10-07T19:54:51.4449742Z Preparing to unpack .../115-libdvdnav4_6.1.1-3build1_amd64.deb ...
2026-10-07T19:54:51.4456651Z Unpacking libdvdnav4:amd64 (6.1.1-3build1) ...
2026-10-07T19:54:51.4661782Z Selecting previously unselected package libegl-mesa0:amd64.
2026-10-07T19:54:51.4788303Z Preparing to unpack .../116-libegl-mesa0_25.2.8-0ubuntu0.24.04.4_amd64.deb ...
2026-10-07T19:54:51.4808485Z Unpacking libegl-mesa0:amd64 (25.2.8-0ubuntu0.24.04.4) ...
2026-10-07T19:54:51.5024998Z Selecting previously unselected package libevent-2.1-7t64:amd64.
2026-10-07T19:54:51.5153237Z Preparing to unpack .../117-libevent-2.1-7t64_2.1.12-stable-9ubuntu2.2_amd64.deb ...
2026-10-07T19:54:51.5159856Z Unpacking libevent-2.1-7t64:amd64 (2.1.12-stable-9ubuntu2.2) ...
2026-10-07T19:54:51.5375278Z Selecting previously unselected package libfaad2:amd64.
2026-10-07T19:54:51.5500944Z Preparing to unpack .../118-libfaad2_2.11.1-1build1_amd64.deb ...
2026-10-07T19:54:51.5507751Z Unpacking libfaad2:amd64 (2.11.1-1build1) ...
2026-10-07T19:54:51.5734976Z Selecting previously unselected package libinstpatch-1.0-2:amd64.
2026-10-07T19:54:51.5860235Z Preparing to unpack .../119-libinstpatch-1.0-2_1.1.6-1build2_amd64.deb ...
2026-10-07T19:54:51.5867264Z Unpacking libinstpatch-1.0-2:amd64 (1.1.6-1build2) ...
2026-10-07T19:54:51.6088149Z Selecting previously unselected package libjack-jackd2-0:amd64.
2026-10-07T19:54:51.6213637Z Preparing to unpack .../120-libjack-jackd2-0_1.9.21~dfsg-3ubuntu3_amd64.deb ...
2026-10-07T19:54:51.6222649Z Unpacking libjack-jackd2-0:amd64 (1.9.21~dfsg-3ubuntu3) ...
2026-10-07T19:54:51.6460869Z Selecting previously unselected package libwebrtc-audio-processing1:amd64.
2026-10-07T19:54:51.6585690Z Preparing to unpack .../121-libwebrtc-audio-processing1_0.3.1-0ubuntu6_amd64.deb ...
2026-10-07T19:54:51.6592975Z Unpacking libwebrtc-audio-processing1:amd64 (0.3.1-0ubuntu6) ...
2026-10-07T19:54:51.6815472Z Selecting previously unselected package libspa-0.2-modules:amd64.
2026-10-07T19:54:51.6942869Z Preparing to unpack .../122-libspa-0.2-modules_1.0.5-1ubuntu3.3_amd64.deb ...
2026-10-07T19:54:51.6950395Z Unpacking libspa-0.2-modules:amd64 (1.0.5-1ubuntu3.3) ...
2026-10-07T19:54:51.7259819Z Selecting previously unselected package libpipewire-0.3-0t64:amd64.
2026-10-07T19:54:51.7389311Z Preparing to unpack .../123-libpipewire-0.3-0t64_1.0.5-1ubuntu3.3_amd64.deb ...
2026-10-07T19:54:51.7396020Z Unpacking libpipewire-0.3-0t64:amd64 (1.0.5-1ubuntu3.3) ...
2026-10-07T19:54:51.7631366Z Selecting previously unselected package libsdl2-2.0-0:amd64.
2026-10-07T19:54:51.7758610Z Preparing to unpack .../124-libsdl2-2.0-0_2.30.0+dfsg-1ubuntu3.1_amd64.deb ...
2026-10-07T19:54:51.7775983Z Unpacking libsdl2-2.0-0:amd64 (2.30.0+dfsg-1ubuntu3.1) ...
2026-10-07T19:54:51.8044095Z Selecting previously unselected package timgm6mb-soundfont.
2026-10-07T19:54:51.8169739Z Preparing to unpack .../125-timgm6mb-soundfont_1.3-5_all.deb ...
2026-10-07T19:54:51.8176324Z Unpacking timgm6mb-soundfont (1.3-5) ...
2026-10-07T19:54:52.1566701Z Selecting previously unselected package libfluidsynth3:amd64.
2026-10-07T19:54:52.1695527Z Preparing to unpack .../126-libfluidsynth3_2.3.4-1build3_amd64.deb ...
2026-10-07T19:54:52.1702872Z Unpacking libfluidsynth3:amd64 (2.3.4-1build3) ...
2026-10-07T19:54:52.1931913Z Selecting previously unselected package libfreeaptx0:amd64.
2026-10-07T19:54:52.2059485Z Preparing to unpack .../127-libfreeaptx0_0.1.1-2build1_amd64.deb ...
2026-10-07T19:54:52.2066198Z Unpacking libfreeaptx0:amd64 (0.1.1-2build1) ...
2026-10-07T19:54:52.2266497Z Selecting previously unselected package libgraphene-1.0-0:amd64.
2026-10-07T19:54:52.2391158Z Preparing to unpack .../128-libgraphene-1.0-0_1.10.8-3build2_amd64.deb ...
2026-10-07T19:54:52.2399129Z Unpacking libgraphene-1.0-0:amd64 (1.10.8-3build2) ...
2026-10-07T19:54:52.2614248Z Selecting previously unselected package libgssdp-1.6-0:amd64.
2026-10-07T19:54:52.2739257Z Preparing to unpack .../129-libgssdp-1.6-0_1.6.3-1build3_amd64.deb ...
2026-10-07T19:54:52.2746445Z Unpacking libgssdp-1.6-0:amd64 (1.6.3-1build3) ...
2026-10-07T19:54:52.2947159Z Selecting previously unselected package libegl1:amd64.
2026-10-07T19:54:52.3071183Z Preparing to unpack .../130-libegl1_1.7.0-1build1_amd64.deb ...
2026-10-07T19:54:52.3077674Z Unpacking libegl1:amd64 (1.7.0-1build1) ...
2026-10-07T19:54:52.3281211Z Selecting previously unselected package libgstreamer-gl1.0-0:amd64.
2026-10-07T19:54:52.3405823Z Preparing to unpack .../131-libgstreamer-gl1.0-0_1.24.2-1ubuntu0.5_amd64.deb ...
2026-10-07T19:54:52.3412892Z Unpacking libgstreamer-gl1.0-0:amd64 (1.24.2-1ubuntu0.5) ...
2026-10-07T19:54:52.3634969Z Selecting previously unselected package libgtk-4-common.
2026-10-07T19:54:52.3759568Z Preparing to unpack .../132-libgtk-4-common_4.14.5+ds-0ubuntu0.10_all.deb ...
2026-10-07T19:54:52.3768358Z Unpacking libgtk-4-common (4.14.5+ds-0ubuntu0.10) ...
2026-10-07T19:54:52.4235123Z Selecting previously unselected package libgtk-4-1:amd64.
2026-10-07T19:54:52.4364694Z Preparing to unpack .../133-libgtk-4-1_4.14.5+ds-0ubuntu0.10_amd64.deb ...
2026-10-07T19:54:52.4371845Z Unpacking libgtk-4-1:amd64 (4.14.5+ds-0ubuntu0.10) ...
2026-10-07T19:54:52.4979861Z Selecting previously unselected package libgupnp-1.6-0:amd64.
2026-10-07T19:54:52.5108739Z Preparing to unpack .../134-libgupnp-1.6-0_1.6.6-1build3_amd64.deb ...
2026-10-07T19:54:52.5116153Z Unpacking libgupnp-1.6-0:amd64 (1.6.6-1build3) ...
2026-10-07T19:54:52.5327179Z Selecting previously unselected package libgupnp-igd-1.6-0:amd64.
2026-10-07T19:54:52.5454583Z Preparing to unpack .../135-libgupnp-igd-1.6-0_1.6.0-3build3_amd64.deb ...
2026-10-07T19:54:52.5461815Z Unpacking libgupnp-igd-1.6-0:amd64 (1.6.0-3build3) ...
2026-10-07T19:54:52.5665617Z Selecting previously unselected package libharfbuzz-icu0:amd64.
2026-10-07T19:54:52.5793807Z Preparing to unpack .../136-libharfbuzz-icu0_8.3.0-2build2_amd64.deb ...
2026-10-07T19:54:52.5800667Z Unpacking libharfbuzz-icu0:amd64 (8.3.0-2build2) ...
2026-10-07T19:54:52.5996825Z Selecting previously unselected package libhyphen0:amd64.
2026-10-07T19:54:52.6123758Z Preparing to unpack .../137-libhyphen0_2.8.8-7build3_amd64.deb ...
2026-10-07T19:54:52.6131243Z Unpacking libhyphen0:amd64 (2.8.8-7build3) ...
2026-10-07T19:54:52.6330790Z Selecting previously unselected package libimath-3-1-29t64:amd64.
2026-10-07T19:54:52.6457543Z Preparing to unpack .../138-libimath-3-1-29t64_3.1.9-3.1ubuntu2_amd64.deb ...
2026-10-07T19:54:52.6465888Z Unpacking libimath-3-1-29t64:amd64 (3.1.9-3.1ubuntu2) ...
2026-10-07T19:54:52.6681577Z Selecting previously unselected package liblc3-1:amd64.
2026-10-07T19:54:52.6808124Z Preparing to unpack .../139-liblc3-1_1.0.4-3build1_amd64.deb ...
2026-10-07T19:54:52.6814466Z Unpacking liblc3-1:amd64 (1.0.4-3build1) ...
2026-10-07T19:54:52.7029294Z Selecting previously unselected package libldacbt-enc2:amd64.
2026-10-07T19:54:52.7154682Z Preparing to unpack .../140-libldacbt-enc2_2.0.2.3+git20200429+ed310a0-4ubuntu2_amd64.deb ...
2026-10-07T19:54:52.7161837Z Unpacking libldacbt-enc2:amd64 (2.0.2.3+git20200429+ed310a0-4ubuntu2) ...
2026-10-07T19:54:52.7358750Z Selecting previously unselected package libraptor2-0:amd64.
2026-10-07T19:54:52.7482771Z Preparing to unpack .../141-libraptor2-0_2.0.16-3ubuntu0.1_amd64.deb ...
2026-10-07T19:54:52.7490594Z Unpacking libraptor2-0:amd64 (2.0.16-3ubuntu0.1) ...
2026-10-07T19:54:52.7703076Z Selecting previously unselected package liblrdf0:amd64.
2026-10-07T19:54:52.7827233Z Preparing to unpack .../142-liblrdf0_0.6.1-4build1_amd64.deb ...
2026-10-07T19:54:52.7836406Z Unpacking liblrdf0:amd64 (0.6.1-4build1) ...
2026-10-07T19:54:52.8052262Z Selecting previously unselected package libltc11:amd64.
2026-10-07T19:54:52.8176931Z Preparing to unpack .../143-libltc11_1.3.2-1build1_amd64.deb ...
2026-10-07T19:54:52.8185023Z Unpacking libltc11:amd64 (1.3.2-1build1) ...
2026-10-07T19:54:52.8380402Z Selecting previously unselected package libmanette-0.2-0:amd64.
2026-10-07T19:54:52.8504258Z Preparing to unpack .../144-libmanette-0.2-0_0.2.7-1build2_amd64.deb ...
2026-10-07T19:54:52.8513286Z Unpacking libmanette-0.2-0:amd64 (0.2.7-1build2) ...
2026-10-07T19:54:52.8712402Z Selecting previously unselected package libmfx1:amd64.
2026-10-07T19:54:52.8835981Z Preparing to unpack .../145-libmfx1_22.5.4-1_amd64.deb ...
2026-10-07T19:54:52.8842602Z Unpacking libmfx1:amd64 (22.5.4-1) ...
2026-10-07T19:54:52.9729990Z Selecting previously unselected package libmjpegutils-2.1-0t64:amd64.
2026-10-07T19:54:52.9859491Z Preparing to unpack .../146-libmjpegutils-2.1-0t64_1%3a2.1.0+debian-8.1build1_amd64.deb ...
2026-10-07T19:54:52.9868275Z Unpacking libmjpegutils-2.1-0t64:amd64 (1:2.1.0+debian-8.1build1) ...
2026-10-07T19:54:53.0070770Z Selecting previously unselected package libmodplug1:amd64.
2026-10-07T19:54:53.0198976Z Preparing to unpack .../147-libmodplug1_1%3a0.8.9.0-3build1_amd64.deb ...
2026-10-07T19:54:53.0208441Z Unpacking libmodplug1:amd64 (1:0.8.9.0-3build1) ...
2026-10-07T19:54:53.0417071Z Selecting previously unselected package libmpcdec6:amd64.
2026-10-07T19:54:53.0543964Z Preparing to unpack .../148-libmpcdec6_2%3a0.1~r495-2build1_amd64.deb ...
2026-10-07T19:54:53.0559409Z Unpacking libmpcdec6:amd64 (2:0.1~r495-2build1) ...
2026-10-07T19:54:53.0749712Z Selecting previously unselected package libmpeg2encpp-2.1-0t64:amd64.
2026-10-07T19:54:53.0875122Z Preparing to unpack .../149-libmpeg2encpp-2.1-0t64_1%3a2.1.0+debian-8.1build1_amd64.deb ...
2026-10-07T19:54:53.0882061Z Unpacking libmpeg2encpp-2.1-0t64:amd64 (1:2.1.0+debian-8.1build1) ...
2026-10-07T19:54:53.1097151Z Selecting previously unselected package libmplex2-2.1-0t64:amd64.
2026-10-07T19:54:53.1228507Z Preparing to unpack .../150-libmplex2-2.1-0t64_1%3a2.1.0+debian-8.1build1_amd64.deb ...
2026-10-07T19:54:53.1238176Z Unpacking libmplex2-2.1-0t64:amd64 (1:2.1.0+debian-8.1build1) ...
2026-10-07T19:54:53.1453873Z Selecting previously unselected package libneon27t64:amd64.
2026-10-07T19:54:53.1581292Z Preparing to unpack .../151-libneon27t64_0.33.0-1.1build3_amd64.deb ...
2026-10-07T19:54:53.1590724Z Unpacking libneon27t64:amd64 (0.33.0-1.1build3) ...
2026-10-07T19:54:53.1802399Z Selecting previously unselected package libnice10:amd64.
2026-10-07T19:54:53.1928546Z Preparing to unpack .../152-libnice10_0.1.21-2build3_amd64.deb ...
2026-10-07T19:54:53.1935682Z Unpacking libnice10:amd64 (0.1.21-2build3) ...
2026-10-07T19:54:53.2145246Z Selecting previously unselected package libopenal-data.
2026-10-07T19:54:53.2269591Z Preparing to unpack .../153-libopenal-data_1%3a1.23.1-4build1_all.deb ...
2026-10-07T19:54:53.2276816Z Unpacking libopenal-data (1:1.23.1-4build1) ...
2026-10-07T19:54:53.2491607Z Selecting previously unselected package libopenexr-3-1-30:amd64.
2026-10-07T19:54:53.2615597Z Preparing to unpack .../154-libopenexr-3-1-30_3.1.5-5.1build3_amd64.deb ...
2026-10-07T19:54:53.2622741Z Unpacking libopenexr-3-1-30:amd64 (3.1.5-5.1build3) ...
2026-10-07T19:54:53.2966899Z Selecting previously unselected package libopenh264-7:amd64.
2026-10-07T19:54:53.3093986Z Preparing to unpack .../155-libopenh264-7_2.4.1+dfsg-1_amd64.deb ...
2026-10-07T19:54:53.3100630Z Unpacking libopenh264-7:amd64 (2.4.1+dfsg-1) ...
2026-10-07T19:54:53.3346781Z Selecting previously unselected package libopenni2-0:amd64.
2026-10-07T19:54:53.3473539Z Preparing to unpack .../156-libopenni2-0_2.2.0.33+dfsg-18_amd64.deb ...
2026-10-07T19:54:53.3501080Z Unpacking libopenni2-0:amd64 (2.2.0.33+dfsg-18) ...
2026-10-07T19:54:53.3752030Z Selecting previously unselected package libqrencode4:amd64.
2026-10-07T19:54:53.3877118Z Preparing to unpack .../157-libqrencode4_4.1.1-1build2_amd64.deb ...
2026-10-07T19:54:53.3884532Z Unpacking libqrencode4:amd64 (4.1.1-1build2) ...
2026-10-07T19:54:53.4073910Z Selecting previously unselected package libsecret-common.
2026-10-07T19:54:53.4199564Z Preparing to unpack .../158-libsecret-common_0.21.4-1build3_all.deb ...
2026-10-07T19:54:53.4206102Z Unpacking libsecret-common (0.21.4-1build3) ...
2026-10-07T19:54:53.4396399Z Selecting previously unselected package libsecret-1-0:amd64.
2026-10-07T19:54:53.4521598Z Preparing to unpack .../159-libsecret-1-0_0.21.4-1build3_amd64.deb ...
2026-10-07T19:54:53.4530053Z Unpacking libsecret-1-0:amd64 (0.21.4-1build3) ...
2026-10-07T19:54:53.4739736Z Selecting previously unselected package libsndio7.0:amd64.
2026-10-07T19:54:53.4866196Z Preparing to unpack .../160-libsndio7.0_1.9.0-0.3build3_amd64.deb ...
2026-10-07T19:54:53.4874043Z Unpacking libsndio7.0:amd64 (1.9.0-0.3build3) ...
2026-10-07T19:54:53.5068402Z Selecting previously unselected package libsoundtouch1:amd64.
2026-10-07T19:54:53.5192364Z Preparing to unpack .../161-libsoundtouch1_2.3.2+ds1-1build1_amd64.deb ...
2026-10-07T19:54:53.5201353Z Unpacking libsoundtouch1:amd64 (2.3.2+ds1-1build1) ...
2026-10-07T19:54:53.5409401Z Selecting previously unselected package libspandsp2t64:amd64.
2026-10-07T19:54:53.5532861Z Preparing to unpack .../162-libspandsp2t64_0.0.6+dfsg-2.1build1_amd64.deb ...
2026-10-07T19:54:53.5540999Z Unpacking libspandsp2t64:amd64 (0.0.6+dfsg-2.1build1) ...
2026-10-07T19:54:53.5789319Z Selecting previously unselected package libsrtp2-1:amd64.
2026-10-07T19:54:53.5913984Z Preparing to unpack .../163-libsrtp2-1_2.5.0-3build1_amd64.deb ...
2026-10-07T19:54:53.5925127Z Unpacking libsrtp2-1:amd64 (2.5.0-3build1) ...
2026-10-07T19:54:53.6375707Z Selecting previously unselected package libwayland-server0:amd64.
2026-10-07T19:54:53.6504990Z Preparing to unpack .../164-libwayland-server0_1.22.0-2.1build1_amd64.deb ...
2026-10-07T19:54:53.6517491Z Unpacking libwayland-server0:amd64 (1.22.0-2.1build1) ...
2026-10-07T19:54:53.6733496Z Selecting previously unselected package libwildmidi2:amd64.
2026-10-07T19:54:53.6862012Z Preparing to unpack .../165-libwildmidi2_0.4.3-1build3_amd64.deb ...
2026-10-07T19:54:53.6886624Z Unpacking libwildmidi2:amd64 (0.4.3-1build3) ...
2026-10-07T19:54:53.7097678Z Selecting previously unselected package libwoff1:amd64.
2026-10-07T19:54:53.7227742Z Preparing to unpack .../166-libwoff1_1.0.2-2build1_amd64.deb ...
2026-10-07T19:54:53.7235072Z Unpacking libwoff1:amd64 (1.0.2-2build1) ...
2026-10-07T19:54:53.7444177Z Selecting previously unselected package libxcb-xkb1:amd64.
2026-10-07T19:54:53.7570827Z Preparing to unpack .../167-libxcb-xkb1_1.15-1ubuntu2_amd64.deb ...
2026-10-07T19:54:53.7577974Z Unpacking libxcb-xkb1:amd64 (1.15-1ubuntu2) ...
2026-10-07T19:54:53.7779149Z Selecting previously unselected package libxkbcommon-x11-0:amd64.
2026-10-07T19:54:53.7907308Z Preparing to unpack .../168-libxkbcommon-x11-0_1.6.0-1build1_amd64.deb ...
2026-10-07T19:54:53.7914351Z Unpacking libxkbcommon-x11-0:amd64 (1.6.0-1build1) ...
2026-10-07T19:54:53.8135537Z Selecting previously unselected package libzbar0t64:amd64.
2026-10-07T19:54:53.8261580Z Preparing to unpack .../169-libzbar0t64_0.23.93-4build3_amd64.deb ...
2026-10-07T19:54:53.8268866Z Unpacking libzbar0t64:amd64 (0.23.93-4build3) ...
2026-10-07T19:54:53.8477469Z Selecting previously unselected package libzxing3:amd64.
2026-10-07T19:54:53.8601462Z Preparing to unpack .../170-libzxing3_2.2.1-3_amd64.deb ...
2026-10-07T19:54:53.8607770Z Unpacking libzxing3:amd64 (2.2.1-3) ...
2026-10-07T19:54:53.8844469Z Selecting previously unselected package xfonts-encodings.
2026-10-07T19:54:53.8969730Z Preparing to unpack .../171-xfonts-encodings_1%3a1.0.5-0ubuntu2_all.deb ...
2026-10-07T19:54:53.8976376Z Unpacking xfonts-encodings (1:1.0.5-0ubuntu2) ...
2026-10-07T19:54:53.9259036Z Selecting previously unselected package xfonts-utils.
2026-10-07T19:54:53.9385427Z Preparing to unpack .../172-xfonts-utils_1%3a7.7+6build3_amd64.deb ...
2026-10-07T19:54:53.9392677Z Unpacking xfonts-utils (1:7.7+6build3) ...
2026-10-07T19:54:54.0056026Z Selecting previously unselected package xfonts-cyrillic.
2026-10-07T19:54:54.0181718Z Preparing to unpack .../173-xfonts-cyrillic_1%3a1.0.5+nmu1_all.deb ...
2026-10-07T19:54:54.0189074Z Unpacking xfonts-cyrillic (1:1.0.5+nmu1) ...
2026-10-07T19:54:54.0533428Z Selecting previously unselected package xfonts-scalable.
2026-10-07T19:54:54.0659595Z Preparing to unpack .../174-xfonts-scalable_1%3a1.0.3-1.3_all.deb ...
2026-10-07T19:54:54.0669231Z Unpacking xfonts-scalable (1:1.0.3-1.3) ...
2026-10-07T19:54:54.0898601Z Selecting previously unselected package libgstreamer-plugins-bad1.0-0:amd64.
2026-10-07T19:54:54.1029745Z Preparing to unpack .../175-libgstreamer-plugins-bad1.0-0_1.24.2-1ubuntu4_amd64.deb ...
2026-10-07T19:54:54.1038453Z Unpacking libgstreamer-plugins-bad1.0-0:amd64 (1.24.2-1ubuntu4) ...
2026-10-07T19:54:54.1419329Z Selecting previously unselected package libdca0:amd64.
2026-10-07T19:54:54.1547483Z Preparing to unpack .../176-libdca0_0.0.7-2build1_amd64.deb ...
2026-10-07T19:54:54.1554436Z Unpacking libdca0:amd64 (0.0.7-2build1) ...
2026-10-07T19:54:54.1768472Z Selecting previously unselected package libopenal1:amd64.
2026-10-07T19:54:54.1895376Z Preparing to unpack .../177-libopenal1_1%3a1.23.1-4build1_amd64.deb ...
2026-10-07T19:54:54.1902603Z Unpacking libopenal1:amd64 (1:1.23.1-4build1) ...
2026-10-07T19:54:54.2162399Z Selecting previously unselected package libsbc1:amd64.
2026-10-07T19:54:54.2290874Z Preparing to unpack .../178-libsbc1_2.0-1build1_amd64.deb ...
2026-10-07T19:54:54.2297378Z Unpacking libsbc1:amd64 (2.0-1build1) ...
2026-10-07T19:54:54.2537721Z Selecting previously unselected package libvo-aacenc0:amd64.
2026-10-07T19:54:54.2662930Z Preparing to unpack .../179-libvo-aacenc0_0.1.3-2build1_amd64.deb ...
2026-10-07T19:54:54.2669848Z Unpacking libvo-aacenc0:amd64 (0.1.3-2build1) ...
2026-10-07T19:54:54.2881392Z Selecting previously unselected package libvo-amrwbenc0:amd64.
2026-10-07T19:54:54.3006870Z Preparing to unpack .../180-libvo-amrwbenc0_0.1.3-2build1_amd64.deb ...
2026-10-07T19:54:54.3013917Z Unpacking libvo-amrwbenc0:amd64 (0.1.3-2build1) ...
2026-10-07T19:54:54.3222486Z Selecting previously unselected package gstreamer1.0-plugins-bad:amd64.
2026-10-07T19:54:54.3347297Z Preparing to unpack .../181-gstreamer1.0-plugins-bad_1.24.2-1ubuntu4_amd64.deb ...
2026-10-07T19:54:54.3356901Z Unpacking gstreamer1.0-plugins-bad:amd64 (1.24.2-1ubuntu4) ...
2026-10-07T19:54:54.5392254Z Setting up libgme0:amd64 (0.6.3-7build1) ...
2026-10-07T19:54:54.5418032Z Setting up libchromaprint1:amd64 (1.5.1-5) ...
2026-10-07T19:54:54.5440454Z Setting up libssh-gcrypt-4:amd64 (0.10.6-2ubuntu0.5) ...
2026-10-07T19:54:54.5457917Z Setting up libhwy1t64:amd64 (1.0.7-8.1build1) ...
2026-10-07T19:54:54.5476082Z Setting up libfreeaptx0:amd64 (0.1.1-2build1) ...
2026-10-07T19:54:54.5494971Z Setting up libdvdread8t64:amd64 (6.1.3-1.1build1) ...
2026-10-07T19:54:54.5514810Z Setting up libudfread0:amd64 (1.1.2-1build1) ...
2026-10-07T19:54:54.5533311Z Setting up libmodplug1:amd64 (1:0.8.9.0-3build1) ...
2026-10-07T19:54:54.5550620Z Setting up libcdparanoia0:amd64 (3.10.2+debian-14build3) ...
2026-10-07T19:54:54.5575286Z Setting up libwayland-server0:amd64 (1.22.0-2.1build1) ...
2026-10-07T19:54:54.5593725Z Setting up libvo-amrwbenc0:amd64 (0.1.3-2build1) ...
2026-10-07T19:54:54.5615844Z Setting up session-migration (0.3.9build1) ...
2026-10-07T19:54:54.7283281Z Created symlink /etc/systemd/user/graphical-session-pre.target.wants/session-migration.service → /usr/lib/systemd/user/session-migration.service.
2026-10-07T19:54:54.7284112Z 
2026-10-07T19:54:54.7311896Z Setting up libraw1394-11:amd64 (2.1.2-2build3) ...
2026-10-07T19:54:54.7334189Z Setting up libsbc1:amd64 (2.0-1build1) ...
2026-10-07T19:54:54.7351524Z Setting up libproxy1v5:amd64 (0.5.4-4build1) ...
2026-10-07T19:54:54.7369027Z Setting up libneon27t64:amd64 (0.33.0-1.1build3) ...
2026-10-07T19:54:54.7391730Z Setting up libtag1v5-vanilla:amd64 (1.13.1-1build1) ...
2026-10-07T19:54:54.7411904Z Setting up libharfbuzz-icu0:amd64 (8.3.0-2build2) ...
2026-10-07T19:54:54.7429442Z Setting up libopenni2-0:amd64 (2.2.0.33+dfsg-18) ...
2026-10-07T19:54:54.8324254Z Setting up libspeex1:amd64 (1.2.1-2ubuntu2.24.04.1) ...
2026-10-07T19:54:54.8343372Z Setting up libshine3:amd64 (3.1.1-2build1) ...
2026-10-07T19:54:54.8361097Z Setting up libcaca0:amd64 (0.99.beta20-4ubuntu0.2) ...
2026-10-07T19:54:54.8379641Z Setting up libvpl2 (2023.3.0-1build1) ...
2026-10-07T19:54:54.8400670Z Setting up libv4lconvert0t64:amd64 (1.26.1-4build3) ...
2026-10-07T19:54:54.8417394Z Setting up libx264-164:amd64 (2:0.164.3108+git31e19f9-1) ...
2026-10-07T19:54:54.8437175Z Setting up libtwolame0:amd64 (0.4.0-2build3) ...
2026-10-07T19:54:54.8456005Z Setting up libmbedcrypto7t64:amd64 (2.28.8-1) ...
2026-10-07T19:54:54.8474839Z Setting up libwoff1:amd64 (1.0.2-2build1) ...
2026-10-07T19:54:54.8493970Z Setting up liblc3-1:amd64 (1.0.4-3build1) ...
2026-10-07T19:54:54.8511149Z Setting up libqrencode4:amd64 (4.1.1-1build2) ...
2026-10-07T19:54:54.8530991Z Setting up libhyphen0:amd64 (2.8.8-7build3) ...
2026-10-07T19:54:54.8550088Z Setting up libgsm1:amd64 (1.0.22-1build1) ...
2026-10-07T19:54:54.8569597Z Setting up libvisual-0.4-0:amd64 (0.4.2-2build1) ...
2026-10-07T19:54:54.8588494Z Setting up libsoxr0:amd64 (0.1.3-4build3) ...
2026-10-07T19:54:54.8606540Z Setting up libzix-0-0:amd64 (0.4.2-2build1) ...
2026-10-07T19:54:54.8627560Z Setting up libcodec2-1.2:amd64 (1.2.0-2build1) ...
2026-10-07T19:54:54.8650741Z Setting up libmanette-0.2-0:amd64 (0.2.7-1build2) ...
2026-10-07T19:54:54.8674604Z Setting up libsrtp2-1:amd64 (2.5.0-3build1) ...
2026-10-07T19:54:54.8693369Z Setting up libmysofa1:amd64 (1.3.2+dfsg-2ubuntu2) ...
2026-10-07T19:54:54.8715327Z Setting up libraptor2-0:amd64 (2.0.16-3ubuntu0.1) ...
2026-10-07T19:54:54.8734793Z Setting up libldacbt-enc2:amd64 (2.0.2.3+git20200429+ed310a0-4ubuntu2) ...
2026-10-07T19:54:54.8755371Z Setting up fonts-wqy-zenhei (0.9.45-8) ...
2026-10-07T19:54:54.8878026Z Setting up libwebrtc-audio-processing1:amd64 (0.3.1-0ubuntu6) ...
2026-10-07T19:54:54.8896139Z Setting up fonts-freefont-ttf (20211204+svn4273-2) ...
2026-10-07T19:54:54.8914469Z Setting up libevent-2.1-7t64:amd64 (2.1.12-stable-9ubuntu2.2) ...
2026-10-07T19:54:54.8934627Z Setting up libsvtav1enc1d1:amd64 (1.7.0+dfsg-2build1) ...
2026-10-07T19:54:54.8957530Z Setting up libsoup-3.0-common (3.4.4-5ubuntu0.9) ...
2026-10-07T19:54:54.8975703Z Setting up libmpg123-0t64:amd64 (1.32.5-1ubuntu1.1) ...
2026-10-07T19:54:54.8995879Z Setting up libcjson1:amd64 (1.7.17-1) ...
2026-10-07T19:54:54.9013829Z Setting up libxvidcore4:amd64 (2:1.3.7-1build1) ...
2026-10-07T19:54:54.9047090Z Setting up libmpcdec6:amd64 (2:0.1~r495-2build1) ...
2026-10-07T19:54:54.9066233Z Setting up libmjpegutils-2.1-0t64:amd64 (1:2.1.0+debian-8.1build1) ...
2026-10-07T19:54:54.9083797Z Setting up librav1e0:amd64 (0.7.1-2) ...
2026-10-07T19:54:54.9103919Z Setting up liborc-0.4-0t64:amd64 (1:0.4.38-1ubuntu0.1) ...
2026-10-07T19:54:54.9122360Z Setting up libxcb-xkb1:amd64 (1.15-1ubuntu2) ...
2026-10-07T19:54:54.9142577Z Setting up libvo-aacenc0:amd64 (0.1.3-2build1) ...
2026-10-07T19:54:54.9162329Z Setting up librist4:amd64 (0.2.10+dfsg-2) ...
2026-10-07T19:54:54.9181453Z Setting up librsvg2-2:amd64 (2.58.0+dfsg-1ubuntu0.1) ...
2026-10-07T19:54:54.9202461Z Setting up libblas3:amd64 (3.12.0-3build1.1) ...
2026-10-07T19:54:54.9264436Z update-alternatives: using /usr/lib/x86_64-linux-gnu/blas/libblas.so.3 to provide /usr/lib/x86_64-linux-gnu/libblas.so.3 (libblas.so.3-x86_64-linux-gnu) in auto mode
2026-10-07T19:54:54.9283919Z Setting up libegl-mesa0:amd64 (25.2.8-0ubuntu0.24.04.4) ...
2026-10-07T19:54:54.9301945Z Setting up libsoundtouch1:amd64 (2.3.2+ds1-1build1) ...
2026-10-07T19:54:54.9322142Z Setting up libplacebo338:amd64 (6.338.2-2build1) ...
2026-10-07T19:54:54.9343126Z Setting up libgles2:amd64 (1.7.0-1build1) ...
2026-10-07T19:54:54.9362250Z Setting up fonts-tlwg-loma-otf (1:0.7.3-1) ...
2026-10-07T19:54:54.9380466Z Setting up libva2:amd64 (2.20.0-2ubuntu0.2) ...
2026-10-07T19:54:54.9402218Z Setting up libfreetype6:amd64 (2.13.2+dfsg-1ubuntu0.2) ...
2026-10-07T19:54:54.9421455Z Setting up libspa-0.2-modules:amd64 (1.0.5-1ubuntu3.3) ...
2026-10-07T19:54:54.9444083Z Setting up libzxing3:amd64 (2.2.1-3) ...
2026-10-07T19:54:54.9463545Z Setting up xfonts-encodings (1:1.0.5-0ubuntu2) ...
2026-10-07T19:54:54.9483197Z Setting up libopus0:amd64 (1.4-1build1) ...
2026-10-07T19:54:54.9504880Z Setting up libfaad2:amd64 (2.11.1-1build1) ...
2026-10-07T19:54:54.9524353Z Setting up libxkbcommon-x11-0:amd64 (1.6.0-1build1) ...
2026-10-07T19:54:54.9545001Z Setting up libdc1394-25:amd64 (2.2.6-4build1) ...
2026-10-07T19:54:54.9563339Z Setting up libimath-3-1-29t64:amd64 (3.1.9-3.1ubuntu2) ...
2026-10-07T19:54:54.9581085Z Setting up libunibreak5:amd64 (5.1-2build1) ...
2026-10-07T19:54:54.9600797Z Setting up libdv4t64:amd64 (1.0.0-17.1build1) ...
2026-10-07T19:54:54.9618491Z Setting up libjxl0.7:amd64 (0.7.0-10.2ubuntu6.1) ...
2026-10-07T19:54:54.9638852Z Setting up libopenh264-7:amd64 (2.4.1+dfsg-1) ...
2026-10-07T19:54:54.9661098Z Setting up libltc11:amd64 (1.3.2-1build1) ...
2026-10-07T19:54:54.9680879Z Setting up libx265-199:amd64 (3.5-2build1) ...
2026-10-07T19:54:54.9702311Z Setting up libv4l-0t64:amd64 (1.26.1-4build3) ...
2026-10-07T19:54:54.9721119Z Setting up libavtp0:amd64 (0.2.0-1build1) ...
2026-10-07T19:54:54.9741664Z Setting up libsndio7.0:amd64 (1.9.0-0.3build3) ...
2026-10-07T19:54:55.0046935Z Setting up libdirectfb-1.7-7t64:amd64 (1.7.7-11.1ubuntu2) ...
2026-10-07T19:54:55.0074300Z Setting up libspandsp2t64:amd64 (0.0.6+dfsg-2.1build1) ...
2026-10-07T19:54:55.0099289Z Setting up libvidstab1.1:amd64 (1.1.0-2build1) ...
2026-10-07T19:54:55.0145600Z Setting up libvpx9:amd64 (1.14.0-1ubuntu2.3) ...
2026-10-07T19:54:55.0176837Z Setting up libsrt1.5-gnutls:amd64 (1.5.3-1build2) ...
2026-10-07T19:54:55.0201626Z Setting up libtag1v5:amd64 (1.13.1-1build1) ...
2026-10-07T19:54:55.0227791Z Setting up libflite1:amd64 (2.2-6build3) ...
2026-10-07T19:54:55.0252186Z Setting up libdav1d7:amd64 (1.4.1-1build1) ...
2026-10-07T19:54:55.0271349Z Setting up libva-drm2:amd64 (2.20.0-2ubuntu0.2) ...
2026-10-07T19:54:55.0295013Z Setting up fonts-ipafont-gothic (00303-21ubuntu1) ...
2026-10-07T19:54:55.0366731Z update-alternatives: using /usr/share/fonts/opentype/ipafont-gothic/ipag.ttf to provide /usr/share/fonts/truetype/fonts-japanese-gothic.ttf (fonts-japanese-gothic.ttf) in auto mode
2026-10-07T19:54:55.0384978Z Setting up ocl-icd-libopencl1:amd64 (2.3.2-1build1) ...
2026-10-07T19:54:55.0403475Z Setting up libasyncns0:amd64 (0.8-6build4) ...
2026-10-07T19:54:55.0424172Z Setting up libwildmidi2:amd64 (0.4.3-1build3) ...
2026-10-07T19:54:55.0448827Z Setting up libvdpau1:amd64 (1.5-2build1) ...
2026-10-07T19:54:55.0474592Z Setting up libwavpack1:amd64 (5.6.0-1build1) ...
2026-10-07T19:54:55.0492443Z Setting up libbs2b0:amd64 (3.1.0+dfsg-7build1) ...
2026-10-07T19:54:55.0510917Z Setting up libtheora0:amd64 (1.1.1+dfsg.1-16.1build3) ...
2026-10-07T19:54:55.0530286Z Setting up libegl1:amd64 (1.7.0-1build1) ...
2026-10-07T19:54:55.0548668Z Setting up libdecor-0-0:amd64 (0.2.2-1build2) ...
2026-10-07T19:54:55.0568322Z Setting up libdca0:amd64 (0.0.7-2build1) ...
2026-10-07T19:54:55.0589570Z Setting up libzimg2:amd64 (3.0.5+ds1-1build1) ...
2026-10-07T19:54:55.0618060Z Setting up libopenal-data (1:1.23.1-4build1) ...
2026-10-07T19:54:55.0646860Z Setting up libabsl20220623t64:amd64 (20220623.1-3.1ubuntu3.2) ...
2026-10-07T19:54:55.0665085Z Setting up libflac12t64:amd64 (1.4.3+ds-2.1ubuntu2) ...
2026-10-07T19:54:55.0687321Z Setting up libgtk-4-common (4.14.5+ds-0ubuntu0.10) ...
2026-10-07T19:54:55.0706325Z Setting up libmpeg2encpp-2.1-0t64:amd64 (1:2.1.0+debian-8.1build1) ...
2026-10-07T19:54:55.0725128Z Setting up glib-networking-common (2.80.0-1build1) ...
2026-10-07T19:54:55.0747655Z Setting up libmfx1:amd64 (22.5.4-1) ...
2026-10-07T19:54:55.0767747Z Setting up libbluray2:amd64 (1:1.3.4-1build1) ...
2026-10-07T19:54:55.0788911Z Setting up libde265-0:amd64 (1.0.15-1ubuntu0.1) ...
2026-10-07T19:54:55.0807860Z Setting up libsamplerate0:amd64 (0.2.2-4build1) ...
2026-10-07T19:54:55.0828228Z Setting up timgm6mb-soundfont (1.3-5) ...
2026-10-07T19:54:55.0918247Z update-alternatives: using /usr/share/sounds/sf2/TimGM6mb.sf2 to provide /usr/share/sounds/sf2/default-GM.sf2 (default-GM.sf2) in auto mode
2026-10-07T19:54:55.0963782Z update-alternatives: using /usr/share/sounds/sf2/TimGM6mb.sf2 to provide /usr/share/sounds/sf3/default-GM.sf3 (default-GM.sf3) in auto mode
2026-10-07T19:54:55.0979576Z Setting up libva-x11-2:amd64 (2.20.0-2ubuntu0.2) ...
2026-10-07T19:54:55.0999444Z Setting up libyuv0:amd64 (0.0~git202401110.af6ac82-1) ...
2026-10-07T19:54:55.1018013Z Setting up libmplex2-2.1-0t64:amd64 (1:2.1.0+debian-8.1build1) ...
2026-10-07T19:54:55.1038286Z Setting up libpipewire-0.3-0t64:amd64 (1.0.5-1ubuntu3.3) ...
2026-10-07T19:54:55.1058547Z Setting up libopenmpt0t64:amd64 (0.7.3-1.1build3) ...
2026-10-07T19:54:55.1078568Z Setting up libzvbi-common (0.2.42-2) ...
2026-10-07T19:54:55.1099060Z Setting up libsecret-common (0.21.4-1build3) ...
2026-10-07T19:54:55.1116818Z Setting up libmp3lame0:amd64 (3.100-6build1) ...
2026-10-07T19:54:55.1138699Z Setting up libgraphene-1.0-0:amd64 (1.10.8-3build2) ...
2026-10-07T19:54:55.1156218Z Setting up libvorbisenc2:amd64 (1.3.7-1build3) ...
2026-10-07T19:54:55.1175864Z Setting up libdvdnav4:amd64 (6.1.1-3build1) ...
2026-10-07T19:54:55.1196132Z Setting up fonts-unifont (1:15.1.01-1build1) ...
2026-10-07T19:54:55.1216098Z Setting up libaa1:amd64 (1.4p5-51.1) ...
2026-10-07T19:54:55.1250917Z Setting up libiec61883-0:amd64 (1.2.0-6build1) ...
2026-10-07T19:54:55.1269510Z Setting up libserd-0-0:amd64 (0.32.2-1) ...
2026-10-07T19:54:55.1293958Z Setting up libavc1394-0:amd64 (0.5.4-5build3) ...
2026-10-07T19:54:55.1316598Z Setting up libcairo-script-interpreter2:amd64 (1.18.0-3build1) ...
2026-10-07T19:54:55.1334879Z Setting up gsettings-desktop-schemas (46.1-0ubuntu1) ...
2026-10-07T19:54:55.1357170Z Setting up glib-networking-services (2.80.0-1build1) ...
2026-10-07T19:54:55.1376060Z Setting up liblapack3:amd64 (3.12.0-3build1.1) ...
2026-10-07T19:54:55.1439146Z update-alternatives: using /usr/lib/x86_64-linux-gnu/lapack/liblapack.so.3 to provide /usr/lib/x86_64-linux-gnu/liblapack.so.3 (liblapack.so.3-x86_64-linux-gnu) in auto mode
2026-10-07T19:54:55.1454501Z Setting up libzvbi0t64:amd64 (0.2.42-2) ...
2026-10-07T19:54:55.1473792Z Setting up liblrdf0:amd64 (0.6.1-4build1) ...
2026-10-07T19:54:55.1493745Z Setting up libzbar0t64:amd64 (0.23.93-4build3) ...
2026-10-07T19:54:55.1515206Z Setting up libgstreamer-plugins-base1.0-0:amd64 (1.24.2-1ubuntu0.5) ...
2026-10-07T19:54:55.1534470Z Setting up libavutil58:amd64 (7:6.1.1-3ubuntu5) ...
2026-10-07T19:54:55.1556947Z Setting up libopenal1:amd64 (1:1.23.1-4build1) ...
2026-10-07T19:54:55.1578570Z Setting up xfonts-utils (1:7.7+6build3) ...
2026-10-07T19:54:55.1619641Z Setting up libsecret-1-0:amd64 (0.21.4-1build3) ...
2026-10-07T19:54:55.1643107Z Setting up libgstreamer-plugins-good1.0-0:amd64 (1.24.2-1ubuntu1.8) ...
2026-10-07T19:54:55.1663732Z Setting up libgstreamer-gl1.0-0:amd64 (1.24.2-1ubuntu0.5) ...
2026-10-07T19:54:55.1684857Z Setting up gstreamer1.0-plugins-base:amd64 (1.24.2-1ubuntu0.5) ...
2026-10-07T19:54:55.1703160Z Setting up libass9:amd64 (1:0.17.1-2build1) ...
2026-10-07T19:54:55.1724819Z Setting up libswresample4:amd64 (7:6.1.1-3ubuntu5) ...
2026-10-07T19:54:55.1745167Z Setting up libopenexr-3-1-30:amd64 (3.1.5-5.1build3) ...
2026-10-07T19:54:55.1763827Z Setting up libshout3:amd64 (2.4.6-1build2) ...
2026-10-07T19:54:55.1785822Z Setting up libgav1-1:amd64 (0.18.0-1build3) ...
2026-10-07T19:54:55.1804838Z Setting up libavcodec60:amd64 (7:6.1.1-3ubuntu5) ...
2026-10-07T19:54:55.1826579Z Setting up librubberband2:amd64 (3.3.0+dfsg-2build1) ...
2026-10-07T19:54:55.1848740Z Setting up libjack-jackd2-0:amd64 (1.9.21~dfsg-3ubuntu3) ...
2026-10-07T19:54:55.1875721Z Setting up libsord-0-0:amd64 (0.16.16-2build1) ...
2026-10-07T19:54:55.1904829Z Setting up xfonts-cyrillic (1:1.0.5+nmu1) ...
2026-10-07T19:54:55.2242003Z Setting up libpostproc57:amd64 (7:6.1.1-3ubuntu5) ...
2026-10-07T19:54:55.2265667Z Setting up libsratom-0-0:amd64 (0.6.16-1build1) ...
2026-10-07T19:54:55.2289523Z Setting up libsndfile1:amd64 (1.2.2-1ubuntu5.24.04.1) ...
2026-10-07T19:54:55.2308256Z Setting up liblilv-0-0:amd64 (0.24.22-1build1) ...
2026-10-07T19:54:55.2327806Z Setting up libinstpatch-1.0-2:amd64 (1.1.6-1build2) ...
2026-10-07T19:54:55.2383853Z Setting up xfonts-scalable (1:1.0.3-1.3) ...
2026-10-07T19:54:55.2698160Z Setting up libswscale7:amd64 (7:6.1.1-3ubuntu5) ...
2026-10-07T19:54:55.2727286Z Setting up libavif16:amd64 (1.0.4-1ubuntu3) ...
2026-10-07T19:54:55.2985747Z Setting up libpulse0:amd64 (1:16.1+dfsg1-2ubuntu10.1) ...
2026-10-07T19:54:55.3055601Z Setting up libavformat60:amd64 (7:6.1.1-3ubuntu5) ...
2026-10-07T19:54:55.3078012Z Setting up libsphinxbase3t64:amd64 (0.8+5prealpha+1-17build2) ...
2026-10-07T19:54:55.3098825Z Setting up libsdl2-2.0-0:amd64 (2.30.0+dfsg-1ubuntu3.1) ...
2026-10-07T19:54:55.3117851Z Setting up libfluidsynth3:amd64 (2.3.4-1build3) ...
2026-10-07T19:54:55.3145857Z Setting up libpocketsphinx3:amd64 (0.8.0+real5prealpha+1-15ubuntu5) ...
2026-10-07T19:54:55.3162918Z Setting up libavfilter9:amd64 (7:6.1.1-3ubuntu5) ...
2026-10-07T19:54:55.3187057Z Setting up gstreamer1.0-libav:amd64 (1.24.1-1build1) ...
2026-10-07T19:54:55.3786322Z Processing triggers for fontconfig (2.15.0-1.1ubuntu2) ...
2026-10-07T19:54:55.7749854Z Processing triggers for libc-bin (2.39-0ubuntu8.9) ...
2026-10-07T19:54:55.8712199Z Processing triggers for man-db (2.12.0-4build2) ...
2026-10-07T19:54:55.8736505Z Not building database; man-db/auto-update is not 'true'.
2026-10-07T19:54:55.8763559Z Processing triggers for libglib2.0-0t64:amd64 (2.80.0-6ubuntu3.9) ...
2026-10-07T19:54:55.9270390Z Setting up libgtk-4-1:amd64 (4.14.5+ds-0ubuntu0.10) ...
2026-10-07T19:54:56.8186157Z Setting up glib-networking:amd64 (2.80.0-1build1) ...
2026-10-07T19:54:56.8218730Z Setting up libsoup-3.0-0:amd64 (3.4.4-5ubuntu0.9) ...
2026-10-07T19:54:56.8253048Z Setting up libgssdp-1.6-0:amd64 (1.6.3-1build3) ...
2026-10-07T19:54:56.8321511Z Setting up gstreamer1.0-plugins-good:amd64 (1.24.2-1ubuntu1.8) ...
2026-10-07T19:54:56.8344971Z Setting up libgupnp-1.6-0:amd64 (1.6.6-1build3) ...
2026-10-07T19:54:56.8405398Z Setting up libgupnp-igd-1.6-0:amd64 (1.6.0-3build3) ...
2026-10-07T19:54:56.8442300Z Setting up libnice10:amd64 (0.1.21-2build3) ...
2026-10-07T19:54:56.8493779Z Setting up libgstreamer-plugins-bad1.0-0:amd64 (1.24.2-1ubuntu4) ...
2026-10-07T19:54:56.8535870Z Setting up gstreamer1.0-plugins-bad:amd64 (1.24.2-1ubuntu4) ...
2026-10-07T19:54:56.8563683Z Processing triggers for libc-bin (2.39-0ubuntu8.9) ...
2026-10-07T19:54:58.2291435Z 
2026-10-07T19:54:58.2292039Z Running kernel seems to be up-to-date.
2026-10-07T19:54:58.2292450Z 
2026-10-07T19:54:58.2292683Z Restarting services...
2026-10-07T19:54:58.2555926Z  systemctl restart php8.3-fpm.service
2026-10-07T19:54:58.3637042Z 
2026-10-07T19:54:58.3641194Z No containers need to be restarted.
2026-10-07T19:54:58.3641833Z 
2026-10-07T19:54:58.3642467Z No user sessions are running outdated binaries.
2026-10-07T19:54:58.3642982Z 
2026-10-07T19:54:58.3643617Z No VM guests are running outdated hypervisor (qemu) binaries on this host.
2026-10-07T19:54:59.1904099Z Downloading Chrome for Testing 151.0.7922.34 (playwright chromium v1234) from https://cdn.playwright.dev/builds/cft/151.0.7922.34/linux64/chrome-linux64.zip
2026-10-07T19:55:00.2465655Z |                                                                                |   0% of 184.3 MiB
2026-10-07T19:55:00.5890065Z |■■■■■■■■                                                                        |  10% of 184.3 MiB
2026-10-07T19:55:00.6753825Z |■■■■■■■■■■■■■■■■                                                                |  20% of 184.3 MiB
2026-10-07T19:55:00.8668328Z |■■■■■■■■■■■■■■■■■■■■■■■■                                                        |  30% of 184.3 MiB
2026-10-07T19:55:00.9834244Z |■■■■■■■■■■■■■■■■■■■■■■■■■■■■■■■■                                                |  40% of 184.3 MiB
2026-10-07T19:55:01.0715873Z |■■■■■■■■■■■■■■■■■■■■■■■■■■■■■■■■■■■■■■■■                                        |  50% of 184.3 MiB
2026-10-07T19:55:01.1552159Z |■■■■■■■■■■■■■■■■■■■■■■■■■■■■■■■■■■■■■■■■■■■■■■■■                                |  60% of 184.3 MiB
2026-10-07T19:55:01.2373227Z |■■■■■■■■■■■■■■■■■■■■■■■■■■■■■■■■■■■■■■■■■■■■■■■■■■■■■■■■                        |  70% of 184.3 MiB
2026-10-07T19:55:01.3168347Z |■■■■■■■■■■■■■■■■■■■■■■■■■■■■■■■■■■■■■■■■■■■■■■■■■■■■■■■■■■■■■■■■                |  80% of 184.3 MiB
2026-10-07T19:55:01.3932264Z |■■■■■■■■■■■■■■■■■■■■■■■■■■■■■■■■■■■■■■■■■■■■■■■■■■■■■■■■■■■■■■■■■■■■■■■■        |  90% of 184.3 MiB
2026-10-07T19:55:01.4545941Z |■■■■■■■■■■■■■■■■■■■■■■■■■■■■■■■■■■■■■■■■■■■■■■■■■■■■■■■■■■■■■■■■■■■■■■■■■■■■■■■■| 100% of 184.3 MiB
2026-10-07T19:55:04.5573206Z Chrome for Testing 151.0.7922.34 (playwright chromium v1234) downloaded to /home/runner/.cache/ms-playwright/chromium-1234
2026-10-07T19:55:04.5577417Z Downloading Chrome Headless Shell 151.0.7922.34 (playwright chromium-headless-shell v1234) from https://cdn.playwright.dev/builds/cft/151.0.7922.34/linux64/chrome-headless-shell-linux64.zip
2026-10-07T19:55:05.5804688Z |                                                                                |   0% of 114.7 MiB
2026-10-07T19:55:05.7090880Z |■■■■■■■■                                                                        |  10% of 114.7 MiB
2026-10-07T19:55:05.7937879Z |■■■■■■■■■■■■■■■■                                                                |  20% of 114.7 MiB
2026-10-07T19:55:05.8797254Z |■■■■■■■■■■■■■■■■■■■■■■■■                                                        |  30% of 114.7 MiB
2026-10-07T19:55:05.9688114Z |■■■■■■■■■■■■■■■■■■■■■■■■■■■■■■■■                                                |  40% of 114.7 MiB
2026-10-07T19:55:06.0388378Z |■■■■■■■■■■■■■■■■■■■■■■■■■■■■■■■■■■■■■■■■                                        |  50% of 114.7 MiB
2026-10-07T19:55:06.1345139Z |■■■■■■■■■■■■■■■■■■■■■■■■■■■■■■■■■■■■■■■■■■■■■■■■                                |  60% of 114.7 MiB
2026-10-07T19:55:06.2300820Z |■■■■■■■■■■■■■■■■■■■■■■■■■■■■■■■■■■■■■■■■■■■■■■■■■■■■■■■■                        |  70% of 114.7 MiB
2026-10-07T19:55:06.3033525Z |■■■■■■■■■■■■■■■■■■■■■■■■■■■■■■■■■■■■■■■■■■■■■■■■■■■■■■■■■■■■■■■■                |  80% of 114.7 MiB
2026-10-07T19:55:06.3806290Z |■■■■■■■■■■■■■■■■■■■■■■■■■■■■■■■■■■■■■■■■■■■■■■■■■■■■■■■■■■■■■■■■■■■■■■■■        |  90% of 114.7 MiB
2026-10-07T19:55:06.4632013Z |■■■■■■■■■■■■■■■■■■■■■■■■■■■■■■■■■■■■■■■■■■■■■■■■■■■■■■■■■■■■■■■■■■■■■■■■■■■■■■■■| 100% of 114.7 MiB
2026-10-07T19:55:08.7061177Z Chrome Headless Shell 151.0.7922.34 (playwright chromium-headless-shell v1234) downloaded to /home/runner/.cache/ms-playwright/chromium_headless_shell-1234
2026-10-07T19:55:08.7063897Z Downloading Firefox 153.0 (playwright firefox v1538) from https://cdn.playwright.dev/dbazure/download/playwright/builds/firefox/1538/firefox-ubuntu-24.04.zip
2026-10-07T19:55:09.8117420Z |                                                                                |   0% of 108.2 MiB
2026-10-07T19:55:09.8890877Z |■■■■■■■■                                                                        |  10% of 108.2 MiB
2026-10-07T19:55:09.9570986Z |■■■■■■■■■■■■■■■■                                                                |  20% of 108.2 MiB
2026-10-07T19:55:10.0239080Z |■■■■■■■■■■■■■■■■■■■■■■■■                                                        |  30% of 108.2 MiB
2026-10-07T19:55:10.0751861Z |■■■■■■■■■■■■■■■■■■■■■■■■■■■■■■■■                                                |  40% of 108.2 MiB
2026-10-07T19:55:10.1358239Z |■■■■■■■■■■■■■■■■■■■■■■■■■■■■■■■■■■■■■■■■                                        |  50% of 108.2 MiB
2026-10-07T19:55:10.2040823Z |■■■■■■■■■■■■■■■■■■■■■■■■■■■■■■■■■■■■■■■■■■■■■■■■                                |  60% of 108.2 MiB
2026-10-07T19:55:10.2502249Z |■■■■■■■■■■■■■■■■■■■■■■■■■■■■■■■■■■■■■■■■■■■■■■■■■■■■■■■■                        |  70% of 108.2 MiB
2026-10-07T19:55:10.3108337Z |■■■■■■■■■■■■■■■■■■■■■■■■■■■■■■■■■■■■■■■■■■■■■■■■■■■■■■■■■■■■■■■■                |  80% of 108.2 MiB
2026-10-07T19:55:10.3860589Z |■■■■■■■■■■■■■■■■■■■■■■■■■■■■■■■■■■■■■■■■■■■■■■■■■■■■■■■■■■■■■■■■■■■■■■■■        |  90% of 108.2 MiB
2026-10-07T19:55:10.4380786Z |■■■■■■■■■■■■■■■■■■■■■■■■■■■■■■■■■■■■■■■■■■■■■■■■■■■■■■■■■■■■■■■■■■■■■■■■■■■■■■■■| 100% of 108.2 MiB
2026-10-07T19:55:12.5418523Z Firefox 153.0 (playwright firefox v1538) downloaded to /home/runner/.cache/ms-playwright/firefox-1538
2026-10-07T19:55:12.5422971Z Downloading WebKit 26.5 (playwright webkit v2336) from https://cdn.playwright.dev/dbazure/download/playwright/builds/webkit/2336/webkit-ubuntu-24.04.zip
2026-10-07T19:55:13.6528232Z |                                                                                |   0% of 102 MiB
2026-10-07T19:55:13.7301203Z |■■■■■■■■                                                                        |  10% of 102 MiB
2026-10-07T19:55:13.8231796Z |■■■■■■■■■■■■■■■■                                                                |  20% of 102 MiB
2026-10-07T19:55:13.9011384Z |■■■■■■■■■■■■■■■■■■■■■■■■                                                        |  30% of 102 MiB
2026-10-07T19:55:13.9782148Z |■■■■■■■■■■■■■■■■■■■■■■■■■■■■■■■■                                                |  40% of 102 MiB
2026-10-07T19:55:14.0481031Z |■■■■■■■■■■■■■■■■■■■■■■■■■■■■■■■■■■■■■■■■                                        |  50% of 102 MiB
2026-10-07T19:55:14.1307601Z |■■■■■■■■■■■■■■■■■■■■■■■■■■■■■■■■■■■■■■■■■■■■■■■■                                |  60% of 102 MiB
2026-10-07T19:55:14.1916368Z |■■■■■■■■■■■■■■■■■■■■■■■■■■■■■■■■■■■■■■■■■■■■■■■■■■■■■■■■                        |  70% of 102 MiB
2026-10-07T19:55:14.2371145Z |■■■■■■■■■■■■■■■■■■■■■■■■■■■■■■■■■■■■■■■■■■■■■■■■■■■■■■■■■■■■■■■■                |  80% of 102 MiB
2026-10-07T19:55:14.3020324Z |■■■■■■■■■■■■■■■■■■■■■■■■■■■■■■■■■■■■■■■■■■■■■■■■■■■■■■■■■■■■■■■■■■■■■■■■        |  90% of 102 MiB
2026-10-07T19:55:14.3406024Z |■■■■■■■■■■■■■■■■■■■■■■■■■■■■■■■■■■■■■■■■■■■■■■■■■■■■■■■■■■■■■■■■■■■■■■■■■■■■■■■■| 100% of 102 MiB
2026-10-07T19:55:16.4129944Z WebKit 26.5 (playwright webkit v2336) downloaded to /home/runner/.cache/ms-playwright/webkit-2336
2026-10-07T19:55:16.4133736Z Downloading FFmpeg (playwright ffmpeg v1011) from https://cdn.playwright.dev/dbazure/download/playwright/builds/ffmpeg/1011/ffmpeg-linux.zip
2026-10-07T19:55:17.3641540Z |                                                                                |   0% of 2.3 MiB
2026-10-07T19:55:17.3676748Z |■■■■■■■■                                                                        |  10% of 2.3 MiB
2026-10-07T19:55:17.3711268Z |■■■■■■■■■■■■■■■■                                                                |  20% of 2.3 MiB
2026-10-07T19:55:17.3735204Z |■■■■■■■■■■■■■■■■■■■■■■■■                                                        |  30% of 2.3 MiB
2026-10-07T19:55:17.3756126Z |■■■■■■■■■■■■■■■■■■■■■■■■■■■■■■■■                                                |  40% of 2.3 MiB
2026-10-07T19:55:17.3768289Z |■■■■■■■■■■■■■■■■■■■■■■■■■■■■■■■■■■■■■■■■                                        |  50% of 2.3 MiB
2026-10-07T19:55:17.3784053Z |■■■■■■■■■■■■■■■■■■■■■■■■■■■■■■■■■■■■■■■■■■■■■■■■                                |  60% of 2.3 MiB
2026-10-07T19:55:17.3802951Z |■■■■■■■■■■■■■■■■■■■■■■■■■■■■■■■■■■■■■■■■■■■■■■■■■■■■■■■■                        |  70% of 2.3 MiB
2026-10-07T19:55:17.3820557Z |■■■■■■■■■■■■■■■■■■■■■■■■■■■■■■■■■■■■■■■■■■■■■■■■■■■■■■■■■■■■■■■■                |  80% of 2.3 MiB
2026-10-07T19:55:17.3833732Z |■■■■■■■■■■■■■■■■■■■■■■■■■■■■■■■■■■■■■■■■■■■■■■■■■■■■■■■■■■■■■■■■■■■■■■■■        |  90% of 2.3 MiB
2026-10-07T19:55:17.3842796Z |■■■■■■■■■■■■■■■■■■■■■■■■■■■■■■■■■■■■■■■■■■■■■■■■■■■■■■■■■■■■■■■■■■■■■■■■■■■■■■■■| 100% of 2.3 MiB
2026-10-07T19:55:17.4457779Z FFmpeg (playwright ffmpeg v1011) downloaded to /home/runner/.cache/ms-playwright/ffmpeg-1011
2026-10-07T19:55:17.9739647Z ##[group]Run pnpm exec playwright test --project=webkit --grep "opens and cancels public configuration panels|keeps the public native colour field|preserves inert HTML comments|edits RTL blocks"
2026-10-07T19:55:17.9741461Z [36;1mpnpm exec playwright test --project=webkit --grep "opens and cancels public configuration panels|keeps the public native colour field|preserves inert HTML comments|edits RTL blocks"[0m
2026-10-07T19:55:17.9808764Z shell: /usr/bin/bash -e {0}
2026-10-07T19:55:17.9809019Z env:
2026-10-07T19:55:17.9809284Z   PNPM_HOME: /home/runner/setup-pnpm/node_modules/.bin
2026-10-07T19:55:17.9809602Z ##[endgroup]
2026-10-07T19:55:19.5284711Z [WebServer] $ vite build -c vite.lib.config.ts && tsc -p tsconfig.build.json && node scripts/copy-assets.mjs && pnpm build:angular
2026-10-07T19:55:19.5285926Z 
2026-10-07T19:55:21.9281177Z [WebServer] $ pnpm --dir tools/angular-build exec ngc -p ../../tsconfig.angular.json && pnpm build:angular-demo
2026-10-07T19:55:21.9281789Z 
2026-10-07T19:55:24.2727281Z [WebServer] $ pnpm --dir tools/angular-build exec ngc -p ../../tsconfig.angular-demo.json
2026-10-07T19:55:24.2727973Z 
2026-10-07T19:55:34.9043802Z 
2026-10-07T19:55:34.9044496Z Running 4 tests using 2 workers
2026-10-07T19:55:34.9044892Z 
2026-10-07T19:55:35.8839402Z [1/4] [webkit] › tests/browser/editor.spec.ts:35:1 › edits RTL blocks with native keyboard selection, direction controls, Enter history and HTML reader export
2026-10-07T19:55:35.8895655Z [2/4] [webkit] › tests/browser/editor.spec.ts:112:1 › preserves inert HTML comments through human editing source and reader output
2026-10-07T19:56:02.4858296Z [3/4] [webkit] › tests/browser/editor.spec.ts:5345:1 › opens and cancels public configuration panels with keyboard focus and exact document retention
2026-10-07T19:56:10.0173984Z [4/4] [webkit] › tests/browser/editor.spec.ts:5463:1 › keeps the public native colour field focused while formatting selected text and allows undo in the editor
2026-10-07T19:56:22.5144551Z   4 passed (1.1m)
2026-10-07T19:56:22.6788587Z ##[group]Run pnpm exec playwright test --project=firefox --grep "edits RTL blocks"
2026-10-07T19:56:22.6789404Z [36;1mpnpm exec playwright test --project=firefox --grep "edits RTL blocks"[0m
2026-10-07T19:56:22.6853802Z shell: /usr/bin/bash -e {0}
2026-10-07T19:56:22.6854063Z env:
2026-10-07T19:56:22.6854334Z   PNPM_HOME: /home/runner/setup-pnpm/node_modules/.bin
2026-10-07T19:56:22.6854664Z ##[endgroup]
2026-10-07T19:56:24.1483182Z [WebServer] $ vite build -c vite.lib.config.ts && tsc -p tsconfig.build.json && node scripts/copy-assets.mjs && pnpm build:angular
2026-10-07T19:56:24.1484066Z 
2026-10-07T19:56:26.5935334Z [WebServer] $ pnpm --dir tools/angular-build exec ngc -p ../../tsconfig.angular.json && pnpm build:angular-demo
2026-10-07T19:56:26.5935938Z 
2026-10-07T19:56:28.9184008Z [WebServer] $ pnpm --dir tools/angular-build exec ngc -p ../../tsconfig.angular-demo.json
2026-10-07T19:56:28.9184747Z 
2026-10-07T19:56:33.2600658Z 
2026-10-07T19:56:33.2601484Z Running 1 test using 1 worker
2026-10-07T19:56:33.2601785Z 
2026-10-07T19:56:34.1760435Z [1/1] [firefox] › tests/browser/editor.spec.ts:35:1 › edits RTL blocks with native keyboard selection, direction controls, Enter history and HTML reader export
2026-10-07T19:56:40.2170557Z   1 passed (16.6s)
2026-10-07T19:56:40.3800946Z ##[group]Run pnpm test:browser
2026-10-07T19:56:40.3801277Z [36;1mpnpm test:browser[0m
2026-10-07T19:56:40.3863038Z shell: /usr/bin/bash -e {0}
2026-10-07T19:56:40.3863298Z env:
2026-10-07T19:56:40.3863566Z   PNPM_HOME: /home/runner/setup-pnpm/node_modules/.bin
2026-10-07T19:56:40.3863896Z ##[endgroup]
2026-10-07T19:56:40.8311605Z $ playwright test
2026-10-07T19:56:41.8189683Z [WebServer] $ vite build -c vite.lib.config.ts && tsc -p tsconfig.build.json && node scripts/copy-assets.mjs && pnpm build:angular
2026-10-07T19:56:41.8190853Z 
2026-10-07T19:56:44.1944341Z [WebServer] $ pnpm --dir tools/angular-build exec ngc -p ../../tsconfig.angular.json && pnpm build:angular-demo
2026-10-07T19:56:44.1945162Z 
2026-10-07T19:56:46.5334313Z [WebServer] $ pnpm --dir tools/angular-build exec ngc -p ../../tsconfig.angular-demo.json
2026-10-07T19:56:46.5335079Z 
2026-10-07T19:56:51.1790454Z 
2026-10-07T19:56:51.1791208Z Running 695 tests using 2 workers
2026-10-07T19:56:51.1791499Z 
2026-10-07T19:56:52.1575690Z [1/695] [chromium] › tests/browser/editor.spec.ts:39:1 › separates the homepage framework descenders from the italic extend line
2026-10-07T19:56:52.1877604Z [2/695] [chromium] › tests/browser/editor.spec.ts:35:1 › edits RTL blocks with native keyboard selection, direction controls, Enter history and HTML reader export
2026-10-07T19:56:58.6372921Z [3/695] [chromium] › tests/browser/editor.spec.ts:58:1 › keeps consecutive marked quoted and table blank lines visible in reader and saved HTML
2026-10-07T19:56:59.9435712Z [4/695] [chromium] › tests/browser/editor.spec.ts:62:1 › fills and reopens a retained childless paragraph using real pointer typing Enter Backspace and undo
2026-10-07T19:57:03.2053700Z [5/695] [chromium] › tests/browser/editor.spec.ts:66:1 › edits structured inert block wrappers with actual table navigation Enter Backspace history and safe reopening
2026-10-07T19:57:04.9322841Z [6/695] [chromium] › tests/browser/editor.spec.ts:70:1 › retains HTML link navigation and literal Markdown data through real editing and reopening
2026-10-07T19:57:11.0494962Z [7/695] [chromium] › tests/browser/editor.spec.ts:74:1 › edits inert script style textarea source with real Enter Backspace history and safe reader reopening
2026-10-07T19:57:15.7537173Z [8/695] [chromium] › tests/browser/editor.spec.ts:78:1 › retains unfinished raw HTML as editable Markdown source and discloses direct HTML omissions
2026-10-07T19:57:17.3139367Z [9/695] [chromium] › tests/browser/editor.spec.ts:82:1 › preserves registered inert inline source through real typing history and Markdown HTML JSON reopening
2026-10-07T19:57:20.2026571Z [10/695] [chromium] › tests/browser/editor.spec.ts:86:1 › preserves immutable snapshots and owned attributes through real typing Enter history and JSON reopening
2026-10-07T19:57:21.6429166Z [11/695] [chromium] › tests/browser/editor.spec.ts:90:1 › imports private files in the conversion lab with reports and export reopen
2026-10-07T19:57:23.2593174Z [12/695] [chromium] › tests/browser/editor.spec.ts:94:1 › resolves unequal Markdown runs through actual selection editing history download and reader reopen
2026-10-07T19:57:28.0198594Z [13/695] [chromium] › tests/browser/editor.spec.ts:99:3 › retains partial Markdown em scope through real typing history and canonical reopening
2026-10-07T19:57:28.5853184Z [14/695] [chromium] › tests/browser/editor.spec.ts:99:3 › retains partial Markdown strong scope through real typing history and canonical reopening
2026-10-07T19:57:30.0463350Z [15/695] [chromium] › tests/browser/editor.spec.ts:104:1 › submits resets and disables a native form-associated Web Component
2026-10-07T19:57:30.7017095Z [16/695] [chromium] › tests/browser/editor.spec.ts:108:1 › converts document-wide HTML scopes with source edit undo and explicit layout differences
2026-10-07T19:57:33.3783675Z [17/695] [chromium] › tests/browser/editor.spec.ts:112:1 › preserves inert HTML comments through human editing source and reader output
2026-10-07T19:57:36.1087875Z [18/695] [chromium] › tests/browser/editor.spec.ts:116:1 › copies anonymous flow internally and into an external plain-text editor through real clipboard
2026-10-07T19:57:38.8996077Z [19/695] [chromium] › tests/browser/editor.spec.ts:121:1 › retains cleared anonymous flow through real cut save reopen and continued editing
2026-10-07T19:57:40.5224953Z [20/695] [chromium] › tests/browser/editor.spec.ts:125:1 › retains anonymous HTML flow without extra spacing through real typing Enter deletion and reader output
2026-10-07T19:57:43.2952718Z [21/695] [chromium] › tests/browser/editor.spec.ts:129:1 › retains literal flow newlines through actual Markdown export and source reimport
2026-10-07T19:57:45.8936574Z [22/695] [chromium] › tests/browser/editor.spec.ts:133:1 › edits protected Markdown images and dividers inside HTML sections through history and reopening
2026-10-07T19:57:46.4643383Z [23/695] [chromium] › tests/browser/editor.spec.ts:137:1 › edits protected Markdown tables inside HTML sections through cell navigation history and reopening
2026-10-07T19:57:50.3215868Z [24/695] [chromium] › tests/browser/editor.spec.ts:141:1 › authors sections with properties, empty content, undo and reader preview
2026-10-07T19:57:51.4876525Z [25/695] [chromium] › tests/browser/editor.spec.ts:145:1 › preserves optional section containers through real editing and reader output
2026-10-07T19:57:54.7054886Z [26/695] [chromium] › tests/browser/editor.spec.ts:149:1 › edits and reopens a Word glossary with term and description roles
2026-10-07T19:57:56.6472812Z [27/695] [chromium] › tests/browser/editor.spec.ts:153:1 › imports and edits Word content controls without losing visible content
2026-10-07T19:58:00.3882597Z [28/695] [chromium] › tests/browser/editor.spec.ts:175:1 › preserves code endings through source recovery and reader handoff
2026-10-07T19:58:02.2236079Z [29/695] [chromium] › tests/browser/editor.spec.ts:179:1 › edits definition lists and reopens a glossary in a reader
2026-10-07T19:58:06.1392802Z [30/695] [chromium] › tests/browser/editor.spec.ts:183:1 › edits registered HTML wrappers after Markdown source recovery
2026-10-07T19:58:07.5993559Z [31/695] [chromium] › tests/browser/editor.spec.ts:187:1 › retains the complete document through pointer and keyboard output-format changes
2026-10-07T19:58:08.5037953Z [32/695] [chromium] › tests/browser/editor.spec.ts:191:1 › recovers nested Markdown lists and quotes through an editor and reader
2026-10-07T19:58:19.0688029Z [33/695] [chromium] › tests/browser/editor.spec.ts:195:1 › edits opaque code labels and reopens them safely in a reader
2026-10-07T19:58:19.7465567Z [34/695] [chromium] › tests/browser/editor.spec.ts:200:1 › guards editor actions against page reloads without suppressing failures
2026-10-07T19:58:21.6750735Z [35/695] [chromium] › tests/browser/editor.spec.ts:210:1 › recovers paragraph HTML into editable blocks and a reopened reader
2026-10-07T19:58:24.1531773Z [36/695] [chromium] › tests/browser/editor.spec.ts:214:1 › reads separate retired paragraphs after Markdown HTML scope conversion and handoff
2026-10-07T19:58:28.5315757Z [37/695] [chromium] › tests/browser/editor.spec.ts:218:1 › preserves headerless and mixed tables through source and file handoff
2026-10-07T19:58:32.5811341Z [38/695] [chromium] › tests/browser/editor.spec.ts:222:1 › retains HTML block formatting through server import, paste and draft handoff
2026-10-07T19:58:38.8273321Z [39/695] [chromium] › tests/browser/editor.spec.ts:226:1 › discovers product workflows and preserves separate task drafts and histories
2026-10-07T19:58:41.5360413Z [40/695] [chromium] › tests/browser/editor.spec.ts:230:1 › retains escaped pipes and strikethrough through table edits and Markdown handoff
2026-10-07T19:58:45.8239566Z [41/695] [chromium] › tests/browser/editor.spec.ts:234:1 › retains literal text lines through editing and Markdown handoff
2026-10-07T19:58:49.7092594Z [42/695] [chromium] › tests/browser/editor.spec.ts:238:1 › keeps literal syntax unformatted through visual edits and Markdown reopen
2026-10-07T19:58:49.9968250Z [43/695] [chromium] › tests/browser/editor.spec.ts:242:1 › chooses literal address import and retains links through DOCX handoff
2026-10-07T19:58:53.7504272Z [44/695] [chromium] › tests/browser/editor.spec.ts:246:1 › writes and reopens an issue with visual Markdown source fidelity and reader preview
2026-10-07T19:58:57.2836397Z [45/695] [chromium] › tests/browser/editor.spec.ts:250:1 › issue workflow preserves root references and validates local image files
2026-10-07T19:58:58.5992699Z [46/695] [chromium] › tests/browser/editor.spec.ts:282:1 › issue workflow preserves reference prefixes and reports container fallback
2026-10-07T19:59:00.4790069Z [47/695] [chromium] › tests/browser/editor.spec.ts:306:1 › reopens a full HTML report without promoting page metadata into editor content
2026-10-07T19:59:01.9762394Z [48/695] [chromium] › tests/browser/editor.spec.ts:310:1 › matches native document parsing for HTML envelopes, recovery, and noscript
2026-10-07T19:59:03.9015372Z [49/695] [chromium] › tests/browser/editor.spec.ts:324:1 › aligns selected paragraphs using backward selection, toolbar, history and HTML export
2026-10-07T19:59:05.0883048Z [50/695] [chromium] › tests/browser/editor.spec.ts:328:1 › exports independent DOCX list starts and renders the same procedure beside the editor
2026-10-07T19:59:07.1328712Z [51/695] [chromium] › tests/browser/editor.spec.ts:332:1 › retains zero-based list numbers through keyboard outdent history and export
2026-10-07T19:59:08.4605969Z [52/695] [chromium] › tests/browser/editor.spec.ts:336:1 › imports ordered-list starts like the native browser integer parser
2026-10-07T19:59:10.8366405Z [53/695] [chromium] › tests/browser/editor.spec.ts:350:1 › uses first-party Angular signals and directive for campaign editing and owner cleanup
2026-10-07T19:59:11.0905881Z [54/695] [chromium] › tests/browser/editor.spec.ts:354:1 › disposes Svelte custom block views before their owned engine
2026-10-07T19:59:13.6661313Z [55/695] [chromium] › tests/browser/editor.spec.ts:363:1 › uses first-party Svelte bindings for table editing, history, stores and owner disposal
2026-10-07T19:59:19.2600720Z [56/695] [chromium] › tests/browser/editor.spec.ts:367:1 › uses first-party Vue bindings for editing, reactive state, history and view remounts
2026-10-07T19:59:20.4228424Z [57/695] [chromium] › tests/browser/editor.spec.ts:371:1 › keeps real SVG equation links inside paged snapshots across editing and rebuilding
2026-10-07T19:59:25.5290089Z [58/695] [chromium] › tests/browser/editor.spec.ts:375:1 › saves and reopens equation files with source, references and history intact
2026-10-07T19:59:25.8177622Z [59/695] [chromium] › tests/browser/editor.spec.ts:379:1 › recovers from textless replacement for native typing, lines and history
2026-10-07T19:59:27.9854619Z [60/695] [chromium] › tests/browser/editor.spec.ts:383:1 › renders labelled equations and reader links through real editing and recovery
2026-10-07T19:59:34.3069459Z [61/695] [chromium] › tests/browser/editor.spec.ts:387:1 › keeps moved math source attached to its formula through native editing, undo, and export
2026-10-07T19:59:34.7135792Z [62/695] [chromium] › tests/browser/editor.spec.ts:391:1 › imports the published TeX table with visible losses and editable numeric values
2026-10-07T19:59:37.3099319Z [63/695] [chromium] › tests/browser/editor.spec.ts:475:1 › keeps comparison names separate from their copy in a mobile desktop-site viewport
2026-10-07T19:59:37.4960600Z [64/695] [chromium] › tests/browser/editor.spec.ts:503:1 › renders, edits, and measures portable page intent in a real browser
2026-10-07T19:59:38.7625023Z [65/695] [chromium] › tests/browser/editor.spec.ts:572:1 › measures browser line boxes, list items, rowspan groups, and footnotes as legal page fragments
2026-10-07T19:59:39.8311908Z [66/695] [chromium] › tests/browser/editor.spec.ts:666:1 › continues measured long footnotes through editable and print page projections
2026-10-07T19:59:39.9882894Z [67/695] [chromium] › tests/browser/editor.spec.ts:774:1 › prints a mixed repeated-footnote, merged-table, and manual-break document without loss
2026-10-07T19:59:41.9894128Z [68/695] [chromium] › tests/browser/editor.spec.ts:882:1 › paginates imported styled semantic HTML without structural or PDF text loss
2026-10-07T19:59:43.6883966Z [69/695] [chromium] › tests/browser/editor.spec.ts:1027:1 › uses a host print renderer without moving or exposing live custom DOM
2026-10-07T19:59:44.8125047Z [70/695] [chromium] › tests/browser/editor.spec.ts:1050:1 › projects exact A4 and Letter print sheets in every browser engine
2026-10-07T19:59:45.1071631Z [71/695] [chromium] › tests/browser/editor.spec.ts:1167:1 › emits exact A4 and Letter PDF pages for every projected sheet in Chromium
2026-10-07T19:59:46.7757101Z [72/695] [chromium] › tests/browser/editor.spec.ts:1207:1 › keeps 1,000-block pagination reflow local to the changed block
2026-10-07T19:59:46.8483785Z [73/695] [chromium] › tests/browser/editor.spec.ts:1219:1 › bounds alternating edge reflow across 5,000 rendered page blocks
2026-10-07T19:59:48.1965344Z [74/695] [chromium] › tests/browser/editor.spec.ts:1242:1 › keeps 5,000 unchanged page blocks cached through leading insertion and removal
2026-10-07T19:59:49.5627954Z [75/695] [chromium] › tests/browser/editor.spec.ts:1268:1 › edits, selects, and composes across guarded page shells in one contenteditable
2026-10-07T19:59:50.7799606Z [76/695] [chromium] › tests/browser/editor.spec.ts:1344:1 › keeps one paragraph editable when its measured lines span page shells
2026-10-07T19:59:51.4128818Z [77/695] [chromium] › tests/browser/editor.spec.ts:1471:1 › maps carets, ranges, and composition around injected paragraph page gaps
2026-10-07T19:59:52.7235520Z [78/695] [chromium] › tests/browser/editor.spec.ts:1575:1 › keeps one canonical ordered list editable and numbered across page shells
2026-10-07T19:59:53.2394379Z [79/695] [chromium] › tests/browser/editor.spec.ts:1710:52 › honours explicit table repetition independently of cell roles (ordinary)
2026-10-07T19:59:54.6555178Z [80/695] [chromium] › tests/browser/editor.spec.ts:1710:52 › honours explicit table repetition independently of cell roles (off)
2026-10-07T19:59:55.5809104Z [81/695] [chromium] › tests/browser/editor.spec.ts:1743:1 › keeps one canonical table editable with repeated headers across page shells
2026-10-07T19:59:56.8565096Z [82/695] [chromium] › tests/browser/editor.spec.ts:1893:1 › keeps merged header and body rowspans intact across editable table pages
2026-10-07T19:59:57.9633136Z [83/695] [chromium] › tests/browser/editor.spec.ts:1959:1 › reports an oversized table row without clipping or splitting its editable model
2026-10-07T19:59:58.6655702Z [84/695] [chromium] › tests/browser/editor.spec.ts:2001:1 › keeps canonical page furniture and footnotes editable while projecting every page copy
2026-10-07T19:59:59.7929846Z [85/695] [chromium] › tests/browser/editor.spec.ts:2086:1 › keeps code, media, disclosures, and custom atoms canonical across editable pages
2026-10-07T20:00:00.8445905Z [86/695] [chromium] › tests/browser/editor.spec.ts:2221:1 › keeps tracked review and Yjs live between list items split across pages
2026-10-07T20:00:02.1343285Z [87/695] [chromium] › tests/browser/editor.spec.ts:2287:1 › keeps tracked review and Yjs live between table rows split across pages
2026-10-07T20:00:03.3592704Z [88/695] [chromium] › tests/browser/editor.spec.ts:2364:13 › keeps comments attached and synchronized inside a continued list
2026-10-07T20:00:05.0232632Z [89/695] [chromium] › tests/browser/editor.spec.ts:2364:13 › keeps comments attached and synchronized inside a continued table
2026-10-07T20:00:06.1482146Z [90/695] [chromium] › tests/browser/editor.spec.ts:2418:1 › keeps tracked review and Yjs live inside a paragraph split across pages
2026-10-07T20:00:07.0337688Z [91/695] [chromium] › tests/browser/editor.spec.ts:2479:1 › keeps tracked review and Yjs collaboration live across automatic page boundaries
2026-10-07T20:00:08.8445621Z [92/695] [chromium] › tests/browser/editor.spec.ts:2554:1 › tracks real browser insertion and replacement with reversible review decisions
2026-10-07T20:00:09.1428165Z [93/695] [chromium] › tests/browser/editor.spec.ts:2583:1 › runs the package-backed full-text tracked review panel
2026-10-07T20:00:10.0173679Z [94/695] [chromium] › tests/browser/editor.spec.ts:2601:1 › runs package-backed named versions, exact comparison, preview, and guarded restoration
2026-10-07T20:00:11.9316576Z [95/695] [chromium] › tests/browser/editor.spec.ts:2631:1 › edits and persists package-backed collapsible details in the public playground
2026-10-07T20:00:13.2632741Z [96/695] [chromium] › tests/browser/editor.spec.ts:2657:1 › edits semantic ruby annotations through the package-backed public playground
2026-10-07T20:00:15.3345056Z [97/695] [chromium] › tests/browser/editor.spec.ts:2687:1 › converges live and offline Yjs edits and keeps collaborative undo author-local
2026-10-07T20:00:16.5702773Z [98/695] [chromium] › tests/browser/editor.spec.ts:2716:1 › runs reference links, recursive blocks, rich tables, and loss reports in a real browser
2026-10-07T20:00:16.6139831Z [99/695] [chromium] › tests/browser/editor.spec.ts:2741:1 › round-trips variable-delimiter Markdown code spans in the browser package
2026-10-07T20:00:17.6600547Z [100/695] [chromium] › tests/browser/editor.spec.ts:3309:1 › types, deletes, and undoes inside imported empty documents, quotes, and list items
2026-10-07T20:00:17.9275729Z [101/695] [chromium] › tests/browser/editor.spec.ts:3339:1 › round-trips marker-relative list containers and exact code whitespace
2026-10-07T20:00:19.0277145Z [102/695] [chromium] › tests/browser/editor.spec.ts:3383:1 › preserves raw Markdown and inert frontmatter through the browser package
2026-10-07T20:00:20.0343498Z [103/695] [chromium] › tests/browser/editor.spec.ts:3409:1 › edits through real beforeinput events and undoes a Markdown input rule
2026-10-07T20:00:21.1907300Z [104/695] [chromium] › tests/browser/editor.spec.ts:3423:1 › groups adjacent browser typing and respects explicit undo boundaries
2026-10-07T20:00:22.2122304Z [105/695] [chromium] › tests/browser/editor.spec.ts:3444:3 › preserves replacement formatting across subsequent typing input
2026-10-07T20:00:22.3309973Z [106/695] [chromium] › tests/browser/editor.spec.ts:3444:3 › preserves replacement formatting across subsequent composition input
2026-10-07T20:00:23.4458496Z [107/695] [chromium] › tests/browser/editor.spec.ts:3475:1 › commits cross-browser composition sequences once and supports replacement input
2026-10-07T20:00:23.5269269Z [108/695] [chromium] › tests/browser/editor.spec.ts:3507:1 › maps decorations through typing without persisting widget content
2026-10-07T20:00:24.6152551Z [109/695] [chromium] › tests/browser/editor.spec.ts:3522:1 › highlights editable code and updates language metadata through public commands
2026-10-07T20:00:24.8489746Z [110/695] [chromium] › tests/browser/editor.spec.ts:3552:1 › runs a view-focused chain and checks it without preview side effects
2026-10-07T20:00:25.8097424Z [111/695] [chromium] › tests/browser/editor.spec.ts:3573:1 › applies every configured paste-rule match through a browser paste event
2026-10-07T20:00:25.9361551Z [112/695] [chromium] › tests/browser/editor.spec.ts:3591:1 › autolinks, safely activates, edits, and removes links in a real browser
2026-10-07T20:00:26.9188845Z [113/695] [chromium] › tests/browser/editor.spec.ts:3622:1 › preserves structured rich HTML from a real browser clipboard event
2026-10-07T20:00:27.4063987Z [114/695] [chromium] › tests/browser/editor.spec.ts:3643:1 › pastes unwrapped inline HTML without dropping surrounding text or formatting
2026-10-07T20:00:28.0948070Z [115/695] [chromium] › tests/browser/editor.spec.ts:3664:1 › honors strict raw HTML token boundaries in the public Markdown pipeline
2026-10-07T20:00:28.6712455Z [116/695] [chromium] › tests/browser/editor.spec.ts:3681:1 › pastes unfamiliar HTML wrappers without flattening headings, paragraphs, or lists
2026-10-07T20:00:29.9781936Z [117/695] [chromium] › tests/browser/editor.spec.ts:3701:1 › pastes structured table cells and edits separate paragraphs without flattening nested blocks
2026-10-07T20:00:31.1081176Z [118/695] [chromium] › tests/browser/editor.spec.ts:3724:1 › retains standalone non-collapsible Unicode text during rich paste
2026-10-07T20:00:31.3569054Z [119/695] [chromium] › tests/browser/editor.spec.ts:3741:1 › pastes empty formatting and applies it to subsequently typed text
2026-10-07T20:00:32.3338792Z [120/695] [chromium] › tests/browser/editor.spec.ts:3765:57 › pastes and edits list-first code without inventing a blank paragraph
2026-10-07T20:00:32.6792663Z [121/695] [chromium] › tests/browser/editor.spec.ts:3765:57 › pastes and edits list-first code without inventing a blank paragraph from its label area
2026-10-07T20:00:33.6659623Z [122/695] [chromium] › tests/browser/editor.spec.ts:3789:1 › normalizes representative Word, Docs, and Excel clipboard payloads in every browser engine
2026-10-07T20:00:34.0348558Z [123/695] [chromium] › tests/browser/editor.spec.ts:3842:1 › imports an extension-defined HTML node through the schema contract
2026-10-07T20:00:35.1146381Z [124/695] [chromium] › tests/browser/editor.spec.ts:3867:1 › pastes mixed nested HTML lists without flattening their hierarchy
2026-10-07T20:00:35.5619057Z [125/695] [chromium] › tests/browser/editor.spec.ts:3890:1 › wraps, indents, lifts, and exits lists through browser-visible commands and keys
2026-10-07T20:00:36.3061058Z [126/695] [chromium] › tests/browser/editor.spec.ts:3920:1 › edits bidirectional and deeply nested text by logical document positions
2026-10-07T20:00:36.8821508Z [127/695] [chromium] › tests/browser/editor.spec.ts:3947:1 › moves a selected top-level block through native drag data
2026-10-07T20:00:37.5452928Z [128/695] [chromium] › tests/browser/editor.spec.ts:3965:1 › shows a host-replaceable drop cursor for inline text and atomic block targets
2026-10-07T20:00:38.0649462Z [129/695] [chromium] › tests/browser/editor.spec.ts:4026:1 › reorders nested blocks with accessible controls, drop indicators, drag, and undo
2026-10-07T20:00:38.5513649Z [130/695] [chromium] › tests/browser/editor.spec.ts:4101:1 › shows one structural block target across paragraphs, headings, lists, tables, media, and custom nodes
2026-10-07T20:00:39.4354578Z [131/695] [chromium] › tests/browser/editor.spec.ts:4197:1 › replaces a DOM selection that crosses block boundaries
2026-10-07T20:00:40.5302539Z [132/695] [chromium] › tests/browser/editor.spec.ts:4236:1 › keeps a visible editable paragraph after a terminal non-text block
2026-10-07T20:00:41.2567368Z [133/695] [chromium] › tests/browser/editor.spec.ts:4258:1 › uses Ctrl+A as an explicit all-document selection and replaces the document
2026-10-07T20:00:41.8551009Z [134/695] [chromium] › tests/browser/editor.spec.ts:4270:1 › selects and deletes a block image through real pointer and keyboard input
2026-10-07T20:00:42.4088446Z [135/695] [chromium] › tests/browser/editor.spec.ts:4293:1 › edits, aligns, resizes, and undoes a production image through accessible controls
2026-10-07T20:00:43.2234736Z [136/695] [chromium] › tests/browser/editor.spec.ts:4349:1 › inserts and removes a true inline image without breaking surrounding text
2026-10-07T20:00:43.9003670Z [137/695] [chromium] › tests/browser/editor.spec.ts:4367:1 › tracks and cancels browser-native image upload tasks
2026-10-07T20:00:44.3480925Z [138/695] [chromium] › tests/browser/editor.spec.ts:4407:1 › extends and replaces a rectangular cell selection through real pointer input
2026-10-07T20:00:45.0542544Z [139/695] [chromium] › tests/browser/editor.spec.ts:4435:1 › keeps mixed-format links intact through backward selection typing and history
2026-10-07T20:00:45.9089622Z [140/695] [chromium] › tests/browser/editor.spec.ts:4467:1 › reaches overflowing code by keyboard and leaves it without modifying the document
2026-10-07T20:00:46.6437853Z [141/695] [chromium] › tests/browser/editor.spec.ts:4513:1 › pastes into tab-focused code through Chromium clipboard without changing the previous paragraph
2026-10-07T20:00:47.6008420Z [142/695] [chromium] › tests/browser/editor.spec.ts:4537:1 › announces table resize values through real keyboard, pointer and history workflows
2026-10-07T20:00:47.9851443Z [143/695] [chromium] › tests/browser/editor.spec.ts:4590:1 › edits merged tables, resizes columns, toggles headers, and exchanges spreadsheet grids
2026-10-07T20:00:49.2097130Z [144/695] [chromium] › tests/browser/editor.spec.ts:4663:1 › keeps normal paste while offering bounded editor-local clipboard slots
2026-10-07T20:00:50.1301651Z [145/695] [chromium] › tests/browser/editor.spec.ts:4702:1 › renders and types into a structural gap as a new block
2026-10-07T20:00:50.1358974Z [146/695] [chromium] › tests/browser/editor.spec.ts:4714:1 › edits Lean without a mandatory server and renders transient provider diagnostics
2026-10-07T20:00:51.3026668Z [147/695] [chromium] › tests/browser/editor.spec.ts:4741:1 › keeps custom NodeViews live across updates and mapped moves while containing their DOM
2026-10-07T20:00:51.3525096Z [148/695] [chromium] › tests/browser/editor.spec.ts:4778:1 › loads the public React playground without console or page errors
2026-10-07T20:00:52.5781705Z [149/695] [chromium] › tests/browser/editor.spec.ts:4803:1 › publishes actionable extension authoring, conformance, and doctor guidance
2026-10-07T20:00:53.9854269Z [150/695] [chromium] › tests/browser/editor.spec.ts:4821:1 › pairs the optional AI demo with developer recipes for every public workflow
2026-10-07T20:00:54.3766256Z [151/695] [chromium] › tests/browser/editor.spec.ts:4842:1 › runs the public two-editor collaboration demo with presence and author-local undo
2026-10-07T20:00:56.1622075Z [152/695] [chromium] › tests/browser/editor.spec.ts:4909:1 › replaces both live collaboration documents without remounting the public editors
2026-10-07T20:00:57.3904409Z [153/695] [chromium] › tests/browser/editor.spec.ts:4968:1 › merges nested collaborative settings through the public two-editor demo
2026-10-07T20:00:59.4480628Z [154/695] [chromium] › tests/browser/editor.spec.ts:4987:1 › keeps headline phrases together and makes full-page navigation explicit
2026-10-07T20:01:00.3482476Z [155/695] [chromium] › tests/browser/editor.spec.ts:5012:1 › runs shared threaded comments through the public provider-neutral review panel
2026-10-07T20:01:03.1648547Z [156/695] [chromium] › tests/browser/editor.spec.ts:5069:1 › uses package-backed mentions, emoji, typography, and live counting in the public React playground
2026-10-07T20:01:03.6033535Z [157/695] [chromium] › tests/browser/editor.spec.ts:5130:1 › runs grouped default and product slash commands in the public React playground
2026-10-07T20:01:07.2983226Z [158/695] [chromium] › tests/browser/editor.spec.ts:5161:1 › runs accessible bubble and floating menus in the public React playground
2026-10-07T20:01:09.2678925Z [159/695] [chromium] › tests/browser/editor.spec.ts:5203:1 › composes and keyboard-navigates the public toolbar by stable group and action IDs
2026-10-07T20:01:11.0927549Z [160/695] [chromium] › tests/browser/editor.spec.ts:5240:1 › applies the complete text-style suite through the public React toolbar
2026-10-07T20:01:12.3319472Z [161/695] [chromium] › tests/browser/editor.spec.ts:5301:1 › uses the public React image workflow for metadata, alignment, and replacement
2026-10-07T20:01:15.3717534Z [162/695] [chromium] › tests/browser/editor.spec.ts:5345:1 › opens and cancels public configuration panels with keyboard focus and exact document retention
2026-10-07T20:01:16.5925844Z [163/695] [chromium] › tests/browser/editor.spec.ts:5463:1 › keeps the public native colour field focused while formatting selected text and allows undo in the editor
2026-10-07T20:01:19.3123087Z [164/695] [chromium] › tests/browser/editor.spec.ts:5490:1 › keeps table configuration labels legible on pointer hover
2026-10-07T20:01:22.4499563Z [165/695] [chromium] › tests/browser/editor.spec.ts:5529:1 › creates and edits a link through the public React toolbar
2026-10-07T20:01:25.7935080Z [166/695] [chromium] › tests/browser/editor.spec.ts:5560:1 › toggles a selected block through the public React list controls
2026-10-07T20:01:26.1693323Z [167/695] [chromium] › tests/browser/editor.spec.ts:5575:1 › edits code language and line numbers through the public React toolbar
2026-10-07T20:01:28.9243477Z [168/695] [chromium] › tests/browser/editor.spec.ts:5594:1 › opens the searchable clipboard-history picker in the public React toolbar
2026-10-07T20:01:29.4338105Z [169/695] [chromium] › tests/browser/editor.spec.ts:5627:1 › keeps the public outline stable, hierarchical, active, and navigable
2026-10-07T20:01:32.2224974Z [170/695] [chromium] › tests/browser/editor.spec.ts:5652:1 › exposes and explicitly cleans invisible text in the public playground
2026-10-07T20:01:32.9319117Z [171/695] [chromium] › tests/browser/editor.spec.ts:5693:1 › runs the public plain-DOM first-class widget demo
2026-10-07T20:01:35.6892661Z [172/695] [chromium] › tests/browser/editor.spec.ts:5740:1 › runs the public React first-class widget demo without losing control focus
2026-10-07T20:01:36.3012959Z [173/695] [chromium] › tests/browser/editor.spec.ts:5778:1 › makes the quote control discoverable and toggles an existing quote in the Java workflow demo
2026-10-07T20:01:38.3889202Z [174/695] [chromium] › tests/browser/editor.spec.ts:5792:1 › retains table captions and reports their projected association in the conversion demo
2026-10-07T20:01:38.8924639Z [175/695] [chromium] › tests/browser/editor.spec.ts:5809:1 › preserves complex figure content in the public Markdown conversion demo
2026-10-07T20:01:41.3392788Z [176/695] [chromium] › tests/browser/editor.spec.ts:5827:1 › runs the public headless Markdown, LaTeX, and server HTML pipeline
2026-10-07T20:01:41.8702537Z [177/695] [chromium] › tests/browser/editor.spec.ts:5898:1 › records native DOCX viewer disagreements without certifying math fidelity
2026-10-07T20:01:46.3170101Z [178/695] [chromium] › tests/browser/editor.spec.ts:5903:1 › checks actual DOCX retention beside an independent viewer without hiding its header omission
2026-10-07T20:01:48.3382933Z [179/695] [chromium] › tests/browser/editor.spec.ts:6019:1 › renders real KaTeX while reporting published-equation and trust failures without source loss
2026-10-07T20:01:50.4894570Z [180/695] [chromium] › tests/browser/editor.spec.ts:6050:1 › edits multiline math without losing line breaks, descriptions, or undo history
2026-10-07T20:01:53.1362967Z [181/695] [chromium] › tests/browser/editor.spec.ts:6087:1 › renders and inserts native math in the public DOM integration
2026-10-07T20:01:55.6001421Z [182/695] [chromium] › tests/browser/editor.spec.ts:6144:1 › makes table sizing, complete deletion, insertion gaps, and highlight colours explicit in the public demo
2026-10-07T20:01:55.7492630Z [183/695] [chromium] › tests/browser/editor.spec.ts:6192:1 › keeps rich and multiline paste structurally predictable in the public editor
2026-10-07T20:01:58.4170110Z [184/695] [chromium] › tests/browser/editor.spec.ts:6265:1 › round-trips a Fountain multi-block selection through Chromium clipboard HTML
2026-10-07T20:01:59.1969514Z [185/695] [chromium] › tests/browser/editor.spec.ts:6332:1 › round-trips an extension-owned Fountain atom through the Chromium clipboard
2026-10-07T20:02:00.1732891Z [186/695] [chromium] › tests/browser/editor.spec.ts:6381:1 › round-trips a complex whole Fountain document through the Chromium clipboard exactly
2026-10-07T20:02:00.9635155Z [187/695] [chromium] › tests/browser/editor.spec.ts:6468:1 › copies clean semantic Fountain HTML into an external browser editor
2026-10-07T20:02:02.0062530Z [188/695] [chromium] › tests/browser/editor.spec.ts:6523:1 › copies readable Fountain text into a plain-text external editor
2026-10-07T20:02:02.7597750Z [189/695] [chromium] › tests/browser/editor.spec.ts:6582:1 › copies math to external rich and plain-text editors without renderer controls
2026-10-07T20:02:03.8515678Z [190/695] [chromium] › tests/browser/editor.spec.ts:6627:1 › renders repeated empty paragraphs and removes each visible line
2026-10-07T20:02:05.2522838Z [191/695] [chromium] › tests/browser/editor.spec.ts:6657:1 › undoes and redoes real typing with both common browser keyboard chords
2026-10-07T20:02:06.3443459Z [192/695] [chromium] › tests/browser/editor.spec.ts:6674:1 › keeps a backward DOM selection backward after model synchronization
2026-10-07T20:02:06.3857061Z [193/695] [chromium] › tests/browser/editor.spec.ts:6698:1 › preserves a backward selection made with real keyboard input
2026-10-07T20:02:07.3732900Z [194/695] [chromium] › tests/browser/editor.spec.ts:6713:1 › replaces a backward selection made by a real reverse pointer drag
2026-10-07T20:02:07.7133780Z [195/695] [chromium] › tests/browser/editor.spec.ts:6749:1 › turns multi-format and multi-block selections into visible paragraph boundaries
2026-10-07T20:02:08.6961920Z [196/695] [chromium] › tests/browser/editor.spec.ts:6807:1 › visibly splits and joins ordinary paragraphs with both deletion directions
2026-10-07T20:02:09.5533770Z [197/695] [chromium] › tests/browser/editor.spec.ts:6832:1 › deletes an adjacent inline atom without eating surrounding text
2026-10-07T20:02:10.0560565Z [198/695] [chromium] › tests/browser/editor.spec.ts:6862:1 › unwraps and exits an inserted quote with ordinary browser keys
2026-10-07T20:02:10.6514062Z [199/695] [chromium] › tests/browser/editor.spec.ts:6891:1 › publishes semantic selection controls and table interaction in the demo gallery
2026-10-07T20:02:13.1503352Z [200/695] [chromium] › tests/browser/editor.spec.ts:6908:1 › runs campaign images, native media and safe embeds through Angular with honest upload boundaries
2026-10-07T20:02:13.5973559Z [201/695] [chromium] › tests/browser/editor.spec.ts:6985:1 › uses the public React media workflow for native playback, provider-gated embeds, and asset uploads
2026-10-07T20:02:17.6442784Z [202/695] [chromium] › tests/browser/editor.spec.ts:7030:1 › streams an optional AI proposal outside the document until review is ready
2026-10-07T20:02:19.3956743Z [203/695] [chromium] › tests/browser/editor.spec.ts:7055:1 › preserves whitespace when an AI proposal ends at a formatting boundary
2026-10-07T20:02:21.1542682Z [204/695] [chromium] › tests/browser/editor.spec.ts:7070:1 › runs a host-owned multi-turn AI conversation with reusable prompts and clear confirmation
2026-10-07T20:02:22.9872841Z [205/695] [chromium] › tests/browser/editor.spec.ts:7098:1 › reviews generated media before the normal host upload inserts one undoable node
2026-10-07T20:02:25.5191597Z [206/695] [chromium] › tests/browser/editor.spec.ts:7124:1 › reviews a schema-aware agent tool proposal before one-step apply and undo
2026-10-07T20:02:28.3108517Z [207/695] [chromium] › tests/browser/editor.spec.ts:7149:1 › keeps a 1,000-block input update local and paints within budget
2026-10-07T20:02:29.7292362Z [208/695] [chromium] › tests/browser/editor.spec.ts:7170:1 › virtualizes 100,000 blocks while preserving scrolling, distant selection, IME, and copy
2026-10-07T20:02:29.8562818Z [209/695] [chromium] › tests/browser/editor.spec.ts:7228:1 › exports rich tables as HTML Markdown and exposes the compatibility note
2026-10-07T20:02:31.8043172Z [210/695] [chromium] › tests/browser/editor.spec.ts:7250:1 › HTML comments do not insert phantom paragraphs in converted Markdown
2026-10-07T20:02:33.0655174Z [211/695] [chromium] › tests/browser/editor.spec.ts:7262:1 › imported table section order matches the physically rendered source table
2026-10-07T20:02:34.6182373Z [212/695] [chromium] › tests/browser/editor.spec.ts:7293:1 › imports zero-rowspan cells with the same row-group geometry in server and browser
2026-10-07T20:02:36.6492857Z [213/695] [chromium] › tests/browser/editor.spec.ts:7324:1 › reconstructs HTML tables across Markdown block boundaries
2026-10-07T20:02:38.2315362Z [214/695] [chromium] › tests/browser/editor.spec.ts:7345:1 › applies surrounding HTML formatting without replacing Markdown block content
2026-10-07T20:02:39.5685249Z [215/695] [chromium] › tests/browser/editor.spec.ts:7358:1 › converts raw HTML blocks only when the headless demo option is enabled
2026-10-07T20:02:40.9063047Z [216/695] [chromium] › tests/browser/editor.spec.ts:7374:1 › projects inline HTML around Markdown nodes only with explicit opt-in and visible fallback
2026-10-07T20:02:42.3995552Z [217/695] [chromium] › tests/browser/editor.spec.ts:7399:1 › shows specific discarded HTML and rejected URL losses in both conversion surfaces
2026-10-07T20:02:45.5896813Z [218/695] [firefox] › tests/browser/editor.spec.ts:35:1 › edits RTL blocks with native keyboard selection, direction controls, Enter history and HTML reader export
2026-10-07T20:02:46.5075807Z [219/695] [firefox] › tests/browser/editor.spec.ts:39:1 › separates the homepage framework descenders from the italic extend line
2026-10-07T20:02:53.2743907Z [220/695] [firefox] › tests/browser/editor.spec.ts:58:1 › keeps consecutive marked quoted and table blank lines visible in reader and saved HTML
2026-10-07T20:02:53.8581046Z [221/695] [firefox] › tests/browser/editor.spec.ts:62:1 › fills and reopens a retained childless paragraph using real pointer typing Enter Backspace and undo
2026-10-07T20:02:58.7496561Z [222/695] [firefox] › tests/browser/editor.spec.ts:66:1 › edits structured inert block wrappers with actual table navigation Enter Backspace history and safe reopening
2026-10-07T20:02:58.9555096Z [223/695] [firefox] › tests/browser/editor.spec.ts:70:1 › retains HTML link navigation and literal Markdown data through real editing and reopening
2026-10-07T20:03:06.5150978Z [224/695] [firefox] › tests/browser/editor.spec.ts:74:1 › edits inert script style textarea source with real Enter Backspace history and safe reader reopening
2026-10-07T20:03:10.9683049Z [225/695] [firefox] › tests/browser/editor.spec.ts:78:1 › retains unfinished raw HTML as editable Markdown source and discloses direct HTML omissions
2026-10-07T20:03:13.8962705Z [226/695] [firefox] › tests/browser/editor.spec.ts:82:1 › preserves registered inert inline source through real typing history and Markdown HTML JSON reopening
2026-10-07T20:03:16.1592442Z [227/695] [firefox] › tests/browser/editor.spec.ts:86:1 › preserves immutable snapshots and owned attributes through real typing Enter history and JSON reopening
2026-10-07T20:03:17.8922765Z [228/695] [firefox] › tests/browser/editor.spec.ts:90:1 › imports private files in the conversion lab with reports and export reopen
2026-10-07T20:03:20.7317377Z [229/695] [firefox] › tests/browser/editor.spec.ts:94:1 › resolves unequal Markdown runs through actual selection editing history download and reader reopen
2026-10-07T20:03:24.7169702Z [230/695] [firefox] › tests/browser/editor.spec.ts:99:3 › retains partial Markdown em scope through real typing history and canonical reopening
2026-10-07T20:03:26.1707647Z [231/695] [firefox] › tests/browser/editor.spec.ts:99:3 › retains partial Markdown strong scope through real typing history and canonical reopening
2026-10-07T20:03:27.3169795Z [232/695] [firefox] › tests/browser/editor.spec.ts:104:1 › submits resets and disables a native form-associated Web Component
2026-10-07T20:03:29.0773067Z [233/695] [firefox] › tests/browser/editor.spec.ts:108:1 › converts document-wide HTML scopes with source edit undo and explicit layout differences
2026-10-07T20:03:31.1181272Z [234/695] [firefox] › tests/browser/editor.spec.ts:112:1 › preserves inert HTML comments through human editing source and reader output
2026-10-07T20:03:35.2455581Z [235/695] [firefox] › tests/browser/editor.spec.ts:116:1 › copies anonymous flow internally and into an external plain-text editor through real clipboard
2026-10-07T20:03:38.5524559Z [236/695] [firefox] › tests/browser/editor.spec.ts:121:1 › retains cleared anonymous flow through real cut save reopen and continued editing
2026-10-07T20:03:40.0989631Z [237/695] [firefox] › tests/browser/editor.spec.ts:125:1 › retains anonymous HTML flow without extra spacing through real typing Enter deletion and reader output
2026-10-07T20:03:45.4368783Z [238/695] [firefox] › tests/browser/editor.spec.ts:129:1 › retains literal flow newlines through actual Markdown export and source reimport
2026-10-07T20:03:47.6052936Z [239/695] [firefox] › tests/browser/editor.spec.ts:133:1 › edits protected Markdown images and dividers inside HTML sections through history and reopening
2026-10-07T20:03:49.1389575Z [240/695] [firefox] › tests/browser/editor.spec.ts:137:1 › edits protected Markdown tables inside HTML sections through cell navigation history and reopening
2026-10-07T20:03:53.2122437Z [241/695] [firefox] › tests/browser/editor.spec.ts:141:1 › authors sections with properties, empty content, undo and reader preview
2026-10-07T20:03:55.9344961Z [242/695] [firefox] › tests/browser/editor.spec.ts:145:1 › preserves optional section containers through real editing and reader output
2026-10-07T20:03:58.6151480Z [243/695] [firefox] › tests/browser/editor.spec.ts:149:1 › edits and reopens a Word glossary with term and description roles
2026-10-07T20:04:00.6500075Z [244/695] [firefox] › tests/browser/editor.spec.ts:153:1 › imports and edits Word content controls without losing visible content
2026-10-07T20:04:04.4117276Z [245/695] [firefox] › tests/browser/editor.spec.ts:175:1 › preserves code endings through source recovery and reader handoff
2026-10-07T20:04:06.1823145Z [246/695] [firefox] › tests/browser/editor.spec.ts:179:1 › edits definition lists and reopens a glossary in a reader
2026-10-07T20:04:09.7689570Z [247/695] [firefox] › tests/browser/editor.spec.ts:183:1 › edits registered HTML wrappers after Markdown source recovery
2026-10-07T20:04:12.2103200Z [248/695] [firefox] › tests/browser/editor.spec.ts:187:1 › retains the complete document through pointer and keyboard output-format changes
2026-10-07T20:04:12.3913228Z [249/695] [firefox] › tests/browser/editor.spec.ts:191:1 › recovers nested Markdown lists and quotes through an editor and reader
2026-10-07T20:04:24.1370138Z [250/695] [firefox] › tests/browser/editor.spec.ts:195:1 › edits opaque code labels and reopens them safely in a reader
2026-10-07T20:04:25.4052194Z [251/695] [firefox] › tests/browser/editor.spec.ts:200:1 › guards editor actions against page reloads without suppressing failures
2026-10-07T20:04:27.9565633Z [252/695] [firefox] › tests/browser/editor.spec.ts:210:1 › recovers paragraph HTML into editable blocks and a reopened reader
2026-10-07T20:04:30.2852720Z [253/695] [firefox] › tests/browser/editor.spec.ts:214:1 › reads separate retired paragraphs after Markdown HTML scope conversion and handoff
2026-10-07T20:04:34.9725127Z [254/695] [firefox] › tests/browser/editor.spec.ts:218:1 › preserves headerless and mixed tables through source and file handoff
2026-10-07T20:04:39.5537554Z [255/695] [firefox] › tests/browser/editor.spec.ts:222:1 › retains HTML block formatting through server import, paste and draft handoff
2026-10-07T20:04:46.5944664Z [256/695] [firefox] › tests/browser/editor.spec.ts:226:1 › discovers product workflows and preserves separate task drafts and histories
2026-10-07T20:04:47.1962515Z [257/695] [firefox] › tests/browser/editor.spec.ts:230:1 › retains escaped pipes and strikethrough through table edits and Markdown handoff
2026-10-07T20:04:52.3192853Z [258/695] [firefox] › tests/browser/editor.spec.ts:234:1 › retains literal text lines through editing and Markdown handoff
2026-10-07T20:04:56.7798946Z [259/695] [firefox] › tests/browser/editor.spec.ts:238:1 › keeps literal syntax unformatted through visual edits and Markdown reopen
2026-10-07T20:04:56.8112996Z [260/695] [firefox] › tests/browser/editor.spec.ts:242:1 › chooses literal address import and retains links through DOCX handoff
2026-10-07T20:05:01.1929739Z [261/695] [firefox] › tests/browser/editor.spec.ts:246:1 › writes and reopens an issue with visual Markdown source fidelity and reader preview
2026-10-07T20:05:04.7553073Z [262/695] [firefox] › tests/browser/editor.spec.ts:250:1 › issue workflow preserves root references and validates local image files
2026-10-07T20:05:06.4571558Z [263/695] [firefox] › tests/browser/editor.spec.ts:282:1 › issue workflow preserves reference prefixes and reports container fallback
2026-10-07T20:05:08.4806662Z [264/695] [firefox] › tests/browser/editor.spec.ts:306:1 › reopens a full HTML report without promoting page metadata into editor content
2026-10-07T20:05:10.4232020Z [265/695] [firefox] › tests/browser/editor.spec.ts:310:1 › matches native document parsing for HTML envelopes, recovery, and noscript
2026-10-07T20:05:12.8214766Z [266/695] [firefox] › tests/browser/editor.spec.ts:324:1 › aligns selected paragraphs using backward selection, toolbar, history and HTML export
2026-10-07T20:05:13.4228073Z [267/695] [firefox] › tests/browser/editor.spec.ts:328:1 › exports independent DOCX list starts and renders the same procedure beside the editor
2026-10-07T20:05:16.0982705Z [268/695] [firefox] › tests/browser/editor.spec.ts:332:1 › retains zero-based list numbers through keyboard outdent history and export
2026-10-07T20:05:18.3448440Z [269/695] [firefox] › tests/browser/editor.spec.ts:336:1 › imports ordered-list starts like the native browser integer parser
2026-10-07T20:05:20.3124897Z [270/695] [firefox] › tests/browser/editor.spec.ts:350:1 › uses first-party Angular signals and directive for campaign editing and owner cleanup
2026-10-07T20:05:21.2596487Z [271/695] [firefox] › tests/browser/editor.spec.ts:354:1 › disposes Svelte custom block views before their owned engine
2026-10-07T20:05:23.8852897Z [272/695] [firefox] › tests/browser/editor.spec.ts:363:1 › uses first-party Svelte bindings for table editing, history, stores and owner disposal
2026-10-07T20:05:29.9056062Z [273/695] [firefox] › tests/browser/editor.spec.ts:367:1 › uses first-party Vue bindings for editing, reactive state, history and view remounts
2026-10-07T20:05:31.3192753Z [274/695] [firefox] › tests/browser/editor.spec.ts:371:1 › keeps real SVG equation links inside paged snapshots across editing and rebuilding
2026-10-07T20:05:36.4179932Z [275/695] [firefox] › tests/browser/editor.spec.ts:375:1 › saves and reopens equation files with source, references and history intact
2026-10-07T20:05:36.6543400Z [276/695] [firefox] › tests/browser/editor.spec.ts:379:1 › recovers from textless replacement for native typing, lines and history
2026-10-07T20:05:39.8414275Z [277/695] [firefox] › tests/browser/editor.spec.ts:383:1 › renders labelled equations and reader links through real editing and recovery
2026-10-07T20:05:45.3957253Z [278/695] [firefox] › tests/browser/editor.spec.ts:387:1 › keeps moved math source attached to its formula through native editing, undo, and export
2026-10-07T20:05:48.3926752Z [279/695] [firefox] › tests/browser/editor.spec.ts:391:1 › imports the published TeX table with visible losses and editable numeric values
2026-10-07T20:05:48.7535247Z [280/695] [firefox] › tests/browser/editor.spec.ts:475:1 › keeps comparison names separate from their copy in a mobile desktop-site viewport
2026-10-07T20:05:51.2802457Z [281/695] [firefox] › tests/browser/editor.spec.ts:503:1 › renders, edits, and measures portable page intent in a real browser
2026-10-07T20:05:51.4713342Z [282/695] [firefox] › tests/browser/editor.spec.ts:572:1 › measures browser line boxes, list items, rowspan groups, and footnotes as legal page fragments
2026-10-07T20:05:53.1834840Z [283/695] [firefox] › tests/browser/editor.spec.ts:666:1 › continues measured long footnotes through editable and print page projections
2026-10-07T20:05:54.5074087Z [284/695] [firefox] › tests/browser/editor.spec.ts:774:1 › prints a mixed repeated-footnote, merged-table, and manual-break document without loss
2026-10-07T20:05:56.7713897Z [285/695] [firefox] › tests/browser/editor.spec.ts:882:1 › paginates imported styled semantic HTML without structural or PDF text loss
2026-10-07T20:05:58.8629020Z [286/695] [firefox] › tests/browser/editor.spec.ts:1027:1 › uses a host print renderer without moving or exposing live custom DOM
2026-10-07T20:05:59.0241015Z [287/695] [firefox] › tests/browser/editor.spec.ts:1050:1 › projects exact A4 and Letter print sheets in every browser engine
2026-10-07T20:06:00.6135600Z [288/695] [firefox] › tests/browser/editor.spec.ts:1167:1 › emits exact A4 and Letter PDF pages for every projected sheet in Chromium
2026-10-07T20:06:01.2363106Z [289/695] [firefox] › tests/browser/editor.spec.ts:1207:1 › keeps 1,000-block pagination reflow local to the changed block
2026-10-07T20:06:01.6152491Z [290/695] [firefox] › tests/browser/editor.spec.ts:1219:1 › bounds alternating edge reflow across 5,000 rendered page blocks
2026-10-07T20:06:03.2772663Z [291/695] [firefox] › tests/browser/editor.spec.ts:1242:1 › keeps 5,000 unchanged page blocks cached through leading insertion and removal
2026-10-07T20:06:04.9504766Z [292/695] [firefox] › tests/browser/editor.spec.ts:1268:1 › edits, selects, and composes across guarded page shells in one contenteditable
2026-10-07T20:06:07.1428231Z [293/695] [firefox] › tests/browser/editor.spec.ts:1344:1 › keeps one paragraph editable when its measured lines span page shells
2026-10-07T20:06:07.4497903Z [294/695] [firefox] › tests/browser/editor.spec.ts:1471:1 › maps carets, ranges, and composition around injected paragraph page gaps
2026-10-07T20:06:09.7512848Z [295/695] [firefox] › tests/browser/editor.spec.ts:1575:1 › keeps one canonical ordered list editable and numbered across page shells
2026-10-07T20:06:10.1292674Z [296/695] [firefox] › tests/browser/editor.spec.ts:1710:52 › honours explicit table repetition independently of cell roles (ordinary)
2026-10-07T20:06:12.6463645Z [297/695] [firefox] › tests/browser/editor.spec.ts:1710:52 › honours explicit table repetition independently of cell roles (off)
2026-10-07T20:06:13.2235179Z [298/695] [firefox] › tests/browser/editor.spec.ts:1743:1 › keeps one canonical table editable with repeated headers across page shells
2026-10-07T20:06:15.4931238Z [299/695] [firefox] › tests/browser/editor.spec.ts:1893:1 › keeps merged header and body rowspans intact across editable table pages
2026-10-07T20:06:16.9940599Z [300/695] [firefox] › tests/browser/editor.spec.ts:1959:1 › reports an oversized table row without clipping or splitting its editable model
2026-10-07T20:06:18.2034843Z [301/695] [firefox] › tests/browser/editor.spec.ts:2001:1 › keeps canonical page furniture and footnotes editable while projecting every page copy
2026-10-07T20:06:19.7229758Z [302/695] [firefox] › tests/browser/editor.spec.ts:2086:1 › keeps code, media, disclosures, and custom atoms canonical across editable pages
2026-10-07T20:06:22.6012728Z [303/695] [firefox] › tests/browser/editor.spec.ts:2221:1 › keeps tracked review and Yjs live between list items split across pages
2026-10-07T20:06:23.1633570Z [304/695] [firefox] › tests/browser/editor.spec.ts:2287:1 › keeps tracked review and Yjs live between table rows split across pages
2026-10-07T20:06:26.0707539Z [305/695] [firefox] › tests/browser/editor.spec.ts:2364:13 › keeps comments attached and synchronized inside a continued list
2026-10-07T20:06:28.1152892Z [306/695] [firefox] › tests/browser/editor.spec.ts:2364:13 › keeps comments attached and synchronized inside a continued table
2026-10-07T20:06:29.8103040Z [307/695] [firefox] › tests/browser/editor.spec.ts:2418:1 › keeps tracked review and Yjs live inside a paragraph split across pages
2026-10-07T20:06:30.9237907Z [308/695] [firefox] › tests/browser/editor.spec.ts:2479:1 › keeps tracked review and Yjs collaboration live across automatic page boundaries
2026-10-07T20:06:33.6752889Z [309/695] [firefox] › tests/browser/editor.spec.ts:2554:1 › tracks real browser insertion and replacement with reversible review decisions
2026-10-07T20:06:33.8022430Z [310/695] [firefox] › tests/browser/editor.spec.ts:2583:1 › runs the package-backed full-text tracked review panel
2026-10-07T20:06:36.7013858Z [311/695] [firefox] › tests/browser/editor.spec.ts:2601:1 › runs package-backed named versions, exact comparison, preview, and guarded restoration
2026-10-07T20:06:36.7573160Z [312/695] [firefox] › tests/browser/editor.spec.ts:2631:1 › edits and persists package-backed collapsible details in the public playground
2026-10-07T20:06:40.1433964Z [313/695] [firefox] › tests/browser/editor.spec.ts:2657:1 › edits semantic ruby annotations through the package-backed public playground
2026-10-07T20:06:40.6614476Z [314/695] [firefox] › tests/browser/editor.spec.ts:2687:1 › converges live and offline Yjs edits and keeps collaborative undo author-local
2026-10-07T20:06:42.6040150Z [315/695] [firefox] › tests/browser/editor.spec.ts:2716:1 › runs reference links, recursive blocks, rich tables, and loss reports in a real browser
2026-10-07T20:06:43.8432517Z [316/695] [firefox] › tests/browser/editor.spec.ts:2741:1 › round-trips variable-delimiter Markdown code spans in the browser package
2026-10-07T20:06:44.1602791Z [317/695] [firefox] › tests/browser/editor.spec.ts:3309:1 › types, deletes, and undoes inside imported empty documents, quotes, and list items
2026-10-07T20:06:45.3965070Z [318/695] [firefox] › tests/browser/editor.spec.ts:3339:1 › round-trips marker-relative list containers and exact code whitespace
2026-10-07T20:06:46.7723315Z [319/695] [firefox] › tests/browser/editor.spec.ts:3383:1 › preserves raw Markdown and inert frontmatter through the browser package
2026-10-07T20:06:48.0597738Z [320/695] [firefox] › tests/browser/editor.spec.ts:3409:1 › edits through real beforeinput events and undoes a Markdown input rule
2026-10-07T20:06:49.3449316Z [321/695] [firefox] › tests/browser/editor.spec.ts:3423:1 › groups adjacent browser typing and respects explicit undo boundaries
2026-10-07T20:06:50.0830818Z [322/695] [firefox] › tests/browser/editor.spec.ts:3444:3 › preserves replacement formatting across subsequent typing input
2026-10-07T20:06:50.9472851Z [323/695] [firefox] › tests/browser/editor.spec.ts:3444:3 › preserves replacement formatting across subsequent composition input
2026-10-07T20:06:51.7477911Z [324/695] [firefox] › tests/browser/editor.spec.ts:3475:1 › commits cross-browser composition sequences once and supports replacement input
2026-10-07T20:06:52.3943264Z [325/695] [firefox] › tests/browser/editor.spec.ts:3507:1 › maps decorations through typing without persisting widget content
2026-10-07T20:06:53.3261902Z [326/695] [firefox] › tests/browser/editor.spec.ts:3522:1 › highlights editable code and updates language metadata through public commands
2026-10-07T20:06:54.6988998Z [327/695] [firefox] › tests/browser/editor.spec.ts:3552:1 › runs a view-focused chain and checks it without preview side effects
2026-10-07T20:06:55.7212204Z [328/695] [firefox] › tests/browser/editor.spec.ts:3573:1 › applies every configured paste-rule match through a browser paste event
2026-10-07T20:06:56.9758407Z [329/695] [firefox] › tests/browser/editor.spec.ts:3591:1 › autolinks, safely activates, edits, and removes links in a real browser
2026-10-07T20:06:57.4699145Z [330/695] [firefox] › tests/browser/editor.spec.ts:3622:1 › preserves structured rich HTML from a real browser clipboard event
2026-10-07T20:06:58.6550838Z [331/695] [firefox] › tests/browser/editor.spec.ts:3643:1 › pastes unwrapped inline HTML without dropping surrounding text or formatting
2026-10-07T20:06:58.9746125Z [332/695] [firefox] › tests/browser/editor.spec.ts:3664:1 › honors strict raw HTML token boundaries in the public Markdown pipeline
2026-10-07T20:07:00.1905324Z [333/695] [firefox] › tests/browser/editor.spec.ts:3681:1 › pastes unfamiliar HTML wrappers without flattening headings, paragraphs, or lists
2026-10-07T20:07:01.9342927Z [334/695] [firefox] › tests/browser/editor.spec.ts:3701:1 › pastes structured table cells and edits separate paragraphs without flattening nested blocks
2026-10-07T20:07:01.9781905Z [335/695] [firefox] › tests/browser/editor.spec.ts:3724:1 › retains standalone non-collapsible Unicode text during rich paste
2026-10-07T20:07:03.5221093Z [336/695] [firefox] › tests/browser/editor.spec.ts:3741:1 › pastes empty formatting and applies it to subsequently typed text
2026-10-07T20:07:03.6739748Z [337/695] [firefox] › tests/browser/editor.spec.ts:3765:57 › pastes and edits list-first code without inventing a blank paragraph
2026-10-07T20:07:05.2583027Z [338/695] [firefox] › tests/browser/editor.spec.ts:3765:57 › pastes and edits list-first code without inventing a blank paragraph from its label area
2026-10-07T20:07:06.3166919Z [339/695] [firefox] › tests/browser/editor.spec.ts:3789:1 › normalizes representative Word, Docs, and Excel clipboard payloads in every browser engine
2026-10-07T20:07:07.8882601Z [340/695] [firefox] › tests/browser/editor.spec.ts:3842:1 › imports an extension-defined HTML node through the schema contract
2026-10-07T20:07:08.8022859Z [341/695] [firefox] › tests/browser/editor.spec.ts:3867:1 › pastes mixed nested HTML lists without flattening their hierarchy
2026-10-07T20:07:09.7982693Z [342/695] [firefox] › tests/browser/editor.spec.ts:3890:1 › wraps, indents, lifts, and exits lists through browser-visible commands and keys
2026-10-07T20:07:11.1401391Z [343/695] [firefox] › tests/browser/editor.spec.ts:3920:1 › edits bidirectional and deeply nested text by logical document positions
2026-10-07T20:07:13.3618322Z [344/695] (retries) [firefox] › tests/browser/editor.spec.ts:3765:57 › pastes and edits list-first code without inventing a blank paragraph (retry #1)
2026-10-07T20:07:13.8087168Z [345/695] [firefox] › tests/browser/editor.spec.ts:3947:1 › moves a selected top-level block through native drag data
2026-10-07T20:07:15.4032855Z [346/695] [firefox] › tests/browser/editor.spec.ts:3965:1 › shows a host-replaceable drop cursor for inline text and atomic block targets
2026-10-07T20:07:16.7778698Z [347/695] [firefox] › tests/browser/editor.spec.ts:4026:1 › reorders nested blocks with accessible controls, drop indicators, drag, and undo
2026-10-07T20:07:18.1072952Z [348/695] [firefox] › tests/browser/editor.spec.ts:4101:1 › shows one structural block target across paragraphs, headings, lists, tables, media, and custom nodes
2026-10-07T20:07:20.3361206Z [349/695] [firefox] › tests/browser/editor.spec.ts:4197:1 › replaces a DOM selection that crosses block boundaries
2026-10-07T20:07:21.2625291Z [350/695] [firefox] › tests/browser/editor.spec.ts:4236:1 › keeps a visible editable paragraph after a terminal non-text block
2026-10-07T20:07:22.6613035Z [351/695] [firefox] › tests/browser/editor.spec.ts:4258:1 › uses Ctrl+A as an explicit all-document selection and replaces the document
2026-10-07T20:07:23.8991334Z [352/695] [firefox] › tests/browser/editor.spec.ts:4270:1 › selects and deletes a block image through real pointer and keyboard input
2026-10-07T20:07:24.3566118Z [353/695] (retries) [firefox] › tests/browser/editor.spec.ts:3765:57 › pastes and edits list-first code without inventing a blank paragraph (retry #2)
2026-10-07T20:07:25.3031787Z [354/695] [firefox] › tests/browser/editor.spec.ts:4293:1 › edits, aligns, resizes, and undoes a production image through accessible controls
2026-10-07T20:07:27.3234101Z [355/695] [firefox] › tests/browser/editor.spec.ts:4349:1 › inserts and removes a true inline image without breaking surrounding text
2026-10-07T20:07:29.4994902Z [356/695] [firefox] › tests/browser/editor.spec.ts:4367:1 › tracks and cancels browser-native image upload tasks
2026-10-07T20:07:30.6007031Z [357/695] [firefox] › tests/browser/editor.spec.ts:4407:1 › extends and replaces a rectangular cell selection through real pointer input
2026-10-07T20:07:31.8192623Z [358/695] [firefox] › tests/browser/editor.spec.ts:4435:1 › keeps mixed-format links intact through backward selection typing and history
2026-10-07T20:07:33.0413973Z [359/695] [firefox] › tests/browser/editor.spec.ts:4467:1 › reaches overflowing code by keyboard and leaves it without modifying the document
2026-10-07T20:07:33.8459639Z   1) [firefox] › tests/browser/editor.spec.ts:3765:57 › pastes and edits list-first code without inventing a blank paragraph 
2026-10-07T20:07:33.8466660Z 
2026-10-07T20:07:33.8467884Z     Error: expect(locator).toBeFocused() failed
2026-10-07T20:07:33.8468475Z 
2026-10-07T20:07:33.8469071Z     Locator:  getByRole('textbox', { name: 'Browser contract editor' })
2026-10-07T20:07:33.8469999Z     Expected: focused
2026-10-07T20:07:33.8470840Z     Received: inactive
2026-10-07T20:07:33.8475467Z     Timeout:  5000ms
2026-10-07T20:07:33.8475690Z 
2026-10-07T20:07:33.8475787Z     Call log:
2026-10-07T20:07:33.8476089Z       - Expect "toBeFocused" with timeout 5000ms
2026-10-07T20:07:33.8476617Z       - waiting for getByRole('textbox', { name: 'Browser contract editor' })
2026-10-07T20:07:33.8478023Z         14 × locator resolved to <div tabindex="0" role="textbox" spellcheck="true" aria-multiline="true" contenteditable="true" class="fountain-editor" aria-label="Browser contract editor" data-fountain-block-handles-enabled="">…</div>
2026-10-07T20:07:33.8479688Z            - unexpected value "inactive"
2026-10-07T20:07:33.8479902Z 
2026-10-07T20:07:33.8479908Z 
2026-10-07T20:07:33.8480393Z       3779 |   await expect(editor.locator('li > pre')).toHaveText('literal');
2026-10-07T20:07:33.8481381Z       3780 |   await editor.locator('pre').click(clickTarget === 'label' ? { position: { x: 40, y: 24 } } : {});
2026-10-07T20:07:33.8485323Z     > 3781 |   await expect(editor).toBeFocused();
2026-10-07T20:07:33.8485764Z            |                        ^
2026-10-07T20:07:33.8486856Z       3782 |   await page.keyboard.press('End');
2026-10-07T20:07:33.8487381Z       3783 |   await page.keyboard.type(' edited');
2026-10-07T20:07:33.8487891Z       3784 |   await expect(editor.locator('li > pre')).toHaveText('literal edited');
2026-10-07T20:07:33.8488504Z         at /home/runner/work/fountainjs/fountainjs/tests/browser/editor.spec.ts:3781:24
2026-10-07T20:07:33.8488848Z 
2026-10-07T20:07:33.8489328Z     attachment #1: screenshot (image/png) ──────────────────────────────────────────────────────────
2026-10-07T20:07:33.8490940Z     test-results/editor-pastes-and-edits-li-f15fd-inventing-a-blank-paragraph-firefox/test-failed-1.png
2026-10-07T20:07:33.8492502Z     ────────────────────────────────────────────────────────────────────────────────────────────────
2026-10-07T20:07:33.8493041Z 
2026-10-07T20:07:33.8493933Z     Error Context: test-results/editor-pastes-and-edits-li-f15fd-inventing-a-blank-paragraph-firefox/error-context.md
2026-10-07T20:07:33.8499116Z 
2026-10-07T20:07:33.8499653Z     attachment #3: trace (application/zip) ─────────────────────────────────────────────────────────
2026-10-07T20:07:33.8500793Z     test-results/editor-pastes-and-edits-li-f15fd-inventing-a-blank-paragraph-firefox/trace.zip
2026-10-07T20:07:33.8501334Z     Usage:
2026-10-07T20:07:33.8501453Z 
2026-10-07T20:07:33.8501987Z         pnpm exec playwright show-trace test-results/editor-pastes-and-edits-li-f15fd-inventing-a-blank-paragraph-firefox/trace.zip
2026-10-07T20:07:33.8506200Z 
2026-10-07T20:07:33.8506638Z     ────────────────────────────────────────────────────────────────────────────────────────────────
2026-10-07T20:07:33.8506957Z 
2026-10-07T20:07:33.8507395Z     Retry #1 ───────────────────────────────────────────────────────────────────────────────────────
2026-10-07T20:07:33.8507733Z 
2026-10-07T20:07:33.8508148Z     Error: expect(locator).toBeFocused() failed
2026-10-07T20:07:33.8508527Z 
2026-10-07T20:07:33.8508779Z     Locator:  getByRole('textbox', { name: 'Browser contract editor' })
2026-10-07T20:07:33.8509241Z     Expected: focused
2026-10-07T20:07:33.8509483Z     Received: inactive
2026-10-07T20:07:33.8509719Z     Timeout:  5000ms
2026-10-07T20:07:33.8509858Z 
2026-10-07T20:07:33.8513281Z     Call log:
2026-10-07T20:07:33.8513725Z       - Expect "toBeFocused" with timeout 5000ms
2026-10-07T20:07:33.8514221Z       - waiting for getByRole('textbox', { name: 'Browser contract editor' })
2026-10-07T20:07:33.8515916Z         14 × locator resolved to <div tabindex="0" role="textbox" spellcheck="true" aria-multiline="true" contenteditable="true" class="fountain-editor" aria-label="Browser contract editor" data-fountain-block-handles-enabled="">…</div>
2026-10-07T20:07:33.8517622Z            - unexpected value "inactive"
2026-10-07T20:07:33.8517826Z 
2026-10-07T20:07:33.8517839Z 
2026-10-07T20:07:33.8518093Z       3779 |   await expect(editor.locator('li > pre')).toHaveText('literal');
2026-10-07T20:07:33.8519168Z       3780 |   await editor.locator('pre').click(clickTarget === 'label' ? { position: { x: 40, y: 24 } } : {});
2026-10-07T20:07:33.8520422Z     > 3781 |   await expect(editor).toBeFocused();
2026-10-07T20:07:33.8521168Z            |                        ^
2026-10-07T20:07:33.8521534Z       3782 |   await page.keyboard.press('End');
2026-10-07T20:07:33.8521901Z       3783 |   await page.keyboard.type(' edited');
2026-10-07T20:07:33.8522369Z       3784 |   await expect(editor.locator('li > pre')).toHaveText('literal edited');
2026-10-07T20:07:33.8522968Z         at /home/runner/work/fountainjs/fountainjs/tests/browser/editor.spec.ts:3781:24
2026-10-07T20:07:33.8523296Z 
2026-10-07T20:07:33.8523786Z     attachment #1: screenshot (image/png) ──────────────────────────────────────────────────────────
2026-10-07T20:07:33.8524591Z     test-results/editor-pastes-and-edits-li-f15fd-inventing-a-blank-paragraph-firefox-retry1/test-failed-1.png
2026-10-07T20:07:33.8525437Z     ────────────────────────────────────────────────────────────────────────────────────────────────
2026-10-07T20:07:33.8525931Z 
2026-10-07T20:07:33.8526444Z     Error Context: test-results/editor-pastes-and-edits-li-f15fd-inventing-a-blank-paragraph-firefox-retry1/error-context.md
2026-10-07T20:07:33.8526996Z 
2026-10-07T20:07:33.8527418Z     attachment #3: trace (application/zip) ─────────────────────────────────────────────────────────
2026-10-07T20:07:33.8528179Z     test-results/editor-pastes-and-edits-li-f15fd-inventing-a-blank-paragraph-firefox-retry1/trace.zip
2026-10-07T20:07:33.8528975Z     Usage:
2026-10-07T20:07:33.8529185Z 
2026-10-07T20:07:33.8530458Z         pnpm exec playwright show-trace test-results/editor-pastes-and-edits-li-f15fd-inventing-a-blank-paragraph-firefox-retry1/trace.zip
2026-10-07T20:07:33.8531550Z 
2026-10-07T20:07:33.8532303Z     ────────────────────────────────────────────────────────────────────────────────────────────────
2026-10-07T20:07:33.8532867Z 
2026-10-07T20:07:33.8533586Z     Retry #2 ───────────────────────────────────────────────────────────────────────────────────────
2026-10-07T20:07:33.8537313Z 
2026-10-07T20:07:33.8537678Z     Error: expect(locator).toBeFocused() failed
2026-10-07T20:07:33.8538106Z 
2026-10-07T20:07:33.8538793Z     Locator:  getByRole('textbox', { name: 'Browser contract editor' })
2026-10-07T20:07:33.8539502Z     Expected: focused
2026-10-07T20:07:33.8539924Z     Received: inactive
2026-10-07T20:07:33.8540590Z     Timeout:  5000ms
2026-10-07T20:07:33.8540844Z 
2026-10-07T20:07:33.8540996Z     Call log:
2026-10-07T20:07:33.8541482Z       - Expect "toBeFocused" with timeout 5000ms
2026-10-07T20:07:33.8542314Z       - waiting for getByRole('textbox', { name: 'Browser contract editor' })
2026-10-07T20:07:33.8544788Z         14 × locator resolved to <div tabindex="0" role="textbox" spellcheck="true" aria-multiline="true" contenteditable="true" class="fountain-editor" aria-label="Browser contract editor" data-fountain-block-handles-enabled="">…</div>
2026-10-07T20:07:33.8546550Z            - unexpected value "inactive"
2026-10-07T20:07:33.8546919Z 
2026-10-07T20:07:33.8546927Z 
2026-10-07T20:07:33.8547349Z       3779 |   await expect(editor.locator('li > pre')).toHaveText('literal');
2026-10-07T20:07:33.8548528Z       3780 |   await editor.locator('pre').click(clickTarget === 'label' ? { position: { x: 40, y: 24 } } : {});
2026-10-07T20:07:33.8549525Z     > 3781 |   await expect(editor).toBeFocused();
2026-10-07T20:07:33.8550113Z            |                        ^
2026-10-07T20:07:33.8550908Z       3782 |   await page.keyboard.press('End');
2026-10-07T20:07:33.8551576Z       3783 |   await page.keyboard.type(' edited');
2026-10-07T20:07:33.8552445Z       3784 |   await expect(editor.locator('li > pre')).toHaveText('literal edited');
2026-10-07T20:07:33.8553553Z         at /home/runner/work/fountainjs/fountainjs/tests/browser/editor.spec.ts:3781:24
2026-10-07T20:07:33.8554168Z 
2026-10-07T20:07:33.8554993Z     attachment #1: screenshot (image/png) ──────────────────────────────────────────────────────────
2026-10-07T20:07:33.8556775Z     test-results/editor-pastes-and-edits-li-f15fd-inventing-a-blank-paragraph-firefox-retry2/test-failed-1.png
2026-10-07T20:07:33.8558386Z     ────────────────────────────────────────────────────────────────────────────────────────────────
2026-10-07T20:07:33.8559239Z 
2026-10-07T20:07:33.8560041Z     Error Context: test-results/editor-pastes-and-edits-li-f15fd-inventing-a-blank-paragraph-firefox-retry2/error-context.md
2026-10-07T20:07:33.8561057Z 
2026-10-07T20:07:33.8561525Z     attachment #3: trace (application/zip) ─────────────────────────────────────────────────────────
2026-10-07T20:07:33.8562300Z     test-results/editor-pastes-and-edits-li-f15fd-inventing-a-blank-paragraph-firefox-retry2/trace.zip
2026-10-07T20:07:33.8562845Z     Usage:
2026-10-07T20:07:33.8562958Z 
2026-10-07T20:07:33.8563504Z         pnpm exec playwright show-trace test-results/editor-pastes-and-edits-li-f15fd-inventing-a-blank-paragraph-firefox-retry2/trace.zip
2026-10-07T20:07:33.8564072Z 
2026-10-07T20:07:33.8564451Z     ────────────────────────────────────────────────────────────────────────────────────────────────
2026-10-07T20:07:33.8564742Z 
2026-10-07T20:07:33.8564747Z 
2026-10-07T20:07:34.6143007Z [360/695] [firefox] › tests/browser/editor.spec.ts:4537:1 › announces table resize values through real keyboard, pointer and history workflows
2026-10-07T20:07:35.1747936Z [361/695] [firefox] › tests/browser/editor.spec.ts:4513:1 › pastes into tab-focused code through Chromium clipboard without changing the previous paragraph
2026-10-07T20:07:36.9332663Z [362/695] [firefox] › tests/browser/editor.spec.ts:4590:1 › edits merged tables, resizes columns, toggles headers, and exchanges spreadsheet grids
2026-10-07T20:07:37.0022647Z [363/695] [firefox] › tests/browser/editor.spec.ts:4663:1 › keeps normal paste while offering bounded editor-local clipboard slots
2026-10-07T20:07:38.7304919Z [364/695] [firefox] › tests/browser/editor.spec.ts:4702:1 › renders and types into a structural gap as a new block
2026-10-07T20:07:38.8369714Z [365/695] [firefox] › tests/browser/editor.spec.ts:4714:1 › edits Lean without a mandatory server and renders transient provider diagnostics
2026-10-07T20:07:40.1765684Z [366/695] [firefox] › tests/browser/editor.spec.ts:4741:1 › keeps custom NodeViews live across updates and mapped moves while containing their DOM
2026-10-07T20:07:40.3651019Z [367/695] [firefox] › tests/browser/editor.spec.ts:4778:1 › loads the public React playground without console or page errors
2026-10-07T20:07:42.0375230Z [368/695] [firefox] › tests/browser/editor.spec.ts:4803:1 › publishes actionable extension authoring, conformance, and doctor guidance
2026-10-07T20:07:43.2291298Z [369/695] [firefox] › tests/browser/editor.spec.ts:4821:1 › pairs the optional AI demo with developer recipes for every public workflow
2026-10-07T20:07:44.3665895Z [370/695] [firefox] › tests/browser/editor.spec.ts:4842:1 › runs the public two-editor collaboration demo with presence and author-local undo
2026-10-07T20:07:45.5814155Z [371/695] [firefox] › tests/browser/editor.spec.ts:4909:1 › replaces both live collaboration documents without remounting the public editors
2026-10-07T20:07:49.2383086Z [372/695] [firefox] › tests/browser/editor.spec.ts:4968:1 › merges nested collaborative settings through the public two-editor demo
2026-10-07T20:07:49.4038061Z [373/695] [firefox] › tests/browser/editor.spec.ts:4987:1 › keeps headline phrases together and makes full-page navigation explicit
2026-10-07T20:07:52.7796322Z [374/695] [firefox] › tests/browser/editor.spec.ts:5012:1 › runs shared threaded comments through the public provider-neutral review panel
2026-10-07T20:07:53.0958636Z [375/695] [firefox] › tests/browser/editor.spec.ts:5069:1 › uses package-backed mentions, emoji, typography, and live counting in the public React playground
2026-10-07T20:07:56.8329768Z [376/695] [firefox] › tests/browser/editor.spec.ts:5130:1 › runs grouped default and product slash commands in the public React playground
2026-10-07T20:07:58.3480040Z [377/695] [firefox] › tests/browser/editor.spec.ts:5161:1 › runs accessible bubble and floating menus in the public React playground
2026-10-07T20:08:02.2692804Z [378/695] [firefox] › tests/browser/editor.spec.ts:5203:1 › composes and keyboard-navigates the public toolbar by stable group and action IDs
2026-10-07T20:08:02.8719808Z [379/695] [firefox] › tests/browser/editor.spec.ts:5240:1 › applies the complete text-style suite through the public React toolbar
2026-10-07T20:08:07.0829734Z [380/695] [firefox] › tests/browser/editor.spec.ts:5301:1 › uses the public React image workflow for metadata, alignment, and replacement
2026-10-07T20:08:07.9625048Z [381/695] [firefox] › tests/browser/editor.spec.ts:5345:1 › opens and cancels public configuration panels with keyboard focus and exact document retention
2026-10-07T20:08:12.2193061Z [382/695] [firefox] › tests/browser/editor.spec.ts:5463:1 › keeps the public native colour field focused while formatting selected text and allows undo in the editor
2026-10-07T20:08:14.9738357Z [383/695] [firefox] › tests/browser/editor.spec.ts:5490:1 › keeps table configuration labels legible on pointer hover
2026-10-07T20:08:18.3024020Z [384/695] [firefox] › tests/browser/editor.spec.ts:5529:1 › creates and edits a link through the public React toolbar
2026-10-07T20:08:21.2391119Z [385/695] [firefox] › tests/browser/editor.spec.ts:5560:1 › toggles a selected block through the public React list controls
2026-10-07T20:08:23.2667872Z [386/695] [firefox] › tests/browser/editor.spec.ts:5575:1 › edits code language and line numbers through the public React toolbar
2026-10-07T20:08:24.9169582Z [387/695] [firefox] › tests/browser/editor.spec.ts:5594:1 › opens the searchable clipboard-history picker in the public React toolbar
2026-10-07T20:08:27.1327674Z [388/695] [firefox] › tests/browser/editor.spec.ts:5627:1 › keeps the public outline stable, hierarchical, active, and navigable
2026-10-07T20:08:28.9702655Z [389/695] [firefox] › tests/browser/editor.spec.ts:5652:1 › exposes and explicitly cleans invisible text in the public playground
2026-10-07T20:08:31.2010857Z [390/695] [firefox] › tests/browser/editor.spec.ts:5693:1 › runs the public plain-DOM first-class widget demo
2026-10-07T20:08:33.8269409Z [391/695] [firefox] › tests/browser/editor.spec.ts:5740:1 › runs the public React first-class widget demo without losing control focus
2026-10-07T20:08:34.1001710Z [392/695] [firefox] › tests/browser/editor.spec.ts:5778:1 › makes the quote control discoverable and toggles an existing quote in the Java workflow demo
2026-10-07T20:08:37.2009846Z [393/695] [firefox] › tests/browser/editor.spec.ts:5792:1 › retains table captions and reports their projected association in the conversion demo
2026-10-07T20:08:37.2732576Z [394/695] [firefox] › tests/browser/editor.spec.ts:5809:1 › preserves complex figure content in the public Markdown conversion demo
2026-10-07T20:08:40.7622407Z [395/695] [firefox] › tests/browser/editor.spec.ts:5827:1 › runs the public headless Markdown, LaTeX, and server HTML pipeline
2026-10-07T20:08:42.1775055Z [396/695] [firefox] › tests/browser/editor.spec.ts:5898:1 › records native DOCX viewer disagreements without certifying math fidelity
2026-10-07T20:08:47.0711694Z [397/695] [firefox] › tests/browser/editor.spec.ts:5903:1 › checks actual DOCX retention beside an independent viewer without hiding its header omission
2026-10-07T20:08:48.6343933Z [398/695] [firefox] › tests/browser/editor.spec.ts:6019:1 › renders real KaTeX while reporting published-equation and trust failures without source loss
2026-10-07T20:08:51.3652672Z [399/695] [firefox] › tests/browser/editor.spec.ts:6050:1 › edits multiline math without losing line breaks, descriptions, or undo history
2026-10-07T20:08:53.2017992Z [400/695] [firefox] › tests/browser/editor.spec.ts:6087:1 › renders and inserts native math in the public DOM integration
2026-10-07T20:08:55.0202105Z [401/695] [firefox] › tests/browser/editor.spec.ts:6144:1 › makes table sizing, complete deletion, insertion gaps, and highlight colours explicit in the public demo
2026-10-07T20:08:56.7475630Z [402/695] [firefox] › tests/browser/editor.spec.ts:6192:1 › keeps rich and multiline paste structurally predictable in the public editor
2026-10-07T20:08:59.0156141Z [403/695] [firefox] › tests/browser/editor.spec.ts:6265:1 › round-trips a Fountain multi-block selection through Chromium clipboard HTML
2026-10-07T20:08:59.4612423Z [404/695] [firefox] › tests/browser/editor.spec.ts:6381:1 › round-trips a complex whole Fountain document through the Chromium clipboard exactly
2026-10-07T20:08:59.4631732Z [405/695] [firefox] › tests/browser/editor.spec.ts:6332:1 › round-trips an extension-owned Fountain atom through the Chromium clipboard
2026-10-07T20:09:00.8648383Z [406/695] [firefox] › tests/browser/editor.spec.ts:6468:1 › copies clean semantic Fountain HTML into an external browser editor
2026-10-07T20:09:00.9922699Z [407/695] [firefox] › tests/browser/editor.spec.ts:6523:1 › copies readable Fountain text into a plain-text external editor
2026-10-07T20:09:01.5892572Z [408/695] [firefox] › tests/browser/editor.spec.ts:6582:1 › copies math to external rich and plain-text editors without renderer controls
2026-10-07T20:09:01.5944348Z [409/695] [firefox] › tests/browser/editor.spec.ts:6627:1 › renders repeated empty paragraphs and removes each visible line
2026-10-07T20:09:01.8801708Z [410/695] [firefox] › tests/browser/editor.spec.ts:6657:1 › undoes and redoes real typing with both common browser keyboard chords
2026-10-07T20:09:03.5368019Z [411/695] [firefox] › tests/browser/editor.spec.ts:6674:1 › keeps a backward DOM selection backward after model synchronization
2026-10-07T20:09:04.4720500Z [412/695] [firefox] › tests/browser/editor.spec.ts:6698:1 › preserves a backward selection made with real keyboard input
2026-10-07T20:09:04.7535880Z [413/695] [firefox] › tests/browser/editor.spec.ts:6713:1 › replaces a backward selection made by a real reverse pointer drag
2026-10-07T20:09:06.3476887Z [414/695] [firefox] › tests/browser/editor.spec.ts:6749:1 › turns multi-format and multi-block selections into visible paragraph boundaries
2026-10-07T20:09:06.5482265Z [415/695] [firefox] › tests/browser/editor.spec.ts:6807:1 › visibly splits and joins ordinary paragraphs with both deletion directions
2026-10-07T20:09:10.3992914Z [416/695] [firefox] › tests/browser/editor.spec.ts:6832:1 › deletes an adjacent inline atom without eating surrounding text
2026-10-07T20:09:10.6698498Z [417/695] [firefox] › tests/browser/editor.spec.ts:6862:1 › unwraps and exits an inserted quote with ordinary browser keys
2026-10-07T20:09:12.0806647Z [418/695] [firefox] › tests/browser/editor.spec.ts:6891:1 › publishes semantic selection controls and table interaction in the demo gallery
2026-10-07T20:09:14.7892697Z [419/695] [firefox] › tests/browser/editor.spec.ts:6908:1 › runs campaign images, native media and safe embeds through Angular with honest upload boundaries
2026-10-07T20:09:15.0514300Z [420/695] [firefox] › tests/browser/editor.spec.ts:6985:1 › uses the public React media workflow for native playback, provider-gated embeds, and asset uploads
2026-10-07T20:09:19.6344807Z [421/695] [firefox] › tests/browser/editor.spec.ts:7030:1 › streams an optional AI proposal outside the document until review is ready
2026-10-07T20:09:22.7102869Z [422/695] [firefox] › tests/browser/editor.spec.ts:7055:1 › preserves whitespace when an AI proposal ends at a formatting boundary
2026-10-07T20:09:23.4887431Z [423/695] [firefox] › tests/browser/editor.spec.ts:7070:1 › runs a host-owned multi-turn AI conversation with reusable prompts and clear confirmation
2026-10-07T20:09:27.2591060Z [424/695] [firefox] › tests/browser/editor.spec.ts:7098:1 › reviews generated media before the normal host upload inserts one undoable node
2026-10-07T20:09:28.0598340Z [425/695] [firefox] › tests/browser/editor.spec.ts:7124:1 › reviews a schema-aware agent tool proposal before one-step apply and undo
2026-10-07T20:09:31.2574090Z [426/695] [firefox] › tests/browser/editor.spec.ts:7149:1 › keeps a 1,000-block input update local and paints within budget
2026-10-07T20:09:32.2323647Z [427/695] [firefox] › tests/browser/editor.spec.ts:7170:1 › virtualizes 100,000 blocks while preserving scrolling, distant selection, IME, and copy
2026-10-07T20:09:33.2898559Z [428/695] [firefox] › tests/browser/editor.spec.ts:7228:1 › exports rich tables as HTML Markdown and exposes the compatibility note
2026-10-07T20:09:35.1532509Z [429/695] [firefox] › tests/browser/editor.spec.ts:7250:1 › HTML comments do not insert phantom paragraphs in converted Markdown
2026-10-07T20:09:36.7302680Z [430/695] [firefox] › tests/browser/editor.spec.ts:7262:1 › imported table section order matches the physically rendered source table
2026-10-07T20:09:38.6233468Z [431/695] [firefox] › tests/browser/editor.spec.ts:7293:1 › imports zero-rowspan cells with the same row-group geometry in server and browser
2026-10-07T20:09:40.5844099Z [432/695] [firefox] › tests/browser/editor.spec.ts:7324:1 › reconstructs HTML tables across Markdown block boundaries
2026-10-07T20:09:42.8242764Z [433/695] [firefox] › tests/browser/editor.spec.ts:7345:1 › applies surrounding HTML formatting without replacing Markdown block content
2026-10-07T20:09:45.6740800Z [434/695] [firefox] › tests/browser/editor.spec.ts:7374:1 › projects inline HTML around Markdown nodes only with explicit opt-in and visible fallback
2026-10-07T20:09:45.6743018Z [435/695] [firefox] › tests/browser/editor.spec.ts:7358:1 › converts raw HTML blocks only when the headless demo option is enabled
2026-10-07T20:09:49.0982760Z [436/695] [firefox] › tests/browser/editor.spec.ts:7399:1 › shows specific discarded HTML and rejected URL losses in both conversion surfaces
2026-10-07T20:09:52.5984943Z [437/695] [webkit] › tests/browser/editor.spec.ts:35:1 › edits RTL blocks with native keyboard selection, direction controls, Enter history and HTML reader export
2026-10-07T20:09:54.6390829Z [438/695] [webkit] › tests/browser/editor.spec.ts:39:1 › separates the homepage framework descenders from the italic extend line
2026-10-07T20:10:02.0515834Z [439/695] [webkit] › tests/browser/editor.spec.ts:58:1 › keeps consecutive marked quoted and table blank lines visible in reader and saved HTML
2026-10-07T20:10:03.0805339Z [440/695] [webkit] › tests/browser/editor.spec.ts:62:1 › fills and reopens a retained childless paragraph using real pointer typing Enter Backspace and undo
2026-10-07T20:10:15.2601511Z [441/695] [webkit] › tests/browser/editor.spec.ts:66:1 › edits structured inert block wrappers with actual table navigation Enter Backspace history and safe reopening
2026-10-07T20:10:17.3935786Z [442/695] [webkit] › tests/browser/editor.spec.ts:70:1 › retains HTML link navigation and literal Markdown data through real editing and reopening
2026-10-07T20:10:37.7467308Z [443/695] [webkit] › tests/browser/editor.spec.ts:74:1 › edits inert script style textarea source with real Enter Backspace history and safe reader reopening
2026-10-07T20:10:45.6612717Z [444/695] [webkit] › tests/browser/editor.spec.ts:78:1 › retains unfinished raw HTML as editable Markdown source and discloses direct HTML omissions
2026-10-07T20:10:54.8014913Z [445/695] [webkit] › tests/browser/editor.spec.ts:82:1 › preserves registered inert inline source through real typing history and Markdown HTML JSON reopening
2026-10-07T20:10:57.4193336Z [446/695] [webkit] › tests/browser/editor.spec.ts:86:1 › preserves immutable snapshots and owned attributes through real typing Enter history and JSON reopening
2026-10-07T20:11:00.1032415Z [447/695] [webkit] › tests/browser/editor.spec.ts:90:1 › imports private files in the conversion lab with reports and export reopen
2026-10-07T20:11:10.6558636Z [448/695] [webkit] › tests/browser/editor.spec.ts:94:1 › resolves unequal Markdown runs through actual selection editing history download and reader reopen
2026-10-07T20:11:14.1650071Z [449/695] [webkit] › tests/browser/editor.spec.ts:99:3 › retains partial Markdown em scope through real typing history and canonical reopening
2026-10-07T20:11:17.1469455Z [450/695] [webkit] › tests/browser/editor.spec.ts:99:3 › retains partial Markdown strong scope through real typing history and canonical reopening
2026-10-07T20:11:19.0786360Z [451/695] [webkit] › tests/browser/editor.spec.ts:104:1 › submits resets and disables a native form-associated Web Component
2026-10-07T20:11:19.5460535Z [452/695] [webkit] › tests/browser/editor.spec.ts:108:1 › converts document-wide HTML scopes with source edit undo and explicit layout differences
2026-10-07T20:11:25.5372667Z [453/695] [webkit] › tests/browser/editor.spec.ts:112:1 › preserves inert HTML comments through human editing source and reader output
2026-10-07T20:11:28.9262833Z [454/695] [webkit] › tests/browser/editor.spec.ts:116:1 › copies anonymous flow internally and into an external plain-text editor through real clipboard
2026-10-07T20:11:34.9806533Z [455/695] [webkit] › tests/browser/editor.spec.ts:121:1 › retains cleared anonymous flow through real cut save reopen and continued editing
2026-10-07T20:11:45.4385445Z [456/695] [webkit] › tests/browser/editor.spec.ts:125:1 › retains anonymous HTML flow without extra spacing through real typing Enter deletion and reader output
2026-10-07T20:11:45.9187348Z [457/695] [webkit] › tests/browser/editor.spec.ts:129:1 › retains literal flow newlines through actual Markdown export and source reimport
2026-10-07T20:11:54.1983849Z [458/695] [webkit] › tests/browser/editor.spec.ts:133:1 › edits protected Markdown images and dividers inside HTML sections through history and reopening
2026-10-07T20:12:00.4821274Z [459/695] [webkit] › tests/browser/editor.spec.ts:137:1 › edits protected Markdown tables inside HTML sections through cell navigation history and reopening
2026-10-07T20:12:05.8755271Z [460/695] [webkit] › tests/browser/editor.spec.ts:141:1 › authors sections with properties, empty content, undo and reader preview
2026-10-07T20:12:14.5682400Z [461/695] [webkit] › tests/browser/editor.spec.ts:145:1 › preserves optional section containers through real editing and reader output
2026-10-07T20:12:20.0242553Z [462/695] [webkit] › tests/browser/editor.spec.ts:149:1 › edits and reopens a Word glossary with term and description roles
2026-10-07T20:12:24.3801733Z [463/695] [webkit] › tests/browser/editor.spec.ts:153:1 › imports and edits Word content controls without losing visible content
2026-10-07T20:12:32.5610897Z [464/695] [webkit] › tests/browser/editor.spec.ts:175:1 › preserves code endings through source recovery and reader handoff
2026-10-07T20:12:36.6549006Z [465/695] [webkit] › tests/browser/editor.spec.ts:179:1 › edits definition lists and reopens a glossary in a reader
2026-10-07T20:12:43.8222259Z [466/695] [webkit] › tests/browser/editor.spec.ts:183:1 › edits registered HTML wrappers after Markdown source recovery
2026-10-07T20:12:46.1731404Z [467/695] [webkit] › tests/browser/editor.spec.ts:187:1 › retains the complete document through pointer and keyboard output-format changes
2026-10-07T20:12:46.8386075Z [468/695] [webkit] › tests/browser/editor.spec.ts:191:1 › recovers nested Markdown lists and quotes through an editor and reader
2026-10-07T20:13:02.0606068Z [469/695] [webkit] › tests/browser/editor.spec.ts:195:1 › edits opaque code labels and reopens them safely in a reader
2026-10-07T20:13:10.7427917Z [470/695] [webkit] › tests/browser/editor.spec.ts:200:1 › guards editor actions against page reloads without suppressing failures
2026-10-07T20:13:10.9518517Z [471/695] [webkit] › tests/browser/editor.spec.ts:210:1 › recovers paragraph HTML into editable blocks and a reopened reader
2026-10-07T20:13:12.9446890Z [472/695] [webkit] › tests/browser/editor.spec.ts:214:1 › reads separate retired paragraphs after Markdown HTML scope conversion and handoff
2026-10-07T20:13:21.2573797Z [473/695] [webkit] › tests/browser/editor.spec.ts:218:1 › preserves headerless and mixed tables through source and file handoff
2026-10-07T20:13:29.0384026Z [474/695] [webkit] › tests/browser/editor.spec.ts:222:1 › retains HTML block formatting through server import, paste and draft handoff
2026-10-07T20:13:41.8524183Z [475/695] [webkit] › tests/browser/editor.spec.ts:226:1 › discovers product workflows and preserves separate task drafts and histories
2026-10-07T20:13:50.8794969Z [476/695] [webkit] › tests/browser/editor.spec.ts:230:1 › retains escaped pipes and strikethrough through table edits and Markdown handoff
2026-10-07T20:13:59.1488645Z [477/695] [webkit] › tests/browser/editor.spec.ts:234:1 › retains literal text lines through editing and Markdown handoff
2026-10-07T20:14:01.5535978Z [478/695] [webkit] › tests/browser/editor.spec.ts:238:1 › keeps literal syntax unformatted through visual edits and Markdown reopen
2026-10-07T20:14:06.1284412Z [479/695] [webkit] › tests/browser/editor.spec.ts:242:1 › chooses literal address import and retains links through DOCX handoff
2026-10-07T20:14:07.6760985Z [480/695] [webkit] › tests/browser/editor.spec.ts:246:1 › writes and reopens an issue with visual Markdown source fidelity and reader preview
2026-10-07T20:14:17.6556618Z [481/695] [webkit] › tests/browser/editor.spec.ts:250:1 › issue workflow preserves root references and validates local image files
2026-10-07T20:14:22.4795415Z [482/695] [webkit] › tests/browser/editor.spec.ts:282:1 › issue workflow preserves reference prefixes and reports container fallback
2026-10-07T20:14:24.7510944Z [483/695] [webkit] › tests/browser/editor.spec.ts:306:1 › reopens a full HTML report without promoting page metadata into editor content
2026-10-07T20:14:26.6967548Z [484/695] [webkit] › tests/browser/editor.spec.ts:310:1 › matches native document parsing for HTML envelopes, recovery, and noscript
2026-10-07T20:14:28.8441260Z [485/695] [webkit] › tests/browser/editor.spec.ts:324:1 › aligns selected paragraphs using backward selection, toolbar, history and HTML export
2026-10-07T20:14:33.0922023Z [486/695] [webkit] › tests/browser/editor.spec.ts:328:1 › exports independent DOCX list starts and renders the same procedure beside the editor
2026-10-07T20:14:36.3098129Z [487/695] [webkit] › tests/browser/editor.spec.ts:332:1 › retains zero-based list numbers through keyboard outdent history and export
2026-10-07T20:14:38.8855775Z [488/695] [webkit] › tests/browser/editor.spec.ts:336:1 › imports ordered-list starts like the native browser integer parser
2026-10-07T20:14:42.8435635Z [489/695] [webkit] › tests/browser/editor.spec.ts:350:1 › uses first-party Angular signals and directive for campaign editing and owner cleanup
2026-10-07T20:14:44.4593098Z [490/695] [webkit] › tests/browser/editor.spec.ts:354:1 › disposes Svelte custom block views before their owned engine
2026-10-07T20:14:46.6765460Z [491/695] [webkit] › tests/browser/editor.spec.ts:363:1 › uses first-party Svelte bindings for table editing, history, stores and owner disposal
2026-10-07T20:14:58.7324425Z [492/695] [webkit] › tests/browser/editor.spec.ts:367:1 › uses first-party Vue bindings for editing, reactive state, history and view remounts
2026-10-07T20:15:00.7556874Z [493/695] [webkit] › tests/browser/editor.spec.ts:371:1 › keeps real SVG equation links inside paged snapshots across editing and rebuilding
2026-10-07T20:15:07.6016712Z [494/695] [webkit] › tests/browser/editor.spec.ts:375:1 › saves and reopens equation files with source, references and history intact
2026-10-07T20:15:13.3917746Z [495/695] [webkit] › tests/browser/editor.spec.ts:379:1 › recovers from textless replacement for native typing, lines and history
2026-10-07T20:15:16.5507618Z [496/695] [webkit] › tests/browser/editor.spec.ts:383:1 › renders labelled equations and reader links through real editing and recovery
2026-10-07T20:15:18.6398127Z [497/695] [webkit] › tests/browser/editor.spec.ts:387:1 › keeps moved math source attached to its formula through native editing, undo, and export
2026-10-07T20:15:23.5173734Z [498/695] [webkit] › tests/browser/editor.spec.ts:391:1 › imports the published TeX table with visible losses and editable numeric values
2026-10-07T20:15:26.8013169Z [499/695] [webkit] › tests/browser/editor.spec.ts:475:1 › keeps comparison names separate from their copy in a mobile desktop-site viewport
2026-10-07T20:15:27.6894316Z [500/695] [webkit] › tests/browser/editor.spec.ts:503:1 › renders, edits, and measures portable page intent in a real browser
2026-10-07T20:15:29.3333481Z [501/695] [webkit] › tests/browser/editor.spec.ts:572:1 › measures browser line boxes, list items, rowspan groups, and footnotes as legal page fragments
2026-10-07T20:15:30.1285035Z [502/695] [webkit] › tests/browser/editor.spec.ts:666:1 › continues measured long footnotes through editable and print page projections
2026-10-07T20:15:31.0054659Z [503/695] [webkit] › tests/browser/editor.spec.ts:774:1 › prints a mixed repeated-footnote, merged-table, and manual-break document without loss
2026-10-07T20:15:33.3540045Z [504/695] [webkit] › tests/browser/editor.spec.ts:882:1 › paginates imported styled semantic HTML without structural or PDF text loss
2026-10-07T20:15:35.6224044Z [505/695] [webkit] › tests/browser/editor.spec.ts:1027:1 › uses a host print renderer without moving or exposing live custom DOM
2026-10-07T20:15:35.6842811Z [506/695] [webkit] › tests/browser/editor.spec.ts:1050:1 › projects exact A4 and Letter print sheets in every browser engine
2026-10-07T20:15:37.3596510Z [507/695] [webkit] › tests/browser/editor.spec.ts:1167:1 › emits exact A4 and Letter PDF pages for every projected sheet in Chromium
2026-10-07T20:15:37.9693458Z [508/695] [webkit] › tests/browser/editor.spec.ts:1207:1 › keeps 1,000-block pagination reflow local to the changed block
2026-10-07T20:15:37.9942426Z [509/695] [webkit] › tests/browser/editor.spec.ts:1219:1 › bounds alternating edge reflow across 5,000 rendered page blocks
2026-10-07T20:15:39.8715229Z [510/695] [webkit] › tests/browser/editor.spec.ts:1242:1 › keeps 5,000 unchanged page blocks cached through leading insertion and removal
2026-10-07T20:15:41.9798913Z [511/695] [webkit] › tests/browser/editor.spec.ts:1268:1 › edits, selects, and composes across guarded page shells in one contenteditable
2026-10-07T20:15:43.3913693Z [512/695] [webkit] › tests/browser/editor.spec.ts:1344:1 › keeps one paragraph editable when its measured lines span page shells
2026-10-07T20:15:44.3115028Z [513/695] [webkit] › tests/browser/editor.spec.ts:1471:1 › maps carets, ranges, and composition around injected paragraph page gaps
2026-10-07T20:15:45.8785448Z [514/695] [webkit] › tests/browser/editor.spec.ts:1575:1 › keeps one canonical ordered list editable and numbered across page shells
2026-10-07T20:15:46.8782107Z [515/695] [webkit] › tests/browser/editor.spec.ts:1710:52 › honours explicit table repetition independently of cell roles (ordinary)
2026-10-07T20:15:48.5778479Z [516/695] [webkit] › tests/browser/editor.spec.ts:1710:52 › honours explicit table repetition independently of cell roles (off)
2026-10-07T20:15:51.0532765Z [517/695] [webkit] › tests/browser/editor.spec.ts:1743:1 › keeps one canonical table editable with repeated headers across page shells
2026-10-07T20:15:51.9372576Z [518/695] [webkit] › tests/browser/editor.spec.ts:1893:1 › keeps merged header and body rowspans intact across editable table pages
2026-10-07T20:15:54.4889898Z [519/695] [webkit] › tests/browser/editor.spec.ts:1959:1 › reports an oversized table row without clipping or splitting its editable model
2026-10-07T20:15:54.6489846Z [520/695] [webkit] › tests/browser/editor.spec.ts:2001:1 › keeps canonical page furniture and footnotes editable while projecting every page copy
2026-10-07T20:15:57.0719109Z [521/695] [webkit] › tests/browser/editor.spec.ts:2086:1 › keeps code, media, disclosures, and custom atoms canonical across editable pages
2026-10-07T20:15:58.7954875Z [522/695] [webkit] › tests/browser/editor.spec.ts:2221:1 › keeps tracked review and Yjs live between list items split across pages
2026-10-07T20:16:00.3772745Z [523/695] [webkit] › tests/browser/editor.spec.ts:2287:1 › keeps tracked review and Yjs live between table rows split across pages
2026-10-07T20:16:02.0577203Z [524/695] [webkit] › tests/browser/editor.spec.ts:2364:13 › keeps comments attached and synchronized inside a continued list
2026-10-07T20:16:04.3854203Z [525/695] [webkit] › tests/browser/editor.spec.ts:2364:13 › keeps comments attached and synchronized inside a continued table
2026-10-07T20:16:05.3389378Z [526/695] [webkit] › tests/browser/editor.spec.ts:2418:1 › keeps tracked review and Yjs live inside a paragraph split across pages
2026-10-07T20:16:07.1444020Z [527/695] [webkit] › tests/browser/editor.spec.ts:2479:1 › keeps tracked review and Yjs collaboration live across automatic page boundaries
2026-10-07T20:16:09.0481300Z [528/695] [webkit] › tests/browser/editor.spec.ts:2554:1 › tracks real browser insertion and replacement with reversible review decisions
2026-10-07T20:16:10.5072346Z [529/695] [webkit] › tests/browser/editor.spec.ts:2583:1 › runs the package-backed full-text tracked review panel
2026-10-07T20:16:10.6962909Z [530/695] [webkit] › tests/browser/editor.spec.ts:2601:1 › runs package-backed named versions, exact comparison, preview, and guarded restoration
2026-10-07T20:16:14.9364069Z [531/695] [webkit] › tests/browser/editor.spec.ts:2631:1 › edits and persists package-backed collapsible details in the public playground
2026-10-07T20:16:16.5292373Z [532/695] [webkit] › tests/browser/editor.spec.ts:2657:1 › edits semantic ruby annotations through the package-backed public playground
2026-10-07T20:16:21.4027936Z [533/695] [webkit] › tests/browser/editor.spec.ts:2687:1 › converges live and offline Yjs edits and keeps collaborative undo author-local
2026-10-07T20:16:22.4987722Z [534/695] [webkit] › tests/browser/editor.spec.ts:2716:1 › runs reference links, recursive blocks, rich tables, and loss reports in a real browser
2026-10-07T20:16:23.7534185Z [535/695] [webkit] › tests/browser/editor.spec.ts:2741:1 › round-trips variable-delimiter Markdown code spans in the browser package
2026-10-07T20:16:23.8814425Z [536/695] [webkit] › tests/browser/editor.spec.ts:3309:1 › types, deletes, and undoes inside imported empty documents, quotes, and list items
2026-10-07T20:16:25.1843087Z [537/695] [webkit] › tests/browser/editor.spec.ts:3339:1 › round-trips marker-relative list containers and exact code whitespace
2026-10-07T20:16:26.6731694Z [538/695] [webkit] › tests/browser/editor.spec.ts:3383:1 › preserves raw Markdown and inert frontmatter through the browser package
2026-10-07T20:16:28.1159457Z [539/695] [webkit] › tests/browser/editor.spec.ts:3409:1 › edits through real beforeinput events and undoes a Markdown input rule
2026-10-07T20:16:29.7654669Z [540/695] [webkit] › tests/browser/editor.spec.ts:3423:1 › groups adjacent browser typing and respects explicit undo boundaries
2026-10-07T20:16:31.2759842Z [541/695] [webkit] › tests/browser/editor.spec.ts:3444:3 › preserves replacement formatting across subsequent typing input
2026-10-07T20:16:31.5808665Z [542/695] [webkit] › tests/browser/editor.spec.ts:3444:3 › preserves replacement formatting across subsequent composition input
2026-10-07T20:16:32.8294617Z [543/695] [webkit] › tests/browser/editor.spec.ts:3475:1 › commits cross-browser composition sequences once and supports replacement input
2026-10-07T20:16:33.1322741Z [544/695] [webkit] › tests/browser/editor.spec.ts:3507:1 › maps decorations through typing without persisting widget content
2026-10-07T20:16:34.3015979Z [545/695] [webkit] › tests/browser/editor.spec.ts:3522:1 › highlights editable code and updates language metadata through public commands
2026-10-07T20:16:34.6973644Z [546/695] [webkit] › tests/browser/editor.spec.ts:3552:1 › runs a view-focused chain and checks it without preview side effects
2026-10-07T20:16:35.9948026Z [547/695] [webkit] › tests/browser/editor.spec.ts:3573:1 › applies every configured paste-rule match through a browser paste event
2026-10-07T20:16:36.1852648Z [548/695] [webkit] › tests/browser/editor.spec.ts:3591:1 › autolinks, safely activates, edits, and removes links in a real browser
2026-10-07T20:16:37.4723542Z [549/695] [webkit] › tests/browser/editor.spec.ts:3622:1 › preserves structured rich HTML from a real browser clipboard event
2026-10-07T20:16:38.0614883Z [550/695] [webkit] › tests/browser/editor.spec.ts:3643:1 › pastes unwrapped inline HTML without dropping surrounding text or formatting
2026-10-07T20:16:38.9372282Z [551/695] [webkit] › tests/browser/editor.spec.ts:3664:1 › honors strict raw HTML token boundaries in the public Markdown pipeline
2026-10-07T20:16:39.7093357Z [552/695] [webkit] › tests/browser/editor.spec.ts:3681:1 › pastes unfamiliar HTML wrappers without flattening headings, paragraphs, or lists
2026-10-07T20:16:41.4032939Z [553/695] [webkit] › tests/browser/editor.spec.ts:3701:1 › pastes structured table cells and edits separate paragraphs without flattening nested blocks
2026-10-07T20:16:42.9873881Z [554/695] [webkit] › tests/browser/editor.spec.ts:3724:1 › retains standalone non-collapsible Unicode text during rich paste
2026-10-07T20:16:43.7472807Z [555/695] [webkit] › tests/browser/editor.spec.ts:3741:1 › pastes empty formatting and applies it to subsequently typed text
2026-10-07T20:16:44.5680794Z [556/695] [webkit] › tests/browser/editor.spec.ts:3765:57 › pastes and edits list-first code without inventing a blank paragraph
2026-10-07T20:16:45.5745670Z [557/695] [webkit] › tests/browser/editor.spec.ts:3765:57 › pastes and edits list-first code without inventing a blank paragraph from its label area
2026-10-07T20:16:46.2038589Z [558/695] [webkit] › tests/browser/editor.spec.ts:3789:1 › normalizes representative Word, Docs, and Excel clipboard payloads in every browser engine
2026-10-07T20:16:47.3286786Z [559/695] [webkit] › tests/browser/editor.spec.ts:3842:1 › imports an extension-defined HTML node through the schema contract
2026-10-07T20:16:48.3749800Z [560/695] [webkit] › tests/browser/editor.spec.ts:3867:1 › pastes mixed nested HTML lists without flattening their hierarchy
2026-10-07T20:16:48.7384868Z [561/695] [webkit] › tests/browser/editor.spec.ts:3890:1 › wraps, indents, lifts, and exits lists through browser-visible commands and keys
2026-10-07T20:16:49.9484156Z [562/695] [webkit] › tests/browser/editor.spec.ts:3920:1 › edits bidirectional and deeply nested text by logical document positions
2026-10-07T20:16:50.3301520Z [563/695] [webkit] › tests/browser/editor.spec.ts:3947:1 › moves a selected top-level block through native drag data
2026-10-07T20:16:51.4812830Z [564/695] [webkit] › tests/browser/editor.spec.ts:3965:1 › shows a host-replaceable drop cursor for inline text and atomic block targets
2026-10-07T20:16:51.9692864Z [565/695] [webkit] › tests/browser/editor.spec.ts:4026:1 › reorders nested blocks with accessible controls, drop indicators, drag, and undo
2026-10-07T20:16:52.8597611Z [566/695] [webkit] › tests/browser/editor.spec.ts:4101:1 › shows one structural block target across paragraphs, headings, lists, tables, media, and custom nodes
2026-10-07T20:16:54.3044063Z [567/695] [webkit] › tests/browser/editor.spec.ts:4197:1 › replaces a DOM selection that crosses block boundaries
2026-10-07T20:16:55.8322779Z [568/695] [webkit] › tests/browser/editor.spec.ts:4236:1 › keeps a visible editable paragraph after a terminal non-text block
2026-10-07T20:16:57.1772609Z [569/695] [webkit] › tests/browser/editor.spec.ts:4258:1 › uses Ctrl+A as an explicit all-document selection and replaces the document
2026-10-07T20:16:57.4556018Z [570/695] [webkit] › tests/browser/editor.spec.ts:4270:1 › selects and deletes a block image through real pointer and keyboard input
2026-10-07T20:16:58.7231961Z [571/695] [webkit] › tests/browser/editor.spec.ts:4293:1 › edits, aligns, resizes, and undoes a production image through accessible controls
2026-10-07T20:17:00.5042788Z [572/695] [webkit] › tests/browser/editor.spec.ts:4349:1 › inserts and removes a true inline image without breaking surrounding text
2026-10-07T20:17:01.1844788Z [573/695] [webkit] › tests/browser/editor.spec.ts:4367:1 › tracks and cancels browser-native image upload tasks
2026-10-07T20:17:02.1518780Z [574/695] [webkit] › tests/browser/editor.spec.ts:4407:1 › extends and replaces a rectangular cell selection through real pointer input
2026-10-07T20:17:02.5519130Z [575/695] [webkit] › tests/browser/editor.spec.ts:4435:1 › keeps mixed-format links intact through backward selection typing and history
2026-10-07T20:17:04.1928301Z [576/695] [webkit] › tests/browser/editor.spec.ts:4467:1 › reaches overflowing code by keyboard and leaves it without modifying the document
2026-10-07T20:17:04.5086889Z [577/695] [webkit] › tests/browser/editor.spec.ts:4513:1 › pastes into tab-focused code through Chromium clipboard without changing the previous paragraph
2026-10-07T20:17:05.1806499Z [578/695] [webkit] › tests/browser/editor.spec.ts:4537:1 › announces table resize values through real keyboard, pointer and history workflows
2026-10-07T20:17:06.0172944Z [579/695] [webkit] › tests/browser/editor.spec.ts:4590:1 › edits merged tables, resizes columns, toggles headers, and exchanges spreadsheet grids
2026-10-07T20:17:07.5389160Z [580/695] [webkit] › tests/browser/editor.spec.ts:4663:1 › keeps normal paste while offering bounded editor-local clipboard slots
2026-10-07T20:17:08.2726718Z [581/695] [webkit] › tests/browser/editor.spec.ts:4702:1 › renders and types into a structural gap as a new block
2026-10-07T20:17:09.0175835Z [582/695] [webkit] › tests/browser/editor.spec.ts:4714:1 › edits Lean without a mandatory server and renders transient provider diagnostics
2026-10-07T20:17:09.7053536Z [583/695] [webkit] › tests/browser/editor.spec.ts:4741:1 › keeps custom NodeViews live across updates and mapped moves while containing their DOM
2026-10-07T20:17:10.5659371Z [584/695] [webkit] › tests/browser/editor.spec.ts:4778:1 › loads the public React playground without console or page errors
2026-10-07T20:17:11.5362247Z [585/695] [webkit] › tests/browser/editor.spec.ts:4803:1 › publishes actionable extension authoring, conformance, and doctor guidance
2026-10-07T20:17:13.7746233Z [586/695] [webkit] › tests/browser/editor.spec.ts:4821:1 › pairs the optional AI demo with developer recipes for every public workflow
2026-10-07T20:17:14.0615608Z [587/695] [webkit] › tests/browser/editor.spec.ts:4842:1 › runs the public two-editor collaboration demo with presence and author-local undo
2026-10-07T20:17:16.5170649Z [588/695] [webkit] › tests/browser/editor.spec.ts:4909:1 › replaces both live collaboration documents without remounting the public editors
2026-10-07T20:17:18.4115454Z [589/695] [webkit] › tests/browser/editor.spec.ts:4968:1 › merges nested collaborative settings through the public two-editor demo
2026-10-07T20:17:22.4705720Z [590/695] [webkit] › tests/browser/editor.spec.ts:4987:1 › keeps headline phrases together and makes full-page navigation explicit
2026-10-07T20:17:23.7832573Z [591/695] [webkit] › tests/browser/editor.spec.ts:5012:1 › runs shared threaded comments through the public provider-neutral review panel
2026-10-07T20:17:26.8665489Z [592/695] [webkit] › tests/browser/editor.spec.ts:5069:1 › uses package-backed mentions, emoji, typography, and live counting in the public React playground
2026-10-07T20:17:31.6949176Z [593/695] [webkit] › tests/browser/editor.spec.ts:5130:1 › runs grouped default and product slash commands in the public React playground
2026-10-07T20:17:32.5084988Z [594/695] [webkit] › tests/browser/editor.spec.ts:5161:1 › runs accessible bubble and floating menus in the public React playground
2026-10-07T20:17:39.1255487Z [595/695] [webkit] › tests/browser/editor.spec.ts:5203:1 › composes and keyboard-navigates the public toolbar by stable group and action IDs
2026-10-07T20:17:39.8272487Z [596/695] [webkit] › tests/browser/editor.spec.ts:5240:1 › applies the complete text-style suite through the public React toolbar
2026-10-07T20:17:43.9632788Z [597/695] [webkit] › tests/browser/editor.spec.ts:5301:1 › uses the public React image workflow for metadata, alignment, and replacement
2026-10-07T20:17:51.5253854Z [598/695] [webkit] › tests/browser/editor.spec.ts:5345:1 › opens and cancels public configuration panels with keyboard focus and exact document retention
2026-10-07T20:17:52.9843010Z [599/695] [webkit] › tests/browser/editor.spec.ts:5463:1 › keeps the public native colour field focused while formatting selected text and allows undo in the editor
2026-10-07T20:17:58.1799663Z [600/695] [webkit] › tests/browser/editor.spec.ts:5490:1 › keeps table configuration labels legible on pointer hover
2026-10-07T20:18:06.3633162Z [601/695] [webkit] › tests/browser/editor.spec.ts:5529:1 › creates and edits a link through the public React toolbar
2026-10-07T20:18:14.3292918Z [602/695] [webkit] › tests/browser/editor.spec.ts:5560:1 › toggles a selected block through the public React list controls
2026-10-07T20:18:16.1228255Z [603/695] [webkit] › tests/browser/editor.spec.ts:5575:1 › edits code language and line numbers through the public React toolbar
2026-10-07T20:18:19.5862544Z [604/695] [webkit] › tests/browser/editor.spec.ts:5594:1 › opens the searchable clipboard-history picker in the public React toolbar
2026-10-07T20:18:22.0133117Z [605/695] [webkit] › tests/browser/editor.spec.ts:5627:1 › keeps the public outline stable, hierarchical, active, and navigable
2026-10-07T20:18:24.6112563Z [606/695] [webkit] › tests/browser/editor.spec.ts:5652:1 › exposes and explicitly cleans invisible text in the public playground
2026-10-07T20:18:26.8582398Z [607/695] [webkit] › tests/browser/editor.spec.ts:5693:1 › runs the public plain-DOM first-class widget demo
2026-10-07T20:18:31.2536583Z [608/695] [webkit] › tests/browser/editor.spec.ts:5740:1 › runs the public React first-class widget demo without losing control focus
2026-10-07T20:18:32.8207377Z [609/695] [webkit] › tests/browser/editor.spec.ts:5778:1 › makes the quote control discoverable and toggles an existing quote in the Java workflow demo
2026-10-07T20:18:35.6451971Z [610/695] [webkit] › tests/browser/editor.spec.ts:5792:1 › retains table captions and reports their projected association in the conversion demo
2026-10-07T20:18:37.4122801Z [611/695] [webkit] › tests/browser/editor.spec.ts:5809:1 › preserves complex figure content in the public Markdown conversion demo
2026-10-07T20:18:41.5986955Z [612/695] [webkit] › tests/browser/editor.spec.ts:5827:1 › runs the public headless Markdown, LaTeX, and server HTML pipeline
2026-10-07T20:18:43.1293475Z [613/695] [webkit] › tests/browser/editor.spec.ts:5898:1 › records native DOCX viewer disagreements without certifying math fidelity
2026-10-07T20:18:51.9707399Z [614/695] [webkit] › tests/browser/editor.spec.ts:5903:1 › checks actual DOCX retention beside an independent viewer without hiding its header omission
2026-10-07T20:18:55.4503614Z [615/695] [webkit] › tests/browser/editor.spec.ts:6019:1 › renders real KaTeX while reporting published-equation and trust failures without source loss
2026-10-07T20:18:58.0753885Z [616/695] [webkit] › tests/browser/editor.spec.ts:6050:1 › edits multiline math without losing line breaks, descriptions, or undo history
2026-10-07T20:18:58.1381308Z [617/695] [webkit] › tests/browser/editor.spec.ts:6087:1 › renders and inserts native math in the public DOM integration
2026-10-07T20:19:03.0011693Z [618/695] [webkit] › tests/browser/editor.spec.ts:6144:1 › makes table sizing, complete deletion, insertion gaps, and highlight colours explicit in the public demo
2026-10-07T20:19:03.0837188Z [619/695] [webkit] › tests/browser/editor.spec.ts:6192:1 › keeps rich and multiline paste structurally predictable in the public editor
2026-10-07T20:19:06.6548630Z [620/695] [webkit] › tests/browser/editor.spec.ts:6265:1 › round-trips a Fountain multi-block selection through Chromium clipboard HTML
2026-10-07T20:19:07.2640002Z [621/695] [webkit] › tests/browser/editor.spec.ts:6332:1 › round-trips an extension-owned Fountain atom through the Chromium clipboard
2026-10-07T20:19:08.6453735Z [622/695] [webkit] › tests/browser/editor.spec.ts:6381:1 › round-trips a complex whole Fountain document through the Chromium clipboard exactly
2026-10-07T20:19:09.8992546Z [623/695] [webkit] › tests/browser/editor.spec.ts:6468:1 › copies clean semantic Fountain HTML into an external browser editor
2026-10-07T20:19:10.4819388Z [624/695] [webkit] › tests/browser/editor.spec.ts:6523:1 › copies readable Fountain text into a plain-text external editor
2026-10-07T20:19:10.6309964Z [625/695] [webkit] › tests/browser/editor.spec.ts:6582:1 › copies math to external rich and plain-text editors without renderer controls
2026-10-07T20:19:11.1582670Z [626/695] [webkit] › tests/browser/editor.spec.ts:6657:1 › undoes and redoes real typing with both common browser keyboard chords
2026-10-07T20:19:11.1585307Z [627/695] [webkit] › tests/browser/editor.spec.ts:6627:1 › renders repeated empty paragraphs and removes each visible line
2026-10-07T20:19:12.7699321Z [628/695] [webkit] › tests/browser/editor.spec.ts:6674:1 › keeps a backward DOM selection backward after model synchronization
2026-10-07T20:19:14.1016568Z [629/695] [webkit] › tests/browser/editor.spec.ts:6698:1 › preserves a backward selection made with real keyboard input
2026-10-07T20:19:14.2642728Z [630/695] [webkit] › tests/browser/editor.spec.ts:6713:1 › replaces a backward selection made by a real reverse pointer drag
2026-10-07T20:19:15.6463610Z [631/695] [webkit] › tests/browser/editor.spec.ts:6749:1 › turns multi-format and multi-block selections into visible paragraph boundaries
2026-10-07T20:19:15.8644831Z [632/695] [webkit] › tests/browser/editor.spec.ts:6807:1 › visibly splits and joins ordinary paragraphs with both deletion directions
2026-10-07T20:19:17.7608205Z [633/695] [webkit] › tests/browser/editor.spec.ts:6832:1 › deletes an adjacent inline atom without eating surrounding text
2026-10-07T20:19:17.8439514Z [634/695] [webkit] › tests/browser/editor.spec.ts:6862:1 › unwraps and exits an inserted quote with ordinary browser keys
2026-10-07T20:19:19.3148593Z [635/695] [webkit] › tests/browser/editor.spec.ts:6891:1 › publishes semantic selection controls and table interaction in the demo gallery
2026-10-07T20:19:22.7815802Z [636/695] [webkit] › tests/browser/editor.spec.ts:6908:1 › runs campaign images, native media and safe embeds through Angular with honest upload boundaries
2026-10-07T20:19:23.6783536Z [637/695] [webkit] › tests/browser/editor.spec.ts:6985:1 › uses the public React media workflow for native playback, provider-gated embeds, and asset uploads
2026-10-07T20:19:29.9321969Z [638/695] [webkit] › tests/browser/editor.spec.ts:7030:1 › streams an optional AI proposal outside the document until review is ready
2026-10-07T20:19:35.4109000Z [639/695] [webkit] › tests/browser/editor.spec.ts:7055:1 › preserves whitespace when an AI proposal ends at a formatting boundary
2026-10-07T20:19:36.7353129Z [640/695] [webkit] › tests/browser/editor.spec.ts:7070:1 › runs a host-owned multi-turn AI conversation with reusable prompts and clear confirmation
2026-10-07T20:19:42.2006995Z [641/695] [webkit] › tests/browser/editor.spec.ts:7098:1 › reviews generated media before the normal host upload inserts one undoable node
2026-10-07T20:19:45.8515751Z [642/695] [webkit] › tests/browser/editor.spec.ts:7124:1 › reviews a schema-aware agent tool proposal before one-step apply and undo
2026-10-07T20:19:50.0015774Z [643/695] [webkit] › tests/browser/editor.spec.ts:7149:1 › keeps a 1,000-block input update local and paints within budget
2026-10-07T20:19:51.9912433Z [644/695] [webkit] › tests/browser/editor.spec.ts:7170:1 › virtualizes 100,000 blocks while preserving scrolling, distant selection, IME, and copy
2026-10-07T20:19:52.7349448Z [645/695] [webkit] › tests/browser/editor.spec.ts:7228:1 › exports rich tables as HTML Markdown and exposes the compatibility note
2026-10-07T20:19:55.6083814Z [646/695] [webkit] › tests/browser/editor.spec.ts:7250:1 › HTML comments do not insert phantom paragraphs in converted Markdown
2026-10-07T20:19:58.0792712Z [647/695] [webkit] › tests/browser/editor.spec.ts:7262:1 › imported table section order matches the physically rendered source table
2026-10-07T20:19:59.5122874Z [648/695] [webkit] › tests/browser/editor.spec.ts:7293:1 › imports zero-rowspan cells with the same row-group geometry in server and browser
2026-10-07T20:20:02.9240715Z [649/695] [webkit] › tests/browser/editor.spec.ts:7324:1 › reconstructs HTML tables across Markdown block boundaries
2026-10-07T20:20:04.8592837Z [650/695] [webkit] › tests/browser/editor.spec.ts:7345:1 › applies surrounding HTML formatting without replacing Markdown block content
2026-10-07T20:20:07.8606707Z [651/695] [webkit] › tests/browser/editor.spec.ts:7358:1 › converts raw HTML blocks only when the headless demo option is enabled
2026-10-07T20:20:09.0173296Z [652/695] [webkit] › tests/browser/editor.spec.ts:7374:1 › projects inline HTML around Markdown nodes only with explicit opt-in and visible fallback
2026-10-07T20:20:12.4413397Z [653/695] [webkit] › tests/browser/editor.spec.ts:7399:1 › shows specific discarded HTML and rejected URL losses in both conversion surfaces
2026-10-07T20:20:15.0635439Z [654/695] [mobile-chrome] › tests/browser/mobile.spec.ts:4:1 › submits resets and disables a native form-associated Web Component on mobile
2026-10-07T20:20:18.0600034Z [655/695] [mobile-chrome] › tests/browser/mobile.spec.ts:36:1 › uses the real Svelte report on a touch viewport with retained edits and history
2026-10-07T20:20:18.1792681Z [656/695] [mobile-chrome] › tests/browser/mobile.spec.ts:9:1 › uses Angular campaign controls on a touch viewport and preserves history across view remount
2026-10-07T20:20:20.8202528Z [657/695] [mobile-chrome] › tests/browser/mobile.spec.ts:66:1 › uses the real Vue runbook on a touch viewport without losing task state
2026-10-07T20:20:22.9295341Z [658/695] [mobile-chrome] › tests/browser/mobile.spec.ts:89:1 › handles virtual-keyboard replacement, composition, deletion, and history input
2026-10-07T20:20:24.0620563Z [659/695] [mobile-chrome] › tests/browser/mobile.spec.ts:128:1 › shows every empty line created and removed by repeated mobile Enter and Backspace
2026-10-07T20:20:24.3407243Z [660/695] [mobile-chrome] › tests/browser/mobile.spec.ts:155:1 › inserts and updates native math from the phone controls
2026-10-07T20:20:25.7843224Z [661/695] [mobile-chrome] › tests/browser/mobile.spec.ts:169:1 › keeps Word export and re-import understandable on a phone viewport
2026-10-07T20:20:26.0594616Z [662/695] [mobile-chrome] › tests/browser/mobile.spec.ts:190:1 › keeps editable page content continuous on a narrow screen
2026-10-07T20:20:27.1612321Z [663/695] [mobile-chrome] › tests/browser/mobile.spec.ts:213:1 › preserves split-paragraph selection and composition through mobile page fallback
2026-10-07T20:20:27.9892937Z [664/695] [mobile-chrome] › tests/browser/mobile.spec.ts:321:1 › keeps the public editor usable without horizontal overflow at a phone viewport
2026-10-07T20:20:28.4621372Z [665/695] [mobile-chrome] › tests/browser/mobile.spec.ts:343:1 › keeps the closing promise in four intentional mobile phrases
2026-10-07T20:20:30.0099400Z [666/695] [mobile-chrome] › tests/browser/mobile.spec.ts:376:1 › keeps tracked review complete and touch-operable on a phone viewport
2026-10-07T20:20:30.1200627Z [667/695] [mobile-chrome] › tests/browser/mobile.spec.ts:394:1 › keeps complete version names and guarded restore touch-operable on a phone
2026-10-07T20:20:31.9200514Z [668/695] [mobile-chrome] › tests/browser/mobile.spec.ts:413:1 › keeps native collapsible details readable and touch-operable on a phone
2026-10-07T20:20:32.0404327Z [669/695] [mobile-chrome] › tests/browser/mobile.spec.ts:428:1 › keeps ruby annotation editing touch-operable and inside the phone viewport
2026-10-07T20:20:33.9555296Z [670/695] [mobile-chrome] › tests/browser/mobile.spec.ts:449:1 › keeps the suggestion picker visible and touch-selectable on a phone viewport
2026-10-07T20:20:34.0366976Z [671/695] [mobile-chrome] › tests/browser/mobile.spec.ts:496:1 › keeps contextual menus reachable and touch-selectable on a phone viewport
2026-10-07T20:20:36.5592610Z [672/695] [mobile-chrome] › tests/browser/mobile.spec.ts:546:1 › keeps a composed icon toolbar reachable and touch-operable on a phone viewport
2026-10-07T20:20:37.3030964Z [673/695] [mobile-chrome] › tests/browser/mobile.spec.ts:568:1 › keeps the complete text-style panel usable without mobile page overflow
2026-10-07T20:20:38.7489814Z [674/695] [mobile-chrome] › tests/browser/mobile.spec.ts:590:1 › exposes touch-sized block movement controls without page overflow
2026-10-07T20:20:39.5782474Z [675/695] [mobile-chrome] › tests/browser/mobile.spec.ts:607:1 › keeps a 100,000-block virtual document bounded on mobile engines
2026-10-07T20:20:41.4737547Z [676/695] [mobile-safari] › tests/browser/mobile.spec.ts:4:1 › submits resets and disables a native form-associated Web Component on mobile
2026-10-07T20:20:41.8748567Z [677/695] [mobile-safari] › tests/browser/mobile.spec.ts:9:1 › uses Angular campaign controls on a touch viewport and preserves history across view remount
2026-10-07T20:20:46.9993161Z [678/695] [mobile-safari] › tests/browser/mobile.spec.ts:36:1 › uses the real Svelte report on a touch viewport with retained edits and history
2026-10-07T20:20:50.1625532Z [679/695] [mobile-safari] › tests/browser/mobile.spec.ts:66:1 › uses the real Vue runbook on a touch viewport without losing task state
2026-10-07T20:20:52.1435379Z [680/695] [mobile-safari] › tests/browser/mobile.spec.ts:89:1 › handles virtual-keyboard replacement, composition, deletion, and history input
2026-10-07T20:20:53.4902536Z [681/695] [mobile-safari] › tests/browser/mobile.spec.ts:128:1 › shows every empty line created and removed by repeated mobile Enter and Backspace
2026-10-07T20:20:54.4092046Z [682/695] [mobile-safari] › tests/browser/mobile.spec.ts:155:1 › inserts and updates native math from the phone controls
2026-10-07T20:20:55.7492378Z [683/695] [mobile-safari] › tests/browser/mobile.spec.ts:169:1 › keeps Word export and re-import understandable on a phone viewport
2026-10-07T20:20:57.0725488Z [684/695] [mobile-safari] › tests/browser/mobile.spec.ts:190:1 › keeps editable page content continuous on a narrow screen
2026-10-07T20:20:58.6163712Z [685/695] [mobile-safari] › tests/browser/mobile.spec.ts:213:1 › preserves split-paragraph selection and composition through mobile page fallback
2026-10-07T20:20:59.0989015Z [686/695] [mobile-safari] › tests/browser/mobile.spec.ts:321:1 › keeps the public editor usable without horizontal overflow at a phone viewport
2026-10-07T20:21:00.6365446Z [687/695] [mobile-safari] › tests/browser/mobile.spec.ts:343:1 › keeps the closing promise in four intentional mobile phrases
2026-10-07T20:21:02.5937719Z [688/695] [mobile-safari] › tests/browser/mobile.spec.ts:376:1 › keeps tracked review complete and touch-operable on a phone viewport
2026-10-07T20:21:03.2294198Z [689/695] [mobile-safari] › tests/browser/mobile.spec.ts:394:1 › keeps complete version names and guarded restore touch-operable on a phone
2026-10-07T20:21:06.0112712Z [690/695] [mobile-safari] › tests/browser/mobile.spec.ts:413:1 › keeps native collapsible details readable and touch-operable on a phone
2026-10-07T20:21:06.3363803Z [691/695] [mobile-safari] › tests/browser/mobile.spec.ts:428:1 › keeps ruby annotation editing touch-operable and inside the phone viewport
2026-10-07T20:21:09.0120097Z [692/695] [mobile-safari] › tests/browser/mobile.spec.ts:449:1 › keeps the suggestion picker visible and touch-selectable on a phone viewport
2026-10-07T20:21:10.3554124Z [693/695] [mobile-safari] › tests/browser/mobile.spec.ts:496:1 › keeps contextual menus reachable and touch-selectable on a phone viewport
2026-10-07T20:21:14.9104757Z [694/695] [mobile-safari] › tests/browser/mobile.spec.ts:546:1 › keeps a composed icon toolbar reachable and touch-operable on a phone viewport
2026-10-07T20:21:17.0183485Z [695/695] [mobile-safari] › tests/browser/mobile.spec.ts:568:1 › keeps the complete text-style panel usable without mobile page overflow
2026-10-07T20:21:19.3912450Z [696/695] [mobile-safari] › tests/browser/mobile.spec.ts:590:1 › exposes touch-sized block movement controls without page overflow
2026-10-07T20:21:22.5438819Z [697/695] [mobile-safari] › tests/browser/mobile.spec.ts:607:1 › keeps a 100,000-block virtual document bounded on mobile engines
2026-10-07T20:21:25.0014314Z   1 failed
2026-10-07T20:21:25.0015412Z     [firefox] › tests/browser/editor.spec.ts:3765:57 › pastes and edits list-first code without inventing a blank paragraph 
2026-10-07T20:21:25.0016053Z   16 skipped
2026-10-07T20:21:25.0016355Z   678 passed (24.7m)
2026-10-07T20:21:25.8884801Z [ELIFECYCLE] Command failed with exit code 1.
2026-10-07T20:21:25.9517545Z ##[error]Process completed with exit code 1.
2026-10-07T20:21:25.9586266Z ##[group]Run actions/upload-artifact@v4
2026-10-07T20:21:25.9586586Z with:
2026-10-07T20:21:25.9586827Z   name: direction-and-document-focus-evidence
2026-10-07T20:21:25.9587745Z   path: test-results/**/rtl-*.png
test-results/**/comment-editor-*.png
test-results/**/comment-reader-*.png
test-results/**/native-colour-mapped-selection.png
test-results/**/native-rtl-selection-baseline.json

2026-10-07T20:21:25.9588628Z   if-no-files-found: ignore
2026-10-07T20:21:25.9588872Z   retention-days: 7
2026-10-07T20:21:25.9589093Z   compression-level: 6
2026-10-07T20:21:25.9589316Z   overwrite: false
2026-10-07T20:21:25.9589536Z   include-hidden-files: false
2026-10-07T20:21:25.9589770Z env:
2026-10-07T20:21:25.9590019Z   PNPM_HOME: /home/runner/setup-pnpm/node_modules/.bin
2026-10-07T20:21:25.9590642Z ##[endgroup]
2026-10-07T20:21:26.1256146Z (node:32777) [DEP0040] DeprecationWarning: The `punycode` module is deprecated. Please use a userland alternative instead.
2026-10-07T20:21:26.1257655Z (Use `node --trace-deprecation ...` to show where the warning was created)
2026-10-07T20:21:26.2785689Z With the provided path, there will be 33 files uploaded
2026-10-07T20:21:26.2786667Z Artifact name is valid!
2026-10-07T20:21:26.2787201Z Root directory input is valid!
2026-10-07T20:21:26.6920709Z Beginning upload of artifact content to blob storage
2026-10-07T20:21:26.7630791Z (node:32777) [DEP0169] DeprecationWarning: `url.parse()` behavior is not standardized and prone to errors that have security implications. Use the WHATWG URL API instead. CVEs are not issued for `url.parse()` vulnerabilities.
2026-10-07T20:21:27.3836846Z Uploaded bytes 630115
2026-10-07T20:21:27.4593451Z Finished uploading artifact content to blob storage!
2026-10-07T20:21:27.4594575Z SHA256 digest of uploaded artifact zip is 5389721714576d039b18719102895ebec8f646869b07ea41f1746e7b230ee318
2026-10-07T20:21:27.4595835Z Finalizing artifact upload
2026-10-07T20:21:27.7632617Z Artifact direction-and-document-focus-evidence.zip successfully finalized. Artifact ID 11509550198
2026-10-07T20:21:27.7635067Z Artifact direction-and-document-focus-evidence has been successfully uploaded! Final size is 630115 bytes. Artifact ID is 11509550198
2026-10-07T20:21:27.7639585Z Artifact download URL: https://github.com/eddolo/fountainjs/actions/runs/37677391117/artifacts/11509550198
2026-10-07T20:21:27.7796528Z ##[group]Run actions/upload-artifact@v4
2026-10-07T20:21:27.7796849Z with:
2026-10-07T20:21:27.7797074Z   name: docx-math-viewer-diagnostics
2026-10-07T20:21:27.7799368Z   path: test-results/**/viewer-observations.json
test-results/**/equations-side-by-side.png
test-results/**/edited-equations.png
test-results/**/edited-compound-equations.png
test-results/**/fallback-equations.png
test-results/**/restored-equations.png
test-results/**/experimental-equations.docx
test-results/**/edited-equations.docx
test-results/**/edited-compound-equations.docx
test-results/**/fallback-equations.docx
test-results/**/restored-equations.docx
test-results/**/reopened-equations.png
test-results/**/changed-equation-refused.png
test-results/**/externally-changed-equations.docx

2026-10-07T20:21:27.7801972Z   if-no-files-found: ignore
2026-10-07T20:21:27.7802234Z   retention-days: 7
2026-10-07T20:21:27.7802459Z   compression-level: 6
2026-10-07T20:21:27.7802690Z   overwrite: false
2026-10-07T20:21:27.7802940Z   include-hidden-files: false
2026-10-07T20:21:27.7803183Z env:
2026-10-07T20:21:27.7803432Z   PNPM_HOME: /home/runner/setup-pnpm/node_modules/.bin
2026-10-07T20:21:27.7803758Z ##[endgroup]
2026-10-07T20:21:27.9504075Z (node:32789) [DEP0040] DeprecationWarning: The `punycode` module is deprecated. Please use a userland alternative instead.
2026-10-07T20:21:27.9505770Z (Use `node --trace-deprecation ...` to show where the warning was created)
2026-10-07T20:21:28.1211601Z With the provided path, there will be 42 files uploaded
2026-10-07T20:21:28.1217599Z Artifact name is valid!
2026-10-07T20:21:28.1218280Z Root directory input is valid!
2026-10-07T20:21:28.5070096Z Beginning upload of artifact content to blob storage
2026-10-07T20:21:28.7340457Z (node:32789) [DEP0169] DeprecationWarning: `url.parse()` behavior is not standardized and prone to errors that have security implications. Use the WHATWG URL API instead. CVEs are not issued for `url.parse()` vulnerabilities.
2026-10-07T20:21:29.6850841Z Uploaded bytes 5145579
2026-10-07T20:21:29.7653227Z Finished uploading artifact content to blob storage!
2026-10-07T20:21:29.7654781Z SHA256 digest of uploaded artifact zip is fe30fc2f99f3304e31c68949e4df8be1f27c7034db4c1a0f9c0a2b841e591e08
2026-10-07T20:21:29.7655906Z Finalizing artifact upload
2026-10-07T20:21:30.1218154Z Artifact docx-math-viewer-diagnostics.zip successfully finalized. Artifact ID 11509600092
2026-10-07T20:21:30.1219699Z Artifact docx-math-viewer-diagnostics has been successfully uploaded! Final size is 5145579 bytes. Artifact ID is 11509600092
2026-10-07T20:21:30.1221777Z Artifact download URL: https://github.com/eddolo/fountainjs/actions/runs/37677391117/artifacts/11509600092
2026-10-07T20:21:30.1381550Z ##[group]Run actions/upload-artifact@v4
2026-10-07T20:21:30.1381886Z with:
2026-10-07T20:21:30.1382104Z   name: playwright-report
2026-10-07T20:21:30.1382371Z   path: playwright-report
2026-10-07T20:21:30.1382618Z   retention-days: 7
2026-10-07T20:21:30.1382852Z   if-no-files-found: warn
2026-10-07T20:21:30.1383093Z   compression-level: 6
2026-10-07T20:21:30.1383329Z   overwrite: false
2026-10-07T20:21:30.1383560Z   include-hidden-files: false
2026-10-07T20:21:30.1383901Z env:
2026-10-07T20:21:30.1384220Z   PNPM_HOME: /home/runner/setup-pnpm/node_modules/.bin
2026-10-07T20:21:30.1384549Z ##[endgroup]
2026-10-07T20:21:30.3012097Z (node:32802) [DEP0040] DeprecationWarning: The `punycode` module is deprecated. Please use a userland alternative instead.
2026-10-07T20:21:30.3012921Z (Use `node --trace-deprecation ...` to show where the warning was created)
2026-10-07T20:21:30.3166224Z With the provided path, there will be 65 files uploaded
2026-10-07T20:21:30.3171916Z Artifact name is valid!
2026-10-07T20:21:30.3172619Z Root directory input is valid!
2026-10-07T20:21:30.7395468Z Beginning upload of artifact content to blob storage
2026-10-07T20:21:31.1016510Z (node:32802) [DEP0169] DeprecationWarning: `url.parse()` behavior is not standardized and prone to errors that have security implications. Use the WHATWG URL API instead. CVEs are not issued for `url.parse()` vulnerabilities.
2026-10-07T20:21:32.0102783Z Uploaded bytes 8388608
2026-10-07T20:21:32.0836324Z Uploaded bytes 8481874
2026-10-07T20:21:32.1582148Z Finished uploading artifact content to blob storage!
2026-10-07T20:21:32.1583583Z SHA256 digest of uploaded artifact zip is 48ccb94c742b56991392ea3eff6d0966b60702470cd656a50fa30539c42bd167
2026-10-07T20:21:32.1585662Z Finalizing artifact upload
2026-10-07T20:21:32.4372488Z Artifact playwright-report.zip successfully finalized. Artifact ID 11509680024
2026-10-07T20:21:32.4374251Z Artifact playwright-report has been successfully uploaded! Final size is 8481874 bytes. Artifact ID is 11509680024
2026-10-07T20:21:32.4380009Z Artifact download URL: https://github.com/eddolo/fountainjs/actions/runs/37677391117/artifacts/11509680024
2026-10-07T20:21:32.4554325Z Post job cleanup.
2026-10-07T20:21:32.6033196Z Pruning is unnecessary.
2026-10-07T20:21:32.6192806Z Post job cleanup.
2026-10-07T20:21:32.7097205Z [command]/usr/bin/git version
2026-10-07T20:21:32.7134133Z git version 2.55.0
2026-10-07T20:21:32.7172889Z Temporarily overriding HOME='/home/runner/work/_temp/24d4b75a-1a4d-4792-9de8-8095d2044afb' before making global git config changes
2026-10-07T20:21:32.7173935Z Adding repository directory to the temporary git global config as a safe directory
2026-10-07T20:21:32.7177995Z [command]/usr/bin/git config --global --add safe.directory /home/runner/work/fountainjs/fountainjs
2026-10-07T20:21:32.7213167Z [command]/usr/bin/git config --local --name-only --get-regexp core\.sshCommand
2026-10-07T20:21:32.7249310Z [command]/usr/bin/git submodule foreach --recursive sh -c "git config --local --name-only --get-regexp 'core\.sshCommand' && git config --local --unset-all 'core.sshCommand' || :"
2026-10-07T20:21:32.7475659Z [command]/usr/bin/git config --local --name-only --get-regexp http\.https\:\/\/github\.com\/\.extraheader
2026-10-07T20:21:32.7505813Z http.https://github.com/.extraheader
2026-10-07T20:21:32.7516620Z [command]/usr/bin/git config --local --unset-all http.https://github.com/.extraheader
2026-10-07T20:21:32.7549226Z [command]/usr/bin/git submodule foreach --recursive sh -c "git config --local --name-only --get-regexp 'http\.https\:\/\/github\.com\/\.extraheader' && git config --local --unset-all 'http.https://github.com/.extraheader' || :"
2026-10-07T20:21:32.7800119Z [command]/usr/bin/git config --local --name-only --get-regexp ^includeIf\.gitdir:
2026-10-07T20:21:32.7830941Z [command]/usr/bin/git submodule foreach --recursive git config --local --show-origin --name-only --get-regexp remote.origin.url
2026-10-07T20:21:32.8177390Z Cleaning up orphan processes
2026-10-07T20:21:32.8456302Z ##[warning]Node.js 20 is deprecated. The following actions target Node.js 20 but are being forced to run on Node.js 24: actions/checkout@v4, actions/setup-node@v4, actions/upload-artifact@v4, pnpm/action-setup@v4. For more information see: https://github.blog/changelog/2025-09-19-deprecation-of-node-20-on-github-actions-runners/
