2026-10-08T03:17:56.6909037Z Current runner version: '2.337.0'
2026-10-08T03:17:56.6930155Z ##[group]Runner Image Provisioner
2026-10-08T03:17:56.6930882Z Hosted Compute Agent
2026-10-08T03:17:56.6931386Z Version: 20260901.588
2026-10-08T03:17:56.6931973Z Commit: f88ec8081b781fac6c440065ac7ff9e710ce3d0b
2026-10-08T03:17:56.6932562Z Build Date: 2026-09-01T19:56:44Z
2026-10-08T03:17:56.6933402Z Worker ID: {c2d7ac1e-722c-4826-a95e-6a5af7d3c918}
2026-10-08T03:17:56.6934001Z Azure Region: westus3
2026-10-08T03:17:56.6934746Z ##[endgroup]
2026-10-08T03:17:56.6936099Z ##[group]Operating System
2026-10-08T03:17:56.6936620Z Ubuntu
2026-10-08T03:17:56.6937135Z 24.04.5
2026-10-08T03:17:56.6937578Z LTS
2026-10-08T03:17:56.6938041Z ##[endgroup]
2026-10-08T03:17:56.6938538Z ##[group]Runner Image
2026-10-08T03:17:56.6939040Z Image: ubuntu-24.04
2026-10-08T03:17:56.6939498Z Version: 20260927.320.1
2026-10-08T03:17:56.6940622Z Included Software: https://github.com/actions/runner-images/blob/ubuntu24/20260927.320/images/ubuntu/Ubuntu2404-Readme.md
2026-10-08T03:17:56.6941922Z Image Release: https://github.com/actions/runner-images/releases/tag/ubuntu24%2F20260927.320
2026-10-08T03:17:56.6942717Z ##[endgroup]
2026-10-08T03:17:56.6943670Z ##[group]GITHUB_TOKEN Permissions
2026-10-08T03:17:56.6945530Z Contents: read
2026-10-08T03:17:56.6946014Z Metadata: read
2026-10-08T03:17:56.6946594Z ##[endgroup]
2026-10-08T03:17:56.6948314Z Secret source: Actions
2026-10-08T03:17:56.6949154Z Cache mode: write
2026-10-08T03:17:56.6949729Z Prepare workflow directory
2026-10-08T03:17:56.7250890Z Prepare all required actions
2026-10-08T03:17:56.7289555Z Getting action download info
2026-10-08T03:17:57.0041912Z Download action repository 'actions/checkout@v4' (SHA:11d5960a326750d5838078e36cf38b85af677262)
2026-10-08T03:17:57.1140427Z Download action repository 'pnpm/action-setup@v4' (SHA:b906affcce14559ad1aafd4ab0e942779e9f58b1)
2026-10-08T03:17:58.0001298Z Download action repository 'actions/setup-node@v4' (SHA:49933ea5288caeca8642d1e84afbd3f7d6820020)
2026-10-08T03:17:58.0911941Z Download action repository 'actions/upload-artifact@v4' (SHA:ea165f8d65b6e75b540449e92b4886f43607fa02)
2026-10-08T03:17:58.3348606Z Complete job name: browser
2026-10-08T03:17:58.4029202Z ##[group]Run actions/checkout@v4
2026-10-08T03:17:58.4029971Z with:
2026-10-08T03:17:58.4030368Z   repository: eddolo/fountainjs
2026-10-08T03:17:58.4036002Z   token: ***
2026-10-08T03:17:58.4036399Z   ssh-strict: true
2026-10-08T03:17:58.4036806Z   ssh-user: git
2026-10-08T03:17:58.4037229Z   persist-credentials: true
2026-10-08T03:17:58.4037698Z   clean: true
2026-10-08T03:17:58.4038287Z   sparse-checkout-cone-mode: true
2026-10-08T03:17:58.4038938Z   fetch-depth: 1
2026-10-08T03:17:58.4039359Z   fetch-tags: false
2026-10-08T03:17:58.4039780Z   show-progress: true
2026-10-08T03:17:58.4040199Z   lfs: false
2026-10-08T03:17:58.4040569Z   submodules: false
2026-10-08T03:17:58.4040985Z   set-safe-directory: true
2026-10-08T03:17:58.4041478Z   allow-unsafe-pr-checkout: false
2026-10-08T03:17:58.4042211Z ##[endgroup]
2026-10-08T03:17:58.4848516Z Syncing repository: eddolo/fountainjs
2026-10-08T03:17:58.4850187Z ##[group]Getting Git version info
2026-10-08T03:17:58.4851073Z Working directory is '/home/runner/work/fountainjs/fountainjs'
2026-10-08T03:17:58.4852278Z [command]/usr/bin/git version
2026-10-08T03:17:58.4909463Z git version 2.55.0
2026-10-08T03:17:58.4986689Z ##[endgroup]
2026-10-08T03:17:58.4992434Z Temporarily overriding HOME='/home/runner/work/_temp/230c9ff7-526d-4403-9a9f-2752bf7b8b63' before making global git config changes
2026-10-08T03:17:58.4995911Z Adding repository directory to the temporary git global config as a safe directory
2026-10-08T03:17:58.4997277Z [command]/usr/bin/git config --global --add safe.directory /home/runner/work/fountainjs/fountainjs
2026-10-08T03:17:58.4999109Z Deleting the contents of '/home/runner/work/fountainjs/fountainjs'
2026-10-08T03:17:58.5000321Z ##[group]Initializing the repository
2026-10-08T03:17:58.5001467Z [command]/usr/bin/git init /home/runner/work/fountainjs/fountainjs
2026-10-08T03:17:58.5071737Z hint: Using 'master' as the name for the initial branch. This default branch name
2026-10-08T03:17:58.5072923Z hint: will change to "main" in Git 3.0. To configure the initial branch name
2026-10-08T03:17:58.5074035Z hint: to use in all of your new repositories, which will suppress this warning,
2026-10-08T03:17:58.5075372Z hint: call:
2026-10-08T03:17:58.5075899Z hint:
2026-10-08T03:17:58.5076536Z hint: 	git config --global init.defaultBranch <name>
2026-10-08T03:17:58.5077413Z hint:
2026-10-08T03:17:58.5078332Z hint: Names commonly chosen instead of 'master' are 'main', 'trunk' and
2026-10-08T03:17:58.5079650Z hint: 'development'. The just-created branch can be renamed via this command:
2026-10-08T03:17:58.5080489Z hint:
2026-10-08T03:17:58.5080867Z hint: 	git branch -m <name>
2026-10-08T03:17:58.5081323Z hint:
2026-10-08T03:17:58.5082127Z hint: Disable this message with "git config set advice.defaultBranchName false"
2026-10-08T03:17:58.5084110Z Initialized empty Git repository in /home/runner/work/fountainjs/fountainjs/.git/
2026-10-08T03:17:58.5087731Z [command]/usr/bin/git remote add origin https://github.com/eddolo/fountainjs
2026-10-08T03:17:58.5130408Z ##[endgroup]
2026-10-08T03:17:58.5131562Z ##[group]Disabling automatic garbage collection
2026-10-08T03:17:58.5133921Z [command]/usr/bin/git config --local gc.auto 0
2026-10-08T03:17:58.5160675Z ##[endgroup]
2026-10-08T03:17:58.5161725Z ##[group]Setting up auth
2026-10-08T03:17:58.5169227Z [command]/usr/bin/git config --local --name-only --get-regexp core\.sshCommand
2026-10-08T03:17:58.5194660Z [command]/usr/bin/git submodule foreach --recursive sh -c "git config --local --name-only --get-regexp 'core\.sshCommand' && git config --local --unset-all 'core.sshCommand' || :"
2026-10-08T03:17:58.5486100Z [command]/usr/bin/git config --local --name-only --get-regexp http\.https\:\/\/github\.com\/\.extraheader
2026-10-08T03:17:58.5513282Z [command]/usr/bin/git submodule foreach --recursive sh -c "git config --local --name-only --get-regexp 'http\.https\:\/\/github\.com\/\.extraheader' && git config --local --unset-all 'http.https://github.com/.extraheader' || :"
2026-10-08T03:17:58.5692394Z [command]/usr/bin/git config --local --name-only --get-regexp ^includeIf\.gitdir:
2026-10-08T03:17:58.5719563Z [command]/usr/bin/git submodule foreach --recursive git config --local --show-origin --name-only --get-regexp remote.origin.url
2026-10-08T03:17:58.5901331Z [command]/usr/bin/git config --local http.https://github.com/.extraheader AUTHORIZATION: basic ***
2026-10-08T03:17:58.5931448Z ##[endgroup]
2026-10-08T03:17:58.5932188Z ##[group]Fetching the repository
2026-10-08T03:17:58.5938843Z [command]/usr/bin/git -c protocol.version=2 fetch --no-tags --prune --no-recurse-submodules --depth=1 origin +2a84949f835e2f8f878b6928a6e4887768411c45:refs/remotes/origin/master
2026-10-08T03:18:00.7571284Z From https://github.com/eddolo/fountainjs
2026-10-08T03:18:00.7572714Z  * [new ref]         2a84949f835e2f8f878b6928a6e4887768411c45 -> origin/master
2026-10-08T03:18:00.7575411Z ##[endgroup]
2026-10-08T03:18:00.7576127Z ##[group]Determining the checkout info
2026-10-08T03:18:00.7576889Z ##[endgroup]
2026-10-08T03:18:00.7582605Z [command]/usr/bin/git sparse-checkout disable
2026-10-08T03:18:00.7628076Z [command]/usr/bin/git config --local --unset-all extensions.worktreeConfig
2026-10-08T03:18:00.7653944Z ##[group]Checking out the ref
2026-10-08T03:18:00.7657892Z [command]/usr/bin/git checkout --progress --force -B master refs/remotes/origin/master
2026-10-08T03:18:01.0807543Z Reset branch 'master'
2026-10-08T03:18:01.0810501Z branch 'master' set up to track 'origin/master'.
2026-10-08T03:18:01.0823894Z ##[endgroup]
2026-10-08T03:18:01.0865331Z [command]/usr/bin/git log -1 --format=%H
2026-10-08T03:18:01.0885608Z 2a84949f835e2f8f878b6928a6e4887768411c45
2026-10-08T03:18:01.1087405Z ##[group]Run pnpm/action-setup@v4
2026-10-08T03:18:01.1087657Z with:
2026-10-08T03:18:01.1087819Z   version: 11.19.0
2026-10-08T03:18:01.1087995Z   dest: ~/setup-pnpm
2026-10-08T03:18:01.1088346Z   run_install: null
2026-10-08T03:18:01.1088522Z   cache: false
2026-10-08T03:18:01.1088716Z   cache_dependency_path: pnpm-lock.yaml
2026-10-08T03:18:01.1088951Z   package_json_file: package.json
2026-10-08T03:18:01.1089161Z   standalone: false
2026-10-08T03:18:01.1089330Z ##[endgroup]
2026-10-08T03:18:01.2215047Z ##[group]Running self-installer...
2026-10-08T03:18:01.5241099Z (node:2098) [DEP0169] DeprecationWarning: `url.parse()` behavior is not standardized and prone to errors that have security implications. Use the WHATWG URL API instead. CVEs are not issued for `url.parse()` vulnerabilities.
2026-10-08T03:18:01.5242332Z (Use `node --trace-deprecation ...` to show where the warning was created)
2026-10-08T03:18:01.7395530Z Progress: resolved 1, reused 0, downloaded 0, added 0
2026-10-08T03:18:01.7475046Z Packages: +1
2026-10-08T03:18:01.7475398Z +
2026-10-08T03:18:02.1539217Z Progress: resolved 1, reused 0, downloaded 1, added 1, done
2026-10-08T03:18:02.1930894Z 
2026-10-08T03:18:02.1931169Z dependencies:
2026-10-08T03:18:02.1931760Z + pnpm 11.19.0 (12.10.1 is available)
2026-10-08T03:18:02.1932001Z 
2026-10-08T03:18:02.1951916Z Done in 838ms
2026-10-08T03:18:02.3419353Z ##[endgroup]
2026-10-08T03:18:02.3419694Z Installation Completed!
2026-10-08T03:18:02.3615524Z ##[group]Run actions/setup-node@v4
2026-10-08T03:18:02.3615869Z with:
2026-10-08T03:18:02.3616113Z   node-version: 24
2026-10-08T03:18:02.3616369Z   cache: pnpm
2026-10-08T03:18:02.3616625Z   always-auth: false
2026-10-08T03:18:02.3616891Z   check-latest: false
2026-10-08T03:18:02.3620136Z   token: ***
2026-10-08T03:18:02.3620379Z env:
2026-10-08T03:18:02.3620690Z   PNPM_HOME: /home/runner/setup-pnpm/node_modules/.bin
2026-10-08T03:18:02.3621085Z ##[endgroup]
2026-10-08T03:18:02.4823542Z Found in cache @ /opt/hostedtoolcache/node/24.21.0/x64
2026-10-08T03:18:02.4826427Z (node:2113) [DEP0040] DeprecationWarning: The `punycode` module is deprecated. Please use a userland alternative instead.
2026-10-08T03:18:02.4827287Z (Use `node --trace-deprecation ...` to show where the warning was created)
2026-10-08T03:18:02.4828638Z ##[group]Environment details
2026-10-08T03:18:02.8292088Z node: v24.21.0
2026-10-08T03:18:02.8292429Z npm: 11.19.0
2026-10-08T03:18:02.8292750Z yarn: 1.22.22
2026-10-08T03:18:02.8293853Z ##[endgroup]
2026-10-08T03:18:02.8333353Z [command]/home/runner/setup-pnpm/node_modules/.bin/pnpm store path --silent
2026-10-08T03:18:03.3209472Z /home/runner/setup-pnpm/node_modules/.bin/store/v11
2026-10-08T03:18:03.5405576Z Cache hit for: node-cache-Linux-x64-pnpm-fd849381c36c47c9fa715e7759caf3b24b3c25e63e57449d26448df099a8c870
2026-10-08T03:18:03.5496204Z (node:2113) [DEP0169] DeprecationWarning: `url.parse()` behavior is not standardized and prone to errors that have security implications. Use the WHATWG URL API instead. CVEs are not issued for `url.parse()` vulnerabilities.
2026-10-08T03:18:04.7715138Z Received 25165824 of 143139869 (17.6%), 24.0 MBs/sec
2026-10-08T03:18:05.7718143Z Received 130023424 of 143139869 (90.8%), 62.0 MBs/sec
2026-10-08T03:18:06.7716227Z Received 130023424 of 143139869 (90.8%), 41.3 MBs/sec
2026-10-08T03:18:07.7726703Z Received 130023424 of 143139869 (90.8%), 31.0 MBs/sec
2026-10-08T03:18:08.7734779Z Received 138945565 of 143139869 (97.1%), 26.5 MBs/sec
2026-10-08T03:18:09.7738944Z Received 138945565 of 143139869 (97.1%), 22.1 MBs/sec
2026-10-08T03:18:10.1305583Z Received 143139869 of 143139869 (100.0%), 21.5 MBs/sec
2026-10-08T03:18:10.1306236Z Cache Size: ~137 MB (143139869 B)
2026-10-08T03:18:10.1333374Z [command]/usr/bin/tar -xf /home/runner/work/_temp/fc1ed488-0cb7-4afb-b11c-fb617b44871b/cache.tzst -P -C /home/runner/work/fountainjs/fountainjs --use-compress-program unzstd
2026-10-08T03:18:11.1352450Z Cache restored successfully
2026-10-08T03:18:11.1415265Z Cache restored from key: node-cache-Linux-x64-pnpm-fd849381c36c47c9fa715e7759caf3b24b3c25e63e57449d26448df099a8c870
2026-10-08T03:18:11.1583847Z ##[group]Run pnpm install --frozen-lockfile
2026-10-08T03:18:11.1584190Z [36;1mpnpm install --frozen-lockfile[0m
2026-10-08T03:18:11.1818707Z shell: /usr/bin/bash -e {0}
2026-10-08T03:18:11.1818938Z env:
2026-10-08T03:18:11.1819163Z   PNPM_HOME: /home/runner/setup-pnpm/node_modules/.bin
2026-10-08T03:18:11.1819434Z ##[endgroup]
2026-10-08T03:18:11.5344048Z Scope: all 3 workspace projects
2026-10-08T03:18:11.6500629Z ? Verifying lockfile against supply-chain policies (340 entries)...
2026-10-08T03:18:11.6562080Z Lockfile is up to date, resolution step is skipped
2026-10-08T03:18:11.7347548Z Progress: resolved 1, reused 0, downloaded 0, added 0
2026-10-08T03:18:11.7791981Z Packages: +281
2026-10-08T03:18:11.7797090Z ++++++++++++++++++++++++++++++++++++++++++++++++++++++++++++++++++++++++++++++++
2026-10-08T03:18:12.4136647Z Packages are hard linked from the content-addressable store to the virtual store.
2026-10-08T03:18:12.4155531Z   Content-addressable store is at: /home/runner/setup-pnpm/node_modules/.bin/store/v11
2026-10-08T03:18:12.4156269Z   Virtual store is at:             node_modules/.pnpm
2026-10-08T03:18:12.7440042Z Progress: resolved 281, reused 281, downloaded 0, added 33
2026-10-08T03:18:13.1413431Z Progress: resolved 281, reused 281, downloaded 0, added 281, done
2026-10-08T03:18:15.0112090Z ✓ Lockfile passes supply-chain policies (340 entries in 3.3s)
2026-10-08T03:18:15.1526227Z 
2026-10-08T03:18:15.1527001Z devDependencies:
2026-10-08T03:18:15.1527358Z + @angular/common 22.1.5
2026-10-08T03:18:15.1527634Z + @angular/compiler 22.1.5
2026-10-08T03:18:15.1528002Z + @angular/core 22.1.5
2026-10-08T03:18:15.1528282Z + @angular/platform-browser 22.1.5
2026-10-08T03:18:15.1528581Z + @angular/platform-server 22.1.5
2026-10-08T03:18:15.1528848Z + @mathjax/mathjax-tex-font 4.1.3
2026-10-08T03:18:15.1529064Z + @mathjax/src 4.1.3
2026-10-08T03:18:15.1529262Z + @playwright/test 1.62.1
2026-10-08T03:18:15.1529519Z + @sveltejs/vite-plugin-svelte 7.3.0
2026-10-08T03:18:15.1529794Z + @types/node 26.4.1
2026-10-08T03:18:15.1529986Z + @types/react 19.2.18
2026-10-08T03:18:15.1530183Z + @types/react-dom 19.2.7
2026-10-08T03:18:15.1530418Z + @vitejs/plugin-react 6.1.1
2026-10-08T03:18:15.1530689Z + commonmark 0.31.2
2026-10-08T03:18:15.1530883Z + commonmark-spec 0.31.2
2026-10-08T03:18:15.1531096Z + css-select 7.0.0
2026-10-08T03:18:15.1531297Z + docx-preview 0.4.0
2026-10-08T03:18:15.1531474Z + entities 8.0.0
2026-10-08T03:18:15.1531647Z + fflate 0.8.3
2026-10-08T03:18:15.1531819Z + jsdom 30.0.1
2026-10-08T03:18:15.1532053Z + katex 0.18.6
2026-10-08T03:18:15.1532313Z + miniflare 3.20250718.3
2026-10-08T03:18:15.1532625Z + parse5 8.0.1
2026-10-08T03:18:15.1532853Z + parse5-htmlparser2-tree-adapter 8.0.1
2026-10-08T03:18:15.1533108Z + pdfjs-dist 6.3.289
2026-10-08T03:18:15.1533297Z + react 19.2.8
2026-10-08T03:18:15.1533473Z + react-dom 19.2.8
2026-10-08T03:18:15.1533646Z + rxjs 7.8.2
2026-10-08T03:18:15.1533815Z + svelte 5.57.0
2026-10-08T03:18:15.1534082Z + typescript 7.0.2
2026-10-08T03:18:15.1534477Z + unicode-emoji-json 0.9.0
2026-10-08T03:18:15.1534694Z + vite 8.2.2
2026-10-08T03:18:15.1534862Z + vitest 5.0.0
2026-10-08T03:18:15.1535028Z + vue 3.5.42
2026-10-08T03:18:15.1535187Z + yjs 13.6.32
2026-10-08T03:18:15.1535285Z 
2026-10-08T03:18:15.1809297Z Done in 3.9s using pnpm v11.19.0
2026-10-08T03:18:15.2290335Z ##[group]Run pnpm exec playwright install --with-deps
2026-10-08T03:18:15.2290696Z [36;1mpnpm exec playwright install --with-deps[0m
2026-10-08T03:18:15.2345836Z shell: /usr/bin/bash -e {0}
2026-10-08T03:18:15.2346053Z env:
2026-10-08T03:18:15.2346270Z   PNPM_HOME: /home/runner/setup-pnpm/node_modules/.bin
2026-10-08T03:18:15.2346524Z ##[endgroup]
2026-10-08T03:18:15.9916519Z Installing dependencies...
2026-10-08T03:18:16.0005946Z Switching to root user to install dependencies...
2026-10-08T03:18:16.0887007Z Get:1 file:/etc/apt/apt-mirrors.txt Mirrorlist [144 B]
2026-10-08T03:18:16.1172754Z Hit:2 http://azure.archive.ubuntu.com/ubuntu noble InRelease
2026-10-08T03:18:16.1180578Z Get:3 http://azure.archive.ubuntu.com/ubuntu noble-updates InRelease [126 kB]
2026-10-08T03:18:16.1189230Z Get:4 http://azure.archive.ubuntu.com/ubuntu noble-backports InRelease [126 kB]
2026-10-08T03:18:16.1204310Z Get:6 https://packages.microsoft.com/ubuntu/24.04/prod noble InRelease [3600 B]
2026-10-08T03:18:16.1210072Z Get:5 http://azure.archive.ubuntu.com/ubuntu noble-security InRelease [126 kB]
2026-10-08T03:18:16.2297258Z Get:7 http://azure.archive.ubuntu.com/ubuntu noble-updates/main amd64 Packages [1375 kB]
2026-10-08T03:18:16.2425296Z Get:8 http://azure.archive.ubuntu.com/ubuntu noble-updates/main Translation-en [306 kB]
2026-10-08T03:18:16.2429133Z Get:9 http://azure.archive.ubuntu.com/ubuntu noble-updates/main amd64 Components [181 kB]
2026-10-08T03:18:16.2442807Z Get:10 http://azure.archive.ubuntu.com/ubuntu noble-updates/universe amd64 Packages [1702 kB]
2026-10-08T03:18:16.2511583Z Get:11 http://azure.archive.ubuntu.com/ubuntu noble-updates/universe Translation-en [341 kB]
2026-10-08T03:18:16.2532105Z Get:12 http://azure.archive.ubuntu.com/ubuntu noble-updates/universe amd64 Components [388 kB]
2026-10-08T03:18:16.2555613Z Get:13 http://azure.archive.ubuntu.com/ubuntu noble-updates/restricted amd64 Packages [1761 kB]
2026-10-08T03:18:16.2643949Z Get:14 http://azure.archive.ubuntu.com/ubuntu noble-updates/restricted Translation-en [401 kB]
2026-10-08T03:18:16.2650792Z Get:15 http://azure.archive.ubuntu.com/ubuntu noble-updates/multiverse amd64 Packages [55.0 kB]
2026-10-08T03:18:16.2656265Z Get:16 http://azure.archive.ubuntu.com/ubuntu noble-updates/multiverse Translation-en [14.3 kB]
2026-10-08T03:18:16.3081890Z Get:17 http://azure.archive.ubuntu.com/ubuntu noble-updates/multiverse amd64 Components [940 B]
2026-10-08T03:18:16.3090623Z Get:18 http://azure.archive.ubuntu.com/ubuntu noble-backports/main amd64 Components [5764 B]
2026-10-08T03:18:16.3095681Z Get:19 http://azure.archive.ubuntu.com/ubuntu noble-backports/universe amd64 Components [12.6 kB]
2026-10-08T03:18:16.3153800Z Get:20 https://packages.microsoft.com/ubuntu/24.04/prod noble/main arm64 Packages [473 kB]
2026-10-08T03:18:16.3261237Z Get:21 https://packages.microsoft.com/ubuntu/24.04/prod noble/main amd64 Packages [529 kB]
2026-10-08T03:18:16.3311504Z Get:22 https://packages.microsoft.com/ubuntu/24.04/prod noble/main all Packages [640 B]
2026-10-08T03:18:16.3343152Z Get:23 https://packages.microsoft.com/ubuntu/24.04/prod noble/main armhf Packages [12.3 kB]
2026-10-08T03:18:16.3553574Z Get:24 http://azure.archive.ubuntu.com/ubuntu noble-security/main amd64 Packages [1074 kB]
2026-10-08T03:18:16.3606384Z Get:25 http://azure.archive.ubuntu.com/ubuntu noble-security/main Translation-en [223 kB]
2026-10-08T03:18:16.3618277Z Get:26 http://azure.archive.ubuntu.com/ubuntu noble-security/main amd64 Components [46.3 kB]
2026-10-08T03:18:16.3625615Z Get:27 http://azure.archive.ubuntu.com/ubuntu noble-security/universe amd64 Packages [1218 kB]
2026-10-08T03:18:16.3693939Z Get:28 http://azure.archive.ubuntu.com/ubuntu noble-security/universe Translation-en [245 kB]
2026-10-08T03:18:16.3697552Z Get:29 http://azure.archive.ubuntu.com/ubuntu noble-security/universe amd64 Components [76.3 kB]
2026-10-08T03:18:16.3707390Z Get:30 http://azure.archive.ubuntu.com/ubuntu noble-security/restricted amd64 Packages [1566 kB]
2026-10-08T03:18:16.3775024Z Get:31 http://azure.archive.ubuntu.com/ubuntu noble-security/restricted Translation-en [361 kB]
2026-10-08T03:18:16.3793729Z Get:32 http://azure.archive.ubuntu.com/ubuntu noble-security/multiverse Translation-en [11.6 kB]
2026-10-08T03:18:23.9499033Z Fetched 12.8 MB in 1s (11.3 MB/s)
2026-10-08T03:18:24.6200094Z Reading package lists...
2026-10-08T03:18:24.6406196Z Reading package lists...
2026-10-08T03:18:24.8223374Z Building dependency tree...
2026-10-08T03:18:24.8229459Z Reading state information...
2026-10-08T03:18:24.8371370Z libasound2t64 is already the newest version (1.2.11-1ubuntu0.3).
2026-10-08T03:18:24.8371877Z libasound2t64 set to manually installed.
2026-10-08T03:18:24.8372395Z libatk-bridge2.0-0t64 is already the newest version (2.52.0-1build1).
2026-10-08T03:18:24.8372925Z libatk-bridge2.0-0t64 set to manually installed.
2026-10-08T03:18:24.8373890Z libatk1.0-0t64 is already the newest version (2.52.0-1build1).
2026-10-08T03:18:24.8374541Z libatk1.0-0t64 set to manually installed.
2026-10-08T03:18:24.8375049Z libatspi2.0-0t64 is already the newest version (2.52.0-1build1).
2026-10-08T03:18:24.8375563Z libatspi2.0-0t64 set to manually installed.
2026-10-08T03:18:24.8376074Z libcairo2 is already the newest version (1.18.0-3build1).
2026-10-08T03:18:24.8376536Z libcairo2 set to manually installed.
2026-10-08T03:18:24.8377054Z libcups2t64 is already the newest version (2.4.7-1.2ubuntu7.14).
2026-10-08T03:18:24.8377564Z libcups2t64 set to manually installed.
2026-10-08T03:18:24.8378073Z libdbus-1-3 is already the newest version (1.14.10-4ubuntu4.1).
2026-10-08T03:18:24.8378486Z libdbus-1-3 set to manually installed.
2026-10-08T03:18:24.8378824Z libdrm2 is already the newest version (2.4.125-1ubuntu0.1~24.04.2).
2026-10-08T03:18:24.8379142Z libdrm2 set to manually installed.
2026-10-08T03:18:24.8379457Z libglib2.0-0t64 is already the newest version (2.80.0-6ubuntu3.9).
2026-10-08T03:18:24.8379793Z libglib2.0-0t64 set to manually installed.
2026-10-08T03:18:24.8380128Z libnspr4 is already the newest version (2:4.35-1.1build1).
2026-10-08T03:18:24.8380435Z libnspr4 set to manually installed.
2026-10-08T03:18:24.8380750Z libnss3 is already the newest version (2:3.98-1ubuntu0.2).
2026-10-08T03:18:24.8381034Z libnss3 set to manually installed.
2026-10-08T03:18:24.8381354Z libpango-1.0-0 is already the newest version (1.52.1+ds-1build1).
2026-10-08T03:18:24.8381688Z libpango-1.0-0 set to manually installed.
2026-10-08T03:18:24.8382022Z libx11-6 is already the newest version (2:1.8.7-1build1).
2026-10-08T03:18:24.8382307Z libx11-6 set to manually installed.
2026-10-08T03:18:24.8382600Z libxcb1 is already the newest version (1.15-1ubuntu2).
2026-10-08T03:18:24.8382880Z libxcb1 set to manually installed.
2026-10-08T03:18:24.8383203Z libxcomposite1 is already the newest version (1:0.4.5-1build3).
2026-10-08T03:18:24.8383536Z libxcomposite1 set to manually installed.
2026-10-08T03:18:24.8383863Z libxdamage1 is already the newest version (1:1.1.6-1build1).
2026-10-08T03:18:24.8384168Z libxdamage1 set to manually installed.
2026-10-08T03:18:24.8384704Z libxext6 is already the newest version (2:1.3.4-1build2).
2026-10-08T03:18:24.8385012Z libxext6 set to manually installed.
2026-10-08T03:18:24.8385313Z libxfixes3 is already the newest version (1:6.0.0-2build1).
2026-10-08T03:18:24.8385607Z libxfixes3 set to manually installed.
2026-10-08T03:18:24.8385925Z libxkbcommon0 is already the newest version (1.6.0-1build1).
2026-10-08T03:18:24.8386235Z libxkbcommon0 set to manually installed.
2026-10-08T03:18:24.8386541Z libxrandr2 is already the newest version (2:1.5.2-2build1).
2026-10-08T03:18:24.8386837Z libxrandr2 set to manually installed.
2026-10-08T03:18:24.8387179Z libcairo-gobject2 is already the newest version (1.18.0-3build1).
2026-10-08T03:18:24.8387510Z libcairo-gobject2 set to manually installed.
2026-10-08T03:18:24.8387850Z libfontconfig1 is already the newest version (2.15.0-1.1ubuntu2).
2026-10-08T03:18:24.8388168Z libfontconfig1 set to manually installed.
2026-10-08T03:18:24.8388733Z libgdk-pixbuf-2.0-0 is already the newest version (2.42.10+dfsg-3ubuntu3.3).
2026-10-08T03:18:24.8389113Z libgdk-pixbuf-2.0-0 set to manually installed.
2026-10-08T03:18:24.8389466Z libgtk-3-0t64 is already the newest version (3.24.41-4ubuntu1.3).
2026-10-08T03:18:24.8389782Z libgtk-3-0t64 set to manually installed.
2026-10-08T03:18:24.8390140Z libpangocairo-1.0-0 is already the newest version (1.52.1+ds-1build1).
2026-10-08T03:18:24.8390493Z libpangocairo-1.0-0 set to manually installed.
2026-10-08T03:18:24.8390828Z libx11-xcb1 is already the newest version (2:1.8.7-1build1).
2026-10-08T03:18:24.8391125Z libx11-xcb1 set to manually installed.
2026-10-08T03:18:24.8391435Z libxcb-shm0 is already the newest version (1.15-1ubuntu2).
2026-10-08T03:18:24.8391727Z libxcb-shm0 set to manually installed.
2026-10-08T03:18:24.8392035Z libxcursor1 is already the newest version (1:1.2.1-1build1).
2026-10-08T03:18:24.8392554Z libxcursor1 set to manually installed.
2026-10-08T03:18:24.8392850Z libxi6 is already the newest version (2:1.8.1-1build1).
2026-10-08T03:18:24.8393142Z libxi6 set to manually installed.
2026-10-08T03:18:24.8393468Z libxrender1 is already the newest version (1:0.9.10-1.1build1).
2026-10-08T03:18:24.8393778Z libxrender1 set to manually installed.
2026-10-08T03:18:24.8394080Z libicu74 is already the newest version (74.2-1ubuntu3.1).
2026-10-08T03:18:24.8394622Z libatomic1 is already the newest version (14.2.0-4ubuntu2~24.04.1).
2026-10-08T03:18:24.8394947Z libatomic1 set to manually installed.
2026-10-08T03:18:24.8395377Z libenchant-2-2 is already the newest version (2.3.3-2build2).
2026-10-08T03:18:24.8395735Z libenchant-2-2 set to manually installed.
2026-10-08T03:18:24.8396041Z libepoxy0 is already the newest version (1.5.10-1build1).
2026-10-08T03:18:24.8396326Z libepoxy0 set to manually installed.
2026-10-08T03:18:24.8396660Z libgstreamer1.0-0 is already the newest version (1.24.2-1ubuntu0.1).
2026-10-08T03:18:24.8397007Z libgstreamer1.0-0 set to manually installed.
2026-10-08T03:18:24.8397336Z libharfbuzz0b is already the newest version (8.3.0-2build2).
2026-10-08T03:18:24.8397645Z libharfbuzz0b set to manually installed.
2026-10-08T03:18:24.8397967Z libjpeg-turbo8 is already the newest version (2.1.5-2ubuntu2).
2026-10-08T03:18:24.8398273Z libjpeg-turbo8 set to manually installed.
2026-10-08T03:18:24.8398592Z liblcms2-2 is already the newest version (2.14-2ubuntu0.1).
2026-10-08T03:18:24.8398885Z liblcms2-2 set to manually installed.
2026-10-08T03:18:24.8399213Z libwayland-client0 is already the newest version (1.22.0-2.1build1).
2026-10-08T03:18:24.8399557Z libwayland-client0 set to manually installed.
2026-10-08T03:18:24.8399895Z libwayland-egl1 is already the newest version (1.22.0-2.1build1).
2026-10-08T03:18:24.9604686Z libwayland-egl1 set to manually installed.
2026-10-08T03:18:24.9605313Z libwebp7 is already the newest version (1.3.2-0.4build3).
2026-10-08T03:18:24.9605813Z libwebp7 set to manually installed.
2026-10-08T03:18:24.9606357Z libwebpdemux2 is already the newest version (1.3.2-0.4build3).
2026-10-08T03:18:24.9606775Z libwebpdemux2 set to manually installed.
2026-10-08T03:18:24.9607129Z libxml2 is already the newest version (2.9.14+dfsg-1.3ubuntu3.9).
2026-10-08T03:18:24.9607625Z libxml2 set to manually installed.
2026-10-08T03:18:24.9608210Z libxslt1.1 is already the newest version (1.1.39-0exp1ubuntu0.24.04.3).
2026-10-08T03:18:24.9608726Z libxslt1.1 set to manually installed.
2026-10-08T03:18:24.9609063Z xvfb is already the newest version (2:21.1.12-1ubuntu1.8).
2026-10-08T03:18:24.9609731Z fonts-noto-color-emoji is already the newest version (2.047-0ubuntu0.24.04.1).
2026-10-08T03:18:24.9610268Z fonts-liberation is already the newest version (1:2.1.5-3).
2026-10-08T03:18:24.9610709Z fonts-liberation set to manually installed.
2026-10-08T03:18:24.9611196Z The following additional packages will be installed:
2026-10-08T03:18:24.9611629Z   glib-networking glib-networking-common glib-networking-services
2026-10-08T03:18:24.9612052Z   gsettings-desktop-schemas libaa1 libabsl20220623t64 libass9 libasyncns0
2026-10-08T03:18:24.9612847Z   libavc1394-0 libavfilter9 libavformat60 libavtp0 libavutil58 libblas3
2026-10-08T03:18:24.9613271Z   libbluray2 libbs2b0 libcaca0 libcairo-script-interpreter2 libcdparanoia0
2026-10-08T03:18:24.9613691Z   libchromaprint1 libcjson1 libcodec2-1.2 libdav1d7 libdc1394-25 libdca0
2026-10-08T03:18:24.9614089Z   libde265-0 libdecor-0-0 libdirectfb-1.7-7t64 libdv4t64 libdvdnav4
2026-10-08T03:18:24.9614561Z   libdvdread8t64 libegl-mesa0 libegl1 libevent-core-2.1-7t64
2026-10-08T03:18:24.9614966Z   libevent-pthreads-2.1-7t64 libfaad2 libflac12t64 libfluidsynth3 libfreeaptx0
2026-10-08T03:18:24.9615399Z   libgav1-1 libgl1-mesa-dri libglx-mesa0 libgme0 libgraphene-1.0-0 libgsm1
2026-10-08T03:18:24.9615825Z   libgssdp-1.6-0 libgstreamer-plugins-good1.0-0 libgtk-4-common libgupnp-1.6-0
2026-10-08T03:18:24.9616220Z   libgupnp-igd-1.6-0 libhwy1t64 libiec61883-0 libimath-3-1-29t64
2026-10-08T03:18:24.9616711Z   libinstpatch-1.0-2 libjack-jackd2-0 libjxl0.7 liblapack3 liblc3-1
2026-10-08T03:18:24.9617350Z   libldacbt-enc2 liblilv-0-0 liblrdf0 libltc11 libmbedcrypto7t64 libmfx1
2026-10-08T03:18:24.9617876Z   libmjpegutils-2.1-0t64 libmodplug1 libmp3lame0 libmpcdec6
2026-10-08T03:18:24.9618263Z   libmpeg2encpp-2.1-0t64 libmpg123-0t64 libmplex2-2.1-0t64 libmysofa1
2026-10-08T03:18:24.9618652Z   libneon27t64 libnice10 libopenal-data libopenal1 libopenexr-3-1-30
2026-10-08T03:18:24.9619019Z   libopenh264-7 libopenmpt0t64 libopenni2-0 liborc-0.4-0t64
2026-10-08T03:18:24.9619390Z   libpipewire-0.3-0t64 libplacebo338 libpocketsphinx3 libpostproc57
2026-10-08T03:18:24.9619779Z   libproxy1v5 libpulse0 libqrencode4 libraptor2-0 librav1e0 libraw1394-11
2026-10-08T03:18:24.9620193Z   librist4 librsvg2-2 librubberband2 libsamplerate0 libsbc1 libsdl2-2.0-0
2026-10-08T03:18:24.9620597Z   libsecret-common libserd-0-0 libshine3 libshout3 libsndfile1 libsndio7.0
2026-10-08T03:18:24.9621000Z   libsord-0-0 libsoundtouch1 libsoup-3.0-0 libsoup-3.0-common libsoxr0
2026-10-08T03:18:24.9621421Z   libspa-0.2-modules libspandsp2t64 libspeex1 libsphinxbase3t64 libsratom-0-0
2026-10-08T03:18:24.9621852Z   libsrt1.5-gnutls libsrtp2-1 libssh-gcrypt-4 libsvtav1enc1d1 libswresample4
2026-10-08T03:18:24.9622279Z   libswscale7 libtag1v5 libtag1v5-vanilla libtheora0 libtwolame0 libudfread0
2026-10-08T03:18:24.9622703Z   libunibreak5 libv4l-0t64 libv4lconvert0t64 libva-drm2 libva-x11-2 libva2
2026-10-08T03:18:24.9623113Z   libvdpau1 libvidstab1.1 libvisual-0.4-0 libvo-aacenc0 libvo-amrwbenc0
2026-10-08T03:18:24.9623528Z   libvorbisenc2 libvpl2 libwavpack1 libwebrtc-audio-processing1 libwildmidi2
2026-10-08T03:18:24.9623957Z   libx265-199 libxcb-xkb1 libxkbcommon-x11-0 libxvidcore4 libyuv0 libzbar0t64
2026-10-08T03:18:24.9624473Z   libzimg2 libzix-0-0 libzvbi-common libzvbi0t64 libzxing3 mesa-libgallium
2026-10-08T03:18:24.9624892Z   ocl-icd-libopencl1 session-migration timgm6mb-soundfont xfonts-encodings
2026-10-08T03:18:24.9625210Z   xfonts-utils
2026-10-08T03:18:24.9625396Z Suggested packages:
2026-10-08T03:18:24.9625700Z   frei0r-plugins gvfs libcuda1 libnvcuvid1 libnvidia-encode1 libbluray-bdj
2026-10-08T03:18:24.9626143Z   libdirectfb-extra libdv-bin oss-compat libdvdcss2 libvisual-0.4-plugins
2026-10-08T03:18:24.9626544Z   jackd2 liblrdf0-dev libportaudio2 opus-tools pipewire pulseaudio
2026-10-08T03:18:24.9626929Z   raptor2-utils libraw1394-doc librsvg2-bin serdi sndiod sordi speex
2026-10-08T03:18:24.9627280Z   libwildmidi-config opencl-icd fluid-soundfont-gm
2026-10-08T03:18:24.9627543Z Recommended packages:
2026-10-08T03:18:24.9627818Z   fonts-ipafont-mincho fonts-tlwg-loma gstreamer1.0-x libaacs0
2026-10-08T03:18:24.9628202Z   default-libdecor-0-plugin-1 | libdecor-0-plugin-1 gstreamer1.0-gl
2026-10-08T03:18:24.9628620Z   libgtk-4-bin librsvg2-common libgtk-4-media-gstreamer libpipewire-0.3-common
2026-10-08T03:18:24.9629056Z   pocketsphinx-en-us va-driver-all | va-driver vdpau-driver-all | vdpau-driver
2026-10-08T03:18:24.9629385Z   libmagickcore-6.q16-7-extra
2026-10-08T03:18:25.0258115Z The following NEW packages will be installed:
2026-10-08T03:18:25.0259141Z   fonts-freefont-ttf fonts-ipafont-gothic fonts-tlwg-loma-otf fonts-unifont
2026-10-08T03:18:25.0259790Z   fonts-wqy-zenhei glib-networking glib-networking-common
2026-10-08T03:18:25.0260397Z   glib-networking-services gsettings-desktop-schemas gstreamer1.0-libav
2026-10-08T03:18:25.0261112Z   gstreamer1.0-plugins-bad gstreamer1.0-plugins-base gstreamer1.0-plugins-good
2026-10-08T03:18:25.0261792Z   libaa1 libabsl20220623t64 libass9 libasyncns0 libavc1394-0 libavcodec60
2026-10-08T03:18:25.0262207Z   libavfilter9 libavformat60 libavif16 libavtp0 libavutil58 libblas3
2026-10-08T03:18:25.0262624Z   libbluray2 libbs2b0 libcaca0 libcairo-script-interpreter2 libcdparanoia0
2026-10-08T03:18:25.0263168Z   libchromaprint1 libcjson1 libcodec2-1.2 libdav1d7 libdc1394-25 libdca0
2026-10-08T03:18:25.0263792Z   libde265-0 libdecor-0-0 libdirectfb-1.7-7t64 libdv4t64 libdvdnav4
2026-10-08T03:18:25.0264716Z   libdvdread8t64 libegl-mesa0 libegl1 libevent-2.1-7t64 libfaad2 libflac12t64
2026-10-08T03:18:25.0265130Z   libflite1 libfluidsynth3 libfreeaptx0 libgav1-1 libgles2 libgme0
2026-10-08T03:18:25.0265503Z   libgraphene-1.0-0 libgsm1 libgssdp-1.6-0 libgstreamer-gl1.0-0
2026-10-08T03:18:25.0266114Z   libgstreamer-plugins-bad1.0-0 libgstreamer-plugins-base1.0-0
2026-10-08T03:18:25.0266646Z   libgstreamer-plugins-good1.0-0 libgtk-4-1 libgtk-4-common libgupnp-1.6-0
2026-10-08T03:18:25.0267086Z   libgupnp-igd-1.6-0 libharfbuzz-icu0 libhwy1t64 libhyphen0 libiec61883-0
2026-10-08T03:18:25.0267674Z   libimath-3-1-29t64 libinstpatch-1.0-2 libjack-jackd2-0 libjxl0.7 liblapack3
2026-10-08T03:18:25.0268294Z   liblc3-1 libldacbt-enc2 liblilv-0-0 liblrdf0 libltc11 libmanette-0.2-0
2026-10-08T03:18:25.0268718Z   libmbedcrypto7t64 libmfx1 libmjpegutils-2.1-0t64 libmodplug1 libmp3lame0
2026-10-08T03:18:25.0269150Z   libmpcdec6 libmpeg2encpp-2.1-0t64 libmpg123-0t64 libmplex2-2.1-0t64
2026-10-08T03:18:25.0269531Z   libmysofa1 libneon27t64 libnice10 libopenal-data libopenal1
2026-10-08T03:18:25.0269912Z   libopenexr-3-1-30 libopenh264-7 libopenmpt0t64 libopenni2-0 libopus0
2026-10-08T03:18:25.0270310Z   liborc-0.4-0t64 libpipewire-0.3-0t64 libplacebo338 libpocketsphinx3
2026-10-08T03:18:25.0270703Z   libpostproc57 libproxy1v5 libpulse0 libqrencode4 libraptor2-0 librav1e0
2026-10-08T03:18:25.0271103Z   libraw1394-11 librist4 librsvg2-2 librubberband2 libsamplerate0 libsbc1
2026-10-08T03:18:25.0271701Z   libsdl2-2.0-0 libsecret-1-0 libsecret-common libserd-0-0 libshine3 libshout3
2026-10-08T03:18:25.0272341Z   libsndfile1 libsndio7.0 libsord-0-0 libsoundtouch1 libsoup-3.0-0
2026-10-08T03:18:25.0272751Z   libsoup-3.0-common libsoxr0 libspa-0.2-modules libspandsp2t64 libspeex1
2026-10-08T03:18:25.0273181Z   libsphinxbase3t64 libsratom-0-0 libsrt1.5-gnutls libsrtp2-1 libssh-gcrypt-4
2026-10-08T03:18:25.0273603Z   libsvtav1enc1d1 libswresample4 libswscale7 libtag1v5 libtag1v5-vanilla
2026-10-08T03:18:25.0274006Z   libtheora0 libtwolame0 libudfread0 libunibreak5 libv4l-0t64
2026-10-08T03:18:25.0274501Z   libv4lconvert0t64 libva-drm2 libva-x11-2 libva2 libvdpau1 libvidstab1.1
2026-10-08T03:18:25.0274918Z   libvisual-0.4-0 libvo-aacenc0 libvo-amrwbenc0 libvorbisenc2 libvpl2 libvpx9
2026-10-08T03:18:25.0275501Z   libwavpack1 libwayland-server0 libwebrtc-audio-processing1 libwildmidi2
2026-10-08T03:18:25.0276137Z   libwoff1 libx264-164 libx265-199 libxcb-xkb1 libxkbcommon-x11-0 libxvidcore4
2026-10-08T03:18:25.0276572Z   libyuv0 libzbar0t64 libzimg2 libzix-0-0 libzvbi-common libzvbi0t64 libzxing3
2026-10-08T03:18:25.0277003Z   ocl-icd-libopencl1 session-migration timgm6mb-soundfont xfonts-cyrillic
2026-10-08T03:18:25.0277354Z   xfonts-encodings xfonts-scalable xfonts-utils
2026-10-08T03:18:25.0277645Z The following packages will be upgraded:
2026-10-08T03:18:25.0277986Z   libevent-core-2.1-7t64 libevent-pthreads-2.1-7t64 libfreetype6 libgbm1
2026-10-08T03:18:25.0278358Z   libgl1-mesa-dri libglx-mesa0 libpng16-16t64 mesa-libgallium
2026-10-08T03:18:25.0459174Z 8 upgraded, 181 newly installed, 0 to remove and 28 not upgraded.
2026-10-08T03:18:25.0459870Z Need to get 126 MB of archives.
2026-10-08T03:18:25.0460215Z After this operation, 364 MB of additional disk space will be used.
2026-10-08T03:18:25.0460598Z Get:1 file:/etc/apt/apt-mirrors.txt Mirrorlist [144 B]
2026-10-08T03:18:25.1072291Z Ign:2 http://azure.archive.ubuntu.com/ubuntu noble/universe amd64 fonts-ipafont-gothic all 00303-21ubuntu1
2026-10-08T03:18:25.2332473Z Get:3 http://azure.archive.ubuntu.com/ubuntu noble-security/main amd64 libpng16-16t64 amd64 1.6.43-5ubuntu0.7 [189 kB]
2026-10-08T03:18:25.5510891Z Get:4 http://azure.archive.ubuntu.com/ubuntu noble/main amd64 fonts-freefont-ttf all 20211204+svn4273-2 [5641 kB]
2026-10-08T03:18:25.7020149Z Get:5 http://azure.archive.ubuntu.com/ubuntu noble/universe amd64 fonts-tlwg-loma-otf all 1:0.7.3-1 [107 kB]
2026-10-08T03:18:25.7672160Z Get:6 http://azure.archive.ubuntu.com/ubuntu noble/universe amd64 fonts-unifont all 1:15.1.01-1build1 [2993 kB]
2026-10-08T03:18:25.8524207Z Get:7 http://azure.archive.ubuntu.com/ubuntu noble/universe amd64 fonts-wqy-zenhei all 0.9.45-8 [7472 kB]
2026-10-08T03:18:26.0726800Z Get:8 http://azure.archive.ubuntu.com/ubuntu noble/main amd64 libproxy1v5 amd64 0.5.4-4build1 [26.5 kB]
2026-10-08T03:18:26.1396472Z Get:9 http://azure.archive.ubuntu.com/ubuntu noble/main amd64 glib-networking-common all 2.80.0-1build1 [6702 B]
2026-10-08T03:18:26.2037778Z Get:10 http://azure.archive.ubuntu.com/ubuntu noble/main amd64 glib-networking-services amd64 2.80.0-1build1 [12.8 kB]
2026-10-08T03:18:26.2676586Z Get:11 http://azure.archive.ubuntu.com/ubuntu noble/main amd64 session-migration amd64 0.3.9build1 [9034 B]
2026-10-08T03:18:26.3318840Z Get:12 http://azure.archive.ubuntu.com/ubuntu noble-updates/main amd64 gsettings-desktop-schemas all 46.1-0ubuntu1 [35.6 kB]
2026-10-08T03:18:26.3961605Z Get:13 http://azure.archive.ubuntu.com/ubuntu noble/main amd64 glib-networking amd64 2.80.0-1build1 [64.1 kB]
2026-10-08T03:18:26.4610549Z Get:14 http://azure.archive.ubuntu.com/ubuntu noble-updates/universe amd64 libva2 amd64 2.20.0-2ubuntu0.2 [66.4 kB]
2026-10-08T03:18:26.5258498Z Get:15 http://azure.archive.ubuntu.com/ubuntu noble-updates/universe amd64 libva-drm2 amd64 2.20.0-2ubuntu0.2 [7124 B]
2026-10-08T03:18:26.5898598Z Get:16 http://azure.archive.ubuntu.com/ubuntu noble-updates/universe amd64 libva-x11-2 amd64 2.20.0-2ubuntu0.2 [12.0 kB]
2026-10-08T03:18:26.6542566Z Get:17 http://azure.archive.ubuntu.com/ubuntu noble/main amd64 libvdpau1 amd64 1.5-2build1 [27.8 kB]
2026-10-08T03:18:26.7187003Z Get:18 http://azure.archive.ubuntu.com/ubuntu noble/universe amd64 libvpl2 amd64 2023.3.0-1build1 [99.8 kB]
2026-10-08T03:18:26.7839045Z Get:19 http://azure.archive.ubuntu.com/ubuntu noble/universe amd64 ocl-icd-libopencl1 amd64 2.3.2-1build1 [38.5 kB]
2026-10-08T03:18:26.8488843Z Get:20 http://azure.archive.ubuntu.com/ubuntu noble/universe amd64 libavutil58 amd64 7:6.1.1-3ubuntu5 [401 kB]
2026-10-08T03:18:26.9206355Z Get:21 http://azure.archive.ubuntu.com/ubuntu noble/universe amd64 libcodec2-1.2 amd64 1.2.0-2build1 [8998 kB]
2026-10-08T03:18:27.1678139Z Get:22 http://azure.archive.ubuntu.com/ubuntu noble/universe amd64 libdav1d7 amd64 1.4.1-1build1 [604 kB]
2026-10-08T03:18:27.2466381Z Get:23 http://azure.archive.ubuntu.com/ubuntu noble/universe amd64 libgsm1 amd64 1.0.22-1build1 [27.8 kB]
2026-10-08T03:18:27.3109462Z Get:24 http://azure.archive.ubuntu.com/ubuntu noble/universe amd64 libhwy1t64 amd64 1.0.7-8.1build1 [584 kB]
2026-10-08T03:18:27.3878899Z Get:25 http://azure.archive.ubuntu.com/ubuntu noble-updates/universe amd64 libjxl0.7 amd64 0.7.0-10.2ubuntu6.1 [1001 kB]
2026-10-08T03:18:27.5352489Z Get:26 http://azure.archive.ubuntu.com/ubuntu noble/main amd64 libmp3lame0 amd64 3.100-6build1 [142 kB]
2026-10-08T03:18:27.8316696Z Get:27 http://azure.archive.ubuntu.com/ubuntu noble/main amd64 libopus0 amd64 1.4-1build1 [208 kB]
2026-10-08T03:18:27.9748752Z Get:28 http://azure.archive.ubuntu.com/ubuntu noble/universe amd64 librav1e0 amd64 0.7.1-2 [1022 kB]
2026-10-08T03:18:28.1818862Z Get:29 http://azure.archive.ubuntu.com/ubuntu noble-updates/main amd64 librsvg2-2 amd64 2.58.0+dfsg-1ubuntu0.1 [2141 kB]
2026-10-08T03:18:28.3430156Z Get:30 http://azure.archive.ubuntu.com/ubuntu noble/universe amd64 libshine3 amd64 3.1.1-2build1 [23.2 kB]
2026-10-08T03:18:28.4073151Z Get:31 http://azure.archive.ubuntu.com/ubuntu noble-updates/main amd64 libspeex1 amd64 1.2.1-2ubuntu2.24.04.1 [59.6 kB]
2026-10-08T03:18:28.4725709Z Get:32 http://azure.archive.ubuntu.com/ubuntu noble/universe amd64 libsvtav1enc1d1 amd64 1.7.0+dfsg-2build1 [2425 kB]
2026-10-08T03:18:28.5827142Z Get:33 http://azure.archive.ubuntu.com/ubuntu noble/universe amd64 libsoxr0 amd64 0.1.3-4build3 [80.0 kB]
2026-10-08T03:18:28.6476735Z Get:34 http://azure.archive.ubuntu.com/ubuntu noble/universe amd64 libswresample4 amd64 7:6.1.1-3ubuntu5 [63.8 kB]
2026-10-08T03:18:28.7123645Z Get:35 http://azure.archive.ubuntu.com/ubuntu noble/main amd64 libtheora0 amd64 1.1.1+dfsg.1-16.1build3 [211 kB]
2026-10-08T03:18:28.7790474Z Get:36 http://azure.archive.ubuntu.com/ubuntu noble/main amd64 libtwolame0 amd64 0.4.0-2build3 [52.3 kB]
2026-10-08T03:18:28.8426924Z Get:37 http://azure.archive.ubuntu.com/ubuntu noble/main amd64 libvorbisenc2 amd64 1.3.7-1build3 [80.8 kB]
2026-10-08T03:18:28.9082534Z Get:38 http://azure.archive.ubuntu.com/ubuntu noble-updates/main amd64 libvpx9 amd64 1.14.0-1ubuntu2.3 [1143 kB]
2026-10-08T03:18:28.9934483Z Get:39 http://azure.archive.ubuntu.com/ubuntu noble/universe amd64 libx264-164 amd64 2:0.164.3108+git31e19f9-1 [604 kB]
2026-10-08T03:18:29.0612022Z Get:40 http://azure.archive.ubuntu.com/ubuntu noble/universe amd64 libx265-199 amd64 3.5-2build1 [1226 kB]
2026-10-08T03:18:29.1374572Z Get:41 http://azure.archive.ubuntu.com/ubuntu noble/universe amd64 libxvidcore4 amd64 2:1.3.7-1build1 [219 kB]
2026-10-08T03:18:29.2036590Z Get:42 http://azure.archive.ubuntu.com/ubuntu noble/universe amd64 libzvbi-common all 0.2.42-2 [42.4 kB]
2026-10-08T03:18:29.2683827Z Get:43 http://azure.archive.ubuntu.com/ubuntu noble/universe amd64 libzvbi0t64 amd64 0.2.42-2 [261 kB]
2026-10-08T03:18:29.3369192Z Get:44 http://azure.archive.ubuntu.com/ubuntu noble/universe amd64 libavcodec60 amd64 7:6.1.1-3ubuntu5 [5851 kB]
2026-10-08T03:18:29.4936189Z Get:45 http://azure.archive.ubuntu.com/ubuntu noble-updates/main amd64 libfreetype6 amd64 2.13.2+dfsg-1ubuntu0.2 [403 kB]
2026-10-08T03:18:29.5609099Z Get:46 http://azure.archive.ubuntu.com/ubuntu noble/universe amd64 libunibreak5 amd64 5.1-2build1 [25.0 kB]
2026-10-08T03:18:29.6256431Z Get:47 http://azure.archive.ubuntu.com/ubuntu noble/universe amd64 libass9 amd64 1:0.17.1-2build1 [104 kB]
2026-10-08T03:18:29.6906521Z Get:48 http://azure.archive.ubuntu.com/ubuntu noble/universe amd64 libudfread0 amd64 1.1.2-1build1 [19.0 kB]
2026-10-08T03:18:29.7550491Z Get:49 http://azure.archive.ubuntu.com/ubuntu noble/universe amd64 libbluray2 amd64 1:1.3.4-1build1 [159 kB]
2026-10-08T03:18:29.8205760Z Get:50 http://azure.archive.ubuntu.com/ubuntu noble/universe amd64 libchromaprint1 amd64 1.5.1-5 [30.5 kB]
2026-10-08T03:18:29.8857524Z Get:51 http://azure.archive.ubuntu.com/ubuntu noble/universe amd64 libgme0 amd64 0.6.3-7build1 [134 kB]
2026-10-08T03:18:29.9521617Z Get:52 http://azure.archive.ubuntu.com/ubuntu noble-updates/main amd64 libmpg123-0t64 amd64 1.32.5-1ubuntu1.1 [169 kB]
2026-10-08T03:18:30.0175075Z Get:53 http://azure.archive.ubuntu.com/ubuntu noble/universe amd64 libopenmpt0t64 amd64 0.7.3-1.1build3 [647 kB]
2026-10-08T03:18:30.0869125Z Get:54 http://azure.archive.ubuntu.com/ubuntu noble/universe amd64 libcjson1 amd64 1.7.17-1 [24.8 kB]
2026-10-08T03:18:30.1516334Z Get:55 http://azure.archive.ubuntu.com/ubuntu noble/universe amd64 libmbedcrypto7t64 amd64 2.28.8-1 [209 kB]
2026-10-08T03:18:30.2164567Z Get:56 http://azure.archive.ubuntu.com/ubuntu noble/universe amd64 librist4 amd64 0.2.10+dfsg-2 [74.9 kB]
2026-10-08T03:18:30.2799757Z Get:57 http://azure.archive.ubuntu.com/ubuntu noble/universe amd64 libsrt1.5-gnutls amd64 1.5.3-1build2 [316 kB]
2026-10-08T03:18:30.3481835Z Get:58 http://azure.archive.ubuntu.com/ubuntu noble-updates/main amd64 libssh-gcrypt-4 amd64 0.10.6-2ubuntu0.5 [226 kB]
2026-10-08T03:18:30.4152471Z Get:59 http://azure.archive.ubuntu.com/ubuntu noble/universe amd64 libavformat60 amd64 7:6.1.1-3ubuntu5 [1153 kB]
2026-10-08T03:18:30.4907806Z Get:60 http://azure.archive.ubuntu.com/ubuntu noble/universe amd64 libbs2b0 amd64 3.1.0+dfsg-7build1 [10.6 kB]
2026-10-08T03:18:30.5541133Z Get:61 http://azure.archive.ubuntu.com/ubuntu noble/universe amd64 libflite1 amd64 2.2-6build3 [13.6 MB]
2026-10-08T03:18:30.8899204Z Get:62 http://azure.archive.ubuntu.com/ubuntu noble/universe amd64 libserd-0-0 amd64 0.32.2-1 [43.6 kB]
2026-10-08T03:18:30.9533091Z Get:63 http://azure.archive.ubuntu.com/ubuntu noble/universe amd64 libzix-0-0 amd64 0.4.2-2build1 [23.6 kB]
2026-10-08T03:18:31.0166434Z Get:64 http://azure.archive.ubuntu.com/ubuntu noble/universe amd64 libsord-0-0 amd64 0.16.16-2build1 [15.8 kB]
2026-10-08T03:18:31.0799337Z Get:65 http://azure.archive.ubuntu.com/ubuntu noble/universe amd64 libsratom-0-0 amd64 0.6.16-1build1 [17.3 kB]
2026-10-08T03:18:31.1432764Z Get:66 http://azure.archive.ubuntu.com/ubuntu noble/universe amd64 liblilv-0-0 amd64 0.24.22-1build1 [41.0 kB]
2026-10-08T03:18:31.2064314Z Get:67 http://azure.archive.ubuntu.com/ubuntu noble/universe amd64 libmysofa1 amd64 1.3.2+dfsg-2ubuntu2 [1158 kB]
2026-10-08T03:18:31.2926134Z Get:68 http://azure.archive.ubuntu.com/ubuntu noble/universe amd64 libplacebo338 amd64 6.338.2-2build1 [2654 kB]
2026-10-08T03:18:31.4087309Z Get:69 http://azure.archive.ubuntu.com/ubuntu noble-updates/main amd64 libblas3 amd64 3.12.0-3build1.1 [238 kB]
2026-10-08T03:18:31.4761085Z Get:70 http://azure.archive.ubuntu.com/ubuntu noble-updates/main amd64 liblapack3 amd64 3.12.0-3build1.1 [2646 kB]
2026-10-08T03:18:31.5917351Z Get:71 http://azure.archive.ubuntu.com/ubuntu noble/main amd64 libasyncns0 amd64 0.8-6build4 [11.3 kB]
2026-10-08T03:18:31.6549818Z Get:72 http://azure.archive.ubuntu.com/ubuntu noble/main amd64 libflac12t64 amd64 1.4.3+ds-2.1ubuntu2 [197 kB]
2026-10-08T03:18:31.7212788Z Get:73 http://azure.archive.ubuntu.com/ubuntu noble-updates/main amd64 libsndfile1 amd64 1.2.2-1ubuntu5.24.04.1 [209 kB]
2026-10-08T03:18:31.7900747Z Get:74 http://azure.archive.ubuntu.com/ubuntu noble-updates/main amd64 libpulse0 amd64 1:16.1+dfsg1-2ubuntu10.1 [292 kB]
2026-10-08T03:18:31.8611696Z Get:75 http://azure.archive.ubuntu.com/ubuntu noble/universe amd64 libsphinxbase3t64 amd64 0.8+5prealpha+1-17build2 [126 kB]
2026-10-08T03:18:31.9262124Z Get:76 http://azure.archive.ubuntu.com/ubuntu noble/universe amd64 libpocketsphinx3 amd64 0.8.0+real5prealpha+1-15ubuntu5 [133 kB]
2026-10-08T03:18:31.9908633Z Get:77 http://azure.archive.ubuntu.com/ubuntu noble/universe amd64 libpostproc57 amd64 7:6.1.1-3ubuntu5 [49.9 kB]
2026-10-08T03:18:32.0546505Z Get:78 http://azure.archive.ubuntu.com/ubuntu noble/main amd64 libsamplerate0 amd64 0.2.2-4build1 [1344 kB]
2026-10-08T03:18:32.1440519Z Get:79 http://azure.archive.ubuntu.com/ubuntu noble/universe amd64 librubberband2 amd64 3.3.0+dfsg-2build1 [130 kB]
2026-10-08T03:18:32.2106586Z Get:80 http://azure.archive.ubuntu.com/ubuntu noble/universe amd64 libswscale7 amd64 7:6.1.1-3ubuntu5 [193 kB]
2026-10-08T03:18:32.2771454Z Get:81 http://azure.archive.ubuntu.com/ubuntu noble/universe amd64 libvidstab1.1 amd64 1.1.0-2build1 [38.5 kB]
2026-10-08T03:18:32.3416959Z Get:82 http://azure.archive.ubuntu.com/ubuntu noble/universe amd64 libzimg2 amd64 3.0.5+ds1-1build1 [254 kB]
2026-10-08T03:18:32.4113341Z Get:83 http://azure.archive.ubuntu.com/ubuntu noble/universe amd64 libavfilter9 amd64 7:6.1.1-3ubuntu5 [4235 kB]
2026-10-08T03:18:32.5591339Z Get:84 http://azure.archive.ubuntu.com/ubuntu noble-updates/main amd64 liborc-0.4-0t64 amd64 1:0.4.38-1ubuntu0.1 [207 kB]
2026-10-08T03:18:32.6260701Z Get:85 http://azure.archive.ubuntu.com/ubuntu noble-updates/main amd64 libgstreamer-plugins-base1.0-0 amd64 1.24.2-1ubuntu0.5 [862 kB]
2026-10-08T03:18:32.7059844Z Get:86 http://azure.archive.ubuntu.com/ubuntu noble/universe amd64 gstreamer1.0-libav amd64 1.24.1-1build1 [103 kB]
2026-10-08T03:18:32.7715821Z Get:87 http://azure.archive.ubuntu.com/ubuntu noble/main amd64 libcdparanoia0 amd64 3.10.2+debian-14build3 [48.5 kB]
2026-10-08T03:18:32.8352789Z Get:88 http://azure.archive.ubuntu.com/ubuntu noble/main amd64 libvisual-0.4-0 amd64 0.4.2-2build1 [115 kB]
2026-10-08T03:18:32.9001788Z Get:89 http://azure.archive.ubuntu.com/ubuntu noble-updates/main amd64 gstreamer1.0-plugins-base amd64 1.24.2-1ubuntu0.5 [721 kB]
2026-10-08T03:18:32.9763971Z Get:90 http://azure.archive.ubuntu.com/ubuntu noble/main amd64 libaa1 amd64 1.4p5-51.1 [49.9 kB]
2026-10-08T03:18:33.0397572Z Get:91 http://azure.archive.ubuntu.com/ubuntu noble/main amd64 libraw1394-11 amd64 2.1.2-2build3 [26.2 kB]
2026-10-08T03:18:33.1030883Z Get:92 http://azure.archive.ubuntu.com/ubuntu noble/main amd64 libavc1394-0 amd64 0.5.4-5build3 [15.4 kB]
2026-10-08T03:18:33.1681389Z Get:93 http://azure.archive.ubuntu.com/ubuntu noble-updates/main amd64 libcaca0 amd64 0.99.beta20-4ubuntu0.2 [209 kB]
2026-10-08T03:18:33.2342629Z Get:94 http://azure.archive.ubuntu.com/ubuntu noble/main amd64 libdv4t64 amd64 1.0.0-17.1build1 [63.2 kB]
2026-10-08T03:18:33.2984263Z Get:95 http://azure.archive.ubuntu.com/ubuntu noble-updates/main amd64 libgstreamer-plugins-good1.0-0 amd64 1.24.2-1ubuntu1.8 [34.3 kB]
2026-10-08T03:18:33.3615783Z Get:96 http://azure.archive.ubuntu.com/ubuntu noble/main amd64 libiec61883-0 amd64 1.2.0-6build1 [24.5 kB]
2026-10-08T03:18:33.4257263Z Get:97 http://azure.archive.ubuntu.com/ubuntu noble/main amd64 libshout3 amd64 2.4.6-1build2 [50.3 kB]
2026-10-08T03:18:33.4890478Z Get:98 http://azure.archive.ubuntu.com/ubuntu noble/main amd64 libtag1v5-vanilla amd64 1.13.1-1build1 [326 kB]
2026-10-08T03:18:33.5582663Z Get:99 http://azure.archive.ubuntu.com/ubuntu noble/main amd64 libtag1v5 amd64 1.13.1-1build1 [11.7 kB]
2026-10-08T03:18:33.6215037Z Get:100 http://azure.archive.ubuntu.com/ubuntu noble/main amd64 libv4lconvert0t64 amd64 1.26.1-4build3 [87.6 kB]
2026-10-08T03:18:33.6859370Z Get:101 http://azure.archive.ubuntu.com/ubuntu noble/main amd64 libv4l-0t64 amd64 1.26.1-4build3 [46.9 kB]
2026-10-08T03:18:33.7492953Z Get:102 http://azure.archive.ubuntu.com/ubuntu noble/main amd64 libwavpack1 amd64 5.6.0-1build1 [84.6 kB]
2026-10-08T03:18:33.8162799Z Get:103 http://azure.archive.ubuntu.com/ubuntu noble-updates/main amd64 libsoup-3.0-common all 3.4.4-5ubuntu0.9 [12.3 kB]
2026-10-08T03:18:33.8803514Z Get:104 http://azure.archive.ubuntu.com/ubuntu noble-updates/main amd64 libsoup-3.0-0 amd64 3.4.4-5ubuntu0.9 [291 kB]
2026-10-08T03:18:33.9461018Z Get:105 http://azure.archive.ubuntu.com/ubuntu noble-updates/main amd64 gstreamer1.0-plugins-good amd64 1.24.2-1ubuntu1.8 [2236 kB]
2026-10-08T03:18:34.0258395Z Get:106 http://azure.archive.ubuntu.com/ubuntu noble-updates/main amd64 libabsl20220623t64 amd64 20220623.1-3.1ubuntu3.2 [423 kB]
2026-10-08T03:18:34.0922852Z Get:107 http://azure.archive.ubuntu.com/ubuntu noble/universe amd64 libgav1-1 amd64 0.18.0-1build3 [357 kB]
2026-10-08T03:18:34.1585416Z Get:108 http://azure.archive.ubuntu.com/ubuntu noble/universe amd64 libyuv0 amd64 0.0~git202401110.af6ac82-1 [178 kB]
2026-10-08T03:18:34.2238494Z Get:109 http://azure.archive.ubuntu.com/ubuntu noble/universe amd64 libavif16 amd64 1.0.4-1ubuntu3 [91.2 kB]
2026-10-08T03:18:34.2880874Z Get:110 http://azure.archive.ubuntu.com/ubuntu noble/universe amd64 libavtp0 amd64 0.2.0-1build1 [6414 B]
2026-10-08T03:18:34.3524282Z Get:111 http://azure.archive.ubuntu.com/ubuntu noble/main amd64 libcairo-script-interpreter2 amd64 1.18.0-3build1 [60.3 kB]
2026-10-08T03:18:34.4171998Z Get:112 http://azure.archive.ubuntu.com/ubuntu noble/universe amd64 libdc1394-25 amd64 2.2.6-4build1 [90.1 kB]
2026-10-08T03:18:34.4825426Z Get:113 http://azure.archive.ubuntu.com/ubuntu noble-updates/main amd64 libde265-0 amd64 1.0.15-1ubuntu0.1 [167 kB]
2026-10-08T03:18:34.5474773Z Get:114 http://azure.archive.ubuntu.com/ubuntu noble/main amd64 libdecor-0-0 amd64 0.2.2-1build2 [16.5 kB]
2026-10-08T03:18:34.6117321Z Get:115 http://azure.archive.ubuntu.com/ubuntu noble/main amd64 libgles2 amd64 1.7.0-1build1 [17.1 kB]
2026-10-08T03:18:34.6757901Z Get:116 http://azure.archive.ubuntu.com/ubuntu noble/universe amd64 libdirectfb-1.7-7t64 amd64 1.7.7-11.1ubuntu2 [1035 kB]
2026-10-08T03:18:34.7462994Z Get:117 http://azure.archive.ubuntu.com/ubuntu noble/universe amd64 libdvdread8t64 amd64 6.1.3-1.1build1 [54.7 kB]
2026-10-08T03:18:34.8104553Z Get:118 http://azure.archive.ubuntu.com/ubuntu noble/universe amd64 libdvdnav4 amd64 6.1.1-3build1 [39.5 kB]
2026-10-08T03:18:34.8753962Z Get:119 http://azure.archive.ubuntu.com/ubuntu noble-updates/main amd64 libgl1-mesa-dri amd64 25.2.8-0ubuntu0.24.04.4 [38.0 kB]
2026-10-08T03:18:34.9396262Z Get:120 http://azure.archive.ubuntu.com/ubuntu noble-updates/main amd64 libglx-mesa0 amd64 25.2.8-0ubuntu0.24.04.4 [110 kB]
2026-10-08T03:18:35.0042589Z Get:121 http://azure.archive.ubuntu.com/ubuntu noble-updates/main amd64 libgbm1 amd64 25.2.8-0ubuntu0.24.04.4 [34.2 kB]
2026-10-08T03:18:35.0689597Z Get:122 http://azure.archive.ubuntu.com/ubuntu noble-updates/main amd64 mesa-libgallium amd64 25.2.8-0ubuntu0.24.04.4 [10.8 MB]
2026-10-08T03:18:35.3530554Z Get:123 http://azure.archive.ubuntu.com/ubuntu noble-updates/main amd64 libegl-mesa0 amd64 25.2.8-0ubuntu0.24.04.4 [117 kB]
2026-10-08T03:18:35.4190573Z Get:124 http://azure.archive.ubuntu.com/ubuntu noble-updates/main amd64 libevent-2.1-7t64 amd64 2.1.12-stable-9ubuntu2.2 [146 kB]
2026-10-08T03:18:35.4873905Z Get:125 http://azure.archive.ubuntu.com/ubuntu noble-updates/main amd64 libevent-pthreads-2.1-7t64 amd64 2.1.12-stable-9ubuntu2.2 [7988 B]
2026-10-08T03:18:35.5515707Z Get:126 http://azure.archive.ubuntu.com/ubuntu noble-updates/main amd64 libevent-core-2.1-7t64 amd64 2.1.12-stable-9ubuntu2.2 [91.9 kB]
2026-10-08T03:18:35.6167675Z Get:127 http://azure.archive.ubuntu.com/ubuntu noble/universe amd64 libfaad2 amd64 2.11.1-1build1 [207 kB]
2026-10-08T03:18:35.6845076Z Get:128 http://azure.archive.ubuntu.com/ubuntu noble/universe amd64 libinstpatch-1.0-2 amd64 1.1.6-1build2 [251 kB]
2026-10-08T03:18:35.7527402Z Get:129 http://azure.archive.ubuntu.com/ubuntu noble/main amd64 libjack-jackd2-0 amd64 1.9.21~dfsg-3ubuntu3 [289 kB]
2026-10-08T03:18:35.8294159Z Get:130 http://azure.archive.ubuntu.com/ubuntu noble/main amd64 libwebrtc-audio-processing1 amd64 0.3.1-0ubuntu6 [290 kB]
2026-10-08T03:18:35.9196649Z Get:131 http://azure.archive.ubuntu.com/ubuntu noble-updates/main amd64 libspa-0.2-modules amd64 1.0.5-1ubuntu3.3 [628 kB]
2026-10-08T03:18:36.0008711Z Get:132 http://azure.archive.ubuntu.com/ubuntu noble-updates/main amd64 libpipewire-0.3-0t64 amd64 1.0.5-1ubuntu3.3 [252 kB]
2026-10-08T03:18:36.1015168Z Get:133 http://azure.archive.ubuntu.com/ubuntu noble-updates/main amd64 libsdl2-2.0-0 amd64 2.30.0+dfsg-1ubuntu3.1 [686 kB]
2026-10-08T03:18:36.1811735Z Get:134 http://azure.archive.ubuntu.com/ubuntu noble/universe amd64 timgm6mb-soundfont all 1.3-5 [5427 kB]
2026-10-08T03:18:36.4029428Z Get:135 http://azure.archive.ubuntu.com/ubuntu noble/universe amd64 libfluidsynth3 amd64 2.3.4-1build3 [249 kB]
2026-10-08T03:18:36.4716823Z Get:136 http://azure.archive.ubuntu.com/ubuntu noble/main amd64 libfreeaptx0 amd64 0.1.1-2build1 [13.5 kB]
2026-10-08T03:18:36.5389285Z Get:137 http://azure.archive.ubuntu.com/ubuntu noble/main amd64 libgraphene-1.0-0 amd64 1.10.8-3build2 [46.2 kB]
2026-10-08T03:18:36.6039844Z Get:138 http://azure.archive.ubuntu.com/ubuntu noble/main amd64 libgssdp-1.6-0 amd64 1.6.3-1build3 [40.4 kB]
2026-10-08T03:18:36.6689254Z Get:139 http://azure.archive.ubuntu.com/ubuntu noble/main amd64 libegl1 amd64 1.7.0-1build1 [28.7 kB]
2026-10-08T03:18:36.7333876Z Get:140 http://azure.archive.ubuntu.com/ubuntu noble-updates/main amd64 libgstreamer-gl1.0-0 amd64 1.24.2-1ubuntu0.5 [214 kB]
2026-10-08T03:18:36.8017883Z Get:141 http://azure.archive.ubuntu.com/ubuntu noble-updates/main amd64 libgtk-4-common all 4.14.5+ds-0ubuntu0.10 [1497 kB]
2026-10-08T03:18:36.8961731Z Get:142 http://azure.archive.ubuntu.com/ubuntu noble-updates/main amd64 libgtk-4-1 amd64 4.14.5+ds-0ubuntu0.10 [3295 kB]
2026-10-08T03:18:37.0280149Z Get:143 http://azure.archive.ubuntu.com/ubuntu noble/main amd64 libgupnp-1.6-0 amd64 1.6.6-1build3 [92.7 kB]
2026-10-08T03:18:37.0938924Z Get:144 http://azure.archive.ubuntu.com/ubuntu noble/universe amd64 libgupnp-igd-1.6-0 amd64 1.6.0-3build3 [16.5 kB]
2026-10-08T03:18:37.1584808Z Get:145 http://azure.archive.ubuntu.com/ubuntu noble/main amd64 libharfbuzz-icu0 amd64 8.3.0-2build2 [13.3 kB]
2026-10-08T03:18:37.2231411Z Get:146 http://azure.archive.ubuntu.com/ubuntu noble/main amd64 libhyphen0 amd64 2.8.8-7build3 [26.5 kB]
2026-10-08T03:18:37.2879060Z Get:147 http://azure.archive.ubuntu.com/ubuntu noble/universe amd64 libimath-3-1-29t64 amd64 3.1.9-3.1ubuntu2 [72.2 kB]
2026-10-08T03:18:37.3535330Z Get:148 http://azure.archive.ubuntu.com/ubuntu noble/main amd64 liblc3-1 amd64 1.0.4-3build1 [69.7 kB]
2026-10-08T03:18:37.4188249Z Get:149 http://azure.archive.ubuntu.com/ubuntu noble/main amd64 libldacbt-enc2 amd64 2.0.2.3+git20200429+ed310a0-4ubuntu2 [27.1 kB]
2026-10-08T03:18:37.4831546Z Get:150 http://azure.archive.ubuntu.com/ubuntu noble-updates/main amd64 libraptor2-0 amd64 2.0.16-3ubuntu0.1 [165 kB]
2026-10-08T03:18:37.5511055Z Get:151 http://azure.archive.ubuntu.com/ubuntu noble/universe amd64 liblrdf0 amd64 0.6.1-4build1 [18.5 kB]
2026-10-08T03:18:37.6171786Z Get:152 http://azure.archive.ubuntu.com/ubuntu noble/universe amd64 libltc11 amd64 1.3.2-1build1 [13.0 kB]
2026-10-08T03:18:37.6817613Z Get:153 http://azure.archive.ubuntu.com/ubuntu noble/main amd64 libmanette-0.2-0 amd64 0.2.7-1build2 [30.6 kB]
2026-10-08T03:18:37.7465838Z Get:154 http://azure.archive.ubuntu.com/ubuntu noble/universe amd64 libmfx1 amd64 22.5.4-1 [3124 kB]
2026-10-08T03:18:37.8754967Z Get:155 http://azure.archive.ubuntu.com/ubuntu noble/universe amd64 libmjpegutils-2.1-0t64 amd64 1:2.1.0+debian-8.1build1 [25.5 kB]
2026-10-08T03:18:37.9402410Z Get:156 http://azure.archive.ubuntu.com/ubuntu noble/universe amd64 libmodplug1 amd64 1:0.8.9.0-3build1 [166 kB]
2026-10-08T03:18:38.0076298Z Get:157 http://azure.archive.ubuntu.com/ubuntu noble/universe amd64 libmpcdec6 amd64 2:0.1~r495-2build1 [32.7 kB]
2026-10-08T03:18:38.0727425Z Get:158 http://azure.archive.ubuntu.com/ubuntu noble/universe amd64 libmpeg2encpp-2.1-0t64 amd64 1:2.1.0+debian-8.1build1 [75.6 kB]
2026-10-08T03:18:38.1384827Z Get:159 http://azure.archive.ubuntu.com/ubuntu noble/universe amd64 libmplex2-2.1-0t64 amd64 1:2.1.0+debian-8.1build1 [46.1 kB]
2026-10-08T03:18:38.2034316Z Get:160 http://azure.archive.ubuntu.com/ubuntu noble/universe amd64 libneon27t64 amd64 0.33.0-1.1build3 [102 kB]
2026-10-08T03:18:38.2698439Z Get:161 http://azure.archive.ubuntu.com/ubuntu noble/universe amd64 libnice10 amd64 0.1.21-2build3 [157 kB]
2026-10-08T03:18:38.3372607Z Get:162 http://azure.archive.ubuntu.com/ubuntu noble/universe amd64 libopenal-data all 1:1.23.1-4build1 [161 kB]
2026-10-08T03:18:38.4040457Z Get:163 http://azure.archive.ubuntu.com/ubuntu noble/universe amd64 libopenexr-3-1-30 amd64 3.1.5-5.1build3 [1004 kB]
2026-10-08T03:18:38.4890956Z Get:164 http://azure.archive.ubuntu.com/ubuntu noble/universe amd64 libopenh264-7 amd64 2.4.1+dfsg-1 [409 kB]
2026-10-08T03:18:38.5677763Z Get:165 http://azure.archive.ubuntu.com/ubuntu noble/universe amd64 libopenni2-0 amd64 2.2.0.33+dfsg-18 [370 kB]
2026-10-08T03:18:38.6393632Z Get:166 http://azure.archive.ubuntu.com/ubuntu noble/universe amd64 libqrencode4 amd64 4.1.1-1build2 [25.0 kB]
2026-10-08T03:18:38.7040879Z Get:167 http://azure.archive.ubuntu.com/ubuntu noble/main amd64 libsecret-common all 0.21.4-1build3 [4962 B]
2026-10-08T03:18:38.7684728Z Get:168 http://azure.archive.ubuntu.com/ubuntu noble/main amd64 libsecret-1-0 amd64 0.21.4-1build3 [116 kB]
2026-10-08T03:18:38.8344599Z Get:169 http://azure.archive.ubuntu.com/ubuntu noble/universe amd64 libsndio7.0 amd64 1.9.0-0.3build3 [29.6 kB]
2026-10-08T03:18:38.8993254Z Get:170 http://azure.archive.ubuntu.com/ubuntu noble/universe amd64 libsoundtouch1 amd64 2.3.2+ds1-1build1 [60.5 kB]
2026-10-08T03:18:38.9642369Z Get:171 http://azure.archive.ubuntu.com/ubuntu noble/universe amd64 libspandsp2t64 amd64 0.0.6+dfsg-2.1build1 [311 kB]
2026-10-08T03:18:39.0343558Z Get:172 http://azure.archive.ubuntu.com/ubuntu noble/universe amd64 libsrtp2-1 amd64 2.5.0-3build1 [41.9 kB]
2026-10-08T03:18:39.0992260Z Get:173 http://azure.archive.ubuntu.com/ubuntu noble/main amd64 libwayland-server0 amd64 1.22.0-2.1build1 [33.9 kB]
2026-10-08T03:18:39.1640934Z Get:174 http://azure.archive.ubuntu.com/ubuntu noble/universe amd64 libwildmidi2 amd64 0.4.3-1build3 [68.5 kB]
2026-10-08T03:18:39.2295205Z Get:175 http://azure.archive.ubuntu.com/ubuntu noble/main amd64 libwoff1 amd64 1.0.2-2build1 [45.3 kB]
2026-10-08T03:18:39.2954323Z Get:176 http://azure.archive.ubuntu.com/ubuntu noble/main amd64 libxcb-xkb1 amd64 1.15-1ubuntu2 [32.3 kB]
2026-10-08T03:18:39.3600664Z Get:177 http://azure.archive.ubuntu.com/ubuntu noble/main amd64 libxkbcommon-x11-0 amd64 1.6.0-1build1 [14.5 kB]
2026-10-08T03:18:39.4246888Z Get:178 http://azure.archive.ubuntu.com/ubuntu noble/universe amd64 libzbar0t64 amd64 0.23.93-4build3 [123 kB]
2026-10-08T03:18:39.4911973Z Get:179 http://azure.archive.ubuntu.com/ubuntu noble/universe amd64 libzxing3 amd64 2.2.1-3 [583 kB]
2026-10-08T03:18:39.5668884Z Get:180 http://azure.archive.ubuntu.com/ubuntu noble/main amd64 xfonts-encodings all 1:1.0.5-0ubuntu2 [578 kB]
2026-10-08T03:18:39.6443810Z Get:181 http://azure.archive.ubuntu.com/ubuntu noble/main amd64 xfonts-utils amd64 1:7.7+6build3 [94.4 kB]
2026-10-08T03:18:39.7107147Z Get:182 http://azure.archive.ubuntu.com/ubuntu noble/universe amd64 xfonts-cyrillic all 1:1.0.5+nmu1 [384 kB]
2026-10-08T03:18:39.7830936Z Get:183 http://azure.archive.ubuntu.com/ubuntu noble/main amd64 xfonts-scalable all 1:1.0.3-1.3 [304 kB]
2026-10-08T03:18:39.8530913Z Get:184 http://azure.archive.ubuntu.com/ubuntu noble/universe amd64 libgstreamer-plugins-bad1.0-0 amd64 1.24.2-1ubuntu4 [797 kB]
2026-10-08T03:18:39.9337649Z Get:185 http://azure.archive.ubuntu.com/ubuntu noble/universe amd64 libdca0 amd64 0.0.7-2build1 [93.8 kB]
2026-10-08T03:18:39.9997910Z Get:186 http://azure.archive.ubuntu.com/ubuntu noble/universe amd64 libopenal1 amd64 1:1.23.1-4build1 [540 kB]
2026-10-08T03:18:40.0748403Z Get:187 http://azure.archive.ubuntu.com/ubuntu noble/main amd64 libsbc1 amd64 2.0-1build1 [33.9 kB]
2026-10-08T03:18:40.1400695Z Get:188 http://azure.archive.ubuntu.com/ubuntu noble/universe amd64 libvo-aacenc0 amd64 0.1.3-2build1 [67.8 kB]
2026-10-08T03:18:40.2063035Z Get:189 http://azure.archive.ubuntu.com/ubuntu noble/universe amd64 libvo-amrwbenc0 amd64 0.1.3-2build1 [76.7 kB]
2026-10-08T03:18:40.2716050Z Get:190 http://azure.archive.ubuntu.com/ubuntu noble/universe amd64 gstreamer1.0-plugins-bad amd64 1.24.2-1ubuntu4 [3081 kB]
2026-10-08T03:18:40.3982312Z Get:2 http://azure.archive.ubuntu.com/ubuntu noble/universe amd64 fonts-ipafont-gothic all 00303-21ubuntu1 [3513 kB]
2026-10-08T03:18:40.8197709Z Fetched 126 MB in 15s (8153 kB/s)
2026-10-08T03:18:40.8419133Z Selecting previously unselected package fonts-ipafont-gothic.
2026-10-08T03:18:40.8639788Z (Reading database ... 
2026-10-08T03:18:40.8640406Z (Reading database ... 5%
2026-10-08T03:18:40.8640757Z (Reading database ... 10%
2026-10-08T03:18:40.8641080Z (Reading database ... 15%
2026-10-08T03:18:40.8641380Z (Reading database ... 20%
2026-10-08T03:18:40.8641573Z (Reading database ... 25%
2026-10-08T03:18:40.8641773Z (Reading database ... 30%
2026-10-08T03:18:40.8641963Z (Reading database ... 35%
2026-10-08T03:18:40.8642157Z (Reading database ... 40%
2026-10-08T03:18:40.8642356Z (Reading database ... 45%
2026-10-08T03:18:40.8642544Z (Reading database ... 50%
2026-10-08T03:18:40.8677309Z (Reading database ... 55%
2026-10-08T03:18:40.9919588Z (Reading database ... 60%
2026-10-08T03:18:41.2865620Z (Reading database ... 65%
2026-10-08T03:18:41.4772001Z (Reading database ... 70%
2026-10-08T03:18:41.6448274Z (Reading database ... 75%
2026-10-08T03:18:41.7930260Z (Reading database ... 80%
2026-10-08T03:18:41.9968751Z (Reading database ... 85%
2026-10-08T03:18:42.1804909Z (Reading database ... 90%
2026-10-08T03:18:42.4496657Z (Reading database ... 95%
2026-10-08T03:18:42.4497022Z (Reading database ... 100%
2026-10-08T03:18:42.4497711Z (Reading database ... 202296 files and directories currently installed.)
2026-10-08T03:18:42.4537983Z Preparing to unpack .../000-fonts-ipafont-gothic_00303-21ubuntu1_all.deb ...
2026-10-08T03:18:42.4964201Z Unpacking fonts-ipafont-gothic (00303-21ubuntu1) ...
2026-10-08T03:18:42.9555380Z Preparing to unpack .../001-libpng16-16t64_1.6.43-5ubuntu0.7_amd64.deb ...
2026-10-08T03:18:43.0335955Z Unpacking libpng16-16t64:amd64 (1.6.43-5ubuntu0.7) over (1.6.43-5ubuntu0.6) ...
2026-10-08T03:18:43.1835055Z Selecting previously unselected package fonts-freefont-ttf.
2026-10-08T03:18:43.1952711Z Preparing to unpack .../002-fonts-freefont-ttf_20211204+svn4273-2_all.deb ...
2026-10-08T03:18:43.2058059Z Unpacking fonts-freefont-ttf (20211204+svn4273-2) ...
2026-10-08T03:18:43.5049652Z Selecting previously unselected package fonts-tlwg-loma-otf.
2026-10-08T03:18:43.5160262Z Preparing to unpack .../003-fonts-tlwg-loma-otf_1%3a0.7.3-1_all.deb ...
2026-10-08T03:18:43.5179003Z Unpacking fonts-tlwg-loma-otf (1:0.7.3-1) ...
2026-10-08T03:18:43.5963733Z Selecting previously unselected package fonts-unifont.
2026-10-08T03:18:43.6076419Z Preparing to unpack .../004-fonts-unifont_1%3a15.1.01-1build1_all.deb ...
2026-10-08T03:18:43.6158093Z Unpacking fonts-unifont (1:15.1.01-1build1) ...
2026-10-08T03:18:43.9965426Z Selecting previously unselected package fonts-wqy-zenhei.
2026-10-08T03:18:44.0079771Z Preparing to unpack .../005-fonts-wqy-zenhei_0.9.45-8_all.deb ...
2026-10-08T03:18:44.0355572Z Unpacking fonts-wqy-zenhei (0.9.45-8) ...
2026-10-08T03:18:44.9207156Z Selecting previously unselected package libproxy1v5:amd64.
2026-10-08T03:18:44.9318779Z Preparing to unpack .../006-libproxy1v5_0.5.4-4build1_amd64.deb ...
2026-10-08T03:18:44.9907314Z Unpacking libproxy1v5:amd64 (0.5.4-4build1) ...
2026-10-08T03:18:45.4729602Z Selecting previously unselected package glib-networking-common.
2026-10-08T03:18:45.4839301Z Preparing to unpack .../007-glib-networking-common_2.80.0-1build1_all.deb ...
2026-10-08T03:18:45.4844641Z Unpacking glib-networking-common (2.80.0-1build1) ...
2026-10-08T03:18:45.4993856Z Selecting previously unselected package glib-networking-services.
2026-10-08T03:18:45.5103005Z Preparing to unpack .../008-glib-networking-services_2.80.0-1build1_amd64.deb ...
2026-10-08T03:18:45.5108556Z Unpacking glib-networking-services (2.80.0-1build1) ...
2026-10-08T03:18:45.5750133Z Selecting previously unselected package session-migration.
2026-10-08T03:18:45.5860709Z Preparing to unpack .../009-session-migration_0.3.9build1_amd64.deb ...
2026-10-08T03:18:45.5866015Z Unpacking session-migration (0.3.9build1) ...
2026-10-08T03:18:45.6122613Z Selecting previously unselected package gsettings-desktop-schemas.
2026-10-08T03:18:45.6232062Z Preparing to unpack .../010-gsettings-desktop-schemas_46.1-0ubuntu1_all.deb ...
2026-10-08T03:18:45.6237194Z Unpacking gsettings-desktop-schemas (46.1-0ubuntu1) ...
2026-10-08T03:18:45.6554965Z Selecting previously unselected package glib-networking:amd64.
2026-10-08T03:18:45.6661903Z Preparing to unpack .../011-glib-networking_2.80.0-1build1_amd64.deb ...
2026-10-08T03:18:45.6667016Z Unpacking glib-networking:amd64 (2.80.0-1build1) ...
2026-10-08T03:18:45.6839573Z Selecting previously unselected package libva2:amd64.
2026-10-08T03:18:45.6946234Z Preparing to unpack .../012-libva2_2.20.0-2ubuntu0.2_amd64.deb ...
2026-10-08T03:18:45.6951412Z Unpacking libva2:amd64 (2.20.0-2ubuntu0.2) ...
2026-10-08T03:18:45.7118886Z Selecting previously unselected package libva-drm2:amd64.
2026-10-08T03:18:45.7225085Z Preparing to unpack .../013-libva-drm2_2.20.0-2ubuntu0.2_amd64.deb ...
2026-10-08T03:18:45.7233626Z Unpacking libva-drm2:amd64 (2.20.0-2ubuntu0.2) ...
2026-10-08T03:18:45.7390889Z Selecting previously unselected package libva-x11-2:amd64.
2026-10-08T03:18:45.7497561Z Preparing to unpack .../014-libva-x11-2_2.20.0-2ubuntu0.2_amd64.deb ...
2026-10-08T03:18:45.7503472Z Unpacking libva-x11-2:amd64 (2.20.0-2ubuntu0.2) ...
2026-10-08T03:18:45.7662455Z Selecting previously unselected package libvdpau1:amd64.
2026-10-08T03:18:45.7769813Z Preparing to unpack .../015-libvdpau1_1.5-2build1_amd64.deb ...
2026-10-08T03:18:45.7774971Z Unpacking libvdpau1:amd64 (1.5-2build1) ...
2026-10-08T03:18:45.7944773Z Selecting previously unselected package libvpl2.
2026-10-08T03:18:45.8051800Z Preparing to unpack .../016-libvpl2_2023.3.0-1build1_amd64.deb ...
2026-10-08T03:18:45.8057642Z Unpacking libvpl2 (2023.3.0-1build1) ...
2026-10-08T03:18:45.8227539Z Selecting previously unselected package ocl-icd-libopencl1:amd64.
2026-10-08T03:18:45.8334550Z Preparing to unpack .../017-ocl-icd-libopencl1_2.3.2-1build1_amd64.deb ...
2026-10-08T03:18:45.8340193Z Unpacking ocl-icd-libopencl1:amd64 (2.3.2-1build1) ...
2026-10-08T03:18:45.8557940Z Selecting previously unselected package libavutil58:amd64.
2026-10-08T03:18:45.8664779Z Preparing to unpack .../018-libavutil58_7%3a6.1.1-3ubuntu5_amd64.deb ...
2026-10-08T03:18:45.8670876Z Unpacking libavutil58:amd64 (7:6.1.1-3ubuntu5) ...
2026-10-08T03:18:45.8861584Z Selecting previously unselected package libcodec2-1.2:amd64.
2026-10-08T03:18:45.8969641Z Preparing to unpack .../019-libcodec2-1.2_1.2.0-2build1_amd64.deb ...
2026-10-08T03:18:45.8975032Z Unpacking libcodec2-1.2:amd64 (1.2.0-2build1) ...
2026-10-08T03:18:46.0277551Z Selecting previously unselected package libdav1d7:amd64.
2026-10-08T03:18:46.0387595Z Preparing to unpack .../020-libdav1d7_1.4.1-1build1_amd64.deb ...
2026-10-08T03:18:46.0393093Z Unpacking libdav1d7:amd64 (1.4.1-1build1) ...
2026-10-08T03:18:46.0757652Z Selecting previously unselected package libgsm1:amd64.
2026-10-08T03:18:46.0868974Z Preparing to unpack .../021-libgsm1_1.0.22-1build1_amd64.deb ...
2026-10-08T03:18:46.0875875Z Unpacking libgsm1:amd64 (1.0.22-1build1) ...
2026-10-08T03:18:46.1065756Z Selecting previously unselected package libhwy1t64:amd64.
2026-10-08T03:18:46.1175992Z Preparing to unpack .../022-libhwy1t64_1.0.7-8.1build1_amd64.deb ...
2026-10-08T03:18:46.1181426Z Unpacking libhwy1t64:amd64 (1.0.7-8.1build1) ...
2026-10-08T03:18:46.1476180Z Selecting previously unselected package libjxl0.7:amd64.
2026-10-08T03:18:46.1586952Z Preparing to unpack .../023-libjxl0.7_0.7.0-10.2ubuntu6.1_amd64.deb ...
2026-10-08T03:18:46.1593115Z Unpacking libjxl0.7:amd64 (0.7.0-10.2ubuntu6.1) ...
2026-10-08T03:18:46.1887819Z Selecting previously unselected package libmp3lame0:amd64.
2026-10-08T03:18:46.1995813Z Preparing to unpack .../024-libmp3lame0_3.100-6build1_amd64.deb ...
2026-10-08T03:18:46.2001643Z Unpacking libmp3lame0:amd64 (3.100-6build1) ...
2026-10-08T03:18:46.2173098Z Selecting previously unselected package libopus0:amd64.
2026-10-08T03:18:46.2281157Z Preparing to unpack .../025-libopus0_1.4-1build1_amd64.deb ...
2026-10-08T03:18:46.2286929Z Unpacking libopus0:amd64 (1.4-1build1) ...
2026-10-08T03:18:46.2458779Z Selecting previously unselected package librav1e0:amd64.
2026-10-08T03:18:46.2566702Z Preparing to unpack .../026-librav1e0_0.7.1-2_amd64.deb ...
2026-10-08T03:18:46.2572513Z Unpacking librav1e0:amd64 (0.7.1-2) ...
2026-10-08T03:18:46.2878716Z Selecting previously unselected package librsvg2-2:amd64.
2026-10-08T03:18:46.2987335Z Preparing to unpack .../027-librsvg2-2_2.58.0+dfsg-1ubuntu0.1_amd64.deb ...
2026-10-08T03:18:46.2993721Z Unpacking librsvg2-2:amd64 (2.58.0+dfsg-1ubuntu0.1) ...
2026-10-08T03:18:46.3586800Z Selecting previously unselected package libshine3:amd64.
2026-10-08T03:18:46.3697643Z Preparing to unpack .../028-libshine3_3.1.1-2build1_amd64.deb ...
2026-10-08T03:18:46.3702908Z Unpacking libshine3:amd64 (3.1.1-2build1) ...
2026-10-08T03:18:46.3859577Z Selecting previously unselected package libspeex1:amd64.
2026-10-08T03:18:46.3966967Z Preparing to unpack .../029-libspeex1_1.2.1-2ubuntu2.24.04.1_amd64.deb ...
2026-10-08T03:18:46.3973097Z Unpacking libspeex1:amd64 (1.2.1-2ubuntu2.24.04.1) ...
2026-10-08T03:18:46.4141921Z Selecting previously unselected package libsvtav1enc1d1:amd64.
2026-10-08T03:18:46.4247028Z Preparing to unpack .../030-libsvtav1enc1d1_1.7.0+dfsg-2build1_amd64.deb ...
2026-10-08T03:18:46.4253008Z Unpacking libsvtav1enc1d1:amd64 (1.7.0+dfsg-2build1) ...
2026-10-08T03:18:46.4892237Z Selecting previously unselected package libsoxr0:amd64.
2026-10-08T03:18:46.5002931Z Preparing to unpack .../031-libsoxr0_0.1.3-4build3_amd64.deb ...
2026-10-08T03:18:46.5009289Z Unpacking libsoxr0:amd64 (0.1.3-4build3) ...
2026-10-08T03:18:46.5175246Z Selecting previously unselected package libswresample4:amd64.
2026-10-08T03:18:46.5283799Z Preparing to unpack .../032-libswresample4_7%3a6.1.1-3ubuntu5_amd64.deb ...
2026-10-08T03:18:46.5289917Z Unpacking libswresample4:amd64 (7:6.1.1-3ubuntu5) ...
2026-10-08T03:18:46.5456030Z Selecting previously unselected package libtheora0:amd64.
2026-10-08T03:18:46.5563811Z Preparing to unpack .../033-libtheora0_1.1.1+dfsg.1-16.1build3_amd64.deb ...
2026-10-08T03:18:46.5570344Z Unpacking libtheora0:amd64 (1.1.1+dfsg.1-16.1build3) ...
2026-10-08T03:18:46.5755240Z Selecting previously unselected package libtwolame0:amd64.
2026-10-08T03:18:46.5862736Z Preparing to unpack .../034-libtwolame0_0.4.0-2build3_amd64.deb ...
2026-10-08T03:18:46.5869619Z Unpacking libtwolame0:amd64 (0.4.0-2build3) ...
2026-10-08T03:18:46.6037589Z Selecting previously unselected package libvorbisenc2:amd64.
2026-10-08T03:18:46.6142379Z Preparing to unpack .../035-libvorbisenc2_1.3.7-1build3_amd64.deb ...
2026-10-08T03:18:46.6148760Z Unpacking libvorbisenc2:amd64 (1.3.7-1build3) ...
2026-10-08T03:18:46.6332727Z Selecting previously unselected package libvpx9:amd64.
2026-10-08T03:18:46.6439730Z Preparing to unpack .../036-libvpx9_1.14.0-1ubuntu2.3_amd64.deb ...
2026-10-08T03:18:46.6445737Z Unpacking libvpx9:amd64 (1.14.0-1ubuntu2.3) ...
2026-10-08T03:18:46.6996894Z Selecting previously unselected package libx264-164:amd64.
2026-10-08T03:18:46.7105839Z Preparing to unpack .../037-libx264-164_2%3a0.164.3108+git31e19f9-1_amd64.deb ...
2026-10-08T03:18:46.7111247Z Unpacking libx264-164:amd64 (2:0.164.3108+git31e19f9-1) ...
2026-10-08T03:18:46.7617338Z Selecting previously unselected package libx265-199:amd64.
2026-10-08T03:18:46.7725838Z Preparing to unpack .../038-libx265-199_3.5-2build1_amd64.deb ...
2026-10-08T03:18:46.7731930Z Unpacking libx265-199:amd64 (3.5-2build1) ...
2026-10-08T03:18:46.8907709Z Selecting previously unselected package libxvidcore4:amd64.
2026-10-08T03:18:46.9016991Z Preparing to unpack .../039-libxvidcore4_2%3a1.3.7-1build1_amd64.deb ...
2026-10-08T03:18:46.9031634Z Unpacking libxvidcore4:amd64 (2:1.3.7-1build1) ...
2026-10-08T03:18:46.9210043Z Selecting previously unselected package libzvbi-common.
2026-10-08T03:18:46.9316702Z Preparing to unpack .../040-libzvbi-common_0.2.42-2_all.deb ...
2026-10-08T03:18:46.9321633Z Unpacking libzvbi-common (0.2.42-2) ...
2026-10-08T03:18:46.9817555Z Selecting previously unselected package libzvbi0t64:amd64.
2026-10-08T03:18:46.9924095Z Preparing to unpack .../041-libzvbi0t64_0.2.42-2_amd64.deb ...
2026-10-08T03:18:46.9930090Z Unpacking libzvbi0t64:amd64 (0.2.42-2) ...
2026-10-08T03:18:47.0116595Z Selecting previously unselected package libavcodec60:amd64.
2026-10-08T03:18:47.0222748Z Preparing to unpack .../042-libavcodec60_7%3a6.1.1-3ubuntu5_amd64.deb ...
2026-10-08T03:18:47.0228694Z Unpacking libavcodec60:amd64 (7:6.1.1-3ubuntu5) ...
2026-10-08T03:18:47.1748277Z Preparing to unpack .../043-libfreetype6_2.13.2+dfsg-1ubuntu0.2_amd64.deb ...
2026-10-08T03:18:47.1767623Z Unpacking libfreetype6:amd64 (2.13.2+dfsg-1ubuntu0.2) over (2.13.2+dfsg-1ubuntu0.1) ...
2026-10-08T03:18:47.2164522Z Selecting previously unselected package libunibreak5:amd64.
2026-10-08T03:18:47.2315822Z Preparing to unpack .../044-libunibreak5_5.1-2build1_amd64.deb ...
2026-10-08T03:18:47.2341534Z Unpacking libunibreak5:amd64 (5.1-2build1) ...
2026-10-08T03:18:47.2626968Z Selecting previously unselected package libass9:amd64.
2026-10-08T03:18:47.2754568Z Preparing to unpack .../045-libass9_1%3a0.17.1-2build1_amd64.deb ...
2026-10-08T03:18:47.2763235Z Unpacking libass9:amd64 (1:0.17.1-2build1) ...
2026-10-08T03:18:47.2955100Z Selecting previously unselected package libudfread0:amd64.
2026-10-08T03:18:47.3063320Z Preparing to unpack .../046-libudfread0_1.1.2-1build1_amd64.deb ...
2026-10-08T03:18:47.3069722Z Unpacking libudfread0:amd64 (1.1.2-1build1) ...
2026-10-08T03:18:47.3229316Z Selecting previously unselected package libbluray2:amd64.
2026-10-08T03:18:47.3338107Z Preparing to unpack .../047-libbluray2_1%3a1.3.4-1build1_amd64.deb ...
2026-10-08T03:18:47.3344884Z Unpacking libbluray2:amd64 (1:1.3.4-1build1) ...
2026-10-08T03:18:47.3519878Z Selecting previously unselected package libchromaprint1:amd64.
2026-10-08T03:18:47.3630161Z Preparing to unpack .../048-libchromaprint1_1.5.1-5_amd64.deb ...
2026-10-08T03:18:47.3636368Z Unpacking libchromaprint1:amd64 (1.5.1-5) ...
2026-10-08T03:18:47.3797532Z Selecting previously unselected package libgme0:amd64.
2026-10-08T03:18:47.3906539Z Preparing to unpack .../049-libgme0_0.6.3-7build1_amd64.deb ...
2026-10-08T03:18:47.3912666Z Unpacking libgme0:amd64 (0.6.3-7build1) ...
2026-10-08T03:18:47.4082232Z Selecting previously unselected package libmpg123-0t64:amd64.
2026-10-08T03:18:47.4191760Z Preparing to unpack .../050-libmpg123-0t64_1.32.5-1ubuntu1.1_amd64.deb ...
2026-10-08T03:18:47.4198033Z Unpacking libmpg123-0t64:amd64 (1.32.5-1ubuntu1.1) ...
2026-10-08T03:18:47.4373582Z Selecting previously unselected package libopenmpt0t64:amd64.
2026-10-08T03:18:47.4485214Z Preparing to unpack .../051-libopenmpt0t64_0.7.3-1.1build3_amd64.deb ...
2026-10-08T03:18:47.4491389Z Unpacking libopenmpt0t64:amd64 (0.7.3-1.1build3) ...
2026-10-08T03:18:47.4701253Z Selecting previously unselected package libcjson1:amd64.
2026-10-08T03:18:47.4812302Z Preparing to unpack .../052-libcjson1_1.7.17-1_amd64.deb ...
2026-10-08T03:18:47.4818409Z Unpacking libcjson1:amd64 (1.7.17-1) ...
2026-10-08T03:18:47.5045307Z Selecting previously unselected package libmbedcrypto7t64:amd64.
2026-10-08T03:18:47.5157393Z Preparing to unpack .../053-libmbedcrypto7t64_2.28.8-1_amd64.deb ...
2026-10-08T03:18:47.5163088Z Unpacking libmbedcrypto7t64:amd64 (2.28.8-1) ...
2026-10-08T03:18:47.5344920Z Selecting previously unselected package librist4:amd64.
2026-10-08T03:18:47.5455913Z Preparing to unpack .../054-librist4_0.2.10+dfsg-2_amd64.deb ...
2026-10-08T03:18:47.5461761Z Unpacking librist4:amd64 (0.2.10+dfsg-2) ...
2026-10-08T03:18:47.5623203Z Selecting previously unselected package libsrt1.5-gnutls:amd64.
2026-10-08T03:18:47.5729066Z Preparing to unpack .../055-libsrt1.5-gnutls_1.5.3-1build2_amd64.deb ...
2026-10-08T03:18:47.5734778Z Unpacking libsrt1.5-gnutls:amd64 (1.5.3-1build2) ...
2026-10-08T03:18:47.5923780Z Selecting previously unselected package libssh-gcrypt-4:amd64.
2026-10-08T03:18:47.6026848Z Preparing to unpack .../056-libssh-gcrypt-4_0.10.6-2ubuntu0.5_amd64.deb ...
2026-10-08T03:18:47.6031986Z Unpacking libssh-gcrypt-4:amd64 (0.10.6-2ubuntu0.5) ...
2026-10-08T03:18:47.6214053Z Selecting previously unselected package libavformat60:amd64.
2026-10-08T03:18:47.6318879Z Preparing to unpack .../057-libavformat60_7%3a6.1.1-3ubuntu5_amd64.deb ...
2026-10-08T03:18:47.6324083Z Unpacking libavformat60:amd64 (7:6.1.1-3ubuntu5) ...
2026-10-08T03:18:47.6732785Z Selecting previously unselected package libbs2b0:amd64.
2026-10-08T03:18:47.6840745Z Preparing to unpack .../058-libbs2b0_3.1.0+dfsg-7build1_amd64.deb ...
2026-10-08T03:18:47.6846082Z Unpacking libbs2b0:amd64 (3.1.0+dfsg-7build1) ...
2026-10-08T03:18:47.7021362Z Selecting previously unselected package libflite1:amd64.
2026-10-08T03:18:47.7128077Z Preparing to unpack .../059-libflite1_2.2-6build3_amd64.deb ...
2026-10-08T03:18:47.7134828Z Unpacking libflite1:amd64 (2.2-6build3) ...
2026-10-08T03:18:47.8836712Z Selecting previously unselected package libserd-0-0:amd64.
2026-10-08T03:18:47.8945838Z Preparing to unpack .../060-libserd-0-0_0.32.2-1_amd64.deb ...
2026-10-08T03:18:47.8952482Z Unpacking libserd-0-0:amd64 (0.32.2-1) ...
2026-10-08T03:18:47.9337551Z Selecting previously unselected package libzix-0-0:amd64.
2026-10-08T03:18:47.9445201Z Preparing to unpack .../061-libzix-0-0_0.4.2-2build1_amd64.deb ...
2026-10-08T03:18:47.9663192Z Unpacking libzix-0-0:amd64 (0.4.2-2build1) ...
2026-10-08T03:18:48.0551863Z Selecting previously unselected package libsord-0-0:amd64.
2026-10-08T03:18:48.0661459Z Preparing to unpack .../062-libsord-0-0_0.16.16-2build1_amd64.deb ...
2026-10-08T03:18:48.0670846Z Unpacking libsord-0-0:amd64 (0.16.16-2build1) ...
2026-10-08T03:18:48.1343925Z Selecting previously unselected package libsratom-0-0:amd64.
2026-10-08T03:18:48.1452645Z Preparing to unpack .../063-libsratom-0-0_0.6.16-1build1_amd64.deb ...
2026-10-08T03:18:48.1458731Z Unpacking libsratom-0-0:amd64 (0.6.16-1build1) ...
2026-10-08T03:18:48.1936653Z Selecting previously unselected package liblilv-0-0:amd64.
2026-10-08T03:18:48.2042808Z Preparing to unpack .../064-liblilv-0-0_0.24.22-1build1_amd64.deb ...
2026-10-08T03:18:48.2048210Z Unpacking liblilv-0-0:amd64 (0.24.22-1build1) ...
2026-10-08T03:18:48.2359173Z Selecting previously unselected package libmysofa1:amd64.
2026-10-08T03:18:48.2463556Z Preparing to unpack .../065-libmysofa1_1.3.2+dfsg-2ubuntu2_amd64.deb ...
2026-10-08T03:18:48.2469301Z Unpacking libmysofa1:amd64 (1.3.2+dfsg-2ubuntu2) ...
2026-10-08T03:18:48.2668512Z Selecting previously unselected package libplacebo338:amd64.
2026-10-08T03:18:48.2771398Z Preparing to unpack .../066-libplacebo338_6.338.2-2build1_amd64.deb ...
2026-10-08T03:18:48.2777397Z Unpacking libplacebo338:amd64 (6.338.2-2build1) ...
2026-10-08T03:18:48.3572189Z Selecting previously unselected package libblas3:amd64.
2026-10-08T03:18:48.3684159Z Preparing to unpack .../067-libblas3_3.12.0-3build1.1_amd64.deb ...
2026-10-08T03:18:48.3711103Z Unpacking libblas3:amd64 (3.12.0-3build1.1) ...
2026-10-08T03:18:48.3898735Z Selecting previously unselected package liblapack3:amd64.
2026-10-08T03:18:48.4004838Z Preparing to unpack .../068-liblapack3_3.12.0-3build1.1_amd64.deb ...
2026-10-08T03:18:48.4028827Z Unpacking liblapack3:amd64 (3.12.0-3build1.1) ...
2026-10-08T03:18:48.4676657Z Selecting previously unselected package libasyncns0:amd64.
2026-10-08T03:18:48.4785974Z Preparing to unpack .../069-libasyncns0_0.8-6build4_amd64.deb ...
2026-10-08T03:18:48.4791482Z Unpacking libasyncns0:amd64 (0.8-6build4) ...
2026-10-08T03:18:48.5060062Z Selecting previously unselected package libflac12t64:amd64.
2026-10-08T03:18:48.5165469Z Preparing to unpack .../070-libflac12t64_1.4.3+ds-2.1ubuntu2_amd64.deb ...
2026-10-08T03:18:48.5171502Z Unpacking libflac12t64:amd64 (1.4.3+ds-2.1ubuntu2) ...
2026-10-08T03:18:48.5362750Z Selecting previously unselected package libsndfile1:amd64.
2026-10-08T03:18:48.5467511Z Preparing to unpack .../071-libsndfile1_1.2.2-1ubuntu5.24.04.1_amd64.deb ...
2026-10-08T03:18:48.5473602Z Unpacking libsndfile1:amd64 (1.2.2-1ubuntu5.24.04.1) ...
2026-10-08T03:18:48.5668580Z Selecting previously unselected package libpulse0:amd64.
2026-10-08T03:18:48.5773907Z Preparing to unpack .../072-libpulse0_1%3a16.1+dfsg1-2ubuntu10.1_amd64.deb ...
2026-10-08T03:18:48.6010287Z Unpacking libpulse0:amd64 (1:16.1+dfsg1-2ubuntu10.1) ...
2026-10-08T03:18:48.6209129Z Selecting previously unselected package libsphinxbase3t64:amd64.
2026-10-08T03:18:48.6316639Z Preparing to unpack .../073-libsphinxbase3t64_0.8+5prealpha+1-17build2_amd64.deb ...
2026-10-08T03:18:48.6322831Z Unpacking libsphinxbase3t64:amd64 (0.8+5prealpha+1-17build2) ...
2026-10-08T03:18:48.6682335Z Selecting previously unselected package libpocketsphinx3:amd64.
2026-10-08T03:18:48.6788444Z Preparing to unpack .../074-libpocketsphinx3_0.8.0+real5prealpha+1-15ubuntu5_amd64.deb ...
2026-10-08T03:18:48.6795026Z Unpacking libpocketsphinx3:amd64 (0.8.0+real5prealpha+1-15ubuntu5) ...
2026-10-08T03:18:48.7363938Z Selecting previously unselected package libpostproc57:amd64.
2026-10-08T03:18:48.7473572Z Preparing to unpack .../075-libpostproc57_7%3a6.1.1-3ubuntu5_amd64.deb ...
2026-10-08T03:18:48.7479597Z Unpacking libpostproc57:amd64 (7:6.1.1-3ubuntu5) ...
2026-10-08T03:18:48.7712392Z Selecting previously unselected package libsamplerate0:amd64.
2026-10-08T03:18:48.7817626Z Preparing to unpack .../076-libsamplerate0_0.2.2-4build1_amd64.deb ...
2026-10-08T03:18:48.7824072Z Unpacking libsamplerate0:amd64 (0.2.2-4build1) ...
2026-10-08T03:18:48.8040835Z Selecting previously unselected package librubberband2:amd64.
2026-10-08T03:18:48.8147897Z Preparing to unpack .../077-librubberband2_3.3.0+dfsg-2build1_amd64.deb ...
2026-10-08T03:18:48.8153699Z Unpacking librubberband2:amd64 (3.3.0+dfsg-2build1) ...
2026-10-08T03:18:48.8382670Z Selecting previously unselected package libswscale7:amd64.
2026-10-08T03:18:48.8488861Z Preparing to unpack .../078-libswscale7_7%3a6.1.1-3ubuntu5_amd64.deb ...
2026-10-08T03:18:48.8495001Z Unpacking libswscale7:amd64 (7:6.1.1-3ubuntu5) ...
2026-10-08T03:18:48.8767982Z Selecting previously unselected package libvidstab1.1:amd64.
2026-10-08T03:18:48.8874827Z Preparing to unpack .../079-libvidstab1.1_1.1.0-2build1_amd64.deb ...
2026-10-08T03:18:48.8882301Z Unpacking libvidstab1.1:amd64 (1.1.0-2build1) ...
2026-10-08T03:18:48.9472214Z Selecting previously unselected package libzimg2:amd64.
2026-10-08T03:18:48.9581459Z Preparing to unpack .../080-libzimg2_3.0.5+ds1-1build1_amd64.deb ...
2026-10-08T03:18:48.9587617Z Unpacking libzimg2:amd64 (3.0.5+ds1-1build1) ...
2026-10-08T03:18:48.9871319Z Selecting previously unselected package libavfilter9:amd64.
2026-10-08T03:18:48.9979417Z Preparing to unpack .../081-libavfilter9_7%3a6.1.1-3ubuntu5_amd64.deb ...
2026-10-08T03:18:48.9987438Z Unpacking libavfilter9:amd64 (7:6.1.1-3ubuntu5) ...
2026-10-08T03:18:49.1127450Z Selecting previously unselected package liborc-0.4-0t64:amd64.
2026-10-08T03:18:49.1236274Z Preparing to unpack .../082-liborc-0.4-0t64_1%3a0.4.38-1ubuntu0.1_amd64.deb ...
2026-10-08T03:18:49.1242363Z Unpacking liborc-0.4-0t64:amd64 (1:0.4.38-1ubuntu0.1) ...
2026-10-08T03:18:49.1436813Z Selecting previously unselected package libgstreamer-plugins-base1.0-0:amd64.
2026-10-08T03:18:49.1544284Z Preparing to unpack .../083-libgstreamer-plugins-base1.0-0_1.24.2-1ubuntu0.5_amd64.deb ...
2026-10-08T03:18:49.1551408Z Unpacking libgstreamer-plugins-base1.0-0:amd64 (1.24.2-1ubuntu0.5) ...
2026-10-08T03:18:49.2115111Z Selecting previously unselected package gstreamer1.0-libav:amd64.
2026-10-08T03:18:49.2221627Z Preparing to unpack .../084-gstreamer1.0-libav_1.24.1-1build1_amd64.deb ...
2026-10-08T03:18:49.2227072Z Unpacking gstreamer1.0-libav:amd64 (1.24.1-1build1) ...
2026-10-08T03:18:49.2396750Z Selecting previously unselected package libcdparanoia0:amd64.
2026-10-08T03:18:49.2503066Z Preparing to unpack .../085-libcdparanoia0_3.10.2+debian-14build3_amd64.deb ...
2026-10-08T03:18:49.2511788Z Unpacking libcdparanoia0:amd64 (3.10.2+debian-14build3) ...
2026-10-08T03:18:49.2683668Z Selecting previously unselected package libvisual-0.4-0:amd64.
2026-10-08T03:18:49.2787662Z Preparing to unpack .../086-libvisual-0.4-0_0.4.2-2build1_amd64.deb ...
2026-10-08T03:18:49.2793745Z Unpacking libvisual-0.4-0:amd64 (0.4.2-2build1) ...
2026-10-08T03:18:49.2975679Z Selecting previously unselected package gstreamer1.0-plugins-base:amd64.
2026-10-08T03:18:49.3082174Z Preparing to unpack .../087-gstreamer1.0-plugins-base_1.24.2-1ubuntu0.5_amd64.deb ...
2026-10-08T03:18:49.3088930Z Unpacking gstreamer1.0-plugins-base:amd64 (1.24.2-1ubuntu0.5) ...
2026-10-08T03:18:49.3373939Z Selecting previously unselected package libaa1:amd64.
2026-10-08T03:18:49.3482210Z Preparing to unpack .../088-libaa1_1.4p5-51.1_amd64.deb ...
2026-10-08T03:18:49.3487649Z Unpacking libaa1:amd64 (1.4p5-51.1) ...
2026-10-08T03:18:49.3656333Z Selecting previously unselected package libraw1394-11:amd64.
2026-10-08T03:18:49.3761464Z Preparing to unpack .../089-libraw1394-11_2.1.2-2build3_amd64.deb ...
2026-10-08T03:18:49.3768307Z Unpacking libraw1394-11:amd64 (2.1.2-2build3) ...
2026-10-08T03:18:49.4599722Z Selecting previously unselected package libavc1394-0:amd64.
2026-10-08T03:18:49.4710918Z Preparing to unpack .../090-libavc1394-0_0.5.4-5build3_amd64.deb ...
2026-10-08T03:18:49.4718612Z Unpacking libavc1394-0:amd64 (0.5.4-5build3) ...
2026-10-08T03:18:49.4904757Z Selecting previously unselected package libcaca0:amd64.
2026-10-08T03:18:49.5010646Z Preparing to unpack .../091-libcaca0_0.99.beta20-4ubuntu0.2_amd64.deb ...
2026-10-08T03:18:49.5018812Z Unpacking libcaca0:amd64 (0.99.beta20-4ubuntu0.2) ...
2026-10-08T03:18:49.5214324Z Selecting previously unselected package libdv4t64:amd64.
2026-10-08T03:18:49.5319873Z Preparing to unpack .../092-libdv4t64_1.0.0-17.1build1_amd64.deb ...
2026-10-08T03:18:49.5326587Z Unpacking libdv4t64:amd64 (1.0.0-17.1build1) ...
2026-10-08T03:18:49.5500426Z Selecting previously unselected package libgstreamer-plugins-good1.0-0:amd64.
2026-10-08T03:18:49.5607964Z Preparing to unpack .../093-libgstreamer-plugins-good1.0-0_1.24.2-1ubuntu1.8_amd64.deb ...
2026-10-08T03:18:49.5683498Z Unpacking libgstreamer-plugins-good1.0-0:amd64 (1.24.2-1ubuntu1.8) ...
2026-10-08T03:18:49.5867922Z Selecting previously unselected package libiec61883-0:amd64.
2026-10-08T03:18:49.5972987Z Preparing to unpack .../094-libiec61883-0_1.2.0-6build1_amd64.deb ...
2026-10-08T03:18:49.5979578Z Unpacking libiec61883-0:amd64 (1.2.0-6build1) ...
2026-10-08T03:18:49.6161933Z Selecting previously unselected package libshout3:amd64.
2026-10-08T03:18:49.6268050Z Preparing to unpack .../095-libshout3_2.4.6-1build2_amd64.deb ...
2026-10-08T03:18:49.6273002Z Unpacking libshout3:amd64 (2.4.6-1build2) ...
2026-10-08T03:18:49.6444814Z Selecting previously unselected package libtag1v5-vanilla:amd64.
2026-10-08T03:18:49.6550868Z Preparing to unpack .../096-libtag1v5-vanilla_1.13.1-1build1_amd64.deb ...
2026-10-08T03:18:49.6556192Z Unpacking libtag1v5-vanilla:amd64 (1.13.1-1build1) ...
2026-10-08T03:18:49.6739436Z Selecting previously unselected package libtag1v5:amd64.
2026-10-08T03:18:49.6845498Z Preparing to unpack .../097-libtag1v5_1.13.1-1build1_amd64.deb ...
2026-10-08T03:18:49.6850685Z Unpacking libtag1v5:amd64 (1.13.1-1build1) ...
2026-10-08T03:18:49.7007222Z Selecting previously unselected package libv4lconvert0t64:amd64.
2026-10-08T03:18:49.7113908Z Preparing to unpack .../098-libv4lconvert0t64_1.26.1-4build3_amd64.deb ...
2026-10-08T03:18:49.7118993Z Unpacking libv4lconvert0t64:amd64 (1.26.1-4build3) ...
2026-10-08T03:18:49.7307076Z Selecting previously unselected package libv4l-0t64:amd64.
2026-10-08T03:18:49.7412148Z Preparing to unpack .../099-libv4l-0t64_1.26.1-4build3_amd64.deb ...
2026-10-08T03:18:49.7418371Z Unpacking libv4l-0t64:amd64 (1.26.1-4build3) ...
2026-10-08T03:18:49.7596239Z Selecting previously unselected package libwavpack1:amd64.
2026-10-08T03:18:49.7701115Z Preparing to unpack .../100-libwavpack1_5.6.0-1build1_amd64.deb ...
2026-10-08T03:18:49.7707269Z Unpacking libwavpack1:amd64 (5.6.0-1build1) ...
2026-10-08T03:18:49.7871266Z Selecting previously unselected package libsoup-3.0-common.
2026-10-08T03:18:49.7976780Z Preparing to unpack .../101-libsoup-3.0-common_3.4.4-5ubuntu0.9_all.deb ...
2026-10-08T03:18:49.7983817Z Unpacking libsoup-3.0-common (3.4.4-5ubuntu0.9) ...
2026-10-08T03:18:49.8144778Z Selecting previously unselected package libsoup-3.0-0:amd64.
2026-10-08T03:18:49.8250285Z Preparing to unpack .../102-libsoup-3.0-0_3.4.4-5ubuntu0.9_amd64.deb ...
2026-10-08T03:18:49.8256670Z Unpacking libsoup-3.0-0:amd64 (3.4.4-5ubuntu0.9) ...
2026-10-08T03:18:49.8479555Z Selecting previously unselected package gstreamer1.0-plugins-good:amd64.
2026-10-08T03:18:49.8585560Z Preparing to unpack .../103-gstreamer1.0-plugins-good_1.24.2-1ubuntu1.8_amd64.deb ...
2026-10-08T03:18:49.8591249Z Unpacking gstreamer1.0-plugins-good:amd64 (1.24.2-1ubuntu1.8) ...
2026-10-08T03:18:49.9213809Z Selecting previously unselected package libabsl20220623t64:amd64.
2026-10-08T03:18:49.9322964Z Preparing to unpack .../104-libabsl20220623t64_20220623.1-3.1ubuntu3.2_amd64.deb ...
2026-10-08T03:18:49.9328840Z Unpacking libabsl20220623t64:amd64 (20220623.1-3.1ubuntu3.2) ...
2026-10-08T03:18:49.9916008Z Selecting previously unselected package libgav1-1:amd64.
2026-10-08T03:18:50.0023969Z Preparing to unpack .../105-libgav1-1_0.18.0-1build3_amd64.deb ...
2026-10-08T03:18:50.0032355Z Unpacking libgav1-1:amd64 (0.18.0-1build3) ...
2026-10-08T03:18:50.0222749Z Selecting previously unselected package libyuv0:amd64.
2026-10-08T03:18:50.0329956Z Preparing to unpack .../106-libyuv0_0.0~git202401110.af6ac82-1_amd64.deb ...
2026-10-08T03:18:50.0336157Z Unpacking libyuv0:amd64 (0.0~git202401110.af6ac82-1) ...
2026-10-08T03:18:50.0515693Z Selecting previously unselected package libavif16:amd64.
2026-10-08T03:18:50.0620526Z Preparing to unpack .../107-libavif16_1.0.4-1ubuntu3_amd64.deb ...
2026-10-08T03:18:50.0627542Z Unpacking libavif16:amd64 (1.0.4-1ubuntu3) ...
2026-10-08T03:18:50.0844890Z Selecting previously unselected package libavtp0:amd64.
2026-10-08T03:18:50.0950911Z Preparing to unpack .../108-libavtp0_0.2.0-1build1_amd64.deb ...
2026-10-08T03:18:50.0956318Z Unpacking libavtp0:amd64 (0.2.0-1build1) ...
2026-10-08T03:18:50.1119332Z Selecting previously unselected package libcairo-script-interpreter2:amd64.
2026-10-08T03:18:50.1224013Z Preparing to unpack .../109-libcairo-script-interpreter2_1.18.0-3build1_amd64.deb ...
2026-10-08T03:18:50.1229894Z Unpacking libcairo-script-interpreter2:amd64 (1.18.0-3build1) ...
2026-10-08T03:18:50.1404229Z Selecting previously unselected package libdc1394-25:amd64.
2026-10-08T03:18:50.1532467Z Preparing to unpack .../110-libdc1394-25_2.2.6-4build1_amd64.deb ...
2026-10-08T03:18:50.1543745Z Unpacking libdc1394-25:amd64 (2.2.6-4build1) ...
2026-10-08T03:18:50.1755059Z Selecting previously unselected package libde265-0:amd64.
2026-10-08T03:18:50.1860496Z Preparing to unpack .../111-libde265-0_1.0.15-1ubuntu0.1_amd64.deb ...
2026-10-08T03:18:50.1866426Z Unpacking libde265-0:amd64 (1.0.15-1ubuntu0.1) ...
2026-10-08T03:18:50.2394217Z Selecting previously unselected package libdecor-0-0:amd64.
2026-10-08T03:18:50.2504525Z Preparing to unpack .../112-libdecor-0-0_0.2.2-1build2_amd64.deb ...
2026-10-08T03:18:50.2512144Z Unpacking libdecor-0-0:amd64 (0.2.2-1build2) ...
2026-10-08T03:18:50.2677967Z Selecting previously unselected package libgles2:amd64.
2026-10-08T03:18:50.2784719Z Preparing to unpack .../113-libgles2_1.7.0-1build1_amd64.deb ...
2026-10-08T03:18:50.2793346Z Unpacking libgles2:amd64 (1.7.0-1build1) ...
2026-10-08T03:18:50.2974504Z Selecting previously unselected package libdirectfb-1.7-7t64:amd64.
2026-10-08T03:18:50.3082347Z Preparing to unpack .../114-libdirectfb-1.7-7t64_1.7.7-11.1ubuntu2_amd64.deb ...
2026-10-08T03:18:50.3090697Z Unpacking libdirectfb-1.7-7t64:amd64 (1.7.7-11.1ubuntu2) ...
2026-10-08T03:18:50.4162031Z Selecting previously unselected package libdvdread8t64:amd64.
2026-10-08T03:18:50.4271019Z Preparing to unpack .../115-libdvdread8t64_6.1.3-1.1build1_amd64.deb ...
2026-10-08T03:18:50.4277405Z Unpacking libdvdread8t64:amd64 (6.1.3-1.1build1) ...
2026-10-08T03:18:50.4461474Z Selecting previously unselected package libdvdnav4:amd64.
2026-10-08T03:18:50.4567854Z Preparing to unpack .../116-libdvdnav4_6.1.1-3build1_amd64.deb ...
2026-10-08T03:18:50.4573525Z Unpacking libdvdnav4:amd64 (6.1.1-3build1) ...
2026-10-08T03:18:50.4868586Z Preparing to unpack .../117-libgl1-mesa-dri_25.2.8-0ubuntu0.24.04.4_amd64.deb ...
2026-10-08T03:18:50.4997535Z Unpacking libgl1-mesa-dri:amd64 (25.2.8-0ubuntu0.24.04.4) over (25.2.8-0ubuntu0.24.04.2) ...
2026-10-08T03:18:50.5518957Z Preparing to unpack .../118-libglx-mesa0_25.2.8-0ubuntu0.24.04.4_amd64.deb ...
2026-10-08T03:18:50.5537403Z Unpacking libglx-mesa0:amd64 (25.2.8-0ubuntu0.24.04.4) over (25.2.8-0ubuntu0.24.04.2) ...
2026-10-08T03:18:50.5888089Z Preparing to unpack .../119-libgbm1_25.2.8-0ubuntu0.24.04.4_amd64.deb ...
2026-10-08T03:18:50.5945345Z Unpacking libgbm1:amd64 (25.2.8-0ubuntu0.24.04.4) over (25.2.8-0ubuntu0.24.04.2) ...
2026-10-08T03:18:51.0462316Z Preparing to unpack .../120-mesa-libgallium_25.2.8-0ubuntu0.24.04.4_amd64.deb ...
2026-10-08T03:18:51.0483262Z Unpacking mesa-libgallium:amd64 (25.2.8-0ubuntu0.24.04.4) over (25.2.8-0ubuntu0.24.04.2) ...
2026-10-08T03:18:51.3807491Z Selecting previously unselected package libegl-mesa0:amd64.
2026-10-08T03:18:51.3919422Z Preparing to unpack .../121-libegl-mesa0_25.2.8-0ubuntu0.24.04.4_amd64.deb ...
2026-10-08T03:18:51.3926930Z Unpacking libegl-mesa0:amd64 (25.2.8-0ubuntu0.24.04.4) ...
2026-10-08T03:18:51.4108702Z Selecting previously unselected package libevent-2.1-7t64:amd64.
2026-10-08T03:18:51.4215985Z Preparing to unpack .../122-libevent-2.1-7t64_2.1.12-stable-9ubuntu2.2_amd64.deb ...
2026-10-08T03:18:51.4221512Z Unpacking libevent-2.1-7t64:amd64 (2.1.12-stable-9ubuntu2.2) ...
2026-10-08T03:18:51.4504631Z Preparing to unpack .../123-libevent-pthreads-2.1-7t64_2.1.12-stable-9ubuntu2.2_amd64.deb ...
2026-10-08T03:18:51.4574728Z Unpacking libevent-pthreads-2.1-7t64:amd64 (2.1.12-stable-9ubuntu2.2) over (2.1.12-stable-9ubuntu2.1) ...
2026-10-08T03:18:51.4872022Z Preparing to unpack .../124-libevent-core-2.1-7t64_2.1.12-stable-9ubuntu2.2_amd64.deb ...
2026-10-08T03:18:51.4922960Z Unpacking libevent-core-2.1-7t64:amd64 (2.1.12-stable-9ubuntu2.2) over (2.1.12-stable-9ubuntu2.1) ...
2026-10-08T03:18:51.5108904Z Selecting previously unselected package libfaad2:amd64.
2026-10-08T03:18:51.5218550Z Preparing to unpack .../125-libfaad2_2.11.1-1build1_amd64.deb ...
2026-10-08T03:18:51.5226472Z Unpacking libfaad2:amd64 (2.11.1-1build1) ...
2026-10-08T03:18:51.5408095Z Selecting previously unselected package libinstpatch-1.0-2:amd64.
2026-10-08T03:18:51.5514834Z Preparing to unpack .../126-libinstpatch-1.0-2_1.1.6-1build2_amd64.deb ...
2026-10-08T03:18:51.5520596Z Unpacking libinstpatch-1.0-2:amd64 (1.1.6-1build2) ...
2026-10-08T03:18:51.5868743Z Selecting previously unselected package libjack-jackd2-0:amd64.
2026-10-08T03:18:51.5977526Z Preparing to unpack .../127-libjack-jackd2-0_1.9.21~dfsg-3ubuntu3_amd64.deb ...
2026-10-08T03:18:51.5982858Z Unpacking libjack-jackd2-0:amd64 (1.9.21~dfsg-3ubuntu3) ...
2026-10-08T03:18:51.6179328Z Selecting previously unselected package libwebrtc-audio-processing1:amd64.
2026-10-08T03:18:51.6287613Z Preparing to unpack .../128-libwebrtc-audio-processing1_0.3.1-0ubuntu6_amd64.deb ...
2026-10-08T03:18:51.6293285Z Unpacking libwebrtc-audio-processing1:amd64 (0.3.1-0ubuntu6) ...
2026-10-08T03:18:51.6472144Z Selecting previously unselected package libspa-0.2-modules:amd64.
2026-10-08T03:18:51.6579541Z Preparing to unpack .../129-libspa-0.2-modules_1.0.5-1ubuntu3.3_amd64.deb ...
2026-10-08T03:18:51.6584046Z Unpacking libspa-0.2-modules:amd64 (1.0.5-1ubuntu3.3) ...
2026-10-08T03:18:51.7186864Z Selecting previously unselected package libpipewire-0.3-0t64:amd64.
2026-10-08T03:18:51.7296068Z Preparing to unpack .../130-libpipewire-0.3-0t64_1.0.5-1ubuntu3.3_amd64.deb ...
2026-10-08T03:18:51.7303267Z Unpacking libpipewire-0.3-0t64:amd64 (1.0.5-1ubuntu3.3) ...
2026-10-08T03:18:51.7499076Z Selecting previously unselected package libsdl2-2.0-0:amd64.
2026-10-08T03:18:51.7604223Z Preparing to unpack .../131-libsdl2-2.0-0_2.30.0+dfsg-1ubuntu3.1_amd64.deb ...
2026-10-08T03:18:51.7608936Z Unpacking libsdl2-2.0-0:amd64 (2.30.0+dfsg-1ubuntu3.1) ...
2026-10-08T03:18:51.8293811Z Selecting previously unselected package timgm6mb-soundfont.
2026-10-08T03:18:51.8406282Z Preparing to unpack .../132-timgm6mb-soundfont_1.3-5_all.deb ...
2026-10-08T03:18:51.8412013Z Unpacking timgm6mb-soundfont (1.3-5) ...
2026-10-08T03:18:52.1480209Z Selecting previously unselected package libfluidsynth3:amd64.
2026-10-08T03:18:52.1607884Z Preparing to unpack .../133-libfluidsynth3_2.3.4-1build3_amd64.deb ...
2026-10-08T03:18:52.1614002Z Unpacking libfluidsynth3:amd64 (2.3.4-1build3) ...
2026-10-08T03:18:52.1804767Z Selecting previously unselected package libfreeaptx0:amd64.
2026-10-08T03:18:52.1912990Z Preparing to unpack .../134-libfreeaptx0_0.1.1-2build1_amd64.deb ...
2026-10-08T03:18:52.1919437Z Unpacking libfreeaptx0:amd64 (0.1.1-2build1) ...
2026-10-08T03:18:52.2080964Z Selecting previously unselected package libgraphene-1.0-0:amd64.
2026-10-08T03:18:52.2185739Z Preparing to unpack .../135-libgraphene-1.0-0_1.10.8-3build2_amd64.deb ...
2026-10-08T03:18:52.2193456Z Unpacking libgraphene-1.0-0:amd64 (1.10.8-3build2) ...
2026-10-08T03:18:52.2358483Z Selecting previously unselected package libgssdp-1.6-0:amd64.
2026-10-08T03:18:52.2463493Z Preparing to unpack .../136-libgssdp-1.6-0_1.6.3-1build3_amd64.deb ...
2026-10-08T03:18:52.2469416Z Unpacking libgssdp-1.6-0:amd64 (1.6.3-1build3) ...
2026-10-08T03:18:52.3101423Z Selecting previously unselected package libegl1:amd64.
2026-10-08T03:18:52.3210595Z Preparing to unpack .../137-libegl1_1.7.0-1build1_amd64.deb ...
2026-10-08T03:18:52.3217515Z Unpacking libegl1:amd64 (1.7.0-1build1) ...
2026-10-08T03:18:52.3386667Z Selecting previously unselected package libgstreamer-gl1.0-0:amd64.
2026-10-08T03:18:52.3491777Z Preparing to unpack .../138-libgstreamer-gl1.0-0_1.24.2-1ubuntu0.5_amd64.deb ...
2026-10-08T03:18:52.3497495Z Unpacking libgstreamer-gl1.0-0:amd64 (1.24.2-1ubuntu0.5) ...
2026-10-08T03:18:52.3670375Z Selecting previously unselected package libgtk-4-common.
2026-10-08T03:18:52.3773356Z Preparing to unpack .../139-libgtk-4-common_4.14.5+ds-0ubuntu0.10_all.deb ...
2026-10-08T03:18:52.3778873Z Unpacking libgtk-4-common (4.14.5+ds-0ubuntu0.10) ...
2026-10-08T03:18:52.4229594Z Selecting previously unselected package libgtk-4-1:amd64.
2026-10-08T03:18:52.4340801Z Preparing to unpack .../140-libgtk-4-1_4.14.5+ds-0ubuntu0.10_amd64.deb ...
2026-10-08T03:18:52.4347572Z Unpacking libgtk-4-1:amd64 (4.14.5+ds-0ubuntu0.10) ...
2026-10-08T03:18:52.5477212Z Selecting previously unselected package libgupnp-1.6-0:amd64.
2026-10-08T03:18:52.5610209Z Preparing to unpack .../141-libgupnp-1.6-0_1.6.6-1build3_amd64.deb ...
2026-10-08T03:18:52.5617847Z Unpacking libgupnp-1.6-0:amd64 (1.6.6-1build3) ...
2026-10-08T03:18:52.5855366Z Selecting previously unselected package libgupnp-igd-1.6-0:amd64.
2026-10-08T03:18:52.5965508Z Preparing to unpack .../142-libgupnp-igd-1.6-0_1.6.0-3build3_amd64.deb ...
2026-10-08T03:18:52.5971242Z Unpacking libgupnp-igd-1.6-0:amd64 (1.6.0-3build3) ...
2026-10-08T03:18:52.6135127Z Selecting previously unselected package libharfbuzz-icu0:amd64.
2026-10-08T03:18:52.6241669Z Preparing to unpack .../143-libharfbuzz-icu0_8.3.0-2build2_amd64.deb ...
2026-10-08T03:18:52.6247585Z Unpacking libharfbuzz-icu0:amd64 (8.3.0-2build2) ...
2026-10-08T03:18:52.6446402Z Selecting previously unselected package libhyphen0:amd64.
2026-10-08T03:18:52.6551105Z Preparing to unpack .../144-libhyphen0_2.8.8-7build3_amd64.deb ...
2026-10-08T03:18:52.6556782Z Unpacking libhyphen0:amd64 (2.8.8-7build3) ...
2026-10-08T03:18:52.6721184Z Selecting previously unselected package libimath-3-1-29t64:amd64.
2026-10-08T03:18:52.6826536Z Preparing to unpack .../145-libimath-3-1-29t64_3.1.9-3.1ubuntu2_amd64.deb ...
2026-10-08T03:18:52.6832370Z Unpacking libimath-3-1-29t64:amd64 (3.1.9-3.1ubuntu2) ...
2026-10-08T03:18:52.7006794Z Selecting previously unselected package liblc3-1:amd64.
2026-10-08T03:18:52.7111250Z Preparing to unpack .../146-liblc3-1_1.0.4-3build1_amd64.deb ...
2026-10-08T03:18:52.7116642Z Unpacking liblc3-1:amd64 (1.0.4-3build1) ...
2026-10-08T03:18:52.7617767Z Selecting previously unselected package libldacbt-enc2:amd64.
2026-10-08T03:18:52.7725707Z Preparing to unpack .../147-libldacbt-enc2_2.0.2.3+git20200429+ed310a0-4ubuntu2_amd64.deb ...
2026-10-08T03:18:52.7731518Z Unpacking libldacbt-enc2:amd64 (2.0.2.3+git20200429+ed310a0-4ubuntu2) ...
2026-10-08T03:18:52.7901589Z Selecting previously unselected package libraptor2-0:amd64.
2026-10-08T03:18:52.8008967Z Preparing to unpack .../148-libraptor2-0_2.0.16-3ubuntu0.1_amd64.deb ...
2026-10-08T03:18:52.8014938Z Unpacking libraptor2-0:amd64 (2.0.16-3ubuntu0.1) ...
2026-10-08T03:18:52.8196063Z Selecting previously unselected package liblrdf0:amd64.
2026-10-08T03:18:52.8301529Z Preparing to unpack .../149-liblrdf0_0.6.1-4build1_amd64.deb ...
2026-10-08T03:18:52.8307054Z Unpacking liblrdf0:amd64 (0.6.1-4build1) ...
2026-10-08T03:18:52.8476810Z Selecting previously unselected package libltc11:amd64.
2026-10-08T03:18:52.8583644Z Preparing to unpack .../150-libltc11_1.3.2-1build1_amd64.deb ...
2026-10-08T03:18:52.8589595Z Unpacking libltc11:amd64 (1.3.2-1build1) ...
2026-10-08T03:18:52.8752143Z Selecting previously unselected package libmanette-0.2-0:amd64.
2026-10-08T03:18:52.8860848Z Preparing to unpack .../151-libmanette-0.2-0_0.2.7-1build2_amd64.deb ...
2026-10-08T03:18:52.8866368Z Unpacking libmanette-0.2-0:amd64 (0.2.7-1build2) ...
2026-10-08T03:18:52.9041284Z Selecting previously unselected package libmfx1:amd64.
2026-10-08T03:18:52.9148267Z Preparing to unpack .../152-libmfx1_22.5.4-1_amd64.deb ...
2026-10-08T03:18:52.9154889Z Unpacking libmfx1:amd64 (22.5.4-1) ...
2026-10-08T03:18:53.0752454Z Selecting previously unselected package libmjpegutils-2.1-0t64:amd64.
2026-10-08T03:18:53.0863628Z Preparing to unpack .../153-libmjpegutils-2.1-0t64_1%3a2.1.0+debian-8.1build1_amd64.deb ...
2026-10-08T03:18:53.0870066Z Unpacking libmjpegutils-2.1-0t64:amd64 (1:2.1.0+debian-8.1build1) ...
2026-10-08T03:18:53.1040851Z Selecting previously unselected package libmodplug1:amd64.
2026-10-08T03:18:53.1149261Z Preparing to unpack .../154-libmodplug1_1%3a0.8.9.0-3build1_amd64.deb ...
2026-10-08T03:18:53.1154936Z Unpacking libmodplug1:amd64 (1:0.8.9.0-3build1) ...
2026-10-08T03:18:53.1329909Z Selecting previously unselected package libmpcdec6:amd64.
2026-10-08T03:18:53.1437547Z Preparing to unpack .../155-libmpcdec6_2%3a0.1~r495-2build1_amd64.deb ...
2026-10-08T03:18:53.1445064Z Unpacking libmpcdec6:amd64 (2:0.1~r495-2build1) ...
2026-10-08T03:18:53.1608527Z Selecting previously unselected package libmpeg2encpp-2.1-0t64:amd64.
2026-10-08T03:18:53.1719232Z Preparing to unpack .../156-libmpeg2encpp-2.1-0t64_1%3a2.1.0+debian-8.1build1_amd64.deb ...
2026-10-08T03:18:53.1728160Z Unpacking libmpeg2encpp-2.1-0t64:amd64 (1:2.1.0+debian-8.1build1) ...
2026-10-08T03:18:53.2826647Z Selecting previously unselected package libmplex2-2.1-0t64:amd64.
2026-10-08T03:18:53.2937611Z Preparing to unpack .../157-libmplex2-2.1-0t64_1%3a2.1.0+debian-8.1build1_amd64.deb ...
2026-10-08T03:18:53.2943459Z Unpacking libmplex2-2.1-0t64:amd64 (1:2.1.0+debian-8.1build1) ...
2026-10-08T03:18:53.3110350Z Selecting previously unselected package libneon27t64:amd64.
2026-10-08T03:18:53.3217095Z Preparing to unpack .../158-libneon27t64_0.33.0-1.1build3_amd64.deb ...
2026-10-08T03:18:53.3223898Z Unpacking libneon27t64:amd64 (0.33.0-1.1build3) ...
2026-10-08T03:18:53.3404630Z Selecting previously unselected package libnice10:amd64.
2026-10-08T03:18:53.3510880Z Preparing to unpack .../159-libnice10_0.1.21-2build3_amd64.deb ...
2026-10-08T03:18:53.3518010Z Unpacking libnice10:amd64 (0.1.21-2build3) ...
2026-10-08T03:18:53.4335521Z Selecting previously unselected package libopenal-data.
2026-10-08T03:18:53.4445640Z Preparing to unpack .../160-libopenal-data_1%3a1.23.1-4build1_all.deb ...
2026-10-08T03:18:53.4451145Z Unpacking libopenal-data (1:1.23.1-4build1) ...
2026-10-08T03:18:53.4639568Z Selecting previously unselected package libopenexr-3-1-30:amd64.
2026-10-08T03:18:53.4749015Z Preparing to unpack .../161-libopenexr-3-1-30_3.1.5-5.1build3_amd64.deb ...
2026-10-08T03:18:53.4756616Z Unpacking libopenexr-3-1-30:amd64 (3.1.5-5.1build3) ...
2026-10-08T03:18:53.5061786Z Selecting previously unselected package libopenh264-7:amd64.
2026-10-08T03:18:53.5172426Z Preparing to unpack .../162-libopenh264-7_2.4.1+dfsg-1_amd64.deb ...
2026-10-08T03:18:53.5547086Z Unpacking libopenh264-7:amd64 (2.4.1+dfsg-1) ...
2026-10-08T03:18:53.5757558Z Selecting previously unselected package libopenni2-0:amd64.
2026-10-08T03:18:53.5867234Z Preparing to unpack .../163-libopenni2-0_2.2.0.33+dfsg-18_amd64.deb ...
2026-10-08T03:18:53.5890944Z Unpacking libopenni2-0:amd64 (2.2.0.33+dfsg-18) ...
2026-10-08T03:18:53.6098363Z Selecting previously unselected package libqrencode4:amd64.
2026-10-08T03:18:53.6207013Z Preparing to unpack .../164-libqrencode4_4.1.1-1build2_amd64.deb ...
2026-10-08T03:18:53.6213004Z Unpacking libqrencode4:amd64 (4.1.1-1build2) ...
2026-10-08T03:18:53.6366945Z Selecting previously unselected package libsecret-common.
2026-10-08T03:18:53.6472299Z Preparing to unpack .../165-libsecret-common_0.21.4-1build3_all.deb ...
2026-10-08T03:18:53.8076367Z Unpacking libsecret-common (0.21.4-1build3) ...
2026-10-08T03:18:53.8476177Z Selecting previously unselected package libsecret-1-0:amd64.
2026-10-08T03:18:53.8587997Z Preparing to unpack .../166-libsecret-1-0_0.21.4-1build3_amd64.deb ...
2026-10-08T03:18:53.8593504Z Unpacking libsecret-1-0:amd64 (0.21.4-1build3) ...
2026-10-08T03:18:53.8777403Z Selecting previously unselected package libsndio7.0:amd64.
2026-10-08T03:18:53.8888451Z Preparing to unpack .../167-libsndio7.0_1.9.0-0.3build3_amd64.deb ...
2026-10-08T03:18:53.8896001Z Unpacking libsndio7.0:amd64 (1.9.0-0.3build3) ...
2026-10-08T03:18:53.9069223Z Selecting previously unselected package libsoundtouch1:amd64.
2026-10-08T03:18:53.9180431Z Preparing to unpack .../168-libsoundtouch1_2.3.2+ds1-1build1_amd64.deb ...
2026-10-08T03:18:53.9188083Z Unpacking libsoundtouch1:amd64 (2.3.2+ds1-1build1) ...
2026-10-08T03:18:53.9369453Z Selecting previously unselected package libspandsp2t64:amd64.
2026-10-08T03:18:53.9481465Z Preparing to unpack .../169-libspandsp2t64_0.0.6+dfsg-2.1build1_amd64.deb ...
2026-10-08T03:18:53.9487349Z Unpacking libspandsp2t64:amd64 (0.0.6+dfsg-2.1build1) ...
2026-10-08T03:18:53.9687940Z Selecting previously unselected package libsrtp2-1:amd64.
2026-10-08T03:18:53.9799334Z Preparing to unpack .../170-libsrtp2-1_2.5.0-3build1_amd64.deb ...
2026-10-08T03:18:53.9810926Z Unpacking libsrtp2-1:amd64 (2.5.0-3build1) ...
2026-10-08T03:18:53.9979797Z Selecting previously unselected package libwayland-server0:amd64.
2026-10-08T03:18:54.0089389Z Preparing to unpack .../171-libwayland-server0_1.22.0-2.1build1_amd64.deb ...
2026-10-08T03:18:54.0094857Z Unpacking libwayland-server0:amd64 (1.22.0-2.1build1) ...
2026-10-08T03:18:54.0466751Z Selecting previously unselected package libwildmidi2:amd64.
2026-10-08T03:18:54.0575808Z Preparing to unpack .../172-libwildmidi2_0.4.3-1build3_amd64.deb ...
2026-10-08T03:18:54.0581862Z Unpacking libwildmidi2:amd64 (0.4.3-1build3) ...
2026-10-08T03:18:54.0753934Z Selecting previously unselected package libwoff1:amd64.
2026-10-08T03:18:54.0861544Z Preparing to unpack .../173-libwoff1_1.0.2-2build1_amd64.deb ...
2026-10-08T03:18:54.0867575Z Unpacking libwoff1:amd64 (1.0.2-2build1) ...
2026-10-08T03:18:54.1041210Z Selecting previously unselected package libxcb-xkb1:amd64.
2026-10-08T03:18:54.1148289Z Preparing to unpack .../174-libxcb-xkb1_1.15-1ubuntu2_amd64.deb ...
2026-10-08T03:18:54.1153573Z Unpacking libxcb-xkb1:amd64 (1.15-1ubuntu2) ...
2026-10-08T03:18:54.1317334Z Selecting previously unselected package libxkbcommon-x11-0:amd64.
2026-10-08T03:18:54.1422709Z Preparing to unpack .../175-libxkbcommon-x11-0_1.6.0-1build1_amd64.deb ...
2026-10-08T03:18:54.1429208Z Unpacking libxkbcommon-x11-0:amd64 (1.6.0-1build1) ...
2026-10-08T03:18:54.1598532Z Selecting previously unselected package libzbar0t64:amd64.
2026-10-08T03:18:54.1706761Z Preparing to unpack .../176-libzbar0t64_0.23.93-4build3_amd64.deb ...
2026-10-08T03:18:54.1712038Z Unpacking libzbar0t64:amd64 (0.23.93-4build3) ...
2026-10-08T03:18:54.1887278Z Selecting previously unselected package libzxing3:amd64.
2026-10-08T03:18:54.1994158Z Preparing to unpack .../177-libzxing3_2.2.1-3_amd64.deb ...
2026-10-08T03:18:54.1999033Z Unpacking libzxing3:amd64 (2.2.1-3) ...
2026-10-08T03:18:54.2197245Z Selecting previously unselected package xfonts-encodings.
2026-10-08T03:18:54.2303088Z Preparing to unpack .../178-xfonts-encodings_1%3a1.0.5-0ubuntu2_all.deb ...
2026-10-08T03:18:54.2309869Z Unpacking xfonts-encodings (1:1.0.5-0ubuntu2) ...
2026-10-08T03:18:54.2534475Z Selecting previously unselected package xfonts-utils.
2026-10-08T03:18:54.2639242Z Preparing to unpack .../179-xfonts-utils_1%3a7.7+6build3_amd64.deb ...
2026-10-08T03:18:54.2644659Z Unpacking xfonts-utils (1:7.7+6build3) ...
2026-10-08T03:18:54.3092948Z Selecting previously unselected package xfonts-cyrillic.
2026-10-08T03:18:54.3202793Z Preparing to unpack .../180-xfonts-cyrillic_1%3a1.0.5+nmu1_all.deb ...
2026-10-08T03:18:54.3208278Z Unpacking xfonts-cyrillic (1:1.0.5+nmu1) ...
2026-10-08T03:18:54.3479047Z Selecting previously unselected package xfonts-scalable.
2026-10-08T03:18:54.3587274Z Preparing to unpack .../181-xfonts-scalable_1%3a1.0.3-1.3_all.deb ...
2026-10-08T03:18:54.3593383Z Unpacking xfonts-scalable (1:1.0.3-1.3) ...
2026-10-08T03:18:54.3796346Z Selecting previously unselected package libgstreamer-plugins-bad1.0-0:amd64.
2026-10-08T03:18:54.3906549Z Preparing to unpack .../182-libgstreamer-plugins-bad1.0-0_1.24.2-1ubuntu4_amd64.deb ...
2026-10-08T03:18:54.3912438Z Unpacking libgstreamer-plugins-bad1.0-0:amd64 (1.24.2-1ubuntu4) ...
2026-10-08T03:18:54.4214777Z Selecting previously unselected package libdca0:amd64.
2026-10-08T03:18:54.4328615Z Preparing to unpack .../183-libdca0_0.0.7-2build1_amd64.deb ...
2026-10-08T03:18:54.4334688Z Unpacking libdca0:amd64 (0.0.7-2build1) ...
2026-10-08T03:18:54.4518501Z Selecting previously unselected package libopenal1:amd64.
2026-10-08T03:18:54.4630293Z Preparing to unpack .../184-libopenal1_1%3a1.23.1-4build1_amd64.deb ...
2026-10-08T03:18:54.4638725Z Unpacking libopenal1:amd64 (1:1.23.1-4build1) ...
2026-10-08T03:18:54.4844650Z Selecting previously unselected package libsbc1:amd64.
2026-10-08T03:18:54.4954644Z Preparing to unpack .../185-libsbc1_2.0-1build1_amd64.deb ...
2026-10-08T03:18:54.5475339Z Unpacking libsbc1:amd64 (2.0-1build1) ...
2026-10-08T03:18:54.5645597Z Selecting previously unselected package libvo-aacenc0:amd64.
2026-10-08T03:18:54.5756897Z Preparing to unpack .../186-libvo-aacenc0_0.1.3-2build1_amd64.deb ...
2026-10-08T03:18:54.5764262Z Unpacking libvo-aacenc0:amd64 (0.1.3-2build1) ...
2026-10-08T03:18:54.5933445Z Selecting previously unselected package libvo-amrwbenc0:amd64.
2026-10-08T03:18:54.6043227Z Preparing to unpack .../187-libvo-amrwbenc0_0.1.3-2build1_amd64.deb ...
2026-10-08T03:18:54.6048791Z Unpacking libvo-amrwbenc0:amd64 (0.1.3-2build1) ...
2026-10-08T03:18:54.6213383Z Selecting previously unselected package gstreamer1.0-plugins-bad:amd64.
2026-10-08T03:18:54.6321820Z Preparing to unpack .../188-gstreamer1.0-plugins-bad_1.24.2-1ubuntu4_amd64.deb ...
2026-10-08T03:18:54.6328069Z Unpacking gstreamer1.0-plugins-bad:amd64 (1.24.2-1ubuntu4) ...
2026-10-08T03:18:54.9623179Z Setting up libgme0:amd64 (0.6.3-7build1) ...
2026-10-08T03:18:55.0819607Z Setting up libchromaprint1:amd64 (1.5.1-5) ...
2026-10-08T03:18:55.0833554Z Setting up libssh-gcrypt-4:amd64 (0.10.6-2ubuntu0.5) ...
2026-10-08T03:18:55.0847919Z Setting up libhwy1t64:amd64 (1.0.7-8.1build1) ...
2026-10-08T03:18:55.0860813Z Setting up libfreeaptx0:amd64 (0.1.1-2build1) ...
2026-10-08T03:18:55.0875040Z Setting up libdvdread8t64:amd64 (6.1.3-1.1build1) ...
2026-10-08T03:18:55.0891736Z Setting up libudfread0:amd64 (1.1.2-1build1) ...
2026-10-08T03:18:55.0905247Z Setting up libmodplug1:amd64 (1:0.8.9.0-3build1) ...
2026-10-08T03:18:55.0920826Z Setting up libcdparanoia0:amd64 (3.10.2+debian-14build3) ...
2026-10-08T03:18:55.0936274Z Setting up libwayland-server0:amd64 (1.22.0-2.1build1) ...
2026-10-08T03:18:55.0950789Z Setting up libvo-amrwbenc0:amd64 (0.1.3-2build1) ...
2026-10-08T03:18:55.0968092Z Setting up mesa-libgallium:amd64 (25.2.8-0ubuntu0.24.04.4) ...
2026-10-08T03:18:55.0983824Z Setting up session-migration (0.3.9build1) ...
2026-10-08T03:18:55.1975928Z Created symlink /etc/systemd/user/graphical-session-pre.target.wants/session-migration.service → /usr/lib/systemd/user/session-migration.service.
2026-10-08T03:18:55.1976572Z 
2026-10-08T03:18:55.1998269Z Setting up libraw1394-11:amd64 (2.1.2-2build3) ...
2026-10-08T03:18:55.3138394Z Setting up libsbc1:amd64 (2.0-1build1) ...
2026-10-08T03:18:55.3151971Z Setting up libproxy1v5:amd64 (0.5.4-4build1) ...
2026-10-08T03:18:55.3167256Z Setting up libneon27t64:amd64 (0.33.0-1.1build3) ...
2026-10-08T03:18:55.3181677Z Setting up libtag1v5-vanilla:amd64 (1.13.1-1build1) ...
2026-10-08T03:18:55.3198406Z Setting up libharfbuzz-icu0:amd64 (8.3.0-2build2) ...
2026-10-08T03:18:55.3212892Z Setting up libopenni2-0:amd64 (2.2.0.33+dfsg-18) ...
2026-10-08T03:18:55.3405706Z Setting up libspeex1:amd64 (1.2.1-2ubuntu2.24.04.1) ...
2026-10-08T03:18:55.3421787Z Setting up libshine3:amd64 (3.1.1-2build1) ...
2026-10-08T03:18:55.3435026Z Setting up libcaca0:amd64 (0.99.beta20-4ubuntu0.2) ...
2026-10-08T03:18:55.3451849Z Setting up libvpl2 (2023.3.0-1build1) ...
2026-10-08T03:18:55.3465967Z Setting up libv4lconvert0t64:amd64 (1.26.1-4build3) ...
2026-10-08T03:18:55.3479343Z Setting up libx264-164:amd64 (2:0.164.3108+git31e19f9-1) ...
2026-10-08T03:18:55.3495114Z Setting up libtwolame0:amd64 (0.4.0-2build3) ...
2026-10-08T03:18:55.3510303Z Setting up libmbedcrypto7t64:amd64 (2.28.8-1) ...
2026-10-08T03:18:55.3523547Z Setting up libwoff1:amd64 (1.0.2-2build1) ...
2026-10-08T03:18:55.3538017Z Setting up liblc3-1:amd64 (1.0.4-3build1) ...
2026-10-08T03:18:55.3551584Z Setting up libqrencode4:amd64 (4.1.1-1build2) ...
2026-10-08T03:18:55.3567439Z Setting up libhyphen0:amd64 (2.8.8-7build3) ...
2026-10-08T03:18:55.3586990Z Setting up libgbm1:amd64 (25.2.8-0ubuntu0.24.04.4) ...
2026-10-08T03:18:55.3605716Z Setting up libgsm1:amd64 (1.0.22-1build1) ...
2026-10-08T03:18:55.3620052Z Setting up libvisual-0.4-0:amd64 (0.4.2-2build1) ...
2026-10-08T03:18:55.3633513Z Setting up libsoxr0:amd64 (0.1.3-4build3) ...
2026-10-08T03:18:55.3649180Z Setting up libzix-0-0:amd64 (0.4.2-2build1) ...
2026-10-08T03:18:55.3663571Z Setting up libcodec2-1.2:amd64 (1.2.0-2build1) ...
2026-10-08T03:18:55.3678622Z Setting up libmanette-0.2-0:amd64 (0.2.7-1build2) ...
2026-10-08T03:18:55.3691446Z Setting up libsrtp2-1:amd64 (2.5.0-3build1) ...
2026-10-08T03:18:55.3705567Z Setting up libgl1-mesa-dri:amd64 (25.2.8-0ubuntu0.24.04.4) ...
2026-10-08T03:18:55.3766552Z Setting up libmysofa1:amd64 (1.3.2+dfsg-2ubuntu2) ...
2026-10-08T03:18:55.3780133Z Setting up libraptor2-0:amd64 (2.0.16-3ubuntu0.1) ...
2026-10-08T03:18:55.3794674Z Setting up libldacbt-enc2:amd64 (2.0.2.3+git20200429+ed310a0-4ubuntu2) ...
2026-10-08T03:18:55.3809791Z Setting up fonts-wqy-zenhei (0.9.45-8) ...
2026-10-08T03:18:55.3902526Z Setting up libwebrtc-audio-processing1:amd64 (0.3.1-0ubuntu6) ...
2026-10-08T03:18:55.3917057Z Setting up fonts-freefont-ttf (20211204+svn4273-2) ...
2026-10-08T03:18:55.3931203Z Setting up libevent-2.1-7t64:amd64 (2.1.12-stable-9ubuntu2.2) ...
2026-10-08T03:18:55.3947334Z Setting up libsvtav1enc1d1:amd64 (1.7.0+dfsg-2build1) ...
2026-10-08T03:18:55.3963024Z Setting up libsoup-3.0-common (3.4.4-5ubuntu0.9) ...
2026-10-08T03:18:55.3977138Z Setting up libmpg123-0t64:amd64 (1.32.5-1ubuntu1.1) ...
2026-10-08T03:18:55.3993020Z Setting up libcjson1:amd64 (1.7.17-1) ...
2026-10-08T03:18:55.4006166Z Setting up libxvidcore4:amd64 (2:1.3.7-1build1) ...
2026-10-08T03:18:55.4019448Z Setting up libmpcdec6:amd64 (2:0.1~r495-2build1) ...
2026-10-08T03:18:55.4035764Z Setting up libmjpegutils-2.1-0t64:amd64 (1:2.1.0+debian-8.1build1) ...
2026-10-08T03:18:55.4048863Z Setting up librav1e0:amd64 (0.7.1-2) ...
2026-10-08T03:18:55.4064165Z Setting up liborc-0.4-0t64:amd64 (1:0.4.38-1ubuntu0.1) ...
2026-10-08T03:18:55.4080404Z Setting up libxcb-xkb1:amd64 (1.15-1ubuntu2) ...
2026-10-08T03:18:55.4093726Z Setting up libvo-aacenc0:amd64 (0.1.3-2build1) ...
2026-10-08T03:18:55.4113854Z Setting up librist4:amd64 (0.2.10+dfsg-2) ...
2026-10-08T03:18:55.4128192Z Setting up librsvg2-2:amd64 (2.58.0+dfsg-1ubuntu0.1) ...
2026-10-08T03:18:55.5534259Z Setting up libblas3:amd64 (3.12.0-3build1.1) ...
2026-10-08T03:18:55.5587483Z update-alternatives: using /usr/lib/x86_64-linux-gnu/blas/libblas.so.3 to provide /usr/lib/x86_64-linux-gnu/libblas.so.3 (libblas.so.3-x86_64-linux-gnu) in auto mode
2026-10-08T03:18:55.5601321Z Setting up libegl-mesa0:amd64 (25.2.8-0ubuntu0.24.04.4) ...
2026-10-08T03:18:55.5618244Z Setting up libsoundtouch1:amd64 (2.3.2+ds1-1build1) ...
2026-10-08T03:18:55.5634264Z Setting up libplacebo338:amd64 (6.338.2-2build1) ...
2026-10-08T03:18:55.5649101Z Setting up libgles2:amd64 (1.7.0-1build1) ...
2026-10-08T03:18:55.5666254Z Setting up fonts-tlwg-loma-otf (1:0.7.3-1) ...
2026-10-08T03:18:55.5680138Z Setting up libva2:amd64 (2.20.0-2ubuntu0.2) ...
2026-10-08T03:18:55.5697111Z Setting up libspa-0.2-modules:amd64 (1.0.5-1ubuntu3.3) ...
2026-10-08T03:18:55.5711991Z Setting up libzxing3:amd64 (2.2.1-3) ...
2026-10-08T03:18:55.5727792Z Setting up xfonts-encodings (1:1.0.5-0ubuntu2) ...
2026-10-08T03:18:55.5742763Z Setting up libopus0:amd64 (1.4-1build1) ...
2026-10-08T03:18:55.5755423Z Setting up libfaad2:amd64 (2.11.1-1build1) ...
2026-10-08T03:18:55.5769519Z Setting up libxkbcommon-x11-0:amd64 (1.6.0-1build1) ...
2026-10-08T03:18:55.5785124Z Setting up libdc1394-25:amd64 (2.2.6-4build1) ...
2026-10-08T03:18:55.5802300Z Setting up libpng16-16t64:amd64 (1.6.43-5ubuntu0.7) ...
2026-10-08T03:18:55.5817667Z Setting up libimath-3-1-29t64:amd64 (3.1.9-3.1ubuntu2) ...
2026-10-08T03:18:55.5833564Z Setting up libunibreak5:amd64 (5.1-2build1) ...
2026-10-08T03:18:55.5848416Z Setting up libdv4t64:amd64 (1.0.0-17.1build1) ...
2026-10-08T03:18:55.5864165Z Setting up libjxl0.7:amd64 (0.7.0-10.2ubuntu6.1) ...
2026-10-08T03:18:55.5878303Z Setting up libopenh264-7:amd64 (2.4.1+dfsg-1) ...
2026-10-08T03:18:55.5892480Z Setting up libltc11:amd64 (1.3.2-1build1) ...
2026-10-08T03:18:55.5911097Z Setting up libx265-199:amd64 (3.5-2build1) ...
2026-10-08T03:18:55.6312255Z Setting up libv4l-0t64:amd64 (1.26.1-4build3) ...
2026-10-08T03:18:55.6325970Z Setting up libavtp0:amd64 (0.2.0-1build1) ...
2026-10-08T03:18:55.6341815Z Setting up libsndio7.0:amd64 (1.9.0-0.3build3) ...
2026-10-08T03:18:55.6356488Z Setting up libdirectfb-1.7-7t64:amd64 (1.7.7-11.1ubuntu2) ...
2026-10-08T03:18:55.6369638Z Setting up libspandsp2t64:amd64 (0.0.6+dfsg-2.1build1) ...
2026-10-08T03:18:55.6383798Z Setting up libvidstab1.1:amd64 (1.1.0-2build1) ...
2026-10-08T03:18:55.6404338Z Setting up libvpx9:amd64 (1.14.0-1ubuntu2.3) ...
2026-10-08T03:18:55.6421387Z Setting up libsrt1.5-gnutls:amd64 (1.5.3-1build2) ...
2026-10-08T03:18:55.7732063Z Setting up libtag1v5:amd64 (1.13.1-1build1) ...
2026-10-08T03:18:55.7748075Z Setting up libflite1:amd64 (2.2-6build3) ...
2026-10-08T03:18:55.7761351Z Setting up libdav1d7:amd64 (1.4.1-1build1) ...
2026-10-08T03:18:55.7775706Z Setting up libva-drm2:amd64 (2.20.0-2ubuntu0.2) ...
2026-10-08T03:18:55.7788229Z Setting up fonts-ipafont-gothic (00303-21ubuntu1) ...
2026-10-08T03:18:55.7843284Z update-alternatives: using /usr/share/fonts/opentype/ipafont-gothic/ipag.ttf to provide /usr/share/fonts/truetype/fonts-japanese-gothic.ttf (fonts-japanese-gothic.ttf) in auto mode
2026-10-08T03:18:55.7857402Z Setting up ocl-icd-libopencl1:amd64 (2.3.2-1build1) ...
2026-10-08T03:18:55.7870415Z Setting up libasyncns0:amd64 (0.8-6build4) ...
2026-10-08T03:18:55.7885633Z Setting up libwildmidi2:amd64 (0.4.3-1build3) ...
2026-10-08T03:18:55.7902781Z Setting up libvdpau1:amd64 (1.5-2build1) ...
2026-10-08T03:18:55.7922135Z Setting up libwavpack1:amd64 (5.6.0-1build1) ...
2026-10-08T03:18:55.7935744Z Setting up libbs2b0:amd64 (3.1.0+dfsg-7build1) ...
2026-10-08T03:18:55.7948615Z Setting up libtheora0:amd64 (1.1.1+dfsg.1-16.1build3) ...
2026-10-08T03:18:55.7962657Z Setting up libegl1:amd64 (1.7.0-1build1) ...
2026-10-08T03:18:55.7975059Z Setting up libdecor-0-0:amd64 (0.2.2-1build2) ...
2026-10-08T03:18:55.7987666Z Setting up libdca0:amd64 (0.0.7-2build1) ...
2026-10-08T03:18:55.8004259Z Setting up libzimg2:amd64 (3.0.5+ds1-1build1) ...
2026-10-08T03:18:55.8018608Z Setting up libopenal-data (1:1.23.1-4build1) ...
2026-10-08T03:18:55.8038819Z Setting up libevent-core-2.1-7t64:amd64 (2.1.12-stable-9ubuntu2.2) ...
2026-10-08T03:18:55.9346199Z Setting up libabsl20220623t64:amd64 (20220623.1-3.1ubuntu3.2) ...
2026-10-08T03:18:55.9359043Z Setting up libflac12t64:amd64 (1.4.3+ds-2.1ubuntu2) ...
2026-10-08T03:18:55.9374265Z Setting up libgtk-4-common (4.14.5+ds-0ubuntu0.10) ...
2026-10-08T03:18:55.9388608Z Setting up libmpeg2encpp-2.1-0t64:amd64 (1:2.1.0+debian-8.1build1) ...
2026-10-08T03:18:55.9405323Z Setting up glib-networking-common (2.80.0-1build1) ...
2026-10-08T03:18:55.9423753Z Setting up libmfx1:amd64 (22.5.4-1) ...
2026-10-08T03:18:55.9437018Z Setting up libde265-0:amd64 (1.0.15-1ubuntu0.1) ...
2026-10-08T03:18:55.9451450Z Setting up libsamplerate0:amd64 (0.2.2-4build1) ...
2026-10-08T03:18:55.9464744Z Setting up timgm6mb-soundfont (1.3-5) ...
2026-10-08T03:18:55.9532446Z update-alternatives: using /usr/share/sounds/sf2/TimGM6mb.sf2 to provide /usr/share/sounds/sf2/default-GM.sf2 (default-GM.sf2) in auto mode
2026-10-08T03:18:56.0086094Z update-alternatives: using /usr/share/sounds/sf2/TimGM6mb.sf2 to provide /usr/share/sounds/sf3/default-GM.sf3 (default-GM.sf3) in auto mode
2026-10-08T03:18:56.0098782Z Setting up libva-x11-2:amd64 (2.20.0-2ubuntu0.2) ...
2026-10-08T03:18:56.0112666Z Setting up libyuv0:amd64 (0.0~git202401110.af6ac82-1) ...
2026-10-08T03:18:56.0128638Z Setting up libmplex2-2.1-0t64:amd64 (1:2.1.0+debian-8.1build1) ...
2026-10-08T03:18:56.0142015Z Setting up libpipewire-0.3-0t64:amd64 (1.0.5-1ubuntu3.3) ...
2026-10-08T03:18:56.0155822Z Setting up libopenmpt0t64:amd64 (0.7.3-1.1build3) ...
2026-10-08T03:18:56.0171270Z Setting up libzvbi-common (0.2.42-2) ...
2026-10-08T03:18:56.0184174Z Setting up libsecret-common (0.21.4-1build3) ...
2026-10-08T03:18:56.0199560Z Setting up libmp3lame0:amd64 (3.100-6build1) ...
2026-10-08T03:18:56.0212649Z Setting up libgraphene-1.0-0:amd64 (1.10.8-3build2) ...
2026-10-08T03:18:56.0226728Z Setting up libvorbisenc2:amd64 (1.3.7-1build3) ...
2026-10-08T03:18:56.0241206Z Setting up libdvdnav4:amd64 (6.1.1-3build1) ...
2026-10-08T03:18:56.0257437Z Setting up fonts-unifont (1:15.1.01-1build1) ...
2026-10-08T03:18:56.0270911Z Setting up libaa1:amd64 (1.4p5-51.1) ...
2026-10-08T03:18:56.0284843Z Setting up libiec61883-0:amd64 (1.2.0-6build1) ...
2026-10-08T03:18:56.0299956Z Setting up libserd-0-0:amd64 (0.32.2-1) ...
2026-10-08T03:18:56.0314882Z Setting up libavc1394-0:amd64 (0.5.4-5build3) ...
2026-10-08T03:18:56.0330719Z Setting up gsettings-desktop-schemas (46.1-0ubuntu1) ...
2026-10-08T03:18:56.0347975Z Setting up glib-networking-services (2.80.0-1build1) ...
2026-10-08T03:18:56.0361147Z Setting up liblapack3:amd64 (3.12.0-3build1.1) ...
2026-10-08T03:18:56.0413667Z update-alternatives: using /usr/lib/x86_64-linux-gnu/lapack/liblapack.so.3 to provide /usr/lib/x86_64-linux-gnu/liblapack.so.3 (liblapack.so.3-x86_64-linux-gnu) in auto mode
2026-10-08T03:18:56.0428321Z Setting up libglx-mesa0:amd64 (25.2.8-0ubuntu0.24.04.4) ...
2026-10-08T03:18:56.0449463Z Setting up libzvbi0t64:amd64 (0.2.42-2) ...
2026-10-08T03:18:56.0466627Z Setting up libevent-pthreads-2.1-7t64:amd64 (2.1.12-stable-9ubuntu2.2) ...
2026-10-08T03:18:56.0480176Z Setting up liblrdf0:amd64 (0.6.1-4build1) ...
2026-10-08T03:18:56.0493460Z Setting up libzbar0t64:amd64 (0.23.93-4build3) ...
2026-10-08T03:18:56.0512411Z Setting up libgstreamer-plugins-base1.0-0:amd64 (1.24.2-1ubuntu0.5) ...
2026-10-08T03:18:56.0530069Z Setting up libavutil58:amd64 (7:6.1.1-3ubuntu5) ...
2026-10-08T03:18:56.0543155Z Setting up libopenal1:amd64 (1:1.23.1-4build1) ...
2026-10-08T03:18:56.0560495Z Setting up libsecret-1-0:amd64 (0.21.4-1build3) ...
2026-10-08T03:18:56.0576966Z Setting up libgstreamer-plugins-good1.0-0:amd64 (1.24.2-1ubuntu1.8) ...
2026-10-08T03:18:56.0591683Z Setting up libgstreamer-gl1.0-0:amd64 (1.24.2-1ubuntu0.5) ...
2026-10-08T03:18:56.0607830Z Setting up gstreamer1.0-plugins-base:amd64 (1.24.2-1ubuntu0.5) ...
2026-10-08T03:18:56.0624674Z Setting up libfreetype6:amd64 (2.13.2+dfsg-1ubuntu0.2) ...
2026-10-08T03:18:56.0640032Z Setting up libswresample4:amd64 (7:6.1.1-3ubuntu5) ...
2026-10-08T03:18:56.0661326Z Setting up libopenexr-3-1-30:amd64 (3.1.5-5.1build3) ...
2026-10-08T03:18:56.0685359Z Setting up libshout3:amd64 (2.4.6-1build2) ...
2026-10-08T03:18:56.0700294Z Setting up libgav1-1:amd64 (0.18.0-1build3) ...
2026-10-08T03:18:56.0713822Z Setting up libavcodec60:amd64 (7:6.1.1-3ubuntu5) ...
2026-10-08T03:18:56.0730332Z Setting up librubberband2:amd64 (3.3.0+dfsg-2build1) ...
2026-10-08T03:18:56.0744332Z Setting up libjack-jackd2-0:amd64 (1.9.21~dfsg-3ubuntu3) ...
2026-10-08T03:18:56.0758211Z Setting up libsord-0-0:amd64 (0.16.16-2build1) ...
2026-10-08T03:18:56.0773071Z Setting up libpostproc57:amd64 (7:6.1.1-3ubuntu5) ...
2026-10-08T03:18:56.0787435Z Setting up libsratom-0-0:amd64 (0.6.16-1build1) ...
2026-10-08T03:18:56.0801874Z Setting up libsndfile1:amd64 (1.2.2-1ubuntu5.24.04.1) ...
2026-10-08T03:18:56.0819021Z Setting up libbluray2:amd64 (1:1.3.4-1build1) ...
2026-10-08T03:18:56.0832589Z Setting up liblilv-0-0:amd64 (0.24.22-1build1) ...
2026-10-08T03:18:56.0847976Z Setting up libinstpatch-1.0-2:amd64 (1.1.6-1build2) ...
2026-10-08T03:18:56.0864912Z Setting up libswscale7:amd64 (7:6.1.1-3ubuntu5) ...
2026-10-08T03:18:56.1273827Z Setting up libcairo-script-interpreter2:amd64 (1.18.0-3build1) ...
2026-10-08T03:18:56.1288049Z Setting up libavif16:amd64 (1.0.4-1ubuntu3) ...
2026-10-08T03:18:56.1307321Z Setting up libpulse0:amd64 (1:16.1+dfsg1-2ubuntu10.1) ...
2026-10-08T03:18:56.1364242Z Setting up libavformat60:amd64 (7:6.1.1-3ubuntu5) ...
2026-10-08T03:18:56.1381692Z Setting up xfonts-utils (1:7.7+6build3) ...
2026-10-08T03:18:56.1414763Z Setting up libsphinxbase3t64:amd64 (0.8+5prealpha+1-17build2) ...
2026-10-08T03:18:56.1430751Z Setting up libass9:amd64 (1:0.17.1-2build1) ...
2026-10-08T03:18:56.1446892Z Setting up xfonts-cyrillic (1:1.0.5+nmu1) ...
2026-10-08T03:18:56.1685778Z Setting up libsdl2-2.0-0:amd64 (2.30.0+dfsg-1ubuntu3.1) ...
2026-10-08T03:18:56.1701713Z Setting up xfonts-scalable (1:1.0.3-1.3) ...
2026-10-08T03:18:56.1925552Z Setting up libfluidsynth3:amd64 (2.3.4-1build3) ...
2026-10-08T03:18:56.1940563Z Setting up libpocketsphinx3:amd64 (0.8.0+real5prealpha+1-15ubuntu5) ...
2026-10-08T03:18:56.1953576Z Setting up libavfilter9:amd64 (7:6.1.1-3ubuntu5) ...
2026-10-08T03:18:56.1970470Z Setting up gstreamer1.0-libav:amd64 (1.24.1-1build1) ...
2026-10-08T03:18:56.2227763Z Processing triggers for fontconfig (2.15.0-1.1ubuntu2) ...
2026-10-08T03:18:56.8270321Z Processing triggers for libc-bin (2.39-0ubuntu8.9) ...
2026-10-08T03:18:57.0213127Z Processing triggers for man-db (2.12.0-4build2) ...
2026-10-08T03:18:57.0234091Z Not building database; man-db/auto-update is not 'true'.
2026-10-08T03:18:57.0256152Z Processing triggers for libglib2.0-0t64:amd64 (2.80.0-6ubuntu3.9) ...
2026-10-08T03:18:57.0678887Z Setting up libgtk-4-1:amd64 (4.14.5+ds-0ubuntu0.10) ...
2026-10-08T03:18:57.1979767Z Setting up glib-networking:amd64 (2.80.0-1build1) ...
2026-10-08T03:18:57.2010308Z Setting up libsoup-3.0-0:amd64 (3.4.4-5ubuntu0.9) ...
2026-10-08T03:18:57.2035850Z Setting up libgssdp-1.6-0:amd64 (1.6.3-1build3) ...
2026-10-08T03:18:57.2096432Z Setting up gstreamer1.0-plugins-good:amd64 (1.24.2-1ubuntu1.8) ...
2026-10-08T03:18:57.2114728Z Setting up libgupnp-1.6-0:amd64 (1.6.6-1build3) ...
2026-10-08T03:18:57.2166613Z Setting up libgupnp-igd-1.6-0:amd64 (1.6.0-3build3) ...
2026-10-08T03:18:57.2192952Z Setting up libnice10:amd64 (0.1.21-2build3) ...
2026-10-08T03:18:57.2233389Z Setting up libgstreamer-plugins-bad1.0-0:amd64 (1.24.2-1ubuntu4) ...
2026-10-08T03:18:57.2265568Z Setting up gstreamer1.0-plugins-bad:amd64 (1.24.2-1ubuntu4) ...
2026-10-08T03:18:57.2282330Z Processing triggers for libc-bin (2.39-0ubuntu8.9) ...
2026-10-08T03:18:57.7528751Z 
2026-10-08T03:18:57.7529295Z Running kernel seems to be up-to-date.
2026-10-08T03:18:57.7529598Z 
2026-10-08T03:18:57.7529752Z Restarting services...
2026-10-08T03:18:57.7591619Z  systemctl restart php8.3-fpm.service
2026-10-08T03:18:57.8475711Z 
2026-10-08T03:18:57.8477160Z No containers need to be restarted.
2026-10-08T03:18:57.8477432Z 
2026-10-08T03:18:57.8477771Z No user sessions are running outdated binaries.
2026-10-08T03:18:57.8478098Z 
2026-10-08T03:18:57.8478611Z No VM guests are running outdated hypervisor (qemu) binaries on this host.
2026-10-08T03:18:58.5897227Z Downloading Chrome for Testing 151.0.7922.34 (playwright chromium v1234) from https://cdn.playwright.dev/builds/cft/151.0.7922.34/linux64/chrome-linux64.zip
2026-10-08T03:18:59.5250843Z |                                                                                |   0% of 184.3 MiB
2026-10-08T03:18:59.7005048Z |■■■■■■■■                                                                        |  10% of 184.3 MiB
2026-10-08T03:18:59.7951108Z |■■■■■■■■■■■■■■■■                                                                |  20% of 184.3 MiB
2026-10-08T03:18:59.8777157Z |■■■■■■■■■■■■■■■■■■■■■■■■                                                        |  30% of 184.3 MiB
2026-10-08T03:18:59.9316295Z |■■■■■■■■■■■■■■■■■■■■■■■■■■■■■■■■                                                |  40% of 184.3 MiB
2026-10-08T03:18:59.9913634Z |■■■■■■■■■■■■■■■■■■■■■■■■■■■■■■■■■■■■■■■■                                        |  50% of 184.3 MiB
2026-10-08T03:19:00.0866619Z |■■■■■■■■■■■■■■■■■■■■■■■■■■■■■■■■■■■■■■■■■■■■■■■■                                |  60% of 184.3 MiB
2026-10-08T03:19:00.1491438Z |■■■■■■■■■■■■■■■■■■■■■■■■■■■■■■■■■■■■■■■■■■■■■■■■■■■■■■■■                        |  70% of 184.3 MiB
2026-10-08T03:19:00.1870523Z |■■■■■■■■■■■■■■■■■■■■■■■■■■■■■■■■■■■■■■■■■■■■■■■■■■■■■■■■■■■■■■■■                |  80% of 184.3 MiB
2026-10-08T03:19:00.2503975Z |■■■■■■■■■■■■■■■■■■■■■■■■■■■■■■■■■■■■■■■■■■■■■■■■■■■■■■■■■■■■■■■■■■■■■■■■        |  90% of 184.3 MiB
2026-10-08T03:19:00.3119349Z |■■■■■■■■■■■■■■■■■■■■■■■■■■■■■■■■■■■■■■■■■■■■■■■■■■■■■■■■■■■■■■■■■■■■■■■■■■■■■■■■| 100% of 184.3 MiB
2026-10-08T03:19:02.6438290Z Chrome for Testing 151.0.7922.34 (playwright chromium v1234) downloaded to /home/runner/.cache/ms-playwright/chromium-1234
2026-10-08T03:19:02.6441180Z Downloading Chrome Headless Shell 151.0.7922.34 (playwright chromium-headless-shell v1234) from https://cdn.playwright.dev/builds/cft/151.0.7922.34/linux64/chrome-headless-shell-linux64.zip
2026-10-08T03:19:03.5793823Z |                                                                                |   0% of 114.7 MiB
2026-10-08T03:19:03.6562472Z |■■■■■■■■                                                                        |  10% of 114.7 MiB
2026-10-08T03:19:03.7282495Z |■■■■■■■■■■■■■■■■                                                                |  20% of 114.7 MiB
2026-10-08T03:19:03.7655910Z |■■■■■■■■■■■■■■■■■■■■■■■■                                                        |  30% of 114.7 MiB
2026-10-08T03:19:03.8061219Z |■■■■■■■■■■■■■■■■■■■■■■■■■■■■■■■■                                                |  40% of 114.7 MiB
2026-10-08T03:19:03.8557397Z |■■■■■■■■■■■■■■■■■■■■■■■■■■■■■■■■■■■■■■■■                                        |  50% of 114.7 MiB
2026-10-08T03:19:03.8825822Z |■■■■■■■■■■■■■■■■■■■■■■■■■■■■■■■■■■■■■■■■■■■■■■■■                                |  60% of 114.7 MiB
2026-10-08T03:19:03.9101902Z |■■■■■■■■■■■■■■■■■■■■■■■■■■■■■■■■■■■■■■■■■■■■■■■■■■■■■■■■                        |  70% of 114.7 MiB
2026-10-08T03:19:03.9524182Z |■■■■■■■■■■■■■■■■■■■■■■■■■■■■■■■■■■■■■■■■■■■■■■■■■■■■■■■■■■■■■■■■                |  80% of 114.7 MiB
2026-10-08T03:19:03.9775405Z |■■■■■■■■■■■■■■■■■■■■■■■■■■■■■■■■■■■■■■■■■■■■■■■■■■■■■■■■■■■■■■■■■■■■■■■■        |  90% of 114.7 MiB
2026-10-08T03:19:04.0026472Z |■■■■■■■■■■■■■■■■■■■■■■■■■■■■■■■■■■■■■■■■■■■■■■■■■■■■■■■■■■■■■■■■■■■■■■■■■■■■■■■■| 100% of 114.7 MiB
2026-10-08T03:19:05.6862483Z Chrome Headless Shell 151.0.7922.34 (playwright chromium-headless-shell v1234) downloaded to /home/runner/.cache/ms-playwright/chromium_headless_shell-1234
2026-10-08T03:19:05.6865255Z Downloading Firefox 153.0 (playwright firefox v1538) from https://cdn.playwright.dev/dbazure/download/playwright/builds/firefox/1538/firefox-ubuntu-24.04.zip
2026-10-08T03:19:06.5794947Z |                                                                                |   0% of 108.2 MiB
2026-10-08T03:19:06.6876489Z |■■■■■■■■                                                                        |  10% of 108.2 MiB
2026-10-08T03:19:06.7466479Z |■■■■■■■■■■■■■■■■                                                                |  20% of 108.2 MiB
2026-10-08T03:19:06.7783894Z |■■■■■■■■■■■■■■■■■■■■■■■■                                                        |  30% of 108.2 MiB
2026-10-08T03:19:06.8164093Z |■■■■■■■■■■■■■■■■■■■■■■■■■■■■■■■■                                                |  40% of 108.2 MiB
2026-10-08T03:19:06.8583806Z |■■■■■■■■■■■■■■■■■■■■■■■■■■■■■■■■■■■■■■■■                                        |  50% of 108.2 MiB
2026-10-08T03:19:06.9011922Z |■■■■■■■■■■■■■■■■■■■■■■■■■■■■■■■■■■■■■■■■■■■■■■■■                                |  60% of 108.2 MiB
2026-10-08T03:19:06.9229136Z |■■■■■■■■■■■■■■■■■■■■■■■■■■■■■■■■■■■■■■■■■■■■■■■■■■■■■■■■                        |  70% of 108.2 MiB
2026-10-08T03:19:06.9495699Z |■■■■■■■■■■■■■■■■■■■■■■■■■■■■■■■■■■■■■■■■■■■■■■■■■■■■■■■■■■■■■■■■                |  80% of 108.2 MiB
2026-10-08T03:19:06.9888747Z |■■■■■■■■■■■■■■■■■■■■■■■■■■■■■■■■■■■■■■■■■■■■■■■■■■■■■■■■■■■■■■■■■■■■■■■■        |  90% of 108.2 MiB
2026-10-08T03:19:07.0097256Z |■■■■■■■■■■■■■■■■■■■■■■■■■■■■■■■■■■■■■■■■■■■■■■■■■■■■■■■■■■■■■■■■■■■■■■■■■■■■■■■■| 100% of 108.2 MiB
2026-10-08T03:19:08.5936560Z Firefox 153.0 (playwright firefox v1538) downloaded to /home/runner/.cache/ms-playwright/firefox-1538
2026-10-08T03:19:08.5938837Z Downloading WebKit 26.5 (playwright webkit v2336) from https://cdn.playwright.dev/dbazure/download/playwright/builds/webkit/2336/webkit-ubuntu-24.04.zip
2026-10-08T03:19:09.4892704Z |                                                                                |   0% of 102 MiB
2026-10-08T03:19:09.5991116Z |■■■■■■■■                                                                        |  10% of 102 MiB
2026-10-08T03:19:09.6468396Z |■■■■■■■■■■■■■■■■                                                                |  20% of 102 MiB
2026-10-08T03:19:09.6860391Z |■■■■■■■■■■■■■■■■■■■■■■■■                                                        |  30% of 102 MiB
2026-10-08T03:19:09.7179063Z |■■■■■■■■■■■■■■■■■■■■■■■■■■■■■■■■                                                |  40% of 102 MiB
2026-10-08T03:19:09.7555880Z |■■■■■■■■■■■■■■■■■■■■■■■■■■■■■■■■■■■■■■■■                                        |  50% of 102 MiB
2026-10-08T03:19:09.7996643Z |■■■■■■■■■■■■■■■■■■■■■■■■■■■■■■■■■■■■■■■■■■■■■■■■                                |  60% of 102 MiB
2026-10-08T03:19:09.8229672Z |■■■■■■■■■■■■■■■■■■■■■■■■■■■■■■■■■■■■■■■■■■■■■■■■■■■■■■■■                        |  70% of 102 MiB
2026-10-08T03:19:09.8437106Z |■■■■■■■■■■■■■■■■■■■■■■■■■■■■■■■■■■■■■■■■■■■■■■■■■■■■■■■■■■■■■■■■                |  80% of 102 MiB
2026-10-08T03:19:09.8856912Z |■■■■■■■■■■■■■■■■■■■■■■■■■■■■■■■■■■■■■■■■■■■■■■■■■■■■■■■■■■■■■■■■■■■■■■■■        |  90% of 102 MiB
2026-10-08T03:19:09.9063882Z |■■■■■■■■■■■■■■■■■■■■■■■■■■■■■■■■■■■■■■■■■■■■■■■■■■■■■■■■■■■■■■■■■■■■■■■■■■■■■■■■| 100% of 102 MiB
2026-10-08T03:19:11.4387810Z WebKit 26.5 (playwright webkit v2336) downloaded to /home/runner/.cache/ms-playwright/webkit-2336
2026-10-08T03:19:11.4390268Z Downloading FFmpeg (playwright ffmpeg v1011) from https://cdn.playwright.dev/dbazure/download/playwright/builds/ffmpeg/1011/ffmpeg-linux.zip
2026-10-08T03:19:12.3183582Z |                                                                                |   0% of 2.3 MiB
2026-10-08T03:19:12.3230783Z |■■■■■■■■                                                                        |  10% of 2.3 MiB
2026-10-08T03:19:12.3263990Z |■■■■■■■■■■■■■■■■                                                                |  20% of 2.3 MiB
2026-10-08T03:19:12.3280127Z |■■■■■■■■■■■■■■■■■■■■■■■■                                                        |  30% of 2.3 MiB
2026-10-08T03:19:12.3295771Z |■■■■■■■■■■■■■■■■■■■■■■■■■■■■■■■■                                                |  40% of 2.3 MiB
2026-10-08T03:19:12.3305938Z |■■■■■■■■■■■■■■■■■■■■■■■■■■■■■■■■■■■■■■■■                                        |  50% of 2.3 MiB
2026-10-08T03:19:12.3317561Z |■■■■■■■■■■■■■■■■■■■■■■■■■■■■■■■■■■■■■■■■■■■■■■■■                                |  60% of 2.3 MiB
2026-10-08T03:19:12.3329990Z |■■■■■■■■■■■■■■■■■■■■■■■■■■■■■■■■■■■■■■■■■■■■■■■■■■■■■■■■                        |  70% of 2.3 MiB
2026-10-08T03:19:12.3339615Z |■■■■■■■■■■■■■■■■■■■■■■■■■■■■■■■■■■■■■■■■■■■■■■■■■■■■■■■■■■■■■■■■                |  80% of 2.3 MiB
2026-10-08T03:19:12.3356119Z |■■■■■■■■■■■■■■■■■■■■■■■■■■■■■■■■■■■■■■■■■■■■■■■■■■■■■■■■■■■■■■■■■■■■■■■■        |  90% of 2.3 MiB
2026-10-08T03:19:12.3359222Z |■■■■■■■■■■■■■■■■■■■■■■■■■■■■■■■■■■■■■■■■■■■■■■■■■■■■■■■■■■■■■■■■■■■■■■■■■■■■■■■■| 100% of 2.3 MiB
2026-10-08T03:19:12.3796335Z FFmpeg (playwright ffmpeg v1011) downloaded to /home/runner/.cache/ms-playwright/ffmpeg-1011
2026-10-08T03:19:12.6654181Z ##[group]Run node scripts/check-browser-clipboard-capability.mjs > native-clipboard-capability.jsonl
2026-10-08T03:19:12.6655112Z [36;1mnode scripts/check-browser-clipboard-capability.mjs > native-clipboard-capability.jsonl[0m
2026-10-08T03:19:12.6709992Z shell: /usr/bin/bash -e {0}
2026-10-08T03:19:12.6710205Z env:
2026-10-08T03:19:12.6710419Z   PNPM_HOME: /home/runner/setup-pnpm/node_modules/.bin
2026-10-08T03:19:12.6710675Z ##[endgroup]
2026-10-08T03:19:43.8986445Z ##[group]Run xvfb-run --auto-servernum env FOUNTAIN_CLIPBOARD_HEADED=1 FOUNTAIN_CLIPBOARD_ENGINE=webkit node scripts/check-browser-clipboard-capability.mjs > native-clipboard-headed-capability.jsonl
2026-10-08T03:19:43.8988201Z [36;1mxvfb-run --auto-servernum env FOUNTAIN_CLIPBOARD_HEADED=1 FOUNTAIN_CLIPBOARD_ENGINE=webkit node scripts/check-browser-clipboard-capability.mjs > native-clipboard-headed-capability.jsonl[0m
2026-10-08T03:19:43.9065317Z shell: /usr/bin/bash -e {0}
2026-10-08T03:19:43.9065638Z env:
2026-10-08T03:19:43.9065962Z   PNPM_HOME: /home/runner/setup-pnpm/node_modules/.bin
2026-10-08T03:19:43.9066379Z ##[endgroup]
2026-10-08T03:19:51.7377844Z ##[group]Run pnpm exec playwright test --project=chromium --project=firefox --project=webkit --output=structural-direction-preflight-results --grep "retains structural RTL against native source|imports inherited inline alignment|retains a shared automatic section direction|inserts table columns on the physical left|preserves list direction through real transforms|reorders real runbook blocks|retains shared automatic list scope|copies shared automatic list scope|retains technical code reading direction|pastes native rich research notes"
2026-10-08T03:19:51.7382320Z [36;1mpnpm exec playwright test --project=chromium --project=firefox --project=webkit --output=structural-direction-preflight-results --grep "retains structural RTL against native source|imports inherited inline alignment|retains a shared automatic section direction|inserts table columns on the physical left|preserves list direction through real transforms|reorders real runbook blocks|retains shared automatic list scope|copies shared automatic list scope|retains technical code reading direction|pastes native rich research notes"[0m
2026-10-08T03:19:51.7439762Z shell: /usr/bin/bash -e {0}
2026-10-08T03:19:51.7439968Z env:
2026-10-08T03:19:51.7440183Z   PNPM_HOME: /home/runner/setup-pnpm/node_modules/.bin
2026-10-08T03:19:51.7440447Z ##[endgroup]
2026-10-08T03:19:53.0106517Z [WebServer] $ vite build -c vite.lib.config.ts && tsc -p tsconfig.build.json && node scripts/copy-assets.mjs && pnpm build:angular
2026-10-08T03:19:53.0106967Z 
2026-10-08T03:19:54.9643724Z [WebServer] $ pnpm --dir tools/angular-build exec ngc -p ../../tsconfig.angular.json && pnpm build:angular-demo
2026-10-08T03:19:54.9644328Z 
2026-10-08T03:19:56.7452615Z [WebServer] $ pnpm --dir tools/angular-build exec ngc -p ../../tsconfig.angular-demo.json
2026-10-08T03:19:56.7453132Z 
2026-10-08T03:20:03.6814794Z 
2026-10-08T03:20:03.6815419Z Running 72 tests using 2 workers
2026-10-08T03:20:03.6815719Z 
2026-10-08T03:20:04.4512087Z [1/72] [chromium] › tests/browser/editor.spec.ts:46:1 › pastes native rich research notes with structure, marks, source and undo
2026-10-08T03:20:04.4583942Z [2/72] [chromium] › tests/browser/editor.spec.ts:51:3 › retains technical code reading direction through real settings, editing and downloaded HTML: ltr
2026-10-08T03:20:08.2847198Z [3/72] [chromium] › tests/browser/editor.spec.ts:51:3 › retains technical code reading direction through real settings, editing and downloaded HTML: rtl
2026-10-08T03:20:09.9523569Z [4/72] [chromium] › tests/browser/editor.spec.ts:51:3 › retains technical code reading direction through real settings, editing and downloaded HTML: auto
2026-10-08T03:20:13.0306599Z [5/72] [chromium] › tests/browser/editor.spec.ts:56:1 › retains technical code reading direction and disabled line numbers through native copy and HTML fallback
2026-10-08T03:20:14.4488381Z [6/72] [chromium] › tests/browser/editor.spec.ts:62:3 › retains shared automatic list scope through real convert, typing and downloaded HTML
2026-10-08T03:20:18.3761191Z [7/72] [chromium] › tests/browser/editor.spec.ts:65:3 › copies shared automatic list scope through real internal and external clipboard: convert
2026-10-08T03:20:18.8098594Z [8/72] [chromium] › tests/browser/editor.spec.ts:62:3 › retains shared automatic list scope through real lift, typing and downloaded HTML
2026-10-08T03:20:23.1030761Z [9/72] [chromium] › tests/browser/editor.spec.ts:65:3 › copies shared automatic list scope through real internal and external clipboard: lift
2026-10-08T03:20:23.8341274Z [10/72] [chromium] › tests/browser/editor.spec.ts:72:3 › reorders real runbook blocks with native pointer feedback in ltr
2026-10-08T03:20:27.0905665Z [11/72] [chromium] › tests/browser/editor.spec.ts:72:3 › reorders real runbook blocks with native pointer feedback in rtl
2026-10-08T03:20:27.3824735Z [12/72] [chromium] › tests/browser/editor.spec.ts:76:1 › reorders real runbook blocks with keyboard structural feedback
2026-10-08T03:20:30.3868597Z [13/72] [chromium] › tests/browser/editor.spec.ts:81:3 › preserves list direction through real transforms and downloaded HTML: unwrap
2026-10-08T03:20:32.1986540Z [14/72] [chromium] › tests/browser/editor.spec.ts:81:3 › preserves list direction through real transforms and downloaded HTML: indent
2026-10-08T03:20:33.6596895Z [15/72] [chromium] › tests/browser/editor.spec.ts:81:3 › preserves list direction through real transforms and downloaded HTML: nested-lift
2026-10-08T03:20:35.4266773Z [16/72] [chromium] › tests/browser/editor.spec.ts:81:3 › preserves list direction through real transforms and downloaded HTML: contained
2026-10-08T03:20:36.9974883Z [17/72] [chromium] › tests/browser/editor.spec.ts:87:3 › inserts table columns on the physical left and right: ltr
2026-10-08T03:20:39.0948351Z [18/72] [chromium] › tests/browser/editor.spec.ts:87:3 › inserts table columns on the physical left and right: rtl-cell-ltr
2026-10-08T03:20:40.5221068Z [19/72] [chromium] › tests/browser/editor.spec.ts:87:3 › inserts table columns on the physical left and right: auto
2026-10-08T03:20:42.6109813Z [20/72] [chromium] › tests/browser/editor.spec.ts:87:3 › inserts table columns on the physical left and right: host-css
2026-10-08T03:20:44.1299976Z [21/72] [chromium] › tests/browser/editor.spec.ts:87:3 › inserts table columns on the physical left and right: rtl-spans
2026-10-08T03:20:46.2307190Z [22/72] [chromium] › tests/browser/editor.spec.ts:92:1 › retains structural RTL against native source through author controls, physical table editing and downloaded HTML
2026-10-08T03:20:47.7275044Z [23/72] [chromium] › tests/browser/editor.spec.ts:96:1 › imports inherited inline alignment against a native surface and keeps it through real editing and downloaded HTML
2026-10-08T03:20:50.5637375Z [24/72] [chromium] › tests/browser/editor.spec.ts:104:1 › retains a shared automatic section direction through first-strong-text editing, history and reader preview
2026-10-08T03:20:52.5014789Z [25/72] [firefox] › tests/browser/editor.spec.ts:46:1 › pastes native rich research notes with structure, marks, source and undo
2026-10-08T03:20:55.2000757Z [26/72] [firefox] › tests/browser/editor.spec.ts:51:3 › retains technical code reading direction through real settings, editing and downloaded HTML: ltr
2026-10-08T03:20:57.1411890Z [27/72] [firefox] › tests/browser/editor.spec.ts:51:3 › retains technical code reading direction through real settings, editing and downloaded HTML: rtl
2026-10-08T03:21:02.1844997Z [28/72] [firefox] › tests/browser/editor.spec.ts:51:3 › retains technical code reading direction through real settings, editing and downloaded HTML: auto
2026-10-08T03:21:02.2996347Z [29/72] [firefox] › tests/browser/editor.spec.ts:56:1 › retains technical code reading direction and disabled line numbers through native copy and HTML fallback
2026-10-08T03:21:07.5145496Z [30/72] [firefox] › tests/browser/editor.spec.ts:62:3 › retains shared automatic list scope through real convert, typing and downloaded HTML
2026-10-08T03:21:07.9549824Z [31/72] [firefox] › tests/browser/editor.spec.ts:65:3 › copies shared automatic list scope through real internal and external clipboard: convert
2026-10-08T03:21:11.8149162Z [32/72] [firefox] › tests/browser/editor.spec.ts:62:3 › retains shared automatic list scope through real lift, typing and downloaded HTML
2026-10-08T03:21:12.1913043Z [33/72] [firefox] › tests/browser/editor.spec.ts:65:3 › copies shared automatic list scope through real internal and external clipboard: lift
2026-10-08T03:21:16.2405862Z [34/72] [firefox] › tests/browser/editor.spec.ts:72:3 › reorders real runbook blocks with native pointer feedback in ltr
2026-10-08T03:21:17.0546686Z [35/72] [firefox] › tests/browser/editor.spec.ts:72:3 › reorders real runbook blocks with native pointer feedback in rtl
2026-10-08T03:21:19.5952206Z [36/72] [firefox] › tests/browser/editor.spec.ts:76:1 › reorders real runbook blocks with keyboard structural feedback
2026-10-08T03:21:20.4149698Z [37/72] [firefox] › tests/browser/editor.spec.ts:81:3 › preserves list direction through real transforms and downloaded HTML: unwrap
2026-10-08T03:21:23.8670349Z [38/72] [firefox] › tests/browser/editor.spec.ts:81:3 › preserves list direction through real transforms and downloaded HTML: indent
2026-10-08T03:21:24.9247528Z [39/72] [firefox] › tests/browser/editor.spec.ts:81:3 › preserves list direction through real transforms and downloaded HTML: nested-lift
2026-10-08T03:21:27.3412554Z [40/72] [firefox] › tests/browser/editor.spec.ts:81:3 › preserves list direction through real transforms and downloaded HTML: contained
2026-10-08T03:21:28.3730999Z [41/72] [firefox] › tests/browser/editor.spec.ts:87:3 › inserts table columns on the physical left and right: ltr
2026-10-08T03:21:31.4474801Z [42/72] [firefox] › tests/browser/editor.spec.ts:87:3 › inserts table columns on the physical left and right: rtl-cell-ltr
2026-10-08T03:21:32.0304799Z [43/72] [firefox] › tests/browser/editor.spec.ts:87:3 › inserts table columns on the physical left and right: auto
2026-10-08T03:21:35.5181583Z [44/72] [firefox] › tests/browser/editor.spec.ts:87:3 › inserts table columns on the physical left and right: host-css
2026-10-08T03:21:36.7956802Z [45/72] [firefox] › tests/browser/editor.spec.ts:87:3 › inserts table columns on the physical left and right: rtl-spans
2026-10-08T03:21:39.7648880Z [46/72] [firefox] › tests/browser/editor.spec.ts:92:1 › retains structural RTL against native source through author controls, physical table editing and downloaded HTML
2026-10-08T03:21:40.3707081Z [47/72] [firefox] › tests/browser/editor.spec.ts:96:1 › imports inherited inline alignment against a native surface and keeps it through real editing and downloaded HTML
2026-10-08T03:21:43.5997562Z [48/72] [firefox] › tests/browser/editor.spec.ts:104:1 › retains a shared automatic section direction through first-strong-text editing, history and reader preview
2026-10-08T03:21:47.2649439Z [49/72] [webkit] › tests/browser/editor.spec.ts:46:1 › pastes native rich research notes with structure, marks, source and undo
2026-10-08T03:21:48.7386816Z [50/72] [webkit] › tests/browser/editor.spec.ts:51:3 › retains technical code reading direction through real settings, editing and downloaded HTML: ltr
2026-10-08T03:21:55.3603054Z [51/72] (retries) [webkit] › tests/browser/editor.spec.ts:46:1 › pastes native rich research notes with structure, marks, source and undo (retry #1)
2026-10-08T03:21:56.1684976Z [52/72] [webkit] › tests/browser/editor.spec.ts:51:3 › retains technical code reading direction through real settings, editing and downloaded HTML: rtl
2026-10-08T03:22:02.2886565Z [53/72] [webkit] › tests/browser/editor.spec.ts:51:3 › retains technical code reading direction through real settings, editing and downloaded HTML: auto
2026-10-08T03:22:03.6548045Z [54/72] (retries) [webkit] › tests/browser/editor.spec.ts:46:1 › pastes native rich research notes with structure, marks, source and undo (retry #2)
2026-10-08T03:22:09.0890976Z [55/72] [webkit] › tests/browser/editor.spec.ts:56:1 › retains technical code reading direction and disabled line numbers through native copy and HTML fallback
2026-10-08T03:22:10.8642201Z   1) [webkit] › tests/browser/editor.spec.ts:46:1 › pastes native rich research notes with structure, marks, source and undo 
2026-10-08T03:22:10.8643098Z 
2026-10-08T03:22:10.8643557Z     Error: expect(locator).toHaveText(expected) failed
2026-10-08T03:22:10.8643977Z 
2026-10-08T03:22:10.8644339Z     Locator: getByLabel('Native destination').locator('h2')
2026-10-08T03:22:10.8645051Z     Expected: "Research note"
2026-10-08T03:22:10.8645482Z     Timeout: 5000ms
2026-10-08T03:22:10.8645910Z     Error: element(s) not found
2026-10-08T03:22:10.8646256Z 
2026-10-08T03:22:10.8646495Z     Call log:
2026-10-08T03:22:10.8646936Z       - Expect "toHaveText" with timeout 5000ms
2026-10-08T03:22:10.8647578Z       - waiting for getByLabel('Native destination').locator('h2')
2026-10-08T03:22:10.8648020Z 
2026-10-08T03:22:10.8648157Z 
2026-10-08T03:22:10.8648455Z        at native-rich-paste-journey.ts:36
2026-10-08T03:22:10.8648831Z 
2026-10-08T03:22:10.8649478Z       34 |     const nativeHTML = await control.innerHTML();
2026-10-08T03:22:10.8650669Z       35 |     await writeFile(info.outputPath('native-rich-paste-control.json'), JSON.stringify({ source, nativeEvents, nativeHTML }, null, 2));
2026-10-08T03:22:10.8651699Z     > 36 |     await expect(control.locator('h2')).toHaveText('Research note');
2026-10-08T03:22:10.8652312Z          |                                         ^
2026-10-08T03:22:10.8652935Z       37 |     await expect(control.locator('strong, b')).toHaveText('bold');
2026-10-08T03:22:10.8653653Z       38 |     await expect(control.locator('em, i')).toHaveText('emphasis');
2026-10-08T03:22:10.8654645Z       39 |     await expect(control.locator('a')).toHaveAttribute('href', 'https://example.org/reference');
2026-10-08T03:22:10.8655756Z         at nativeRichPasteJourney (/home/runner/work/fountainjs/fountainjs/tests/browser/native-rich-paste-journey.ts:36:41)
2026-10-08T03:22:10.8656822Z         at /home/runner/work/fountainjs/fountainjs/tests/browser/editor.spec.ts:47:3
2026-10-08T03:22:10.8657381Z 
2026-10-08T03:22:10.8658110Z     attachment #1: screenshot (image/png) ──────────────────────────────────────────────────────────
2026-10-08T03:22:10.8659363Z     structural-direction-preflight-results/editor-pastes-native-rich--d2934-cture-marks-source-and-undo-webkit/test-failed-1.png
2026-10-08T03:22:10.8661388Z     ────────────────────────────────────────────────────────────────────────────────────────────────
2026-10-08T03:22:10.8661958Z 
2026-10-08T03:22:10.8662840Z     Error Context: structural-direction-preflight-results/editor-pastes-native-rich--d2934-cture-marks-source-and-undo-webkit/error-context.md
2026-10-08T03:22:10.8663758Z 
2026-10-08T03:22:10.8664628Z     attachment #3: trace (application/zip) ─────────────────────────────────────────────────────────
2026-10-08T03:22:10.8665876Z     structural-direction-preflight-results/editor-pastes-native-rich--d2934-cture-marks-source-and-undo-webkit/trace.zip
2026-10-08T03:22:10.8667585Z     Usage:
2026-10-08T03:22:10.8668246Z 
2026-10-08T03:22:10.8669195Z         pnpm exec playwright show-trace structural-direction-preflight-results/editor-pastes-native-rich--d2934-cture-marks-source-and-undo-webkit/trace.zip
2026-10-08T03:22:10.8670114Z 
2026-10-08T03:22:10.8670727Z     ────────────────────────────────────────────────────────────────────────────────────────────────
2026-10-08T03:22:10.8671214Z 
2026-10-08T03:22:10.8671811Z     Retry #1 ───────────────────────────────────────────────────────────────────────────────────────
2026-10-08T03:22:10.8672373Z 
2026-10-08T03:22:10.8672729Z     Error: expect(locator).toHaveText(expected) failed
2026-10-08T03:22:10.8673233Z 
2026-10-08T03:22:10.8673628Z     Locator: getByLabel('Native destination').locator('h2')
2026-10-08T03:22:10.8674279Z     Expected: "Research note"
2026-10-08T03:22:10.8674950Z     Timeout: 5000ms
2026-10-08T03:22:10.8675467Z     Error: element(s) not found
2026-10-08T03:22:10.8675835Z 
2026-10-08T03:22:10.8676110Z     Call log:
2026-10-08T03:22:10.8676561Z       - Expect "toHaveText" with timeout 5000ms
2026-10-08T03:22:10.8677374Z       - waiting for getByLabel('Native destination').locator('h2')
2026-10-08T03:22:10.8677821Z 
2026-10-08T03:22:10.8677963Z 
2026-10-08T03:22:10.8678265Z        at native-rich-paste-journey.ts:36
2026-10-08T03:22:10.8678631Z 
2026-10-08T03:22:10.8678966Z       34 |     const nativeHTML = await control.innerHTML();
2026-10-08T03:22:10.8679977Z       35 |     await writeFile(info.outputPath('native-rich-paste-control.json'), JSON.stringify({ source, nativeEvents, nativeHTML }, null, 2));
2026-10-08T03:22:10.8680998Z     > 36 |     await expect(control.locator('h2')).toHaveText('Research note');
2026-10-08T03:22:10.8681621Z          |                                         ^
2026-10-08T03:22:10.8682245Z       37 |     await expect(control.locator('strong, b')).toHaveText('bold');
2026-10-08T03:22:10.8682966Z       38 |     await expect(control.locator('em, i')).toHaveText('emphasis');
2026-10-08T03:22:10.8684070Z       39 |     await expect(control.locator('a')).toHaveAttribute('href', 'https://example.org/reference');
2026-10-08T03:22:10.8685346Z         at nativeRichPasteJourney (/home/runner/work/fountainjs/fountainjs/tests/browser/native-rich-paste-journey.ts:36:41)
2026-10-08T03:22:10.8686356Z         at /home/runner/work/fountainjs/fountainjs/tests/browser/editor.spec.ts:47:3
2026-10-08T03:22:10.8686846Z 
2026-10-08T03:22:10.8687625Z     attachment #1: screenshot (image/png) ──────────────────────────────────────────────────────────
2026-10-08T03:22:10.8688853Z     structural-direction-preflight-results/editor-pastes-native-rich--d2934-cture-marks-source-and-undo-webkit-retry1/test-failed-1.png
2026-10-08T03:22:10.8690140Z     ────────────────────────────────────────────────────────────────────────────────────────────────
2026-10-08T03:22:10.8690621Z 
2026-10-08T03:22:10.8691512Z     Error Context: structural-direction-preflight-results/editor-pastes-native-rich--d2934-cture-marks-source-and-undo-webkit-retry1/error-context.md
2026-10-08T03:22:10.8692413Z 
2026-10-08T03:22:10.8693033Z     attachment #3: trace (application/zip) ─────────────────────────────────────────────────────────
2026-10-08T03:22:10.8694163Z     structural-direction-preflight-results/editor-pastes-native-rich--d2934-cture-marks-source-and-undo-webkit-retry1/trace.zip
2026-10-08T03:22:10.8695169Z     Usage:
2026-10-08T03:22:10.8695428Z 
2026-10-08T03:22:10.8696360Z         pnpm exec playwright show-trace structural-direction-preflight-results/editor-pastes-native-rich--d2934-cture-marks-source-and-undo-webkit-retry1/trace.zip
2026-10-08T03:22:10.8697603Z 
2026-10-08T03:22:10.8698196Z     ────────────────────────────────────────────────────────────────────────────────────────────────
2026-10-08T03:22:10.8698685Z 
2026-10-08T03:22:10.8699256Z     Retry #2 ───────────────────────────────────────────────────────────────────────────────────────
2026-10-08T03:22:10.8699743Z 
2026-10-08T03:22:10.8700075Z     Error: expect(locator).toHaveText(expected) failed
2026-10-08T03:22:10.8700474Z 
2026-10-08T03:22:10.8701014Z     Locator: getByLabel('Native destination').locator('h2')
2026-10-08T03:22:10.8701547Z     Expected: "Research note"
2026-10-08T03:22:10.8701962Z     Timeout: 5000ms
2026-10-08T03:22:10.8702371Z     Error: element(s) not found
2026-10-08T03:22:10.8702794Z 
2026-10-08T03:22:10.8702896Z     Call log:
2026-10-08T03:22:10.8703193Z       - Expect "toHaveText" with timeout 5000ms
2026-10-08T03:22:10.8703667Z       - waiting for getByLabel('Native destination').locator('h2')
2026-10-08T03:22:10.8703912Z 
2026-10-08T03:22:10.8703918Z 
2026-10-08T03:22:10.8704031Z        at native-rich-paste-journey.ts:36
2026-10-08T03:22:10.8704192Z 
2026-10-08T03:22:10.8704333Z       34 |     const nativeHTML = await control.innerHTML();
2026-10-08T03:22:10.8705162Z       35 |     await writeFile(info.outputPath('native-rich-paste-control.json'), JSON.stringify({ source, nativeEvents, nativeHTML }, null, 2));
2026-10-08T03:22:10.8705885Z     > 36 |     await expect(control.locator('h2')).toHaveText('Research note');
2026-10-08T03:22:10.8706221Z          |                                         ^
2026-10-08T03:22:10.8706545Z       37 |     await expect(control.locator('strong, b')).toHaveText('bold');
2026-10-08T03:22:10.8706931Z       38 |     await expect(control.locator('em, i')).toHaveText('emphasis');
2026-10-08T03:22:10.8707408Z       39 |     await expect(control.locator('a')).toHaveAttribute('href', 'https://example.org/reference');
2026-10-08T03:22:10.8708051Z         at nativeRichPasteJourney (/home/runner/work/fountainjs/fountainjs/tests/browser/native-rich-paste-journey.ts:36:41)
2026-10-08T03:22:10.8708732Z         at /home/runner/work/fountainjs/fountainjs/tests/browser/editor.spec.ts:47:3
2026-10-08T03:22:10.8708982Z 
2026-10-08T03:22:10.8709328Z     attachment #1: screenshot (image/png) ──────────────────────────────────────────────────────────
2026-10-08T03:22:10.8710032Z     structural-direction-preflight-results/editor-pastes-native-rich--d2934-cture-marks-source-and-undo-webkit-retry2/test-failed-1.png
2026-10-08T03:22:10.8710764Z     ────────────────────────────────────────────────────────────────────────────────────────────────
2026-10-08T03:22:10.8711001Z 
2026-10-08T03:22:10.8711471Z     Error Context: structural-direction-preflight-results/editor-pastes-native-rich--d2934-cture-marks-source-and-undo-webkit-retry2/error-context.md
2026-10-08T03:22:10.8711993Z 
2026-10-08T03:22:10.8712317Z     attachment #3: trace (application/zip) ─────────────────────────────────────────────────────────
2026-10-08T03:22:10.8712991Z     structural-direction-preflight-results/editor-pastes-native-rich--d2934-cture-marks-source-and-undo-webkit-retry2/trace.zip
2026-10-08T03:22:10.8713498Z     Usage:
2026-10-08T03:22:10.8713589Z 
2026-10-08T03:22:10.8714101Z         pnpm exec playwright show-trace structural-direction-preflight-results/editor-pastes-native-rich--d2934-cture-marks-source-and-undo-webkit-retry2/trace.zip
2026-10-08T03:22:10.8715838Z 
2026-10-08T03:22:10.8716328Z     ────────────────────────────────────────────────────────────────────────────────────────────────
2026-10-08T03:22:10.8716688Z 
2026-10-08T03:22:10.8716695Z 
2026-10-08T03:22:11.9299967Z [56/72] [webkit] › tests/browser/editor.spec.ts:62:3 › retains shared automatic list scope through real convert, typing and downloaded HTML
2026-10-08T03:22:18.4537855Z [57/72] [webkit] › tests/browser/editor.spec.ts:65:3 › copies shared automatic list scope through real internal and external clipboard: convert
2026-10-08T03:22:23.2021663Z [58/72] (retries) [webkit] › tests/browser/editor.spec.ts:56:1 › retains technical code reading direction and disabled line numbers through native copy and HTML fallback (retry #1)
2026-10-08T03:22:29.2439546Z [59/72] (retries) [webkit] › tests/browser/editor.spec.ts:65:3 › copies shared automatic list scope through real internal and external clipboard: convert (retry #1)
2026-10-08T03:22:35.5058126Z [60/72] (retries) [webkit] › tests/browser/editor.spec.ts:56:1 › retains technical code reading direction and disabled line numbers through native copy and HTML fallback (retry #2)
2026-10-08T03:22:39.8341997Z [61/72] (retries) [webkit] › tests/browser/editor.spec.ts:65:3 › copies shared automatic list scope through real internal and external clipboard: convert (retry #2)
2026-10-08T03:22:47.9104945Z   2) [webkit] › tests/browser/editor.spec.ts:56:1 › retains technical code reading direction and disabled line numbers through native copy and HTML fallback 
2026-10-08T03:22:47.9105645Z 
2026-10-08T03:22:47.9105889Z     Error: expect(locator).toHaveCount(expected) failed
2026-10-08T03:22:47.9106162Z 
2026-10-08T03:22:47.9107011Z     Locator:  getByRole('region', { name: 'Conversion workspace: technical-direction-ltr.html', exact: true }).getByRole('textbox', { name: 'Imported document editor', exact: true }).locator('pre')
2026-10-08T03:22:47.9107895Z     Expected: 2
2026-10-08T03:22:47.9108122Z     Received: 0
2026-10-08T03:22:47.9108341Z     Timeout:  5000ms
2026-10-08T03:22:47.9108481Z 
2026-10-08T03:22:47.9108605Z     Call log:
2026-10-08T03:22:47.9108925Z       - Expect "toHaveCount" with timeout 5000ms
2026-10-08T03:22:47.9109915Z       - waiting for getByRole('region', { name: 'Conversion workspace: technical-direction-ltr.html', exact: true }).getByRole('textbox', { name: 'Imported document editor', exact: true }).locator('pre')
2026-10-08T03:22:47.9110947Z         14 × locator resolved to 0 elements
2026-10-08T03:22:47.9111306Z            - unexpected value "0"
2026-10-08T03:22:47.9111499Z 
2026-10-08T03:22:47.9111505Z 
2026-10-08T03:22:47.9111669Z        at code-direction-journey.ts:145
2026-10-08T03:22:47.9111872Z 
2026-10-08T03:22:47.9112146Z       143 |     // Keep real MIME-delivery evidence even when restoration fails in CI.
2026-10-08T03:22:47.9113185Z       144 |     await writeFile(info.outputPath('code-direction-native-clipboard-delivery.json'), JSON.stringify(evidence.clipboardDelivery ?? null, null, 2));
2026-10-08T03:22:47.9114163Z     > 145 |     await expect(editor.locator('pre')).toHaveCount(2);
2026-10-08T03:22:47.9114785Z           |                                         ^
2026-10-08T03:22:47.9115437Z       146 |     await expect(inherited).toHaveText(raw); await expect(inherited).not.toHaveAttribute('dir');
2026-10-08T03:22:47.9116341Z       147 |     await expect(owned).toHaveText(`English ${raw}`); await expect(owned).toHaveAttribute('dir', 'auto');
2026-10-08T03:22:47.9117153Z       148 |     await expect(owned).toHaveAttribute('data-line-numbers', 'false');
2026-10-08T03:22:47.9118087Z         at codeDirectionJourney (/home/runner/work/fountainjs/fountainjs/tests/browser/code-direction-journey.ts:145:41)
2026-10-08T03:22:47.9118983Z         at /home/runner/work/fountainjs/fountainjs/tests/browser/editor.spec.ts:58:3
2026-10-08T03:22:47.9119369Z 
2026-10-08T03:22:47.9119944Z     attachment #1: screenshot (image/png) ──────────────────────────────────────────────────────────
2026-10-08T03:22:47.9121066Z     structural-direction-preflight-results/editor-retains-technical-c-565c3-tive-copy-and-HTML-fallback-webkit/test-failed-1.png
2026-10-08T03:22:47.9122090Z     ────────────────────────────────────────────────────────────────────────────────────────────────
2026-10-08T03:22:47.9122319Z 
2026-10-08T03:22:47.9122776Z     Error Context: structural-direction-preflight-results/editor-retains-technical-c-565c3-tive-copy-and-HTML-fallback-webkit/error-context.md
2026-10-08T03:22:47.9123233Z 
2026-10-08T03:22:47.9123559Z     attachment #3: trace (application/zip) ─────────────────────────────────────────────────────────
2026-10-08T03:22:47.9124185Z     structural-direction-preflight-results/editor-retains-technical-c-565c3-tive-copy-and-HTML-fallback-webkit/trace.zip
2026-10-08T03:22:47.9125173Z     Usage:
2026-10-08T03:22:47.9125312Z 
2026-10-08T03:22:47.9125964Z         pnpm exec playwright show-trace structural-direction-preflight-results/editor-retains-technical-c-565c3-tive-copy-and-HTML-fallback-webkit/trace.zip
2026-10-08T03:22:47.9126510Z 
2026-10-08T03:22:47.9127094Z     ────────────────────────────────────────────────────────────────────────────────────────────────
2026-10-08T03:22:47.9127484Z 
2026-10-08T03:22:47.9127783Z     Retry #1 ───────────────────────────────────────────────────────────────────────────────────────
2026-10-08T03:22:47.9128008Z 
2026-10-08T03:22:47.9128149Z     Error: expect(locator).toHaveCount(expected) failed
2026-10-08T03:22:47.9128328Z 
2026-10-08T03:22:47.9128853Z     Locator:  getByRole('region', { name: 'Conversion workspace: technical-direction-ltr.html', exact: true }).getByRole('textbox', { name: 'Imported document editor', exact: true }).locator('pre')
2026-10-08T03:22:47.9129437Z     Expected: 2
2026-10-08T03:22:47.9129606Z     Received: 0
2026-10-08T03:22:47.9129774Z     Timeout:  5000ms
2026-10-08T03:22:47.9129879Z 
2026-10-08T03:22:47.9129949Z     Call log:
2026-10-08T03:22:47.9130170Z       - Expect "toHaveCount" with timeout 5000ms
2026-10-08T03:22:47.9130887Z       - waiting for getByRole('region', { name: 'Conversion workspace: technical-direction-ltr.html', exact: true }).getByRole('textbox', { name: 'Imported document editor', exact: true }).locator('pre')
2026-10-08T03:22:47.9131552Z         14 × locator resolved to 0 elements
2026-10-08T03:22:47.9131801Z            - unexpected value "0"
2026-10-08T03:22:47.9131933Z 
2026-10-08T03:22:47.9131938Z 
2026-10-08T03:22:47.9132046Z        at code-direction-journey.ts:145
2026-10-08T03:22:47.9132194Z 
2026-10-08T03:22:47.9132391Z       143 |     // Keep real MIME-delivery evidence even when restoration fails in CI.
2026-10-08T03:22:47.9133278Z       144 |     await writeFile(info.outputPath('code-direction-native-clipboard-delivery.json'), JSON.stringify(evidence.clipboardDelivery ?? null, null, 2));
2026-10-08T03:22:47.9133873Z     > 145 |     await expect(editor.locator('pre')).toHaveCount(2);
2026-10-08T03:22:47.9134165Z           |                                         ^
2026-10-08T03:22:47.9134734Z       146 |     await expect(inherited).toHaveText(raw); await expect(inherited).not.toHaveAttribute('dir');
2026-10-08T03:22:47.9135312Z       147 |     await expect(owned).toHaveText(`English ${raw}`); await expect(owned).toHaveAttribute('dir', 'auto');
2026-10-08T03:22:47.9135787Z       148 |     await expect(owned).toHaveAttribute('data-line-numbers', 'false');
2026-10-08T03:22:47.9136336Z         at codeDirectionJourney (/home/runner/work/fountainjs/fountainjs/tests/browser/code-direction-journey.ts:145:41)
2026-10-08T03:22:47.9136876Z         at /home/runner/work/fountainjs/fountainjs/tests/browser/editor.spec.ts:58:3
2026-10-08T03:22:47.9137113Z 
2026-10-08T03:22:47.9137436Z     attachment #1: screenshot (image/png) ──────────────────────────────────────────────────────────
2026-10-08T03:22:47.9138125Z     structural-direction-preflight-results/editor-retains-technical-c-565c3-tive-copy-and-HTML-fallback-webkit-retry1/test-failed-1.png
2026-10-08T03:22:47.9138843Z     ────────────────────────────────────────────────────────────────────────────────────────────────
2026-10-08T03:22:47.9139063Z 
2026-10-08T03:22:47.9139797Z     Error Context: structural-direction-preflight-results/editor-retains-technical-c-565c3-tive-copy-and-HTML-fallback-webkit-retry1/error-context.md
2026-10-08T03:22:47.9140272Z 
2026-10-08T03:22:47.9140593Z     attachment #3: trace (application/zip) ─────────────────────────────────────────────────────────
2026-10-08T03:22:47.9141263Z     structural-direction-preflight-results/editor-retains-technical-c-565c3-tive-copy-and-HTML-fallback-webkit-retry1/trace.zip
2026-10-08T03:22:47.9141760Z     Usage:
2026-10-08T03:22:47.9141849Z 
2026-10-08T03:22:47.9142476Z         pnpm exec playwright show-trace structural-direction-preflight-results/editor-retains-technical-c-565c3-tive-copy-and-HTML-fallback-webkit-retry1/trace.zip
2026-10-08T03:22:47.9142980Z 
2026-10-08T03:22:47.9143269Z     ────────────────────────────────────────────────────────────────────────────────────────────────
2026-10-08T03:22:47.9143487Z 
2026-10-08T03:22:47.9143777Z     Retry #2 ───────────────────────────────────────────────────────────────────────────────────────
2026-10-08T03:22:47.9144011Z 
2026-10-08T03:22:47.9144147Z     Error: expect(locator).toHaveCount(expected) failed
2026-10-08T03:22:47.9144324Z 
2026-10-08T03:22:47.9144973Z     Locator:  getByRole('region', { name: 'Conversion workspace: technical-direction-ltr.html', exact: true }).getByRole('textbox', { name: 'Imported document editor', exact: true }).locator('pre')
2026-10-08T03:22:47.9145542Z     Expected: 2
2026-10-08T03:22:47.9145712Z     Received: 0
2026-10-08T03:22:47.9145875Z     Timeout:  5000ms
2026-10-08T03:22:47.9145984Z 
2026-10-08T03:22:47.9146051Z     Call log:
2026-10-08T03:22:47.9146265Z       - Expect "toHaveCount" with timeout 5000ms
2026-10-08T03:22:47.9146943Z       - waiting for getByRole('region', { name: 'Conversion workspace: technical-direction-ltr.html', exact: true }).getByRole('textbox', { name: 'Imported document editor', exact: true }).locator('pre')
2026-10-08T03:22:47.9147593Z         14 × locator resolved to 0 elements
2026-10-08T03:22:47.9147851Z            - unexpected value "0"
2026-10-08T03:22:47.9147984Z 
2026-10-08T03:22:47.9147989Z 
2026-10-08T03:22:47.9148112Z        at code-direction-journey.ts:145
2026-10-08T03:22:47.9148261Z 
2026-10-08T03:22:47.9148461Z       143 |     // Keep real MIME-delivery evidence even when restoration fails in CI.
2026-10-08T03:22:47.9149133Z       144 |     await writeFile(info.outputPath('code-direction-native-clipboard-delivery.json'), JSON.stringify(evidence.clipboardDelivery ?? null, null, 2));
2026-10-08T03:22:47.9149722Z     > 145 |     await expect(editor.locator('pre')).toHaveCount(2);
2026-10-08T03:22:47.9150018Z           |                                         ^
2026-10-08T03:22:47.9150427Z       146 |     await expect(inherited).toHaveText(raw); await expect(inherited).not.toHaveAttribute('dir');
2026-10-08T03:22:47.9151081Z       147 |     await expect(owned).toHaveText(`English ${raw}`); await expect(owned).toHaveAttribute('dir', 'auto');
2026-10-08T03:22:47.9151832Z       148 |     await expect(owned).toHaveAttribute('data-line-numbers', 'false');
2026-10-08T03:22:47.9152649Z         at codeDirectionJourney (/home/runner/work/fountainjs/fountainjs/tests/browser/code-direction-journey.ts:145:41)
2026-10-08T03:22:47.9153203Z         at /home/runner/work/fountainjs/fountainjs/tests/browser/editor.spec.ts:58:3
2026-10-08T03:22:47.9153449Z 
2026-10-08T03:22:47.9153786Z     attachment #1: screenshot (image/png) ──────────────────────────────────────────────────────────
2026-10-08T03:22:47.9164832Z     structural-direction-preflight-results/editor-retains-technical-c-565c3-tive-copy-and-HTML-fallback-webkit-retry2/test-failed-1.png
2026-10-08T03:22:47.9165719Z     ────────────────────────────────────────────────────────────────────────────────────────────────
2026-10-08T03:22:47.9165962Z 
2026-10-08T03:22:47.9166460Z     Error Context: structural-direction-preflight-results/editor-retains-technical-c-565c3-tive-copy-and-HTML-fallback-webkit-retry2/error-context.md
2026-10-08T03:22:47.9166951Z 
2026-10-08T03:22:47.9167469Z     attachment #3: trace (application/zip) ─────────────────────────────────────────────────────────
2026-10-08T03:22:47.9168163Z     structural-direction-preflight-results/editor-retains-technical-c-565c3-tive-copy-and-HTML-fallback-webkit-retry2/trace.zip
2026-10-08T03:22:47.9168661Z     Usage:
2026-10-08T03:22:47.9168758Z 
2026-10-08T03:22:47.9169266Z         pnpm exec playwright show-trace structural-direction-preflight-results/editor-retains-technical-c-565c3-tive-copy-and-HTML-fallback-webkit-retry2/trace.zip
2026-10-08T03:22:47.9169773Z 
2026-10-08T03:22:47.9170067Z     ────────────────────────────────────────────────────────────────────────────────────────────────
2026-10-08T03:22:47.9170306Z 
2026-10-08T03:22:47.9170311Z 
2026-10-08T03:22:48.6538659Z [62/72] [webkit] › tests/browser/editor.spec.ts:62:3 › retains shared automatic list scope through real lift, typing and downloaded HTML
2026-10-08T03:22:50.2101473Z   3) [webkit] › tests/browser/editor.spec.ts:65:3 › copies shared automatic list scope through real internal and external clipboard: convert 
2026-10-08T03:22:50.2131537Z 
2026-10-08T03:22:50.2132302Z     Error: expect(locator).toHaveCount(expected) failed
2026-10-08T03:22:50.2134551Z 
2026-10-08T03:22:50.2144595Z     Locator:  getByRole('region', { name: 'Conversion workspace: automatic-list-convert.html', exact: true }).getByRole('textbox', { name: 'Imported document editor', exact: true }).locator('div[data-fountain-direction-scope]')
2026-10-08T03:22:50.2145782Z     Expected: 1
2026-10-08T03:22:50.2146030Z     Received: 0
2026-10-08T03:22:50.2146270Z     Timeout:  5000ms
2026-10-08T03:22:50.2146443Z 
2026-10-08T03:22:50.2146548Z     Call log:
2026-10-08T03:22:50.2146894Z       - Expect "toHaveCount" with timeout 5000ms
2026-10-08T03:22:50.2148189Z       - waiting for getByRole('region', { name: 'Conversion workspace: automatic-list-convert.html', exact: true }).getByRole('textbox', { name: 'Imported document editor', exact: true }).locator('div[data-fountain-direction-scope]')
2026-10-08T03:22:50.2149549Z         14 × locator resolved to 0 elements
2026-10-08T03:22:50.2149961Z            - unexpected value "0"
2026-10-08T03:22:50.2150159Z 
2026-10-08T03:22:50.2150171Z 
2026-10-08T03:22:50.2150341Z        at list-auto-scope-journey.ts:133
2026-10-08T03:22:50.2150565Z 
2026-10-08T03:22:50.2150701Z       131 |     })), null, 2));
2026-10-08T03:22:50.2151497Z       132 |     await info.attach('auto-scope-native-clipboard-delivery.json', { path: deliveryPath, contentType: 'application/json' });
2026-10-08T03:22:50.2152252Z     > 133 |     await expect(group).toHaveCount(1);
2026-10-08T03:22:50.2152807Z           |                         ^
2026-10-08T03:22:50.2153511Z       134 |     await expect(group.locator(':scope > ol')).toHaveCount(2);
2026-10-08T03:22:50.2154709Z       135 |     expect(await group.locator(':scope > ol').evaluateAll(nodes => nodes.map(node => node.getAttribute('start')))).toEqual(['0', '2']);
2026-10-08T03:22:50.2156143Z       136 |     await expect(group.locator(':scope > ul')).toHaveCount(action === 'convert' ? 1 : 0);
2026-10-08T03:22:50.2157535Z         at listAutoScopeJourney (/home/runner/work/fountainjs/fountainjs/tests/browser/list-auto-scope-journey.ts:133:25)
2026-10-08T03:22:50.2158604Z         at /home/runner/work/fountainjs/fountainjs/tests/browser/editor.spec.ts:67:5
2026-10-08T03:22:50.2159119Z 
2026-10-08T03:22:50.2159884Z     attachment #1: auto-scope-native-clipboard-delivery.json (application/json) ────────────────────
2026-10-08T03:22:50.2161797Z     structural-direction-preflight-results/editor-copies-shared-autom-1440d--external-clipboard-convert-webkit/attachments/auto-scope-native-clipboard-delivery-json-b47e87792b6e8316d5c4032fd9e4f5c080d27d56.json
2026-10-08T03:22:50.2171231Z     ────────────────────────────────────────────────────────────────────────────────────────────────
2026-10-08T03:22:50.2171772Z 
2026-10-08T03:22:50.2172415Z     attachment #2: screenshot (image/png) ──────────────────────────────────────────────────────────
2026-10-08T03:22:50.2173691Z     structural-direction-preflight-results/editor-copies-shared-autom-1440d--external-clipboard-convert-webkit/test-failed-1.png
2026-10-08T03:22:50.2175139Z     ────────────────────────────────────────────────────────────────────────────────────────────────
2026-10-08T03:22:50.2175621Z 
2026-10-08T03:22:50.2176487Z     Error Context: structural-direction-preflight-results/editor-copies-shared-autom-1440d--external-clipboard-convert-webkit/error-context.md
2026-10-08T03:22:50.2177374Z 
2026-10-08T03:22:50.2178002Z     attachment #4: trace (application/zip) ─────────────────────────────────────────────────────────
2026-10-08T03:22:50.2179166Z     structural-direction-preflight-results/editor-copies-shared-autom-1440d--external-clipboard-convert-webkit/trace.zip
2026-10-08T03:22:50.2180065Z     Usage:
2026-10-08T03:22:50.2180319Z 
2026-10-08T03:22:50.2181247Z         pnpm exec playwright show-trace structural-direction-preflight-results/editor-copies-shared-autom-1440d--external-clipboard-convert-webkit/trace.zip
2026-10-08T03:22:50.2182183Z 
2026-10-08T03:22:50.2182748Z     ────────────────────────────────────────────────────────────────────────────────────────────────
2026-10-08T03:22:50.2183236Z 
2026-10-08T03:22:50.2184129Z     Retry #1 ───────────────────────────────────────────────────────────────────────────────────────
2026-10-08T03:22:50.2184728Z 
2026-10-08T03:22:50.2185106Z     Error: expect(locator).toHaveCount(expected) failed
2026-10-08T03:22:50.2185508Z 
2026-10-08T03:22:50.2186534Z     Locator:  getByRole('region', { name: 'Conversion workspace: automatic-list-convert.html', exact: true }).getByRole('textbox', { name: 'Imported document editor', exact: true }).locator('div[data-fountain-direction-scope]')
2026-10-08T03:22:50.2187651Z     Expected: 1
2026-10-08T03:22:50.2188022Z     Received: 0
2026-10-08T03:22:50.2188370Z     Timeout:  5000ms
2026-10-08T03:22:50.2188643Z 
2026-10-08T03:22:50.2188852Z     Call log:
2026-10-08T03:22:50.2189545Z       - Expect "toHaveCount" with timeout 5000ms
2026-10-08T03:22:50.2191040Z       - waiting for getByRole('region', { name: 'Conversion workspace: automatic-list-convert.html', exact: true }).getByRole('textbox', { name: 'Imported document editor', exact: true }).locator('div[data-fountain-direction-scope]')
2026-10-08T03:22:50.2192433Z         14 × locator resolved to 0 elements
2026-10-08T03:22:50.2192941Z            - unexpected value "0"
2026-10-08T03:22:50.2193283Z 
2026-10-08T03:22:50.2193417Z 
2026-10-08T03:22:50.2193722Z        at list-auto-scope-journey.ts:133
2026-10-08T03:22:50.2194082Z 
2026-10-08T03:22:50.2194488Z       131 |     })), null, 2));
2026-10-08T03:22:50.2195407Z       132 |     await info.attach('auto-scope-native-clipboard-delivery.json', { path: deliveryPath, contentType: 'application/json' });
2026-10-08T03:22:50.2196691Z     > 133 |     await expect(group).toHaveCount(1);
2026-10-08T03:22:50.2204550Z           |                         ^
2026-10-08T03:22:50.2205454Z       134 |     await expect(group.locator(':scope > ol')).toHaveCount(2);
2026-10-08T03:22:50.2206865Z       135 |     expect(await group.locator(':scope > ol').evaluateAll(nodes => nodes.map(node => node.getAttribute('start')))).toEqual(['0', '2']);
2026-10-08T03:22:50.2208014Z       136 |     await expect(group.locator(':scope > ul')).toHaveCount(action === 'convert' ? 1 : 0);
2026-10-08T03:22:50.2209138Z         at listAutoScopeJourney (/home/runner/work/fountainjs/fountainjs/tests/browser/list-auto-scope-journey.ts:133:25)
2026-10-08T03:22:50.2210191Z         at /home/runner/work/fountainjs/fountainjs/tests/browser/editor.spec.ts:67:5
2026-10-08T03:22:50.2210735Z 
2026-10-08T03:22:50.2211497Z     attachment #1: auto-scope-native-clipboard-delivery.json (application/json) ────────────────────
2026-10-08T03:22:50.2213413Z     structural-direction-preflight-results/editor-copies-shared-autom-1440d--external-clipboard-convert-webkit-retry1/attachments/auto-scope-native-clipboard-delivery-json-3721b3ad8cba166b3ba37af4482e3ed3bda91b42.json
2026-10-08T03:22:50.2215355Z     ────────────────────────────────────────────────────────────────────────────────────────────────
2026-10-08T03:22:50.2215864Z 
2026-10-08T03:22:50.2216510Z     attachment #2: screenshot (image/png) ──────────────────────────────────────────────────────────
2026-10-08T03:22:50.2217797Z     structural-direction-preflight-results/editor-copies-shared-autom-1440d--external-clipboard-convert-webkit-retry1/test-failed-1.png
2026-10-08T03:22:50.2219115Z     ────────────────────────────────────────────────────────────────────────────────────────────────
2026-10-08T03:22:50.2219609Z 
2026-10-08T03:22:50.2220526Z     Error Context: structural-direction-preflight-results/editor-copies-shared-autom-1440d--external-clipboard-convert-webkit-retry1/error-context.md
2026-10-08T03:22:50.2221457Z 
2026-10-08T03:22:50.2222099Z     attachment #4: trace (application/zip) ─────────────────────────────────────────────────────────
2026-10-08T03:22:50.2223546Z     structural-direction-preflight-results/editor-copies-shared-autom-1440d--external-clipboard-convert-webkit-retry1/trace.zip
2026-10-08T03:22:50.2224739Z     Usage:
2026-10-08T03:22:50.2225020Z 
2026-10-08T03:22:50.2225993Z         pnpm exec playwright show-trace structural-direction-preflight-results/editor-copies-shared-autom-1440d--external-clipboard-convert-webkit-retry1/trace.zip
2026-10-08T03:22:50.2226996Z 
2026-10-08T03:22:50.2227653Z     ────────────────────────────────────────────────────────────────────────────────────────────────
2026-10-08T03:22:50.2235717Z 
2026-10-08T03:22:50.2236589Z     Retry #2 ───────────────────────────────────────────────────────────────────────────────────────
2026-10-08T03:22:50.2237181Z 
2026-10-08T03:22:50.2237562Z     Error: expect(locator).toHaveCount(expected) failed
2026-10-08T03:22:50.2237990Z 
2026-10-08T03:22:50.2249157Z     Locator:  getByRole('region', { name: 'Conversion workspace: automatic-list-convert.html', exact: true }).getByRole('textbox', { name: 'Imported document editor', exact: true }).locator('div[data-fountain-direction-scope]')
2026-10-08T03:22:50.2251080Z     Expected: 1
2026-10-08T03:22:50.2251534Z     Received: 0
2026-10-08T03:22:50.2251970Z     Timeout:  5000ms
2026-10-08T03:22:50.2252284Z 
2026-10-08T03:22:50.2252547Z     Call log:
2026-10-08T03:22:50.2254568Z       - Expect "toHaveCount" with timeout 5000ms
2026-10-08T03:22:50.2256050Z       - waiting for getByRole('region', { name: 'Conversion workspace: automatic-list-convert.html', exact: true }).getByRole('textbox', { name: 'Imported document editor', exact: true }).locator('div[data-fountain-direction-scope]')
2026-10-08T03:22:50.2258510Z         14 × locator resolved to 0 elements
2026-10-08T03:22:50.2259098Z            - unexpected value "0"
2026-10-08T03:22:50.2259483Z 
2026-10-08T03:22:50.2259644Z 
2026-10-08T03:22:50.2261102Z        at list-auto-scope-journey.ts:133
2026-10-08T03:22:50.2261560Z 
2026-10-08T03:22:50.2261855Z       131 |     })), null, 2));
2026-10-08T03:22:50.2262779Z       132 |     await info.attach('auto-scope-native-clipboard-delivery.json', { path: deliveryPath, contentType: 'application/json' });
2026-10-08T03:22:50.2263739Z     > 133 |     await expect(group).toHaveCount(1);
2026-10-08T03:22:50.2264316Z           |                         ^
2026-10-08T03:22:50.2265466Z       134 |     await expect(group.locator(':scope > ol')).toHaveCount(2);
2026-10-08T03:22:50.2266568Z       135 |     expect(await group.locator(':scope > ol').evaluateAll(nodes => nodes.map(node => node.getAttribute('start')))).toEqual(['0', '2']);
2026-10-08T03:22:50.2267727Z       136 |     await expect(group.locator(':scope > ul')).toHaveCount(action === 'convert' ? 1 : 0);
2026-10-08T03:22:50.2268918Z         at listAutoScopeJourney (/home/runner/work/fountainjs/fountainjs/tests/browser/list-auto-scope-journey.ts:133:25)
2026-10-08T03:22:50.2278911Z         at /home/runner/work/fountainjs/fountainjs/tests/browser/editor.spec.ts:67:5
2026-10-08T03:22:50.2279527Z 
2026-10-08T03:22:50.2280301Z     attachment #1: auto-scope-native-clipboard-delivery.json (application/json) ────────────────────
2026-10-08T03:22:50.2282220Z     structural-direction-preflight-results/editor-copies-shared-autom-1440d--external-clipboard-convert-webkit-retry2/attachments/auto-scope-native-clipboard-delivery-json-fbc20f84821f441dc284fc3e7d3c8daadeda6596.json
2026-10-08T03:22:50.2284042Z     ────────────────────────────────────────────────────────────────────────────────────────────────
2026-10-08T03:22:50.2284712Z 
2026-10-08T03:22:50.2285342Z     attachment #2: screenshot (image/png) ──────────────────────────────────────────────────────────
2026-10-08T03:22:50.2286656Z     structural-direction-preflight-results/editor-copies-shared-autom-1440d--external-clipboard-convert-webkit-retry2/test-failed-1.png
2026-10-08T03:22:50.2287983Z     ────────────────────────────────────────────────────────────────────────────────────────────────
2026-10-08T03:22:50.2288494Z 
2026-10-08T03:22:50.2289644Z     Error Context: structural-direction-preflight-results/editor-copies-shared-autom-1440d--external-clipboard-convert-webkit-retry2/error-context.md
2026-10-08T03:22:50.2290729Z 
2026-10-08T03:22:50.2291376Z     attachment #4: trace (application/zip) ─────────────────────────────────────────────────────────
2026-10-08T03:22:50.2292606Z     structural-direction-preflight-results/editor-copies-shared-autom-1440d--external-clipboard-convert-webkit-retry2/trace.zip
2026-10-08T03:22:50.2293544Z     Usage:
2026-10-08T03:22:50.2293935Z 
2026-10-08T03:22:50.2295061Z         pnpm exec playwright show-trace structural-direction-preflight-results/editor-copies-shared-autom-1440d--external-clipboard-convert-webkit-retry2/trace.zip
2026-10-08T03:22:50.2296131Z 
2026-10-08T03:22:50.2296734Z     ────────────────────────────────────────────────────────────────────────────────────────────────
2026-10-08T03:22:50.2297249Z 
2026-10-08T03:22:50.2297394Z 
2026-10-08T03:22:51.3038499Z [63/72] [webkit] › tests/browser/editor.spec.ts:65:3 › copies shared automatic list scope through real internal and external clipboard: lift
2026-10-08T03:22:56.3546646Z [64/72] [webkit] › tests/browser/editor.spec.ts:72:3 › reorders real runbook blocks with native pointer feedback in ltr
2026-10-08T03:23:01.7497302Z [65/72] [webkit] › tests/browser/editor.spec.ts:72:3 › reorders real runbook blocks with native pointer feedback in rtl
2026-10-08T03:23:04.1361259Z [66/72] (retries) [webkit] › tests/browser/editor.spec.ts:65:3 › copies shared automatic list scope through real internal and external clipboard: lift (retry #1)
2026-10-08T03:23:07.7827887Z [67/72] [webkit] › tests/browser/editor.spec.ts:76:1 › reorders real runbook blocks with keyboard structural feedback
2026-10-08T03:23:15.6295770Z [68/72] [webkit] › tests/browser/editor.spec.ts:81:3 › preserves list direction through real transforms and downloaded HTML: unwrap
2026-10-08T03:23:16.6355333Z [69/72] (retries) [webkit] › tests/browser/editor.spec.ts:65:3 › copies shared automatic list scope through real internal and external clipboard: lift (retry #2)
2026-10-08T03:23:20.8326163Z [70/72] [webkit] › tests/browser/editor.spec.ts:81:3 › preserves list direction through real transforms and downloaded HTML: indent
2026-10-08T03:23:24.9548686Z [71/72] [webkit] › tests/browser/editor.spec.ts:81:3 › preserves list direction through real transforms and downloaded HTML: nested-lift
2026-10-08T03:23:28.5246264Z   4) [webkit] › tests/browser/editor.spec.ts:65:3 › copies shared automatic list scope through real internal and external clipboard: lift 
2026-10-08T03:23:28.5258044Z 
2026-10-08T03:23:28.5258347Z     Error: expect(locator).toHaveCount(expected) failed
2026-10-08T03:23:28.5258666Z 
2026-10-08T03:23:28.5259969Z     Locator:  getByRole('region', { name: 'Conversion workspace: automatic-list-lift.html', exact: true }).getByRole('textbox', { name: 'Imported document editor', exact: true }).locator('div[data-fountain-direction-scope]')
2026-10-08T03:23:28.5261061Z     Expected: 1
2026-10-08T03:23:28.5262640Z     Received: 0
2026-10-08T03:23:28.5262914Z     Timeout:  5000ms
2026-10-08T03:23:28.5263707Z 
2026-10-08T03:23:28.5263809Z     Call log:
2026-10-08T03:23:28.5264123Z       - Expect "toHaveCount" with timeout 5000ms
2026-10-08T03:23:28.5265377Z       - waiting for getByRole('region', { name: 'Conversion workspace: automatic-list-lift.html', exact: true }).getByRole('textbox', { name: 'Imported document editor', exact: true }).locator('div[data-fountain-direction-scope]')
2026-10-08T03:23:28.5266229Z         14 × locator resolved to 0 elements
2026-10-08T03:23:28.5266544Z            - unexpected value "0"
2026-10-08T03:23:28.5266688Z 
2026-10-08T03:23:28.5266693Z 
2026-10-08T03:23:28.5266840Z        at list-auto-scope-journey.ts:133
2026-10-08T03:23:28.5267017Z 
2026-10-08T03:23:28.5267120Z       131 |     })), null, 2));
2026-10-08T03:23:28.5267661Z       132 |     await info.attach('auto-scope-native-clipboard-delivery.json', { path: deliveryPath, contentType: 'application/json' });
2026-10-08T03:23:28.5268180Z     > 133 |     await expect(group).toHaveCount(1);
2026-10-08T03:23:28.5268452Z           |                         ^
2026-10-08T03:23:28.5268753Z       134 |     await expect(group.locator(':scope > ol')).toHaveCount(2);
2026-10-08T03:23:28.5269321Z       135 |     expect(await group.locator(':scope > ol').evaluateAll(nodes => nodes.map(node => node.getAttribute('start')))).toEqual(['0', '2']);
2026-10-08T03:23:28.5269912Z       136 |     await expect(group.locator(':scope > ul')).toHaveCount(action === 'convert' ? 1 : 0);
2026-10-08T03:23:28.5270510Z         at listAutoScopeJourney (/home/runner/work/fountainjs/fountainjs/tests/browser/list-auto-scope-journey.ts:133:25)
2026-10-08T03:23:28.5271084Z         at /home/runner/work/fountainjs/fountainjs/tests/browser/editor.spec.ts:67:5
2026-10-08T03:23:28.5271343Z 
2026-10-08T03:23:28.5271711Z     attachment #1: auto-scope-native-clipboard-delivery.json (application/json) ────────────────────
2026-10-08T03:23:28.5272839Z     structural-direction-preflight-results/editor-copies-shared-autom-e9b51-and-external-clipboard-lift-webkit/attachments/auto-scope-native-clipboard-delivery-json-b12b9c85a6387c91ce3b29694fa75016e612ee22.json
2026-10-08T03:23:28.5274520Z     ────────────────────────────────────────────────────────────────────────────────────────────────
2026-10-08T03:23:28.5274893Z 
2026-10-08T03:23:28.5275407Z     attachment #2: screenshot (image/png) ──────────────────────────────────────────────────────────
2026-10-08T03:23:28.5276491Z     structural-direction-preflight-results/editor-copies-shared-autom-e9b51-and-external-clipboard-lift-webkit/test-failed-1.png
2026-10-08T03:23:28.5277672Z     ────────────────────────────────────────────────────────────────────────────────────────────────
2026-10-08T03:23:28.5278044Z 
2026-10-08T03:23:28.5278786Z     Error Context: structural-direction-preflight-results/editor-copies-shared-autom-e9b51-and-external-clipboard-lift-webkit/error-context.md
2026-10-08T03:23:28.5279532Z 
2026-10-08T03:23:28.5280248Z     attachment #4: trace (application/zip) ─────────────────────────────────────────────────────────
2026-10-08T03:23:28.5281220Z     structural-direction-preflight-results/editor-copies-shared-autom-e9b51-and-external-clipboard-lift-webkit/trace.zip
2026-10-08T03:23:28.5281683Z     Usage:
2026-10-08T03:23:28.5281780Z 
2026-10-08T03:23:28.5282256Z         pnpm exec playwright show-trace structural-direction-preflight-results/editor-copies-shared-autom-e9b51-and-external-clipboard-lift-webkit/trace.zip
2026-10-08T03:23:28.5282735Z 
2026-10-08T03:23:28.5283018Z     ────────────────────────────────────────────────────────────────────────────────────────────────
2026-10-08T03:23:28.5283242Z 
2026-10-08T03:23:28.5283518Z     Retry #1 ───────────────────────────────────────────────────────────────────────────────────────
2026-10-08T03:23:28.5283734Z 
2026-10-08T03:23:28.5283876Z     Error: expect(locator).toHaveCount(expected) failed
2026-10-08T03:23:28.5284052Z 
2026-10-08T03:23:28.5284882Z     Locator:  getByRole('region', { name: 'Conversion workspace: automatic-list-lift.html', exact: true }).getByRole('textbox', { name: 'Imported document editor', exact: true }).locator('div[data-fountain-direction-scope]')
2026-10-08T03:23:28.5285885Z     Expected: 1
2026-10-08T03:23:28.5286115Z     Received: 0
2026-10-08T03:23:28.5286355Z     Timeout:  5000ms
2026-10-08T03:23:28.5286513Z 
2026-10-08T03:23:28.5286624Z     Call log:
2026-10-08T03:23:28.5286952Z       - Expect "toHaveCount" with timeout 5000ms
2026-10-08T03:23:28.5288223Z       - waiting for getByRole('region', { name: 'Conversion workspace: automatic-list-lift.html', exact: true }).getByRole('textbox', { name: 'Imported document editor', exact: true }).locator('div[data-fountain-direction-scope]')
2026-10-08T03:23:28.5289164Z         14 × locator resolved to 0 elements
2026-10-08T03:23:28.5289418Z            - unexpected value "0"
2026-10-08T03:23:28.5289558Z 
2026-10-08T03:23:28.5289563Z 
2026-10-08T03:23:28.5289676Z        at list-auto-scope-journey.ts:133
2026-10-08T03:23:28.5289825Z 
2026-10-08T03:23:28.5289912Z       131 |     })), null, 2));
2026-10-08T03:23:28.5290424Z       132 |     await info.attach('auto-scope-native-clipboard-delivery.json', { path: deliveryPath, contentType: 'application/json' });
2026-10-08T03:23:28.5290911Z     > 133 |     await expect(group).toHaveCount(1);
2026-10-08T03:23:28.5291158Z           |                         ^
2026-10-08T03:23:28.5291454Z       134 |     await expect(group.locator(':scope > ol')).toHaveCount(2);
2026-10-08T03:23:28.5292015Z       135 |     expect(await group.locator(':scope > ol').evaluateAll(nodes => nodes.map(node => node.getAttribute('start')))).toEqual(['0', '2']);
2026-10-08T03:23:28.5292605Z       136 |     await expect(group.locator(':scope > ul')).toHaveCount(action === 'convert' ? 1 : 0);
2026-10-08T03:23:28.5293199Z         at listAutoScopeJourney (/home/runner/work/fountainjs/fountainjs/tests/browser/list-auto-scope-journey.ts:133:25)
2026-10-08T03:23:28.5293755Z         at /home/runner/work/fountainjs/fountainjs/tests/browser/editor.spec.ts:67:5
2026-10-08T03:23:28.5294002Z 
2026-10-08T03:23:28.5294538Z     attachment #1: auto-scope-native-clipboard-delivery.json (application/json) ────────────────────
2026-10-08T03:23:28.5295841Z     structural-direction-preflight-results/editor-copies-shared-autom-e9b51-and-external-clipboard-lift-webkit-retry1/attachments/auto-scope-native-clipboard-delivery-json-5eec4b4d05ad7715dd33ba5cd375e60e88803872.json
2026-10-08T03:23:28.5296842Z     ────────────────────────────────────────────────────────────────────────────────────────────────
2026-10-08T03:23:28.5297068Z 
2026-10-08T03:23:28.5297373Z     attachment #2: screenshot (image/png) ──────────────────────────────────────────────────────────
2026-10-08T03:23:28.5298037Z     structural-direction-preflight-results/editor-copies-shared-autom-e9b51-and-external-clipboard-lift-webkit-retry1/test-failed-1.png
2026-10-08T03:23:28.5298789Z     ────────────────────────────────────────────────────────────────────────────────────────────────
2026-10-08T03:23:28.5299005Z 
2026-10-08T03:23:28.5299639Z     Error Context: structural-direction-preflight-results/editor-copies-shared-autom-e9b51-and-external-clipboard-lift-webkit-retry1/error-context.md
2026-10-08T03:23:28.5300261Z 
2026-10-08T03:23:28.5300566Z     attachment #4: trace (application/zip) ─────────────────────────────────────────────────────────
2026-10-08T03:23:28.5301205Z     structural-direction-preflight-results/editor-copies-shared-autom-e9b51-and-external-clipboard-lift-webkit-retry1/trace.zip
2026-10-08T03:23:28.5301677Z     Usage:
2026-10-08T03:23:28.5301770Z 
2026-10-08T03:23:28.5302261Z         pnpm exec playwright show-trace structural-direction-preflight-results/editor-copies-shared-autom-e9b51-and-external-clipboard-lift-webkit-retry1/trace.zip
2026-10-08T03:23:28.5302746Z 
2026-10-08T03:23:28.5303027Z     ────────────────────────────────────────────────────────────────────────────────────────────────
2026-10-08T03:23:28.5303246Z 
2026-10-08T03:23:28.5303534Z     Retry #2 ───────────────────────────────────────────────────────────────────────────────────────
2026-10-08T03:23:28.5303760Z 
2026-10-08T03:23:28.5303902Z     Error: expect(locator).toHaveCount(expected) failed
2026-10-08T03:23:28.5304079Z 
2026-10-08T03:23:28.5304859Z     Locator:  getByRole('region', { name: 'Conversion workspace: automatic-list-lift.html', exact: true }).getByRole('textbox', { name: 'Imported document editor', exact: true }).locator('div[data-fountain-direction-scope]')
2026-10-08T03:23:28.5305499Z     Expected: 1
2026-10-08T03:23:28.5305668Z     Received: 0
2026-10-08T03:23:28.5305830Z     Timeout:  5000ms
2026-10-08T03:23:28.5305939Z 
2026-10-08T03:23:28.5306009Z     Call log:
2026-10-08T03:23:28.5306217Z       - Expect "toHaveCount" with timeout 5000ms
2026-10-08T03:23:28.5306969Z       - waiting for getByRole('region', { name: 'Conversion workspace: automatic-list-lift.html', exact: true }).getByRole('textbox', { name: 'Imported document editor', exact: true }).locator('div[data-fountain-direction-scope]')
2026-10-08T03:23:28.5307692Z         14 × locator resolved to 0 elements
2026-10-08T03:23:28.5307952Z            - unexpected value "0"
2026-10-08T03:23:28.5308094Z 
2026-10-08T03:23:28.5308099Z 
2026-10-08T03:23:28.5308214Z        at list-auto-scope-journey.ts:133
2026-10-08T03:23:28.5308361Z 
2026-10-08T03:23:28.5308454Z       131 |     })), null, 2));
2026-10-08T03:23:28.5308940Z       132 |     await info.attach('auto-scope-native-clipboard-delivery.json', { path: deliveryPath, contentType: 'application/json' });
2026-10-08T03:23:28.5309429Z     > 133 |     await expect(group).toHaveCount(1);
2026-10-08T03:23:28.5309679Z           |                         ^
2026-10-08T03:23:28.5309971Z       134 |     await expect(group.locator(':scope > ol')).toHaveCount(2);
2026-10-08T03:23:28.5310536Z       135 |     expect(await group.locator(':scope > ol').evaluateAll(nodes => nodes.map(node => node.getAttribute('start')))).toEqual(['0', '2']);
2026-10-08T03:23:28.5311122Z       136 |     await expect(group.locator(':scope > ul')).toHaveCount(action === 'convert' ? 1 : 0);
2026-10-08T03:23:28.5311924Z         at listAutoScopeJourney (/home/runner/work/fountainjs/fountainjs/tests/browser/list-auto-scope-journey.ts:133:25)
2026-10-08T03:23:28.5312477Z         at /home/runner/work/fountainjs/fountainjs/tests/browser/editor.spec.ts:67:5
2026-10-08T03:23:28.5312722Z 
2026-10-08T03:23:28.5313060Z     attachment #1: auto-scope-native-clipboard-delivery.json (application/json) ────────────────────
2026-10-08T03:23:28.5314074Z     structural-direction-preflight-results/editor-copies-shared-autom-e9b51-and-external-clipboard-lift-webkit-retry2/attachments/auto-scope-native-clipboard-delivery-json-95b2583bd21fc7c690b5073b92c32bacd3482e7c.json
2026-10-08T03:23:28.5315198Z     ────────────────────────────────────────────────────────────────────────────────────────────────
2026-10-08T03:23:28.5315422Z 
2026-10-08T03:23:28.5315734Z     attachment #2: screenshot (image/png) ──────────────────────────────────────────────────────────
2026-10-08T03:23:28.5316413Z     structural-direction-preflight-results/editor-copies-shared-autom-e9b51-and-external-clipboard-lift-webkit-retry2/test-failed-1.png
2026-10-08T03:23:28.5317128Z     ────────────────────────────────────────────────────────────────────────────────────────────────
2026-10-08T03:23:28.5317380Z 
2026-10-08T03:23:28.5318149Z     Error Context: structural-direction-preflight-results/editor-copies-shared-autom-e9b51-and-external-clipboard-lift-webkit-retry2/error-context.md
2026-10-08T03:23:28.5318908Z 
2026-10-08T03:23:28.5319457Z     attachment #4: trace (application/zip) ─────────────────────────────────────────────────────────
2026-10-08T03:23:28.5320516Z     structural-direction-preflight-results/editor-copies-shared-autom-e9b51-and-external-clipboard-lift-webkit-retry2/trace.zip
2026-10-08T03:23:28.5321264Z     Usage:
2026-10-08T03:23:28.5321363Z 
2026-10-08T03:23:28.5321877Z         pnpm exec playwright show-trace structural-direction-preflight-results/editor-copies-shared-autom-e9b51-and-external-clipboard-lift-webkit-retry2/trace.zip
2026-10-08T03:23:28.5322415Z 
2026-10-08T03:23:28.5322736Z     ────────────────────────────────────────────────────────────────────────────────────────────────
2026-10-08T03:23:28.5322957Z 
2026-10-08T03:23:28.5322962Z 
2026-10-08T03:23:28.7760880Z [72/72] [webkit] › tests/browser/editor.spec.ts:87:3 › inserts table columns on the physical left and right: ltr
2026-10-08T03:23:29.5846543Z [73/72] [webkit] › tests/browser/editor.spec.ts:81:3 › preserves list direction through real transforms and downloaded HTML: contained
2026-10-08T03:23:34.9256340Z [74/72] [webkit] › tests/browser/editor.spec.ts:87:3 › inserts table columns on the physical left and right: rtl-cell-ltr
2026-10-08T03:23:36.0096337Z [75/72] [webkit] › tests/browser/editor.spec.ts:87:3 › inserts table columns on the physical left and right: auto
2026-10-08T03:23:41.2640893Z [76/72] [webkit] › tests/browser/editor.spec.ts:87:3 › inserts table columns on the physical left and right: host-css
2026-10-08T03:23:42.5956995Z [77/72] [webkit] › tests/browser/editor.spec.ts:87:3 › inserts table columns on the physical left and right: rtl-spans
2026-10-08T03:23:47.9066639Z [78/72] [webkit] › tests/browser/editor.spec.ts:92:1 › retains structural RTL against native source through author controls, physical table editing and downloaded HTML
2026-10-08T03:23:48.9280107Z [79/72] [webkit] › tests/browser/editor.spec.ts:96:1 › imports inherited inline alignment against a native surface and keeps it through real editing and downloaded HTML
2026-10-08T03:23:53.3344569Z [80/72] [webkit] › tests/browser/editor.spec.ts:104:1 › retains a shared automatic section direction through first-strong-text editing, history and reader preview
2026-10-08T03:24:00.3893110Z   4 failed
2026-10-08T03:24:00.3894180Z     [webkit] › tests/browser/editor.spec.ts:46:1 › pastes native rich research notes with structure, marks, source and undo 
2026-10-08T03:24:00.3895633Z     [webkit] › tests/browser/editor.spec.ts:56:1 › retains technical code reading direction and disabled line numbers through native copy and HTML fallback 
2026-10-08T03:24:00.3896512Z     [webkit] › tests/browser/editor.spec.ts:65:3 › copies shared automatic list scope through real internal and external clipboard: convert 
2026-10-08T03:24:00.3897308Z     [webkit] › tests/browser/editor.spec.ts:65:3 › copies shared automatic list scope through real internal and external clipboard: lift 
2026-10-08T03:24:00.3897776Z   68 passed (4.1m)
2026-10-08T03:24:00.6860363Z ##[error]Process completed with exit code 1.
2026-10-08T03:24:00.6924764Z ##[group]Run actions/upload-artifact@v4
2026-10-08T03:24:00.6925015Z with:
2026-10-08T03:24:00.6925216Z   name: direction-and-document-focus-evidence
2026-10-08T03:24:00.6932480Z   path: native-clipboard-capability.jsonl
native-clipboard-headed-capability.jsonl
test-results/**/native-rich-paste-*.png
test-results/**/native-rich-paste-*.json
structural-direction-preflight-results/**/native-rich-paste-*.png
structural-direction-preflight-results/**/native-rich-paste-*.json
test-results/**/code-direction-*.png
test-results/**/code-direction-observations.json
test-results/**/code-direction-native-clipboard-delivery.json
test-results/**/auto-scope-native-clipboard-delivery*.json
structural-direction-preflight-results/**/code-direction-*.png
structural-direction-preflight-results/**/code-direction-observations.json
structural-direction-preflight-results/**/code-direction-native-clipboard-delivery.json
structural-direction-preflight-results/**/auto-scope-native-clipboard-delivery*.json
test-results/**/rtl-*.png
test-results/**/comment-editor-*.png
test-results/**/comment-reader-*.png
test-results/**/native-colour-mapped-selection.png
test-results/**/native-rtl-selection-baseline.json
test-results/**/inherited-auto-explicit-left-reader.png
test-results/**/word-reopened-explicit-left-reader.png
test-results/**/explicit-left.docx
test-results/**/auto-container-*.png
test-results/**/code-click-*.png
test-results/**/code-click-native-focus.json
test-results/**/code-click-native-baseline.json
test-results/**/inherited-alignment-*.png
test-results/**/native-inline-alignment.json
test-results/**/rtl-structural-observations.json
test-results/**/table-side-*.png
test-results/**/table-side-observations.json
test-results/**/list-direction-*.png
test-results/**/list-direction-observations.json
test-results/**/block-direction-*.png
test-results/**/block-direction-*-observations.json
test-results/**/auto-scope-*.png
test-results/**/auto-scope-observations.json
structural-direction-preflight-results/**/rtl-*.png
structural-direction-preflight-results/**/rtl-structural-observations.json
structural-direction-preflight-results/**/inherited-alignment-*.png
structural-direction-preflight-results/**/native-inline-alignment.json
structural-direction-preflight-results/**/auto-container-*.png
structural-direction-preflight-results/**/table-side-*.png
structural-direction-preflight-results/**/table-side-observations.json
structural-direction-preflight-results/**/list-direction-*.png
structural-direction-preflight-results/**/list-direction-observations.json
structural-direction-preflight-results/**/block-direction-*.png
structural-direction-preflight-results/**/block-direction-*-observations.json
structural-direction-preflight-results/**/auto-scope-*.png
structural-direction-preflight-results/**/auto-scope-observations.json

2026-10-08T03:24:00.6940214Z   if-no-files-found: ignore
2026-10-08T03:24:00.6940412Z   retention-days: 7
2026-10-08T03:24:00.6940587Z   compression-level: 6
2026-10-08T03:24:00.6940775Z   overwrite: false
2026-10-08T03:24:00.6940955Z   include-hidden-files: false
2026-10-08T03:24:00.6941147Z env:
2026-10-08T03:24:00.6941338Z   PNPM_HOME: /home/runner/setup-pnpm/node_modules/.bin
2026-10-08T03:24:00.6941581Z ##[endgroup]
2026-10-08T03:24:00.8290377Z (node:16753) [DEP0040] DeprecationWarning: The `punycode` module is deprecated. Please use a userland alternative instead.
2026-10-08T03:24:00.8291017Z (Use `node --trace-deprecation ...` to show where the warning was created)
2026-10-08T03:24:00.9560837Z Multiple search paths detected. Calculating the least common ancestor of all paths
2026-10-08T03:24:00.9563227Z The least common ancestor is /home/runner/work/fountainjs/fountainjs. This will be the root directory of the artifact
2026-10-08T03:24:00.9564081Z With the provided path, there will be 436 files uploaded
2026-10-08T03:24:00.9568292Z Artifact name is valid!
2026-10-08T03:24:00.9568996Z Root directory input is valid!
2026-10-08T03:24:01.2799147Z Beginning upload of artifact content to blob storage
2026-10-08T03:24:01.6061028Z (node:16753) [DEP0169] DeprecationWarning: `url.parse()` behavior is not standardized and prone to errors that have security implications. Use the WHATWG URL API instead. CVEs are not issued for `url.parse()` vulnerabilities.
2026-10-08T03:24:02.3235584Z Uploaded bytes 8388608
2026-10-08T03:24:02.6041724Z Uploaded bytes 15306754
2026-10-08T03:24:02.6648802Z Finished uploading artifact content to blob storage!
2026-10-08T03:24:02.6650061Z SHA256 digest of uploaded artifact zip is dd3b5ad5f6b9f8c9cc2ba62836c263f9a1d419c3f443bb6f2471fd9e5384d7b2
2026-10-08T03:24:02.6651169Z Finalizing artifact upload
2026-10-08T03:24:02.9310656Z Artifact direction-and-document-focus-evidence.zip successfully finalized. Artifact ID 11526388323
2026-10-08T03:24:02.9311522Z Artifact direction-and-document-focus-evidence has been successfully uploaded! Final size is 15306754 bytes. Artifact ID is 11526388323
2026-10-08T03:24:02.9316640Z Artifact download URL: https://github.com/eddolo/fountainjs/actions/runs/37722051277/artifacts/11526388323
2026-10-08T03:24:02.9486282Z ##[group]Run actions/upload-artifact@v4
2026-10-08T03:24:02.9486523Z with:
2026-10-08T03:24:02.9486705Z   name: docx-math-viewer-diagnostics
2026-10-08T03:24:02.9488385Z   path: test-results/**/viewer-observations.json
test-results/**/equations-side-by-side.png
test-results/**/edited-equations.png
test-results/**/edited-compound-equations.png
test-results/**/fallback-equations.png
test-results/**/restored-equations.png
test-results/**/experimental-equations.docx
test-results/**/edited-equations.docx
test-results/**/edited-compound-equations.docx
test-results/**/fallback-equations.docx
test-results/**/restored-equations.docx
test-results/**/reopened-equations.png
test-results/**/changed-equation-refused.png
test-results/**/externally-changed-equations.docx

2026-10-08T03:24:02.9490056Z   if-no-files-found: ignore
2026-10-08T03:24:02.9490255Z   retention-days: 7
2026-10-08T03:24:02.9490433Z   compression-level: 6
2026-10-08T03:24:02.9490619Z   overwrite: false
2026-10-08T03:24:02.9490823Z   include-hidden-files: false
2026-10-08T03:24:02.9491018Z env:
2026-10-08T03:24:02.9491217Z   PNPM_HOME: /home/runner/setup-pnpm/node_modules/.bin
2026-10-08T03:24:02.9491468Z ##[endgroup]
2026-10-08T03:24:03.0785966Z (node:16767) [DEP0040] DeprecationWarning: The `punycode` module is deprecated. Please use a userland alternative instead.
2026-10-08T03:24:03.0786617Z (Use `node --trace-deprecation ...` to show where the warning was created)
2026-10-08T03:24:03.0810212Z No files were found with the provided path: test-results/**/viewer-observations.json
2026-10-08T03:24:03.0811255Z test-results/**/equations-side-by-side.png
2026-10-08T03:24:03.0811713Z test-results/**/edited-equations.png
2026-10-08T03:24:03.0812180Z test-results/**/edited-compound-equations.png
2026-10-08T03:24:03.0812638Z test-results/**/fallback-equations.png
2026-10-08T03:24:03.0813066Z test-results/**/restored-equations.png
2026-10-08T03:24:03.0813503Z test-results/**/experimental-equations.docx
2026-10-08T03:24:03.0813962Z test-results/**/edited-equations.docx
2026-10-08T03:24:03.0814587Z test-results/**/edited-compound-equations.docx
2026-10-08T03:24:03.0815054Z test-results/**/fallback-equations.docx
2026-10-08T03:24:03.0815476Z test-results/**/restored-equations.docx
2026-10-08T03:24:03.0815888Z test-results/**/reopened-equations.png
2026-10-08T03:24:03.0816348Z test-results/**/changed-equation-refused.png
2026-10-08T03:24:03.0817034Z test-results/**/externally-changed-equations.docx. No artifacts will be uploaded.
2026-10-08T03:24:03.0951362Z ##[group]Run actions/upload-artifact@v4
2026-10-08T03:24:03.0951602Z with:
2026-10-08T03:24:03.0951780Z   name: playwright-report
2026-10-08T03:24:03.0951982Z   path: playwright-report
2026-10-08T03:24:03.0952167Z   retention-days: 7
2026-10-08T03:24:03.0952353Z   if-no-files-found: warn
2026-10-08T03:24:03.0952535Z   compression-level: 6
2026-10-08T03:24:03.0952720Z   overwrite: false
2026-10-08T03:24:03.0952906Z   include-hidden-files: false
2026-10-08T03:24:03.0953098Z env:
2026-10-08T03:24:03.0953298Z   PNPM_HOME: /home/runner/setup-pnpm/node_modules/.bin
2026-10-08T03:24:03.0953543Z ##[endgroup]
2026-10-08T03:24:03.2255546Z (node:16779) [DEP0040] DeprecationWarning: The `punycode` module is deprecated. Please use a userland alternative instead.
2026-10-08T03:24:03.2256580Z (Use `node --trace-deprecation ...` to show where the warning was created)
2026-10-08T03:24:03.2364895Z With the provided path, there will be 63 files uploaded
2026-10-08T03:24:03.2365660Z Artifact name is valid!
2026-10-08T03:24:03.2366061Z Root directory input is valid!
2026-10-08T03:24:03.5501136Z Beginning upload of artifact content to blob storage
2026-10-08T03:24:03.7971788Z (node:16779) [DEP0169] DeprecationWarning: `url.parse()` behavior is not standardized and prone to errors that have security implications. Use the WHATWG URL API instead. CVEs are not issued for `url.parse()` vulnerabilities.
2026-10-08T03:24:04.5743480Z Uploaded bytes 8388608
2026-10-08T03:24:04.7275092Z Uploaded bytes 16777216
2026-10-08T03:24:04.9114083Z Uploaded bytes 20331364
2026-10-08T03:24:04.9719728Z Finished uploading artifact content to blob storage!
2026-10-08T03:24:04.9720396Z SHA256 digest of uploaded artifact zip is c1543d7f85b98c90cb590245100483862d768e74965573294a483c5df487f345
2026-10-08T03:24:04.9721923Z Finalizing artifact upload
2026-10-08T03:24:05.2159225Z Artifact playwright-report.zip successfully finalized. Artifact ID 11526735038
2026-10-08T03:24:05.2160393Z Artifact playwright-report has been successfully uploaded! Final size is 20331364 bytes. Artifact ID is 11526735038
2026-10-08T03:24:05.2166203Z Artifact download URL: https://github.com/eddolo/fountainjs/actions/runs/37722051277/artifacts/11526735038
2026-10-08T03:24:05.2333822Z Post job cleanup.
2026-10-08T03:24:05.3436701Z Pruning is unnecessary.
2026-10-08T03:24:05.3552035Z Post job cleanup.
2026-10-08T03:24:05.4238261Z [command]/usr/bin/git version
2026-10-08T03:24:05.4267686Z git version 2.55.0
2026-10-08T03:24:05.4296720Z Temporarily overriding HOME='/home/runner/work/_temp/320f641b-6ba9-4be9-8acd-4805aa830d62' before making global git config changes
2026-10-08T03:24:05.4297529Z Adding repository directory to the temporary git global config as a safe directory
2026-10-08T03:24:05.4300085Z [command]/usr/bin/git config --global --add safe.directory /home/runner/work/fountainjs/fountainjs
2026-10-08T03:24:05.4329167Z [command]/usr/bin/git config --local --name-only --get-regexp core\.sshCommand
2026-10-08T03:24:05.4354947Z [command]/usr/bin/git submodule foreach --recursive sh -c "git config --local --name-only --get-regexp 'core\.sshCommand' && git config --local --unset-all 'core.sshCommand' || :"
2026-10-08T03:24:05.4541550Z [command]/usr/bin/git config --local --name-only --get-regexp http\.https\:\/\/github\.com\/\.extraheader
2026-10-08T03:24:05.4564785Z http.https://github.com/.extraheader
2026-10-08T03:24:05.4572791Z [command]/usr/bin/git config --local --unset-all http.https://github.com/.extraheader
2026-10-08T03:24:05.4599309Z [command]/usr/bin/git submodule foreach --recursive sh -c "git config --local --name-only --get-regexp 'http\.https\:\/\/github\.com\/\.extraheader' && git config --local --unset-all 'http.https://github.com/.extraheader' || :"
2026-10-08T03:24:05.4781213Z [command]/usr/bin/git config --local --name-only --get-regexp ^includeIf\.gitdir:
2026-10-08T03:24:05.4805366Z [command]/usr/bin/git submodule foreach --recursive git config --local --show-origin --name-only --get-regexp remote.origin.url
2026-10-08T03:24:05.5110863Z Cleaning up orphan processes
2026-10-08T03:24:05.5387545Z ##[warning]Node.js 20 is deprecated. The following actions target Node.js 20 but are being forced to run on Node.js 24: actions/checkout@v4, actions/setup-node@v4, actions/upload-artifact@v4, pnpm/action-setup@v4. For more information see: https://github.blog/changelog/2025-09-19-deprecation-of-node-20-on-github-actions-runners/
