2026-10-07T21:14:58.6907725Z Current runner version: '2.337.0'
2026-10-07T21:14:58.6923837Z ##[group]Runner Image Provisioner
2026-10-07T21:14:58.6924501Z Hosted Compute Agent
2026-10-07T21:14:58.6924858Z Version: 20261002.596
2026-10-07T21:14:58.6925281Z Commit: c3d12f3313a95f25162a1503be624f3b0617f8c0
2026-10-07T21:14:58.6925721Z Build Date: 2026-10-02T22:28:27Z
2026-10-07T21:14:58.6926144Z Worker ID: {ad549cf8-6984-42d1-b5d6-41a82a2429ea}
2026-10-07T21:14:58.6926637Z Region: southcentralus
2026-10-07T21:14:58.6926990Z Cloud: Azure
2026-10-07T21:14:58.6927368Z ##[endgroup]
2026-10-07T21:14:58.6928163Z ##[group]Operating System
2026-10-07T21:14:58.6928674Z Ubuntu
2026-10-07T21:14:58.6929224Z 24.04.5
2026-10-07T21:14:58.6929673Z LTS
2026-10-07T21:14:58.6930435Z ##[endgroup]
2026-10-07T21:14:58.6931028Z ##[group]Runner Image
2026-10-07T21:14:58.6931576Z Image: ubuntu-24.04
2026-10-07T21:14:58.6932296Z Version: 20261004.327.1
2026-10-07T21:14:58.6933407Z Included Software: https://github.com/actions/runner-images/blob/ubuntu24/20261004.327/images/ubuntu/Ubuntu2404-Readme.md
2026-10-07T21:14:58.6934904Z Image Release: https://github.com/actions/runner-images/releases/tag/ubuntu24%2F20261004.327
2026-10-07T21:14:58.6935791Z ##[endgroup]
2026-10-07T21:14:58.6936902Z ##[group]GITHUB_TOKEN Permissions
2026-10-07T21:14:58.6938564Z Contents: read
2026-10-07T21:14:58.6939240Z Metadata: read
2026-10-07T21:14:58.6939745Z ##[endgroup]
2026-10-07T21:14:58.6941318Z Secret source: Actions
2026-10-07T21:14:58.6942385Z Cache mode: write
2026-10-07T21:14:58.6942978Z Prepare workflow directory
2026-10-07T21:14:58.7165694Z Prepare all required actions
2026-10-07T21:14:58.7196032Z Getting action download info
2026-10-07T21:14:58.9432710Z Download action repository 'actions/checkout@v4' (SHA:11d5960a326750d5838078e36cf38b85af677262)
2026-10-07T21:14:59.0121665Z Download action repository 'pnpm/action-setup@v4' (SHA:b906affcce14559ad1aafd4ab0e942779e9f58b1)
2026-10-07T21:14:59.5553321Z Download action repository 'actions/setup-node@v4' (SHA:49933ea5288caeca8642d1e84afbd3f7d6820020)
2026-10-07T21:14:59.6716894Z Download action repository 'actions/upload-artifact@v4' (SHA:ea165f8d65b6e75b540449e92b4886f43607fa02)
2026-10-07T21:14:59.8934834Z Complete job name: browser
2026-10-07T21:14:59.9382590Z ##[group]Run actions/checkout@v4
2026-10-07T21:14:59.9383017Z with:
2026-10-07T21:14:59.9383265Z   repository: eddolo/fountainjs
2026-10-07T21:14:59.9385302Z   token: ***
2026-10-07T21:14:59.9385541Z   ssh-strict: true
2026-10-07T21:14:59.9385785Z   ssh-user: git
2026-10-07T21:14:59.9386035Z   persist-credentials: true
2026-10-07T21:14:59.9386307Z   clean: true
2026-10-07T21:14:59.9386564Z   sparse-checkout-cone-mode: true
2026-10-07T21:14:59.9386855Z   fetch-depth: 1
2026-10-07T21:14:59.9387095Z   fetch-tags: false
2026-10-07T21:14:59.9387344Z   show-progress: true
2026-10-07T21:14:59.9387601Z   lfs: false
2026-10-07T21:14:59.9387840Z   submodules: false
2026-10-07T21:14:59.9388103Z   set-safe-directory: true
2026-10-07T21:14:59.9388393Z   allow-unsafe-pr-checkout: false
2026-10-07T21:14:59.9388776Z ##[endgroup]
2026-10-07T21:14:59.9981222Z Syncing repository: eddolo/fountainjs
2026-10-07T21:14:59.9982450Z ##[group]Getting Git version info
2026-10-07T21:14:59.9982939Z Working directory is '/home/runner/work/fountainjs/fountainjs'
2026-10-07T21:14:59.9983529Z [command]/usr/bin/git version
2026-10-07T21:15:00.0037118Z git version 2.55.0
2026-10-07T21:15:00.0047830Z ##[endgroup]
2026-10-07T21:15:00.0056703Z Temporarily overriding HOME='/home/runner/work/_temp/5c8d570a-4802-4787-994e-091a84a9ffe0' before making global git config changes
2026-10-07T21:15:00.0058042Z Adding repository directory to the temporary git global config as a safe directory
2026-10-07T21:15:00.0059622Z [command]/usr/bin/git config --global --add safe.directory /home/runner/work/fountainjs/fountainjs
2026-10-07T21:15:00.0096876Z Deleting the contents of '/home/runner/work/fountainjs/fountainjs'
2026-10-07T21:15:00.0100297Z ##[group]Initializing the repository
2026-10-07T21:15:00.0102685Z [command]/usr/bin/git init /home/runner/work/fountainjs/fountainjs
2026-10-07T21:15:00.0194909Z hint: Using 'master' as the name for the initial branch. This default branch name
2026-10-07T21:15:00.0195498Z hint: will change to "main" in Git 3.0. To configure the initial branch name
2026-10-07T21:15:00.0196016Z hint: to use in all of your new repositories, which will suppress this warning,
2026-10-07T21:15:00.0196425Z hint: call:
2026-10-07T21:15:00.0196896Z hint:
2026-10-07T21:15:00.0197197Z hint: 	git config --global init.defaultBranch <name>
2026-10-07T21:15:00.0197542Z hint:
2026-10-07T21:15:00.0198044Z hint: Names commonly chosen instead of 'master' are 'main', 'trunk' and
2026-10-07T21:15:00.0198665Z hint: 'development'. The just-created branch can be renamed via this command:
2026-10-07T21:15:00.0199275Z hint:
2026-10-07T21:15:00.0199740Z hint: 	git branch -m <name>
2026-10-07T21:15:00.0200447Z hint:
2026-10-07T21:15:00.0201403Z hint: Disable this message with "git config set advice.defaultBranchName false"
2026-10-07T21:15:00.0202361Z Initialized empty Git repository in /home/runner/work/fountainjs/fountainjs/.git/
2026-10-07T21:15:00.0205720Z [command]/usr/bin/git remote add origin https://github.com/eddolo/fountainjs
2026-10-07T21:15:00.0239154Z ##[endgroup]
2026-10-07T21:15:00.0239906Z ##[group]Disabling automatic garbage collection
2026-10-07T21:15:00.0241600Z [command]/usr/bin/git config --local gc.auto 0
2026-10-07T21:15:00.0263249Z ##[endgroup]
2026-10-07T21:15:00.0263922Z ##[group]Setting up auth
2026-10-07T21:15:00.0267430Z [command]/usr/bin/git config --local --name-only --get-regexp core\.sshCommand
2026-10-07T21:15:00.0289375Z [command]/usr/bin/git submodule foreach --recursive sh -c "git config --local --name-only --get-regexp 'core\.sshCommand' && git config --local --unset-all 'core.sshCommand' || :"
2026-10-07T21:15:00.0561348Z [command]/usr/bin/git config --local --name-only --get-regexp http\.https\:\/\/github\.com\/\.extraheader
2026-10-07T21:15:00.0582686Z [command]/usr/bin/git submodule foreach --recursive sh -c "git config --local --name-only --get-regexp 'http\.https\:\/\/github\.com\/\.extraheader' && git config --local --unset-all 'http.https://github.com/.extraheader' || :"
2026-10-07T21:15:00.0768532Z [command]/usr/bin/git config --local --name-only --get-regexp ^includeIf\.gitdir:
2026-10-07T21:15:00.0842576Z [command]/usr/bin/git submodule foreach --recursive git config --local --show-origin --name-only --get-regexp remote.origin.url
2026-10-07T21:15:00.0950793Z [command]/usr/bin/git config --local http.https://github.com/.extraheader AUTHORIZATION: basic ***
2026-10-07T21:15:00.0977001Z ##[endgroup]
2026-10-07T21:15:00.0977708Z ##[group]Fetching the repository
2026-10-07T21:15:00.0982976Z [command]/usr/bin/git -c protocol.version=2 fetch --no-tags --prune --no-recurse-submodules --depth=1 origin +411be296a02d054a0209cd718e5e00275a4d97fb:refs/remotes/origin/master
2026-10-07T21:15:01.7855102Z From https://github.com/eddolo/fountainjs
2026-10-07T21:15:01.7855537Z  * [new ref]         411be296a02d054a0209cd718e5e00275a4d97fb -> origin/master
2026-10-07T21:15:01.7857946Z ##[endgroup]
2026-10-07T21:15:01.7858501Z ##[group]Determining the checkout info
2026-10-07T21:15:01.7860039Z ##[endgroup]
2026-10-07T21:15:01.7864586Z [command]/usr/bin/git sparse-checkout disable
2026-10-07T21:15:01.7901857Z [command]/usr/bin/git config --local --unset-all extensions.worktreeConfig
2026-10-07T21:15:01.7921840Z ##[group]Checking out the ref
2026-10-07T21:15:01.7924401Z [command]/usr/bin/git checkout --progress --force -B master refs/remotes/origin/master
2026-10-07T21:15:02.0480180Z Reset branch 'master'
2026-10-07T21:15:02.0483247Z branch 'master' set up to track 'origin/master'.
2026-10-07T21:15:02.0496554Z ##[endgroup]
2026-10-07T21:15:02.0536180Z [command]/usr/bin/git log -1 --format=%H
2026-10-07T21:15:02.0551749Z 411be296a02d054a0209cd718e5e00275a4d97fb
2026-10-07T21:15:02.0719521Z ##[group]Run pnpm/action-setup@v4
2026-10-07T21:15:02.0719695Z with:
2026-10-07T21:15:02.0719805Z   version: 11.19.0
2026-10-07T21:15:02.0720070Z   dest: ~/setup-pnpm
2026-10-07T21:15:02.0720185Z   run_install: null
2026-10-07T21:15:02.0720299Z   cache: false
2026-10-07T21:15:02.0720421Z   cache_dependency_path: pnpm-lock.yaml
2026-10-07T21:15:02.0720584Z   package_json_file: package.json
2026-10-07T21:15:02.0720718Z   standalone: false
2026-10-07T21:15:02.0720831Z ##[endgroup]
2026-10-07T21:15:02.1568621Z ##[group]Running self-installer...
2026-10-07T21:15:02.3793012Z (node:2101) [DEP0169] DeprecationWarning: `url.parse()` behavior is not standardized and prone to errors that have security implications. Use the WHATWG URL API instead. CVEs are not issued for `url.parse()` vulnerabilities.
2026-10-07T21:15:02.3793577Z (Use `node --trace-deprecation ...` to show where the warning was created)
2026-10-07T21:15:02.5682595Z Progress: resolved 1, reused 0, downloaded 0, added 0
2026-10-07T21:15:02.5741486Z Packages: +1
2026-10-07T21:15:02.5741923Z +
2026-10-07T21:15:02.9153173Z Progress: resolved 1, reused 0, downloaded 1, added 1, done
2026-10-07T21:15:02.9496185Z 
2026-10-07T21:15:02.9496485Z dependencies:
2026-10-07T21:15:02.9496726Z + pnpm 11.19.0 (12.10.1 is available)
2026-10-07T21:15:02.9496894Z 
2026-10-07T21:15:02.9511482Z Done in 697ms
2026-10-07T21:15:03.1522986Z ##[endgroup]
2026-10-07T21:15:03.1523203Z Installation Completed!
2026-10-07T21:15:03.1646306Z ##[group]Run actions/setup-node@v4
2026-10-07T21:15:03.1646457Z with:
2026-10-07T21:15:03.1646565Z   node-version: 24
2026-10-07T21:15:03.1646676Z   cache: pnpm
2026-10-07T21:15:03.1646781Z   always-auth: false
2026-10-07T21:15:03.1646900Z   check-latest: false
2026-10-07T21:15:03.1648195Z   token: ***
2026-10-07T21:15:03.1648299Z env:
2026-10-07T21:15:03.1648435Z   PNPM_HOME: /home/runner/setup-pnpm/node_modules/.bin
2026-10-07T21:15:03.1648599Z ##[endgroup]
2026-10-07T21:15:03.2500210Z Found in cache @ /opt/hostedtoolcache/node/24.21.0/x64
2026-10-07T21:15:03.2502448Z (node:2115) [DEP0040] DeprecationWarning: The `punycode` module is deprecated. Please use a userland alternative instead.
2026-10-07T21:15:03.2503029Z (Use `node --trace-deprecation ...` to show where the warning was created)
2026-10-07T21:15:03.2503920Z ##[group]Environment details
2026-10-07T21:15:03.5753877Z node: v24.21.0
2026-10-07T21:15:03.5754118Z npm: 11.19.0
2026-10-07T21:15:03.5754274Z yarn: 1.22.22
2026-10-07T21:15:03.5755137Z ##[endgroup]
2026-10-07T21:15:03.5765418Z [command]/home/runner/setup-pnpm/node_modules/.bin/pnpm store path --silent
2026-10-07T21:15:03.9195601Z /home/runner/setup-pnpm/node_modules/.bin/store/v11
2026-10-07T21:15:04.0831842Z Cache hit for: node-cache-Linux-x64-pnpm-fd849381c36c47c9fa715e7759caf3b24b3c25e63e57449d26448df099a8c870
2026-10-07T21:15:04.0908560Z (node:2115) [DEP0169] DeprecationWarning: `url.parse()` behavior is not standardized and prone to errors that have security implications. Use the WHATWG URL API instead. CVEs are not issued for `url.parse()` vulnerabilities.
2026-10-07T21:15:05.2460418Z Received 104857600 of 143139869 (73.3%), 100.0 MBs/sec
2026-10-07T21:15:05.6700261Z Received 143139869 of 143139869 (100.0%), 95.9 MBs/sec
2026-10-07T21:15:05.6700856Z Cache Size: ~137 MB (143139869 B)
2026-10-07T21:15:05.6719595Z [command]/usr/bin/tar -xf /home/runner/work/_temp/8d79ab32-5b6b-432a-baee-6243af451075/cache.tzst -P -C /home/runner/work/fountainjs/fountainjs --use-compress-program unzstd
2026-10-07T21:15:06.6216225Z Cache restored successfully
2026-10-07T21:15:06.6274517Z Cache restored from key: node-cache-Linux-x64-pnpm-fd849381c36c47c9fa715e7759caf3b24b3c25e63e57449d26448df099a8c870
2026-10-07T21:15:06.6631472Z ##[group]Run pnpm install --frozen-lockfile
2026-10-07T21:15:06.6631728Z [36;1mpnpm install --frozen-lockfile[0m
2026-10-07T21:15:06.6876297Z shell: /usr/bin/bash -e {0}
2026-10-07T21:15:06.6876448Z env:
2026-10-07T21:15:06.6876595Z   PNPM_HOME: /home/runner/setup-pnpm/node_modules/.bin
2026-10-07T21:15:06.6876768Z ##[endgroup]
2026-10-07T21:15:06.9459565Z Scope: all 3 workspace projects
2026-10-07T21:15:06.9806126Z ? Verifying lockfile against supply-chain policies (340 entries)...
2026-10-07T21:15:06.9852651Z Lockfile is up to date, resolution step is skipped
2026-10-07T21:15:07.0439043Z Progress: resolved 1, reused 0, downloaded 0, added 0
2026-10-07T21:15:07.0716559Z Packages: +281
2026-10-07T21:15:07.0717093Z ++++++++++++++++++++++++++++++++++++++++++++++++++++++++++++++++++++++++++++++++
2026-10-07T21:15:07.4569546Z Packages are hard linked from the content-addressable store to the virtual store.
2026-10-07T21:15:07.4587716Z   Content-addressable store is at: /home/runner/setup-pnpm/node_modules/.bin/store/v11
2026-10-07T21:15:07.4588369Z   Virtual store is at:             node_modules/.pnpm
2026-10-07T21:15:08.0446930Z Progress: resolved 281, reused 281, downloaded 0, added 150
2026-10-07T21:15:08.2554965Z Progress: resolved 281, reused 281, downloaded 0, added 281, done
2026-10-07T21:15:09.9535243Z ✓ Lockfile passes supply-chain policies (340 entries in 2.9s)
2026-10-07T21:15:10.0479046Z 
2026-10-07T21:15:10.0479664Z devDependencies:
2026-10-07T21:15:10.0479909Z + @angular/common 22.1.5
2026-10-07T21:15:10.0480105Z + @angular/compiler 22.1.5
2026-10-07T21:15:10.0480266Z + @angular/core 22.1.5
2026-10-07T21:15:10.0480429Z + @angular/platform-browser 22.1.5
2026-10-07T21:15:10.0480634Z + @angular/platform-server 22.1.5
2026-10-07T21:15:10.0480798Z + @mathjax/mathjax-tex-font 4.1.3
2026-10-07T21:15:10.0480943Z + @mathjax/src 4.1.3
2026-10-07T21:15:10.0481078Z + @playwright/test 1.62.1
2026-10-07T21:15:10.0481237Z + @sveltejs/vite-plugin-svelte 7.3.0
2026-10-07T21:15:10.0481400Z + @types/node 26.4.1
2026-10-07T21:15:10.0481526Z + @types/react 19.2.18
2026-10-07T21:15:10.0481658Z + @types/react-dom 19.2.7
2026-10-07T21:15:10.0481799Z + @vitejs/plugin-react 6.1.1
2026-10-07T21:15:10.0481977Z + commonmark 0.31.2
2026-10-07T21:15:10.0482291Z + commonmark-spec 0.31.2
2026-10-07T21:15:10.0482423Z + css-select 7.0.0
2026-10-07T21:15:10.0482554Z + docx-preview 0.4.0
2026-10-07T21:15:10.0482672Z + entities 8.0.0
2026-10-07T21:15:10.0482786Z + fflate 0.8.3
2026-10-07T21:15:10.0482895Z + jsdom 30.0.1
2026-10-07T21:15:10.0483003Z + katex 0.18.6
2026-10-07T21:15:10.0483123Z + miniflare 3.20250718.3
2026-10-07T21:15:10.0483348Z + parse5 8.0.1
2026-10-07T21:15:10.0483586Z + parse5-htmlparser2-tree-adapter 8.0.1
2026-10-07T21:15:10.0483847Z + pdfjs-dist 6.3.289
2026-10-07T21:15:10.0484021Z + react 19.2.8
2026-10-07T21:15:10.0484138Z + react-dom 19.2.8
2026-10-07T21:15:10.0484251Z + rxjs 7.8.2
2026-10-07T21:15:10.0484361Z + svelte 5.57.0
2026-10-07T21:15:10.0484479Z + typescript 7.0.2
2026-10-07T21:15:10.0484633Z + unicode-emoji-json 0.9.0
2026-10-07T21:15:10.0484763Z + vite 8.2.2
2026-10-07T21:15:10.0484929Z + vitest 5.0.0
2026-10-07T21:15:10.0485095Z + vue 3.5.42
2026-10-07T21:15:10.0485261Z + yjs 13.6.32
2026-10-07T21:15:10.0485364Z 
2026-10-07T21:15:10.0980155Z Done in 3.3s using pnpm v11.19.0
2026-10-07T21:15:10.1412679Z ##[group]Run pnpm exec playwright install --with-deps
2026-10-07T21:15:10.1412936Z [36;1mpnpm exec playwright install --with-deps[0m
2026-10-07T21:15:10.1462174Z shell: /usr/bin/bash -e {0}
2026-10-07T21:15:10.1462319Z env:
2026-10-07T21:15:10.1462461Z   PNPM_HOME: /home/runner/setup-pnpm/node_modules/.bin
2026-10-07T21:15:10.1462634Z ##[endgroup]
2026-10-07T21:15:10.6736545Z Installing dependencies...
2026-10-07T21:15:10.6788736Z Switching to root user to install dependencies...
2026-10-07T21:15:10.7404466Z Get:1 file:/etc/apt/apt-mirrors.txt Mirrorlist [144 B]
2026-10-07T21:15:10.7736051Z Get:6 https://packages.microsoft.com/ubuntu/24.04/prod noble InRelease [3600 B]
2026-10-07T21:15:10.8221564Z Get:7 https://packages.microsoft.com/ubuntu/24.04/prod noble/main arm64 Packages [463 kB]
2026-10-07T21:15:10.8328135Z Get:8 https://packages.microsoft.com/ubuntu/24.04/prod noble/main amd64 Packages [519 kB]
2026-10-07T21:15:25.1175901Z Hit:2 http://azure.archive.ubuntu.com/ubuntu noble InRelease
2026-10-07T21:15:25.1195155Z Get:3 http://azure.archive.ubuntu.com/ubuntu noble-updates InRelease [126 kB]
2026-10-07T21:15:25.1216519Z Get:4 http://azure.archive.ubuntu.com/ubuntu noble-backports InRelease [126 kB]
2026-10-07T21:15:25.1228668Z Get:5 http://azure.archive.ubuntu.com/ubuntu noble-security InRelease [126 kB]
2026-10-07T21:15:25.1894395Z Get:9 http://azure.archive.ubuntu.com/ubuntu noble-updates/main amd64 Packages [1375 kB]
2026-10-07T21:15:25.1944582Z Get:10 http://azure.archive.ubuntu.com/ubuntu noble-updates/main Translation-en [306 kB]
2026-10-07T21:15:25.1960817Z Get:11 http://azure.archive.ubuntu.com/ubuntu noble-updates/universe amd64 Packages [1702 kB]
2026-10-07T21:15:25.2019137Z Get:12 http://azure.archive.ubuntu.com/ubuntu noble-updates/universe Translation-en [341 kB]
2026-10-07T21:15:25.2036384Z Get:13 http://azure.archive.ubuntu.com/ubuntu noble-updates/restricted amd64 Packages [1730 kB]
2026-10-07T21:15:25.2098498Z Get:14 http://azure.archive.ubuntu.com/ubuntu noble-updates/restricted Translation-en [396 kB]
2026-10-07T21:15:25.2117412Z Get:15 http://azure.archive.ubuntu.com/ubuntu noble-updates/multiverse Translation-en [13.3 kB]
2026-10-07T21:15:25.2649618Z Get:16 http://azure.archive.ubuntu.com/ubuntu noble-security/main amd64 Packages [1073 kB]
2026-10-07T21:15:25.2695797Z Get:17 http://azure.archive.ubuntu.com/ubuntu noble-security/main Translation-en [223 kB]
2026-10-07T21:15:25.2710507Z Get:18 http://azure.archive.ubuntu.com/ubuntu noble-security/universe amd64 Packages [1218 kB]
2026-10-07T21:15:25.3225690Z Get:19 http://azure.archive.ubuntu.com/ubuntu noble-security/universe Translation-en [245 kB]
2026-10-07T21:15:25.3232969Z Get:20 http://azure.archive.ubuntu.com/ubuntu noble-security/multiverse Translation-en [11.6 kB]
2026-10-07T21:15:29.4546631Z Fetched 9996 kB in 15s (665 kB/s)
2026-10-07T21:15:29.9174474Z Reading package lists...
2026-10-07T21:15:29.9352980Z Reading package lists...
2026-10-07T21:15:30.0521317Z Building dependency tree...
2026-10-07T21:15:30.0526406Z Reading state information...
2026-10-07T21:15:30.0626886Z libasound2t64 is already the newest version (1.2.11-1ubuntu0.3).
2026-10-07T21:15:30.0627314Z libasound2t64 set to manually installed.
2026-10-07T21:15:30.0627845Z libatk-bridge2.0-0t64 is already the newest version (2.52.0-1build1).
2026-10-07T21:15:30.0628249Z libatk-bridge2.0-0t64 set to manually installed.
2026-10-07T21:15:30.0628633Z libatk1.0-0t64 is already the newest version (2.52.0-1build1).
2026-10-07T21:15:30.0628982Z libatk1.0-0t64 set to manually installed.
2026-10-07T21:15:30.0629357Z libatspi2.0-0t64 is already the newest version (2.52.0-1build1).
2026-10-07T21:15:30.0629722Z libatspi2.0-0t64 set to manually installed.
2026-10-07T21:15:30.0630077Z libcairo2 is already the newest version (1.18.0-3build1).
2026-10-07T21:15:30.0630412Z libcairo2 set to manually installed.
2026-10-07T21:15:30.0630783Z libcups2t64 is already the newest version (2.4.7-1.2ubuntu7.14).
2026-10-07T21:15:30.0631683Z libcups2t64 set to manually installed.
2026-10-07T21:15:30.0632158Z libdbus-1-3 is already the newest version (1.14.10-4ubuntu4.1).
2026-10-07T21:15:30.0632508Z libdbus-1-3 set to manually installed.
2026-10-07T21:15:30.0632874Z libdrm2 is already the newest version (2.4.125-1ubuntu0.1~24.04.2).
2026-10-07T21:15:30.0633235Z libdrm2 set to manually installed.
2026-10-07T21:15:30.0633593Z libgbm1 is already the newest version (25.2.8-0ubuntu0.24.04.4).
2026-10-07T21:15:30.0633936Z libgbm1 set to manually installed.
2026-10-07T21:15:30.0634294Z libglib2.0-0t64 is already the newest version (2.80.0-6ubuntu3.9).
2026-10-07T21:15:30.0634661Z libglib2.0-0t64 set to manually installed.
2026-10-07T21:15:30.0635019Z libnspr4 is already the newest version (2:4.35-1.1build1).
2026-10-07T21:15:30.0635352Z libnspr4 set to manually installed.
2026-10-07T21:15:30.0635696Z libnss3 is already the newest version (2:3.98-1ubuntu0.2).
2026-10-07T21:15:30.0636020Z libnss3 set to manually installed.
2026-10-07T21:15:30.0636381Z libpango-1.0-0 is already the newest version (1.52.1+ds-1build1).
2026-10-07T21:15:30.0636739Z libpango-1.0-0 set to manually installed.
2026-10-07T21:15:30.0637087Z libx11-6 is already the newest version (2:1.8.7-1build1).
2026-10-07T21:15:30.0637562Z libx11-6 set to manually installed.
2026-10-07T21:15:30.0637881Z libxcb1 is already the newest version (1.15-1ubuntu2).
2026-10-07T21:15:30.0638201Z libxcb1 set to manually installed.
2026-10-07T21:15:30.0638562Z libxcomposite1 is already the newest version (1:0.4.5-1build3).
2026-10-07T21:15:30.0638925Z libxcomposite1 set to manually installed.
2026-10-07T21:15:30.0639291Z libxdamage1 is already the newest version (1:1.1.6-1build1).
2026-10-07T21:15:30.0639631Z libxdamage1 set to manually installed.
2026-10-07T21:15:30.0639970Z libxext6 is already the newest version (2:1.3.4-1build2).
2026-10-07T21:15:30.0640296Z libxext6 set to manually installed.
2026-10-07T21:15:30.0640633Z libxfixes3 is already the newest version (1:6.0.0-2build1).
2026-10-07T21:15:30.0640971Z libxfixes3 set to manually installed.
2026-10-07T21:15:30.0641322Z libxkbcommon0 is already the newest version (1.6.0-1build1).
2026-10-07T21:15:30.0641667Z libxkbcommon0 set to manually installed.
2026-10-07T21:15:30.0642139Z libxrandr2 is already the newest version (2:1.5.2-2build1).
2026-10-07T21:15:30.0642479Z libxrandr2 set to manually installed.
2026-10-07T21:15:30.0642850Z libcairo-gobject2 is already the newest version (1.18.0-3build1).
2026-10-07T21:15:30.0643225Z libcairo-gobject2 set to manually installed.
2026-10-07T21:15:30.0643608Z libfontconfig1 is already the newest version (2.15.0-1.1ubuntu2).
2026-10-07T21:15:30.0643973Z libfontconfig1 set to manually installed.
2026-10-07T21:15:30.0644387Z libgdk-pixbuf-2.0-0 is already the newest version (2.42.10+dfsg-3ubuntu3.3).
2026-10-07T21:15:30.0644842Z libgdk-pixbuf-2.0-0 set to manually installed.
2026-10-07T21:15:30.0645233Z libgtk-3-0t64 is already the newest version (3.24.41-4ubuntu1.3).
2026-10-07T21:15:30.0645585Z libgtk-3-0t64 set to manually installed.
2026-10-07T21:15:30.0645978Z libpangocairo-1.0-0 is already the newest version (1.52.1+ds-1build1).
2026-10-07T21:15:30.0646376Z libpangocairo-1.0-0 set to manually installed.
2026-10-07T21:15:30.0646749Z libx11-xcb1 is already the newest version (2:1.8.7-1build1).
2026-10-07T21:15:30.0647089Z libx11-xcb1 set to manually installed.
2026-10-07T21:15:30.0647435Z libxcb-shm0 is already the newest version (1.15-1ubuntu2).
2026-10-07T21:15:30.0647765Z libxcb-shm0 set to manually installed.
2026-10-07T21:15:30.0648158Z libxcursor1 is already the newest version (1:1.2.1-1build1).
2026-10-07T21:15:30.0648528Z libxcursor1 set to manually installed.
2026-10-07T21:15:30.0648861Z libxi6 is already the newest version (2:1.8.1-1build1).
2026-10-07T21:15:30.0649173Z libxi6 set to manually installed.
2026-10-07T21:15:30.0649524Z libxrender1 is already the newest version (1:0.9.10-1.1build1).
2026-10-07T21:15:30.0649876Z libxrender1 set to manually installed.
2026-10-07T21:15:30.0650289Z libicu74 is already the newest version (74.2-1ubuntu3.1).
2026-10-07T21:15:30.0650869Z libatomic1 is already the newest version (14.2.0-4ubuntu2~24.04.1).
2026-10-07T21:15:30.0651225Z libatomic1 set to manually installed.
2026-10-07T21:15:30.0651576Z libenchant-2-2 is already the newest version (2.3.3-2build2).
2026-10-07T21:15:30.0651929Z libenchant-2-2 set to manually installed.
2026-10-07T21:15:30.0652370Z libepoxy0 is already the newest version (1.5.10-1build1).
2026-10-07T21:15:30.0652694Z libepoxy0 set to manually installed.
2026-10-07T21:15:30.0653073Z libgstreamer1.0-0 is already the newest version (1.24.2-1ubuntu0.1).
2026-10-07T21:15:30.0653448Z libgstreamer1.0-0 set to manually installed.
2026-10-07T21:15:30.0653809Z libharfbuzz0b is already the newest version (8.3.0-2build2).
2026-10-07T21:15:30.0654177Z libharfbuzz0b set to manually installed.
2026-10-07T21:15:30.0654539Z libjpeg-turbo8 is already the newest version (2.1.5-2ubuntu2).
2026-10-07T21:15:30.0654900Z libjpeg-turbo8 set to manually installed.
2026-10-07T21:15:30.0655272Z liblcms2-2 is already the newest version (2.14-2ubuntu0.1).
2026-10-07T21:15:30.0655620Z liblcms2-2 set to manually installed.
2026-10-07T21:15:30.0656098Z libpng16-16t64 is already the newest version (1.6.43-5ubuntu0.6).
2026-10-07T21:15:30.0656594Z libpng16-16t64 set to manually installed.
2026-10-07T21:15:30.1564203Z libwayland-client0 is already the newest version (1.22.0-2.1build1).
2026-10-07T21:15:30.1564651Z libwayland-client0 set to manually installed.
2026-10-07T21:15:30.1565024Z libwayland-egl1 is already the newest version (1.22.0-2.1build1).
2026-10-07T21:15:30.1565317Z libwayland-egl1 set to manually installed.
2026-10-07T21:15:30.1565536Z libwebp7 is already the newest version (1.3.2-0.4build3).
2026-10-07T21:15:30.1565828Z libwebp7 set to manually installed.
2026-10-07T21:15:30.1566171Z libwebpdemux2 is already the newest version (1.3.2-0.4build3).
2026-10-07T21:15:30.1566504Z libwebpdemux2 set to manually installed.
2026-10-07T21:15:30.1566799Z libxml2 is already the newest version (2.9.14+dfsg-1.3ubuntu3.9).
2026-10-07T21:15:30.1567049Z libxml2 set to manually installed.
2026-10-07T21:15:30.1567284Z libxslt1.1 is already the newest version (1.1.39-0exp1ubuntu0.24.04.3).
2026-10-07T21:15:30.1567600Z libxslt1.1 set to manually installed.
2026-10-07T21:15:30.1567955Z xvfb is already the newest version (2:21.1.12-1ubuntu1.8).
2026-10-07T21:15:30.1568398Z fonts-noto-color-emoji is already the newest version (2.047-0ubuntu0.24.04.1).
2026-10-07T21:15:30.1568687Z fonts-liberation is already the newest version (1:2.1.5-3).
2026-10-07T21:15:30.1568908Z fonts-liberation set to manually installed.
2026-10-07T21:15:30.1569120Z The following additional packages will be installed:
2026-10-07T21:15:30.1569387Z   glib-networking glib-networking-common glib-networking-services
2026-10-07T21:15:30.1569673Z   gsettings-desktop-schemas libaa1 libabsl20220623t64 libass9 libasyncns0
2026-10-07T21:15:30.1569972Z   libavc1394-0 libavfilter9 libavformat60 libavtp0 libavutil58 libblas3
2026-10-07T21:15:30.1570252Z   libbluray2 libbs2b0 libcaca0 libcairo-script-interpreter2 libcdparanoia0
2026-10-07T21:15:30.1570532Z   libchromaprint1 libcjson1 libcodec2-1.2 libdav1d7 libdc1394-25 libdca0
2026-10-07T21:15:30.1570793Z   libde265-0 libdecor-0-0 libdirectfb-1.7-7t64 libdv4t64 libdvdnav4
2026-10-07T21:15:30.1571056Z   libdvdread8t64 libegl-mesa0 libegl1 libfaad2 libflac12t64 libfluidsynth3
2026-10-07T21:15:30.1571410Z   libfreeaptx0 libgav1-1 libgme0 libgraphene-1.0-0 libgsm1 libgssdp-1.6-0
2026-10-07T21:15:30.1571831Z   libgstreamer-plugins-good1.0-0 libgtk-4-common libgupnp-1.6-0
2026-10-07T21:15:30.1572378Z   libgupnp-igd-1.6-0 libhwy1t64 libiec61883-0 libimath-3-1-29t64
2026-10-07T21:15:30.1572631Z   libinstpatch-1.0-2 libjack-jackd2-0 libjxl0.7 liblapack3 liblc3-1
2026-10-07T21:15:30.1572921Z   libldacbt-enc2 liblilv-0-0 liblrdf0 libltc11 libmbedcrypto7t64 libmfx1
2026-10-07T21:15:30.1573173Z   libmjpegutils-2.1-0t64 libmodplug1 libmp3lame0 libmpcdec6
2026-10-07T21:15:30.1573669Z   libmpeg2encpp-2.1-0t64 libmpg123-0t64 libmplex2-2.1-0t64 libmysofa1
2026-10-07T21:15:30.1573934Z   libneon27t64 libnice10 libopenal-data libopenal1 libopenexr-3-1-30
2026-10-07T21:15:30.1574182Z   libopenh264-7 libopenmpt0t64 libopenni2-0 liborc-0.4-0t64
2026-10-07T21:15:30.1574428Z   libpipewire-0.3-0t64 libplacebo338 libpocketsphinx3 libpostproc57
2026-10-07T21:15:30.1574701Z   libproxy1v5 libpulse0 libqrencode4 libraptor2-0 librav1e0 libraw1394-11
2026-10-07T21:15:30.1574975Z   librist4 librsvg2-2 librubberband2 libsamplerate0 libsbc1 libsdl2-2.0-0
2026-10-07T21:15:30.1575249Z   libsecret-common libserd-0-0 libshine3 libshout3 libsndfile1 libsndio7.0
2026-10-07T21:15:30.1575520Z   libsord-0-0 libsoundtouch1 libsoup-3.0-0 libsoup-3.0-common libsoxr0
2026-10-07T21:15:30.1575799Z   libspa-0.2-modules libspandsp2t64 libspeex1 libsphinxbase3t64 libsratom-0-0
2026-10-07T21:15:30.1576093Z   libsrt1.5-gnutls libsrtp2-1 libssh-gcrypt-4 libsvtav1enc1d1 libswresample4
2026-10-07T21:15:30.1576381Z   libswscale7 libtag1v5 libtag1v5-vanilla libtheora0 libtwolame0 libudfread0
2026-10-07T21:15:30.1576665Z   libunibreak5 libv4l-0t64 libv4lconvert0t64 libva-drm2 libva-x11-2 libva2
2026-10-07T21:15:30.1576936Z   libvdpau1 libvidstab1.1 libvisual-0.4-0 libvo-aacenc0 libvo-amrwbenc0
2026-10-07T21:15:30.1577320Z   libvorbisenc2 libvpl2 libwavpack1 libwebrtc-audio-processing1 libwildmidi2
2026-10-07T21:15:30.1577607Z   libx265-199 libxcb-xkb1 libxkbcommon-x11-0 libxvidcore4 libyuv0 libzbar0t64
2026-10-07T21:15:30.1577896Z   libzimg2 libzix-0-0 libzvbi-common libzvbi0t64 libzxing3 ocl-icd-libopencl1
2026-10-07T21:15:30.1578173Z   session-migration timgm6mb-soundfont xfonts-encodings xfonts-utils
2026-10-07T21:15:30.1578387Z Suggested packages:
2026-10-07T21:15:30.1578586Z   frei0r-plugins gvfs libcuda1 libnvcuvid1 libnvidia-encode1 libbluray-bdj
2026-10-07T21:15:30.1578867Z   libdirectfb-extra libdv-bin oss-compat libdvdcss2 libvisual-0.4-plugins
2026-10-07T21:15:30.1579139Z   jackd2 liblrdf0-dev libportaudio2 opus-tools pipewire pulseaudio
2026-10-07T21:15:30.1579406Z   raptor2-utils libraw1394-doc librsvg2-bin serdi sndiod sordi speex
2026-10-07T21:15:30.1579636Z   libwildmidi-config opencl-icd fluid-soundfont-gm
2026-10-07T21:15:30.1579810Z Recommended packages:
2026-10-07T21:15:30.1580001Z   fonts-ipafont-mincho fonts-tlwg-loma gstreamer1.0-x libaacs0
2026-10-07T21:15:30.1580266Z   default-libdecor-0-plugin-1 | libdecor-0-plugin-1 gstreamer1.0-gl
2026-10-07T21:15:30.1580553Z   libgtk-4-bin librsvg2-common libgtk-4-media-gstreamer libpipewire-0.3-common
2026-10-07T21:15:30.1580857Z   pocketsphinx-en-us va-driver-all | va-driver vdpau-driver-all | vdpau-driver
2026-10-07T21:15:30.1581078Z   libmagickcore-6.q16-7-extra
2026-10-07T21:15:30.2003603Z The following NEW packages will be installed:
2026-10-07T21:15:30.2004015Z   fonts-freefont-ttf fonts-ipafont-gothic fonts-tlwg-loma-otf fonts-unifont
2026-10-07T21:15:30.2004438Z   fonts-wqy-zenhei glib-networking glib-networking-common
2026-10-07T21:15:30.2004845Z   glib-networking-services gsettings-desktop-schemas gstreamer1.0-libav
2026-10-07T21:15:30.2005341Z   gstreamer1.0-plugins-bad gstreamer1.0-plugins-base gstreamer1.0-plugins-good
2026-10-07T21:15:30.2005805Z   libaa1 libabsl20220623t64 libass9 libasyncns0 libavc1394-0 libavcodec60
2026-10-07T21:15:30.2006226Z   libavfilter9 libavformat60 libavif16 libavtp0 libavutil58 libblas3
2026-10-07T21:15:30.2006654Z   libbluray2 libbs2b0 libcaca0 libcairo-script-interpreter2 libcdparanoia0
2026-10-07T21:15:30.2007084Z   libchromaprint1 libcjson1 libcodec2-1.2 libdav1d7 libdc1394-25 libdca0
2026-10-07T21:15:30.2007425Z   libde265-0 libdecor-0-0 libdirectfb-1.7-7t64 libdv4t64 libdvdnav4
2026-10-07T21:15:30.2007697Z   libdvdread8t64 libegl-mesa0 libegl1 libevent-2.1-7t64 libfaad2 libflac12t64
2026-10-07T21:15:30.2007967Z   libflite1 libfluidsynth3 libfreeaptx0 libgav1-1 libgles2 libgme0
2026-10-07T21:15:30.2008219Z   libgraphene-1.0-0 libgsm1 libgssdp-1.6-0 libgstreamer-gl1.0-0
2026-10-07T21:15:30.2008476Z   libgstreamer-plugins-bad1.0-0 libgstreamer-plugins-base1.0-0
2026-10-07T21:15:30.2009105Z   libgstreamer-plugins-good1.0-0 libgtk-4-1 libgtk-4-common libgupnp-1.6-0
2026-10-07T21:15:30.2009468Z   libgupnp-igd-1.6-0 libharfbuzz-icu0 libhwy1t64 libhyphen0 libiec61883-0
2026-10-07T21:15:30.2009757Z   libimath-3-1-29t64 libinstpatch-1.0-2 libjack-jackd2-0 libjxl0.7 liblapack3
2026-10-07T21:15:30.2010044Z   liblc3-1 libldacbt-enc2 liblilv-0-0 liblrdf0 libltc11 libmanette-0.2-0
2026-10-07T21:15:30.2010320Z   libmbedcrypto7t64 libmfx1 libmjpegutils-2.1-0t64 libmodplug1 libmp3lame0
2026-10-07T21:15:30.2010662Z   libmpcdec6 libmpeg2encpp-2.1-0t64 libmpg123-0t64 libmplex2-2.1-0t64
2026-10-07T21:15:30.2011053Z   libmysofa1 libneon27t64 libnice10 libopenal-data libopenal1
2026-10-07T21:15:30.2011410Z   libopenexr-3-1-30 libopenh264-7 libopenmpt0t64 libopenni2-0 libopus0
2026-10-07T21:15:30.2011673Z   liborc-0.4-0t64 libpipewire-0.3-0t64 libplacebo338 libpocketsphinx3
2026-10-07T21:15:30.2011940Z   libpostproc57 libproxy1v5 libpulse0 libqrencode4 libraptor2-0 librav1e0
2026-10-07T21:15:30.2012342Z   libraw1394-11 librist4 librsvg2-2 librubberband2 libsamplerate0 libsbc1
2026-10-07T21:15:30.2012619Z   libsdl2-2.0-0 libsecret-1-0 libsecret-common libserd-0-0 libshine3 libshout3
2026-10-07T21:15:30.2012890Z   libsndfile1 libsndio7.0 libsord-0-0 libsoundtouch1 libsoup-3.0-0
2026-10-07T21:15:30.2013258Z   libsoup-3.0-common libsoxr0 libspa-0.2-modules libspandsp2t64 libspeex1
2026-10-07T21:15:30.2013541Z   libsphinxbase3t64 libsratom-0-0 libsrt1.5-gnutls libsrtp2-1 libssh-gcrypt-4
2026-10-07T21:15:30.2013825Z   libsvtav1enc1d1 libswresample4 libswscale7 libtag1v5 libtag1v5-vanilla
2026-10-07T21:15:30.2014085Z   libtheora0 libtwolame0 libudfread0 libunibreak5 libv4l-0t64
2026-10-07T21:15:30.2014335Z   libv4lconvert0t64 libva-drm2 libva-x11-2 libva2 libvdpau1 libvidstab1.1
2026-10-07T21:15:30.2014614Z   libvisual-0.4-0 libvo-aacenc0 libvo-amrwbenc0 libvorbisenc2 libvpl2 libvpx9
2026-10-07T21:15:30.2014899Z   libwavpack1 libwayland-server0 libwebrtc-audio-processing1 libwildmidi2
2026-10-07T21:15:30.2015190Z   libwoff1 libx264-164 libx265-199 libxcb-xkb1 libxkbcommon-x11-0 libxvidcore4
2026-10-07T21:15:30.2015476Z   libyuv0 libzbar0t64 libzimg2 libzix-0-0 libzvbi-common libzvbi0t64 libzxing3
2026-10-07T21:15:30.2015782Z   ocl-icd-libopencl1 session-migration timgm6mb-soundfont xfonts-cyrillic
2026-10-07T21:15:30.2016033Z   xfonts-encodings xfonts-scalable xfonts-utils
2026-10-07T21:15:30.2016232Z The following packages will be upgraded:
2026-10-07T21:15:30.2016385Z   libfreetype6
2026-10-07T21:15:30.2166069Z 1 upgraded, 181 newly installed, 0 to remove and 10 not upgraded.
2026-10-07T21:15:30.2166431Z Need to get 115 MB of archives.
2026-10-07T21:15:30.2166700Z After this operation, 364 MB of additional disk space will be used.
2026-10-07T21:15:30.2166954Z Get:1 file:/etc/apt/apt-mirrors.txt Mirrorlist [144 B]
2026-10-07T21:15:35.1027953Z Get:2 http://azure.archive.ubuntu.com/ubuntu noble/universe amd64 fonts-ipafont-gothic all 00303-21ubuntu1 [3513 kB]
2026-10-07T21:16:07.6457522Z Get:3 http://azure.archive.ubuntu.com/ubuntu noble/main amd64 fonts-freefont-ttf all 20211204+svn4273-2 [5641 kB]
2026-10-07T21:20:42.4807916Z Get:4 http://azure.archive.ubuntu.com/ubuntu noble/universe amd64 fonts-tlwg-loma-otf all 1:0.7.3-1 [107 kB]
2026-10-07T21:20:43.8025568Z Get:5 http://azure.archive.ubuntu.com/ubuntu noble/universe amd64 fonts-unifont all 1:15.1.01-1build1 [2993 kB]
2026-10-07T21:21:14.8065485Z Get:6 http://azure.archive.ubuntu.com/ubuntu noble/universe amd64 fonts-wqy-zenhei all 0.9.45-8 [7472 kB]
2026-10-07T21:22:33.8468973Z Get:7 http://azure.archive.ubuntu.com/ubuntu noble/main amd64 libproxy1v5 amd64 0.5.4-4build1 [26.5 kB]
2026-10-07T21:22:34.3378026Z Get:8 http://azure.archive.ubuntu.com/ubuntu noble/main amd64 glib-networking-common all 2.80.0-1build1 [6702 B]
2026-10-07T21:22:34.6147725Z Get:9 http://azure.archive.ubuntu.com/ubuntu noble/main amd64 glib-networking-services amd64 2.80.0-1build1 [12.8 kB]
2026-10-07T21:22:35.0450637Z Get:10 http://azure.archive.ubuntu.com/ubuntu noble/main amd64 session-migration amd64 0.3.9build1 [9034 B]
2026-10-07T21:22:35.3454155Z Get:11 http://azure.archive.ubuntu.com/ubuntu noble-updates/main amd64 gsettings-desktop-schemas all 46.1-0ubuntu1 [35.6 kB]
2026-10-07T21:22:35.8843664Z Get:12 http://azure.archive.ubuntu.com/ubuntu noble/main amd64 glib-networking amd64 2.80.0-1build1 [64.1 kB]
2026-10-07T21:22:36.7437262Z Get:13 http://azure.archive.ubuntu.com/ubuntu noble-updates/universe amd64 libva2 amd64 2.20.0-2ubuntu0.2 [66.4 kB]
2026-10-07T21:22:37.6494410Z Get:14 http://azure.archive.ubuntu.com/ubuntu noble-updates/universe amd64 libva-drm2 amd64 2.20.0-2ubuntu0.2 [7124 B]
2026-10-07T21:22:37.9390823Z Get:15 http://azure.archive.ubuntu.com/ubuntu noble-updates/universe amd64 libva-x11-2 amd64 2.20.0-2ubuntu0.2 [12.0 kB]
2026-10-07T21:22:38.3690395Z Get:16 http://azure.archive.ubuntu.com/ubuntu noble/main amd64 libvdpau1 amd64 1.5-2build1 [27.8 kB]
2026-10-07T21:22:39.0020306Z Get:17 http://azure.archive.ubuntu.com/ubuntu noble/universe amd64 libvpl2 amd64 2023.3.0-1build1 [99.8 kB]
2026-10-07T21:22:40.2978453Z Get:18 http://azure.archive.ubuntu.com/ubuntu noble/universe amd64 ocl-icd-libopencl1 amd64 2.3.2-1build1 [38.5 kB]
2026-10-07T21:22:40.9930858Z Get:19 http://azure.archive.ubuntu.com/ubuntu noble/universe amd64 libavutil58 amd64 7:6.1.1-3ubuntu5 [401 kB]
2026-10-07T21:22:45.5060434Z Get:20 http://azure.archive.ubuntu.com/ubuntu noble/universe amd64 libcodec2-1.2 amd64 1.2.0-2build1 [8998 kB]
2026-10-07T21:26:34.4233989Z Get:21 http://azure.archive.ubuntu.com/ubuntu noble/universe amd64 libdav1d7 amd64 1.4.1-1build1 [604 kB]
2026-10-07T21:26:40.2419648Z Get:22 http://azure.archive.ubuntu.com/ubuntu noble/universe amd64 libgsm1 amd64 1.0.22-1build1 [27.8 kB]
2026-10-07T21:26:41.1022366Z Get:23 http://azure.archive.ubuntu.com/ubuntu noble/universe amd64 libhwy1t64 amd64 1.0.7-8.1build1 [584 kB]
2026-10-07T21:26:48.7130756Z Get:24 http://azure.archive.ubuntu.com/ubuntu noble-updates/universe amd64 libjxl0.7 amd64 0.7.0-10.2ubuntu6.1 [1001 kB]
2026-10-07T21:27:01.5956792Z Get:25 http://azure.archive.ubuntu.com/ubuntu noble/main amd64 libmp3lame0 amd64 3.100-6build1 [142 kB]
2026-10-07T21:27:03.1795103Z Get:26 http://azure.archive.ubuntu.com/ubuntu noble/main amd64 libopus0 amd64 1.4-1build1 [208 kB]
2026-10-07T21:27:05.4540328Z Get:27 http://azure.archive.ubuntu.com/ubuntu noble/universe amd64 librav1e0 amd64 0.7.1-2 [1022 kB]
2026-10-07T21:27:15.8039305Z Get:28 http://azure.archive.ubuntu.com/ubuntu noble-updates/main amd64 librsvg2-2 amd64 2.58.0+dfsg-1ubuntu0.1 [2141 kB]
2026-10-07T21:27:37.9779388Z Get:29 http://azure.archive.ubuntu.com/ubuntu noble/universe amd64 libshine3 amd64 3.1.1-2build1 [23.2 kB]
2026-10-07T21:27:38.4881348Z Get:30 http://azure.archive.ubuntu.com/ubuntu noble-updates/main amd64 libspeex1 amd64 1.2.1-2ubuntu2.24.04.1 [59.6 kB]
2026-10-07T21:27:39.3214904Z Get:31 http://azure.archive.ubuntu.com/ubuntu noble/universe amd64 libsvtav1enc1d1 amd64 1.7.0+dfsg-2build1 [2425 kB]
2026-10-07T21:28:06.4266478Z Get:32 http://azure.archive.ubuntu.com/ubuntu noble/universe amd64 libsoxr0 amd64 0.1.3-4build3 [80.0 kB]
2026-10-07T21:28:07.6245824Z Get:33 http://azure.archive.ubuntu.com/ubuntu noble/universe amd64 libswresample4 amd64 7:6.1.1-3ubuntu5 [63.8 kB]
2026-10-07T21:28:08.5240359Z Get:34 http://azure.archive.ubuntu.com/ubuntu noble/main amd64 libtheora0 amd64 1.1.1+dfsg.1-16.1build3 [211 kB]
2026-10-07T21:28:11.0457289Z Get:35 http://azure.archive.ubuntu.com/ubuntu noble/main amd64 libtwolame0 amd64 0.4.0-2build3 [52.3 kB]
2026-10-07T21:28:11.8837975Z Get:36 http://azure.archive.ubuntu.com/ubuntu noble/main amd64 libvorbisenc2 amd64 1.3.7-1build3 [80.8 kB]
2026-10-07T21:28:13.2945650Z Get:37 http://azure.archive.ubuntu.com/ubuntu noble-updates/main amd64 libvpx9 amd64 1.14.0-1ubuntu2.3 [1143 kB]
2026-10-07T21:28:25.9955294Z Get:38 http://azure.archive.ubuntu.com/ubuntu noble/universe amd64 libx264-164 amd64 2:0.164.3108+git31e19f9-1 [604 kB]
2026-10-07T21:28:32.6757282Z Get:39 http://azure.archive.ubuntu.com/ubuntu noble/universe amd64 libx265-199 amd64 3.5-2build1 [1226 kB]
2026-10-07T21:28:46.6916813Z Get:40 http://azure.archive.ubuntu.com/ubuntu noble/universe amd64 libxvidcore4 amd64 2:1.3.7-1build1 [219 kB]
2026-10-07T21:28:49.4714053Z Get:41 http://azure.archive.ubuntu.com/ubuntu noble/universe amd64 libzvbi-common all 0.2.42-2 [42.4 kB]
2026-10-07T21:28:50.2516521Z Get:42 http://azure.archive.ubuntu.com/ubuntu noble/universe amd64 libzvbi0t64 amd64 0.2.42-2 [261 kB]
2026-10-07T21:28:53.4698296Z Get:43 http://azure.archive.ubuntu.com/ubuntu noble/universe amd64 libavcodec60 amd64 7:6.1.1-3ubuntu5 [5851 kB]
2026-10-07T21:33:43.7524453Z Get:44 http://azure.archive.ubuntu.com/ubuntu noble-updates/main amd64 libfreetype6 amd64 2.13.2+dfsg-1ubuntu0.2 [403 kB]
2026-10-07T21:33:48.8758086Z Get:45 http://azure.archive.ubuntu.com/ubuntu noble/universe amd64 libunibreak5 amd64 5.1-2build1 [25.0 kB]
2026-10-07T21:33:49.4569111Z Get:46 http://azure.archive.ubuntu.com/ubuntu noble/universe amd64 libass9 amd64 1:0.17.1-2build1 [104 kB]
2026-10-07T21:33:51.0354460Z Get:47 http://azure.archive.ubuntu.com/ubuntu noble/universe amd64 libudfread0 amd64 1.1.2-1build1 [19.0 kB]
2026-10-07T21:33:51.5166236Z Get:48 http://azure.archive.ubuntu.com/ubuntu noble/universe amd64 libbluray2 amd64 1:1.3.4-1build1 [159 kB]
2026-10-07T21:33:53.8263891Z Get:49 http://azure.archive.ubuntu.com/ubuntu noble/universe amd64 libchromaprint1 amd64 1.5.1-5 [30.5 kB]
2026-10-07T21:33:54.6186667Z Get:50 http://azure.archive.ubuntu.com/ubuntu noble/universe amd64 libgme0 amd64 0.6.3-7build1 [134 kB]
2026-10-07T21:33:56.5342708Z Get:51 http://azure.archive.ubuntu.com/ubuntu noble-updates/main amd64 libmpg123-0t64 amd64 1.32.5-1ubuntu1.1 [169 kB]
2026-10-07T21:33:58.9097663Z Get:52 http://azure.archive.ubuntu.com/ubuntu noble/universe amd64 libopenmpt0t64 amd64 0.7.3-1.1build3 [647 kB]
2026-10-07T21:34:07.1593576Z Get:53 http://azure.archive.ubuntu.com/ubuntu noble/universe amd64 libcjson1 amd64 1.7.17-1 [24.8 kB]
2026-10-07T21:34:07.7948525Z Get:54 http://azure.archive.ubuntu.com/ubuntu noble/universe amd64 libmbedcrypto7t64 amd64 2.28.8-1 [209 kB]
2026-10-07T21:34:10.8764792Z Get:55 http://azure.archive.ubuntu.com/ubuntu noble/universe amd64 librist4 amd64 0.2.10+dfsg-2 [74.9 kB]
2026-10-07T21:34:12.1299068Z Get:56 http://azure.archive.ubuntu.com/ubuntu noble/universe amd64 libsrt1.5-gnutls amd64 1.5.3-1build2 [316 kB]
2026-10-07T21:34:16.3251338Z Get:57 http://azure.archive.ubuntu.com/ubuntu noble-updates/main amd64 libssh-gcrypt-4 amd64 0.10.6-2ubuntu0.5 [226 kB]
2026-10-07T21:34:19.3244869Z Get:58 http://azure.archive.ubuntu.com/ubuntu noble/universe amd64 libavformat60 amd64 7:6.1.1-3ubuntu5 [1153 kB]
2026-10-07T21:34:33.8375257Z Get:59 http://azure.archive.ubuntu.com/ubuntu noble/universe amd64 libbs2b0 amd64 3.1.0+dfsg-7build1 [10.6 kB]
2026-10-07T21:34:34.2957865Z Get:60 http://azure.archive.ubuntu.com/ubuntu noble/universe amd64 libflite1 amd64 2.2-6build3 [13.6 MB]
2026-10-07T21:44:45.4579631Z Get:61 http://azure.archive.ubuntu.com/ubuntu noble/universe amd64 libserd-0-0 amd64 0.32.2-1 [43.6 kB]
2026-10-07T21:44:46.1051402Z Get:62 http://azure.archive.ubuntu.com/ubuntu noble/universe amd64 libzix-0-0 amd64 0.4.2-2build1 [23.6 kB]
2026-10-07T21:44:46.5480969Z Get:63 http://azure.archive.ubuntu.com/ubuntu noble/universe amd64 libsord-0-0 amd64 0.16.16-2build1 [15.8 kB]
2026-10-07T21:44:48.0235538Z Get:64 http://azure.archive.ubuntu.com/ubuntu noble/universe amd64 libsratom-0-0 amd64 0.6.16-1build1 [17.3 kB]
2026-10-07T21:44:48.4060469Z Get:65 http://azure.archive.ubuntu.com/ubuntu noble/universe amd64 liblilv-0-0 amd64 0.24.22-1build1 [41.0 kB]
2026-10-07T21:44:49.0172446Z Get:66 http://azure.archive.ubuntu.com/ubuntu noble/universe amd64 libmysofa1 amd64 1.3.2+dfsg-2ubuntu2 [1158 kB]
2026-10-07T21:45:00.0745189Z Get:67 http://azure.archive.ubuntu.com/ubuntu noble/universe amd64 libplacebo338 amd64 6.338.2-2build1 [2654 kB]
2026-10-07T21:45:29.1821800Z Get:68 http://azure.archive.ubuntu.com/ubuntu noble-updates/main amd64 libblas3 amd64 3.12.0-3build1.1 [238 kB]
2026-10-07T21:45:31.4363469Z Get:69 http://azure.archive.ubuntu.com/ubuntu noble-updates/main amd64 liblapack3 amd64 3.12.0-3build1.1 [2646 kB]
2026-10-07T21:45:55.2955941Z Get:70 http://azure.archive.ubuntu.com/ubuntu noble/main amd64 libasyncns0 amd64 0.8-6build4 [11.3 kB]
2026-10-07T21:45:55.5871021Z Get:71 http://azure.archive.ubuntu.com/ubuntu noble/main amd64 libflac12t64 amd64 1.4.3+ds-2.1ubuntu2 [197 kB]
2026-10-07T21:45:57.8223012Z Get:72 http://azure.archive.ubuntu.com/ubuntu noble-updates/main amd64 libsndfile1 amd64 1.2.2-1ubuntu5.24.04.1 [209 kB]
2026-10-07T21:46:00.0590706Z Get:73 http://azure.archive.ubuntu.com/ubuntu noble-updates/main amd64 libpulse0 amd64 1:16.1+dfsg1-2ubuntu10.1 [292 kB]
2026-10-07T21:46:02.9044398Z Get:74 http://azure.archive.ubuntu.com/ubuntu noble/universe amd64 libsphinxbase3t64 amd64 0.8+5prealpha+1-17build2 [126 kB]
2026-10-07T21:46:04.3798098Z Get:75 http://azure.archive.ubuntu.com/ubuntu noble/universe amd64 libpocketsphinx3 amd64 0.8.0+real5prealpha+1-15ubuntu5 [133 kB]
2026-10-07T21:46:06.0110413Z Get:76 http://azure.archive.ubuntu.com/ubuntu noble/universe amd64 libpostproc57 amd64 7:6.1.1-3ubuntu5 [49.9 kB]
2026-10-07T21:46:06.7070224Z Get:77 http://azure.archive.ubuntu.com/ubuntu noble/main amd64 libsamplerate0 amd64 0.2.2-4build1 [1344 kB]
2026-10-07T21:46:19.4603874Z Get:78 http://azure.archive.ubuntu.com/ubuntu noble/universe amd64 librubberband2 amd64 3.3.0+dfsg-2build1 [130 kB]
2026-10-07T21:46:20.8612216Z Get:79 http://azure.archive.ubuntu.com/ubuntu noble/universe amd64 libswscale7 amd64 7:6.1.1-3ubuntu5 [193 kB]
2026-10-07T21:46:22.9239563Z Get:80 http://azure.archive.ubuntu.com/ubuntu noble/universe amd64 libvidstab1.1 amd64 1.1.0-2build1 [38.5 kB]
2026-10-07T21:46:23.5982734Z Get:81 http://azure.archive.ubuntu.com/ubuntu noble/universe amd64 libzimg2 amd64 3.0.5+ds1-1build1 [254 kB]
2026-10-07T21:46:26.4649907Z Get:82 http://azure.archive.ubuntu.com/ubuntu noble/universe amd64 libavfilter9 amd64 7:6.1.1-3ubuntu5 [4235 kB]
2026-10-07T21:47:05.9364330Z Get:83 http://azure.archive.ubuntu.com/ubuntu noble-updates/main amd64 liborc-0.4-0t64 amd64 1:0.4.38-1ubuntu0.1 [207 kB]
2026-10-07T21:47:07.8689255Z Get:84 http://azure.archive.ubuntu.com/ubuntu noble-updates/main amd64 libgstreamer-plugins-base1.0-0 amd64 1.24.2-1ubuntu0.5 [862 kB]
2026-10-07T21:47:16.3169813Z Get:85 http://azure.archive.ubuntu.com/ubuntu noble/universe amd64 gstreamer1.0-libav amd64 1.24.1-1build1 [103 kB]
2026-10-07T21:47:17.4687832Z Get:86 http://azure.archive.ubuntu.com/ubuntu noble/main amd64 libcdparanoia0 amd64 3.10.2+debian-14build3 [48.5 kB]
2026-10-07T21:47:18.0798247Z Get:87 http://azure.archive.ubuntu.com/ubuntu noble/main amd64 libvisual-0.4-0 amd64 0.4.2-2build1 [115 kB]
2026-10-07T21:47:19.3125592Z Get:88 http://azure.archive.ubuntu.com/ubuntu noble-updates/main amd64 gstreamer1.0-plugins-base amd64 1.24.2-1ubuntu0.5 [721 kB]
2026-10-07T21:47:26.4964373Z Get:89 http://azure.archive.ubuntu.com/ubuntu noble/main amd64 libaa1 amd64 1.4p5-51.1 [49.9 kB]
2026-10-07T21:47:27.1530033Z Get:90 http://azure.archive.ubuntu.com/ubuntu noble/main amd64 libraw1394-11 amd64 2.1.2-2build3 [26.2 kB]
2026-10-07T21:47:27.6224563Z Get:91 http://azure.archive.ubuntu.com/ubuntu noble/main amd64 libavc1394-0 amd64 0.5.4-5build3 [15.4 kB]
2026-10-07T21:47:27.9546844Z Get:92 http://azure.archive.ubuntu.com/ubuntu noble-updates/main amd64 libcaca0 amd64 0.99.beta20-4ubuntu0.2 [209 kB]
2026-10-07T21:47:30.1339866Z Get:93 http://azure.archive.ubuntu.com/ubuntu noble/main amd64 libdv4t64 amd64 1.0.0-17.1build1 [63.2 kB]
2026-10-07T21:47:30.9920542Z Get:94 http://azure.archive.ubuntu.com/ubuntu noble-updates/main amd64 libgstreamer-plugins-good1.0-0 amd64 1.24.2-1ubuntu1.8 [34.3 kB]
2026-10-07T21:47:31.5516431Z Get:95 http://azure.archive.ubuntu.com/ubuntu noble/main amd64 libiec61883-0 amd64 1.2.0-6build1 [24.5 kB]
2026-10-07T21:47:31.9762204Z Get:96 http://azure.archive.ubuntu.com/ubuntu noble/main amd64 libshout3 amd64 2.4.6-1build2 [50.3 kB]
2026-10-07T21:47:32.7184585Z Get:97 http://azure.archive.ubuntu.com/ubuntu noble/main amd64 libtag1v5-vanilla amd64 1.13.1-1build1 [326 kB]
2026-10-07T21:47:35.9825147Z Get:98 http://azure.archive.ubuntu.com/ubuntu noble/main amd64 libtag1v5 amd64 1.13.1-1build1 [11.7 kB]
2026-10-07T21:47:36.2866504Z Get:99 http://azure.archive.ubuntu.com/ubuntu noble/main amd64 libv4lconvert0t64 amd64 1.26.1-4build3 [87.6 kB]
2026-10-07T21:47:37.3112484Z Get:100 http://azure.archive.ubuntu.com/ubuntu noble/main amd64 libv4l-0t64 amd64 1.26.1-4build3 [46.9 kB]
2026-10-07T21:47:37.9571611Z Get:101 http://azure.archive.ubuntu.com/ubuntu noble/main amd64 libwavpack1 amd64 5.6.0-1build1 [84.6 kB]
2026-10-07T21:47:38.9227680Z Get:102 http://azure.archive.ubuntu.com/ubuntu noble-updates/main amd64 libsoup-3.0-common all 3.4.4-5ubuntu0.9 [12.3 kB]
2026-10-07T21:47:41.5235243Z Get:103 http://azure.archive.ubuntu.com/ubuntu noble-updates/main amd64 libsoup-3.0-0 amd64 3.4.4-5ubuntu0.9 [291 kB]
2026-10-07T21:47:44.6538925Z Get:104 http://azure.archive.ubuntu.com/ubuntu noble-updates/main amd64 gstreamer1.0-plugins-good amd64 1.24.2-1ubuntu1.8 [2236 kB]
2026-10-07T21:48:05.2463214Z Get:105 http://azure.archive.ubuntu.com/ubuntu noble-updates/main amd64 libabsl20220623t64 amd64 20220623.1-3.1ubuntu3.2 [423 kB]
2026-10-07T21:48:09.3764579Z Get:106 http://azure.archive.ubuntu.com/ubuntu noble/universe amd64 libgav1-1 amd64 0.18.0-1build3 [357 kB]
2026-10-07T21:48:12.6210105Z Get:107 http://azure.archive.ubuntu.com/ubuntu noble/universe amd64 libyuv0 amd64 0.0~git202401110.af6ac82-1 [178 kB]
2026-10-07T21:48:14.5091113Z Get:108 http://azure.archive.ubuntu.com/ubuntu noble/universe amd64 libavif16 amd64 1.0.4-1ubuntu3 [91.2 kB]
2026-10-07T21:48:15.5311558Z Get:109 http://azure.archive.ubuntu.com/ubuntu noble/universe amd64 libavtp0 amd64 0.2.0-1build1 [6414 B]
2026-10-07T21:48:15.7794466Z Get:110 http://azure.archive.ubuntu.com/ubuntu noble/main amd64 libcairo-script-interpreter2 amd64 1.18.0-3build1 [60.3 kB]
2026-10-07T21:48:16.5246895Z Get:111 http://azure.archive.ubuntu.com/ubuntu noble/universe amd64 libdc1394-25 amd64 2.2.6-4build1 [90.1 kB]
2026-10-07T21:48:17.6229636Z Get:112 http://azure.archive.ubuntu.com/ubuntu noble-updates/main amd64 libde265-0 amd64 1.0.15-1ubuntu0.1 [167 kB]
2026-10-07T21:48:19.4318315Z Get:113 http://azure.archive.ubuntu.com/ubuntu noble/main amd64 libdecor-0-0 amd64 0.2.2-1build2 [16.5 kB]
2026-10-07T21:48:19.8041681Z Get:114 http://azure.archive.ubuntu.com/ubuntu noble/main amd64 libgles2 amd64 1.7.0-1build1 [17.1 kB]
2026-10-07T21:48:20.1965260Z Get:115 http://azure.archive.ubuntu.com/ubuntu noble/universe amd64 libdirectfb-1.7-7t64 amd64 1.7.7-11.1ubuntu2 [1035 kB]
2026-10-07T21:48:29.9188872Z Get:116 http://azure.archive.ubuntu.com/ubuntu noble/universe amd64 libdvdread8t64 amd64 6.1.3-1.1build1 [54.7 kB]
2026-10-07T21:48:30.6644163Z Get:117 http://azure.archive.ubuntu.com/ubuntu noble/universe amd64 libdvdnav4 amd64 6.1.1-3build1 [39.5 kB]
2026-10-07T21:48:31.1971112Z Get:118 http://azure.archive.ubuntu.com/ubuntu noble-updates/main amd64 libegl-mesa0 amd64 25.2.8-0ubuntu0.24.04.4 [117 kB]
2026-10-07T21:48:32.3987146Z Get:119 http://azure.archive.ubuntu.com/ubuntu noble-updates/main amd64 libevent-2.1-7t64 amd64 2.1.12-stable-9ubuntu2.2 [146 kB]
2026-10-07T21:48:33.9930242Z Get:120 http://azure.archive.ubuntu.com/ubuntu noble/universe amd64 libfaad2 amd64 2.11.1-1build1 [207 kB]
2026-10-07T21:48:35.9275411Z Get:121 http://azure.archive.ubuntu.com/ubuntu noble/universe amd64 libinstpatch-1.0-2 amd64 1.1.6-1build2 [251 kB]
2026-10-07T21:48:38.3553419Z Get:122 http://azure.archive.ubuntu.com/ubuntu noble/main amd64 libjack-jackd2-0 amd64 1.9.21~dfsg-3ubuntu3 [289 kB]
2026-10-07T21:48:41.0894937Z Get:123 http://azure.archive.ubuntu.com/ubuntu noble/main amd64 libwebrtc-audio-processing1 amd64 0.3.1-0ubuntu6 [290 kB]
2026-10-07T21:48:43.8278051Z Get:124 http://azure.archive.ubuntu.com/ubuntu noble-updates/main amd64 libspa-0.2-modules amd64 1.0.5-1ubuntu3.3 [628 kB]
2026-10-07T21:48:49.6492930Z Get:125 http://azure.archive.ubuntu.com/ubuntu noble-updates/main amd64 libpipewire-0.3-0t64 amd64 1.0.5-1ubuntu3.3 [252 kB]
2026-10-07T21:48:51.9918966Z Get:126 http://azure.archive.ubuntu.com/ubuntu noble-updates/main amd64 libsdl2-2.0-0 amd64 2.30.0+dfsg-1ubuntu3.1 [686 kB]
2026-10-07T21:48:58.4959739Z Get:127 http://azure.archive.ubuntu.com/ubuntu noble/universe amd64 timgm6mb-soundfont all 1.3-5 [5427 kB]
2026-10-07T21:49:47.8708825Z Get:128 http://azure.archive.ubuntu.com/ubuntu noble/universe amd64 libfluidsynth3 amd64 2.3.4-1build3 [249 kB]
2026-10-07T21:49:50.0918431Z Get:129 http://azure.archive.ubuntu.com/ubuntu noble/main amd64 libfreeaptx0 amd64 0.1.1-2build1 [13.5 kB]
2026-10-07T21:49:50.4620443Z Get:130 http://azure.archive.ubuntu.com/ubuntu noble/main amd64 libgraphene-1.0-0 amd64 1.10.8-3build2 [46.2 kB]
2026-10-07T21:49:51.0361263Z Get:131 http://azure.archive.ubuntu.com/ubuntu noble/main amd64 libgssdp-1.6-0 amd64 1.6.3-1build3 [40.4 kB]
2026-10-07T21:49:51.5464936Z Get:132 http://azure.archive.ubuntu.com/ubuntu noble/main amd64 libegl1 amd64 1.7.0-1build1 [28.7 kB]
2026-10-07T21:49:51.9852884Z Get:133 http://azure.archive.ubuntu.com/ubuntu noble-updates/main amd64 libgstreamer-gl1.0-0 amd64 1.24.2-1ubuntu0.5 [214 kB]
2026-10-07T21:49:54.2660484Z Get:134 http://azure.archive.ubuntu.com/ubuntu noble-updates/main amd64 libgtk-4-common all 4.14.5+ds-0ubuntu0.10 [1497 kB]
2026-10-07T21:50:08.1672146Z Get:135 http://azure.archive.ubuntu.com/ubuntu noble-updates/main amd64 libgtk-4-1 amd64 4.14.5+ds-0ubuntu0.10 [3295 kB]
2026-10-07T21:50:46.7125286Z Get:136 http://azure.archive.ubuntu.com/ubuntu noble/main amd64 libgupnp-1.6-0 amd64 1.6.6-1build3 [92.7 kB]
2026-10-07T21:50:47.7836952Z Get:137 http://azure.archive.ubuntu.com/ubuntu noble/universe amd64 libgupnp-igd-1.6-0 amd64 1.6.0-3build3 [16.5 kB]
2026-10-07T21:50:48.2918336Z Get:138 http://azure.archive.ubuntu.com/ubuntu noble/main amd64 libharfbuzz-icu0 amd64 8.3.0-2build2 [13.3 kB]
2026-10-07T21:50:48.8057601Z Get:139 http://azure.archive.ubuntu.com/ubuntu noble/main amd64 libhyphen0 amd64 2.8.8-7build3 [26.5 kB]
2026-10-07T21:50:49.2834906Z Get:140 http://azure.archive.ubuntu.com/ubuntu noble/universe amd64 libimath-3-1-29t64 amd64 3.1.9-3.1ubuntu2 [72.2 kB]
2026-10-07T21:50:50.1963078Z Get:141 http://azure.archive.ubuntu.com/ubuntu noble/main amd64 liblc3-1 amd64 1.0.4-3build1 [69.7 kB]
2026-10-07T21:50:51.1800087Z Get:142 http://azure.archive.ubuntu.com/ubuntu noble/main amd64 libldacbt-enc2 amd64 2.0.2.3+git20200429+ed310a0-4ubuntu2 [27.1 kB]
2026-10-07T21:50:51.7827760Z Get:143 http://azure.archive.ubuntu.com/ubuntu noble-updates/main amd64 libraptor2-0 amd64 2.0.16-3ubuntu0.1 [165 kB]
2026-10-07T21:50:54.1196130Z Get:144 http://azure.archive.ubuntu.com/ubuntu noble/universe amd64 liblrdf0 amd64 0.6.1-4build1 [18.5 kB]
2026-10-07T21:50:54.6611518Z Get:145 http://azure.archive.ubuntu.com/ubuntu noble/universe amd64 libltc11 amd64 1.3.2-1build1 [13.0 kB]
2026-10-07T21:50:55.1634337Z Get:146 http://azure.archive.ubuntu.com/ubuntu noble/main amd64 libmanette-0.2-0 amd64 0.2.7-1build2 [30.6 kB]
2026-10-07T21:50:55.7170497Z Get:147 http://azure.archive.ubuntu.com/ubuntu noble/universe amd64 libmfx1 amd64 22.5.4-1 [3124 kB]
2026-10-07T21:51:29.2117591Z Get:148 http://azure.archive.ubuntu.com/ubuntu noble/universe amd64 libmjpegutils-2.1-0t64 amd64 1:2.1.0+debian-8.1build1 [25.5 kB]
2026-10-07T21:51:29.7075938Z Get:149 http://azure.archive.ubuntu.com/ubuntu noble/universe amd64 libmodplug1 amd64 1:0.8.9.0-3build1 [166 kB]
2026-10-07T21:51:31.5795872Z Get:150 http://azure.archive.ubuntu.com/ubuntu noble/universe amd64 libmpcdec6 amd64 2:0.1~r495-2build1 [32.7 kB]
2026-10-07T21:51:32.4368214Z Get:151 http://azure.archive.ubuntu.com/ubuntu noble/universe amd64 libmpeg2encpp-2.1-0t64 amd64 1:2.1.0+debian-8.1build1 [75.6 kB]
2026-10-07T21:51:33.4559571Z Get:152 http://azure.archive.ubuntu.com/ubuntu noble/universe amd64 libmplex2-2.1-0t64 amd64 1:2.1.0+debian-8.1build1 [46.1 kB]
2026-10-07T21:51:34.1051555Z Get:153 http://azure.archive.ubuntu.com/ubuntu noble/universe amd64 libneon27t64 amd64 0.33.0-1.1build3 [102 kB]
2026-10-07T21:51:35.2244360Z Get:154 http://azure.archive.ubuntu.com/ubuntu noble/universe amd64 libnice10 amd64 0.1.21-2build3 [157 kB]
2026-10-07T21:51:37.0552454Z Get:155 http://azure.archive.ubuntu.com/ubuntu noble/universe amd64 libopenal-data all 1:1.23.1-4build1 [161 kB]
2026-10-07T21:51:38.9465238Z Get:156 http://azure.archive.ubuntu.com/ubuntu noble/universe amd64 libopenexr-3-1-30 amd64 3.1.5-5.1build3 [1004 kB]
2026-10-07T21:51:50.6678220Z Get:157 http://azure.archive.ubuntu.com/ubuntu noble/universe amd64 libopenh264-7 amd64 2.4.1+dfsg-1 [409 kB]
2026-10-07T21:51:56.9265777Z Get:158 http://azure.archive.ubuntu.com/ubuntu noble/universe amd64 libopenni2-0 amd64 2.2.0.33+dfsg-18 [370 kB]
2026-10-07T21:52:00.6145678Z Get:159 http://azure.archive.ubuntu.com/ubuntu noble/universe amd64 libqrencode4 amd64 4.1.1-1build2 [25.0 kB]
2026-10-07T21:52:01.1054323Z Get:160 http://azure.archive.ubuntu.com/ubuntu noble/main amd64 libsecret-common all 0.21.4-1build3 [4962 B]
2026-10-07T21:52:01.3552485Z Get:161 http://azure.archive.ubuntu.com/ubuntu noble/main amd64 libsecret-1-0 amd64 0.21.4-1build3 [116 kB]
2026-10-07T21:52:02.6104588Z Get:162 http://azure.archive.ubuntu.com/ubuntu noble/universe amd64 libsndio7.0 amd64 1.9.0-0.3build3 [29.6 kB]
2026-10-07T21:52:03.2541270Z Get:163 http://azure.archive.ubuntu.com/ubuntu noble/universe amd64 libsoundtouch1 amd64 2.3.2+ds1-1build1 [60.5 kB]
2026-10-07T21:52:04.2370285Z Get:164 http://azure.archive.ubuntu.com/ubuntu noble/universe amd64 libspandsp2t64 amd64 0.0.6+dfsg-2.1build1 [311 kB]
2026-10-07T21:52:07.4576309Z Get:165 http://azure.archive.ubuntu.com/ubuntu noble/universe amd64 libsrtp2-1 amd64 2.5.0-3build1 [41.9 kB]
2026-10-07T21:52:08.0993193Z Get:166 http://azure.archive.ubuntu.com/ubuntu noble/main amd64 libwayland-server0 amd64 1.22.0-2.1build1 [33.9 kB]
2026-10-07T21:52:08.7811663Z Get:167 http://azure.archive.ubuntu.com/ubuntu noble/universe amd64 libwildmidi2 amd64 0.4.3-1build3 [68.5 kB]
2026-10-07T21:52:09.8217378Z Get:168 http://azure.archive.ubuntu.com/ubuntu noble/main amd64 libwoff1 amd64 1.0.2-2build1 [45.3 kB]
2026-10-07T21:52:10.6052903Z Get:169 http://azure.archive.ubuntu.com/ubuntu noble/main amd64 libxcb-xkb1 amd64 1.15-1ubuntu2 [32.3 kB]
2026-10-07T21:52:11.1023563Z Get:170 http://azure.archive.ubuntu.com/ubuntu noble/main amd64 libxkbcommon-x11-0 amd64 1.6.0-1build1 [14.5 kB]
2026-10-07T21:52:11.4328866Z Get:171 http://azure.archive.ubuntu.com/ubuntu noble/universe amd64 libzbar0t64 amd64 0.23.93-4build3 [123 kB]
2026-10-07T21:52:12.9486553Z Get:172 http://azure.archive.ubuntu.com/ubuntu noble/universe amd64 libzxing3 amd64 2.2.1-3 [583 kB]
2026-10-07T21:52:18.7882892Z Get:173 http://azure.archive.ubuntu.com/ubuntu noble/main amd64 xfonts-encodings all 1:1.0.5-0ubuntu2 [578 kB]
2026-10-07T21:52:24.7647962Z Get:174 http://azure.archive.ubuntu.com/ubuntu noble/main amd64 xfonts-utils amd64 1:7.7+6build3 [94.4 kB]
2026-10-07T21:52:25.8129209Z Get:175 http://azure.archive.ubuntu.com/ubuntu noble/universe amd64 xfonts-cyrillic all 1:1.0.5+nmu1 [384 kB]
2026-10-07T21:52:30.4157679Z Get:176 http://azure.archive.ubuntu.com/ubuntu noble/main amd64 xfonts-scalable all 1:1.0.3-1.3 [304 kB]
2026-10-07T21:52:33.4674910Z Get:177 http://azure.archive.ubuntu.com/ubuntu noble/universe amd64 libgstreamer-plugins-bad1.0-0 amd64 1.24.2-1ubuntu4 [797 kB]
2026-10-07T21:52:41.3330581Z Get:178 http://azure.archive.ubuntu.com/ubuntu noble/universe amd64 libdca0 amd64 0.0.7-2build1 [93.8 kB]
2026-10-07T21:52:42.3610621Z Get:179 http://azure.archive.ubuntu.com/ubuntu noble/universe amd64 libopenal1 amd64 1:1.23.1-4build1 [540 kB]
2026-10-07T21:52:47.7153558Z Get:180 http://azure.archive.ubuntu.com/ubuntu noble/main amd64 libsbc1 amd64 2.0-1build1 [33.9 kB]
2026-10-07T21:52:48.2710358Z Get:181 http://azure.archive.ubuntu.com/ubuntu noble/universe amd64 libvo-aacenc0 amd64 0.1.3-2build1 [67.8 kB]
2026-10-07T21:52:49.0401648Z Get:182 http://azure.archive.ubuntu.com/ubuntu noble/universe amd64 libvo-amrwbenc0 amd64 0.1.3-2build1 [76.7 kB]
2026-10-07T21:52:49.9013925Z Get:183 http://azure.archive.ubuntu.com/ubuntu noble/universe amd64 gstreamer1.0-plugins-bad amd64 1.24.2-1ubuntu4 [3081 kB]
2026-10-07T21:53:21.1716137Z Fetched 115 MB in 37min 51s (50.5 kB/s)
2026-10-07T21:53:21.1892973Z Selecting previously unselected package fonts-ipafont-gothic.
2026-10-07T21:53:21.2138263Z (Reading database ... 
2026-10-07T21:53:21.2138679Z (Reading database ... 5%
2026-10-07T21:53:21.2138923Z (Reading database ... 10%
2026-10-07T21:53:21.2139081Z (Reading database ... 15%
2026-10-07T21:53:21.2139213Z (Reading database ... 20%
2026-10-07T21:53:21.2139343Z (Reading database ... 25%
2026-10-07T21:53:21.2139477Z (Reading database ... 30%
2026-10-07T21:53:21.2139605Z (Reading database ... 35%
2026-10-07T21:53:21.2139734Z (Reading database ... 40%
2026-10-07T21:53:21.2139866Z (Reading database ... 45%
2026-10-07T21:53:21.2139996Z (Reading database ... 50%
2026-10-07T21:53:21.2179922Z (Reading database ... 55%
2026-10-07T21:53:21.2975181Z (Reading database ... 60%
2026-10-07T21:53:21.4482200Z (Reading database ... 65%
2026-10-07T21:53:21.6479099Z (Reading database ... 70%
2026-10-07T21:53:21.8493247Z (Reading database ... 75%
2026-10-07T21:53:21.9931379Z (Reading database ... 80%
2026-10-07T21:53:22.1378939Z (Reading database ... 85%
2026-10-07T21:53:22.3017622Z (Reading database ... 90%
2026-10-07T21:53:22.4460259Z (Reading database ... 95%
2026-10-07T21:53:22.4460453Z (Reading database ... 100%
2026-10-07T21:53:22.4460687Z (Reading database ... 203191 files and directories currently installed.)
2026-10-07T21:53:22.4491780Z Preparing to unpack .../000-fonts-ipafont-gothic_00303-21ubuntu1_all.deb ...
2026-10-07T21:53:22.4561269Z Unpacking fonts-ipafont-gothic (00303-21ubuntu1) ...
2026-10-07T21:53:22.6671796Z Selecting previously unselected package fonts-freefont-ttf.
2026-10-07T21:53:22.6764375Z Preparing to unpack .../001-fonts-freefont-ttf_20211204+svn4273-2_all.deb ...
2026-10-07T21:53:22.6769503Z Unpacking fonts-freefont-ttf (20211204+svn4273-2) ...
2026-10-07T21:53:22.7646098Z Selecting previously unselected package fonts-tlwg-loma-otf.
2026-10-07T21:53:22.7739154Z Preparing to unpack .../002-fonts-tlwg-loma-otf_1%3a0.7.3-1_all.deb ...
2026-10-07T21:53:22.7744983Z Unpacking fonts-tlwg-loma-otf (1:0.7.3-1) ...
2026-10-07T21:53:22.7900944Z Selecting previously unselected package fonts-unifont.
2026-10-07T21:53:22.7991488Z Preparing to unpack .../003-fonts-unifont_1%3a15.1.01-1build1_all.deb ...
2026-10-07T21:53:22.7996778Z Unpacking fonts-unifont (1:15.1.01-1build1) ...
2026-10-07T21:53:22.9822440Z Selecting previously unselected package fonts-wqy-zenhei.
2026-10-07T21:53:22.9915086Z Preparing to unpack .../004-fonts-wqy-zenhei_0.9.45-8_all.deb ...
2026-10-07T21:53:22.9990016Z Unpacking fonts-wqy-zenhei (0.9.45-8) ...
2026-10-07T21:53:23.4066662Z Selecting previously unselected package libproxy1v5:amd64.
2026-10-07T21:53:23.4161326Z Preparing to unpack .../005-libproxy1v5_0.5.4-4build1_amd64.deb ...
2026-10-07T21:53:23.4175793Z Unpacking libproxy1v5:amd64 (0.5.4-4build1) ...
2026-10-07T21:53:23.4344722Z Selecting previously unselected package glib-networking-common.
2026-10-07T21:53:23.4437070Z Preparing to unpack .../006-glib-networking-common_2.80.0-1build1_all.deb ...
2026-10-07T21:53:23.4442809Z Unpacking glib-networking-common (2.80.0-1build1) ...
2026-10-07T21:53:23.4585865Z Selecting previously unselected package glib-networking-services.
2026-10-07T21:53:23.4676190Z Preparing to unpack .../007-glib-networking-services_2.80.0-1build1_amd64.deb ...
2026-10-07T21:53:23.4681784Z Unpacking glib-networking-services (2.80.0-1build1) ...
2026-10-07T21:53:23.4835622Z Selecting previously unselected package session-migration.
2026-10-07T21:53:23.4924351Z Preparing to unpack .../008-session-migration_0.3.9build1_amd64.deb ...
2026-10-07T21:53:23.4929452Z Unpacking session-migration (0.3.9build1) ...
2026-10-07T21:53:23.5104227Z Selecting previously unselected package gsettings-desktop-schemas.
2026-10-07T21:53:23.5191780Z Preparing to unpack .../009-gsettings-desktop-schemas_46.1-0ubuntu1_all.deb ...
2026-10-07T21:53:23.5197611Z Unpacking gsettings-desktop-schemas (46.1-0ubuntu1) ...
2026-10-07T21:53:23.5808833Z Selecting previously unselected package glib-networking:amd64.
2026-10-07T21:53:23.5896152Z Preparing to unpack .../010-glib-networking_2.80.0-1build1_amd64.deb ...
2026-10-07T21:53:23.5902323Z Unpacking glib-networking:amd64 (2.80.0-1build1) ...
2026-10-07T21:53:23.6066127Z Selecting previously unselected package libva2:amd64.
2026-10-07T21:53:23.6153679Z Preparing to unpack .../011-libva2_2.20.0-2ubuntu0.2_amd64.deb ...
2026-10-07T21:53:23.6160367Z Unpacking libva2:amd64 (2.20.0-2ubuntu0.2) ...
2026-10-07T21:53:23.6321222Z Selecting previously unselected package libva-drm2:amd64.
2026-10-07T21:53:23.6412285Z Preparing to unpack .../012-libva-drm2_2.20.0-2ubuntu0.2_amd64.deb ...
2026-10-07T21:53:23.6418499Z Unpacking libva-drm2:amd64 (2.20.0-2ubuntu0.2) ...
2026-10-07T21:53:23.6570067Z Selecting previously unselected package libva-x11-2:amd64.
2026-10-07T21:53:23.6656887Z Preparing to unpack .../013-libva-x11-2_2.20.0-2ubuntu0.2_amd64.deb ...
2026-10-07T21:53:23.6662916Z Unpacking libva-x11-2:amd64 (2.20.0-2ubuntu0.2) ...
2026-10-07T21:53:23.6817571Z Selecting previously unselected package libvdpau1:amd64.
2026-10-07T21:53:23.6903558Z Preparing to unpack .../014-libvdpau1_1.5-2build1_amd64.deb ...
2026-10-07T21:53:23.6909409Z Unpacking libvdpau1:amd64 (1.5-2build1) ...
2026-10-07T21:53:23.7065824Z Selecting previously unselected package libvpl2.
2026-10-07T21:53:23.7151724Z Preparing to unpack .../015-libvpl2_2023.3.0-1build1_amd64.deb ...
2026-10-07T21:53:23.7157469Z Unpacking libvpl2 (2023.3.0-1build1) ...
2026-10-07T21:53:23.7322163Z Selecting previously unselected package ocl-icd-libopencl1:amd64.
2026-10-07T21:53:23.7408991Z Preparing to unpack .../016-ocl-icd-libopencl1_2.3.2-1build1_amd64.deb ...
2026-10-07T21:53:23.7413751Z Unpacking ocl-icd-libopencl1:amd64 (2.3.2-1build1) ...
2026-10-07T21:53:23.7584222Z Selecting previously unselected package libavutil58:amd64.
2026-10-07T21:53:23.7669158Z Preparing to unpack .../017-libavutil58_7%3a6.1.1-3ubuntu5_amd64.deb ...
2026-10-07T21:53:23.7676281Z Unpacking libavutil58:amd64 (7:6.1.1-3ubuntu5) ...
2026-10-07T21:53:23.7858171Z Selecting previously unselected package libcodec2-1.2:amd64.
2026-10-07T21:53:23.7943879Z Preparing to unpack .../018-libcodec2-1.2_1.2.0-2build1_amd64.deb ...
2026-10-07T21:53:23.7949607Z Unpacking libcodec2-1.2:amd64 (1.2.0-2build1) ...
2026-10-07T21:53:23.9157814Z Selecting previously unselected package libdav1d7:amd64.
2026-10-07T21:53:23.9248607Z Preparing to unpack .../019-libdav1d7_1.4.1-1build1_amd64.deb ...
2026-10-07T21:53:23.9254587Z Unpacking libdav1d7:amd64 (1.4.1-1build1) ...
2026-10-07T21:53:23.9452554Z Selecting previously unselected package libgsm1:amd64.
2026-10-07T21:53:23.9543880Z Preparing to unpack .../020-libgsm1_1.0.22-1build1_amd64.deb ...
2026-10-07T21:53:23.9549479Z Unpacking libgsm1:amd64 (1.0.22-1build1) ...
2026-10-07T21:53:23.9731986Z Selecting previously unselected package libhwy1t64:amd64.
2026-10-07T21:53:23.9819070Z Preparing to unpack .../021-libhwy1t64_1.0.7-8.1build1_amd64.deb ...
2026-10-07T21:53:23.9824496Z Unpacking libhwy1t64:amd64 (1.0.7-8.1build1) ...
2026-10-07T21:53:24.0111064Z Selecting previously unselected package libjxl0.7:amd64.
2026-10-07T21:53:24.0199618Z Preparing to unpack .../022-libjxl0.7_0.7.0-10.2ubuntu6.1_amd64.deb ...
2026-10-07T21:53:24.0204929Z Unpacking libjxl0.7:amd64 (0.7.0-10.2ubuntu6.1) ...
2026-10-07T21:53:24.0604194Z Selecting previously unselected package libmp3lame0:amd64.
2026-10-07T21:53:24.0695311Z Preparing to unpack .../023-libmp3lame0_3.100-6build1_amd64.deb ...
2026-10-07T21:53:24.0701809Z Unpacking libmp3lame0:amd64 (3.100-6build1) ...
2026-10-07T21:53:24.0872800Z Selecting previously unselected package libopus0:amd64.
2026-10-07T21:53:24.0962902Z Preparing to unpack .../024-libopus0_1.4-1build1_amd64.deb ...
2026-10-07T21:53:24.0968773Z Unpacking libopus0:amd64 (1.4-1build1) ...
2026-10-07T21:53:24.1137949Z Selecting previously unselected package librav1e0:amd64.
2026-10-07T21:53:24.1232416Z Preparing to unpack .../025-librav1e0_0.7.1-2_amd64.deb ...
2026-10-07T21:53:24.1240333Z Unpacking librav1e0:amd64 (0.7.1-2) ...
2026-10-07T21:53:24.1562522Z Selecting previously unselected package librsvg2-2:amd64.
2026-10-07T21:53:24.1650267Z Preparing to unpack .../026-librsvg2-2_2.58.0+dfsg-1ubuntu0.1_amd64.deb ...
2026-10-07T21:53:24.1655330Z Unpacking librsvg2-2:amd64 (2.58.0+dfsg-1ubuntu0.1) ...
2026-10-07T21:53:24.2227253Z Selecting previously unselected package libshine3:amd64.
2026-10-07T21:53:24.2319001Z Preparing to unpack .../027-libshine3_3.1.1-2build1_amd64.deb ...
2026-10-07T21:53:24.2324330Z Unpacking libshine3:amd64 (3.1.1-2build1) ...
2026-10-07T21:53:24.2473912Z Selecting previously unselected package libspeex1:amd64.
2026-10-07T21:53:24.2561126Z Preparing to unpack .../028-libspeex1_1.2.1-2ubuntu2.24.04.1_amd64.deb ...
2026-10-07T21:53:24.2567072Z Unpacking libspeex1:amd64 (1.2.1-2ubuntu2.24.04.1) ...
2026-10-07T21:53:24.2719009Z Selecting previously unselected package libsvtav1enc1d1:amd64.
2026-10-07T21:53:24.2805526Z Preparing to unpack .../029-libsvtav1enc1d1_1.7.0+dfsg-2build1_amd64.deb ...
2026-10-07T21:53:24.2811237Z Unpacking libsvtav1enc1d1:amd64 (1.7.0+dfsg-2build1) ...
2026-10-07T21:53:24.3413220Z Selecting previously unselected package libsoxr0:amd64.
2026-10-07T21:53:24.3504391Z Preparing to unpack .../030-libsoxr0_0.1.3-4build3_amd64.deb ...
2026-10-07T21:53:24.3509925Z Unpacking libsoxr0:amd64 (0.1.3-4build3) ...
2026-10-07T21:53:24.3669535Z Selecting previously unselected package libswresample4:amd64.
2026-10-07T21:53:24.3758055Z Preparing to unpack .../031-libswresample4_7%3a6.1.1-3ubuntu5_amd64.deb ...
2026-10-07T21:53:24.3763772Z Unpacking libswresample4:amd64 (7:6.1.1-3ubuntu5) ...
2026-10-07T21:53:24.3926613Z Selecting previously unselected package libtheora0:amd64.
2026-10-07T21:53:24.4016179Z Preparing to unpack .../032-libtheora0_1.1.1+dfsg.1-16.1build3_amd64.deb ...
2026-10-07T21:53:24.4021419Z Unpacking libtheora0:amd64 (1.1.1+dfsg.1-16.1build3) ...
2026-10-07T21:53:24.4196880Z Selecting previously unselected package libtwolame0:amd64.
2026-10-07T21:53:24.4287800Z Preparing to unpack .../033-libtwolame0_0.4.0-2build3_amd64.deb ...
2026-10-07T21:53:24.4294172Z Unpacking libtwolame0:amd64 (0.4.0-2build3) ...
2026-10-07T21:53:24.4458667Z Selecting previously unselected package libvorbisenc2:amd64.
2026-10-07T21:53:24.4548056Z Preparing to unpack .../034-libvorbisenc2_1.3.7-1build3_amd64.deb ...
2026-10-07T21:53:24.4554718Z Unpacking libvorbisenc2:amd64 (1.3.7-1build3) ...
2026-10-07T21:53:24.4729414Z Selecting previously unselected package libvpx9:amd64.
2026-10-07T21:53:24.4817492Z Preparing to unpack .../035-libvpx9_1.14.0-1ubuntu2.3_amd64.deb ...
2026-10-07T21:53:24.4823367Z Unpacking libvpx9:amd64 (1.14.0-1ubuntu2.3) ...
2026-10-07T21:53:24.5161076Z Selecting previously unselected package libx264-164:amd64.
2026-10-07T21:53:24.5249311Z Preparing to unpack .../036-libx264-164_2%3a0.164.3108+git31e19f9-1_amd64.deb ...
2026-10-07T21:53:24.5255338Z Unpacking libx264-164:amd64 (2:0.164.3108+git31e19f9-1) ...
2026-10-07T21:53:24.5484916Z Selecting previously unselected package libx265-199:amd64.
2026-10-07T21:53:24.5571676Z Preparing to unpack .../037-libx265-199_3.5-2build1_amd64.deb ...
2026-10-07T21:53:24.5577613Z Unpacking libx265-199:amd64 (3.5-2build1) ...
2026-10-07T21:53:24.6761403Z Selecting previously unselected package libxvidcore4:amd64.
2026-10-07T21:53:24.6851194Z Preparing to unpack .../038-libxvidcore4_2%3a1.3.7-1build1_amd64.deb ...
2026-10-07T21:53:24.6857314Z Unpacking libxvidcore4:amd64 (2:1.3.7-1build1) ...
2026-10-07T21:53:24.7023833Z Selecting previously unselected package libzvbi-common.
2026-10-07T21:53:24.7113633Z Preparing to unpack .../039-libzvbi-common_0.2.42-2_all.deb ...
2026-10-07T21:53:24.7118748Z Unpacking libzvbi-common (0.2.42-2) ...
2026-10-07T21:53:24.7496214Z Selecting previously unselected package libzvbi0t64:amd64.
2026-10-07T21:53:24.7583155Z Preparing to unpack .../040-libzvbi0t64_0.2.42-2_amd64.deb ...
2026-10-07T21:53:24.7588682Z Unpacking libzvbi0t64:amd64 (0.2.42-2) ...
2026-10-07T21:53:24.7761631Z Selecting previously unselected package libavcodec60:amd64.
2026-10-07T21:53:24.7847721Z Preparing to unpack .../041-libavcodec60_7%3a6.1.1-3ubuntu5_amd64.deb ...
2026-10-07T21:53:24.7853347Z Unpacking libavcodec60:amd64 (7:6.1.1-3ubuntu5) ...
2026-10-07T21:53:24.9208124Z Preparing to unpack .../042-libfreetype6_2.13.2+dfsg-1ubuntu0.2_amd64.deb ...
2026-10-07T21:53:24.9225293Z Unpacking libfreetype6:amd64 (2.13.2+dfsg-1ubuntu0.2) over (2.13.2+dfsg-1ubuntu0.1) ...
2026-10-07T21:53:24.9422386Z Selecting previously unselected package libunibreak5:amd64.
2026-10-07T21:53:24.9513249Z Preparing to unpack .../043-libunibreak5_5.1-2build1_amd64.deb ...
2026-10-07T21:53:24.9519153Z Unpacking libunibreak5:amd64 (5.1-2build1) ...
2026-10-07T21:53:24.9675914Z Selecting previously unselected package libass9:amd64.
2026-10-07T21:53:24.9763942Z Preparing to unpack .../044-libass9_1%3a0.17.1-2build1_amd64.deb ...
2026-10-07T21:53:24.9770029Z Unpacking libass9:amd64 (1:0.17.1-2build1) ...
2026-10-07T21:53:24.9931113Z Selecting previously unselected package libudfread0:amd64.
2026-10-07T21:53:25.0018432Z Preparing to unpack .../045-libudfread0_1.1.2-1build1_amd64.deb ...
2026-10-07T21:53:25.0023624Z Unpacking libudfread0:amd64 (1.1.2-1build1) ...
2026-10-07T21:53:25.0177453Z Selecting previously unselected package libbluray2:amd64.
2026-10-07T21:53:25.0263851Z Preparing to unpack .../046-libbluray2_1%3a1.3.4-1build1_amd64.deb ...
2026-10-07T21:53:25.0269727Z Unpacking libbluray2:amd64 (1:1.3.4-1build1) ...
2026-10-07T21:53:25.0431470Z Selecting previously unselected package libchromaprint1:amd64.
2026-10-07T21:53:25.0517275Z Preparing to unpack .../047-libchromaprint1_1.5.1-5_amd64.deb ...
2026-10-07T21:53:25.0522365Z Unpacking libchromaprint1:amd64 (1.5.1-5) ...
2026-10-07T21:53:25.0673738Z Selecting previously unselected package libgme0:amd64.
2026-10-07T21:53:25.0759151Z Preparing to unpack .../048-libgme0_0.6.3-7build1_amd64.deb ...
2026-10-07T21:53:25.0764773Z Unpacking libgme0:amd64 (0.6.3-7build1) ...
2026-10-07T21:53:25.0925799Z Selecting previously unselected package libmpg123-0t64:amd64.
2026-10-07T21:53:25.1011216Z Preparing to unpack .../049-libmpg123-0t64_1.32.5-1ubuntu1.1_amd64.deb ...
2026-10-07T21:53:25.1016989Z Unpacking libmpg123-0t64:amd64 (1.32.5-1ubuntu1.1) ...
2026-10-07T21:53:25.1179017Z Selecting previously unselected package libopenmpt0t64:amd64.
2026-10-07T21:53:25.1265271Z Preparing to unpack .../050-libopenmpt0t64_0.7.3-1.1build3_amd64.deb ...
2026-10-07T21:53:25.1270424Z Unpacking libopenmpt0t64:amd64 (0.7.3-1.1build3) ...
2026-10-07T21:53:25.1460002Z Selecting previously unselected package libcjson1:amd64.
2026-10-07T21:53:25.1545931Z Preparing to unpack .../051-libcjson1_1.7.17-1_amd64.deb ...
2026-10-07T21:53:25.1551053Z Unpacking libcjson1:amd64 (1.7.17-1) ...
2026-10-07T21:53:25.1705783Z Selecting previously unselected package libmbedcrypto7t64:amd64.
2026-10-07T21:53:25.1791476Z Preparing to unpack .../052-libmbedcrypto7t64_2.28.8-1_amd64.deb ...
2026-10-07T21:53:25.1798630Z Unpacking libmbedcrypto7t64:amd64 (2.28.8-1) ...
2026-10-07T21:53:25.1963102Z Selecting previously unselected package librist4:amd64.
2026-10-07T21:53:25.2049093Z Preparing to unpack .../053-librist4_0.2.10+dfsg-2_amd64.deb ...
2026-10-07T21:53:25.2054310Z Unpacking librist4:amd64 (0.2.10+dfsg-2) ...
2026-10-07T21:53:25.2207766Z Selecting previously unselected package libsrt1.5-gnutls:amd64.
2026-10-07T21:53:25.2293127Z Preparing to unpack .../054-libsrt1.5-gnutls_1.5.3-1build2_amd64.deb ...
2026-10-07T21:53:25.2298918Z Unpacking libsrt1.5-gnutls:amd64 (1.5.3-1build2) ...
2026-10-07T21:53:25.2471355Z Selecting previously unselected package libssh-gcrypt-4:amd64.
2026-10-07T21:53:25.2557699Z Preparing to unpack .../055-libssh-gcrypt-4_0.10.6-2ubuntu0.5_amd64.deb ...
2026-10-07T21:53:25.2562844Z Unpacking libssh-gcrypt-4:amd64 (0.10.6-2ubuntu0.5) ...
2026-10-07T21:53:25.2731492Z Selecting previously unselected package libavformat60:amd64.
2026-10-07T21:53:25.2817978Z Preparing to unpack .../056-libavformat60_7%3a6.1.1-3ubuntu5_amd64.deb ...
2026-10-07T21:53:25.2823317Z Unpacking libavformat60:amd64 (7:6.1.1-3ubuntu5) ...
2026-10-07T21:53:25.3121829Z Selecting previously unselected package libbs2b0:amd64.
2026-10-07T21:53:25.3208658Z Preparing to unpack .../057-libbs2b0_3.1.0+dfsg-7build1_amd64.deb ...
2026-10-07T21:53:25.3214638Z Unpacking libbs2b0:amd64 (3.1.0+dfsg-7build1) ...
2026-10-07T21:53:25.3381720Z Selecting previously unselected package libflite1:amd64.
2026-10-07T21:53:25.3469300Z Preparing to unpack .../058-libflite1_2.2-6build3_amd64.deb ...
2026-10-07T21:53:25.3475216Z Unpacking libflite1:amd64 (2.2-6build3) ...
2026-10-07T21:53:25.4946087Z Selecting previously unselected package libserd-0-0:amd64.
2026-10-07T21:53:25.5038639Z Preparing to unpack .../059-libserd-0-0_0.32.2-1_amd64.deb ...
2026-10-07T21:53:25.5044764Z Unpacking libserd-0-0:amd64 (0.32.2-1) ...
2026-10-07T21:53:25.5204307Z Selecting previously unselected package libzix-0-0:amd64.
2026-10-07T21:53:25.5294468Z Preparing to unpack .../060-libzix-0-0_0.4.2-2build1_amd64.deb ...
2026-10-07T21:53:25.5301823Z Unpacking libzix-0-0:amd64 (0.4.2-2build1) ...
2026-10-07T21:53:25.5455776Z Selecting previously unselected package libsord-0-0:amd64.
2026-10-07T21:53:25.5543996Z Preparing to unpack .../061-libsord-0-0_0.16.16-2build1_amd64.deb ...
2026-10-07T21:53:25.5549198Z Unpacking libsord-0-0:amd64 (0.16.16-2build1) ...
2026-10-07T21:53:25.5710853Z Selecting previously unselected package libsratom-0-0:amd64.
2026-10-07T21:53:25.5800002Z Preparing to unpack .../062-libsratom-0-0_0.6.16-1build1_amd64.deb ...
2026-10-07T21:53:25.5807014Z Unpacking libsratom-0-0:amd64 (0.6.16-1build1) ...
2026-10-07T21:53:25.5959362Z Selecting previously unselected package liblilv-0-0:amd64.
2026-10-07T21:53:25.6046235Z Preparing to unpack .../063-liblilv-0-0_0.24.22-1build1_amd64.deb ...
2026-10-07T21:53:25.6051703Z Unpacking liblilv-0-0:amd64 (0.24.22-1build1) ...
2026-10-07T21:53:25.6207398Z Selecting previously unselected package libmysofa1:amd64.
2026-10-07T21:53:25.6293275Z Preparing to unpack .../064-libmysofa1_1.3.2+dfsg-2ubuntu2_amd64.deb ...
2026-10-07T21:53:25.6298467Z Unpacking libmysofa1:amd64 (1.3.2+dfsg-2ubuntu2) ...
2026-10-07T21:53:25.6476394Z Selecting previously unselected package libplacebo338:amd64.
2026-10-07T21:53:25.6562640Z Preparing to unpack .../065-libplacebo338_6.338.2-2build1_amd64.deb ...
2026-10-07T21:53:25.6568351Z Unpacking libplacebo338:amd64 (6.338.2-2build1) ...
2026-10-07T21:53:25.7282880Z Selecting previously unselected package libblas3:amd64.
2026-10-07T21:53:25.7373907Z Preparing to unpack .../066-libblas3_3.12.0-3build1.1_amd64.deb ...
2026-10-07T21:53:25.7397054Z Unpacking libblas3:amd64 (3.12.0-3build1.1) ...
2026-10-07T21:53:25.7572263Z Selecting previously unselected package liblapack3:amd64.
2026-10-07T21:53:25.7661275Z Preparing to unpack .../067-liblapack3_3.12.0-3build1.1_amd64.deb ...
2026-10-07T21:53:25.7684184Z Unpacking liblapack3:amd64 (3.12.0-3build1.1) ...
2026-10-07T21:53:25.8276845Z Selecting previously unselected package libasyncns0:amd64.
2026-10-07T21:53:25.8366417Z Preparing to unpack .../068-libasyncns0_0.8-6build4_amd64.deb ...
2026-10-07T21:53:25.8371620Z Unpacking libasyncns0:amd64 (0.8-6build4) ...
2026-10-07T21:53:25.8520916Z Selecting previously unselected package libflac12t64:amd64.
2026-10-07T21:53:25.8610110Z Preparing to unpack .../069-libflac12t64_1.4.3+ds-2.1ubuntu2_amd64.deb ...
2026-10-07T21:53:25.8615308Z Unpacking libflac12t64:amd64 (1.4.3+ds-2.1ubuntu2) ...
2026-10-07T21:53:25.8777463Z Selecting previously unselected package libsndfile1:amd64.
2026-10-07T21:53:25.8864179Z Preparing to unpack .../070-libsndfile1_1.2.2-1ubuntu5.24.04.1_amd64.deb ...
2026-10-07T21:53:25.8869421Z Unpacking libsndfile1:amd64 (1.2.2-1ubuntu5.24.04.1) ...
2026-10-07T21:53:25.9045951Z Selecting previously unselected package libpulse0:amd64.
2026-10-07T21:53:25.9132742Z Preparing to unpack .../071-libpulse0_1%3a16.1+dfsg1-2ubuntu10.1_amd64.deb ...
2026-10-07T21:53:25.9179958Z Unpacking libpulse0:amd64 (1:16.1+dfsg1-2ubuntu10.1) ...
2026-10-07T21:53:25.9358029Z Selecting previously unselected package libsphinxbase3t64:amd64.
2026-10-07T21:53:25.9445310Z Preparing to unpack .../072-libsphinxbase3t64_0.8+5prealpha+1-17build2_amd64.deb ...
2026-10-07T21:53:25.9450667Z Unpacking libsphinxbase3t64:amd64 (0.8+5prealpha+1-17build2) ...
2026-10-07T21:53:25.9609102Z Selecting previously unselected package libpocketsphinx3:amd64.
2026-10-07T21:53:25.9695506Z Preparing to unpack .../073-libpocketsphinx3_0.8.0+real5prealpha+1-15ubuntu5_amd64.deb ...
2026-10-07T21:53:25.9701378Z Unpacking libpocketsphinx3:amd64 (0.8.0+real5prealpha+1-15ubuntu5) ...
2026-10-07T21:53:25.9862514Z Selecting previously unselected package libpostproc57:amd64.
2026-10-07T21:53:25.9948771Z Preparing to unpack .../074-libpostproc57_7%3a6.1.1-3ubuntu5_amd64.deb ...
2026-10-07T21:53:25.9956259Z Unpacking libpostproc57:amd64 (7:6.1.1-3ubuntu5) ...
2026-10-07T21:53:26.0113622Z Selecting previously unselected package libsamplerate0:amd64.
2026-10-07T21:53:26.0199974Z Preparing to unpack .../075-libsamplerate0_0.2.2-4build1_amd64.deb ...
2026-10-07T21:53:26.0205377Z Unpacking libsamplerate0:amd64 (0.2.2-4build1) ...
2026-10-07T21:53:26.0386144Z Selecting previously unselected package librubberband2:amd64.
2026-10-07T21:53:26.0472696Z Preparing to unpack .../076-librubberband2_3.3.0+dfsg-2build1_amd64.deb ...
2026-10-07T21:53:26.0478752Z Unpacking librubberband2:amd64 (3.3.0+dfsg-2build1) ...
2026-10-07T21:53:26.0641306Z Selecting previously unselected package libswscale7:amd64.
2026-10-07T21:53:26.0727639Z Preparing to unpack .../077-libswscale7_7%3a6.1.1-3ubuntu5_amd64.deb ...
2026-10-07T21:53:26.0734241Z Unpacking libswscale7:amd64 (7:6.1.1-3ubuntu5) ...
2026-10-07T21:53:26.0913410Z Selecting previously unselected package libvidstab1.1:amd64.
2026-10-07T21:53:26.0998513Z Preparing to unpack .../078-libvidstab1.1_1.1.0-2build1_amd64.deb ...
2026-10-07T21:53:26.1004924Z Unpacking libvidstab1.1:amd64 (1.1.0-2build1) ...
2026-10-07T21:53:26.1358101Z Selecting previously unselected package libzimg2:amd64.
2026-10-07T21:53:26.1442852Z Preparing to unpack .../079-libzimg2_3.0.5+ds1-1build1_amd64.deb ...
2026-10-07T21:53:26.1448846Z Unpacking libzimg2:amd64 (3.0.5+ds1-1build1) ...
2026-10-07T21:53:26.1620901Z Selecting previously unselected package libavfilter9:amd64.
2026-10-07T21:53:26.1706117Z Preparing to unpack .../080-libavfilter9_7%3a6.1.1-3ubuntu5_amd64.deb ...
2026-10-07T21:53:26.1712577Z Unpacking libavfilter9:amd64 (7:6.1.1-3ubuntu5) ...
2026-10-07T21:53:26.3264472Z Selecting previously unselected package liborc-0.4-0t64:amd64.
2026-10-07T21:53:26.3355107Z Preparing to unpack .../081-liborc-0.4-0t64_1%3a0.4.38-1ubuntu0.1_amd64.deb ...
2026-10-07T21:53:26.3360501Z Unpacking liborc-0.4-0t64:amd64 (1:0.4.38-1ubuntu0.1) ...
2026-10-07T21:53:26.3538254Z Selecting previously unselected package libgstreamer-plugins-base1.0-0:amd64.
2026-10-07T21:53:26.3629025Z Preparing to unpack .../082-libgstreamer-plugins-base1.0-0_1.24.2-1ubuntu0.5_amd64.deb ...
2026-10-07T21:53:26.3634684Z Unpacking libgstreamer-plugins-base1.0-0:amd64 (1.24.2-1ubuntu0.5) ...
2026-10-07T21:53:26.3877588Z Selecting previously unselected package gstreamer1.0-libav:amd64.
2026-10-07T21:53:26.3969146Z Preparing to unpack .../083-gstreamer1.0-libav_1.24.1-1build1_amd64.deb ...
2026-10-07T21:53:26.3976091Z Unpacking gstreamer1.0-libav:amd64 (1.24.1-1build1) ...
2026-10-07T21:53:26.4144709Z Selecting previously unselected package libcdparanoia0:amd64.
2026-10-07T21:53:26.4235564Z Preparing to unpack .../084-libcdparanoia0_3.10.2+debian-14build3_amd64.deb ...
2026-10-07T21:53:26.4241050Z Unpacking libcdparanoia0:amd64 (3.10.2+debian-14build3) ...
2026-10-07T21:53:26.4407665Z Selecting previously unselected package libvisual-0.4-0:amd64.
2026-10-07T21:53:26.4496942Z Preparing to unpack .../085-libvisual-0.4-0_0.4.2-2build1_amd64.deb ...
2026-10-07T21:53:26.4505384Z Unpacking libvisual-0.4-0:amd64 (0.4.2-2build1) ...
2026-10-07T21:53:26.4665322Z Selecting previously unselected package gstreamer1.0-plugins-base:amd64.
2026-10-07T21:53:26.4752904Z Preparing to unpack .../086-gstreamer1.0-plugins-base_1.24.2-1ubuntu0.5_amd64.deb ...
2026-10-07T21:53:26.4761614Z Unpacking gstreamer1.0-plugins-base:amd64 (1.24.2-1ubuntu0.5) ...
2026-10-07T21:53:26.5032389Z Selecting previously unselected package libaa1:amd64.
2026-10-07T21:53:26.5120108Z Preparing to unpack .../087-libaa1_1.4p5-51.1_amd64.deb ...
2026-10-07T21:53:26.5125189Z Unpacking libaa1:amd64 (1.4p5-51.1) ...
2026-10-07T21:53:26.5323093Z Selecting previously unselected package libraw1394-11:amd64.
2026-10-07T21:53:26.5409349Z Preparing to unpack .../088-libraw1394-11_2.1.2-2build3_amd64.deb ...
2026-10-07T21:53:26.5414523Z Unpacking libraw1394-11:amd64 (2.1.2-2build3) ...
2026-10-07T21:53:26.5571754Z Selecting previously unselected package libavc1394-0:amd64.
2026-10-07T21:53:26.5656880Z Preparing to unpack .../089-libavc1394-0_0.5.4-5build3_amd64.deb ...
2026-10-07T21:53:26.5662292Z Unpacking libavc1394-0:amd64 (0.5.4-5build3) ...
2026-10-07T21:53:26.5814722Z Selecting previously unselected package libcaca0:amd64.
2026-10-07T21:53:26.5899212Z Preparing to unpack .../090-libcaca0_0.99.beta20-4ubuntu0.2_amd64.deb ...
2026-10-07T21:53:26.5908158Z Unpacking libcaca0:amd64 (0.99.beta20-4ubuntu0.2) ...
2026-10-07T21:53:26.6087697Z Selecting previously unselected package libdv4t64:amd64.
2026-10-07T21:53:26.6172413Z Preparing to unpack .../091-libdv4t64_1.0.0-17.1build1_amd64.deb ...
2026-10-07T21:53:26.6177887Z Unpacking libdv4t64:amd64 (1.0.0-17.1build1) ...
2026-10-07T21:53:26.6343177Z Selecting previously unselected package libgstreamer-plugins-good1.0-0:amd64.
2026-10-07T21:53:26.6427289Z Preparing to unpack .../092-libgstreamer-plugins-good1.0-0_1.24.2-1ubuntu1.8_amd64.deb ...
2026-10-07T21:53:26.6432689Z Unpacking libgstreamer-plugins-good1.0-0:amd64 (1.24.2-1ubuntu1.8) ...
2026-10-07T21:53:26.6592430Z Selecting previously unselected package libiec61883-0:amd64.
2026-10-07T21:53:26.6677524Z Preparing to unpack .../093-libiec61883-0_1.2.0-6build1_amd64.deb ...
2026-10-07T21:53:26.6682774Z Unpacking libiec61883-0:amd64 (1.2.0-6build1) ...
2026-10-07T21:53:26.6841432Z Selecting previously unselected package libshout3:amd64.
2026-10-07T21:53:26.6925728Z Preparing to unpack .../094-libshout3_2.4.6-1build2_amd64.deb ...
2026-10-07T21:53:26.6932425Z Unpacking libshout3:amd64 (2.4.6-1build2) ...
2026-10-07T21:53:26.7092770Z Selecting previously unselected package libtag1v5-vanilla:amd64.
2026-10-07T21:53:26.7176946Z Preparing to unpack .../095-libtag1v5-vanilla_1.13.1-1build1_amd64.deb ...
2026-10-07T21:53:26.7182313Z Unpacking libtag1v5-vanilla:amd64 (1.13.1-1build1) ...
2026-10-07T21:53:26.7354169Z Selecting previously unselected package libtag1v5:amd64.
2026-10-07T21:53:26.7438614Z Preparing to unpack .../096-libtag1v5_1.13.1-1build1_amd64.deb ...
2026-10-07T21:53:26.7443904Z Unpacking libtag1v5:amd64 (1.13.1-1build1) ...
2026-10-07T21:53:26.7597120Z Selecting previously unselected package libv4lconvert0t64:amd64.
2026-10-07T21:53:26.7681265Z Preparing to unpack .../097-libv4lconvert0t64_1.26.1-4build3_amd64.deb ...
2026-10-07T21:53:26.7687565Z Unpacking libv4lconvert0t64:amd64 (1.26.1-4build3) ...
2026-10-07T21:53:26.7857218Z Selecting previously unselected package libv4l-0t64:amd64.
2026-10-07T21:53:26.7942759Z Preparing to unpack .../098-libv4l-0t64_1.26.1-4build3_amd64.deb ...
2026-10-07T21:53:26.7948153Z Unpacking libv4l-0t64:amd64 (1.26.1-4build3) ...
2026-10-07T21:53:26.8120343Z Selecting previously unselected package libwavpack1:amd64.
2026-10-07T21:53:26.8205113Z Preparing to unpack .../099-libwavpack1_5.6.0-1build1_amd64.deb ...
2026-10-07T21:53:26.8210680Z Unpacking libwavpack1:amd64 (5.6.0-1build1) ...
2026-10-07T21:53:26.8361242Z Selecting previously unselected package libsoup-3.0-common.
2026-10-07T21:53:26.8447171Z Preparing to unpack .../100-libsoup-3.0-common_3.4.4-5ubuntu0.9_all.deb ...
2026-10-07T21:53:26.8451988Z Unpacking libsoup-3.0-common (3.4.4-5ubuntu0.9) ...
2026-10-07T21:53:26.8602686Z Selecting previously unselected package libsoup-3.0-0:amd64.
2026-10-07T21:53:26.8687600Z Preparing to unpack .../101-libsoup-3.0-0_3.4.4-5ubuntu0.9_amd64.deb ...
2026-10-07T21:53:26.8692356Z Unpacking libsoup-3.0-0:amd64 (3.4.4-5ubuntu0.9) ...
2026-10-07T21:53:26.8858627Z Selecting previously unselected package gstreamer1.0-plugins-good:amd64.
2026-10-07T21:53:26.8943899Z Preparing to unpack .../102-gstreamer1.0-plugins-good_1.24.2-1ubuntu1.8_amd64.deb ...
2026-10-07T21:53:26.8948514Z Unpacking gstreamer1.0-plugins-good:amd64 (1.24.2-1ubuntu1.8) ...
2026-10-07T21:53:26.9413809Z Selecting previously unselected package libabsl20220623t64:amd64.
2026-10-07T21:53:26.9504322Z Preparing to unpack .../103-libabsl20220623t64_20220623.1-3.1ubuntu3.2_amd64.deb ...
2026-10-07T21:53:26.9509509Z Unpacking libabsl20220623t64:amd64 (20220623.1-3.1ubuntu3.2) ...
2026-10-07T21:53:26.9796417Z Selecting previously unselected package libgav1-1:amd64.
2026-10-07T21:53:26.9885432Z Preparing to unpack .../104-libgav1-1_0.18.0-1build3_amd64.deb ...
2026-10-07T21:53:26.9890633Z Unpacking libgav1-1:amd64 (0.18.0-1build3) ...
2026-10-07T21:53:27.0068474Z Selecting previously unselected package libyuv0:amd64.
2026-10-07T21:53:27.0157186Z Preparing to unpack .../105-libyuv0_0.0~git202401110.af6ac82-1_amd64.deb ...
2026-10-07T21:53:27.0163974Z Unpacking libyuv0:amd64 (0.0~git202401110.af6ac82-1) ...
2026-10-07T21:53:27.0329429Z Selecting previously unselected package libavif16:amd64.
2026-10-07T21:53:27.0416575Z Preparing to unpack .../106-libavif16_1.0.4-1ubuntu3_amd64.deb ...
2026-10-07T21:53:27.0421592Z Unpacking libavif16:amd64 (1.0.4-1ubuntu3) ...
2026-10-07T21:53:27.0579009Z Selecting previously unselected package libavtp0:amd64.
2026-10-07T21:53:27.0666707Z Preparing to unpack .../107-libavtp0_0.2.0-1build1_amd64.deb ...
2026-10-07T21:53:27.0672923Z Unpacking libavtp0:amd64 (0.2.0-1build1) ...
2026-10-07T21:53:27.0828796Z Selecting previously unselected package libcairo-script-interpreter2:amd64.
2026-10-07T21:53:27.0915191Z Preparing to unpack .../108-libcairo-script-interpreter2_1.18.0-3build1_amd64.deb ...
2026-10-07T21:53:27.0920938Z Unpacking libcairo-script-interpreter2:amd64 (1.18.0-3build1) ...
2026-10-07T21:53:27.1079620Z Selecting previously unselected package libdc1394-25:amd64.
2026-10-07T21:53:27.1164913Z Preparing to unpack .../109-libdc1394-25_2.2.6-4build1_amd64.deb ...
2026-10-07T21:53:27.1170380Z Unpacking libdc1394-25:amd64 (2.2.6-4build1) ...
2026-10-07T21:53:27.1330200Z Selecting previously unselected package libde265-0:amd64.
2026-10-07T21:53:27.1415306Z Preparing to unpack .../110-libde265-0_1.0.15-1ubuntu0.1_amd64.deb ...
2026-10-07T21:53:27.1420601Z Unpacking libde265-0:amd64 (1.0.15-1ubuntu0.1) ...
2026-10-07T21:53:27.1586385Z Selecting previously unselected package libdecor-0-0:amd64.
2026-10-07T21:53:27.1671564Z Preparing to unpack .../111-libdecor-0-0_0.2.2-1build2_amd64.deb ...
2026-10-07T21:53:27.1678676Z Unpacking libdecor-0-0:amd64 (0.2.2-1build2) ...
2026-10-07T21:53:27.1834854Z Selecting previously unselected package libgles2:amd64.
2026-10-07T21:53:27.1919353Z Preparing to unpack .../112-libgles2_1.7.0-1build1_amd64.deb ...
2026-10-07T21:53:27.1926712Z Unpacking libgles2:amd64 (1.7.0-1build1) ...
2026-10-07T21:53:27.2175248Z Selecting previously unselected package libdirectfb-1.7-7t64:amd64.
2026-10-07T21:53:27.2260006Z Preparing to unpack .../113-libdirectfb-1.7-7t64_1.7.7-11.1ubuntu2_amd64.deb ...
2026-10-07T21:53:27.2265926Z Unpacking libdirectfb-1.7-7t64:amd64 (1.7.7-11.1ubuntu2) ...
2026-10-07T21:53:27.2640562Z Selecting previously unselected package libdvdread8t64:amd64.
2026-10-07T21:53:27.2729254Z Preparing to unpack .../114-libdvdread8t64_6.1.3-1.1build1_amd64.deb ...
2026-10-07T21:53:27.2734499Z Unpacking libdvdread8t64:amd64 (6.1.3-1.1build1) ...
2026-10-07T21:53:27.2896685Z Selecting previously unselected package libdvdnav4:amd64.
2026-10-07T21:53:27.2983029Z Preparing to unpack .../115-libdvdnav4_6.1.1-3build1_amd64.deb ...
2026-10-07T21:53:27.2989034Z Unpacking libdvdnav4:amd64 (6.1.1-3build1) ...
2026-10-07T21:53:27.3148431Z Selecting previously unselected package libegl-mesa0:amd64.
2026-10-07T21:53:27.3235076Z Preparing to unpack .../116-libegl-mesa0_25.2.8-0ubuntu0.24.04.4_amd64.deb ...
2026-10-07T21:53:27.3240463Z Unpacking libegl-mesa0:amd64 (25.2.8-0ubuntu0.24.04.4) ...
2026-10-07T21:53:27.3415179Z Selecting previously unselected package libevent-2.1-7t64:amd64.
2026-10-07T21:53:27.3501422Z Preparing to unpack .../117-libevent-2.1-7t64_2.1.12-stable-9ubuntu2.2_amd64.deb ...
2026-10-07T21:53:27.3506901Z Unpacking libevent-2.1-7t64:amd64 (2.1.12-stable-9ubuntu2.2) ...
2026-10-07T21:53:27.3673845Z Selecting previously unselected package libfaad2:amd64.
2026-10-07T21:53:27.3759732Z Preparing to unpack .../118-libfaad2_2.11.1-1build1_amd64.deb ...
2026-10-07T21:53:27.3767330Z Unpacking libfaad2:amd64 (2.11.1-1build1) ...
2026-10-07T21:53:27.3970630Z Selecting previously unselected package libinstpatch-1.0-2:amd64.
2026-10-07T21:53:27.4056147Z Preparing to unpack .../119-libinstpatch-1.0-2_1.1.6-1build2_amd64.deb ...
2026-10-07T21:53:27.4061568Z Unpacking libinstpatch-1.0-2:amd64 (1.1.6-1build2) ...
2026-10-07T21:53:27.4233865Z Selecting previously unselected package libjack-jackd2-0:amd64.
2026-10-07T21:53:27.4319491Z Preparing to unpack .../120-libjack-jackd2-0_1.9.21~dfsg-3ubuntu3_amd64.deb ...
2026-10-07T21:53:27.4324598Z Unpacking libjack-jackd2-0:amd64 (1.9.21~dfsg-3ubuntu3) ...
2026-10-07T21:53:27.4505437Z Selecting previously unselected package libwebrtc-audio-processing1:amd64.
2026-10-07T21:53:27.4591104Z Preparing to unpack .../121-libwebrtc-audio-processing1_0.3.1-0ubuntu6_amd64.deb ...
2026-10-07T21:53:27.4596519Z Unpacking libwebrtc-audio-processing1:amd64 (0.3.1-0ubuntu6) ...
2026-10-07T21:53:27.4762340Z Selecting previously unselected package libspa-0.2-modules:amd64.
2026-10-07T21:53:27.4848396Z Preparing to unpack .../122-libspa-0.2-modules_1.0.5-1ubuntu3.3_amd64.deb ...
2026-10-07T21:53:27.4853461Z Unpacking libspa-0.2-modules:amd64 (1.0.5-1ubuntu3.3) ...
2026-10-07T21:53:27.5092455Z Selecting previously unselected package libpipewire-0.3-0t64:amd64.
2026-10-07T21:53:27.5180325Z Preparing to unpack .../123-libpipewire-0.3-0t64_1.0.5-1ubuntu3.3_amd64.deb ...
2026-10-07T21:53:27.5185314Z Unpacking libpipewire-0.3-0t64:amd64 (1.0.5-1ubuntu3.3) ...
2026-10-07T21:53:27.5408656Z Selecting previously unselected package libsdl2-2.0-0:amd64.
2026-10-07T21:53:27.5495738Z Preparing to unpack .../124-libsdl2-2.0-0_2.30.0+dfsg-1ubuntu3.1_amd64.deb ...
2026-10-07T21:53:27.5500759Z Unpacking libsdl2-2.0-0:amd64 (2.30.0+dfsg-1ubuntu3.1) ...
2026-10-07T21:53:27.5792325Z Selecting previously unselected package timgm6mb-soundfont.
2026-10-07T21:53:27.5878499Z Preparing to unpack .../125-timgm6mb-soundfont_1.3-5_all.deb ...
2026-10-07T21:53:27.5883603Z Unpacking timgm6mb-soundfont (1.3-5) ...
2026-10-07T21:53:27.8709504Z Selecting previously unselected package libfluidsynth3:amd64.
2026-10-07T21:53:27.8801140Z Preparing to unpack .../126-libfluidsynth3_2.3.4-1build3_amd64.deb ...
2026-10-07T21:53:27.8805888Z Unpacking libfluidsynth3:amd64 (2.3.4-1build3) ...
2026-10-07T21:53:27.8977315Z Selecting previously unselected package libfreeaptx0:amd64.
2026-10-07T21:53:27.9068588Z Preparing to unpack .../127-libfreeaptx0_0.1.1-2build1_amd64.deb ...
2026-10-07T21:53:27.9074284Z Unpacking libfreeaptx0:amd64 (0.1.1-2build1) ...
2026-10-07T21:53:27.9230448Z Selecting previously unselected package libgraphene-1.0-0:amd64.
2026-10-07T21:53:27.9318894Z Preparing to unpack .../128-libgraphene-1.0-0_1.10.8-3build2_amd64.deb ...
2026-10-07T21:53:27.9324317Z Unpacking libgraphene-1.0-0:amd64 (1.10.8-3build2) ...
2026-10-07T21:53:27.9483772Z Selecting previously unselected package libgssdp-1.6-0:amd64.
2026-10-07T21:53:27.9571989Z Preparing to unpack .../129-libgssdp-1.6-0_1.6.3-1build3_amd64.deb ...
2026-10-07T21:53:27.9577203Z Unpacking libgssdp-1.6-0:amd64 (1.6.3-1build3) ...
2026-10-07T21:53:27.9734497Z Selecting previously unselected package libegl1:amd64.
2026-10-07T21:53:27.9823042Z Preparing to unpack .../130-libegl1_1.7.0-1build1_amd64.deb ...
2026-10-07T21:53:27.9828170Z Unpacking libegl1:amd64 (1.7.0-1build1) ...
2026-10-07T21:53:27.9990829Z Selecting previously unselected package libgstreamer-gl1.0-0:amd64.
2026-10-07T21:53:28.0076331Z Preparing to unpack .../131-libgstreamer-gl1.0-0_1.24.2-1ubuntu0.5_amd64.deb ...
2026-10-07T21:53:28.0082120Z Unpacking libgstreamer-gl1.0-0:amd64 (1.24.2-1ubuntu0.5) ...
2026-10-07T21:53:28.0275125Z Selecting previously unselected package libgtk-4-common.
2026-10-07T21:53:28.0365394Z Preparing to unpack .../132-libgtk-4-common_4.14.5+ds-0ubuntu0.10_all.deb ...
2026-10-07T21:53:28.0371880Z Unpacking libgtk-4-common (4.14.5+ds-0ubuntu0.10) ...
2026-10-07T21:53:28.0861332Z Selecting previously unselected package libgtk-4-1:amd64.
2026-10-07T21:53:28.0952644Z Preparing to unpack .../133-libgtk-4-1_4.14.5+ds-0ubuntu0.10_amd64.deb ...
2026-10-07T21:53:28.0957666Z Unpacking libgtk-4-1:amd64 (4.14.5+ds-0ubuntu0.10) ...
2026-10-07T21:53:28.1959270Z Selecting previously unselected package libgupnp-1.6-0:amd64.
2026-10-07T21:53:28.2051703Z Preparing to unpack .../134-libgupnp-1.6-0_1.6.6-1build3_amd64.deb ...
2026-10-07T21:53:28.2056659Z Unpacking libgupnp-1.6-0:amd64 (1.6.6-1build3) ...
2026-10-07T21:53:28.2222133Z Selecting previously unselected package libgupnp-igd-1.6-0:amd64.
2026-10-07T21:53:28.2312853Z Preparing to unpack .../135-libgupnp-igd-1.6-0_1.6.0-3build3_amd64.deb ...
2026-10-07T21:53:28.2318230Z Unpacking libgupnp-igd-1.6-0:amd64 (1.6.0-3build3) ...
2026-10-07T21:53:28.2479869Z Selecting previously unselected package libharfbuzz-icu0:amd64.
2026-10-07T21:53:28.2572969Z Preparing to unpack .../136-libharfbuzz-icu0_8.3.0-2build2_amd64.deb ...
2026-10-07T21:53:28.2579019Z Unpacking libharfbuzz-icu0:amd64 (8.3.0-2build2) ...
2026-10-07T21:53:28.2731318Z Selecting previously unselected package libhyphen0:amd64.
2026-10-07T21:53:28.2818682Z Preparing to unpack .../137-libhyphen0_2.8.8-7build3_amd64.deb ...
2026-10-07T21:53:28.2826281Z Unpacking libhyphen0:amd64 (2.8.8-7build3) ...
2026-10-07T21:53:28.2981438Z Selecting previously unselected package libimath-3-1-29t64:amd64.
2026-10-07T21:53:28.3069914Z Preparing to unpack .../138-libimath-3-1-29t64_3.1.9-3.1ubuntu2_amd64.deb ...
2026-10-07T21:53:28.3079063Z Unpacking libimath-3-1-29t64:amd64 (3.1.9-3.1ubuntu2) ...
2026-10-07T21:53:28.3246542Z Selecting previously unselected package liblc3-1:amd64.
2026-10-07T21:53:28.3334601Z Preparing to unpack .../139-liblc3-1_1.0.4-3build1_amd64.deb ...
2026-10-07T21:53:28.3339829Z Unpacking liblc3-1:amd64 (1.0.4-3build1) ...
2026-10-07T21:53:28.3501693Z Selecting previously unselected package libldacbt-enc2:amd64.
2026-10-07T21:53:28.3589061Z Preparing to unpack .../140-libldacbt-enc2_2.0.2.3+git20200429+ed310a0-4ubuntu2_amd64.deb ...
2026-10-07T21:53:28.3594653Z Unpacking libldacbt-enc2:amd64 (2.0.2.3+git20200429+ed310a0-4ubuntu2) ...
2026-10-07T21:53:28.3756078Z Selecting previously unselected package libraptor2-0:amd64.
2026-10-07T21:53:28.3842589Z Preparing to unpack .../141-libraptor2-0_2.0.16-3ubuntu0.1_amd64.deb ...
2026-10-07T21:53:28.3848281Z Unpacking libraptor2-0:amd64 (2.0.16-3ubuntu0.1) ...
2026-10-07T21:53:28.4049658Z Selecting previously unselected package liblrdf0:amd64.
2026-10-07T21:53:28.4195395Z Preparing to unpack .../142-liblrdf0_0.6.1-4build1_amd64.deb ...
2026-10-07T21:53:28.4206129Z Unpacking liblrdf0:amd64 (0.6.1-4build1) ...
2026-10-07T21:53:28.4486012Z Selecting previously unselected package libltc11:amd64.
2026-10-07T21:53:28.4651680Z Preparing to unpack .../143-libltc11_1.3.2-1build1_amd64.deb ...
2026-10-07T21:53:28.4685754Z Unpacking libltc11:amd64 (1.3.2-1build1) ...
2026-10-07T21:53:28.5034424Z Selecting previously unselected package libmanette-0.2-0:amd64.
2026-10-07T21:53:28.5124104Z Preparing to unpack .../144-libmanette-0.2-0_0.2.7-1build2_amd64.deb ...
2026-10-07T21:53:28.5130107Z Unpacking libmanette-0.2-0:amd64 (0.2.7-1build2) ...
2026-10-07T21:53:28.5294048Z Selecting previously unselected package libmfx1:amd64.
2026-10-07T21:53:28.5383018Z Preparing to unpack .../145-libmfx1_22.5.4-1_amd64.deb ...
2026-10-07T21:53:28.5389015Z Unpacking libmfx1:amd64 (22.5.4-1) ...
2026-10-07T21:53:28.6929157Z Selecting previously unselected package libmjpegutils-2.1-0t64:amd64.
2026-10-07T21:53:28.7021627Z Preparing to unpack .../146-libmjpegutils-2.1-0t64_1%3a2.1.0+debian-8.1build1_amd64.deb ...
2026-10-07T21:53:28.7027413Z Unpacking libmjpegutils-2.1-0t64:amd64 (1:2.1.0+debian-8.1build1) ...
2026-10-07T21:53:28.7194421Z Selecting previously unselected package libmodplug1:amd64.
2026-10-07T21:53:28.7284060Z Preparing to unpack .../147-libmodplug1_1%3a0.8.9.0-3build1_amd64.deb ...
2026-10-07T21:53:28.7289301Z Unpacking libmodplug1:amd64 (1:0.8.9.0-3build1) ...
2026-10-07T21:53:28.7458682Z Selecting previously unselected package libmpcdec6:amd64.
2026-10-07T21:53:28.7546852Z Preparing to unpack .../148-libmpcdec6_2%3a0.1~r495-2build1_amd64.deb ...
2026-10-07T21:53:28.7552635Z Unpacking libmpcdec6:amd64 (2:0.1~r495-2build1) ...
2026-10-07T21:53:28.7707932Z Selecting previously unselected package libmpeg2encpp-2.1-0t64:amd64.
2026-10-07T21:53:28.7795478Z Preparing to unpack .../149-libmpeg2encpp-2.1-0t64_1%3a2.1.0+debian-8.1build1_amd64.deb ...
2026-10-07T21:53:28.7801118Z Unpacking libmpeg2encpp-2.1-0t64:amd64 (1:2.1.0+debian-8.1build1) ...
2026-10-07T21:53:28.7959365Z Selecting previously unselected package libmplex2-2.1-0t64:amd64.
2026-10-07T21:53:28.8045251Z Preparing to unpack .../150-libmplex2-2.1-0t64_1%3a2.1.0+debian-8.1build1_amd64.deb ...
2026-10-07T21:53:28.8050541Z Unpacking libmplex2-2.1-0t64:amd64 (1:2.1.0+debian-8.1build1) ...
2026-10-07T21:53:28.8208522Z Selecting previously unselected package libneon27t64:amd64.
2026-10-07T21:53:28.8294655Z Preparing to unpack .../151-libneon27t64_0.33.0-1.1build3_amd64.deb ...
2026-10-07T21:53:28.8303304Z Unpacking libneon27t64:amd64 (0.33.0-1.1build3) ...
2026-10-07T21:53:28.8471148Z Selecting previously unselected package libnice10:amd64.
2026-10-07T21:53:28.8556332Z Preparing to unpack .../152-libnice10_0.1.21-2build3_amd64.deb ...
2026-10-07T21:53:28.8565014Z Unpacking libnice10:amd64 (0.1.21-2build3) ...
2026-10-07T21:53:28.8726646Z Selecting previously unselected package libopenal-data.
2026-10-07T21:53:28.8812795Z Preparing to unpack .../153-libopenal-data_1%3a1.23.1-4build1_all.deb ...
2026-10-07T21:53:28.8818894Z Unpacking libopenal-data (1:1.23.1-4build1) ...
2026-10-07T21:53:28.8990078Z Selecting previously unselected package libopenexr-3-1-30:amd64.
2026-10-07T21:53:28.9075706Z Preparing to unpack .../154-libopenexr-3-1-30_3.1.5-5.1build3_amd64.deb ...
2026-10-07T21:53:28.9083243Z Unpacking libopenexr-3-1-30:amd64 (3.1.5-5.1build3) ...
2026-10-07T21:53:28.9468850Z Selecting previously unselected package libopenh264-7:amd64.
2026-10-07T21:53:28.9556173Z Preparing to unpack .../155-libopenh264-7_2.4.1+dfsg-1_amd64.deb ...
2026-10-07T21:53:28.9562359Z Unpacking libopenh264-7:amd64 (2.4.1+dfsg-1) ...
2026-10-07T21:53:28.9749457Z Selecting previously unselected package libopenni2-0:amd64.
2026-10-07T21:53:28.9837375Z Preparing to unpack .../156-libopenni2-0_2.2.0.33+dfsg-18_amd64.deb ...
2026-10-07T21:53:28.9860697Z Unpacking libopenni2-0:amd64 (2.2.0.33+dfsg-18) ...
2026-10-07T21:53:29.0051459Z Selecting previously unselected package libqrencode4:amd64.
2026-10-07T21:53:29.0138953Z Preparing to unpack .../157-libqrencode4_4.1.1-1build2_amd64.deb ...
2026-10-07T21:53:29.0144697Z Unpacking libqrencode4:amd64 (4.1.1-1build2) ...
2026-10-07T21:53:29.0295350Z Selecting previously unselected package libsecret-common.
2026-10-07T21:53:29.0382211Z Preparing to unpack .../158-libsecret-common_0.21.4-1build3_all.deb ...
2026-10-07T21:53:29.0387558Z Unpacking libsecret-common (0.21.4-1build3) ...
2026-10-07T21:53:29.0540078Z Selecting previously unselected package libsecret-1-0:amd64.
2026-10-07T21:53:29.0625639Z Preparing to unpack .../159-libsecret-1-0_0.21.4-1build3_amd64.deb ...
2026-10-07T21:53:29.0632819Z Unpacking libsecret-1-0:amd64 (0.21.4-1build3) ...
2026-10-07T21:53:29.0804976Z Selecting previously unselected package libsndio7.0:amd64.
2026-10-07T21:53:29.0892619Z Preparing to unpack .../160-libsndio7.0_1.9.0-0.3build3_amd64.deb ...
2026-10-07T21:53:29.0898677Z Unpacking libsndio7.0:amd64 (1.9.0-0.3build3) ...
2026-10-07T21:53:29.1057156Z Selecting previously unselected package libsoundtouch1:amd64.
2026-10-07T21:53:29.1143674Z Preparing to unpack .../161-libsoundtouch1_2.3.2+ds1-1build1_amd64.deb ...
2026-10-07T21:53:29.1149645Z Unpacking libsoundtouch1:amd64 (2.3.2+ds1-1build1) ...
2026-10-07T21:53:29.1318504Z Selecting previously unselected package libspandsp2t64:amd64.
2026-10-07T21:53:29.1404131Z Preparing to unpack .../162-libspandsp2t64_0.0.6+dfsg-2.1build1_amd64.deb ...
2026-10-07T21:53:29.1410454Z Unpacking libspandsp2t64:amd64 (0.0.6+dfsg-2.1build1) ...
2026-10-07T21:53:29.1589268Z Selecting previously unselected package libsrtp2-1:amd64.
2026-10-07T21:53:29.1675592Z Preparing to unpack .../163-libsrtp2-1_2.5.0-3build1_amd64.deb ...
2026-10-07T21:53:29.1682226Z Unpacking libsrtp2-1:amd64 (2.5.0-3build1) ...
2026-10-07T21:53:29.2279600Z Selecting previously unselected package libwayland-server0:amd64.
2026-10-07T21:53:29.2366822Z Preparing to unpack .../164-libwayland-server0_1.22.0-2.1build1_amd64.deb ...
2026-10-07T21:53:29.2374100Z Unpacking libwayland-server0:amd64 (1.22.0-2.1build1) ...
2026-10-07T21:53:29.2529455Z Selecting previously unselected package libwildmidi2:amd64.
2026-10-07T21:53:29.2615559Z Preparing to unpack .../165-libwildmidi2_0.4.3-1build3_amd64.deb ...
2026-10-07T21:53:29.2622960Z Unpacking libwildmidi2:amd64 (0.4.3-1build3) ...
2026-10-07T21:53:29.2780223Z Selecting previously unselected package libwoff1:amd64.
2026-10-07T21:53:29.2866656Z Preparing to unpack .../166-libwoff1_1.0.2-2build1_amd64.deb ...
2026-10-07T21:53:29.2874716Z Unpacking libwoff1:amd64 (1.0.2-2build1) ...
2026-10-07T21:53:29.3033894Z Selecting previously unselected package libxcb-xkb1:amd64.
2026-10-07T21:53:29.3119080Z Preparing to unpack .../167-libxcb-xkb1_1.15-1ubuntu2_amd64.deb ...
2026-10-07T21:53:29.3124301Z Unpacking libxcb-xkb1:amd64 (1.15-1ubuntu2) ...
2026-10-07T21:53:29.3289235Z Selecting previously unselected package libxkbcommon-x11-0:amd64.
2026-10-07T21:53:29.3374542Z Preparing to unpack .../168-libxkbcommon-x11-0_1.6.0-1build1_amd64.deb ...
2026-10-07T21:53:29.3386534Z Unpacking libxkbcommon-x11-0:amd64 (1.6.0-1build1) ...
2026-10-07T21:53:29.3541495Z Selecting previously unselected package libzbar0t64:amd64.
2026-10-07T21:53:29.3626875Z Preparing to unpack .../169-libzbar0t64_0.23.93-4build3_amd64.deb ...
2026-10-07T21:53:29.3632244Z Unpacking libzbar0t64:amd64 (0.23.93-4build3) ...
2026-10-07T21:53:29.3799155Z Selecting previously unselected package libzxing3:amd64.
2026-10-07T21:53:29.3885119Z Preparing to unpack .../170-libzxing3_2.2.1-3_amd64.deb ...
2026-10-07T21:53:29.3890639Z Unpacking libzxing3:amd64 (2.2.1-3) ...
2026-10-07T21:53:29.4071437Z Selecting previously unselected package xfonts-encodings.
2026-10-07T21:53:29.4157136Z Preparing to unpack .../171-xfonts-encodings_1%3a1.0.5-0ubuntu2_all.deb ...
2026-10-07T21:53:29.4162451Z Unpacking xfonts-encodings (1:1.0.5-0ubuntu2) ...
2026-10-07T21:53:29.4361308Z Selecting previously unselected package xfonts-utils.
2026-10-07T21:53:29.4447392Z Preparing to unpack .../172-xfonts-utils_1%3a7.7+6build3_amd64.deb ...
2026-10-07T21:53:29.4455571Z Unpacking xfonts-utils (1:7.7+6build3) ...
2026-10-07T21:53:29.4728761Z Selecting previously unselected package xfonts-cyrillic.
2026-10-07T21:53:29.4819684Z Preparing to unpack .../173-xfonts-cyrillic_1%3a1.0.5+nmu1_all.deb ...
2026-10-07T21:53:29.4825606Z Unpacking xfonts-cyrillic (1:1.0.5+nmu1) ...
2026-10-07T21:53:29.5067270Z Selecting previously unselected package xfonts-scalable.
2026-10-07T21:53:29.5157030Z Preparing to unpack .../174-xfonts-scalable_1%3a1.0.3-1.3_all.deb ...
2026-10-07T21:53:29.5163159Z Unpacking xfonts-scalable (1:1.0.3-1.3) ...
2026-10-07T21:53:29.5344393Z Selecting previously unselected package libgstreamer-plugins-bad1.0-0:amd64.
2026-10-07T21:53:29.5432882Z Preparing to unpack .../175-libgstreamer-plugins-bad1.0-0_1.24.2-1ubuntu4_amd64.deb ...
2026-10-07T21:53:29.5438400Z Unpacking libgstreamer-plugins-bad1.0-0:amd64 (1.24.2-1ubuntu4) ...
2026-10-07T21:53:29.5726523Z Selecting previously unselected package libdca0:amd64.
2026-10-07T21:53:29.5813794Z Preparing to unpack .../176-libdca0_0.0.7-2build1_amd64.deb ...
2026-10-07T21:53:29.5819548Z Unpacking libdca0:amd64 (0.0.7-2build1) ...
2026-10-07T21:53:29.5981827Z Selecting previously unselected package libopenal1:amd64.
2026-10-07T21:53:29.6068096Z Preparing to unpack .../177-libopenal1_1%3a1.23.1-4build1_amd64.deb ...
2026-10-07T21:53:29.6073440Z Unpacking libopenal1:amd64 (1:1.23.1-4build1) ...
2026-10-07T21:53:29.6257263Z Selecting previously unselected package libsbc1:amd64.
2026-10-07T21:53:29.6343267Z Preparing to unpack .../178-libsbc1_2.0-1build1_amd64.deb ...
2026-10-07T21:53:29.6348501Z Unpacking libsbc1:amd64 (2.0-1build1) ...
2026-10-07T21:53:29.6501522Z Selecting previously unselected package libvo-aacenc0:amd64.
2026-10-07T21:53:29.6587394Z Preparing to unpack .../179-libvo-aacenc0_0.1.3-2build1_amd64.deb ...
2026-10-07T21:53:29.6592499Z Unpacking libvo-aacenc0:amd64 (0.1.3-2build1) ...
2026-10-07T21:53:29.6749934Z Selecting previously unselected package libvo-amrwbenc0:amd64.
2026-10-07T21:53:29.6835241Z Preparing to unpack .../180-libvo-amrwbenc0_0.1.3-2build1_amd64.deb ...
2026-10-07T21:53:29.6840831Z Unpacking libvo-amrwbenc0:amd64 (0.1.3-2build1) ...
2026-10-07T21:53:29.6997134Z Selecting previously unselected package gstreamer1.0-plugins-bad:amd64.
2026-10-07T21:53:29.7085020Z Preparing to unpack .../181-gstreamer1.0-plugins-bad_1.24.2-1ubuntu4_amd64.deb ...
2026-10-07T21:53:29.7091296Z Unpacking gstreamer1.0-plugins-bad:amd64 (1.24.2-1ubuntu4) ...
2026-10-07T21:53:29.8415852Z Setting up libgme0:amd64 (0.6.3-7build1) ...
2026-10-07T21:53:29.8434746Z Setting up libchromaprint1:amd64 (1.5.1-5) ...
2026-10-07T21:53:29.8450811Z Setting up libssh-gcrypt-4:amd64 (0.10.6-2ubuntu0.5) ...
2026-10-07T21:53:29.8464381Z Setting up libhwy1t64:amd64 (1.0.7-8.1build1) ...
2026-10-07T21:53:29.8480245Z Setting up libfreeaptx0:amd64 (0.1.1-2build1) ...
2026-10-07T21:53:29.8497350Z Setting up libdvdread8t64:amd64 (6.1.3-1.1build1) ...
2026-10-07T21:53:29.8511960Z Setting up libudfread0:amd64 (1.1.2-1build1) ...
2026-10-07T21:53:29.8525207Z Setting up libmodplug1:amd64 (1:0.8.9.0-3build1) ...
2026-10-07T21:53:29.8538693Z Setting up libcdparanoia0:amd64 (3.10.2+debian-14build3) ...
2026-10-07T21:53:29.8553438Z Setting up libwayland-server0:amd64 (1.22.0-2.1build1) ...
2026-10-07T21:53:29.8566896Z Setting up libvo-amrwbenc0:amd64 (0.1.3-2build1) ...
2026-10-07T21:53:29.8581779Z Setting up session-migration (0.3.9build1) ...
2026-10-07T21:53:29.9260129Z Created symlink /etc/systemd/user/graphical-session-pre.target.wants/session-migration.service → /usr/lib/systemd/user/session-migration.service.
2026-10-07T21:53:29.9260453Z 
2026-10-07T21:53:29.9280007Z Setting up libraw1394-11:amd64 (2.1.2-2build3) ...
2026-10-07T21:53:29.9300483Z Setting up libsbc1:amd64 (2.0-1build1) ...
2026-10-07T21:53:29.9319115Z Setting up libproxy1v5:amd64 (0.5.4-4build1) ...
2026-10-07T21:53:29.9333704Z Setting up libneon27t64:amd64 (0.33.0-1.1build3) ...
2026-10-07T21:53:29.9350267Z Setting up libtag1v5-vanilla:amd64 (1.13.1-1build1) ...
2026-10-07T21:53:29.9363828Z Setting up libharfbuzz-icu0:amd64 (8.3.0-2build2) ...
2026-10-07T21:53:29.9377731Z Setting up libopenni2-0:amd64 (2.2.0.33+dfsg-18) ...
2026-10-07T21:53:29.9491715Z Setting up libspeex1:amd64 (1.2.1-2ubuntu2.24.04.1) ...
2026-10-07T21:53:29.9508722Z Setting up libshine3:amd64 (3.1.1-2build1) ...
2026-10-07T21:53:29.9527905Z Setting up libcaca0:amd64 (0.99.beta20-4ubuntu0.2) ...
2026-10-07T21:53:29.9543156Z Setting up libvpl2 (2023.3.0-1build1) ...
2026-10-07T21:53:29.9559206Z Setting up libv4lconvert0t64:amd64 (1.26.1-4build3) ...
2026-10-07T21:53:29.9573533Z Setting up libx264-164:amd64 (2:0.164.3108+git31e19f9-1) ...
2026-10-07T21:53:29.9588945Z Setting up libtwolame0:amd64 (0.4.0-2build3) ...
2026-10-07T21:53:29.9609148Z Setting up libmbedcrypto7t64:amd64 (2.28.8-1) ...
2026-10-07T21:53:29.9624524Z Setting up libwoff1:amd64 (1.0.2-2build1) ...
2026-10-07T21:53:29.9642556Z Setting up liblc3-1:amd64 (1.0.4-3build1) ...
2026-10-07T21:53:29.9657149Z Setting up libqrencode4:amd64 (4.1.1-1build2) ...
2026-10-07T21:53:29.9671952Z Setting up libhyphen0:amd64 (2.8.8-7build3) ...
2026-10-07T21:53:29.9695378Z Setting up libgsm1:amd64 (1.0.22-1build1) ...
2026-10-07T21:53:29.9709496Z Setting up libvisual-0.4-0:amd64 (0.4.2-2build1) ...
2026-10-07T21:53:29.9726011Z Setting up libsoxr0:amd64 (0.1.3-4build3) ...
2026-10-07T21:53:29.9740570Z Setting up libzix-0-0:amd64 (0.4.2-2build1) ...
2026-10-07T21:53:29.9754620Z Setting up libcodec2-1.2:amd64 (1.2.0-2build1) ...
2026-10-07T21:53:29.9771302Z Setting up libmanette-0.2-0:amd64 (0.2.7-1build2) ...
2026-10-07T21:53:29.9785689Z Setting up libsrtp2-1:amd64 (2.5.0-3build1) ...
2026-10-07T21:53:29.9803121Z Setting up libmysofa1:amd64 (1.3.2+dfsg-2ubuntu2) ...
2026-10-07T21:53:29.9823491Z Setting up libraptor2-0:amd64 (2.0.16-3ubuntu0.1) ...
2026-10-07T21:53:29.9839884Z Setting up libldacbt-enc2:amd64 (2.0.2.3+git20200429+ed310a0-4ubuntu2) ...
2026-10-07T21:53:29.9858944Z Setting up fonts-wqy-zenhei (0.9.45-8) ...
2026-10-07T21:53:29.9947294Z Setting up libwebrtc-audio-processing1:amd64 (0.3.1-0ubuntu6) ...
2026-10-07T21:53:29.9963065Z Setting up fonts-freefont-ttf (20211204+svn4273-2) ...
2026-10-07T21:53:29.9980025Z Setting up libevent-2.1-7t64:amd64 (2.1.12-stable-9ubuntu2.2) ...
2026-10-07T21:53:29.9998070Z Setting up libsvtav1enc1d1:amd64 (1.7.0+dfsg-2build1) ...
2026-10-07T21:53:30.0015022Z Setting up libsoup-3.0-common (3.4.4-5ubuntu0.9) ...
2026-10-07T21:53:30.0028495Z Setting up libmpg123-0t64:amd64 (1.32.5-1ubuntu1.1) ...
2026-10-07T21:53:30.0042466Z Setting up libcjson1:amd64 (1.7.17-1) ...
2026-10-07T21:53:30.0058893Z Setting up libxvidcore4:amd64 (2:1.3.7-1build1) ...
2026-10-07T21:53:30.0073901Z Setting up libmpcdec6:amd64 (2:0.1~r495-2build1) ...
2026-10-07T21:53:30.0087699Z Setting up libmjpegutils-2.1-0t64:amd64 (1:2.1.0+debian-8.1build1) ...
2026-10-07T21:53:30.0104623Z Setting up librav1e0:amd64 (0.7.1-2) ...
2026-10-07T21:53:30.0118509Z Setting up liborc-0.4-0t64:amd64 (1:0.4.38-1ubuntu0.1) ...
2026-10-07T21:53:30.0132535Z Setting up libxcb-xkb1:amd64 (1.15-1ubuntu2) ...
2026-10-07T21:53:30.0147740Z Setting up libvo-aacenc0:amd64 (0.1.3-2build1) ...
2026-10-07T21:53:30.0161803Z Setting up librist4:amd64 (0.2.10+dfsg-2) ...
2026-10-07T21:53:30.0176963Z Setting up librsvg2-2:amd64 (2.58.0+dfsg-1ubuntu0.1) ...
2026-10-07T21:53:30.0193482Z Setting up libblas3:amd64 (3.12.0-3build1.1) ...
2026-10-07T21:53:30.0234019Z update-alternatives: using /usr/lib/x86_64-linux-gnu/blas/libblas.so.3 to provide /usr/lib/x86_64-linux-gnu/libblas.so.3 (libblas.so.3-x86_64-linux-gnu) in auto mode
2026-10-07T21:53:30.0247634Z Setting up libegl-mesa0:amd64 (25.2.8-0ubuntu0.24.04.4) ...
2026-10-07T21:53:30.0261888Z Setting up libsoundtouch1:amd64 (2.3.2+ds1-1build1) ...
2026-10-07T21:53:30.0276363Z Setting up libplacebo338:amd64 (6.338.2-2build1) ...
2026-10-07T21:53:30.0295068Z Setting up libgles2:amd64 (1.7.0-1build1) ...
2026-10-07T21:53:30.0310849Z Setting up fonts-tlwg-loma-otf (1:0.7.3-1) ...
2026-10-07T21:53:30.0326658Z Setting up libva2:amd64 (2.20.0-2ubuntu0.2) ...
2026-10-07T21:53:30.0341819Z Setting up libfreetype6:amd64 (2.13.2+dfsg-1ubuntu0.2) ...
2026-10-07T21:53:30.0354655Z Setting up libspa-0.2-modules:amd64 (1.0.5-1ubuntu3.3) ...
2026-10-07T21:53:30.0369986Z Setting up libzxing3:amd64 (2.2.1-3) ...
2026-10-07T21:53:30.0382972Z Setting up xfonts-encodings (1:1.0.5-0ubuntu2) ...
2026-10-07T21:53:30.0398019Z Setting up libopus0:amd64 (1.4-1build1) ...
2026-10-07T21:53:30.0414950Z Setting up libfaad2:amd64 (2.11.1-1build1) ...
2026-10-07T21:53:30.0431826Z Setting up libxkbcommon-x11-0:amd64 (1.6.0-1build1) ...
2026-10-07T21:53:30.0449352Z Setting up libdc1394-25:amd64 (2.2.6-4build1) ...
2026-10-07T21:53:30.0465562Z Setting up libimath-3-1-29t64:amd64 (3.1.9-3.1ubuntu2) ...
2026-10-07T21:53:30.0479189Z Setting up libunibreak5:amd64 (5.1-2build1) ...
2026-10-07T21:53:30.0497937Z Setting up libdv4t64:amd64 (1.0.0-17.1build1) ...
2026-10-07T21:53:30.0511871Z Setting up libjxl0.7:amd64 (0.7.0-10.2ubuntu6.1) ...
2026-10-07T21:53:30.0527025Z Setting up libopenh264-7:amd64 (2.4.1+dfsg-1) ...
2026-10-07T21:53:30.0540961Z Setting up libltc11:amd64 (1.3.2-1build1) ...
2026-10-07T21:53:30.0554193Z Setting up libx265-199:amd64 (3.5-2build1) ...
2026-10-07T21:53:30.0570545Z Setting up libv4l-0t64:amd64 (1.26.1-4build3) ...
2026-10-07T21:53:30.0586782Z Setting up libavtp0:amd64 (0.2.0-1build1) ...
2026-10-07T21:53:30.0608489Z Setting up libsndio7.0:amd64 (1.9.0-0.3build3) ...
2026-10-07T21:53:30.0978522Z Setting up libdirectfb-1.7-7t64:amd64 (1.7.7-11.1ubuntu2) ...
2026-10-07T21:53:30.0997298Z Setting up libspandsp2t64:amd64 (0.0.6+dfsg-2.1build1) ...
2026-10-07T21:53:30.1010825Z Setting up libvidstab1.1:amd64 (1.1.0-2build1) ...
2026-10-07T21:53:30.1026490Z Setting up libvpx9:amd64 (1.14.0-1ubuntu2.3) ...
2026-10-07T21:53:30.1040734Z Setting up libsrt1.5-gnutls:amd64 (1.5.3-1build2) ...
2026-10-07T21:53:30.1054281Z Setting up libtag1v5:amd64 (1.13.1-1build1) ...
2026-10-07T21:53:30.1072420Z Setting up libflite1:amd64 (2.2-6build3) ...
2026-10-07T21:53:30.1085953Z Setting up libdav1d7:amd64 (1.4.1-1build1) ...
2026-10-07T21:53:30.1103722Z Setting up libva-drm2:amd64 (2.20.0-2ubuntu0.2) ...
2026-10-07T21:53:30.1119457Z Setting up fonts-ipafont-gothic (00303-21ubuntu1) ...
2026-10-07T21:53:30.1168344Z update-alternatives: using /usr/share/fonts/opentype/ipafont-gothic/ipag.ttf to provide /usr/share/fonts/truetype/fonts-japanese-gothic.ttf (fonts-japanese-gothic.ttf) in auto mode
2026-10-07T21:53:30.1180293Z Setting up ocl-icd-libopencl1:amd64 (2.3.2-1build1) ...
2026-10-07T21:53:30.1201097Z Setting up libasyncns0:amd64 (0.8-6build4) ...
2026-10-07T21:53:30.1214809Z Setting up libwildmidi2:amd64 (0.4.3-1build3) ...
2026-10-07T21:53:30.1230121Z Setting up libvdpau1:amd64 (1.5-2build1) ...
2026-10-07T21:53:30.1248912Z Setting up libwavpack1:amd64 (5.6.0-1build1) ...
2026-10-07T21:53:30.1265372Z Setting up libbs2b0:amd64 (3.1.0+dfsg-7build1) ...
2026-10-07T21:53:30.1280914Z Setting up libtheora0:amd64 (1.1.1+dfsg.1-16.1build3) ...
2026-10-07T21:53:30.1295551Z Setting up libegl1:amd64 (1.7.0-1build1) ...
2026-10-07T21:53:30.1315741Z Setting up libdecor-0-0:amd64 (0.2.2-1build2) ...
2026-10-07T21:53:30.1328753Z Setting up libdca0:amd64 (0.0.7-2build1) ...
2026-10-07T21:53:30.1343948Z Setting up libzimg2:amd64 (3.0.5+ds1-1build1) ...
2026-10-07T21:53:30.1358322Z Setting up libopenal-data (1:1.23.1-4build1) ...
2026-10-07T21:53:30.1377809Z Setting up libabsl20220623t64:amd64 (20220623.1-3.1ubuntu3.2) ...
2026-10-07T21:53:30.1394460Z Setting up libflac12t64:amd64 (1.4.3+ds-2.1ubuntu2) ...
2026-10-07T21:53:30.1408629Z Setting up libgtk-4-common (4.14.5+ds-0ubuntu0.10) ...
2026-10-07T21:53:30.1423806Z Setting up libmpeg2encpp-2.1-0t64:amd64 (1:2.1.0+debian-8.1build1) ...
2026-10-07T21:53:30.1438828Z Setting up glib-networking-common (2.80.0-1build1) ...
2026-10-07T21:53:30.1451865Z Setting up libmfx1:amd64 (22.5.4-1) ...
2026-10-07T21:53:30.1467313Z Setting up libbluray2:amd64 (1:1.3.4-1build1) ...
2026-10-07T21:53:30.1481457Z Setting up libde265-0:amd64 (1.0.15-1ubuntu0.1) ...
2026-10-07T21:53:30.1500233Z Setting up libsamplerate0:amd64 (0.2.2-4build1) ...
2026-10-07T21:53:30.1515497Z Setting up timgm6mb-soundfont (1.3-5) ...
2026-10-07T21:53:30.1570508Z update-alternatives: using /usr/share/sounds/sf2/TimGM6mb.sf2 to provide /usr/share/sounds/sf2/default-GM.sf2 (default-GM.sf2) in auto mode
2026-10-07T21:53:30.1601659Z update-alternatives: using /usr/share/sounds/sf2/TimGM6mb.sf2 to provide /usr/share/sounds/sf3/default-GM.sf3 (default-GM.sf3) in auto mode
2026-10-07T21:53:30.1614802Z Setting up libva-x11-2:amd64 (2.20.0-2ubuntu0.2) ...
2026-10-07T21:53:30.1629727Z Setting up libyuv0:amd64 (0.0~git202401110.af6ac82-1) ...
2026-10-07T21:53:30.1645164Z Setting up libmplex2-2.1-0t64:amd64 (1:2.1.0+debian-8.1build1) ...
2026-10-07T21:53:30.1659884Z Setting up libpipewire-0.3-0t64:amd64 (1.0.5-1ubuntu3.3) ...
2026-10-07T21:53:30.1677707Z Setting up libopenmpt0t64:amd64 (0.7.3-1.1build3) ...
2026-10-07T21:53:30.1695459Z Setting up libzvbi-common (0.2.42-2) ...
2026-10-07T21:53:30.1709199Z Setting up libsecret-common (0.21.4-1build3) ...
2026-10-07T21:53:30.1724563Z Setting up libmp3lame0:amd64 (3.100-6build1) ...
2026-10-07T21:53:30.1738091Z Setting up libgraphene-1.0-0:amd64 (1.10.8-3build2) ...
2026-10-07T21:53:30.1751372Z Setting up libvorbisenc2:amd64 (1.3.7-1build3) ...
2026-10-07T21:53:30.1766538Z Setting up libdvdnav4:amd64 (6.1.1-3build1) ...
2026-10-07T21:53:30.1781624Z Setting up fonts-unifont (1:15.1.01-1build1) ...
2026-10-07T21:53:30.1797259Z Setting up libaa1:amd64 (1.4p5-51.1) ...
2026-10-07T21:53:30.1810014Z Setting up libiec61883-0:amd64 (1.2.0-6build1) ...
2026-10-07T21:53:30.1824287Z Setting up libserd-0-0:amd64 (0.32.2-1) ...
2026-10-07T21:53:30.1839523Z Setting up libavc1394-0:amd64 (0.5.4-5build3) ...
2026-10-07T21:53:30.1852897Z Setting up libcairo-script-interpreter2:amd64 (1.18.0-3build1) ...
2026-10-07T21:53:30.1867838Z Setting up gsettings-desktop-schemas (46.1-0ubuntu1) ...
2026-10-07T21:53:30.1882500Z Setting up glib-networking-services (2.80.0-1build1) ...
2026-10-07T21:53:30.1900197Z Setting up liblapack3:amd64 (3.12.0-3build1.1) ...
2026-10-07T21:53:30.1941042Z update-alternatives: using /usr/lib/x86_64-linux-gnu/lapack/liblapack.so.3 to provide /usr/lib/x86_64-linux-gnu/liblapack.so.3 (liblapack.so.3-x86_64-linux-gnu) in auto mode
2026-10-07T21:53:30.1952128Z Setting up libzvbi0t64:amd64 (0.2.42-2) ...
2026-10-07T21:53:30.1964969Z Setting up liblrdf0:amd64 (0.6.1-4build1) ...
2026-10-07T21:53:30.1981216Z Setting up libzbar0t64:amd64 (0.23.93-4build3) ...
2026-10-07T21:53:30.1999700Z Setting up libgstreamer-plugins-base1.0-0:amd64 (1.24.2-1ubuntu0.5) ...
2026-10-07T21:53:30.2016224Z Setting up libavutil58:amd64 (7:6.1.1-3ubuntu5) ...
2026-10-07T21:53:30.2029134Z Setting up libopenal1:amd64 (1:1.23.1-4build1) ...
2026-10-07T21:53:30.2043407Z Setting up xfonts-utils (1:7.7+6build3) ...
2026-10-07T21:53:30.2108926Z Setting up libsecret-1-0:amd64 (0.21.4-1build3) ...
2026-10-07T21:53:30.2168559Z Setting up libgstreamer-plugins-good1.0-0:amd64 (1.24.2-1ubuntu1.8) ...
2026-10-07T21:53:30.2233155Z Setting up libgstreamer-gl1.0-0:amd64 (1.24.2-1ubuntu0.5) ...
2026-10-07T21:53:30.2252116Z Setting up gstreamer1.0-plugins-base:amd64 (1.24.2-1ubuntu0.5) ...
2026-10-07T21:53:30.2266274Z Setting up libass9:amd64 (1:0.17.1-2build1) ...
2026-10-07T21:53:30.2279870Z Setting up libswresample4:amd64 (7:6.1.1-3ubuntu5) ...
2026-10-07T21:53:30.2299267Z Setting up libopenexr-3-1-30:amd64 (3.1.5-5.1build3) ...
2026-10-07T21:53:30.2313612Z Setting up libshout3:amd64 (2.4.6-1build2) ...
2026-10-07T21:53:30.2330187Z Setting up libgav1-1:amd64 (0.18.0-1build3) ...
2026-10-07T21:53:30.2345984Z Setting up libavcodec60:amd64 (7:6.1.1-3ubuntu5) ...
2026-10-07T21:53:30.2359605Z Setting up librubberband2:amd64 (3.3.0+dfsg-2build1) ...
2026-10-07T21:53:30.2374942Z Setting up libjack-jackd2-0:amd64 (1.9.21~dfsg-3ubuntu3) ...
2026-10-07T21:53:30.2389483Z Setting up libsord-0-0:amd64 (0.16.16-2build1) ...
2026-10-07T21:53:30.2406531Z Setting up xfonts-cyrillic (1:1.0.5+nmu1) ...
2026-10-07T21:53:30.2610474Z Setting up libpostproc57:amd64 (7:6.1.1-3ubuntu5) ...
2026-10-07T21:53:30.2630260Z Setting up libsratom-0-0:amd64 (0.6.16-1build1) ...
2026-10-07T21:53:30.2644202Z Setting up libsndfile1:amd64 (1.2.2-1ubuntu5.24.04.1) ...
2026-10-07T21:53:30.2661121Z Setting up liblilv-0-0:amd64 (0.24.22-1build1) ...
2026-10-07T21:53:30.2677093Z Setting up libinstpatch-1.0-2:amd64 (1.1.6-1build2) ...
2026-10-07T21:53:30.2690413Z Setting up xfonts-scalable (1:1.0.3-1.3) ...
2026-10-07T21:53:30.2884835Z Setting up libswscale7:amd64 (7:6.1.1-3ubuntu5) ...
2026-10-07T21:53:30.2906241Z Setting up libavif16:amd64 (1.0.4-1ubuntu3) ...
2026-10-07T21:53:30.3438886Z Setting up libpulse0:amd64 (1:16.1+dfsg1-2ubuntu10.1) ...
2026-10-07T21:53:30.3491352Z Setting up libavformat60:amd64 (7:6.1.1-3ubuntu5) ...
2026-10-07T21:53:30.3509514Z Setting up libsphinxbase3t64:amd64 (0.8+5prealpha+1-17build2) ...
2026-10-07T21:53:30.3526347Z Setting up libsdl2-2.0-0:amd64 (2.30.0+dfsg-1ubuntu3.1) ...
2026-10-07T21:53:30.3539395Z Setting up libfluidsynth3:amd64 (2.3.4-1build3) ...
2026-10-07T21:53:30.3558581Z Setting up libpocketsphinx3:amd64 (0.8.0+real5prealpha+1-15ubuntu5) ...
2026-10-07T21:53:30.3574974Z Setting up libavfilter9:amd64 (7:6.1.1-3ubuntu5) ...
2026-10-07T21:53:30.3590248Z Setting up gstreamer1.0-libav:amd64 (1.24.1-1build1) ...
2026-10-07T21:53:30.4305731Z Processing triggers for fontconfig (2.15.0-1.1ubuntu2) ...
2026-10-07T21:53:30.4874631Z Processing triggers for libc-bin (2.39-0ubuntu8.9) ...
2026-10-07T21:53:30.6759534Z Processing triggers for man-db (2.12.0-4build2) ...
2026-10-07T21:53:30.6776894Z Not building database; man-db/auto-update is not 'true'.
2026-10-07T21:53:30.6795535Z Processing triggers for libglib2.0-0t64:amd64 (2.80.0-6ubuntu3.9) ...
2026-10-07T21:53:30.7328822Z Setting up libgtk-4-1:amd64 (4.14.5+ds-0ubuntu0.10) ...
2026-10-07T21:53:30.8581898Z Setting up glib-networking:amd64 (2.80.0-1build1) ...
2026-10-07T21:53:30.8614411Z Setting up libsoup-3.0-0:amd64 (3.4.4-5ubuntu0.9) ...
2026-10-07T21:53:30.8634859Z Setting up libgssdp-1.6-0:amd64 (1.6.3-1build3) ...
2026-10-07T21:53:30.8681378Z Setting up gstreamer1.0-plugins-good:amd64 (1.24.2-1ubuntu1.8) ...
2026-10-07T21:53:30.8703997Z Setting up libgupnp-1.6-0:amd64 (1.6.6-1build3) ...
2026-10-07T21:53:30.8748809Z Setting up libgupnp-igd-1.6-0:amd64 (1.6.0-3build3) ...
2026-10-07T21:53:30.8772111Z Setting up libnice10:amd64 (0.1.21-2build3) ...
2026-10-07T21:53:30.8810349Z Setting up libgstreamer-plugins-bad1.0-0:amd64 (1.24.2-1ubuntu4) ...
2026-10-07T21:53:30.8841802Z Setting up gstreamer1.0-plugins-bad:amd64 (1.24.2-1ubuntu4) ...
2026-10-07T21:53:30.8858839Z Processing triggers for libc-bin (2.39-0ubuntu8.9) ...
2026-10-07T21:53:31.3356632Z 
2026-10-07T21:53:31.3356958Z Running kernel seems to be up-to-date.
2026-10-07T21:53:31.3357100Z 
2026-10-07T21:53:31.3357169Z Restarting services...
2026-10-07T21:53:31.3408947Z  systemctl restart php8.3-fpm.service
2026-10-07T21:53:31.4185253Z 
2026-10-07T21:53:31.4186196Z No containers need to be restarted.
2026-10-07T21:53:31.4186434Z 
2026-10-07T21:53:31.4186658Z No user sessions are running outdated binaries.
2026-10-07T21:53:31.4186885Z 
2026-10-07T21:53:31.4187268Z No VM guests are running outdated hypervisor (qemu) binaries on this host.
2026-10-07T21:53:31.9796262Z Downloading Chrome for Testing 151.0.7922.34 (playwright chromium v1234) from https://cdn.playwright.dev/builds/cft/151.0.7922.34/linux64/chrome-linux64.zip
2026-10-07T21:53:32.8628484Z |                                                                                |   0% of 184.3 MiB
2026-10-07T21:53:33.0952431Z |■■■■■■■■                                                                        |  10% of 184.3 MiB
2026-10-07T21:53:33.1463808Z |■■■■■■■■■■■■■■■■                                                                |  20% of 184.3 MiB
2026-10-07T21:53:33.2073158Z |■■■■■■■■■■■■■■■■■■■■■■■■                                                        |  30% of 184.3 MiB
2026-10-07T21:53:33.2336651Z |■■■■■■■■■■■■■■■■■■■■■■■■■■■■■■■■                                                |  40% of 184.3 MiB
2026-10-07T21:53:33.2859838Z |■■■■■■■■■■■■■■■■■■■■■■■■■■■■■■■■■■■■■■■■                                        |  50% of 184.3 MiB
2026-10-07T21:53:33.3179368Z |■■■■■■■■■■■■■■■■■■■■■■■■■■■■■■■■■■■■■■■■■■■■■■■■                                |  60% of 184.3 MiB
2026-10-07T21:53:33.3614788Z |■■■■■■■■■■■■■■■■■■■■■■■■■■■■■■■■■■■■■■■■■■■■■■■■■■■■■■■■                        |  70% of 184.3 MiB
2026-10-07T21:53:33.4095255Z |■■■■■■■■■■■■■■■■■■■■■■■■■■■■■■■■■■■■■■■■■■■■■■■■■■■■■■■■■■■■■■■■                |  80% of 184.3 MiB
2026-10-07T21:53:33.4847503Z |■■■■■■■■■■■■■■■■■■■■■■■■■■■■■■■■■■■■■■■■■■■■■■■■■■■■■■■■■■■■■■■■■■■■■■■■        |  90% of 184.3 MiB
2026-10-07T21:53:33.5283582Z |■■■■■■■■■■■■■■■■■■■■■■■■■■■■■■■■■■■■■■■■■■■■■■■■■■■■■■■■■■■■■■■■■■■■■■■■■■■■■■■■| 100% of 184.3 MiB
2026-10-07T21:53:35.4496167Z Chrome for Testing 151.0.7922.34 (playwright chromium v1234) downloaded to /home/runner/.cache/ms-playwright/chromium-1234
2026-10-07T21:53:35.4497770Z Downloading Chrome Headless Shell 151.0.7922.34 (playwright chromium-headless-shell v1234) from https://cdn.playwright.dev/builds/cft/151.0.7922.34/linux64/chrome-headless-shell-linux64.zip
2026-10-07T21:53:36.3090195Z |                                                                                |   0% of 114.7 MiB
2026-10-07T21:53:36.4813978Z |■■■■■■■■                                                                        |  10% of 114.7 MiB
2026-10-07T21:53:36.5317926Z |■■■■■■■■■■■■■■■■                                                                |  20% of 114.7 MiB
2026-10-07T21:53:36.5518234Z |■■■■■■■■■■■■■■■■■■■■■■■■                                                        |  30% of 114.7 MiB
2026-10-07T21:53:36.5774194Z |■■■■■■■■■■■■■■■■■■■■■■■■■■■■■■■■                                                |  40% of 114.7 MiB
2026-10-07T21:53:36.6156804Z |■■■■■■■■■■■■■■■■■■■■■■■■■■■■■■■■■■■■■■■■                                        |  50% of 114.7 MiB
2026-10-07T21:53:36.6315665Z |■■■■■■■■■■■■■■■■■■■■■■■■■■■■■■■■■■■■■■■■■■■■■■■■                                |  60% of 114.7 MiB
2026-10-07T21:53:36.6683372Z |■■■■■■■■■■■■■■■■■■■■■■■■■■■■■■■■■■■■■■■■■■■■■■■■■■■■■■■■                        |  70% of 114.7 MiB
2026-10-07T21:53:36.7052882Z |■■■■■■■■■■■■■■■■■■■■■■■■■■■■■■■■■■■■■■■■■■■■■■■■■■■■■■■■■■■■■■■■                |  80% of 114.7 MiB
2026-10-07T21:53:36.7239618Z |■■■■■■■■■■■■■■■■■■■■■■■■■■■■■■■■■■■■■■■■■■■■■■■■■■■■■■■■■■■■■■■■■■■■■■■■        |  90% of 114.7 MiB
2026-10-07T21:53:36.7471457Z |■■■■■■■■■■■■■■■■■■■■■■■■■■■■■■■■■■■■■■■■■■■■■■■■■■■■■■■■■■■■■■■■■■■■■■■■■■■■■■■■| 100% of 114.7 MiB
2026-10-07T21:53:38.1488231Z Chrome Headless Shell 151.0.7922.34 (playwright chromium-headless-shell v1234) downloaded to /home/runner/.cache/ms-playwright/chromium_headless_shell-1234
2026-10-07T21:53:38.1489719Z Downloading Firefox 153.0 (playwright firefox v1538) from https://cdn.playwright.dev/dbazure/download/playwright/builds/firefox/1538/firefox-ubuntu-24.04.zip
2026-10-07T21:53:39.0061851Z |                                                                                |   0% of 108.2 MiB
2026-10-07T21:53:39.1520426Z |■■■■■■■■                                                                        |  10% of 108.2 MiB
2026-10-07T21:53:39.2196730Z |■■■■■■■■■■■■■■■■                                                                |  20% of 108.2 MiB
2026-10-07T21:53:39.3298688Z |■■■■■■■■■■■■■■■■■■■■■■■■                                                        |  30% of 108.2 MiB
2026-10-07T21:53:39.3838617Z |■■■■■■■■■■■■■■■■■■■■■■■■■■■■■■■■                                                |  40% of 108.2 MiB
2026-10-07T21:53:39.4672587Z |■■■■■■■■■■■■■■■■■■■■■■■■■■■■■■■■■■■■■■■■                                        |  50% of 108.2 MiB
2026-10-07T21:53:39.5287044Z |■■■■■■■■■■■■■■■■■■■■■■■■■■■■■■■■■■■■■■■■■■■■■■■■                                |  60% of 108.2 MiB
2026-10-07T21:53:39.6103587Z |■■■■■■■■■■■■■■■■■■■■■■■■■■■■■■■■■■■■■■■■■■■■■■■■■■■■■■■■                        |  70% of 108.2 MiB
2026-10-07T21:53:39.7084020Z |■■■■■■■■■■■■■■■■■■■■■■■■■■■■■■■■■■■■■■■■■■■■■■■■■■■■■■■■■■■■■■■■                |  80% of 108.2 MiB
2026-10-07T21:53:39.8438122Z |■■■■■■■■■■■■■■■■■■■■■■■■■■■■■■■■■■■■■■■■■■■■■■■■■■■■■■■■■■■■■■■■■■■■■■■■        |  90% of 108.2 MiB
2026-10-07T21:53:39.9318469Z |■■■■■■■■■■■■■■■■■■■■■■■■■■■■■■■■■■■■■■■■■■■■■■■■■■■■■■■■■■■■■■■■■■■■■■■■■■■■■■■■| 100% of 108.2 MiB
2026-10-07T21:53:41.2800011Z Firefox 153.0 (playwright firefox v1538) downloaded to /home/runner/.cache/ms-playwright/firefox-1538
2026-10-07T21:53:41.2802496Z Downloading WebKit 26.5 (playwright webkit v2336) from https://cdn.playwright.dev/dbazure/download/playwright/builds/webkit/2336/webkit-ubuntu-24.04.zip
2026-10-07T21:53:42.1244009Z |                                                                                |   0% of 102 MiB
2026-10-07T21:53:42.2284859Z |■■■■■■■■                                                                        |  10% of 102 MiB
2026-10-07T21:53:42.2863461Z |■■■■■■■■■■■■■■■■                                                                |  20% of 102 MiB
2026-10-07T21:53:42.3834079Z |■■■■■■■■■■■■■■■■■■■■■■■■                                                        |  30% of 102 MiB
2026-10-07T21:53:42.4352492Z |■■■■■■■■■■■■■■■■■■■■■■■■■■■■■■■■                                                |  40% of 102 MiB
2026-10-07T21:53:42.4937745Z |■■■■■■■■■■■■■■■■■■■■■■■■■■■■■■■■■■■■■■■■                                        |  50% of 102 MiB
2026-10-07T21:53:42.5534276Z |■■■■■■■■■■■■■■■■■■■■■■■■■■■■■■■■■■■■■■■■■■■■■■■■                                |  60% of 102 MiB
2026-10-07T21:53:42.6108995Z |■■■■■■■■■■■■■■■■■■■■■■■■■■■■■■■■■■■■■■■■■■■■■■■■■■■■■■■■                        |  70% of 102 MiB
2026-10-07T21:53:42.6720254Z |■■■■■■■■■■■■■■■■■■■■■■■■■■■■■■■■■■■■■■■■■■■■■■■■■■■■■■■■■■■■■■■■                |  80% of 102 MiB
2026-10-07T21:53:42.7213943Z |■■■■■■■■■■■■■■■■■■■■■■■■■■■■■■■■■■■■■■■■■■■■■■■■■■■■■■■■■■■■■■■■■■■■■■■■        |  90% of 102 MiB
2026-10-07T21:53:42.7717215Z |■■■■■■■■■■■■■■■■■■■■■■■■■■■■■■■■■■■■■■■■■■■■■■■■■■■■■■■■■■■■■■■■■■■■■■■■■■■■■■■■| 100% of 102 MiB
2026-10-07T21:53:44.0376129Z WebKit 26.5 (playwright webkit v2336) downloaded to /home/runner/.cache/ms-playwright/webkit-2336
2026-10-07T21:53:44.0378520Z Downloading FFmpeg (playwright ffmpeg v1011) from https://cdn.playwright.dev/dbazure/download/playwright/builds/ffmpeg/1011/ffmpeg-linux.zip
2026-10-07T21:53:44.8793923Z |                                                                                |   0% of 2.3 MiB
2026-10-07T21:53:44.9050998Z |■■■■■■■■                                                                        |  10% of 2.3 MiB
2026-10-07T21:53:44.9210526Z |■■■■■■■■■■■■■■■■                                                                |  20% of 2.3 MiB
2026-10-07T21:53:44.9309399Z |■■■■■■■■■■■■■■■■■■■■■■■■                                                        |  30% of 2.3 MiB
2026-10-07T21:53:44.9360703Z |■■■■■■■■■■■■■■■■■■■■■■■■■■■■■■■■                                                |  40% of 2.3 MiB
2026-10-07T21:53:44.9423838Z |■■■■■■■■■■■■■■■■■■■■■■■■■■■■■■■■■■■■■■■■                                        |  50% of 2.3 MiB
2026-10-07T21:53:44.9465406Z |■■■■■■■■■■■■■■■■■■■■■■■■■■■■■■■■■■■■■■■■■■■■■■■■                                |  60% of 2.3 MiB
2026-10-07T21:53:44.9523051Z |■■■■■■■■■■■■■■■■■■■■■■■■■■■■■■■■■■■■■■■■■■■■■■■■■■■■■■■■                        |  70% of 2.3 MiB
2026-10-07T21:53:44.9535965Z |■■■■■■■■■■■■■■■■■■■■■■■■■■■■■■■■■■■■■■■■■■■■■■■■■■■■■■■■■■■■■■■■                |  80% of 2.3 MiB
2026-10-07T21:53:44.9568867Z |■■■■■■■■■■■■■■■■■■■■■■■■■■■■■■■■■■■■■■■■■■■■■■■■■■■■■■■■■■■■■■■■■■■■■■■■        |  90% of 2.3 MiB
2026-10-07T21:53:44.9633765Z |■■■■■■■■■■■■■■■■■■■■■■■■■■■■■■■■■■■■■■■■■■■■■■■■■■■■■■■■■■■■■■■■■■■■■■■■■■■■■■■■| 100% of 2.3 MiB
2026-10-07T21:53:44.9986503Z FFmpeg (playwright ffmpeg v1011) downloaded to /home/runner/.cache/ms-playwright/ffmpeg-1011
2026-10-07T21:53:45.2311101Z ##[group]Run pnpm exec playwright test --project=webkit --grep "opens and cancels public configuration panels|keeps the public native colour field|preserves inert HTML comments|edits RTL blocks|compares list-first code text-click"
2026-10-07T21:53:45.2311909Z [36;1mpnpm exec playwright test --project=webkit --grep "opens and cancels public configuration panels|keeps the public native colour field|preserves inert HTML comments|edits RTL blocks|compares list-first code text-click"[0m
2026-10-07T21:53:45.2361424Z shell: /usr/bin/bash -e {0}
2026-10-07T21:53:45.2361562Z env:
2026-10-07T21:53:45.2361704Z   PNPM_HOME: /home/runner/setup-pnpm/node_modules/.bin
2026-10-07T21:53:45.2361876Z ##[endgroup]
2026-10-07T21:53:46.1349010Z [WebServer] $ vite build -c vite.lib.config.ts && tsc -p tsconfig.build.json && node scripts/copy-assets.mjs && pnpm build:angular
2026-10-07T21:53:46.1349500Z 
2026-10-07T21:53:47.4896523Z [WebServer] $ pnpm --dir tools/angular-build exec ngc -p ../../tsconfig.angular.json && pnpm build:angular-demo
2026-10-07T21:53:47.4896820Z 
2026-10-07T21:53:48.8710314Z [WebServer] $ pnpm --dir tools/angular-build exec ngc -p ../../tsconfig.angular-demo.json
2026-10-07T21:53:48.8710676Z 
2026-10-07T21:53:54.4959554Z 
2026-10-07T21:53:54.4960168Z Running 5 tests using 2 workers
2026-10-07T21:53:54.4960465Z 
2026-10-07T21:53:55.1348471Z [1/5] [webkit] › tests/browser/editor.spec.ts:55:1 › edits RTL blocks with native keyboard selection, direction controls, Enter history and HTML reader export
2026-10-07T21:53:55.1714073Z [2/5] [webkit] › tests/browser/editor.spec.ts:43:1 › compares list-first code text-click focus and editing to a plain native surface
2026-10-07T21:54:15.8656168Z [3/5] [webkit] › tests/browser/editor.spec.ts:132:1 › preserves inert HTML comments through human editing source and reader output
2026-10-07T21:54:18.2880126Z [4/5] (retries) [webkit] › tests/browser/editor.spec.ts:43:1 › compares list-first code text-click focus and editing to a plain native surface (retry #1)
2026-10-07T21:54:24.3058581Z [5/5] [webkit] › tests/browser/editor.spec.ts:5369:1 › opens and cancels public configuration panels with keyboard focus and exact document retention
2026-10-07T21:54:26.6947416Z [6/5] (retries) [webkit] › tests/browser/editor.spec.ts:43:1 › compares list-first code text-click focus and editing to a plain native surface (retry #2)
2026-10-07T21:54:34.0044004Z   1) [webkit] › tests/browser/editor.spec.ts:43:1 › compares list-first code text-click focus and editing to a plain native surface 
2026-10-07T21:54:34.0047596Z 
2026-10-07T21:54:34.0048592Z     Error: expect(locator).toHaveText(expected) failed
2026-10-07T21:54:34.0049266Z 
2026-10-07T21:54:34.0049575Z     Locator:  locator('.fountain-editor').locator('li > pre')
2026-10-07T21:54:34.0071510Z     Expected: "literal edited"
2026-10-07T21:54:34.0071886Z     Received: "literal"
2026-10-07T21:54:34.0072409Z     Timeout:  5000ms
2026-10-07T21:54:34.0072656Z 
2026-10-07T21:54:34.0072853Z     Call log:
2026-10-07T21:54:34.0073257Z       - Expect "toHaveText" with timeout 5000ms
2026-10-07T21:54:34.0073795Z       - waiting for locator('.fountain-editor').locator('li > pre')
2026-10-07T21:54:34.0075617Z         14 × locator resolved to <pre title="text" role="region" data-language="text" aria-label="text code" data-line-numbers="true" data-fountain-path="0.0.0" data-fountain-node="code_block" data-fountain-block-reorderable="true" class="fjs-code-block fjs-highlight--dark" data-fountain-decoration="syntax-block-0.0.0">…</pre>
2026-10-07T21:54:34.0076962Z            - unexpected value "literal"
2026-10-07T21:54:34.0077248Z 
2026-10-07T21:54:34.0077369Z 
2026-10-07T21:54:34.0077615Z        at code-native-focus-journey.ts:59
2026-10-07T21:54:34.0077913Z 
2026-10-07T21:54:34.0078327Z       57 |     await nativePage.keyboard.press('End'); await nativePage.keyboard.type(' edited');
2026-10-07T21:54:34.0079558Z       58 |     observations.nativeSourceAfterTyping = { ...await codeFocus(nativePage), text: await nativeCode.innerText() };
2026-10-07T21:54:34.0080293Z     > 59 |     await expect(nativeCode).toHaveText('literal edited');
2026-10-07T21:54:34.0080750Z          |                              ^
2026-10-07T21:54:34.0081254Z       60 |     await expect(nativeRoot.locator(':scope > p')).toHaveText('After');
2026-10-07T21:54:34.0081978Z       61 |     await nativeRoot.screenshot({ path: info.outputPath('code-click-native-source-edit.png') });
2026-10-07T21:54:34.0082646Z       62 |
2026-10-07T21:54:34.0083286Z         at nativeCodeClickBaseline (/home/runner/work/fountainjs/fountainjs/tests/browser/code-native-focus-journey.ts:59:30)
2026-10-07T21:54:34.0084259Z         at codeNativeFocusJourney (/home/runner/work/fountainjs/fountainjs/tests/browser/code-native-focus-journey.ts:87:23)
2026-10-07T21:54:34.0085057Z         at /home/runner/work/fountainjs/fountainjs/tests/browser/editor.spec.ts:44:3
2026-10-07T21:54:34.0085470Z 
2026-10-07T21:54:34.0086016Z     attachment #1: code-click-native-baseline (application/json) ───────────────────────────────────
2026-10-07T21:54:34.0087164Z     test-results/editor-compares-list-first-994c3-g-to-a-plain-native-surface-webkit/attachments/code-click-native-baseline-fa645fabb0da038980eba776c617b5cd40ba0d2a.json
2026-10-07T21:54:34.0088299Z     ────────────────────────────────────────────────────────────────────────────────────────────────
2026-10-07T21:54:34.0088693Z 
2026-10-07T21:54:34.0089183Z     attachment #2: screenshot (image/png) ──────────────────────────────────────────────────────────
2026-10-07T21:54:34.0089998Z     test-results/editor-compares-list-first-994c3-g-to-a-plain-native-surface-webkit/test-failed-1.png
2026-10-07T21:54:34.0090867Z     ────────────────────────────────────────────────────────────────────────────────────────────────
2026-10-07T21:54:34.0091247Z 
2026-10-07T21:54:34.0091803Z     Error Context: test-results/editor-compares-list-first-994c3-g-to-a-plain-native-surface-webkit/error-context.md
2026-10-07T21:54:34.0092537Z 
2026-10-07T21:54:34.0093038Z     attachment #4: trace (application/zip) ─────────────────────────────────────────────────────────
2026-10-07T21:54:34.0093822Z     test-results/editor-compares-list-first-994c3-g-to-a-plain-native-surface-webkit/trace.zip
2026-10-07T21:54:34.0094401Z     Usage:
2026-10-07T21:54:34.0094613Z 
2026-10-07T21:54:34.0095202Z         pnpm exec playwright show-trace test-results/editor-compares-list-first-994c3-g-to-a-plain-native-surface-webkit/trace.zip
2026-10-07T21:54:34.0096011Z 
2026-10-07T21:54:34.0096464Z     ────────────────────────────────────────────────────────────────────────────────────────────────
2026-10-07T21:54:34.0096844Z 
2026-10-07T21:54:34.0097386Z     Retry #1 ───────────────────────────────────────────────────────────────────────────────────────
2026-10-07T21:54:34.0097776Z 
2026-10-07T21:54:34.0098050Z     Error: expect(locator).toHaveText(expected) failed
2026-10-07T21:54:34.0098371Z 
2026-10-07T21:54:34.0098668Z     Locator:  locator('.fountain-editor').locator('li > pre')
2026-10-07T21:54:34.0099249Z     Expected: "literal edited"
2026-10-07T21:54:34.0099601Z     Received: "literal"
2026-10-07T21:54:34.0099919Z     Timeout:  5000ms
2026-10-07T21:54:34.0100155Z 
2026-10-07T21:54:34.0100346Z     Call log:
2026-10-07T21:54:34.0100699Z       - Expect "toHaveText" with timeout 5000ms
2026-10-07T21:54:34.0101189Z       - waiting for locator('.fountain-editor').locator('li > pre')
2026-10-07T21:54:34.0103644Z         14 × locator resolved to <pre title="text" role="region" data-language="text" aria-label="text code" data-line-numbers="true" data-fountain-path="0.0.0" data-fountain-node="code_block" data-fountain-block-reorderable="true" class="fjs-code-block fjs-highlight--dark" data-fountain-decoration="syntax-block-0.0.0">…</pre>
2026-10-07T21:54:34.0104951Z            - unexpected value "literal"
2026-10-07T21:54:34.0105240Z 
2026-10-07T21:54:34.0105360Z 
2026-10-07T21:54:34.0105605Z        at code-native-focus-journey.ts:59
2026-10-07T21:54:34.0105903Z 
2026-10-07T21:54:34.0106322Z       57 |     await nativePage.keyboard.press('End'); await nativePage.keyboard.type(' edited');
2026-10-07T21:54:34.0107227Z       58 |     observations.nativeSourceAfterTyping = { ...await codeFocus(nativePage), text: await nativeCode.innerText() };
2026-10-07T21:54:34.0107951Z     > 59 |     await expect(nativeCode).toHaveText('literal edited');
2026-10-07T21:54:34.0108412Z          |                              ^
2026-10-07T21:54:34.0108912Z       60 |     await expect(nativeRoot.locator(':scope > p')).toHaveText('After');
2026-10-07T21:54:34.0109629Z       61 |     await nativeRoot.screenshot({ path: info.outputPath('code-click-native-source-edit.png') });
2026-10-07T21:54:34.0110182Z       62 |
2026-10-07T21:54:34.0110815Z         at nativeCodeClickBaseline (/home/runner/work/fountainjs/fountainjs/tests/browser/code-native-focus-journey.ts:59:30)
2026-10-07T21:54:34.0111781Z         at codeNativeFocusJourney (/home/runner/work/fountainjs/fountainjs/tests/browser/code-native-focus-journey.ts:87:23)
2026-10-07T21:54:34.0112741Z         at /home/runner/work/fountainjs/fountainjs/tests/browser/editor.spec.ts:44:3
2026-10-07T21:54:34.0113154Z 
2026-10-07T21:54:34.0113683Z     attachment #1: code-click-native-baseline (application/json) ───────────────────────────────────
2026-10-07T21:54:34.0114911Z     test-results/editor-compares-list-first-994c3-g-to-a-plain-native-surface-webkit-retry1/attachments/code-click-native-baseline-1e9e098e63986c336a8195b9137a73c74777634c.json
2026-10-07T21:54:34.0116248Z     ────────────────────────────────────────────────────────────────────────────────────────────────
2026-10-07T21:54:34.0116630Z 
2026-10-07T21:54:34.0117115Z     attachment #2: screenshot (image/png) ──────────────────────────────────────────────────────────
2026-10-07T21:54:34.0117957Z     test-results/editor-compares-list-first-994c3-g-to-a-plain-native-surface-webkit-retry1/test-failed-1.png
2026-10-07T21:54:34.0118854Z     ────────────────────────────────────────────────────────────────────────────────────────────────
2026-10-07T21:54:34.0119249Z 
2026-10-07T21:54:34.0119845Z     Error Context: test-results/editor-compares-list-first-994c3-g-to-a-plain-native-surface-webkit-retry1/error-context.md
2026-10-07T21:54:34.0120459Z 
2026-10-07T21:54:34.0120942Z     attachment #4: trace (application/zip) ─────────────────────────────────────────────────────────
2026-10-07T21:54:34.0121776Z     test-results/editor-compares-list-first-994c3-g-to-a-plain-native-surface-webkit-retry1/trace.zip
2026-10-07T21:54:34.0122483Z     Usage:
2026-10-07T21:54:34.0122697Z 
2026-10-07T21:54:34.0123322Z         pnpm exec playwright show-trace test-results/editor-compares-list-first-994c3-g-to-a-plain-native-surface-webkit-retry1/trace.zip
2026-10-07T21:54:34.0123976Z 
2026-10-07T21:54:34.0124448Z     ────────────────────────────────────────────────────────────────────────────────────────────────
2026-10-07T21:54:34.0124841Z 
2026-10-07T21:54:34.0125299Z     Retry #2 ───────────────────────────────────────────────────────────────────────────────────────
2026-10-07T21:54:34.0125813Z 
2026-10-07T21:54:34.0126137Z     Error: expect(locator).toHaveText(expected) failed
2026-10-07T21:54:34.0126464Z 
2026-10-07T21:54:34.0126759Z     Locator:  locator('.fountain-editor').locator('li > pre')
2026-10-07T21:54:34.0127212Z     Expected: "literal edited"
2026-10-07T21:54:34.0127557Z     Received: "literal"
2026-10-07T21:54:34.0127890Z     Timeout:  5000ms
2026-10-07T21:54:34.0128127Z 
2026-10-07T21:54:34.0128315Z     Call log:
2026-10-07T21:54:34.0128670Z       - Expect "toHaveText" with timeout 5000ms
2026-10-07T21:54:34.0129166Z       - waiting for locator('.fountain-editor').locator('li > pre')
2026-10-07T21:54:34.0130851Z         14 × locator resolved to <pre title="text" role="region" data-language="text" aria-label="text code" data-line-numbers="true" data-fountain-path="0.0.0" data-fountain-node="code_block" data-fountain-block-reorderable="true" class="fjs-code-block fjs-highlight--dark" data-fountain-decoration="syntax-block-0.0.0">…</pre>
2026-10-07T21:54:34.0132217Z            - unexpected value "literal"
2026-10-07T21:54:34.0132503Z 
2026-10-07T21:54:34.0132623Z 
2026-10-07T21:54:34.0132865Z        at code-native-focus-journey.ts:59
2026-10-07T21:54:34.0133160Z 
2026-10-07T21:54:34.0133572Z       57 |     await nativePage.keyboard.press('End'); await nativePage.keyboard.type(' edited');
2026-10-07T21:54:34.0134543Z       58 |     observations.nativeSourceAfterTyping = { ...await codeFocus(nativePage), text: await nativeCode.innerText() };
2026-10-07T21:54:34.0135263Z     > 59 |     await expect(nativeCode).toHaveText('literal edited');
2026-10-07T21:54:34.0135714Z          |                              ^
2026-10-07T21:54:34.0136216Z       60 |     await expect(nativeRoot.locator(':scope > p')).toHaveText('After');
2026-10-07T21:54:34.0136931Z       61 |     await nativeRoot.screenshot({ path: info.outputPath('code-click-native-source-edit.png') });
2026-10-07T21:54:34.0137476Z       62 |
2026-10-07T21:54:34.0138114Z         at nativeCodeClickBaseline (/home/runner/work/fountainjs/fountainjs/tests/browser/code-native-focus-journey.ts:59:30)
2026-10-07T21:54:34.0139078Z         at codeNativeFocusJourney (/home/runner/work/fountainjs/fountainjs/tests/browser/code-native-focus-journey.ts:87:23)
2026-10-07T21:54:34.0139877Z         at /home/runner/work/fountainjs/fountainjs/tests/browser/editor.spec.ts:44:3
2026-10-07T21:54:34.0140291Z 
2026-10-07T21:54:34.0140810Z     attachment #1: code-click-native-baseline (application/json) ───────────────────────────────────
2026-10-07T21:54:34.0142098Z     test-results/editor-compares-list-first-994c3-g-to-a-plain-native-surface-webkit-retry2/attachments/code-click-native-baseline-7fc7f949efa1dee9b39442fe79c1ea63f3ee2a1e.json
2026-10-07T21:54:34.0143368Z     ────────────────────────────────────────────────────────────────────────────────────────────────
2026-10-07T21:54:34.0143752Z 
2026-10-07T21:54:34.0144234Z     attachment #2: screenshot (image/png) ──────────────────────────────────────────────────────────
2026-10-07T21:54:34.0145202Z     test-results/editor-compares-list-first-994c3-g-to-a-plain-native-surface-webkit-retry2/test-failed-1.png
2026-10-07T21:54:34.0146108Z     ────────────────────────────────────────────────────────────────────────────────────────────────
2026-10-07T21:54:34.0146487Z 
2026-10-07T21:54:34.0147034Z     Error Context: test-results/editor-compares-list-first-994c3-g-to-a-plain-native-surface-webkit-retry2/error-context.md
2026-10-07T21:54:34.0147586Z 
2026-10-07T21:54:34.0148043Z     attachment #4: trace (application/zip) ─────────────────────────────────────────────────────────
2026-10-07T21:54:34.0148919Z     test-results/editor-compares-list-first-994c3-g-to-a-plain-native-surface-webkit-retry2/trace.zip
2026-10-07T21:54:34.0149496Z     Usage:
2026-10-07T21:54:34.0149705Z 
2026-10-07T21:54:34.0150282Z         pnpm exec playwright show-trace test-results/editor-compares-list-first-994c3-g-to-a-plain-native-surface-webkit-retry2/trace.zip
2026-10-07T21:54:34.0150882Z 
2026-10-07T21:54:34.0151363Z     ────────────────────────────────────────────────────────────────────────────────────────────────
2026-10-07T21:54:34.0151728Z 
2026-10-07T21:54:34.0151845Z 
2026-10-07T21:54:34.6904304Z [7/5] [webkit] › tests/browser/editor.spec.ts:5487:1 › keeps the public native colour field focused while formatting selected text and allows undo in the editor
2026-10-07T21:54:37.0587828Z   1 failed
2026-10-07T21:54:37.0588754Z     [webkit] › tests/browser/editor.spec.ts:43:1 › compares list-first code text-click focus and editing to a plain native surface 
2026-10-07T21:54:37.0589238Z   4 passed (51.2s)
2026-10-07T21:54:37.2665056Z ##[error]Process completed with exit code 1.
2026-10-07T21:54:37.2712786Z ##[group]Run actions/upload-artifact@v4
2026-10-07T21:54:37.2712947Z with:
2026-10-07T21:54:37.2713082Z   name: direction-and-document-focus-evidence
2026-10-07T21:54:37.2714234Z   path: test-results/**/rtl-*.png
test-results/**/comment-editor-*.png
test-results/**/comment-reader-*.png
test-results/**/native-colour-mapped-selection.png
test-results/**/native-rtl-selection-baseline.json
test-results/**/inherited-auto-explicit-left-reader.png
test-results/**/word-reopened-explicit-left-reader.png
test-results/**/explicit-left.docx
test-results/**/auto-container-*.png
test-results/**/code-click-*.png
test-results/**/code-click-native-focus.json
test-results/**/code-click-native-baseline.json
test-results/**/inherited-alignment-*.png
test-results/**/native-inline-alignment.json

2026-10-07T21:54:37.2715391Z   if-no-files-found: ignore
2026-10-07T21:54:37.2715520Z   retention-days: 7
2026-10-07T21:54:37.2715636Z   compression-level: 6
2026-10-07T21:54:37.2715755Z   overwrite: false
2026-10-07T21:54:37.2715891Z   include-hidden-files: false
2026-10-07T21:54:37.2716021Z env:
2026-10-07T21:54:37.2716152Z   PNPM_HOME: /home/runner/setup-pnpm/node_modules/.bin
2026-10-07T21:54:37.2716317Z ##[endgroup]
2026-10-07T21:54:37.3684646Z (node:6700) [DEP0040] DeprecationWarning: The `punycode` module is deprecated. Please use a userland alternative instead.
2026-10-07T21:54:37.3685375Z (Use `node --trace-deprecation ...` to show where the warning was created)
2026-10-07T21:54:37.3782427Z With the provided path, there will be 17 files uploaded
2026-10-07T21:54:37.3785647Z Artifact name is valid!
2026-10-07T21:54:37.3786373Z Root directory input is valid!
2026-10-07T21:54:37.6648803Z Beginning upload of artifact content to blob storage
2026-10-07T21:54:37.6939645Z (node:6700) [DEP0169] DeprecationWarning: `url.parse()` behavior is not standardized and prone to errors that have security implications. Use the WHATWG URL API instead. CVEs are not issued for `url.parse()` vulnerabilities.
2026-10-07T21:54:37.9523085Z Uploaded bytes 379447
2026-10-07T21:54:37.9908604Z Finished uploading artifact content to blob storage!
2026-10-07T21:54:37.9909211Z SHA256 digest of uploaded artifact zip is eae26a5515be5afd63ac7c515f5b3bbdc245df9c41706f30010ead2c6defc56d
2026-10-07T21:54:37.9910384Z Finalizing artifact upload
2026-10-07T21:54:38.2382308Z Artifact direction-and-document-focus-evidence.zip successfully finalized. Artifact ID 11514405922
2026-10-07T21:54:38.2391913Z Artifact direction-and-document-focus-evidence has been successfully uploaded! Final size is 379447 bytes. Artifact ID is 11514405922
2026-10-07T21:54:38.2392718Z Artifact download URL: https://github.com/eddolo/fountainjs/actions/runs/37688029442/artifacts/11514405922
2026-10-07T21:54:38.2501566Z ##[group]Run actions/upload-artifact@v4
2026-10-07T21:54:38.2501725Z with:
2026-10-07T21:54:38.2501847Z   name: docx-math-viewer-diagnostics
2026-10-07T21:54:38.2503194Z   path: test-results/**/viewer-observations.json
test-results/**/equations-side-by-side.png
test-results/**/edited-equations.png
test-results/**/edited-compound-equations.png
test-results/**/fallback-equations.png
test-results/**/restored-equations.png
test-results/**/experimental-equations.docx
test-results/**/edited-equations.docx
test-results/**/edited-compound-equations.docx
test-results/**/fallback-equations.docx
test-results/**/restored-equations.docx
test-results/**/reopened-equations.png
test-results/**/changed-equation-refused.png
test-results/**/externally-changed-equations.docx

2026-10-07T21:54:38.2504318Z   if-no-files-found: ignore
2026-10-07T21:54:38.2504455Z   retention-days: 7
2026-10-07T21:54:38.2504579Z   compression-level: 6
2026-10-07T21:54:38.2504702Z   overwrite: false
2026-10-07T21:54:38.2504981Z   include-hidden-files: false
2026-10-07T21:54:38.2505117Z env:
2026-10-07T21:54:38.2505251Z   PNPM_HOME: /home/runner/setup-pnpm/node_modules/.bin
2026-10-07T21:54:38.2505422Z ##[endgroup]
2026-10-07T21:54:38.3476064Z (node:6712) [DEP0040] DeprecationWarning: The `punycode` module is deprecated. Please use a userland alternative instead.
2026-10-07T21:54:38.3476852Z (Use `node --trace-deprecation ...` to show where the warning was created)
2026-10-07T21:54:38.3556199Z No files were found with the provided path: test-results/**/viewer-observations.json
2026-10-07T21:54:38.3556793Z test-results/**/equations-side-by-side.png
2026-10-07T21:54:38.3557154Z test-results/**/edited-equations.png
2026-10-07T21:54:38.3557513Z test-results/**/edited-compound-equations.png
2026-10-07T21:54:38.3557860Z test-results/**/fallback-equations.png
2026-10-07T21:54:38.3558192Z test-results/**/restored-equations.png
2026-10-07T21:54:38.3558530Z test-results/**/experimental-equations.docx
2026-10-07T21:54:38.3558923Z test-results/**/edited-equations.docx
2026-10-07T21:54:38.3559278Z test-results/**/edited-compound-equations.docx
2026-10-07T21:54:38.3559639Z test-results/**/fallback-equations.docx
2026-10-07T21:54:38.3559977Z test-results/**/restored-equations.docx
2026-10-07T21:54:38.3560300Z test-results/**/reopened-equations.png
2026-10-07T21:54:38.3560645Z test-results/**/changed-equation-refused.png
2026-10-07T21:54:38.3561156Z test-results/**/externally-changed-equations.docx. No artifacts will be uploaded.
2026-10-07T21:54:38.3683636Z ##[group]Run actions/upload-artifact@v4
2026-10-07T21:54:38.3683793Z with:
2026-10-07T21:54:38.3683910Z   name: playwright-report
2026-10-07T21:54:38.3684044Z   path: playwright-report
2026-10-07T21:54:38.3684170Z   retention-days: 7
2026-10-07T21:54:38.3684291Z   if-no-files-found: warn
2026-10-07T21:54:38.3684416Z   compression-level: 6
2026-10-07T21:54:38.3684536Z   overwrite: false
2026-10-07T21:54:38.3684657Z   include-hidden-files: false
2026-10-07T21:54:38.3684795Z env:
2026-10-07T21:54:38.3684929Z   PNPM_HOME: /home/runner/setup-pnpm/node_modules/.bin
2026-10-07T21:54:38.3685095Z ##[endgroup]
2026-10-07T21:54:38.4635236Z (node:6725) [DEP0040] DeprecationWarning: The `punycode` module is deprecated. Please use a userland alternative instead.
2026-10-07T21:54:38.4635963Z (Use `node --trace-deprecation ...` to show where the warning was created)
2026-10-07T21:54:38.4687893Z With the provided path, there will be 27 files uploaded
2026-10-07T21:54:38.4691036Z Artifact name is valid!
2026-10-07T21:54:38.4691390Z Root directory input is valid!
2026-10-07T21:54:38.7209188Z Beginning upload of artifact content to blob storage
2026-10-07T21:54:38.8261418Z (node:6725) [DEP0169] DeprecationWarning: `url.parse()` behavior is not standardized and prone to errors that have security implications. Use the WHATWG URL API instead. CVEs are not issued for `url.parse()` vulnerabilities.
2026-10-07T21:54:39.1863439Z Uploaded bytes 2640713
2026-10-07T21:54:39.2241686Z Finished uploading artifact content to blob storage!
2026-10-07T21:54:39.2242425Z SHA256 digest of uploaded artifact zip is 2a9f00adffc900dfa8cec14ca3afca10a59c998e95b42fca64d28a385a1e9771
2026-10-07T21:54:39.2243690Z Finalizing artifact upload
2026-10-07T21:54:39.4852746Z Artifact playwright-report.zip successfully finalized. Artifact ID 11513927769
2026-10-07T21:54:39.4853485Z Artifact playwright-report has been successfully uploaded! Final size is 2640713 bytes. Artifact ID is 11513927769
2026-10-07T21:54:39.4854276Z Artifact download URL: https://github.com/eddolo/fountainjs/actions/runs/37688029442/artifacts/11513927769
2026-10-07T21:54:39.4968029Z Post job cleanup.
2026-10-07T21:54:39.5785894Z Pruning is unnecessary.
2026-10-07T21:54:39.5888106Z Post job cleanup.
2026-10-07T21:54:39.6378975Z [command]/usr/bin/git version
2026-10-07T21:54:39.6404838Z git version 2.55.0
2026-10-07T21:54:39.6424884Z Temporarily overriding HOME='/home/runner/work/_temp/830d4aa8-bcd6-4300-97af-0b67714a60f3' before making global git config changes
2026-10-07T21:54:39.6425554Z Adding repository directory to the temporary git global config as a safe directory
2026-10-07T21:54:39.6427702Z [command]/usr/bin/git config --global --add safe.directory /home/runner/work/fountainjs/fountainjs
2026-10-07T21:54:39.6453067Z [command]/usr/bin/git config --local --name-only --get-regexp core\.sshCommand
2026-10-07T21:54:39.6476264Z [command]/usr/bin/git submodule foreach --recursive sh -c "git config --local --name-only --get-regexp 'core\.sshCommand' && git config --local --unset-all 'core.sshCommand' || :"
2026-10-07T21:54:39.6640833Z [command]/usr/bin/git config --local --name-only --get-regexp http\.https\:\/\/github\.com\/\.extraheader
2026-10-07T21:54:39.6658833Z http.https://github.com/.extraheader
2026-10-07T21:54:39.6665444Z [command]/usr/bin/git config --local --unset-all http.https://github.com/.extraheader
2026-10-07T21:54:39.6687919Z [command]/usr/bin/git submodule foreach --recursive sh -c "git config --local --name-only --get-regexp 'http\.https\:\/\/github\.com\/\.extraheader' && git config --local --unset-all 'http.https://github.com/.extraheader' || :"
2026-10-07T21:54:39.6845374Z [command]/usr/bin/git config --local --name-only --get-regexp ^includeIf\.gitdir:
2026-10-07T21:54:39.6865707Z [command]/usr/bin/git submodule foreach --recursive git config --local --show-origin --name-only --get-regexp remote.origin.url
2026-10-07T21:54:39.7175790Z Cleaning up orphan processes
2026-10-07T21:54:39.7395552Z ##[warning]Node.js 20 is deprecated. The following actions target Node.js 20 but are being forced to run on Node.js 24: actions/checkout@v4, actions/setup-node@v4, actions/upload-artifact@v4, pnpm/action-setup@v4. For more information see: https://github.blog/changelog/2025-09-19-deprecation-of-node-20-on-github-actions-runners/
