2026-10-07T20:40:24.5496634Z Current runner version: '2.337.0'
2026-10-07T20:40:24.5513718Z ##[group]Runner Image Provisioner
2026-10-07T20:40:24.5514249Z Hosted Compute Agent
2026-10-07T20:40:24.5514707Z Version: 20261002.596
2026-10-07T20:40:24.5515072Z Commit: c3d12f3313a95f25162a1503be624f3b0617f8c0
2026-10-07T20:40:24.5515520Z Build Date: 2026-10-02T22:28:27Z
2026-10-07T20:40:24.5515943Z Worker ID: {71127d49-ff0c-4cb8-b663-a62b28d4864a}
2026-10-07T20:40:24.5516335Z Region: westus3
2026-10-07T20:40:24.5516699Z Cloud: Azure
2026-10-07T20:40:24.5517010Z ##[endgroup]
2026-10-07T20:40:24.5518020Z ##[group]Operating System
2026-10-07T20:40:24.5518412Z Ubuntu
2026-10-07T20:40:24.5518717Z 24.04.5
2026-10-07T20:40:24.5519073Z LTS
2026-10-07T20:40:24.5519376Z ##[endgroup]
2026-10-07T20:40:24.5519720Z ##[group]Runner Image
2026-10-07T20:40:24.5520110Z Image: ubuntu-24.04
2026-10-07T20:40:24.5520442Z Version: 20261004.327.1
2026-10-07T20:40:24.5521337Z Included Software: https://github.com/actions/runner-images/blob/ubuntu24/20261004.327/images/ubuntu/Ubuntu2404-Readme.md
2026-10-07T20:40:24.5522192Z Image Release: https://github.com/actions/runner-images/releases/tag/ubuntu24%2F20261004.327
2026-10-07T20:40:24.5522772Z ##[endgroup]
2026-10-07T20:40:24.5523432Z ##[group]GITHUB_TOKEN Permissions
2026-10-07T20:40:24.5524692Z Contents: read
2026-10-07T20:40:24.5525025Z Metadata: read
2026-10-07T20:40:24.5525420Z ##[endgroup]
2026-10-07T20:40:24.5526661Z Secret source: Actions
2026-10-07T20:40:24.5527242Z Cache mode: write
2026-10-07T20:40:24.5527637Z Prepare workflow directory
2026-10-07T20:40:24.5717036Z Prepare all required actions
2026-10-07T20:40:24.5746205Z Getting action download info
2026-10-07T20:40:24.9026884Z Download action repository 'actions/checkout@v4' (SHA:11d5960a326750d5838078e36cf38b85af677262)
2026-10-07T20:40:25.0881433Z Download action repository 'pnpm/action-setup@v4' (SHA:b906affcce14559ad1aafd4ab0e942779e9f58b1)
2026-10-07T20:40:26.0544458Z Download action repository 'actions/setup-node@v4' (SHA:49933ea5288caeca8642d1e84afbd3f7d6820020)
2026-10-07T20:40:26.3194652Z Download action repository 'actions/setup-python@v5' (SHA:a26af69be951a213d495a4c3e4e4022e16d87065)
2026-10-07T20:40:26.6856798Z Download action repository 'oven-sh/setup-bun@v2' (SHA:0c5077e51419868618aeaa5fe8019c62421857d6)
2026-10-07T20:40:27.5254537Z Download action repository 'denoland/setup-deno@v2' (SHA:22d081ff2d3a40755e97629de92e3bcbfa7cf2ed)
2026-10-07T20:40:28.2660723Z Complete job name: verify
2026-10-07T20:40:28.3116526Z ##[group]Run actions/checkout@v4
2026-10-07T20:40:28.3116793Z with:
2026-10-07T20:40:28.3116912Z   repository: eddolo/fountainjs
2026-10-07T20:40:28.3118546Z   token: ***
2026-10-07T20:40:28.3118659Z   ssh-strict: true
2026-10-07T20:40:28.3118776Z   ssh-user: git
2026-10-07T20:40:28.3118896Z   persist-credentials: true
2026-10-07T20:40:28.3119032Z   clean: true
2026-10-07T20:40:28.3119153Z   sparse-checkout-cone-mode: true
2026-10-07T20:40:28.3119301Z   fetch-depth: 1
2026-10-07T20:40:28.3119419Z   fetch-tags: false
2026-10-07T20:40:28.3119542Z   show-progress: true
2026-10-07T20:40:28.3119659Z   lfs: false
2026-10-07T20:40:28.3119765Z   submodules: false
2026-10-07T20:40:28.3119884Z   set-safe-directory: true
2026-10-07T20:40:28.3120023Z   allow-unsafe-pr-checkout: false
2026-10-07T20:40:28.3120237Z ##[endgroup]
2026-10-07T20:40:28.3727923Z Syncing repository: eddolo/fountainjs
2026-10-07T20:40:28.3728918Z ##[group]Getting Git version info
2026-10-07T20:40:28.3729187Z Working directory is '/home/runner/work/fountainjs/fountainjs'
2026-10-07T20:40:28.3729510Z [command]/usr/bin/git version
2026-10-07T20:40:28.3789789Z git version 2.55.0
2026-10-07T20:40:28.3802924Z ##[endgroup]
2026-10-07T20:40:28.3811772Z Temporarily overriding HOME='/home/runner/work/_temp/669fcffc-0b29-4208-ad31-2d5b7a5bacb9' before making global git config changes
2026-10-07T20:40:28.3812479Z Adding repository directory to the temporary git global config as a safe directory
2026-10-07T20:40:28.3815459Z [command]/usr/bin/git config --global --add safe.directory /home/runner/work/fountainjs/fountainjs
2026-10-07T20:40:28.3855890Z Deleting the contents of '/home/runner/work/fountainjs/fountainjs'
2026-10-07T20:40:28.3858433Z ##[group]Initializing the repository
2026-10-07T20:40:28.3861529Z [command]/usr/bin/git init /home/runner/work/fountainjs/fountainjs
2026-10-07T20:40:28.3986689Z hint: Using 'master' as the name for the initial branch. This default branch name
2026-10-07T20:40:28.3987099Z hint: will change to "main" in Git 3.0. To configure the initial branch name
2026-10-07T20:40:28.3987530Z hint: to use in all of your new repositories, which will suppress this warning,
2026-10-07T20:40:28.3987830Z hint: call:
2026-10-07T20:40:28.3988055Z hint:
2026-10-07T20:40:28.3988256Z hint: 	git config --global init.defaultBranch <name>
2026-10-07T20:40:28.3988518Z hint:
2026-10-07T20:40:28.3988763Z hint: Names commonly chosen instead of 'master' are 'main', 'trunk' and
2026-10-07T20:40:28.3989071Z hint: 'development'. The just-created branch can be renamed via this command:
2026-10-07T20:40:28.3989274Z hint:
2026-10-07T20:40:28.3989381Z hint: 	git branch -m <name>
2026-10-07T20:40:28.3989503Z hint:
2026-10-07T20:40:28.3989670Z hint: Disable this message with "git config set advice.defaultBranchName false"
2026-10-07T20:40:28.3989987Z Initialized empty Git repository in /home/runner/work/fountainjs/fountainjs/.git/
2026-10-07T20:40:28.3995798Z [command]/usr/bin/git remote add origin https://github.com/eddolo/fountainjs
2026-10-07T20:40:28.4035820Z ##[endgroup]
2026-10-07T20:40:28.4036178Z ##[group]Disabling automatic garbage collection
2026-10-07T20:40:28.4038607Z [command]/usr/bin/git config --local gc.auto 0
2026-10-07T20:40:28.4060042Z ##[endgroup]
2026-10-07T20:40:28.4060343Z ##[group]Setting up auth
2026-10-07T20:40:28.4064480Z [command]/usr/bin/git config --local --name-only --get-regexp core\.sshCommand
2026-10-07T20:40:28.4086201Z [command]/usr/bin/git submodule foreach --recursive sh -c "git config --local --name-only --get-regexp 'core\.sshCommand' && git config --local --unset-all 'core.sshCommand' || :"
2026-10-07T20:40:28.4372053Z [command]/usr/bin/git config --local --name-only --get-regexp http\.https\:\/\/github\.com\/\.extraheader
2026-10-07T20:40:28.4393075Z [command]/usr/bin/git submodule foreach --recursive sh -c "git config --local --name-only --get-regexp 'http\.https\:\/\/github\.com\/\.extraheader' && git config --local --unset-all 'http.https://github.com/.extraheader' || :"
2026-10-07T20:40:28.4550193Z [command]/usr/bin/git config --local --name-only --get-regexp ^includeIf\.gitdir:
2026-10-07T20:40:28.4570975Z [command]/usr/bin/git submodule foreach --recursive git config --local --show-origin --name-only --get-regexp remote.origin.url
2026-10-07T20:40:28.4741991Z [command]/usr/bin/git config --local http.https://github.com/.extraheader AUTHORIZATION: basic ***
2026-10-07T20:40:28.4839272Z ##[endgroup]
2026-10-07T20:40:28.4839502Z ##[group]Fetching the repository
2026-10-07T20:40:28.4845078Z [command]/usr/bin/git -c protocol.version=2 fetch --no-tags --prune --no-recurse-submodules --depth=1 origin +7a0104632eed3cdea9a3d9dc8bee7ddcc813fbad:refs/remotes/origin/master
2026-10-07T20:40:30.4701956Z From https://github.com/eddolo/fountainjs
2026-10-07T20:40:30.4702385Z  * [new ref]         7a0104632eed3cdea9a3d9dc8bee7ddcc813fbad -> origin/master
2026-10-07T20:40:30.4705944Z ##[endgroup]
2026-10-07T20:40:30.4706325Z ##[group]Determining the checkout info
2026-10-07T20:40:30.4707959Z ##[endgroup]
2026-10-07T20:40:30.4713049Z [command]/usr/bin/git sparse-checkout disable
2026-10-07T20:40:30.4753694Z [command]/usr/bin/git config --local --unset-all extensions.worktreeConfig
2026-10-07T20:40:30.4775001Z ##[group]Checking out the ref
2026-10-07T20:40:30.4778260Z [command]/usr/bin/git checkout --progress --force -B master refs/remotes/origin/master
2026-10-07T20:40:30.7357334Z Reset branch 'master'
2026-10-07T20:40:30.7360758Z branch 'master' set up to track 'origin/master'.
2026-10-07T20:40:30.7373989Z ##[endgroup]
2026-10-07T20:40:30.7412446Z [command]/usr/bin/git log -1 --format=%H
2026-10-07T20:40:30.7431870Z 7a0104632eed3cdea9a3d9dc8bee7ddcc813fbad
2026-10-07T20:40:30.7600140Z ##[group]Run pnpm/action-setup@v4
2026-10-07T20:40:30.7600312Z with:
2026-10-07T20:40:30.7600418Z   version: 11.19.0
2026-10-07T20:40:30.7600534Z   dest: ~/setup-pnpm
2026-10-07T20:40:30.7600650Z   run_install: null
2026-10-07T20:40:30.7600770Z   cache: false
2026-10-07T20:40:30.7600892Z   cache_dependency_path: pnpm-lock.yaml
2026-10-07T20:40:30.7601321Z   package_json_file: package.json
2026-10-07T20:40:30.7601458Z   standalone: false
2026-10-07T20:40:30.7601575Z ##[endgroup]
2026-10-07T20:40:30.8466139Z ##[group]Running self-installer...
2026-10-07T20:40:31.0705724Z (node:2099) [DEP0169] DeprecationWarning: `url.parse()` behavior is not standardized and prone to errors that have security implications. Use the WHATWG URL API instead. CVEs are not issued for `url.parse()` vulnerabilities.
2026-10-07T20:40:31.0706586Z (Use `node --trace-deprecation ...` to show where the warning was created)
2026-10-07T20:40:31.2458052Z Progress: resolved 1, reused 0, downloaded 0, added 0
2026-10-07T20:40:31.2503958Z Packages: +1
2026-10-07T20:40:31.2504213Z +
2026-10-07T20:40:31.5640538Z Progress: resolved 1, reused 0, downloaded 1, added 1, done
2026-10-07T20:40:31.5950642Z 
2026-10-07T20:40:31.5951159Z dependencies:
2026-10-07T20:40:31.5951386Z + pnpm 11.19.0 (12.10.1 is available)
2026-10-07T20:40:31.5951509Z 
2026-10-07T20:40:31.5966778Z Done in 652ms
2026-10-07T20:40:31.8223525Z ##[endgroup]
2026-10-07T20:40:31.8223769Z Installation Completed!
2026-10-07T20:40:31.8353407Z ##[group]Run actions/setup-node@v4
2026-10-07T20:40:31.8353556Z with:
2026-10-07T20:40:31.8353660Z   node-version: 24
2026-10-07T20:40:31.8353766Z   cache: pnpm
2026-10-07T20:40:31.8353871Z   always-auth: false
2026-10-07T20:40:31.8353989Z   check-latest: false
2026-10-07T20:40:31.8355497Z   token: ***
2026-10-07T20:40:31.8355598Z env:
2026-10-07T20:40:31.8355738Z   PNPM_HOME: /home/runner/setup-pnpm/node_modules/.bin
2026-10-07T20:40:31.8355902Z ##[endgroup]
2026-10-07T20:40:31.9212360Z Found in cache @ /opt/hostedtoolcache/node/24.21.0/x64
2026-10-07T20:40:31.9215619Z (node:2113) [DEP0040] DeprecationWarning: The `punycode` module is deprecated. Please use a userland alternative instead.
2026-10-07T20:40:31.9216211Z (Use `node --trace-deprecation ...` to show where the warning was created)
2026-10-07T20:40:31.9217345Z ##[group]Environment details
2026-10-07T20:40:32.2540709Z node: v24.21.0
2026-10-07T20:40:32.2540974Z npm: 11.19.0
2026-10-07T20:40:32.2541313Z yarn: 1.22.22
2026-10-07T20:40:32.2542558Z ##[endgroup]
2026-10-07T20:40:32.2567743Z [command]/home/runner/setup-pnpm/node_modules/.bin/pnpm store path --silent
2026-10-07T20:40:32.6139809Z /home/runner/setup-pnpm/node_modules/.bin/store/v11
2026-10-07T20:40:32.8369651Z Cache hit for: node-cache-Linux-x64-pnpm-fd849381c36c47c9fa715e7759caf3b24b3c25e63e57449d26448df099a8c870
2026-10-07T20:40:32.8454803Z (node:2113) [DEP0169] DeprecationWarning: `url.parse()` behavior is not standardized and prone to errors that have security implications. Use the WHATWG URL API instead. CVEs are not issued for `url.parse()` vulnerabilities.
2026-10-07T20:40:34.0763875Z Received 41943040 of 143139869 (29.3%), 40.0 MBs/sec
2026-10-07T20:40:34.6846000Z Received 143139869 of 143139869 (100.0%), 84.9 MBs/sec
2026-10-07T20:40:34.6846896Z Cache Size: ~137 MB (143139869 B)
2026-10-07T20:40:34.6879601Z [command]/usr/bin/tar -xf /home/runner/work/_temp/1add8e0c-9d3f-467a-86e4-c31746792984/cache.tzst -P -C /home/runner/work/fountainjs/fountainjs --use-compress-program unzstd
2026-10-07T20:40:35.8110832Z Cache restored successfully
2026-10-07T20:40:35.8173278Z Cache restored from key: node-cache-Linux-x64-pnpm-fd849381c36c47c9fa715e7759caf3b24b3c25e63e57449d26448df099a8c870
2026-10-07T20:40:35.8699453Z ##[group]Run actions/setup-python@v5
2026-10-07T20:40:35.8699614Z with:
2026-10-07T20:40:35.8699729Z   python-version: 3.13
2026-10-07T20:40:35.8699853Z   check-latest: false
2026-10-07T20:40:35.8701565Z   token: ***
2026-10-07T20:40:35.8701816Z   update-environment: true
2026-10-07T20:40:35.8701950Z   allow-prereleases: false
2026-10-07T20:40:35.8702075Z   freethreaded: false
2026-10-07T20:40:35.8702187Z env:
2026-10-07T20:40:35.8702323Z   PNPM_HOME: /home/runner/setup-pnpm/node_modules/.bin
2026-10-07T20:40:35.8702492Z ##[endgroup]
2026-10-07T20:40:35.9504300Z ##[group]Installed versions
2026-10-07T20:40:35.9633146Z (node:2167) [DEP0040] DeprecationWarning: The `punycode` module is deprecated. Please use a userland alternative instead.
2026-10-07T20:40:35.9633826Z (Use `node --trace-deprecation ...` to show where the warning was created)
2026-10-07T20:40:35.9634120Z Successfully set up CPython (3.13.16)
2026-10-07T20:40:35.9634381Z ##[endgroup]
2026-10-07T20:40:35.9759763Z ##[group]Run oven-sh/setup-bun@v2
2026-10-07T20:40:35.9759916Z with:
2026-10-07T20:40:35.9760024Z   no-cache: false
2026-10-07T20:40:35.9761673Z   token: ***
2026-10-07T20:40:35.9761778Z env:
2026-10-07T20:40:35.9761911Z   PNPM_HOME: /home/runner/setup-pnpm/node_modules/.bin
2026-10-07T20:40:35.9762133Z   pythonLocation: /opt/hostedtoolcache/Python/3.13.16/x64
2026-10-07T20:40:35.9762370Z   PKG_CONFIG_PATH: /opt/hostedtoolcache/Python/3.13.16/x64/lib/pkgconfig
2026-10-07T20:40:35.9762601Z   Python_ROOT_DIR: /opt/hostedtoolcache/Python/3.13.16/x64
2026-10-07T20:40:35.9762813Z   Python2_ROOT_DIR: /opt/hostedtoolcache/Python/3.13.16/x64
2026-10-07T20:40:35.9763016Z   Python3_ROOT_DIR: /opt/hostedtoolcache/Python/3.13.16/x64
2026-10-07T20:40:35.9763223Z   LD_LIBRARY_PATH: /opt/hostedtoolcache/Python/3.13.16/x64/lib
2026-10-07T20:40:35.9763398Z ##[endgroup]
2026-10-07T20:40:36.6028271Z Downloading a new version of Bun: https://github.com/oven-sh/bun/releases/download/bun-v1.4.2/bun-linux-x64.zip
2026-10-07T20:40:36.9986662Z [command]/usr/bin/unzip -o -q /home/runner/work/_temp/3bd5b00c-a7fd-4983-ba4a-ad40aa4be840.zip
2026-10-07T20:40:37.4535553Z [command]/home/runner/.bun/bin/bun --revision
2026-10-07T20:40:37.4576340Z 1.4.2+744846f84
2026-10-07T20:40:37.5080342Z ##[group]Run denoland/setup-deno@v2
2026-10-07T20:40:37.5080506Z with:
2026-10-07T20:40:37.5080616Z   deno-version: lts
2026-10-07T20:40:37.5080732Z   deno-binary-name: deno
2026-10-07T20:40:37.5080853Z   cache: false
2026-10-07T20:40:37.5080955Z env:
2026-10-07T20:40:37.5081287Z   PNPM_HOME: /home/runner/setup-pnpm/node_modules/.bin
2026-10-07T20:40:37.5081522Z   pythonLocation: /opt/hostedtoolcache/Python/3.13.16/x64
2026-10-07T20:40:37.5081756Z   PKG_CONFIG_PATH: /opt/hostedtoolcache/Python/3.13.16/x64/lib/pkgconfig
2026-10-07T20:40:37.5081985Z   Python_ROOT_DIR: /opt/hostedtoolcache/Python/3.13.16/x64
2026-10-07T20:40:37.5082193Z   Python2_ROOT_DIR: /opt/hostedtoolcache/Python/3.13.16/x64
2026-10-07T20:40:37.5082400Z   Python3_ROOT_DIR: /opt/hostedtoolcache/Python/3.13.16/x64
2026-10-07T20:40:37.5082612Z   LD_LIBRARY_PATH: /opt/hostedtoolcache/Python/3.13.16/x64/lib
2026-10-07T20:40:37.5082907Z ##[endgroup]
2026-10-07T20:40:37.7123389Z Going to install lts version 2.9.3.
2026-10-07T20:40:37.7129276Z Downloading Deno from https://github.com/denoland/deno/releases/download/v2.9.3/deno-x86_64-unknown-linux-gnu.zip.
2026-10-07T20:40:38.1464250Z [command]/usr/bin/unzip -o -q /home/runner/work/_temp/86634fa7-a261-46d3-b5d9-8869a506a76d
2026-10-07T20:40:39.9434182Z Cached Deno to /opt/hostedtoolcache/deno/2.9.3/x64.
2026-10-07T20:40:39.9442030Z Installation complete.
2026-10-07T20:40:39.9938303Z ##[group]Run pnpm install --frozen-lockfile
2026-10-07T20:40:39.9938555Z [36;1mpnpm install --frozen-lockfile[0m
2026-10-07T20:40:40.0593338Z shell: /usr/bin/bash -e {0}
2026-10-07T20:40:40.0593498Z env:
2026-10-07T20:40:40.0593648Z   PNPM_HOME: /home/runner/setup-pnpm/node_modules/.bin
2026-10-07T20:40:40.0593863Z   pythonLocation: /opt/hostedtoolcache/Python/3.13.16/x64
2026-10-07T20:40:40.0594106Z   PKG_CONFIG_PATH: /opt/hostedtoolcache/Python/3.13.16/x64/lib/pkgconfig
2026-10-07T20:40:40.0594332Z   Python_ROOT_DIR: /opt/hostedtoolcache/Python/3.13.16/x64
2026-10-07T20:40:40.0594539Z   Python2_ROOT_DIR: /opt/hostedtoolcache/Python/3.13.16/x64
2026-10-07T20:40:40.0594926Z   Python3_ROOT_DIR: /opt/hostedtoolcache/Python/3.13.16/x64
2026-10-07T20:40:40.0595136Z   LD_LIBRARY_PATH: /opt/hostedtoolcache/Python/3.13.16/x64/lib
2026-10-07T20:40:40.0595311Z ##[endgroup]
2026-10-07T20:40:40.3399811Z Scope: all 3 workspace projects
2026-10-07T20:40:40.3769513Z ? Verifying lockfile against supply-chain policies (340 entries)...
2026-10-07T20:40:40.3812905Z Lockfile is up to date, resolution step is skipped
2026-10-07T20:40:40.4440849Z Progress: resolved 1, reused 0, downloaded 0, added 0
2026-10-07T20:40:40.4842400Z Packages: +281
2026-10-07T20:40:40.4872093Z ++++++++++++++++++++++++++++++++++++++++++++++++++++++++++++++++++++++++++++++++
2026-10-07T20:40:41.1261443Z Packages are hard linked from the content-addressable store to the virtual store.
2026-10-07T20:40:41.1267628Z   Content-addressable store is at: /home/runner/setup-pnpm/node_modules/.bin/store/v11
2026-10-07T20:40:41.1268291Z   Virtual store is at:             node_modules/.pnpm
2026-10-07T20:40:41.4446706Z Progress: resolved 281, reused 281, downloaded 0, added 85
2026-10-07T20:40:41.7245245Z Progress: resolved 281, reused 281, downloaded 0, added 281, done
2026-10-07T20:40:43.6088210Z ✓ Lockfile passes supply-chain policies (340 entries in 3.2s)
2026-10-07T20:40:43.7585149Z 
2026-10-07T20:40:43.7585753Z devDependencies:
2026-10-07T20:40:43.7586105Z + @angular/common 22.1.5
2026-10-07T20:40:43.7586355Z + @angular/compiler 22.1.5
2026-10-07T20:40:43.7586595Z + @angular/core 22.1.5
2026-10-07T20:40:43.7586863Z + @angular/platform-browser 22.1.5
2026-10-07T20:40:43.7587164Z + @angular/platform-server 22.1.5
2026-10-07T20:40:43.7587430Z + @mathjax/mathjax-tex-font 4.1.3
2026-10-07T20:40:43.7587672Z + @mathjax/src 4.1.3
2026-10-07T20:40:43.7587965Z + @playwright/test 1.62.1
2026-10-07T20:40:43.7588241Z + @sveltejs/vite-plugin-svelte 7.3.0
2026-10-07T20:40:43.7588495Z + @types/node 26.4.1
2026-10-07T20:40:43.7588703Z + @types/react 19.2.18
2026-10-07T20:40:43.7588927Z + @types/react-dom 19.2.7
2026-10-07T20:40:43.7589182Z + @vitejs/plugin-react 6.1.1
2026-10-07T20:40:43.7589423Z + commonmark 0.31.2
2026-10-07T20:40:43.7589619Z + commonmark-spec 0.31.2
2026-10-07T20:40:43.7589828Z + css-select 7.0.0
2026-10-07T20:40:43.7590026Z + docx-preview 0.4.0
2026-10-07T20:40:43.7590225Z + entities 8.0.0
2026-10-07T20:40:43.7590410Z + fflate 0.8.3
2026-10-07T20:40:43.7590595Z + jsdom 30.0.1
2026-10-07T20:40:43.7590790Z + katex 0.18.6
2026-10-07T20:40:43.7590980Z + miniflare 3.20250718.3
2026-10-07T20:40:43.7591351Z + parse5 8.0.1
2026-10-07T20:40:43.7591593Z + parse5-htmlparser2-tree-adapter 8.0.1
2026-10-07T20:40:43.7591860Z + pdfjs-dist 6.3.289
2026-10-07T20:40:43.7592093Z + react 19.2.8
2026-10-07T20:40:43.7592272Z + react-dom 19.2.8
2026-10-07T20:40:43.7592480Z + rxjs 7.8.2
2026-10-07T20:40:43.7592649Z + svelte 5.57.0
2026-10-07T20:40:43.7592840Z + typescript 7.0.2
2026-10-07T20:40:43.7593058Z + unicode-emoji-json 0.9.0
2026-10-07T20:40:43.7593262Z + vite 8.2.2
2026-10-07T20:40:43.7593457Z + vitest 5.0.0
2026-10-07T20:40:43.7593648Z + vue 3.5.42
2026-10-07T20:40:43.7593817Z + yjs 13.6.32
2026-10-07T20:40:43.7593926Z 
2026-10-07T20:40:43.7819865Z Done in 3.6s using pnpm v11.19.0
2026-10-07T20:40:43.8315708Z ##[group]Run python -m pip install --disable-pip-version-check python-docx==1.2.0
2026-10-07T20:40:43.8316161Z [36;1mpython -m pip install --disable-pip-version-check python-docx==1.2.0[0m
2026-10-07T20:40:43.8366273Z shell: /usr/bin/bash -e {0}
2026-10-07T20:40:43.8366414Z env:
2026-10-07T20:40:43.8366560Z   PNPM_HOME: /home/runner/setup-pnpm/node_modules/.bin
2026-10-07T20:40:43.8366772Z   pythonLocation: /opt/hostedtoolcache/Python/3.13.16/x64
2026-10-07T20:40:43.8367011Z   PKG_CONFIG_PATH: /opt/hostedtoolcache/Python/3.13.16/x64/lib/pkgconfig
2026-10-07T20:40:43.8367244Z   Python_ROOT_DIR: /opt/hostedtoolcache/Python/3.13.16/x64
2026-10-07T20:40:43.8367451Z   Python2_ROOT_DIR: /opt/hostedtoolcache/Python/3.13.16/x64
2026-10-07T20:40:43.8367655Z   Python3_ROOT_DIR: /opt/hostedtoolcache/Python/3.13.16/x64
2026-10-07T20:40:43.8368000Z   LD_LIBRARY_PATH: /opt/hostedtoolcache/Python/3.13.16/x64/lib
2026-10-07T20:40:43.8368178Z ##[endgroup]
2026-10-07T20:40:44.4988158Z Collecting python-docx==1.2.0
2026-10-07T20:40:44.5396716Z   Downloading python_docx-1.2.0-py3-none-any.whl.metadata (2.0 kB)
2026-10-07T20:40:44.6632812Z Collecting lxml>=3.1.0 (from python-docx==1.2.0)
2026-10-07T20:40:44.6664593Z   Downloading lxml-6.1.3-cp313-cp313-manylinux_2_26_x86_64.manylinux_2_28_x86_64.whl.metadata (3.3 kB)
2026-10-07T20:40:44.6834706Z Collecting typing_extensions>=4.9.0 (from python-docx==1.2.0)
2026-10-07T20:40:44.6863195Z   Downloading typing_extensions-4.16.0-py3-none-any.whl.metadata (3.3 kB)
2026-10-07T20:40:44.6996911Z Downloading python_docx-1.2.0-py3-none-any.whl (252 kB)
2026-10-07T20:40:44.7155224Z Downloading lxml-6.1.3-cp313-cp313-manylinux_2_26_x86_64.manylinux_2_28_x86_64.whl (5.2 MB)
2026-10-07T20:40:44.8256418Z    ━━━━━━━━━━━━━━━━━━━━━━━━━━━━━━━━━━━━━━━━ 5.2/5.2 MB 46.6 MB/s  0:00:00
2026-10-07T20:40:44.8288451Z Downloading typing_extensions-4.16.0-py3-none-any.whl (45 kB)
2026-10-07T20:40:44.8712567Z Installing collected packages: typing_extensions, lxml, python-docx
2026-10-07T20:40:45.0521619Z 
2026-10-07T20:40:45.0530179Z Successfully installed lxml-6.1.3 python-docx-1.2.0 typing_extensions-4.16.0
2026-10-07T20:40:45.0979191Z ##[group]Run pnpm build
2026-10-07T20:40:45.0979441Z [36;1mpnpm build[0m
2026-10-07T20:40:45.1045902Z shell: /usr/bin/bash -e {0}
2026-10-07T20:40:45.1046049Z env:
2026-10-07T20:40:45.1046200Z   PNPM_HOME: /home/runner/setup-pnpm/node_modules/.bin
2026-10-07T20:40:45.1046420Z   pythonLocation: /opt/hostedtoolcache/Python/3.13.16/x64
2026-10-07T20:40:45.1046659Z   PKG_CONFIG_PATH: /opt/hostedtoolcache/Python/3.13.16/x64/lib/pkgconfig
2026-10-07T20:40:45.1046885Z   Python_ROOT_DIR: /opt/hostedtoolcache/Python/3.13.16/x64
2026-10-07T20:40:45.1047093Z   Python2_ROOT_DIR: /opt/hostedtoolcache/Python/3.13.16/x64
2026-10-07T20:40:45.1047310Z   Python3_ROOT_DIR: /opt/hostedtoolcache/Python/3.13.16/x64
2026-10-07T20:40:45.1047528Z   LD_LIBRARY_PATH: /opt/hostedtoolcache/Python/3.13.16/x64/lib
2026-10-07T20:40:45.1047703Z ##[endgroup]
2026-10-07T20:40:45.3629394Z $ vite build -c vite.lib.config.ts && tsc -p tsconfig.build.json && node scripts/copy-assets.mjs && pnpm build:angular
2026-10-07T20:40:45.5037050Z [36mvite v8.2.2 [32mbuilding client environment for production...[36m[39m
2026-10-07T20:40:45.5132274Z transforming...
2026-10-07T20:40:45.5857983Z ✓ 302 modules transformed.
2026-10-07T20:40:45.6357402Z rendering chunks...
2026-10-07T20:40:45.7223664Z computing gzip size...
2026-10-07T20:40:45.7295753Z dist/step-doAGd4iU.js                       0.20 kB │ gzip:  0.18 kB │ map:   0.41 kB
2026-10-07T20:40:45.7296446Z dist/plugin-B0KSKRXJ.js                     0.39 kB │ gzip:  0.28 kB │ map:   3.23 kB
2026-10-07T20:40:45.7296993Z dist/node-spec-Dl5lMC1C.js                  0.64 kB │ gzip:  0.37 kB │ map:   8.05 kB
2026-10-07T20:40:45.7297494Z dist/text-style.js                          0.87 kB │ gzip:  0.39 kB
2026-10-07T20:40:45.7298038Z dist/url-sjMj-efj.js                        1.03 kB │ gzip:  0.52 kB │ map:   2.68 kB
2026-10-07T20:40:45.7298552Z dist/svelte.js                              1.08 kB │ gzip:  0.55 kB │ map:   3.58 kB
2026-10-07T20:40:45.7299116Z dist/useFountain-DQ8gXlvr.js                1.09 kB │ gzip:  0.57 kB │ map:   3.25 kB
2026-10-07T20:40:45.7299715Z dist/command-manager-CSDUCeVE.js            1.32 kB │ gzip:  0.62 kB │ map:   6.46 kB
2026-10-07T20:40:45.7300316Z dist/collaboration-BubriAbK.js              1.44 kB │ gzip:  0.71 kB │ map:   3.60 kB
2026-10-07T20:40:45.7300999Z dist/react-widgets.js                       1.57 kB │ gzip:  0.67 kB │ map:   5.52 kB
2026-10-07T20:40:45.7301749Z dist/vue.js                                 1.72 kB │ gzip:  0.86 kB │ map:   4.53 kB
2026-10-07T20:40:45.7302313Z dist/inline-atom-BLfPalX5.js                1.76 kB │ gzip:  0.78 kB │ map:   5.30 kB
2026-10-07T20:40:45.7302894Z dist/path-B7Cr90vg.js                       1.89 kB │ gzip:  0.89 kB │ map:   5.80 kB
2026-10-07T20:40:45.7303821Z dist/search-CLj2oPC9.js                     1.99 kB │ gzip:  0.95 kB │ map:   6.14 kB
2026-10-07T20:40:45.7304393Z dist/history-CluGKD04.js                    2.71 kB │ gzip:  1.12 kB │ map:   7.84 kB
2026-10-07T20:40:45.7305017Z dist/html-page-settings-BniO1ltv.js         2.78 kB │ gzip:  1.16 kB │ map:   8.24 kB
2026-10-07T20:40:45.7305639Z dist/content-expression-CuobUc-r.js         2.87 kB │ gzip:  1.12 kB │ map:   7.89 kB
2026-10-07T20:40:45.7306243Z dist/input-rules-EH0whXGW.js                2.99 kB │ gzip:  1.31 kB │ map:   9.02 kB
2026-10-07T20:40:45.7306832Z dist/decoration-CuT1b7BC.js                 3.14 kB │ gzip:  1.23 kB │ map:  10.15 kB
2026-10-07T20:40:45.7307357Z dist/extension-Cfbujo9B.js                  3.20 kB │ gzip:  1.27 kB │ map:  10.62 kB
2026-10-07T20:40:45.7308009Z dist/replace-text-range-step-DDj1wpRU.js    3.28 kB │ gzip:  1.21 kB │ map:   9.56 kB
2026-10-07T20:40:45.7308590Z dist/table-map-Du2VwT8u.js                  3.47 kB │ gzip:  1.41 kB │ map:  10.05 kB
2026-10-07T20:40:45.7309218Z dist/mark-range-step-Jo1iPQSu.js            3.48 kB │ gzip:  1.08 kB │ map:  10.32 kB
2026-10-07T20:40:45.7309806Z dist/node-CMohf4dR.js                       3.90 kB │ gzip:  1.36 kB │ map:  10.26 kB
2026-10-07T20:40:45.7310654Z dist/html-flow-DD-oI2l-.js                  4.47 kB │ gzip:  1.85 kB │ map:  11.72 kB
2026-10-07T20:40:45.7311411Z dist/widgets-dom.js                         4.74 kB │ gzip:  1.67 kB │ map:  13.70 kB
2026-10-07T20:40:45.7311999Z dist/text-style-BpVAJwKH.js                 4.82 kB │ gzip:  1.60 kB │ map:  15.05 kB
2026-10-07T20:40:45.7312598Z dist/integrity-dom.js                       5.07 kB │ gzip:  1.98 kB │ map:  14.22 kB
2026-10-07T20:40:45.7313162Z dist/link-destination-C_zXSnoz.js           5.47 kB │ gzip:  2.03 kB │ map:  16.08 kB
2026-10-07T20:40:45.7313786Z dist/table-of-contents.js                   5.69 kB │ gzip:  2.34 kB │ map:  17.63 kB
2026-10-07T20:40:45.7314368Z dist/html-inert.js                          6.16 kB │ gzip:  2.55 kB │ map:  13.93 kB
2026-10-07T20:40:45.7314950Z dist/testing.js                             6.49 kB │ gzip:  2.31 kB │ map:  18.97 kB
2026-10-07T20:40:45.7315546Z dist/selection-Du4v48EK.js                  6.52 kB │ gzip:  2.21 kB │ map:  19.93 kB
2026-10-07T20:40:45.7316190Z dist/table-layout-CcmXrWN5.js               6.98 kB │ gzip:  2.51 kB │ map:  19.64 kB
2026-10-07T20:40:45.7316883Z dist/migrations.js                          7.04 kB │ gzip:  2.23 kB │ map:  19.76 kB
2026-10-07T20:40:45.7317498Z dist/react-tracked-changes.js               7.65 kB │ gzip:  2.34 kB │ map:  13.99 kB
2026-10-07T20:40:45.7318065Z dist/details.js                             7.72 kB │ gzip:  2.65 kB │ map:  21.54 kB
2026-10-07T20:40:45.7318642Z dist/mapping-BbhEodcc.js                    7.76 kB │ gzip:  2.66 kB │ map:  24.89 kB
2026-10-07T20:40:45.7319223Z dist/react-integrity.js                     8.09 kB │ gzip:  2.42 kB │ map:  13.31 kB
2026-10-07T20:40:45.7319833Z dist/menu-position-BhHjnREO.js              8.23 kB │ gzip:  3.04 kB │ map:  25.35 kB
2026-10-07T20:40:45.7320437Z dist/node-ids.js                            8.74 kB │ gzip:  3.14 kB │ map:  28.06 kB
2026-10-07T20:40:45.7320974Z dist/widgets.js                             8.78 kB │ gzip:  3.21 kB │ map:  27.94 kB
2026-10-07T20:40:45.7321638Z dist/core.js                                9.04 kB │ gzip:  3.16 kB
2026-10-07T20:40:45.7322186Z dist/react-comments.js                      9.78 kB │ gzip:  2.75 kB │ map:  17.76 kB
2026-10-07T20:40:45.7322792Z dist/structured-attributes.js              10.03 kB │ gzip:  2.96 kB │ map:  31.46 kB
2026-10-07T20:40:45.7323398Z dist/react-versions.js                     10.06 kB │ gzip:  2.75 kB │ map:  18.26 kB
2026-10-07T20:40:45.7324026Z dist/collaboration-core-B-I53ZbT.js        10.29 kB │ gzip:  3.23 kB │ map:  32.95 kB
2026-10-07T20:40:45.7324652Z dist/ai-generated-media.js                 10.71 kB │ gzip:  3.28 kB │ map:  27.57 kB
2026-10-07T20:40:45.7325217Z dist/ruby.js                               10.92 kB │ gzip:  3.49 kB │ map:  28.83 kB
2026-10-07T20:40:45.7325991Z dist/page-settings-Bqt82pEY.js             11.19 kB │ gzip:  3.73 kB │ map:  32.14 kB
2026-10-07T20:40:45.7326584Z dist/pages.js                              11.27 kB │ gzip:  3.60 kB │ map:  28.76 kB
2026-10-07T20:40:45.7327136Z dist/integrity.js                          11.46 kB │ gzip:  3.63 kB │ map:  30.86 kB
2026-10-07T20:40:45.7327669Z dist/pages-preview.js                      13.47 kB │ gzip:  4.45 kB │ map:  37.18 kB
2026-10-07T20:40:45.7328207Z dist/editor-CMX7ABLq.js                    15.16 kB │ gzip:  4.48 kB │ map:  43.81 kB
2026-10-07T20:40:45.7328743Z dist/ai-conversation.js                    15.96 kB │ gzip:  4.46 kB │ map:  41.86 kB
2026-10-07T20:40:45.7329313Z dist/ai-document-tools.js                  16.83 kB │ gzip:  4.71 kB │ map:  45.73 kB
2026-10-07T20:40:45.7329878Z dist/emoji-Dcd6cwiM.js                     17.42 kB │ gzip:  5.72 kB │ map:  46.29 kB
2026-10-07T20:40:45.7330484Z dist/link-behavior-oYZGk5x4.js             18.29 kB │ gzip:  6.84 kB │ map:  48.24 kB
2026-10-07T20:40:45.7331261Z dist/presentation-_RsWq19D.js              21.37 kB │ gzip:  6.17 kB │ map:  64.52 kB
2026-10-07T20:40:45.7331857Z dist/document-utilities.js                 23.88 kB │ gzip:  7.49 kB │ map:  67.80 kB
2026-10-07T20:40:45.7332669Z dist/yjs.js                                27.47 kB │ gzip:  7.82 kB │ map:  75.97 kB
2026-10-07T20:40:45.7333206Z dist/tracked-changes.js                    28.57 kB │ gzip:  8.09 kB │ map:  85.58 kB
2026-10-07T20:40:45.7333876Z dist/versions.js                           29.34 kB │ gzip:  7.76 kB │ map:  80.63 kB
2026-10-07T20:40:45.7334450Z dist/comments.js                           29.77 kB │ gzip:  8.57 kB │ map:  87.59 kB
2026-10-07T20:40:45.7335033Z dist/extensions-C1DRY4_P.js                32.94 kB │ gzip:  9.34 kB │ map:  85.95 kB
2026-10-07T20:40:45.7335658Z dist/media-DZiyIJlx.js                     42.44 kB │ gzip: 12.02 kB │ map: 109.48 kB
2026-10-07T20:40:45.7336134Z dist/markdown-html-83ZGjqmO.js             43.57 kB │ gzip: 23.96 kB │ map:  74.66 kB
2026-10-07T20:40:45.7336480Z dist/pages-dom.js                          53.72 kB │ gzip: 13.34 kB │ map: 147.72 kB
2026-10-07T20:40:45.7336826Z dist/commands-DasHTUlW.js                  82.06 kB │ gzip: 21.35 kB │ map: 235.36 kB
2026-10-07T20:40:45.7337152Z dist/index.js                              82.79 kB │ gzip: 24.38 kB │ map: 179.78 kB
2026-10-07T20:40:45.7337484Z dist/text-exporter-BdE6tUJU.js             87.20 kB │ gzip: 25.32 kB │ map: 267.14 kB
2026-10-07T20:40:45.7337826Z dist/react.js                              92.10 kB │ gzip: 21.58 kB │ map: 183.72 kB
2026-10-07T20:40:45.7338144Z dist/view-CqmBpraA.js                     116.38 kB │ gzip: 28.76 kB │ map: 299.21 kB
2026-10-07T20:40:45.7338461Z dist/docx.js                              188.06 kB │ gzip: 54.00 kB │ map: 517.08 kB
2026-10-07T20:40:45.7338776Z dist/html-server.js                       261.41 kB │ gzip: 59.34 kB │ map: 770.11 kB
2026-10-07T20:40:45.7339107Z dist/emoji-data.js                        331.40 kB │ gzip: 30.88 kB │ map: 467.62 kB
2026-10-07T20:40:45.7339259Z 
2026-10-07T20:40:45.7350223Z transforming...
2026-10-07T20:40:45.8070580Z ✓ 302 modules transformed.
2026-10-07T20:40:45.8517706Z rendering chunks...
2026-10-07T20:40:45.9032233Z computing gzip size...
2026-10-07T20:40:45.9090537Z dist/step-CICBu9Xg.cjs                       0.20 kB │ gzip:  0.18 kB │ map:   0.42 kB
2026-10-07T20:40:45.9091404Z dist/plugin-DlQkwKdU.cjs                     0.48 kB │ gzip:  0.27 kB │ map:   3.21 kB
2026-10-07T20:40:45.9092048Z dist/node-spec-owlJN_nc.cjs                  0.59 kB │ gzip:  0.36 kB │ map:   8.05 kB
2026-10-07T20:40:45.9092662Z dist/rolldown-runtime-Chgba0Kb.cjs           0.77 kB │ gzip:  0.41 kB
2026-10-07T20:40:45.9093249Z dist/text-style.cjs                          0.87 kB │ gzip:  0.36 kB
2026-10-07T20:40:45.9093840Z dist/svelte.cjs                              0.89 kB │ gzip:  0.51 kB │ map:   3.64 kB
2026-10-07T20:40:45.9094461Z dist/url-Co8QRAHd.cjs                        0.92 kB │ gzip:  0.51 kB │ map:   2.68 kB
2026-10-07T20:40:45.9095452Z dist/useFountain-C16zq9TV.cjs                0.96 kB │ gzip:  0.52 kB │ map:   3.30 kB
2026-10-07T20:40:45.9096170Z dist/command-manager-DU4ahU5C.cjs            1.06 kB │ gzip:  0.55 kB │ map:   6.45 kB
2026-10-07T20:40:45.9096871Z dist/collaboration-DHfWMt2l.cjs              1.26 kB │ gzip:  0.63 kB │ map:   3.61 kB
2026-10-07T20:40:45.9097530Z dist/react-widgets.cjs                       1.33 kB │ gzip:  0.63 kB │ map:   5.62 kB
2026-10-07T20:40:45.9098123Z dist/vue.cjs                                 1.45 kB │ gzip:  0.76 kB │ map:   4.76 kB
2026-10-07T20:40:45.9098672Z dist/inline-atom-Cg88XSNe.cjs                1.53 kB │ gzip:  0.70 kB │ map:   5.34 kB
2026-10-07T20:40:45.9099280Z dist/search-Cb5HWhnF.cjs                     1.76 kB │ gzip:  0.87 kB │ map:   6.15 kB
2026-10-07T20:40:45.9099920Z dist/path-DDY3uxw-.cjs                       1.98 kB │ gzip:  0.82 kB │ map:   5.79 kB
2026-10-07T20:40:45.9100619Z dist/content-expression-YXcFdjFU.cjs         2.15 kB │ gzip:  0.98 kB │ map:   7.85 kB
2026-10-07T20:40:45.9101469Z dist/html-page-settings-CHmUedrc.cjs         2.52 kB │ gzip:  1.03 kB │ map:   8.22 kB
2026-10-07T20:40:45.9102354Z dist/table-map-Dbo_d2TT.cjs                  2.65 kB │ gzip:  1.23 kB │ map:  10.02 kB
2026-10-07T20:40:45.9102976Z dist/input-rules-HXvPuvbc.cjs                2.66 kB │ gzip:  1.16 kB │ map:   9.04 kB
2026-10-07T20:40:45.9103619Z dist/decoration-jVx4B2Pl.cjs                 2.68 kB │ gzip:  1.13 kB │ map:  10.14 kB
2026-10-07T20:40:45.9104307Z dist/replace-text-range-step-VHOaDNVn.cjs    2.69 kB │ gzip:  1.07 kB │ map:   9.63 kB
2026-10-07T20:40:45.9104981Z dist/history-C1iHQbdz.cjs                    2.76 kB │ gzip:  1.03 kB │ map:   7.85 kB
2026-10-07T20:40:45.9105623Z dist/extension-Sb4ErwsF.cjs                  2.86 kB │ gzip:  1.17 kB │ map:  10.59 kB
2026-10-07T20:40:45.9106290Z dist/mark-range-step-DOJDyOsP.cjs            3.02 kB │ gzip:  0.92 kB │ map:  10.34 kB
2026-10-07T20:40:45.9106943Z dist/node-D26sG_e5.cjs                       3.35 kB │ gzip:  1.25 kB │ map:  10.25 kB
2026-10-07T20:40:45.9107567Z dist/widgets-dom.cjs                         4.02 kB │ gzip:  1.53 kB │ map:  13.67 kB
2026-10-07T20:40:45.9108248Z dist/html-flow-BHL-hkt_.cjs                  4.18 kB │ gzip:  1.68 kB │ map:  11.78 kB
2026-10-07T20:40:45.9108875Z dist/integrity-dom.cjs                       4.36 kB │ gzip:  1.82 kB │ map:  14.27 kB
2026-10-07T20:40:45.9109528Z dist/table-of-contents.cjs                   4.75 kB │ gzip:  2.12 kB │ map:  17.66 kB
2026-10-07T20:40:45.9110168Z dist/text-style-Bj101slt.cjs                 5.08 kB │ gzip:  1.44 kB │ map:  15.23 kB
2026-10-07T20:40:45.9110764Z dist/html-inert.cjs                          5.19 kB │ gzip:  2.36 kB │ map:  13.94 kB
2026-10-07T20:40:45.9111621Z dist/testing.cjs                             5.43 kB │ gzip:  2.08 kB │ map:  18.97 kB
2026-10-07T20:40:45.9112252Z dist/selection-DrO1gWsj.cjs                  5.65 kB │ gzip:  1.97 kB │ map:  19.95 kB
2026-10-07T20:40:45.9112936Z dist/react-tracked-changes.cjs               5.71 kB │ gzip:  2.01 kB │ map:  14.60 kB
2026-10-07T20:40:45.9113625Z dist/link-destination-vEg16Tuc.cjs           5.72 kB │ gzip:  1.73 kB │ map:  16.11 kB
2026-10-07T20:40:45.9114289Z dist/migrations.cjs                          6.10 kB │ gzip:  2.00 kB │ map:  19.78 kB
2026-10-07T20:40:45.9114918Z dist/react-integrity.cjs                     6.18 kB │ gzip:  2.18 kB │ map:  14.15 kB
2026-10-07T20:40:45.9115522Z dist/details.cjs                             6.35 kB │ gzip:  2.39 kB │ map:  21.62 kB
2026-10-07T20:40:45.9116142Z dist/mapping-LRwd6pqd.cjs                    6.55 kB │ gzip:  2.36 kB │ map:  24.97 kB
2026-10-07T20:40:45.9116744Z dist/table-layout-r-zMRyTz.cjs               6.66 kB │ gzip:  2.26 kB │ map:  19.62 kB
2026-10-07T20:40:45.9117408Z dist/react-comments.cjs                      7.05 kB │ gzip:  2.28 kB │ map:  18.76 kB
2026-10-07T20:40:45.9118012Z dist/node-ids.cjs                            7.18 kB │ gzip:  2.82 kB │ map:  28.03 kB
2026-10-07T20:40:45.9118789Z dist/menu-position-DgAmLXYm.cjs              7.21 kB │ gzip:  2.71 kB │ map:  25.43 kB
2026-10-07T20:40:45.9119387Z dist/widgets.cjs                             7.33 kB │ gzip:  2.88 kB │ map:  28.00 kB
2026-10-07T20:40:45.9119962Z dist/react-versions.cjs                      7.37 kB │ gzip:  2.35 kB │ map:  19.28 kB
2026-10-07T20:40:45.9120456Z dist/core.cjs                                8.24 kB │ gzip:  2.43 kB
2026-10-07T20:40:45.9121171Z dist/structured-attributes.cjs               8.41 kB │ gzip:  2.71 kB │ map:  31.45 kB
2026-10-07T20:40:45.9121835Z dist/ai-generated-media.cjs                  9.11 kB │ gzip:  2.97 kB │ map:  27.49 kB
2026-10-07T20:40:45.9122427Z dist/ruby.cjs                                9.18 kB │ gzip:  3.14 kB │ map:  28.80 kB
2026-10-07T20:40:45.9122980Z dist/integrity.cjs                           9.36 kB │ gzip:  3.32 kB │ map:  30.88 kB
2026-10-07T20:40:45.9123521Z dist/pages.cjs                               9.36 kB │ gzip:  3.21 kB │ map:  28.86 kB
2026-10-07T20:40:45.9124115Z dist/collaboration-core-6QLxBCsv.cjs         9.37 kB │ gzip:  2.92 kB │ map:  32.93 kB
2026-10-07T20:40:45.9124744Z dist/page-settings-BTDzBnRH.cjs             10.15 kB │ gzip:  3.43 kB │ map:  32.11 kB
2026-10-07T20:40:45.9125513Z dist/pages-preview.cjs                      11.42 kB │ gzip:  4.09 kB │ map:  37.00 kB
2026-10-07T20:40:45.9126156Z dist/editor-Ce4QfnkJ.cjs                    13.24 kB │ gzip:  4.10 kB │ map:  43.90 kB
2026-10-07T20:40:45.9126766Z dist/ai-conversation.cjs                    13.42 kB │ gzip:  4.04 kB │ map:  41.75 kB
2026-10-07T20:40:45.9127386Z dist/ai-document-tools.cjs                  13.93 kB │ gzip:  4.22 kB │ map:  45.71 kB
2026-10-07T20:40:45.9127983Z dist/emoji-DAGrlUem.cjs                     14.66 kB │ gzip:  5.12 kB │ map:  46.33 kB
2026-10-07T20:40:45.9128618Z dist/link-behavior-DxFlB9w3.cjs             16.42 kB │ gzip:  6.31 kB │ map:  48.32 kB
2026-10-07T20:40:45.9129264Z dist/presentation-DrPDmb6z.cjs              17.92 kB │ gzip:  5.47 kB │ map:  64.36 kB
2026-10-07T20:40:45.9129920Z dist/document-utilities.cjs                 19.37 kB │ gzip:  6.71 kB │ map:  67.92 kB
2026-10-07T20:40:45.9130509Z dist/yjs.cjs                                22.89 kB │ gzip:  7.13 kB │ map:  75.74 kB
2026-10-07T20:40:45.9131218Z dist/tracked-changes.cjs                    23.66 kB │ gzip:  7.30 kB │ map:  85.59 kB
2026-10-07T20:40:45.9131791Z dist/comments.cjs                           24.18 kB │ gzip:  7.65 kB │ map:  87.59 kB
2026-10-07T20:40:45.9132373Z dist/versions.cjs                           24.36 kB │ gzip:  7.06 kB │ map:  80.44 kB
2026-10-07T20:40:45.9132965Z dist/extensions-DjBSNlD7.cjs                30.75 kB │ gzip:  8.30 kB │ map:  86.30 kB
2026-10-07T20:40:45.9133589Z dist/media-Bzb45r2G.cjs                     35.05 kB │ gzip: 10.80 kB │ map: 109.58 kB
2026-10-07T20:40:45.9134237Z dist/markdown-html-DD8ATANg.cjs             41.42 kB │ gzip: 23.40 kB │ map:  74.55 kB
2026-10-07T20:40:45.9134853Z dist/pages-dom.cjs                          44.81 kB │ gzip: 12.13 kB │ map: 147.15 kB
2026-10-07T20:40:45.9135494Z dist/text-exporter-C4h-egmn.cjs             68.19 kB │ gzip: 22.75 kB │ map: 266.49 kB
2026-10-07T20:40:45.9136142Z dist/react.cjs                              69.17 kB │ gzip: 18.66 kB │ map: 192.48 kB
2026-10-07T20:40:45.9136690Z dist/index.cjs                              70.12 kB │ gzip: 21.12 kB │ map: 179.78 kB
2026-10-07T20:40:45.9137275Z dist/commands-DBqTIH1U.cjs                  73.03 kB │ gzip: 19.69 kB │ map: 236.40 kB
2026-10-07T20:40:45.9137878Z dist/view-DRhFzAAp.cjs                      99.22 kB │ gzip: 26.21 kB │ map: 298.54 kB
2026-10-07T20:40:45.9138448Z dist/docx.cjs                              152.04 kB │ gzip: 48.58 kB │ map: 516.01 kB
2026-10-07T20:40:45.9139020Z dist/html-server.cjs                       212.53 kB │ gzip: 54.15 kB │ map: 767.25 kB
2026-10-07T20:40:45.9139606Z dist/emoji-data.cjs                        274.54 kB │ gzip: 30.24 kB │ map: 451.98 kB
2026-10-07T20:40:45.9140029Z 
2026-10-07T20:40:45.9140561Z [32m✓ built in 407ms[39m
2026-10-07T20:40:46.8717886Z $ pnpm --dir tools/angular-build exec ngc -p ../../tsconfig.angular.json && pnpm build:angular-demo
2026-10-07T20:40:48.2761697Z $ pnpm --dir tools/angular-build exec ngc -p ../../tsconfig.angular-demo.json
2026-10-07T20:40:49.7900134Z ##[group]Run pnpm test:api
2026-10-07T20:40:49.7900390Z [36;1mpnpm test:api[0m
2026-10-07T20:40:49.7958755Z shell: /usr/bin/bash -e {0}
2026-10-07T20:40:49.7958901Z env:
2026-10-07T20:40:49.7959056Z   PNPM_HOME: /home/runner/setup-pnpm/node_modules/.bin
2026-10-07T20:40:49.7959277Z   pythonLocation: /opt/hostedtoolcache/Python/3.13.16/x64
2026-10-07T20:40:49.7959520Z   PKG_CONFIG_PATH: /opt/hostedtoolcache/Python/3.13.16/x64/lib/pkgconfig
2026-10-07T20:40:49.7959761Z   Python_ROOT_DIR: /opt/hostedtoolcache/Python/3.13.16/x64
2026-10-07T20:40:49.7959977Z   Python2_ROOT_DIR: /opt/hostedtoolcache/Python/3.13.16/x64
2026-10-07T20:40:49.7960192Z   Python3_ROOT_DIR: /opt/hostedtoolcache/Python/3.13.16/x64
2026-10-07T20:40:49.7960428Z   LD_LIBRARY_PATH: /opt/hostedtoolcache/Python/3.13.16/x64/lib
2026-10-07T20:40:49.7960615Z ##[endgroup]
2026-10-07T20:40:50.1726131Z $ node scripts/check-api-surface.mjs
2026-10-07T20:40:50.2157187Z Public API surface verified across 409 declaration files.
2026-10-07T20:40:50.3195040Z ##[group]Run pnpm test:server-runtimes
2026-10-07T20:40:50.3195320Z [36;1mpnpm test:server-runtimes[0m
2026-10-07T20:40:50.3247571Z shell: /usr/bin/bash -e {0}
2026-10-07T20:40:50.3247711Z env:
2026-10-07T20:40:50.3247855Z   PNPM_HOME: /home/runner/setup-pnpm/node_modules/.bin
2026-10-07T20:40:50.3248071Z   pythonLocation: /opt/hostedtoolcache/Python/3.13.16/x64
2026-10-07T20:40:50.3248308Z   PKG_CONFIG_PATH: /opt/hostedtoolcache/Python/3.13.16/x64/lib/pkgconfig
2026-10-07T20:40:50.3248541Z   Python_ROOT_DIR: /opt/hostedtoolcache/Python/3.13.16/x64
2026-10-07T20:40:50.3248750Z   Python2_ROOT_DIR: /opt/hostedtoolcache/Python/3.13.16/x64
2026-10-07T20:40:50.3248952Z   Python3_ROOT_DIR: /opt/hostedtoolcache/Python/3.13.16/x64
2026-10-07T20:40:50.3249170Z   LD_LIBRARY_PATH: /opt/hostedtoolcache/Python/3.13.16/x64/lib
2026-10-07T20:40:50.3249345Z ##[endgroup]
2026-10-07T20:40:50.7045810Z $ node scripts/smoke-server-html-runtime.mjs && node scripts/check-server-html-worker.mjs
2026-10-07T20:40:50.8983194Z Compiled runtime: 486 link normalization/security/history/destination contracts passed.
2026-10-07T20:40:50.8984106Z Compiled runtime: inert inline lexical data, full reopen, real transactions/history and altered-carrier refusal passed.
2026-10-07T20:40:50.9020015Z Compiled runtime: 576 owned-attribute checks plus immutable snapshots/history passed.
2026-10-07T20:40:50.9480561Z Compiled runtime: 140 native emphasis and partial-schema retention checks passed.
2026-10-07T20:40:50.9481270Z Compiled runtime: protected Markdown images/rules/tables, exact source, native/canonical reopen and refusal guards passed.
2026-10-07T20:40:50.9481739Z Compiled runtime: anonymous HTML flow, native/canonical reopening and exact source passed.
2026-10-07T20:40:50.9493463Z Node 24.21.0: DOM-free server HTML import/export passed.
2026-10-07T20:40:50.9526592Z Node 24.21.0: inert HTML comment retention, canonical reopen and breakout rejection passed.
2026-10-07T20:40:50.9527555Z Node 24.21.0: complete HTML page-settings retention and invalid/fragment boundaries passed.
2026-10-07T20:40:50.9535064Z Node 24.21.0: block-returning Markdown paragraph recovery passed.
2026-10-07T20:40:50.9634267Z Node 24.21.0: lazy Markdown flow paragraph sources passed.
2026-10-07T20:40:51.6921628Z Cloudflare workerd (Miniflare): 486 link normalization/security/history/destination contracts passed.
2026-10-07T20:40:51.6922182Z Cloudflare workerd (Miniflare): inert inline lexical data, complete reopen, transactions/history and carrier refusal passed.
2026-10-07T20:40:51.6922650Z Cloudflare workerd (Miniflare): 576 owned-attribute checks plus immutable snapshots/history passed.
2026-10-07T20:40:51.6923068Z Cloudflare workerd (Miniflare): 140 native emphasis and partial-schema retention checks passed.
2026-10-07T20:40:51.6924054Z Cloudflare workerd (Miniflare): protected Markdown images/rules/tables, full reopen and refusal guards passed.
2026-10-07T20:40:51.6924542Z Cloudflare workerd (Miniflare): anonymous HTML flow without synthetic paragraphs and native/canonical reopening passed.
2026-10-07T20:40:51.6925008Z Cloudflare workerd (Miniflare): inert HTML comment retention, canonical reopen and breakout rejection passed.
2026-10-07T20:40:51.6925380Z Cloudflare workerd (Miniflare): DOM-free server HTML import/export passed.
2026-10-07T20:40:51.6925773Z Cloudflare workerd (Miniflare): complete HTML page-settings retention and invalid/fragment boundaries passed.
2026-10-07T20:40:51.7335479Z ##[group]Run bun scripts/smoke-server-html-runtime.mjs
2026-10-07T20:40:51.7335862Z [36;1mbun scripts/smoke-server-html-runtime.mjs[0m
2026-10-07T20:40:51.7394565Z shell: /usr/bin/bash -e {0}
2026-10-07T20:40:51.7394723Z env:
2026-10-07T20:40:51.7394890Z   PNPM_HOME: /home/runner/setup-pnpm/node_modules/.bin
2026-10-07T20:40:51.7395119Z   pythonLocation: /opt/hostedtoolcache/Python/3.13.16/x64
2026-10-07T20:40:51.7395364Z   PKG_CONFIG_PATH: /opt/hostedtoolcache/Python/3.13.16/x64/lib/pkgconfig
2026-10-07T20:40:51.7395602Z   Python_ROOT_DIR: /opt/hostedtoolcache/Python/3.13.16/x64
2026-10-07T20:40:51.7395815Z   Python2_ROOT_DIR: /opt/hostedtoolcache/Python/3.13.16/x64
2026-10-07T20:40:51.7396036Z   Python3_ROOT_DIR: /opt/hostedtoolcache/Python/3.13.16/x64
2026-10-07T20:40:51.7396251Z   LD_LIBRARY_PATH: /opt/hostedtoolcache/Python/3.13.16/x64/lib
2026-10-07T20:40:51.7396434Z ##[endgroup]
2026-10-07T20:40:51.9351476Z Compiled runtime: 486 link normalization/security/history/destination contracts passed.
2026-10-07T20:40:51.9352277Z Compiled runtime: inert inline lexical data, full reopen, real transactions/history and altered-carrier refusal passed.
2026-10-07T20:40:51.9390597Z Compiled runtime: 576 owned-attribute checks plus immutable snapshots/history passed.
2026-10-07T20:40:51.9896128Z Compiled runtime: 140 native emphasis and partial-schema retention checks passed.
2026-10-07T20:40:51.9897099Z Compiled runtime: protected Markdown images/rules/tables, exact source, native/canonical reopen and refusal guards passed.
2026-10-07T20:40:51.9898120Z Compiled runtime: anonymous HTML flow, native/canonical reopening and exact source passed.
2026-10-07T20:40:51.9915368Z Bun 1.4.2: DOM-free server HTML import/export passed.
2026-10-07T20:40:51.9944203Z Bun 1.4.2: inert HTML comment retention, canonical reopen and breakout rejection passed.
2026-10-07T20:40:51.9945087Z Bun 1.4.2: complete HTML page-settings retention and invalid/fragment boundaries passed.
2026-10-07T20:40:51.9945874Z Bun 1.4.2: block-returning Markdown paragraph recovery passed.
2026-10-07T20:40:52.0036490Z Bun 1.4.2: lazy Markdown flow paragraph sources passed.
2026-10-07T20:40:52.0140817Z ##[group]Run deno run --allow-read scripts/smoke-server-html-runtime.mjs
2026-10-07T20:40:52.0141408Z [36;1mdeno run --allow-read scripts/smoke-server-html-runtime.mjs[0m
2026-10-07T20:40:52.0211739Z shell: /usr/bin/bash -e {0}
2026-10-07T20:40:52.0211962Z env:
2026-10-07T20:40:52.0212191Z   PNPM_HOME: /home/runner/setup-pnpm/node_modules/.bin
2026-10-07T20:40:52.0212522Z   pythonLocation: /opt/hostedtoolcache/Python/3.13.16/x64
2026-10-07T20:40:52.0212903Z   PKG_CONFIG_PATH: /opt/hostedtoolcache/Python/3.13.16/x64/lib/pkgconfig
2026-10-07T20:40:52.0213264Z   Python_ROOT_DIR: /opt/hostedtoolcache/Python/3.13.16/x64
2026-10-07T20:40:52.0213592Z   Python2_ROOT_DIR: /opt/hostedtoolcache/Python/3.13.16/x64
2026-10-07T20:40:52.0213927Z   Python3_ROOT_DIR: /opt/hostedtoolcache/Python/3.13.16/x64
2026-10-07T20:40:52.0214260Z   LD_LIBRARY_PATH: /opt/hostedtoolcache/Python/3.13.16/x64/lib
2026-10-07T20:40:52.0214543Z ##[endgroup]
2026-10-07T20:40:52.2580396Z Compiled runtime: 486 link normalization/security/history/destination contracts passed.
2026-10-07T20:40:52.2580913Z Compiled runtime: inert inline lexical data, full reopen, real transactions/history and altered-carrier refusal passed.
2026-10-07T20:40:52.2619696Z Compiled runtime: 576 owned-attribute checks plus immutable snapshots/history passed.
2026-10-07T20:40:52.2991280Z Compiled runtime: 140 native emphasis and partial-schema retention checks passed.
2026-10-07T20:40:52.2991792Z Compiled runtime: protected Markdown images/rules/tables, exact source, native/canonical reopen and refusal guards passed.
2026-10-07T20:40:52.3000808Z Compiled runtime: anonymous HTML flow, native/canonical reopening and exact source passed.
2026-10-07T20:40:52.3001479Z Deno 2.9.3: DOM-free server HTML import/export passed.
2026-10-07T20:40:52.3024151Z Deno 2.9.3: inert HTML comment retention, canonical reopen and breakout rejection passed.
2026-10-07T20:40:52.3025100Z Deno 2.9.3: complete HTML page-settings retention and invalid/fragment boundaries passed.
2026-10-07T20:40:52.3043906Z Deno 2.9.3: block-returning Markdown paragraph recovery passed.
2026-10-07T20:40:52.3132252Z Deno 2.9.3: lazy Markdown flow paragraph sources passed.
2026-10-07T20:40:52.3338182Z ##[group]Run pnpm test:package
2026-10-07T20:40:52.3338378Z [36;1mpnpm test:package[0m
2026-10-07T20:40:52.3389431Z shell: /usr/bin/bash -e {0}
2026-10-07T20:40:52.3389575Z env:
2026-10-07T20:40:52.3389721Z   PNPM_HOME: /home/runner/setup-pnpm/node_modules/.bin
2026-10-07T20:40:52.3389947Z   pythonLocation: /opt/hostedtoolcache/Python/3.13.16/x64
2026-10-07T20:40:52.3390190Z   PKG_CONFIG_PATH: /opt/hostedtoolcache/Python/3.13.16/x64/lib/pkgconfig
2026-10-07T20:40:52.3390425Z   Python_ROOT_DIR: /opt/hostedtoolcache/Python/3.13.16/x64
2026-10-07T20:40:52.3390638Z   Python2_ROOT_DIR: /opt/hostedtoolcache/Python/3.13.16/x64
2026-10-07T20:40:52.3390853Z   Python3_ROOT_DIR: /opt/hostedtoolcache/Python/3.13.16/x64
2026-10-07T20:40:52.3391259Z   LD_LIBRARY_PATH: /opt/hostedtoolcache/Python/3.13.16/x64/lib
2026-10-07T20:40:52.3391455Z ##[endgroup]
2026-10-07T20:40:52.5955041Z $ node scripts/smoke-package.mjs
2026-10-07T20:40:53.4277738Z Packed ESM: 486 link normalization/security/history/destination contracts passed.
2026-10-07T20:40:53.4622494Z Packed ESM: 140 native emphasis and partial-schema retention checks passed.
2026-10-07T20:40:53.4675634Z Packed ESM root/core: 576/576 owned-attribute checks plus immutable snapshots/history passed.
2026-10-07T20:40:53.4717278Z Packed ESM root/core: DOM-free direction/history/HTML/loss-report contracts passed.
2026-10-07T20:40:53.6704558Z Packed CommonJS: 486 link normalization/security/history/destination contracts passed.
2026-10-07T20:40:53.7050740Z Packed CommonJS: 140 native emphasis and partial-schema retention checks passed.
2026-10-07T20:40:53.7112876Z Packed CommonJS root/core: 576/576 owned-attribute checks plus immutable snapshots/history passed.
2026-10-07T20:40:53.7148249Z Packed CommonJS root/core: DOM-free direction/history/HTML/loss-report contracts passed.
2026-10-07T20:40:53.8638791Z ESM, CommonJS, headless core, AI document tools, conversations, generated media, DOCX interchange, document utilities, full emoji data, React, comments, tracked changes, versions, details, ruby, text style, extension testing, migrations, stable node IDs, table of contents, text integrity, integrity DOM, React integrity, structured attributes, pure-Node HTML, portable widgets, DOM widgets, React widgets, pages, DOM page measurement, page preview, document schema, Yjs, and Web Component package exports loaded successfully.
2026-10-07T20:40:53.9205070Z ##[group]Run pnpm test:headless
2026-10-07T20:40:53.9205339Z [36;1mpnpm test:headless[0m
2026-10-07T20:40:53.9261419Z shell: /usr/bin/bash -e {0}
2026-10-07T20:40:53.9261573Z env:
2026-10-07T20:40:53.9261724Z   PNPM_HOME: /home/runner/setup-pnpm/node_modules/.bin
2026-10-07T20:40:53.9261940Z   pythonLocation: /opt/hostedtoolcache/Python/3.13.16/x64
2026-10-07T20:40:53.9262180Z   PKG_CONFIG_PATH: /opt/hostedtoolcache/Python/3.13.16/x64/lib/pkgconfig
2026-10-07T20:40:53.9262414Z   Python_ROOT_DIR: /opt/hostedtoolcache/Python/3.13.16/x64
2026-10-07T20:40:53.9262630Z   Python2_ROOT_DIR: /opt/hostedtoolcache/Python/3.13.16/x64
2026-10-07T20:40:53.9263135Z   Python3_ROOT_DIR: /opt/hostedtoolcache/Python/3.13.16/x64
2026-10-07T20:40:53.9263346Z   LD_LIBRARY_PATH: /opt/hostedtoolcache/Python/3.13.16/x64/lib
2026-10-07T20:40:53.9263527Z ##[endgroup]
2026-10-07T20:40:54.1897127Z $ node scripts/check-headless-boundary.mjs && tsc -p tsconfig.headless.json
2026-10-07T20:40:54.2180946Z Headless source boundary verified across 98 modules.
2026-10-07T20:40:54.3569958Z ##[group]Run pnpm test:markdown-conformance
2026-10-07T20:40:54.3570174Z [36;1mpnpm test:markdown-conformance[0m
2026-10-07T20:40:54.3620272Z shell: /usr/bin/bash -e {0}
2026-10-07T20:40:54.3620414Z env:
2026-10-07T20:40:54.3620561Z   PNPM_HOME: /home/runner/setup-pnpm/node_modules/.bin
2026-10-07T20:40:54.3620772Z   pythonLocation: /opt/hostedtoolcache/Python/3.13.16/x64
2026-10-07T20:40:54.3621141Z   PKG_CONFIG_PATH: /opt/hostedtoolcache/Python/3.13.16/x64/lib/pkgconfig
2026-10-07T20:40:54.3621487Z   Python_ROOT_DIR: /opt/hostedtoolcache/Python/3.13.16/x64
2026-10-07T20:40:54.3621723Z   Python2_ROOT_DIR: /opt/hostedtoolcache/Python/3.13.16/x64
2026-10-07T20:40:54.3621926Z   Python3_ROOT_DIR: /opt/hostedtoolcache/Python/3.13.16/x64
2026-10-07T20:40:54.3622133Z   LD_LIBRARY_PATH: /opt/hostedtoolcache/Python/3.13.16/x64/lib
2026-10-07T20:40:54.3622309Z ##[endgroup]
2026-10-07T20:40:54.6217173Z $ node scripts/check-markdown-conformance.mjs
2026-10-07T20:40:55.3401379Z Delimiter neighbors: 6674 generated LF/CRLF reference-semantic, exact-source and complete native canonical contracts passed; not official-corpus matches.
2026-10-07T20:40:55.3542542Z Code labels: 34 LF/CRLF full reference-semantic, exact-source and canonical round-trip contracts passed.
2026-10-07T20:40:55.3958664Z Identity-preserving flow: 48 safe-fallback/source checks; 8 fixtures still declined on this route. Lazy paragraph context distinguishes the legacy collision.
2026-10-07T20:40:55.4093976Z Explicit paragraph-source flow: 8 LF/CRLF exact-code/source contracts; 2 full structural matches. Outer-div mismatches retained; 4 structural fixture kinds still declined.
2026-10-07T20:40:55.4482783Z Explicit structural source flow: 58 LF/CRLF reference-code/source contracts. Paragraphs, headings, code, plain hard breaks and list/quote nesting supported; outer-div mismatches remain. Separate contracts cover protected Markdown images/rules and pipe tables; specialized unsupported blocks still refuse conversion.
2026-10-07T20:40:55.4730557Z Structural source flow: 44 LF/CRLF full reference-structure and exact-source contracts outside pre.
2026-10-07T20:40:55.4738788Z Entity newlines: 12 reference text-character and canonical round-trip contracts passed.
2026-10-07T20:40:55.4818721Z Code origins: 20 LF/CRLF import/source contracts; identical-HTML provenance distinguished; 6 newline corruptions rejected.
2026-10-07T20:40:55.4831841Z Table projection: unit spans/cell wrappers equivalent; 14 structural/content corruptions rejected.
2026-10-07T20:40:55.4932167Z Formatting scopes: 20 reference semantic/source contracts; 10 corruptions rejected.
2026-10-07T20:40:55.4949148Z Inline block HTML: 2 existing literal fallbacks retained, explicitly not counted as conformance.
2026-10-07T20:40:55.5387133Z Paragraph recovery: 76 opt-in reference/source contracts; existing baselines unchanged.
2026-10-07T20:40:55.6436582Z Paragraph recovery: 1304 corpus source-retention checks; not full semantic conformance.
2026-10-07T20:40:55.7845885Z Reference parser reproduced all 652 official HTML outputs exactly.
2026-10-07T20:40:55.7846349Z Inert raw HTML: 72/72 semantic, 72/72 exact token contracts; 144/144 generated boundary/round-trip contracts.
2026-10-07T20:40:55.7846850Z Oracle sensitivity: 8 semantic and 2 literal-whitespace corruptions rejected; reference parser absent from 148 runtime source maps.
2026-10-07T20:40:55.7847516Z URL oracle sensitivity: 4 raw-control/backslash aliases rejected; 3 TAB/LF/CR preprocessing equivalences; 2 reviewed URI equivalents retained.
2026-10-07T20:40:55.8106455Z Literal-address import policy: 566/566 reference semantic contracts passed (default baseline unchanged).
2026-10-07T20:40:55.8122525Z CommonMark 0.31.2: 563/652 examples match Fountain's neutral semantic projection.
2026-10-07T20:40:55.8123390Z Baseline classifications: 563 matching, 72 pending, 17 intentional divergences.
2026-10-07T20:40:55.8700353Z Opt-in HTML flow: 1304 exact-source contracts passed (LF/CRLF); not semantic conformance.
2026-10-07T20:40:55.9203315Z Opt-in HTML block + inline semantics: 579/652 exact neutral-projection matches; remaining differences unresolved, not full conformance.
2026-10-07T20:40:55.9362836Z Optional HTML containers: 26 reference-semantic and 26 exact-source checks; existing schema/profile scores unchanged.
2026-10-07T20:40:56.1021754Z Opt-in source recovery: 580/652 neutral-projection matches on LF and CRLF; 1304 separate exact-source checks. Not full CommonMark conformance.
2026-10-07T20:40:56.2813780Z Whole-document optional-container profile: 601/652; 1304 separate exact-source checks.
2026-10-07T20:40:56.4833327Z Whole-document optional-container+comment profile: 613/652; 1304 separate exact-source checks.
2026-10-07T20:40:56.6676805Z Whole-document optional-container+comment+anonymous-flow profile: 613/652; 1304 separate exact-source checks.
2026-10-07T20:40:56.7089498Z ##[group]Run pnpm test:math-reference
2026-10-07T20:40:56.7089711Z [36;1mpnpm test:math-reference[0m
2026-10-07T20:40:56.7140569Z shell: /usr/bin/bash -e {0}
2026-10-07T20:40:56.7140716Z env:
2026-10-07T20:40:56.7140863Z   PNPM_HOME: /home/runner/setup-pnpm/node_modules/.bin
2026-10-07T20:40:56.7141211Z   pythonLocation: /opt/hostedtoolcache/Python/3.13.16/x64
2026-10-07T20:40:56.7141446Z   PKG_CONFIG_PATH: /opt/hostedtoolcache/Python/3.13.16/x64/lib/pkgconfig
2026-10-07T20:40:56.7141672Z   Python_ROOT_DIR: /opt/hostedtoolcache/Python/3.13.16/x64
2026-10-07T20:40:56.7141880Z   Python2_ROOT_DIR: /opt/hostedtoolcache/Python/3.13.16/x64
2026-10-07T20:40:56.7142086Z   Python3_ROOT_DIR: /opt/hostedtoolcache/Python/3.13.16/x64
2026-10-07T20:40:56.7142304Z   LD_LIBRARY_PATH: /opt/hostedtoolcache/Python/3.13.16/x64/lib
2026-10-07T20:40:56.7142478Z ##[endgroup]
2026-10-07T20:40:56.9803791Z $ node scripts/audit-math-labels.mjs
2026-10-07T20:40:57.1121959Z {
2026-10-07T20:40:57.1122358Z   "renderer": "MathJax 4.1.3",
2026-10-07T20:40:57.1122673Z   "status": "reference-semantics-verified",
2026-10-07T20:40:57.1123356Z   "fountainStatus": "document-context API and bounded host SVG/reader lab implemented; this script checks semantics only, not whole-paper or export parity",
2026-10-07T20:40:57.1123912Z   "equations": [
2026-10-07T20:40:57.1124086Z     {
2026-10-07T20:40:57.1124397Z       "sha256": "d43aafd64986470149793169e6c1f001eae2f66706335d4b5e6864ff4fc465b7",
2026-10-07T20:40:57.1124620Z       "tags": [
2026-10-07T20:40:57.1124731Z         {
2026-10-07T20:40:57.1124863Z           "id": "mjx-eqn:eq:dNFE",
2026-10-07T20:40:57.1125012Z           "text": "(1)",
2026-10-07T20:40:57.1125140Z           "row": 0
2026-10-07T20:40:57.1125256Z         }
2026-10-07T20:40:57.1125361Z       ]
2026-10-07T20:40:57.1125460Z     },
2026-10-07T20:40:57.1125555Z     {
2026-10-07T20:40:57.1125770Z       "sha256": "b8ae1e0dc1cbaf7c15846891804d22fa0581f45f54e14e4da7857061ab57d3ec",
2026-10-07T20:40:57.1125990Z       "tags": [
2026-10-07T20:40:57.1126096Z         {
2026-10-07T20:40:57.1126220Z           "id": "mjx-eqn:eq:dSNFE",
2026-10-07T20:40:57.1126371Z           "text": "(2)",
2026-10-07T20:40:57.1126494Z           "row": 1
2026-10-07T20:40:57.1126600Z         }
2026-10-07T20:40:57.1126700Z       ]
2026-10-07T20:40:57.1126795Z     }
2026-10-07T20:40:57.1126892Z   ],
2026-10-07T20:40:57.1127004Z   "backwardReferences": [
2026-10-07T20:40:57.1127159Z     [
2026-10-07T20:40:57.1127257Z       {
2026-10-07T20:40:57.1127359Z         "text": "(1)",
2026-10-07T20:40:57.1127500Z         "href": "#mjx-eqn%3Aeq%3AdNFE"
2026-10-07T20:40:57.1127637Z       }
2026-10-07T20:40:57.1127735Z     ],
2026-10-07T20:40:57.1127831Z     [
2026-10-07T20:40:57.1128348Z       {
2026-10-07T20:40:57.1128466Z         "text": "(2)",
2026-10-07T20:40:57.1128604Z         "href": "#mjx-eqn%3Aeq%3AdSNFE"
2026-10-07T20:40:57.1128758Z       }
2026-10-07T20:40:57.1128855Z     ]
2026-10-07T20:40:57.1128953Z   ],
2026-10-07T20:40:57.1129097Z   "reorderedForwardReferences": [
2026-10-07T20:40:57.1129233Z     [
2026-10-07T20:40:57.1129331Z       {
2026-10-07T20:40:57.1129446Z         "text": "(2)",
2026-10-07T20:40:57.1129580Z         "href": "#mjx-eqn%3Aeq%3AdNFE"
2026-10-07T20:40:57.1129726Z       }
2026-10-07T20:40:57.1129827Z     ],
2026-10-07T20:40:57.1129921Z     [
2026-10-07T20:40:57.1130037Z       {
2026-10-07T20:40:57.1130153Z         "text": "(1)",
2026-10-07T20:40:57.1130305Z         "href": "#mjx-eqn%3Aeq%3AdSNFE"
2026-10-07T20:40:57.1130456Z       }
2026-10-07T20:40:57.1130550Z     ]
2026-10-07T20:40:57.1130663Z   ],
2026-10-07T20:40:57.1130767Z   "deletedTarget": [
2026-10-07T20:40:57.1130897Z     {
2026-10-07T20:40:57.1131129Z       "text": "(???)",
2026-10-07T20:40:57.1131287Z       "href": "#"
2026-10-07T20:40:57.1131399Z     }
2026-10-07T20:40:57.1131502Z   ],
2026-10-07T20:40:57.1131608Z   "checks": [
2026-10-07T20:40:57.1131740Z     "unchanged source",
2026-10-07T20:40:57.1131903Z     "nonumber defers label to numbered row",
2026-10-07T20:40:57.1132278Z     "backward references",
2026-10-07T20:40:57.1132416Z     "forward references",
2026-10-07T20:40:57.1132563Z     "reorder renumbering",
2026-10-07T20:40:57.1132732Z     "fresh-snapshot repeatability",
2026-10-07T20:40:57.1132914Z     "deleted target remains unresolved",
2026-10-07T20:40:57.1133095Z     "duplicate labels rejected",
2026-10-07T20:40:57.1133240Z     "starred environments",
2026-10-07T20:40:57.1133370Z     "manual tags",
2026-10-07T20:40:57.1133503Z     "unsupported commands rejected"
2026-10-07T20:40:57.1133638Z   ]
2026-10-07T20:40:57.1133736Z }
2026-10-07T20:40:57.1324404Z ##[group]Run pnpm test:docx-interoperability
2026-10-07T20:40:57.1324621Z [36;1mpnpm test:docx-interoperability[0m
2026-10-07T20:40:57.1374980Z shell: /usr/bin/bash -e {0}
2026-10-07T20:40:57.1375130Z env:
2026-10-07T20:40:57.1375272Z   PNPM_HOME: /home/runner/setup-pnpm/node_modules/.bin
2026-10-07T20:40:57.1375483Z   pythonLocation: /opt/hostedtoolcache/Python/3.13.16/x64
2026-10-07T20:40:57.1375716Z   PKG_CONFIG_PATH: /opt/hostedtoolcache/Python/3.13.16/x64/lib/pkgconfig
2026-10-07T20:40:57.1375945Z   Python_ROOT_DIR: /opt/hostedtoolcache/Python/3.13.16/x64
2026-10-07T20:40:57.1376157Z   Python2_ROOT_DIR: /opt/hostedtoolcache/Python/3.13.16/x64
2026-10-07T20:40:57.1376362Z   Python3_ROOT_DIR: /opt/hostedtoolcache/Python/3.13.16/x64
2026-10-07T20:40:57.1376570Z   LD_LIBRARY_PATH: /opt/hostedtoolcache/Python/3.13.16/x64/lib
2026-10-07T20:40:57.1376745Z ##[endgroup]
2026-10-07T20:40:57.3963788Z $ node scripts/check-docx-interoperability.mjs && node scripts/check-docx-table-text.mjs && node scripts/check-docx-quote-appearance.mjs
2026-10-07T20:40:57.5912129Z python-docx opened Fountain media and edited a typed glossary; Fountain retained glossary roles and independent body/cell controls with two explicit behavior-loss warnings (49 additional style/interchange diagnostics retained).
2026-10-07T20:40:57.7098573Z ESM: DOM-free shipped DOCX table text, Word toggle resets, regional paragraph layout and native reopening passed.
2026-10-07T20:40:57.7259817Z CommonJS: DOM-free shipped DOCX table text, Word toggle resets, regional paragraph layout and native reopening passed.
2026-10-07T20:40:57.8826538Z ESM: complete bordered/borderless quote JSON, native Word styles, neutral HTML, core editing/history and Yjs local undo retain source-owned appearance without DOM.
2026-10-07T20:40:58.0029355Z CommonJS: complete bordered/borderless quote JSON, native Word styles, neutral HTML, core editing/history and Yjs local undo retain source-owned appearance without DOM.
2026-10-07T20:40:58.0288825Z ##[group]Run pnpm test:budget
2026-10-07T20:40:58.0289102Z [36;1mpnpm test:budget[0m
2026-10-07T20:40:58.0346088Z shell: /usr/bin/bash -e {0}
2026-10-07T20:40:58.0346537Z env:
2026-10-07T20:40:58.0346752Z   PNPM_HOME: /home/runner/setup-pnpm/node_modules/.bin
2026-10-07T20:40:58.0347087Z   pythonLocation: /opt/hostedtoolcache/Python/3.13.16/x64
2026-10-07T20:40:58.0347456Z   PKG_CONFIG_PATH: /opt/hostedtoolcache/Python/3.13.16/x64/lib/pkgconfig
2026-10-07T20:40:58.0347821Z   Python_ROOT_DIR: /opt/hostedtoolcache/Python/3.13.16/x64
2026-10-07T20:40:58.0348148Z   Python2_ROOT_DIR: /opt/hostedtoolcache/Python/3.13.16/x64
2026-10-07T20:40:58.0348476Z   Python3_ROOT_DIR: /opt/hostedtoolcache/Python/3.13.16/x64
2026-10-07T20:40:58.0348811Z   LD_LIBRARY_PATH: /opt/hostedtoolcache/Python/3.13.16/x64/lib
2026-10-07T20:40:58.0349101Z ##[endgroup]
2026-10-07T20:40:58.3015114Z $ node scripts/check-build-budgets.mjs
2026-10-07T20:40:58.3268970Z dist/index.js: 80.9 KiB / 111 KiB
2026-10-07T20:40:58.3269946Z dist/index.cjs: 68.5 KiB / 93 KiB
2026-10-07T20:40:58.3270198Z dist/core.js: 8.8 KiB / 9 KiB
2026-10-07T20:40:58.3273182Z dist/core.cjs: 8.0 KiB / 8.1 KiB
2026-10-07T20:40:58.3273554Z dist/ai-document-tools.js: 16.4 KiB / 18 KiB
2026-10-07T20:40:58.3273762Z dist/ai-document-tools.cjs: 13.6 KiB / 15 KiB
2026-10-07T20:40:58.3273972Z dist/ai-conversation.js: 15.6 KiB / 17 KiB
2026-10-07T20:40:58.3274161Z dist/ai-conversation.cjs: 13.1 KiB / 14 KiB
2026-10-07T20:40:58.3274353Z dist/ai-generated-media.js: 10.5 KiB / 11 KiB
2026-10-07T20:40:58.3274543Z dist/ai-generated-media.cjs: 8.9 KiB / 10 KiB
2026-10-07T20:40:58.3274719Z dist/docx.js: 183.7 KiB / 184 KiB
2026-10-07T20:40:58.3274877Z dist/docx.cjs: 148.5 KiB / 148.5 KiB
2026-10-07T20:40:58.3275058Z HTML5 entity decoder ESM: 42.6 KiB / 43 KiB
2026-10-07T20:40:58.3275287Z HTML5 entity decoder CommonJS: 40.4 KiB / 41 KiB
2026-10-07T20:40:58.3275613Z dist/document-utilities.js: 23.3 KiB / 36 KiB
2026-10-07T20:40:58.3275921Z dist/document-utilities.cjs: 18.9 KiB / 30 KiB
2026-10-07T20:40:58.3276216Z dist/emoji-data.js: 323.6 KiB / 340 KiB
2026-10-07T20:40:58.3276488Z dist/emoji-data.cjs: 268.1 KiB / 280 KiB
2026-10-07T20:40:58.3276736Z dist/react.js: 89.9 KiB / 90 KiB
2026-10-07T20:40:58.3276904Z dist/react.cjs: 67.6 KiB / 68 KiB
2026-10-07T20:40:58.3277056Z dist/vue.js: 1.7 KiB / 3 KiB
2026-10-07T20:40:58.3277200Z dist/vue.cjs: 1.4 KiB / 3 KiB
2026-10-07T20:40:58.3277351Z dist/svelte.js: 1.1 KiB / 2 KiB
2026-10-07T20:40:58.3277509Z dist/svelte.cjs: 0.9 KiB / 2 KiB
2026-10-07T20:40:58.3277669Z dist/angular/index.js: 4.1 KiB / 5 KiB
2026-10-07T20:40:58.3277831Z dist/yjs.js: 26.8 KiB / 30 KiB
2026-10-07T20:40:58.3277984Z dist/yjs.cjs: 22.4 KiB / 25 KiB
2026-10-07T20:40:58.3278141Z dist/comments.js: 29.1 KiB / 30 KiB
2026-10-07T20:40:58.3278303Z dist/comments.cjs: 23.6 KiB / 25 KiB
2026-10-07T20:40:58.3278475Z dist/react-comments.js: 9.6 KiB / 11 KiB
2026-10-07T20:40:58.3278649Z dist/react-comments.cjs: 6.9 KiB / 8 KiB
2026-10-07T20:40:58.3278829Z dist/tracked-changes.js: 27.9 KiB / 30 KiB
2026-10-07T20:40:58.3279010Z dist/tracked-changes.cjs: 23.1 KiB / 25 KiB
2026-10-07T20:40:58.3279205Z dist/react-tracked-changes.js: 7.5 KiB / 9 KiB
2026-10-07T20:40:58.3279482Z dist/react-tracked-changes.cjs: 5.6 KiB / 7 KiB
2026-10-07T20:40:58.3279713Z dist/versions.js: 28.7 KiB / 35 KiB
2026-10-07T20:40:58.3279877Z dist/versions.cjs: 23.8 KiB / 30 KiB
2026-10-07T20:40:58.3280046Z dist/react-versions.js: 9.8 KiB / 18 KiB
2026-10-07T20:40:58.3280224Z dist/react-versions.cjs: 7.2 KiB / 14 KiB
2026-10-07T20:40:58.3280394Z dist/details.js: 7.5 KiB / 10 KiB
2026-10-07T20:40:58.3280575Z dist/details.cjs: 6.2 KiB / 8 KiB
2026-10-07T20:40:58.3280730Z dist/ruby.js: 10.7 KiB / 12 KiB
2026-10-07T20:40:58.3280886Z dist/ruby.cjs: 9.0 KiB / 10 KiB
2026-10-07T20:40:58.3281188Z dist/text-style.js: 0.9 KiB / 2 KiB
2026-10-07T20:40:58.3281354Z dist/text-style.cjs: 0.9 KiB / 2 KiB
2026-10-07T20:40:58.3281541Z dist/testing.js: 6.3 KiB / 7 KiB
2026-10-07T20:40:58.3282206Z dist/testing.cjs: 5.3 KiB / 6 KiB
2026-10-07T20:40:58.3282367Z dist/migrations.js: 6.9 KiB / 8 KiB
2026-10-07T20:40:58.3282546Z dist/migrations.cjs: 6.0 KiB / 7 KiB
2026-10-07T20:40:58.3282705Z dist/node-ids.js: 8.5 KiB / 9 KiB
2026-10-07T20:40:58.3283029Z dist/node-ids.cjs: 7.0 KiB / 8 KiB
2026-10-07T20:40:58.3283220Z dist/table-of-contents.js: 5.6 KiB / 7 KiB
2026-10-07T20:40:58.3283406Z dist/table-of-contents.cjs: 4.6 KiB / 6 KiB
2026-10-07T20:40:58.3283598Z dist/integrity.js: 11.2 KiB / 13 KiB
2026-10-07T20:40:58.3283781Z dist/integrity.cjs: 9.1 KiB / 11 KiB
2026-10-07T20:40:58.3283965Z dist/integrity-dom.js: 5.0 KiB / 6 KiB
2026-10-07T20:40:58.3284153Z dist/integrity-dom.cjs: 4.3 KiB / 5 KiB
2026-10-07T20:40:58.3284346Z dist/react-integrity.js: 7.9 KiB / 12 KiB
2026-10-07T20:40:58.3284544Z dist/react-integrity.cjs: 6.0 KiB / 10 KiB
2026-10-07T20:40:58.3284748Z dist/structured-attributes.js: 9.8 KiB / 11 KiB
2026-10-07T20:40:58.3284951Z dist/structured-attributes.cjs: 8.2 KiB / 9 KiB
2026-10-07T20:40:58.3285160Z dist/html-server.js: 255.3 KiB / 270 KiB
2026-10-07T20:40:58.3285349Z dist/html-server.cjs: 207.6 KiB / 225 KiB
2026-10-07T20:40:58.3285531Z dist/html-inert.js: 6.0 KiB / 7 KiB
2026-10-07T20:40:58.3285718Z dist/html-inert.cjs: 5.1 KiB / 6 KiB
2026-10-07T20:40:58.3285894Z dist/widgets.js: 8.6 KiB / 9 KiB
2026-10-07T20:40:58.3286051Z dist/widgets.cjs: 7.2 KiB / 8 KiB
2026-10-07T20:40:58.3286234Z dist/widgets-dom.js: 4.6 KiB / 5 KiB
2026-10-07T20:40:58.3286415Z dist/widgets-dom.cjs: 3.9 KiB / 5 KiB
2026-10-07T20:40:58.3286598Z dist/react-widgets.js: 1.5 KiB / 2 KiB
2026-10-07T20:40:58.3286773Z dist/react-widgets.cjs: 1.3 KiB / 2 KiB
2026-10-07T20:40:58.3286961Z dist/pages.js: 11.0 KiB / 23 KiB
2026-10-07T20:40:58.3287118Z dist/pages.cjs: 9.1 KiB / 19 KiB
2026-10-07T20:40:58.3287293Z dist/pages-dom.js: 52.5 KiB / 54 KiB
2026-10-07T20:40:58.3287475Z dist/pages-dom.cjs: 43.8 KiB / 45 KiB
2026-10-07T20:40:58.3287648Z dist/pages-preview.js: 13.2 KiB / 14 KiB
2026-10-07T20:40:58.3287841Z dist/pages-preview.cjs: 11.2 KiB / 12 KiB
2026-10-07T20:40:58.3288031Z dist/styles.css: 86.3 KiB / 86.4 KiB
2026-10-07T20:40:58.3288209Z all ESM runtime code: 1580.7 KiB / 1581 KiB
2026-10-07T20:40:58.3288417Z all CommonJS runtime code: 1315.2 KiB / 1315.5 KiB
2026-10-07T20:40:58.3456360Z ##[group]Run pnpm typecheck
2026-10-07T20:40:58.3456538Z [36;1mpnpm typecheck[0m
2026-10-07T20:40:58.3505317Z shell: /usr/bin/bash -e {0}
2026-10-07T20:40:58.3505459Z env:
2026-10-07T20:40:58.3505601Z   PNPM_HOME: /home/runner/setup-pnpm/node_modules/.bin
2026-10-07T20:40:58.3505811Z   pythonLocation: /opt/hostedtoolcache/Python/3.13.16/x64
2026-10-07T20:40:58.3506043Z   PKG_CONFIG_PATH: /opt/hostedtoolcache/Python/3.13.16/x64/lib/pkgconfig
2026-10-07T20:40:58.3506270Z   Python_ROOT_DIR: /opt/hostedtoolcache/Python/3.13.16/x64
2026-10-07T20:40:58.3506479Z   Python2_ROOT_DIR: /opt/hostedtoolcache/Python/3.13.16/x64
2026-10-07T20:40:58.3506683Z   Python3_ROOT_DIR: /opt/hostedtoolcache/Python/3.13.16/x64
2026-10-07T20:40:58.3506891Z   LD_LIBRARY_PATH: /opt/hostedtoolcache/Python/3.13.16/x64/lib
2026-10-07T20:40:58.3507068Z ##[endgroup]
2026-10-07T20:40:58.6133967Z $ tsc --noEmit && pnpm test:svelte-types && pnpm test:angular-types
2026-10-07T20:41:00.1661387Z $ pnpm --dir tools/svelte-check exec svelte-check --workspace ../.. --tsconfig tsconfig.svelte.json --fail-on-warnings
2026-10-07T20:41:03.6889043Z Loading svelte-check in workspace: /home/runner/work/fountainjs/fountainjs
2026-10-07T20:41:03.6889563Z Getting Svelte diagnostics...
2026-10-07T20:41:03.6889723Z 
2026-10-07T20:41:03.6904717Z [32msvelte-check found 0 errors and 0 warnings
2026-10-07T20:41:03.9911898Z $ pnpm --dir tools/angular-build exec ngc -p ../../tsconfig.angular.json --noEmit && pnpm --dir tools/angular-build exec ngc -p ../../tsconfig.angular-demo.json --noEmit
2026-10-07T20:41:06.5976987Z [39m
2026-10-07T20:41:06.6000758Z ##[group]Run pnpm test
2026-10-07T20:41:06.6000925Z [36;1mpnpm test[0m
2026-10-07T20:41:06.6055279Z shell: /usr/bin/bash -e {0}
2026-10-07T20:41:06.6055434Z env:
2026-10-07T20:41:06.6055590Z   PNPM_HOME: /home/runner/setup-pnpm/node_modules/.bin
2026-10-07T20:41:06.6055818Z   pythonLocation: /opt/hostedtoolcache/Python/3.13.16/x64
2026-10-07T20:41:06.6056069Z   PKG_CONFIG_PATH: /opt/hostedtoolcache/Python/3.13.16/x64/lib/pkgconfig
2026-10-07T20:41:06.6056484Z   Python_ROOT_DIR: /opt/hostedtoolcache/Python/3.13.16/x64
2026-10-07T20:41:06.6056710Z   Python2_ROOT_DIR: /opt/hostedtoolcache/Python/3.13.16/x64
2026-10-07T20:41:06.6056928Z   Python3_ROOT_DIR: /opt/hostedtoolcache/Python/3.13.16/x64
2026-10-07T20:41:06.6057149Z   LD_LIBRARY_PATH: /opt/hostedtoolcache/Python/3.13.16/x64/lib
2026-10-07T20:41:06.6057341Z ##[endgroup]
2026-10-07T20:41:06.8976363Z $ vitest run
2026-10-07T20:41:07.0740791Z 
2026-10-07T20:41:07.0742851Z [1m[30m[46m RUN [49m[39m[22m [36mv5.0.0 [39m[90m/home/runner/work/fountainjs/fountainjs[39m
2026-10-07T20:41:07.0743210Z 
2026-10-07T20:41:08.2607255Z  [32m✓[39m tests/core.test.ts [2m([22m[2m55 tests[22m[2m)[22m[32m 92[2mms[22m[39m
2026-10-07T20:41:08.4935160Z  [32m✓[39m tests/markdown-format.test.ts [2m([22m[2m113 tests[22m[2m)[22m[33m 309[2mms[22m[39m
2026-10-07T20:41:09.3329218Z  [32m✓[39m tests/pages-dom.test.ts [2m([22m[2m19 tests[22m[2m)[22m[33m 517[2mms[22m[39m
2026-10-07T20:41:09.5498222Z  [32m✓[39m tests/view.test.ts [2m([22m[2m45 tests[22m[2m)[22m[33m 560[2mms[22m[39m
2026-10-07T20:41:09.5582935Z  [32m✓[39m tests/pages-dom-preview.test.ts [2m([22m[2m16 tests[22m[2m)[22m[33m 329[2mms[22m[39m
2026-10-07T20:41:09.9256772Z  [32m✓[39m tests/docx.test.ts [2m([22m[2m17 tests[22m[2m)[22m[32m 111[2mms[22m[39m
2026-10-07T20:41:10.1032368Z  [32m✓[39m tests/server-html.test.ts [2m([22m[2m37 tests[22m[2m)[22m[32m 96[2mms[22m[39m
2026-10-07T20:41:10.5232957Z  [32m✓[39m tests/media.test.ts [2m([22m[2m9 tests[22m[2m)[22m[32m 217[2mms[22m[39m
2026-10-07T20:41:10.8700237Z  [32m✓[39m tests/document-utilities.test.ts [2m([22m[2m42 tests[22m[2m)[22m[32m 82[2mms[22m[39m
2026-10-07T20:41:11.7736997Z  [32m✓[39m tests/server-html-parity.test.ts [2m([22m[2m83 tests[22m[2m)[22m[33m 803[2mms[22m[39m
2026-10-07T20:41:11.8582954Z  [32m✓[39m tests/yjs-collaboration.test.ts [2m([22m[2m12 tests[22m[2m)[22m[32m 144[2mms[22m[39m
2026-10-07T20:41:11.9138197Z  [32m✓[39m tests/react-toolbar.test.tsx [2m([22m[2m9 tests[22m[2m)[22m[33m 429[2mms[22m[39m
2026-10-07T20:41:12.2928901Z  [32m✓[39m tests/versions.test.ts [2m([22m[2m10 tests[22m[2m)[22m[32m 55[2mms[22m[39m
2026-10-07T20:41:12.7408552Z  [32m✓[39m tests/math.test.ts [2m([22m[2m14 tests[22m[2m)[22m[32m 250[2mms[22m[39m
2026-10-07T20:41:12.8846275Z  [32m✓[39m tests/external-paste.test.ts [2m([22m[2m13 tests[22m[2m)[22m[32m 295[2mms[22m[39m
2026-10-07T20:41:13.2188584Z  [32m✓[39m tests/text-style.test.ts [2m([22m[2m26 tests[22m[2m)[22m[32m 122[2mms[22m[39m
2026-10-07T20:41:13.5432821Z  [32m✓[39m tests/markdown-html-flow-adapter.test.ts [2m([22m[2m30 tests[22m[2m)[22m[32m 81[2mms[22m[39m
2026-10-07T20:41:13.8028113Z  [32m✓[39m tests/lean.test.ts [2m([22m[2m12 tests[22m[2m)[22m[32m 183[2mms[22m[39m
2026-10-07T20:41:13.8935978Z  [32m✓[39m tests/model-integrity.test.ts [2m([22m[2m36 tests[22m[2m)[22m[32m 116[2mms[22m[39m
2026-10-07T20:41:14.0822765Z  [32m✓[39m tests/table.test.ts [2m([22m[2m12 tests[22m[2m)[22m[33m 609[2mms[22m[39m
2026-10-07T20:41:14.0852203Z    [32m✓[39m production table editing [2m(12)[22m
2026-10-07T20:41:14.0853380Z      [33m[2m✓[22m[39m projects resize geometry once per immutable table, including movement and remote-row widths[33m 387[2mms[22m[39m
2026-10-07T20:41:14.1296986Z  [32m✓[39m tests/docx-table-styles.test.ts [2m([22m[2m14 tests[22m[2m)[22m[32m 86[2mms[22m[39m
2026-10-07T20:41:14.1958036Z  [32m✓[39m tests/pages.test.ts [2m([22m[2m10 tests[22m[2m)[22m[32m 39[2mms[22m[39m
2026-10-07T20:41:14.5786922Z  [32m✓[39m tests/docx-table-conditions.test.ts [2m([22m[2m18 tests[22m[2m)[22m[32m 155[2mms[22m[39m
2026-10-07T20:41:15.0288632Z  [32m✓[39m tests/image.test.ts [2m([22m[2m8 tests[22m[2m)[22m[32m 195[2mms[22m[39m
2026-10-07T20:41:15.0342474Z  [32m✓[39m tests/comments.test.ts [2m([22m[2m7 tests[22m[2m)[22m[32m 152[2mms[22m[39m
2026-10-07T20:41:15.4096229Z  [32m✓[39m tests/list.test.ts [2m([22m[2m14 tests[22m[2m)[22m[32m 68[2mms[22m[39m
2026-10-07T20:41:15.5580325Z  [32m✓[39m tests/docx-math-source.test.ts [2m([22m[2m24 tests[22m[2m)[22m[32m 264[2mms[22m[39m
2026-10-07T20:41:15.5672620Z  [32m✓[39m tests/docx-style-reader.test.ts [2m([22m[2m23 tests[22m[2m)[22m[32m 20[2mms[22m[39m
2026-10-07T20:41:15.8983038Z  [32m✓[39m tests/tracked-changes.test.ts [2m([22m[2m12 tests[22m[2m)[22m[32m 146[2mms[22m[39m
2026-10-07T20:41:15.9602542Z  [32m✓[39m tests/docx-paragraph-fonts.test.ts [2m([22m[2m12 tests[22m[2m)[22m[32m 123[2mms[22m[39m
2026-10-07T20:41:16.1965289Z  [32m✓[39m tests/selection.test.ts [2m([22m[2m10 tests[22m[2m)[22m[32m 27[2mms[22m[39m
2026-10-07T20:41:16.2974136Z  [32m✓[39m tests/html-flow.test.ts [2m([22m[2m20 tests[22m[2m)[22m[32m 119[2mms[22m[39m
2026-10-07T20:41:16.4319703Z  [32m✓[39m tests/collaboration.test.ts [2m([22m[2m9 tests[22m[2m)[22m[32m 120[2mms[22m[39m
2026-10-07T20:41:16.5117966Z  [32m✓[39m tests/docx-table-text.test.ts [2m([22m[2m16 tests[22m[2m)[22m[32m 111[2mms[22m[39m
2026-10-07T20:41:16.8138613Z  [32m✓[39m tests/docx-math.test.ts [2m([22m[2m20 tests[22m[2m)[22m[32m 145[2mms[22m[39m
2026-10-07T20:41:16.8225511Z  [32m✓[39m tests/docx-table-widths.test.ts [2m([22m[2m18 tests[22m[2m)[22m[32m 104[2mms[22m[39m
2026-10-07T20:41:17.0805648Z  [32m✓[39m tests/extensions.test.ts [2m([22m[2m16 tests[22m[2m)[22m[32m 31[2mms[22m[39m
2026-10-07T20:41:17.2312988Z  [32m✓[39m tests/docx-style-cascade.test.ts [2m([22m[2m26 tests[22m[2m)[22m[32m 23[2mms[22m[39m
2026-10-07T20:41:17.2314090Z  [32m✓[39m tests/block-reordering.test.ts [2m([22m[2m8 tests[22m[2m)[22m[32m 210[2mms[22m[39m
2026-10-07T20:41:17.3069781Z  [32m✓[39m tests/markdown-reference-source.test.ts [2m([22m[2m18 tests[22m[2m)[22m[32m 298[2mms[22m[39m
2026-10-07T20:41:17.5864554Z  [32m✓[39m tests/text-direction.test.ts [2m([22m[2m13 tests[22m[2m)[22m[32m 59[2mms[22m[39m
2026-10-07T20:41:18.1629946Z  [32m✓[39m tests/details.test.ts [2m([22m[2m7 tests[22m[2m)[22m[32m 168[2mms[22m[39m
2026-10-07T20:41:18.2410822Z  [32m✓[39m tests/ruby.test.ts [2m([22m[2m7 tests[22m[2m)[22m[32m 161[2mms[22m[39m
2026-10-07T20:41:18.4617531Z  [32m✓[39m tests/markdown-html-inline-adapter.test.ts [2m([22m[2m34 tests[22m[2m)[22m[32m 50[2mms[22m[39m
2026-10-07T20:41:18.6007372Z  [32m✓[39m tests/markdown-document-flow.test.ts [2m([22m[2m21 tests[22m[2m)[22m[32m 65[2mms[22m[39m
2026-10-07T20:41:18.6938596Z  [32m✓[39m tests/quote-appearance.test.ts [2m([22m[2m8 tests[22m[2m)[22m[32m 165[2mms[22m[39m
2026-10-07T20:41:18.9705803Z  [32m✓[39m tests/html-inert-block.test.ts [2m([22m[2m20 tests[22m[2m)[22m[32m 112[2mms[22m[39m
2026-10-07T20:41:19.0386038Z  [32m✓[39m tests/node-ids.test.ts [2m([22m[2m12 tests[22m[2m)[22m[33m 366[2mms[22m[39m
2026-10-07T20:41:19.2760528Z  [32m✓[39m tests/widgets.test.ts [2m([22m[2m7 tests[22m[2m)[22m[32m 15[2mms[22m[39m
2026-10-07T20:41:19.4344382Z  [32m✓[39m tests/page-layout.test.ts [2m([22m[2m11 tests[22m[2m)[22m[32m 11[2mms[22m[39m
2026-10-07T20:41:19.6429298Z  [32m✓[39m tests/selection-view.test.ts [2m([22m[2m9 tests[22m[2m)[22m[32m 211[2mms[22m[39m
2026-10-07T20:41:20.4053278Z  [32m✓[39m tests/link.test.ts [2m([22m[2m9 tests[22m[2m)[22m[32m 253[2mms[22m[39m
2026-10-07T20:41:20.6832918Z  [32m✓[39m tests/html-link-controls.test.ts [2m([22m[2m20 tests[22m[2m)[22m[33m 992[2mms[22m[39m
2026-10-07T20:41:20.7442897Z  [32m✓[39m tests/docx-footnotes.test.ts [2m([22m[2m11 tests[22m[2m)[22m[32m 101[2mms[22m[39m
2026-10-07T20:41:20.8092803Z  [32m✓[39m tests/html-link-origin.test.ts [2m([22m[2m16 tests[22m[2m)[22m[33m 384[2mms[22m[39m
2026-10-07T20:41:21.0848325Z  [32m✓[39m tests/ai.test.ts [2m([22m[2m13 tests[22m[2m)[22m[32m 126[2mms[22m[39m
2026-10-07T20:41:21.3400941Z  [32m✓[39m tests/markdown-html-block-adapter.test.ts [2m([22m[2m28 tests[22m[2m)[22m[32m 52[2mms[22m[39m
2026-10-07T20:41:21.4159239Z  [32m✓[39m tests/ai-generated-media.test.ts [2m([22m[2m7 tests[22m[2m)[22m[32m 30[2mms[22m[39m
2026-10-07T20:41:21.8686014Z  [32m✓[39m tests/docx-character-spacing.test.ts [2m([22m[2m25 tests[22m[2m)[22m[32m 116[2mms[22m[39m
2026-10-07T20:41:22.0573530Z  [32m✓[39m tests/docx-page-settings.test.ts [2m([22m[2m19 tests[22m[2m)[22m[32m 115[2mms[22m[39m
2026-10-07T20:41:22.1983057Z  [32m✓[39m tests/html-format.test.ts [2m([22m[2m9 tests[22m[2m)[22m[32m 114[2mms[22m[39m
2026-10-07T20:41:22.3958887Z  [32m✓[39m tests/docx-table-appearance.test.ts [2m([22m[2m9 tests[22m[2m)[22m[32m 93[2mms[22m[39m
2026-10-07T20:41:22.5496340Z  [32m✓[39m tests/ai-conversation.test.ts [2m([22m[2m10 tests[22m[2m)[22m[32m 118[2mms[22m[39m
2026-10-07T20:41:22.6899763Z  [32m✓[39m tests/markdown-text-block-flow.test.ts [2m([22m[2m29 tests[22m[2m)[22m[32m 91[2mms[22m[39m
2026-10-07T20:41:22.9753376Z  [32m✓[39m tests/markdown-html-flow-sources.test.ts [2m([22m[2m15 tests[22m[2m)[22m[32m 44[2mms[22m[39m
2026-10-07T20:41:23.2731669Z  [32m✓[39m tests/markdown-html-paragraph.test.ts [2m([22m[2m35 tests[22m[2m)[22m[32m 68[2mms[22m[39m
2026-10-07T20:41:23.6606613Z  [32m✓[39m tests/html-inert-raw-text.test.ts [2m([22m[2m24 tests[22m[2m)[22m[32m 125[2mms[22m[39m
2026-10-07T20:41:23.7227737Z  [32m✓[39m tests/virtual-view.test.ts [2m([22m[2m9 tests[22m[2m)[22m[33m 1173[2mms[22m[39m
2026-10-07T20:41:23.7242629Z    [32m✓[39m virtual EditorView [2m(9)[22m
2026-10-07T20:41:23.7292602Z      [33m[2m✓[22m[39m mounts a bounded viewport while retaining the full scroll geometry[33m 750[2mms[22m[39m
2026-10-07T20:41:24.1581151Z  [32m✓[39m tests/docx-definition-lists.test.ts [2m([22m[2m16 tests[22m[2m)[22m[32m 212[2mms[22m[39m
2026-10-07T20:41:24.5400200Z  [32m✓[39m tests/yjs-structured-attributes.test.ts [2m([22m[2m7 tests[22m[2m)[22m[32m 71[2mms[22m[39m
2026-10-07T20:41:24.8568132Z  [32m✓[39m tests/headless-docx-demo.test.tsx [2m([22m[2m9 tests[22m[2m)[22m[33m 649[2mms[22m[39m
2026-10-07T20:41:24.9418696Z  [32m✓[39m tests/explicit-text-alignment.test.ts [2m([22m[2m8 tests[22m[2m)[22m[32m 74[2mms[22m[39m
2026-10-07T20:41:25.1366704Z  [32m✓[39m tests/markdown-html-block-atoms.test.ts [2m([22m[2m15 tests[22m[2m)[22m[32m 66[2mms[22m[39m
2026-10-07T20:41:25.3253914Z  [32m✓[39m tests/markdown-protected-table-flow.test.ts [2m([22m[2m17 tests[22m[2m)[22m[32m 120[2mms[22m[39m
2026-10-07T20:41:25.3933132Z  [32m✓[39m tests/math-document-context.test.ts [2m([22m[2m6 tests[22m[2m)[22m[33m 358[2mms[22m[39m
2026-10-07T20:41:25.4580720Z  [32m✓[39m tests/docx-math-import.test.ts [2m([22m[2m9 tests[22m[2m)[22m[32m 68[2mms[22m[39m
2026-10-07T20:41:25.5963678Z  [32m✓[39m tests/ai-document-tools.test.ts [2m([22m[2m10 tests[22m[2m)[22m[32m 25[2mms[22m[39m
2026-10-07T20:41:25.7166102Z  [32m✓[39m tests/docx-page-templates.test.ts [2m([22m[2m8 tests[22m[2m)[22m[32m 108[2mms[22m[39m
2026-10-07T20:41:25.7684041Z  [32m✓[39m tests/html-inert-inline.test.ts [2m([22m[2m25 tests[22m[2m)[22m[32m 71[2mms[22m[39m
2026-10-07T20:41:26.6574949Z  [32m✓[39m tests/widgets-dom.test.ts [2m([22m[2m4 tests[22m[2m)[22m[32m 160[2mms[22m[39m
2026-10-07T20:41:26.7143876Z  [32m✓[39m tests/html-inert-browser.test.ts [2m([22m[2m8 tests[22m[2m)[22m[33m 333[2mms[22m[39m
2026-10-07T20:41:26.9142950Z  [32m✓[39m tests/markdown-empty-paragraphs.test.ts [2m([22m[2m22 tests[22m[2m)[22m[32m 31[2mms[22m[39m
2026-10-07T20:41:27.0103193Z  [32m✓[39m tests/trailing-editable-block.test.ts [2m([22m[2m8 tests[22m[2m)[22m[32m 35[2mms[22m[39m
2026-10-07T20:41:27.6473200Z  [32m✓[39m tests/mathjax-document-renderer.test.ts [2m([22m[2m12 tests[22m[2m)[22m[33m 1066[2mms[22m[39m
2026-10-07T20:41:27.6493989Z    [32m✓[39m optional host MathJax SVG integration [2m(12)[22m
2026-10-07T20:41:27.6494934Z      [33m[2m✓[22m[39m refreshes real SVG labels/references after moving/deleting equations and restores them on undo[33m 331[2mms[22m[39m
2026-10-07T20:41:28.0012090Z  [32m✓[39m tests/vue-lifecycle.test.ts [2m([22m[2m7 tests[22m[2m)[22m[32m 257[2mms[22m[39m
2026-10-07T20:41:28.0131616Z  [32m✓[39m tests/docx-paragraph-layout.test.ts [2m([22m[2m9 tests[22m[2m)[22m[32m 86[2mms[22m[39m
2026-10-07T20:41:28.0213308Z  [32m✓[39m tests/view-external-focus.test.ts [2m([22m[2m12 tests[22m[2m)[22m[32m 215[2mms[22m[39m
2026-10-07T20:41:28.2812963Z  [32m✓[39m tests/markdown-html.test.ts [2m([22m[2m32 tests[22m[2m)[22m[32m 57[2mms[22m[39m
2026-10-07T20:41:28.3303418Z  [32m✓[39m tests/markdown-preformatted.test.ts [2m([22m[2m38 tests[22m[2m)[22m[32m 86[2mms[22m[39m
2026-10-07T20:41:28.5674168Z  [32m✓[39m tests/text-alignment.test.ts [2m([22m[2m8 tests[22m[2m)[22m[32m 37[2mms[22m[39m
2026-10-07T20:41:28.6234468Z  [32m✓[39m tests/html-source-tokens.test.ts [2m([22m[2m22 tests[22m[2m)[22m[32m 76[2mms[22m[39m
2026-10-07T20:41:28.7892841Z  [32m✓[39m tests/structured-attributes.test.ts [2m([22m[2m4 tests[22m[2m)[22m[32m 15[2mms[22m[39m
2026-10-07T20:41:28.9171463Z  [32m✓[39m tests/docx-theme-fonts.test.ts [2m([22m[2m15 tests[22m[2m)[22m[32m 84[2mms[22m[39m
2026-10-07T20:41:29.0133020Z  [32m✓[39m tests/html-figure-retention.test.ts [2m([22m[2m20 tests[22m[2m)[22m[32m 263[2mms[22m[39m
2026-10-07T20:41:29.2018103Z  [32m✓[39m tests/docx-inherited-styles.test.ts [2m([22m[2m8 tests[22m[2m)[22m[32m 58[2mms[22m[39m
2026-10-07T20:41:29.3082943Z  [32m✓[39m tests/markdown-schema-html.test.ts [2m([22m[2m15 tests[22m[2m)[22m[32m 64[2mms[22m[39m
2026-10-07T20:41:29.3949240Z  [32m✓[39m tests/migrations.test.ts [2m([22m[2m5 tests[22m[2m)[22m[32m 8[2mms[22m[39m
2026-10-07T20:41:29.7885789Z  [32m✓[39m tests/table-appearance.test.ts [2m([22m[2m16 tests[22m[2m)[22m[32m 219[2mms[22m[39m
2026-10-07T20:41:30.2624763Z  [32m✓[39m tests/react-node-view.test.tsx [2m([22m[2m3 tests[22m[2m)[22m[32m 203[2mms[22m[39m
2026-10-07T20:41:30.5493909Z  [32m✓[39m tests/docx-content-controls.test.ts [2m([22m[2m12 tests[22m[2m)[22m[32m 55[2mms[22m[39m
2026-10-07T20:41:30.6766890Z  [32m✓[39m tests/react-toolbar-panels.test.tsx [2m([22m[2m16 tests[22m[2m)[22m[33m 521[2mms[22m[39m
2026-10-07T20:41:30.7086996Z  [32m✓[39m tests/syntax-highlight.test.ts [2m([22m[2m10 tests[22m[2m)[22m[32m 177[2mms[22m[39m
2026-10-07T20:41:30.9943047Z  [32m✓[39m tests/html-container-editing.test.ts [2m([22m[2m16 tests[22m[2m)[22m[32m 43[2mms[22m[39m
2026-10-07T20:41:31.0338607Z  [32m✓[39m tests/server-html-loss-report.test.ts [2m([22m[2m21 tests[22m[2m)[22m[32m 240[2mms[22m[39m
2026-10-07T20:41:31.5282865Z  [32m✓[39m tests/drop-cursor.test.ts [2m([22m[2m4 tests[22m[2m)[22m[32m 104[2mms[22m[39m
2026-10-07T20:41:31.8508084Z  [32m✓[39m tests/inline-link-view.test.ts [2m([22m[2m6 tests[22m[2m)[22m[32m 156[2mms[22m[39m
2026-10-07T20:41:31.8629664Z  [32m✓[39m tests/docx-page-breaks.test.ts [2m([22m[2m11 tests[22m[2m)[22m[32m 97[2mms[22m[39m
2026-10-07T20:41:31.8725024Z  [32m✓[39m tests/explicit-emphasis.test.ts [2m([22m[2m7 tests[22m[2m)[22m[32m 97[2mms[22m[39m
2026-10-07T20:41:32.0809653Z  [32m✓[39m tests/lean-loopback.test.ts [2m([22m[2m4 tests[22m[2m)[22m[32m 44[2mms[22m[39m
2026-10-07T20:41:32.1812482Z  [32m✓[39m tests/docx-preferred-table-width.test.ts [2m([22m[2m18 tests[22m[2m)[22m[32m 94[2mms[22m[39m
2026-10-07T20:41:32.3795112Z  [32m✓[39m tests/integrity.test.ts [2m([22m[2m7 tests[22m[2m)[22m[32m 11[2mms[22m[39m
2026-10-07T20:41:32.6912808Z  [32m✓[39m tests/mcp.test.ts [2m([22m[2m3 tests[22m[2m)[22m[32m 56[2mms[22m[39m
2026-10-07T20:41:32.7685172Z  [32m✓[39m tests/react-document-utilities.test.tsx [2m([22m[2m2 tests[22m[2m)[22m[32m 178[2mms[22m[39m
2026-10-07T20:41:32.9549620Z  [32m✓[39m tests/docx-package-inventory.test.ts [2m([22m[2m7 tests[22m[2m)[22m[32m 28[2mms[22m[39m
2026-10-07T20:41:32.9843120Z  [32m✓[39m tests/pages-html.test.ts [2m([22m[2m4 tests[22m[2m)[22m[32m 142[2mms[22m[39m
2026-10-07T20:41:33.0618942Z  [32m✓[39m tests/markdown-html-tables.test.ts [2m([22m[2m9 tests[22m[2m)[22m[32m 50[2mms[22m[39m
2026-10-07T20:41:33.2538826Z  [32m✓[39m tests/markdown-paragraph-flow.test.ts [2m([22m[2m18 tests[22m[2m)[22m[32m 52[2mms[22m[39m
2026-10-07T20:41:33.3393217Z  [32m✓[39m tests/html-comments.test.ts [2m([22m[2m27 tests[22m[2m)[22m[32m 61[2mms[22m[39m
2026-10-07T20:41:33.7022625Z  [32m✓[39m tests/markdown-tex-tables.test.ts [2m([22m[2m16 tests[22m[2m)[22m[32m 32[2mms[22m[39m
2026-10-07T20:41:34.0113138Z  [32m✓[39m tests/definition-list-editing.test.ts [2m([22m[2m13 tests[22m[2m)[22m[32m 88[2mms[22m[39m
2026-10-07T20:41:34.0403111Z  [32m✓[39m tests/definition-lists.test.ts [2m([22m[2m10 tests[22m[2m)[22m[32m 42[2mms[22m[39m
2026-10-07T20:41:34.3024101Z  [32m✓[39m tests/selection-no-text.test.ts [2m([22m[2m9 tests[22m[2m)[22m[32m 31[2mms[22m[39m
2026-10-07T20:41:34.3428566Z  [32m✓[39m tests/clipboard-history.test.ts [2m([22m[2m3 tests[22m[2m)[22m[32m 173[2mms[22m[39m
2026-10-07T20:41:34.4845970Z  [32m✓[39m tests/server-html-selectors.test.ts [2m([22m[2m3 tests[22m[2m)[22m[32m 216[2mms[22m[39m
2026-10-07T20:41:34.6462884Z  [32m✓[39m tests/markdown-tex.test.ts [2m([22m[2m24 tests[22m[2m)[22m[32m 76[2mms[22m[39m
2026-10-07T20:41:34.6682974Z  [32m✓[39m tests/markdown-flow-tasks.test.ts [2m([22m[2m17 tests[22m[2m)[22m[32m 109[2mms[22m[39m
2026-10-07T20:41:34.9064992Z  [32m✓[39m tests/content-expression.test.ts [2m([22m[2m5 tests[22m[2m)[22m[32m 195[2mms[22m[39m
2026-10-07T20:41:34.9796263Z  [32m✓[39m tests/markdown-flow-inline-nodes.test.ts [2m([22m[2m12 tests[22m[2m)[22m[32m 72[2mms[22m[39m
2026-10-07T20:41:35.1815469Z  [32m✓[39m tests/html-containers.test.ts [2m([22m[2m15 tests[22m[2m)[22m[32m 57[2mms[22m[39m
2026-10-07T20:41:35.8236813Z  [32m✓[39m tests/angular-lifecycle.test.ts [2m([22m[2m3 tests[22m[2m)[22m[32m 191[2mms[22m[39m
2026-10-07T20:41:35.8483087Z  [32m✓[39m tests/code-region-keyboard.test.ts [2m([22m[2m7 tests[22m[2m)[22m[32m 147[2mms[22m[39m
2026-10-07T20:41:36.0646290Z  [32m✓[39m tests/node-view-context.test.ts [2m([22m[2m5 tests[22m[2m)[22m[32m 132[2mms[22m[39m
2026-10-07T20:41:36.3656288Z  [32m✓[39m tests/stream-text-point.test.ts [2m([22m[2m4 tests[22m[2m)[22m[32m 118[2mms[22m[39m
2026-10-07T20:41:36.3732463Z  [32m✓[39m tests/mathjax-docx.test.ts [2m([22m[2m28 tests[22m[2m)[22m[32m 211[2mms[22m[39m
2026-10-07T20:41:36.6542974Z  [32m✓[39m tests/docx-fonts.test.ts [2m([22m[2m15 tests[22m[2m)[22m[32m 78[2mms[22m[39m
2026-10-07T20:41:36.6764207Z  [32m✓[39m tests/docx-table-headers.test.ts [2m([22m[2m11 tests[22m[2m)[22m[32m 91[2mms[22m[39m
2026-10-07T20:41:36.6962738Z  [32m✓[39m tests/paragraph-layout.test.ts [2m([22m[2m4 tests[22m[2m)[22m[32m 88[2mms[22m[39m
2026-10-07T20:41:36.9398807Z  [32m✓[39m tests/release.test.ts [2m([22m[2m10 tests[22m[2m)[22m[32m 140[2mms[22m[39m
2026-10-07T20:41:36.9528687Z  [32m✓[39m tests/markdown-structural-flow.test.ts [2m([22m[2m9 tests[22m[2m)[22m[32m 49[2mms[22m[39m
2026-10-07T20:41:37.2122952Z  [32m✓[39m tests/markdown-emphasis-runs.test.ts [2m([22m[2m18 tests[22m[2m)[22m[32m 56[2mms[22m[39m
2026-10-07T20:41:37.5886594Z  [32m✓[39m tests/web-component-forms.test.ts [2m([22m[2m8 tests[22m[2m)[22m[32m 177[2mms[22m[39m
2026-10-07T20:41:37.7386519Z  [32m✓[39m tests/html-table-caption.test.ts [2m([22m[2m10 tests[22m[2m)[22m[32m 125[2mms[22m[39m
2026-10-07T20:41:37.8753422Z  [32m✓[39m tests/headless-core.test.ts [2m([22m[2m3 tests[22m[2m)[22m[32m 22[2mms[22m[39m
2026-10-07T20:41:37.9818327Z  [32m✓[39m tests/floating-menu.test.ts [2m([22m[2m4 tests[22m[2m)[22m[32m 19[2mms[22m[39m
2026-10-07T20:41:38.0753222Z  [32m✓[39m tests/markdown-html-incomplete-source.test.ts [2m([22m[2m17 tests[22m[2m)[22m[32m 51[2mms[22m[39m
2026-10-07T20:41:38.2252970Z  [32m✓[39m tests/pages-presentation.test.ts [2m([22m[2m3 tests[22m[2m)[22m[32m 9[2mms[22m[39m
2026-10-07T20:41:38.2365754Z  [32m✓[39m tests/conversion-lab.test.ts [2m([22m[2m13 tests[22m[2m)[22m[32m 89[2mms[22m[39m
2026-10-07T20:41:38.3665251Z  [32m✓[39m tests/docx-cell-shading.test.ts [2m([22m[2m9 tests[22m[2m)[22m[32m 63[2mms[22m[39m
2026-10-07T20:41:38.4615140Z  [32m✓[39m tests/table-of-contents.test.ts [2m([22m[2m4 tests[22m[2m)[22m[32m 15[2mms[22m[39m
2026-10-07T20:41:38.6019212Z  [32m✓[39m tests/markdown-text-newlines.test.ts [2m([22m[2m19 tests[22m[2m)[22m[32m 32[2mms[22m[39m
2026-10-07T20:41:38.8473495Z  [32m✓[39m tests/markdown-combination-retention.test.ts [2m([22m[2m41 tests[22m[2m)[22m[32m 120[2mms[22m[39m
2026-10-07T20:41:39.0576100Z  [32m✓[39m tests/react-widgets.test.tsx [2m([22m[2m2 tests[22m[2m)[22m[32m 113[2mms[22m[39m
2026-10-07T20:41:39.0592465Z [90mstderr[2m | tests/react-widgets.test.tsx
2026-10-07T20:41:39.0612184Z [22m[39mAn update to Root inside a test was not wrapped in act(...).
2026-10-07T20:41:39.0620024Z 
2026-10-07T20:41:39.0620480Z When testing, code that causes React state updates should be wrapped into act(...):
2026-10-07T20:41:39.0620967Z 
2026-10-07T20:41:39.0621458Z act(() => {
2026-10-07T20:41:39.0621721Z   /* fire events that update state */
2026-10-07T20:41:39.0626756Z });
2026-10-07T20:41:39.0627532Z /* assert on the output */
2026-10-07T20:41:39.0627798Z 
2026-10-07T20:41:39.0628411Z This ensures that you're testing the behavior the user would see in the browser. Learn more at https://react.dev/link/wrap-tests-with-act
2026-10-07T20:41:39.0628952Z 
2026-10-07T20:41:39.1422962Z  [32m✓[39m tests/markdown-flow-custom-wrappers.test.ts [2m([22m[2m7 tests[22m[2m)[22m[32m 47[2mms[22m[39m
2026-10-07T20:41:39.5165498Z  [32m✓[39m tests/table-row-repetition.test.ts [2m([22m[2m13 tests[22m[2m)[22m[32m 171[2mms[22m[39m
2026-10-07T20:41:39.5298444Z  [32m✓[39m tests/html-page-settings.test.ts [2m([22m[2m18 tests[22m[2m)[22m[32m 48[2mms[22m[39m
2026-10-07T20:41:40.0665915Z  [32m✓[39m tests/table-layout.test.ts [2m([22m[2m7 tests[22m[2m)[22m[32m 206[2mms[22m[39m
2026-10-07T20:41:40.4032989Z  [32m✓[39m tests/svelte-action.test.ts [2m([22m[2m3 tests[22m[2m)[22m[32m 140[2mms[22m[39m
2026-10-07T20:41:40.4647892Z  [32m✓[39m tests/react-versions.test.tsx [2m([22m[2m1 test[22m[2m)[22m[32m 120[2mms[22m[39m
2026-10-07T20:41:40.6344075Z  [32m✓[39m tests/node-size-sharing.test.ts [2m([22m[2m6 tests[22m[2m)[22m[32m 23[2mms[22m[39m
2026-10-07T20:41:40.9855998Z  [32m✓[39m tests/html-block-mark-inheritance.test.ts [2m([22m[2m22 tests[22m[2m)[22m[32m 166[2mms[22m[39m
2026-10-07T20:41:41.2063017Z  [32m✓[39m tests/markdown-autolink-policy.test.ts [2m([22m[2m15 tests[22m[2m)[22m[32m 37[2mms[22m[39m
2026-10-07T20:41:41.3616810Z  [32m✓[39m tests/react-floating-menu.test.tsx [2m([22m[2m1 test[22m[2m)[22m[32m 143[2mms[22m[39m
2026-10-07T20:41:41.5533014Z  [32m✓[39m tests/react-comments.test.tsx [2m([22m[2m1 test[22m[2m)[22m[32m 85[2mms[22m[39m
2026-10-07T20:41:41.7813223Z  [32m✓[39m tests/markdown-tables-gfm.test.ts [2m([22m[2m11 tests[22m[2m)[22m[32m 24[2mms[22m[39m
2026-10-07T20:41:42.1032885Z  [32m✓[39m tests/table-background.test.ts [2m([22m[2m3 tests[22m[2m)[22m[32m 169[2mms[22m[39m
2026-10-07T20:41:42.3372914Z  [32m✓[39m tests/html-flow-browser.test.ts [2m([22m[2m16 tests[22m[2m)[22m[32m 262[2mms[22m[39m
2026-10-07T20:41:42.3773020Z  [32m✓[39m tests/docx-explicit-emphasis.test.ts [2m([22m[2m5 tests[22m[2m)[22m[32m 52[2mms[22m[39m
2026-10-07T20:41:42.7440837Z  [32m✓[39m tests/react-lifecycle.test.tsx [2m([22m[2m2 tests[22m[2m)[22m[32m 183[2mms[22m[39m
2026-10-07T20:41:43.0013174Z  [32m✓[39m tests/markdown-html-lexical.test.ts [2m([22m[2m37 tests[22m[2m)[22m[32m 39[2mms[22m[39m
2026-10-07T20:41:43.2506877Z  [32m✓[39m tests/table-preferred-width.test.ts [2m([22m[2m15 tests[22m[2m)[22m[32m 180[2mms[22m[39m
2026-10-07T20:41:43.2522221Z  [32m✓[39m tests/document-replacement.test.ts [2m([22m[2m5 tests[22m[2m)[22m[32m 13[2mms[22m[39m
2026-10-07T20:41:43.2632244Z  [32m✓[39m tests/text-direction-dom.test.ts [2m([22m[2m3 tests[22m[2m)[22m[32m 153[2mms[22m[39m
2026-10-07T20:41:43.5216001Z  [32m✓[39m tests/html-empty-paragraph.test.ts [2m([22m[2m12 tests[22m[2m)[22m[32m 43[2mms[22m[39m
2026-10-07T20:41:43.5296628Z  [32m✓[39m tests/auto-container-direction.test.ts [2m([22m[2m3 tests[22m[2m)[22m[32m 34[2mms[22m[39m
2026-10-07T20:41:43.7990274Z  [32m✓[39m tests/markdown-flow-code-endings.test.ts [2m([22m[2m16 tests[22m[2m)[22m[32m 65[2mms[22m[39m
2026-10-07T20:41:43.8288438Z  [32m✓[39m tests/virtual-layout.test.ts [2m([22m[2m4 tests[22m[2m)[22m[33m 381[2mms[22m[39m
2026-10-07T20:41:43.8289341Z    [32m✓[39m virtual block layout [2m(4)[22m
2026-10-07T20:41:43.8290365Z      [33m[2m✓[22m[39m plans a small visible window plus distant selection islands[33m 375[2mms[22m[39m
2026-10-07T20:41:44.3282986Z  [32m✓[39m tests/react-ai-conversation.test.tsx [2m([22m[2m1 test[22m[2m)[22m[32m 65[2mms[22m[39m
2026-10-07T20:41:44.6102882Z  [32m✓[39m tests/view-native-selection.test.ts [2m([22m[2m4 tests[22m[2m)[22m[32m 129[2mms[22m[39m
2026-10-07T20:41:44.7718963Z  [32m✓[39m tests/html-comment-workshop.test.tsx [2m([22m[2m1 test[22m[2m)[22m[32m 231[2mms[22m[39m
2026-10-07T20:41:44.8705917Z  [32m✓[39m tests/extension-scaffold.test.ts [2m([22m[2m2 tests[22m[2m)[22m[32m 149[2mms[22m[39m
2026-10-07T20:41:44.9964930Z  [32m✓[39m tests/markdown-literal-export.test.ts [2m([22m[2m15 tests[22m[2m)[22m[32m 24[2mms[22m[39m
2026-10-07T20:41:45.1442614Z  [32m✓[39m tests/widgets-yjs.test.ts [2m([22m[2m1 test[22m[2m)[22m[32m 26[2mms[22m[39m
2026-10-07T20:41:45.1896655Z  [32m✓[39m tests/html-comments-browser.test.ts [2m([22m[2m7 tests[22m[2m)[22m[32m 164[2mms[22m[39m
2026-10-07T20:41:45.3422841Z  [32m✓[39m tests/math-document-files.test.ts [2m([22m[2m9 tests[22m[2m)[22m[32m 10[2mms[22m[39m
2026-10-07T20:41:45.4937723Z  [32m✓[39m tests/node-ids-yjs.test.ts [2m([22m[2m1 test[22m[2m)[22m[32m 32[2mms[22m[39m
2026-10-07T20:41:45.7003818Z  [32m✓[39m tests/math-expression.test.ts [2m([22m[2m16 tests[22m[2m)[22m[32m 7[2mms[22m[39m
2026-10-07T20:41:45.8518833Z  [32m✓[39m tests/react-ai-generated-media.test.tsx [2m([22m[2m1 test[22m[2m)[22m[32m 91[2mms[22m[39m
2026-10-07T20:41:46.0862623Z  [32m✓[39m tests/markdown-code-labels.test.ts [2m([22m[2m20 tests[22m[2m)[22m[32m 35[2mms[22m[39m
2026-10-07T20:41:46.1103585Z [90mstderr[2m | tests/react-tracked-changes.test.tsx[2m > [22m[2mFountainTrackedChanges[2m > [22m[2mshows full review information and drives selection, discussion, and decisions
2026-10-07T20:41:46.1122542Z [22m[39mThe current testing environment is not configured to support act(...)
2026-10-07T20:41:46.1138169Z 
2026-10-07T20:41:46.1563146Z [90mstderr[2m | tests/react-tracked-changes.test.tsx[2m > [22m[2mFountainTrackedChanges[2m > [22m[2mshows full review information and drives selection, discussion, and decisions
2026-10-07T20:41:46.1564401Z [22m[39mThe current testing environment is not configured to support act(...)
2026-10-07T20:41:46.1581650Z 
2026-10-07T20:41:46.1614133Z [90mstderr[2m | tests/react-tracked-changes.test.tsx[2m > [22m[2mFountainTrackedChanges[2m > [22m[2mshows full review information and drives selection, discussion, and decisions
2026-10-07T20:41:46.1615486Z [22m[39mThe current testing environment is not configured to support act(...)
2026-10-07T20:41:46.1615980Z 
2026-10-07T20:41:46.1631837Z [90mstderr[2m | tests/react-tracked-changes.test.tsx[2m > [22m[2mFountainTrackedChanges[2m > [22m[2mshows full review information and drives selection, discussion, and decisions
2026-10-07T20:41:46.1637680Z [22m[39mThe current testing environment is not configured to support act(...)
2026-10-07T20:41:46.1638190Z 
2026-10-07T20:41:46.1710148Z [90mstderr[2m | tests/react-tracked-changes.test.tsx[2m > [22m[2mFountainTrackedChanges[2m > [22m[2mshows full review information and drives selection, discussion, and decisions
2026-10-07T20:41:46.1714033Z [22m[39mThe current testing environment is not configured to support act(...)
2026-10-07T20:41:46.1714750Z The current testing environment is not configured to support act(...)
2026-10-07T20:41:46.1715157Z 
2026-10-07T20:41:46.1716058Z [90mstderr[2m | tests/react-tracked-changes.test.tsx[2m > [22m[2mFountainTrackedChanges[2m > [22m[2mshows full review information and drives selection, discussion, and decisions
2026-10-07T20:41:46.1717116Z [22m[39mThe current testing environment is not configured to support act(...)
2026-10-07T20:41:46.1717521Z 
2026-10-07T20:41:46.1733387Z [90mstderr[2m | tests/react-tracked-changes.test.tsx[2m > [22m[2mFountainTrackedChanges[2m > [22m[2mshows full review information and drives selection, discussion, and decisions
2026-10-07T20:41:46.1734939Z [22m[39mThe current testing environment is not configured to support act(...)
2026-10-07T20:41:46.1735366Z 
2026-10-07T20:41:46.1746879Z  [32m✓[39m tests/react-tracked-changes.test.tsx [2m([22m[2m1 test[22m[2m)[22m[32m 81[2mms[22m[39m
2026-10-07T20:41:46.3362863Z  [32m✓[39m tests/issue-markdown-tables.test.ts [2m([22m[2m8 tests[22m[2m)[22m[32m 34[2mms[22m[39m
2026-10-07T20:41:46.3831752Z  [32m✓[39m tests/text-style-node.test.ts [2m([22m[2m2 tests[22m[2m)[22m[32m 16[2mms[22m[39m
2026-10-07T20:41:46.4483253Z [90mstderr[2m | tests/react-ai-review.test.tsx[2m > [22m[2mFountainAIReview streaming UI[2m > [22m[2mshows partial output and a stop action, then enables review only after completion
2026-10-07T20:41:46.4523780Z [22m[39mAn update to FountainAIReview inside a test was not wrapped in act(...).
2026-10-07T20:41:46.4524318Z 
2026-10-07T20:41:46.4551962Z When testing, code that causes React state updates should be wrapped into act(...):
2026-10-07T20:41:46.4564671Z 
2026-10-07T20:41:46.4570137Z act(() => {
2026-10-07T20:41:46.4570496Z   /* fire events that update state */
2026-10-07T20:41:46.4570814Z });
2026-10-07T20:41:46.4571232Z /* assert on the output */
2026-10-07T20:41:46.4571459Z 
2026-10-07T20:41:46.4572030Z This ensures that you're testing the behavior the user would see in the browser. Learn more at https://react.dev/link/wrap-tests-with-act
2026-10-07T20:41:46.4573946Z An update to FountainAIReview inside a test was not wrapped in act(...).
2026-10-07T20:41:46.4574298Z 
2026-10-07T20:41:46.4574660Z When testing, code that causes React state updates should be wrapped into act(...):
2026-10-07T20:41:46.4575024Z 
2026-10-07T20:41:46.4575178Z act(() => {
2026-10-07T20:41:46.4575463Z   /* fire events that update state */
2026-10-07T20:41:46.4575757Z });
2026-10-07T20:41:46.4576013Z /* assert on the output */
2026-10-07T20:41:46.4576218Z 
2026-10-07T20:41:46.4576983Z This ensures that you're testing the behavior the user would see in the browser. Learn more at https://react.dev/link/wrap-tests-with-act
2026-10-07T20:41:46.4577564Z 
2026-10-07T20:41:46.4737395Z  [32m✓[39m tests/react-ai-review.test.tsx [2m([22m[2m1 test[22m[2m)[22m[32m 50[2mms[22m[39m
2026-10-07T20:41:46.5682981Z  [32m✓[39m tests/text-boundary-mapping.test.ts [2m([22m[2m6 tests[22m[2m)[22m[32m 4[2mms[22m[39m
2026-10-07T20:41:47.1582857Z  [32m✓[39m tests/html-code-language.test.ts [2m([22m[2m13 tests[22m[2m)[22m[32m 50[2mms[22m[39m
2026-10-07T20:41:47.2996024Z  [32m✓[39m tests/html-containers-browser.test.ts [2m([22m[2m6 tests[22m[2m)[22m[32m 71[2mms[22m[39m
2026-10-07T20:41:47.3793607Z  [32m✓[39m tests/html-page-settings-browser.test.ts [2m([22m[2m6 tests[22m[2m)[22m[32m 82[2mms[22m[39m
2026-10-07T20:41:47.4361875Z  [32m✓[39m tests/stable-document-guard.test.ts [2m([22m[2m4 tests[22m[2m)[22m[32m 4[2mms[22m[39m
2026-10-07T20:41:47.6118372Z  [32m✓[39m tests/markdown-url-destinations.test.ts [2m([22m[2m3 tests[22m[2m)[22m[32m 53[2mms[22m[39m
2026-10-07T20:41:47.7509073Z  [32m✓[39m tests/svelte-ssr.test.ts [2m([22m[2m1 test[22m[2m)[22m[32m 32[2mms[22m[39m
2026-10-07T20:41:47.9934766Z  [32m✓[39m tests/emoji-data.test.ts [2m([22m[2m2 tests[22m[2m)[22m[32m 10[2mms[22m[39m
2026-10-07T20:41:48.0193495Z  [32m✓[39m tests/vue-ssr.test.ts [2m([22m[2m1 test[22m[2m)[22m[32m 7[2mms[22m[39m
2026-10-07T20:41:48.1218873Z [90mstdout[2m | tests/angular-ssr.test.ts[2m > [22m[2mkeeps the Angular editor inert during real Angular server rendering
2026-10-07T20:41:48.1219748Z [22m[39mAngular is running in development mode.
2026-10-07T20:41:48.1220025Z 
2026-10-07T20:41:48.1259346Z  [32m✓[39m tests/angular-ssr.test.ts [2m([22m[2m1 test[22m[2m)[22m[32m 37[2mms[22m[39m
2026-10-07T20:41:48.1750839Z  [32m✓[39m examples/extensions/callout-extension.test.ts [2m([22m[2m1 test[22m[2m)[22m[32m 9[2mms[22m[39m
2026-10-07T20:41:48.1797911Z 
2026-10-07T20:41:48.1802688Z [2m Test Files [22m [1m[32m203 passed[39m[22m[90m (203)[39m
2026-10-07T20:41:48.1809833Z [2m      Tests [22m [1m[32m2684 passed[39m[22m[90m (2684)[39m
2026-10-07T20:41:48.1810228Z [2m   Start at [22m 20:41:07
2026-10-07T20:41:48.1814186Z [2m   Duration [22m 41.09s[2m (environment 40%, tests 27%, import 24%, transform 8%, worker 1%)[22m
2026-10-07T20:41:48.1827673Z 
2026-10-07T20:41:48.1828248Z [2m    Isolate [22m [33m203 workers spawned[39m[2m · ~291ms startup each (spawn + environment, per file)[22m
2026-10-07T20:41:48.1829207Z [2m            [22m [2mat least ~19.39s faster with [22m[33misolate: false[39m[2m — reuses workers across files instead of one per file[22m
2026-10-07T20:41:48.1829601Z 
2026-10-07T20:41:48.2556484Z ##[group]Run pnpm dlx publint@0.3.24
2026-10-07T20:41:48.2556676Z [36;1mpnpm dlx publint@0.3.24[0m
2026-10-07T20:41:48.2606658Z shell: /usr/bin/bash -e {0}
2026-10-07T20:41:48.2606796Z env:
2026-10-07T20:41:48.2606933Z   PNPM_HOME: /home/runner/setup-pnpm/node_modules/.bin
2026-10-07T20:41:48.2607141Z   pythonLocation: /opt/hostedtoolcache/Python/3.13.16/x64
2026-10-07T20:41:48.2607369Z   PKG_CONFIG_PATH: /opt/hostedtoolcache/Python/3.13.16/x64/lib/pkgconfig
2026-10-07T20:41:48.2607598Z   Python_ROOT_DIR: /opt/hostedtoolcache/Python/3.13.16/x64
2026-10-07T20:41:48.2607942Z   Python2_ROOT_DIR: /opt/hostedtoolcache/Python/3.13.16/x64
2026-10-07T20:41:48.2608145Z   Python3_ROOT_DIR: /opt/hostedtoolcache/Python/3.13.16/x64
2026-10-07T20:41:48.2608350Z   LD_LIBRARY_PATH: /opt/hostedtoolcache/Python/3.13.16/x64/lib
2026-10-07T20:41:48.2608531Z ##[endgroup]
2026-10-07T20:41:48.6621610Z Progress: resolved 1, reused 0, downloaded 0, added 0
2026-10-07T20:41:48.7326624Z Packages: +7
2026-10-07T20:41:48.7326935Z +++++++
2026-10-07T20:41:48.7904995Z Progress: resolved 7, reused 3, downloaded 4, added 7, done
2026-10-07T20:41:48.8498492Z Running [1mpublint v0.3.24[22m for [1mfountainjs-editor[22m...
2026-10-07T20:41:48.8518257Z Packing files with `pnpm pack`...
2026-10-07T20:41:49.6313992Z Linting...
2026-10-07T20:41:49.6896372Z [1m[32mAll good![39m[22m
2026-10-07T20:41:49.7180373Z ##[group]Run pnpm dlx @arethetypeswrong/cli@0.18.5 --pack . --entrypoints . ./core ./ai/document-tools ./ai/conversation ./ai/generated-media ./docx ./document-utilities ./emoji-data ./react ./vue ./svelte ./yjs ./comments ./react/comments ./tracked-changes ./react/tracked-changes ./versions ./react/versions ./details ./ruby ./text-style ./testing ./migrations ./node-ids ./structured-attributes ./html/server ./widgets ./widgets/dom ./react/widgets ./pages ./pages/dom ./pages/preview
2026-10-07T20:41:49.7182441Z [36;1mpnpm dlx @arethetypeswrong/cli@0.18.5 --pack . --entrypoints . ./core ./ai/document-tools ./ai/conversation ./ai/generated-media ./docx ./document-utilities ./emoji-data ./react ./vue ./svelte ./yjs ./comments ./react/comments ./tracked-changes ./react/tracked-changes ./versions ./react/versions ./details ./ruby ./text-style ./testing ./migrations ./node-ids ./structured-attributes ./html/server ./widgets ./widgets/dom ./react/widgets ./pages ./pages/dom ./pages/preview[0m
2026-10-07T20:41:49.7232621Z shell: /usr/bin/bash -e {0}
2026-10-07T20:41:49.7232755Z env:
2026-10-07T20:41:49.7232893Z   PNPM_HOME: /home/runner/setup-pnpm/node_modules/.bin
2026-10-07T20:41:49.7233100Z   pythonLocation: /opt/hostedtoolcache/Python/3.13.16/x64
2026-10-07T20:41:49.7233331Z   PKG_CONFIG_PATH: /opt/hostedtoolcache/Python/3.13.16/x64/lib/pkgconfig
2026-10-07T20:41:49.7233555Z   Python_ROOT_DIR: /opt/hostedtoolcache/Python/3.13.16/x64
2026-10-07T20:41:49.7233759Z   Python2_ROOT_DIR: /opt/hostedtoolcache/Python/3.13.16/x64
2026-10-07T20:41:49.7233959Z   Python3_ROOT_DIR: /opt/hostedtoolcache/Python/3.13.16/x64
2026-10-07T20:41:49.7234167Z   LD_LIBRARY_PATH: /opt/hostedtoolcache/Python/3.13.16/x64/lib
2026-10-07T20:41:49.7234340Z ##[endgroup]
2026-10-07T20:41:50.1251859Z Progress: resolved 1, reused 0, downloaded 0, added 0
2026-10-07T20:41:50.7726584Z Packages: +56
2026-10-07T20:41:50.7727019Z ++++++++++++++++++++++++++++++++++++++++++++++++++++++++
2026-10-07T20:41:50.8037732Z Progress: resolved 56, reused 5, downloaded 51, added 56, done
2026-10-07T20:41:57.1663795Z 
2026-10-07T20:41:57.1888826Z fountainjs-editor v0.4.0-beta.2
2026-10-07T20:41:57.1889104Z 
2026-10-07T20:41:57.1889190Z Build tools:
2026-10-07T20:41:57.1889419Z - typescript@^7.0.2
2026-10-07T20:41:57.1889599Z - vite@^8.2.2
2026-10-07T20:41:57.1889672Z 
2026-10-07T20:41:57.1890057Z  No problems found 🌟
2026-10-07T20:41:57.1890170Z 
2026-10-07T20:41:57.1890176Z 
2026-10-07T20:41:57.1890587Z ┌───────────────────────────────────────────┬────────┬───────────────────┬───────────────────┬─────────┐
2026-10-07T20:41:57.1891369Z │                                           │ node10 │ node16 (from CJS) │ node16 (from ESM) │ bundler │
2026-10-07T20:41:57.1891971Z ├───────────────────────────────────────────┼────────┼───────────────────┼───────────────────┼─────────┤
2026-10-07T20:41:57.1892551Z │ "fountainjs-editor"                       │ 🟢     │ 🟢 (CJS)          │ 🟢 (ESM)          │ 🟢      │
2026-10-07T20:41:57.1893202Z ├───────────────────────────────────────────┼────────┼───────────────────┼───────────────────┼─────────┤
2026-10-07T20:41:57.1893762Z │ "fountainjs-editor/core"                  │ 🟢     │ 🟢 (CJS)          │ 🟢 (ESM)          │ 🟢      │
2026-10-07T20:41:57.1894710Z ├───────────────────────────────────────────┼────────┼───────────────────┼───────────────────┼─────────┤
2026-10-07T20:41:57.1895370Z │ "fountainjs-editor/ai/document-tools"     │ 🟢     │ 🟢 (CJS)          │ 🟢 (ESM)          │ 🟢      │
2026-10-07T20:41:57.1896035Z ├───────────────────────────────────────────┼────────┼───────────────────┼───────────────────┼─────────┤
2026-10-07T20:41:57.1896613Z │ "fountainjs-editor/ai/conversation"       │ 🟢     │ 🟢 (CJS)          │ 🟢 (ESM)          │ 🟢      │
2026-10-07T20:41:57.1897235Z ├───────────────────────────────────────────┼────────┼───────────────────┼───────────────────┼─────────┤
2026-10-07T20:41:57.1898110Z │ "fountainjs-editor/ai/generated-media"    │ 🟢     │ 🟢 (CJS)          │ 🟢 (ESM)          │ 🟢      │
2026-10-07T20:41:57.1898768Z ├───────────────────────────────────────────┼────────┼───────────────────┼───────────────────┼─────────┤
2026-10-07T20:41:57.1899360Z │ "fountainjs-editor/docx"                  │ 🟢     │ 🟢 (CJS)          │ 🟢 (ESM)          │ 🟢      │
2026-10-07T20:41:57.1900034Z ├───────────────────────────────────────────┼────────┼───────────────────┼───────────────────┼─────────┤
2026-10-07T20:41:57.1900621Z │ "fountainjs-editor/document-utilities"    │ 🟢     │ 🟢 (CJS)          │ 🟢 (ESM)          │ 🟢      │
2026-10-07T20:41:57.1901414Z ├───────────────────────────────────────────┼────────┼───────────────────┼───────────────────┼─────────┤
2026-10-07T20:41:57.1902018Z │ "fountainjs-editor/emoji-data"            │ 🟢     │ 🟢 (CJS)          │ 🟢 (ESM)          │ 🟢      │
2026-10-07T20:41:57.1902671Z ├───────────────────────────────────────────┼────────┼───────────────────┼───────────────────┼─────────┤
2026-10-07T20:41:57.1903268Z │ "fountainjs-editor/react"                 │ 🟢     │ 🟢 (CJS)          │ 🟢 (ESM)          │ 🟢      │
2026-10-07T20:41:57.1903905Z ├───────────────────────────────────────────┼────────┼───────────────────┼───────────────────┼─────────┤
2026-10-07T20:41:57.1904611Z │ "fountainjs-editor/vue"                   │ 🟢     │ 🟢 (CJS)          │ 🟢 (ESM)          │ 🟢      │
2026-10-07T20:41:57.1905234Z ├───────────────────────────────────────────┼────────┼───────────────────┼───────────────────┼─────────┤
2026-10-07T20:41:57.1905811Z │ "fountainjs-editor/svelte"                │ 🟢     │ 🟢 (CJS)          │ 🟢 (ESM)          │ 🟢      │
2026-10-07T20:41:57.1906471Z ├───────────────────────────────────────────┼────────┼───────────────────┼───────────────────┼─────────┤
2026-10-07T20:41:57.1907088Z │ "fountainjs-editor/yjs"                   │ 🟢     │ 🟢 (CJS)          │ 🟢 (ESM)          │ 🟢      │
2026-10-07T20:41:57.1907747Z ├───────────────────────────────────────────┼────────┼───────────────────┼───────────────────┼─────────┤
2026-10-07T20:41:57.1908484Z │ "fountainjs-editor/comments"              │ 🟢     │ 🟢 (CJS)          │ 🟢 (ESM)          │ 🟢      │
2026-10-07T20:41:57.1909140Z ├───────────────────────────────────────────┼────────┼───────────────────┼───────────────────┼─────────┤
2026-10-07T20:41:57.1909770Z │ "fountainjs-editor/react/comments"        │ 🟢     │ 🟢 (CJS)          │ 🟢 (ESM)          │ 🟢      │
2026-10-07T20:41:57.1910433Z ├───────────────────────────────────────────┼────────┼───────────────────┼───────────────────┼─────────┤
2026-10-07T20:41:57.1911162Z │ "fountainjs-editor/tracked-changes"       │ 🟢     │ 🟢 (CJS)          │ 🟢 (ESM)          │ 🟢      │
2026-10-07T20:41:57.1911831Z ├───────────────────────────────────────────┼────────┼───────────────────┼───────────────────┼─────────┤
2026-10-07T20:41:57.1912474Z │ "fountainjs-editor/react/tracked-changes" │ 🟢     │ 🟢 (CJS)          │ 🟢 (ESM)          │ 🟢      │
2026-10-07T20:41:57.1913172Z ├───────────────────────────────────────────┼────────┼───────────────────┼───────────────────┼─────────┤
2026-10-07T20:41:57.1913785Z │ "fountainjs-editor/versions"              │ 🟢     │ 🟢 (CJS)          │ 🟢 (ESM)          │ 🟢      │
2026-10-07T20:41:57.1914436Z ├───────────────────────────────────────────┼────────┼───────────────────┼───────────────────┼─────────┤
2026-10-07T20:41:57.1915175Z │ "fountainjs-editor/react/versions"        │ 🟢     │ 🟢 (CJS)          │ 🟢 (ESM)          │ 🟢      │
2026-10-07T20:41:57.1915858Z ├───────────────────────────────────────────┼────────┼───────────────────┼───────────────────┼─────────┤
2026-10-07T20:41:57.1916475Z │ "fountainjs-editor/details"               │ 🟢     │ 🟢 (CJS)          │ 🟢 (ESM)          │ 🟢      │
2026-10-07T20:41:57.1917123Z ├───────────────────────────────────────────┼────────┼───────────────────┼───────────────────┼─────────┤
2026-10-07T20:41:57.1917721Z │ "fountainjs-editor/ruby"                  │ 🟢     │ 🟢 (CJS)          │ 🟢 (ESM)          │ 🟢      │
2026-10-07T20:41:57.1918489Z ├───────────────────────────────────────────┼────────┼───────────────────┼───────────────────┼─────────┤
2026-10-07T20:41:57.1919100Z │ "fountainjs-editor/text-style"            │ 🟢     │ 🟢 (CJS)          │ 🟢 (ESM)          │ 🟢      │
2026-10-07T20:41:57.1919783Z ├───────────────────────────────────────────┼────────┼───────────────────┼───────────────────┼─────────┤
2026-10-07T20:41:57.1920385Z │ "fountainjs-editor/testing"               │ 🟢     │ 🟢 (CJS)          │ 🟢 (ESM)          │ 🟢      │
2026-10-07T20:41:57.1921148Z ├───────────────────────────────────────────┼────────┼───────────────────┼───────────────────┼─────────┤
2026-10-07T20:41:57.1921771Z │ "fountainjs-editor/migrations"            │ 🟢     │ 🟢 (CJS)          │ 🟢 (ESM)          │ 🟢      │
2026-10-07T20:41:57.1922432Z ├───────────────────────────────────────────┼────────┼───────────────────┼───────────────────┼─────────┤
2026-10-07T20:41:57.1923058Z │ "fountainjs-editor/node-ids"              │ 🟢     │ 🟢 (CJS)          │ 🟢 (ESM)          │ 🟢      │
2026-10-07T20:41:57.1923776Z ├───────────────────────────────────────────┼────────┼───────────────────┼───────────────────┼─────────┤
2026-10-07T20:41:57.1924427Z │ "fountainjs-editor/structured-attributes" │ 🟢     │ 🟢 (CJS)          │ 🟢 (ESM)          │ 🟢      │
2026-10-07T20:41:57.1925299Z ├───────────────────────────────────────────┼────────┼───────────────────┼───────────────────┼─────────┤
2026-10-07T20:41:57.1926003Z │ "fountainjs-editor/html/server"           │ 🟢     │ 🟢 (CJS)          │ 🟢 (ESM)          │ 🟢      │
2026-10-07T20:41:57.1926803Z ├───────────────────────────────────────────┼────────┼───────────────────┼───────────────────┼─────────┤
2026-10-07T20:41:57.1927482Z │ "fountainjs-editor/widgets"               │ 🟢     │ 🟢 (CJS)          │ 🟢 (ESM)          │ 🟢      │
2026-10-07T20:41:57.1928199Z ├───────────────────────────────────────────┼────────┼───────────────────┼───────────────────┼─────────┤
2026-10-07T20:41:57.1929091Z │ "fountainjs-editor/widgets/dom"           │ 🟢     │ 🟢 (CJS)          │ 🟢 (ESM)          │ 🟢      │
2026-10-07T20:41:57.1929808Z ├───────────────────────────────────────────┼────────┼───────────────────┼───────────────────┼─────────┤
2026-10-07T20:41:57.1930449Z │ "fountainjs-editor/react/widgets"         │ 🟢     │ 🟢 (CJS)          │ 🟢 (ESM)          │ 🟢      │
2026-10-07T20:41:57.1931383Z ├───────────────────────────────────────────┼────────┼───────────────────┼───────────────────┼─────────┤
2026-10-07T20:41:57.1932036Z │ "fountainjs-editor/pages"                 │ 🟢     │ 🟢 (CJS)          │ 🟢 (ESM)          │ 🟢      │
2026-10-07T20:41:57.1932733Z ├───────────────────────────────────────────┼────────┼───────────────────┼───────────────────┼─────────┤
2026-10-07T20:41:57.1933401Z │ "fountainjs-editor/pages/dom"             │ 🟢     │ 🟢 (CJS)          │ 🟢 (ESM)          │ 🟢      │
2026-10-07T20:41:57.1934099Z ├───────────────────────────────────────────┼────────┼───────────────────┼───────────────────┼─────────┤
2026-10-07T20:41:57.1934803Z │ "fountainjs-editor/pages/preview"         │ 🟢     │ 🟢 (CJS)          │ 🟢 (ESM)          │ 🟢      │
2026-10-07T20:41:57.1935515Z └───────────────────────────────────────────┴────────┴───────────────────┴───────────────────┴─────────┘
2026-10-07T20:41:57.2800172Z ##[group]Run pnpm dlx @arethetypeswrong/cli@0.18.5 --pack . --entrypoints ./angular --profile esm-only
2026-10-07T20:41:57.2800545Z [36;1mpnpm dlx @arethetypeswrong/cli@0.18.5 --pack . --entrypoints ./angular --profile esm-only[0m
2026-10-07T20:41:57.2850341Z shell: /usr/bin/bash -e {0}
2026-10-07T20:41:57.2850483Z env:
2026-10-07T20:41:57.2850623Z   PNPM_HOME: /home/runner/setup-pnpm/node_modules/.bin
2026-10-07T20:41:57.2850829Z   pythonLocation: /opt/hostedtoolcache/Python/3.13.16/x64
2026-10-07T20:41:57.2851270Z   PKG_CONFIG_PATH: /opt/hostedtoolcache/Python/3.13.16/x64/lib/pkgconfig
2026-10-07T20:41:57.2851504Z   Python_ROOT_DIR: /opt/hostedtoolcache/Python/3.13.16/x64
2026-10-07T20:41:57.2851713Z   Python2_ROOT_DIR: /opt/hostedtoolcache/Python/3.13.16/x64
2026-10-07T20:41:57.2851915Z   Python3_ROOT_DIR: /opt/hostedtoolcache/Python/3.13.16/x64
2026-10-07T20:41:57.2852121Z   LD_LIBRARY_PATH: /opt/hostedtoolcache/Python/3.13.16/x64/lib
2026-10-07T20:41:57.2852320Z ##[endgroup]
2026-10-07T20:41:59.4399346Z 
2026-10-07T20:41:59.4526900Z fountainjs-editor v0.4.0-beta.2
2026-10-07T20:41:59.4527253Z 
2026-10-07T20:41:59.4527571Z Build tools:
2026-10-07T20:41:59.4527777Z - typescript@^7.0.2
2026-10-07T20:41:59.4527981Z - vite@^8.2.2
2026-10-07T20:41:59.4528077Z 
2026-10-07T20:41:59.4528224Z  (ignoring resolutions: 'node10', 'node16-cjs')
2026-10-07T20:41:59.4528414Z 
2026-10-07T20:41:59.4529907Z (ignored per resolution) ⚠️ A require call resolved to an ESM JavaScript file, which is an error in Node and some bundlers. CommonJS consumers will need to use a dynamic import. https://github.com/arethetypeswrong/arethetypeswrong.github.io/blob/main/docs/problems/CJSResolvesToESM.md
2026-10-07T20:41:59.4530809Z 
2026-10-07T20:41:59.4530815Z 
2026-10-07T20:41:59.4531251Z ┌───────────────────┬────────────────────────────────────────┐
2026-10-07T20:41:59.4531661Z │                   │ "fountainjs-editor/angular"            │
2026-10-07T20:41:59.4532122Z ├───────────────────┼────────────────────────────────────────┤
2026-10-07T20:41:59.4532547Z │ node16 (from ESM) │ 🟢 (ESM)                               │
2026-10-07T20:41:59.4532968Z ├───────────────────┼────────────────────────────────────────┤
2026-10-07T20:41:59.4533352Z │ bundler           │ 🟢                                     │
2026-10-07T20:41:59.4533757Z ├───────────────────┼────────────────────────────────────────┤
2026-10-07T20:41:59.4534136Z │ node10            │ (ignored) 🟢                           │
2026-10-07T20:41:59.4534552Z ├───────────────────┼────────────────────────────────────────┤
2026-10-07T20:41:59.4534951Z │ node16 (from CJS) │ (ignored) ⚠️ ESM (dynamic import only) │
2026-10-07T20:41:59.4535380Z └───────────────────┴────────────────────────────────────────┘
2026-10-07T20:41:59.4945484Z ##[group]Run pnpm exec vite build --base /fountainjs/
2026-10-07T20:41:59.4945832Z [36;1mpnpm exec vite build --base /fountainjs/[0m
2026-10-07T20:41:59.4997242Z shell: /usr/bin/bash -e {0}
2026-10-07T20:41:59.4997388Z env:
2026-10-07T20:41:59.4997552Z   PNPM_HOME: /home/runner/setup-pnpm/node_modules/.bin
2026-10-07T20:41:59.4997766Z   pythonLocation: /opt/hostedtoolcache/Python/3.13.16/x64
2026-10-07T20:41:59.4997996Z   PKG_CONFIG_PATH: /opt/hostedtoolcache/Python/3.13.16/x64/lib/pkgconfig
2026-10-07T20:41:59.4998225Z   Python_ROOT_DIR: /opt/hostedtoolcache/Python/3.13.16/x64
2026-10-07T20:41:59.4998433Z   Python2_ROOT_DIR: /opt/hostedtoolcache/Python/3.13.16/x64
2026-10-07T20:41:59.4998639Z   Python3_ROOT_DIR: /opt/hostedtoolcache/Python/3.13.16/x64
2026-10-07T20:41:59.4998846Z   LD_LIBRARY_PATH: /opt/hostedtoolcache/Python/3.13.16/x64/lib
2026-10-07T20:41:59.4999019Z ##[endgroup]
2026-10-07T20:42:00.3237139Z [36mvite v8.2.2 [32mbuilding client environment for production...[36m[39m
2026-10-07T20:42:00.3304693Z transforming...
2026-10-07T20:42:00.9611226Z ✓ 769 modules transformed.
2026-10-07T20:42:01.0626733Z rendering chunks...
2026-10-07T20:42:01.2012259Z computing gzip size...
2026-10-07T20:42:01.2234555Z examples/react-app/dist/workflows.html                                       0.75 kB │ gzip:   0.42 kB
2026-10-07T20:42:01.2235416Z examples/react-app/dist/developers.html                                      0.80 kB │ gzip:   0.42 kB
2026-10-07T20:42:01.2235813Z examples/react-app/dist/demos.html                                           0.98 kB │ gzip:   0.46 kB
2026-10-07T20:42:01.2236206Z examples/react-app/dist/task-workflow.html                                   1.01 kB │ gzip:   0.46 kB
2026-10-07T20:42:01.2236606Z examples/react-app/dist/issue-editor.html                                    1.14 kB │ gzip:   0.47 kB
2026-10-07T20:42:01.2237002Z examples/react-app/dist/math-renderer.html                                   1.21 kB │ gzip:   0.48 kB
2026-10-07T20:42:01.2237398Z examples/react-app/dist/index.html                                           1.27 kB │ gzip:   0.51 kB
2026-10-07T20:42:01.2237787Z examples/react-app/dist/math-references.html                                 1.36 kB │ gzip:   0.53 kB
2026-10-07T20:42:01.2238194Z examples/react-app/dist/demos/vue-runbook.html                               1.57 kB │ gzip:   0.51 kB
2026-10-07T20:42:01.2238606Z examples/react-app/dist/demos/svelte-report.html                             1.57 kB │ gzip:   0.51 kB
2026-10-07T20:42:01.2239043Z examples/react-app/dist/demos/angular-media.html                             1.57 kB │ gzip:   0.51 kB
2026-10-07T20:42:01.2239454Z examples/react-app/dist/demos/react-article.html                             1.58 kB │ gzip:   0.51 kB
2026-10-07T20:42:01.2239880Z examples/react-app/dist/demos/python-content-api.html                        1.58 kB │ gzip:   0.51 kB
2026-10-07T20:42:01.2240309Z examples/react-app/dist/demos/go-docs-service.html                           1.59 kB │ gzip:   0.51 kB
2026-10-07T20:42:01.2240724Z examples/react-app/dist/demos/node-markdown.html                             1.59 kB │ gzip:   0.51 kB
2026-10-07T20:42:01.2241308Z examples/react-app/dist/demos/web-component-cms.html                         1.59 kB │ gzip:   0.51 kB
2026-10-07T20:42:01.2241912Z examples/react-app/dist/demos/plain-dom-notes.html                           1.59 kB │ gzip:   0.51 kB
2026-10-07T20:42:01.2242341Z examples/react-app/dist/demos/java-approval-workflow.html                    1.59 kB │ gzip:   0.51 kB
2026-10-07T20:42:01.2242760Z examples/react-app/dist/conversion-lab.html                                  1.96 kB │ gzip:   0.73 kB
2026-10-07T20:42:01.2243117Z examples/react-app/dist/assets/KaTeX_Size3-Regular-CTq5MqoE.woff             4.42 kB
2026-10-07T20:42:01.2243470Z examples/react-app/dist/assets/KaTeX_Size4-Regular-Dl5lxZxV.woff2            4.92 kB
2026-10-07T20:42:01.2243809Z examples/react-app/dist/assets/KaTeX_Size2-Regular-Dy4dx90m.woff2            5.20 kB
2026-10-07T20:42:01.2244292Z examples/react-app/dist/assets/KaTeX_Size1-Regular-mCD8mA8B.woff2            5.46 kB
2026-10-07T20:42:01.2244628Z examples/react-app/dist/assets/KaTeX_Size4-Regular-BF-4gkZK.woff             5.98 kB
2026-10-07T20:42:01.2244958Z examples/react-app/dist/assets/KaTeX_Size2-Regular-oD1tc_U0.woff             6.18 kB
2026-10-07T20:42:01.2245315Z examples/react-app/dist/assets/KaTeX_Size1-Regular-C195tn64.woff             6.49 kB
2026-10-07T20:42:01.2245654Z examples/react-app/dist/assets/KaTeX_Caligraphic-Regular-Di6jR-x-.woff2      6.90 kB
2026-10-07T20:42:01.2245993Z examples/react-app/dist/assets/KaTeX_Caligraphic-Bold-Dq_IR9rO.woff2         6.91 kB
2026-10-07T20:42:01.2246328Z examples/react-app/dist/assets/KaTeX_Size3-Regular-DgpXs0kz.ttf              7.58 kB
2026-10-07T20:42:01.2246663Z examples/react-app/dist/assets/KaTeX_Caligraphic-Regular-CTRA-rTL.woff       7.65 kB
2026-10-07T20:42:01.2247002Z examples/react-app/dist/assets/KaTeX_Caligraphic-Bold-BEiXGLvX.woff          7.71 kB
2026-10-07T20:42:01.2247352Z examples/react-app/dist/assets/KaTeX_Script-Regular-D3wIWfF6.woff2           9.64 kB
2026-10-07T20:42:01.2247689Z examples/react-app/dist/assets/KaTeX_SansSerif-Regular-DDBCnlJ7.woff2       10.34 kB
2026-10-07T20:42:01.2248021Z examples/react-app/dist/assets/KaTeX_Size4-Regular-DWFBv043.ttf             10.36 kB
2026-10-07T20:42:01.2248678Z examples/react-app/dist/assets/KaTeX_Script-Regular-D5yQViql.woff           10.58 kB
2026-10-07T20:42:01.2249221Z examples/react-app/dist/assets/KaTeX_Fraktur-Regular-CTYiF6lA.woff2         11.31 kB
2026-10-07T20:42:01.2258709Z examples/react-app/dist/assets/KaTeX_Fraktur-Bold-CL6g_b3V.woff2            11.34 kB
2026-10-07T20:42:01.2259257Z examples/react-app/dist/assets/KaTeX_Size2-Regular-B7gKUWhC.ttf             11.50 kB
2026-10-07T20:42:01.2259778Z examples/react-app/dist/assets/KaTeX_SansSerif-Italic-C3H0VqGB.woff2        12.02 kB
2026-10-07T20:42:01.2260288Z examples/react-app/dist/assets/KaTeX_SansSerif-Bold-D1sUS0GD.woff2          12.21 kB
2026-10-07T20:42:01.2260809Z examples/react-app/dist/assets/KaTeX_Size1-Regular-Dbsnue_I.ttf             12.22 kB
2026-10-07T20:42:01.2261521Z examples/react-app/dist/assets/KaTeX_SansSerif-Regular-CS6fqUqJ.woff        12.31 kB
2026-10-07T20:42:01.2262046Z examples/react-app/dist/assets/KaTeX_Caligraphic-Regular-wX97UBjC.ttf       12.34 kB
2026-10-07T20:42:01.2262571Z examples/react-app/dist/assets/KaTeX_Caligraphic-Bold-ATXxdsX0.ttf          12.36 kB
2026-10-07T20:42:01.2263089Z examples/react-app/dist/assets/KaTeX_Fraktur-Regular-Dxdc4cR9.woff          13.20 kB
2026-10-07T20:42:01.2263605Z examples/react-app/dist/assets/KaTeX_Fraktur-Bold-BsDP51OF.woff             13.29 kB
2026-10-07T20:42:01.2264102Z examples/react-app/dist/assets/KaTeX_Typewriter-Regular-CO6r4hn1.woff2      13.56 kB
2026-10-07T20:42:01.2264601Z examples/react-app/dist/assets/KaTeX_SansSerif-Italic-DN2j7dab.woff         14.11 kB
2026-10-07T20:42:01.2265093Z examples/react-app/dist/assets/KaTeX_SansSerif-Bold-DbIhKOiC.woff           14.40 kB
2026-10-07T20:42:01.2265589Z examples/react-app/dist/assets/KaTeX_Typewriter-Regular-C0xS9mPB.woff       16.02 kB
2026-10-07T20:42:01.2266083Z examples/react-app/dist/assets/KaTeX_Math-BoldItalic-CZnvNsCZ.woff2         16.40 kB
2026-10-07T20:42:01.2266568Z examples/react-app/dist/assets/KaTeX_Math-Italic-t53AETM-.woff2             16.44 kB
2026-10-07T20:42:01.2267053Z examples/react-app/dist/assets/KaTeX_Script-Regular-C5JkGWo-.ttf            16.64 kB
2026-10-07T20:42:01.2267545Z examples/react-app/dist/assets/KaTeX_Main-BoldItalic-DxDJ3AOS.woff2         16.78 kB
2026-10-07T20:42:01.2268026Z examples/react-app/dist/assets/KaTeX_Main-Italic-NWA7e6Wa.woff2             16.98 kB
2026-10-07T20:42:01.2268517Z examples/react-app/dist/assets/KaTeX_Math-BoldItalic-iY-2wyZ7.woff          18.66 kB
2026-10-07T20:42:01.2269002Z examples/react-app/dist/assets/KaTeX_Math-Italic-DA0__PXp.woff              18.74 kB
2026-10-07T20:42:01.2269489Z examples/react-app/dist/assets/KaTeX_Main-BoldItalic-SpSLRI95.woff          19.41 kB
2026-10-07T20:42:01.2270172Z examples/react-app/dist/assets/KaTeX_SansSerif-Regular-BNo7hRIc.ttf         19.43 kB
2026-10-07T20:42:01.2270663Z examples/react-app/dist/assets/KaTeX_Fraktur-Regular-CB_wures.ttf           19.57 kB
2026-10-07T20:42:01.2271264Z examples/react-app/dist/assets/KaTeX_Fraktur-Bold-BdnERNNW.ttf              19.58 kB
2026-10-07T20:42:01.2271757Z examples/react-app/dist/assets/KaTeX_Main-Italic-BMLOBm91.woff              19.67 kB
2026-10-07T20:42:01.2272247Z examples/react-app/dist/assets/KaTeX_SansSerif-Italic-YYjJ1zSn.ttf          22.36 kB
2026-10-07T20:42:01.2272739Z examples/react-app/dist/assets/KaTeX_SansSerif-Bold-CFMepnvq.ttf            24.50 kB
2026-10-07T20:42:01.2273238Z examples/react-app/dist/assets/KaTeX_Main-Bold-Cx986IdX.woff2               25.32 kB
2026-10-07T20:42:01.2273790Z examples/react-app/dist/assets/KaTeX_Main-Regular-B22Nviop.woff2            26.27 kB
2026-10-07T20:42:01.2274345Z examples/react-app/dist/assets/KaTeX_Typewriter-Regular-D3Ib7_Hf.ttf        27.55 kB
2026-10-07T20:42:01.2274887Z examples/react-app/dist/assets/KaTeX_AMS-Regular-BQhdFMY1.woff2             28.07 kB
2026-10-07T20:42:01.2275423Z examples/react-app/dist/assets/KaTeX_Main-Bold-Jm3AIy58.woff                29.91 kB
2026-10-07T20:42:01.2275947Z examples/react-app/dist/assets/KaTeX_Main-Regular-Dr94JaBh.woff             30.77 kB
2026-10-07T20:42:01.2276576Z examples/react-app/dist/assets/KaTeX_Math-BoldItalic-B3XSjfu4.ttf           31.19 kB
2026-10-07T20:42:01.2277059Z examples/react-app/dist/assets/KaTeX_Math-Italic-flOr_0UB.ttf               31.30 kB
2026-10-07T20:42:01.2277550Z examples/react-app/dist/assets/KaTeX_Main-BoldItalic-DzxPMmG6.ttf           32.96 kB
2026-10-07T20:42:01.2278045Z examples/react-app/dist/assets/KaTeX_AMS-Regular-DMm9YOAa.woff              33.51 kB
2026-10-07T20:42:01.2278526Z examples/react-app/dist/assets/KaTeX_Main-Italic-3WenGoN9.ttf               33.58 kB
2026-10-07T20:42:01.2279010Z examples/react-app/dist/assets/KaTeX_Main-Bold-waoOVXN0.ttf                 51.33 kB
2026-10-07T20:42:01.2279497Z examples/react-app/dist/assets/KaTeX_Main-Regular-ypZvNtVU.ttf              53.58 kB
2026-10-07T20:42:01.2279982Z examples/react-app/dist/assets/KaTeX_AMS-Regular-DRggAlZN.ttf               63.63 kB
2026-10-07T20:42:01.2280702Z examples/react-app/dist/assets/mathReferences-DZkUsBC7.css                   1.44 kB │ gzip:   0.49 kB
2026-10-07T20:42:01.2281485Z examples/react-app/dist/assets/math-renderer-Bzeyzs68.css                    1.92 kB │ gzip:   0.78 kB
2026-10-07T20:42:01.2282129Z examples/react-app/dist/assets/issueEditor-BvOhe8Ue.css                      2.93 kB │ gzip:   1.07 kB
2026-10-07T20:42:01.2282767Z examples/react-app/dist/assets/demo-main-C6B5dMq3.css                        3.51 kB │ gzip:   1.14 kB
2026-10-07T20:42:01.2283396Z examples/react-app/dist/assets/conversionLab-D1_ybtx_.css                    4.49 kB │ gzip:   1.42 kB
2026-10-07T20:42:01.2284021Z examples/react-app/dist/assets/workflows-CUVZY_k3.css                        5.28 kB │ gzip:   1.55 kB
2026-10-07T20:42:01.2284662Z examples/react-app/dist/assets/developers-oZ5wSwzo.css                       7.85 kB │ gzip:   2.20 kB
2026-10-07T20:42:01.2285288Z examples/react-app/dist/assets/demos-8OEply4J.css                           20.89 kB │ gzip:   4.69 kB
2026-10-07T20:42:01.2285905Z examples/react-app/dist/assets/src-B23quapa.css                             28.26 kB │ gzip:   6.30 kB
2026-10-07T20:42:01.2286539Z examples/react-app/dist/assets/katex-QAR1SwR3.css                           30.38 kB │ gzip:   7.96 kB
2026-10-07T20:42:01.2287186Z examples/react-app/dist/assets/styles-BAjglHY7.css                          79.85 kB │ gzip:  12.18 kB
2026-10-07T20:42:01.2287900Z examples/react-app/dist/assets/math-renderer-D9snoi-1.js                     0.95 kB │ gzip:   0.36 kB
2026-10-07T20:42:01.2288478Z examples/react-app/dist/assets/inline-atom-BLfPalX5-Da2L-BXw.js              1.31 kB │ gzip:   0.61 kB
2026-10-07T20:42:01.2289015Z examples/react-app/dist/assets/workflows-B0fiELdy.js                         4.50 kB │ gzip:   1.58 kB
2026-10-07T20:42:01.2289444Z examples/react-app/dist/assets/node-ids-nn_aeKmz.js                          6.12 kB │ gzip:   2.43 kB
2026-10-07T20:42:01.2289868Z examples/react-app/dist/assets/mathRenderer-CMnzqFmN.js                      6.51 kB │ gzip:   2.77 kB
2026-10-07T20:42:01.2290299Z examples/react-app/dist/assets/demos-CuWppJEq.js                             6.93 kB │ gzip:   2.51 kB
2026-10-07T20:42:01.2290726Z examples/react-app/dist/assets/taskWorkflow-CUOZt_Vc.js                      7.47 kB │ gzip:   2.99 kB
2026-10-07T20:42:01.2291421Z examples/react-app/dist/assets/issueEditor-CnVeSuPD.js                      11.05 kB │ gzip:   4.38 kB
2026-10-07T20:42:01.2291856Z examples/react-app/dist/assets/demos-Bs5m_CXW.js                            20.73 kB │ gzip:   7.89 kB
2026-10-07T20:42:01.2292287Z examples/react-app/dist/assets/svelte-report-93b3i73e.js                    46.00 kB │ gzip:  18.17 kB
2026-10-07T20:42:01.2292716Z examples/react-app/dist/assets/dist-CZh3U3Xn.js                             46.27 kB │ gzip:  13.87 kB
2026-10-07T20:42:01.2293140Z examples/react-app/dist/assets/vue-runbook-CU8NC6Hy.js                      59.35 kB │ gzip:  23.62 kB
2026-10-07T20:42:01.2293581Z examples/react-app/dist/assets/conversionLab-BL9ViGPW.js                    59.88 kB │ gzip:  19.70 kB
2026-10-07T20:42:01.2294137Z examples/react-app/dist/assets/demo-main-1J5n-u9v.js                        91.15 kB │ gzip:  28.14 kB
2026-10-07T20:42:01.2294557Z examples/react-app/dist/assets/react-DudnCSnE.js                            91.55 kB │ gzip:  25.97 kB
2026-10-07T20:42:01.2294983Z examples/react-app/dist/assets/developers--j-vqihE.js                      105.23 kB │ gzip:  29.79 kB
2026-10-07T20:42:01.2295404Z examples/react-app/dist/assets/docx-rbHMjEI0.js                            151.89 kB │ gzip:  48.43 kB
2026-10-07T20:42:01.2295829Z examples/react-app/dist/assets/SitePageLink-F6rtmo3i.js                    191.26 kB │ gzip:  60.33 kB
2026-10-07T20:42:01.2296264Z examples/react-app/dist/assets/html-server-D3BP2Duw.js                     212.40 kB │ gzip:  54.09 kB
2026-10-07T20:42:01.2296703Z examples/react-app/dist/assets/AmsConfiguration-Dn5Nr7G7.js                243.82 kB │ gzip:  75.28 kB
2026-10-07T20:42:01.2297137Z examples/react-app/dist/assets/katex.min-C7iIJkK6.js                       258.39 kB │ gzip:  77.55 kB
2026-10-07T20:42:01.2297557Z examples/react-app/dist/assets/main-e3EgAFwC.js                            346.19 kB │ gzip:  98.66 kB
2026-10-07T20:42:01.2297969Z examples/react-app/dist/assets/styles-CXRx-s2a.js                          417.05 kB │ gzip: 133.23 kB
2026-10-07T20:42:01.2298393Z examples/react-app/dist/assets/campaign-J4j7RKTP.js                        471.28 kB │ gzip: 153.44 kB
2026-10-07T20:42:01.2298826Z examples/react-app/dist/assets/mathReferences-BC2RuMMn.js                1,613.86 kB │ gzip: 627.29 kB
2026-10-07T20:42:01.2299030Z 
2026-10-07T20:42:01.2299193Z [33m[plugin builtin:vite-reporter] 
2026-10-07T20:42:01.2299444Z (!) Some chunks are larger than 500 kB after minification. Consider:
2026-10-07T20:42:01.2299708Z - Using dynamic import() to code-split the application
2026-10-07T20:42:01.2300130Z - Use build.rolldownOptions.output.codeSplitting to improve chunking: https://rolldown.rs/reference/OutputOptions.codeSplitting
2026-10-07T20:42:01.2300598Z - Adjust chunk size limit for this warning via build.chunkSizeWarningLimit.[39m
2026-10-07T20:42:01.2300868Z [32m✓ built in 900ms[39m
2026-10-07T20:42:01.3307370Z ##[group]Run pnpm pack --dry-run
2026-10-07T20:42:01.3307646Z [36;1mpnpm pack --dry-run[0m
2026-10-07T20:42:01.3374096Z shell: /usr/bin/bash -e {0}
2026-10-07T20:42:01.3374317Z env:
2026-10-07T20:42:01.3374539Z   PNPM_HOME: /home/runner/setup-pnpm/node_modules/.bin
2026-10-07T20:42:01.3374874Z   pythonLocation: /opt/hostedtoolcache/Python/3.13.16/x64
2026-10-07T20:42:01.3375249Z   PKG_CONFIG_PATH: /opt/hostedtoolcache/Python/3.13.16/x64/lib/pkgconfig
2026-10-07T20:42:01.3375620Z   Python_ROOT_DIR: /opt/hostedtoolcache/Python/3.13.16/x64
2026-10-07T20:42:01.3375951Z   Python2_ROOT_DIR: /opt/hostedtoolcache/Python/3.13.16/x64
2026-10-07T20:42:01.3376311Z   Python3_ROOT_DIR: /opt/hostedtoolcache/Python/3.13.16/x64
2026-10-07T20:42:01.3376646Z   LD_LIBRARY_PATH: /opt/hostedtoolcache/Python/3.13.16/x64/lib
2026-10-07T20:42:01.3376943Z ##[endgroup]
2026-10-07T20:42:01.7636019Z package: fountainjs-editor@0.4.0-beta.2
2026-10-07T20:42:01.7636484Z Tarball Contents
2026-10-07T20:42:01.7636748Z api-surface.json
2026-10-07T20:42:01.7636925Z CHANGELOG.md
2026-10-07T20:42:01.7637120Z dist/ai-conversation.cjs
2026-10-07T20:42:01.7637357Z dist/ai-conversation.cjs.map
2026-10-07T20:42:01.7637580Z dist/ai-conversation.js
2026-10-07T20:42:01.7637788Z dist/ai-conversation.js.map
2026-10-07T20:42:01.7638005Z dist/ai-document-tools.cjs
2026-10-07T20:42:01.7638240Z dist/ai-document-tools.cjs.map
2026-10-07T20:42:01.7638507Z dist/ai-document-tools.js
2026-10-07T20:42:01.7638717Z dist/ai-document-tools.js.map
2026-10-07T20:42:01.7638943Z dist/ai-generated-media.cjs
2026-10-07T20:42:01.7639182Z dist/ai-generated-media.cjs.map
2026-10-07T20:42:01.7639404Z dist/ai-generated-media.js
2026-10-07T20:42:01.7639634Z dist/ai-generated-media.js.map
2026-10-07T20:42:01.7639846Z dist/ai/controller.d.cts
2026-10-07T20:42:01.7640411Z dist/ai/controller.d.ts
2026-10-07T20:42:01.7640622Z dist/ai/conversation.d.cts
2026-10-07T20:42:01.7640833Z dist/ai/conversation.d.ts
2026-10-07T20:42:01.7641214Z dist/ai/document-tools.d.cts
2026-10-07T20:42:01.7641435Z dist/ai/document-tools.d.ts
2026-10-07T20:42:01.7641643Z dist/ai/generated-media.d.cts
2026-10-07T20:42:01.7641859Z dist/ai/generated-media.d.ts
2026-10-07T20:42:01.7642086Z dist/ai/index.d.cts
2026-10-07T20:42:01.7642279Z dist/ai/index.d.ts
2026-10-07T20:42:01.7642472Z dist/ai/mcp-adapter.d.cts
2026-10-07T20:42:01.7642686Z dist/ai/mcp-adapter.d.ts
2026-10-07T20:42:01.7642897Z dist/ai/types.d.cts
2026-10-07T20:42:01.7643088Z dist/ai/types.d.ts
2026-10-07T20:42:01.7643282Z dist/angular/index.d.ts
2026-10-07T20:42:01.7643499Z dist/angular/index.js
2026-10-07T20:42:01.7643711Z dist/angular/index.js.map
2026-10-07T20:42:01.7643958Z dist/collaboration-BubriAbK.js
2026-10-07T20:42:01.7644219Z dist/collaboration-BubriAbK.js.map
2026-10-07T20:42:01.7644535Z dist/collaboration-core-6QLxBCsv.cjs
2026-10-07T20:42:01.7644844Z dist/collaboration-core-6QLxBCsv.cjs.map
2026-10-07T20:42:01.7645146Z dist/collaboration-core-B-I53ZbT.js
2026-10-07T20:42:01.7645455Z dist/collaboration-core-B-I53ZbT.js.map
2026-10-07T20:42:01.7645736Z dist/collaboration-DHfWMt2l.cjs
2026-10-07T20:42:01.7645996Z dist/collaboration-DHfWMt2l.cjs.map
2026-10-07T20:42:01.7646272Z dist/command-manager-CSDUCeVE.js
2026-10-07T20:42:01.7646539Z dist/command-manager-CSDUCeVE.js.map
2026-10-07T20:42:01.7646810Z dist/command-manager-DU4ahU5C.cjs
2026-10-07T20:42:01.7647145Z dist/command-manager-DU4ahU5C.cjs.map
2026-10-07T20:42:01.7647439Z dist/commands-DasHTUlW.js
2026-10-07T20:42:01.7647714Z dist/commands-DasHTUlW.js.map
2026-10-07T20:42:01.7647985Z dist/commands-DBqTIH1U.cjs
2026-10-07T20:42:01.7648247Z dist/commands-DBqTIH1U.cjs.map
2026-10-07T20:42:01.7648486Z dist/comments.cjs
2026-10-07T20:42:01.7648696Z dist/comments.cjs.map
2026-10-07T20:42:01.7648906Z dist/comments.js
2026-10-07T20:42:01.7649106Z dist/comments.js.map
2026-10-07T20:42:01.7649309Z dist/comments/index.d.cts
2026-10-07T20:42:01.7649534Z dist/comments/index.d.ts
2026-10-07T20:42:01.7649770Z dist/content-expression-CuobUc-r.js
2026-10-07T20:42:01.7650348Z dist/content-expression-CuobUc-r.js.map
2026-10-07T20:42:01.7650657Z dist/content-expression-YXcFdjFU.cjs
2026-10-07T20:42:01.7650937Z dist/content-expression-YXcFdjFU.cjs.map
2026-10-07T20:42:01.7651319Z dist/core.cjs
2026-10-07T20:42:01.7651474Z dist/core.js
2026-10-07T20:42:01.7651678Z dist/core/commands.d.cts
2026-10-07T20:42:01.7651877Z dist/core/commands.d.ts
2026-10-07T20:42:01.7652101Z dist/core/decoration.d.cts
2026-10-07T20:42:01.7652328Z dist/core/decoration.d.ts
2026-10-07T20:42:01.7652526Z dist/core/editor.d.cts
2026-10-07T20:42:01.7652739Z dist/core/editor.d.ts
2026-10-07T20:42:01.7652967Z dist/core/explicit-emphasis.d.cts
2026-10-07T20:42:01.7653249Z dist/core/explicit-emphasis.d.ts
2026-10-07T20:42:01.7653528Z dist/core/exporters/html-exporter.d.cts
2026-10-07T20:42:01.7653822Z dist/core/exporters/html-exporter.d.ts
2026-10-07T20:42:01.7654120Z dist/core/exporters/json-exporter.d.cts
2026-10-07T20:42:01.7654422Z dist/core/exporters/json-exporter.d.ts
2026-10-07T20:42:01.7654752Z dist/core/exporters/markdown-exporter.d.cts
2026-10-07T20:42:01.7655078Z dist/core/exporters/markdown-exporter.d.ts
2026-10-07T20:42:01.7655379Z dist/core/exporters/text-exporter.d.cts
2026-10-07T20:42:01.7655668Z dist/core/exporters/text-exporter.d.ts
2026-10-07T20:42:01.7655939Z dist/core/html-comment.d.cts
2026-10-07T20:42:01.7656180Z dist/core/html-comment.d.ts
2026-10-07T20:42:01.7656401Z dist/core/html-flow.d.cts
2026-10-07T20:42:01.7656632Z dist/core/html-flow.d.ts
2026-10-07T20:42:01.7656868Z dist/core/image-caption.d.cts
2026-10-07T20:42:01.7657114Z dist/core/image-caption.d.ts
2026-10-07T20:42:01.7657344Z dist/core/image.d.cts
2026-10-07T20:42:01.7657542Z dist/core/image.d.ts
2026-10-07T20:42:01.7657818Z dist/core/importers/html-definition-list.d.cts
2026-10-07T20:42:01.7658173Z dist/core/importers/html-definition-list.d.ts
2026-10-07T20:42:01.7658640Z dist/core/importers/html-importer.d.cts
2026-10-07T20:42:01.7658937Z dist/core/importers/html-importer.d.ts
2026-10-07T20:42:01.7659233Z dist/core/importers/html-link-url.d.cts
2026-10-07T20:42:01.7659543Z dist/core/importers/html-link-url.d.ts
2026-10-07T20:42:01.7659832Z dist/core/importers/html-list.d.cts
2026-10-07T20:42:01.7660113Z dist/core/importers/html-list.d.ts
2026-10-07T20:42:01.7660423Z dist/core/importers/html-page-settings.d.cts
2026-10-07T20:42:01.7660747Z dist/core/importers/html-page-settings.d.ts
2026-10-07T20:42:01.7661147Z dist/core/importers/html-table.d.cts
2026-10-07T20:42:01.7661432Z dist/core/importers/html-table.d.ts
2026-10-07T20:42:01.7661729Z dist/core/importers/markdown-importer.d.cts
2026-10-07T20:42:01.7662043Z dist/core/importers/markdown-importer.d.ts
2026-10-07T20:42:01.7662307Z dist/core/index.d.cts
2026-10-07T20:42:01.7662527Z dist/core/index.d.ts
2026-10-07T20:42:01.7662767Z dist/core/link-destination.d.cts
2026-10-07T20:42:01.7663041Z dist/core/link-destination.d.ts
2026-10-07T20:42:01.7663321Z dist/core/markdown-entities.d.cts
2026-10-07T20:42:01.7663600Z dist/core/markdown-entities.d.ts
2026-10-07T20:42:01.7663856Z dist/core/markdown-html.d.cts
2026-10-07T20:42:01.7664102Z dist/core/markdown-html.d.ts
2026-10-07T20:42:01.7664339Z dist/core/markdown-tex.d.cts
2026-10-07T20:42:01.7664562Z dist/core/markdown-tex.d.ts
2026-10-07T20:42:01.7664830Z dist/core/math-expression.d.cts
2026-10-07T20:42:01.7665098Z dist/core/math-expression.d.ts
2026-10-07T20:42:01.7665348Z dist/core/page-settings.d.cts
2026-10-07T20:42:01.7665591Z dist/core/page-settings.d.ts
2026-10-07T20:42:01.7665855Z dist/core/paragraph-layout.d.cts
2026-10-07T20:42:01.7666127Z dist/core/paragraph-layout.d.ts
2026-10-07T20:42:01.7666366Z dist/core/platform.d.cts
2026-10-07T20:42:01.7666578Z dist/core/platform.d.ts
2026-10-07T20:42:01.7666801Z dist/core/plugin.d.cts
2026-10-07T20:42:01.7667014Z dist/core/plugin.d.ts
2026-10-07T20:42:01.7667280Z dist/core/schema/content-expression.d.cts
2026-10-07T20:42:01.7667592Z dist/core/schema/content-expression.d.ts
2026-10-07T20:42:01.7667863Z dist/core/schema/index.d.cts
2026-10-07T20:42:01.7668085Z dist/core/schema/index.d.ts
2026-10-07T20:42:01.7668512Z dist/core/schema/mark-spec.d.cts
2026-10-07T20:42:01.7668782Z dist/core/schema/mark-spec.d.ts
2026-10-07T20:42:01.7669027Z dist/core/schema/mark.d.cts
2026-10-07T20:42:01.7669266Z dist/core/schema/mark.d.ts
2026-10-07T20:42:01.7669522Z dist/core/schema/node-spec.d.cts
2026-10-07T20:42:01.7669814Z dist/core/schema/node-spec.d.ts
2026-10-07T20:42:01.7670060Z dist/core/schema/node.d.cts
2026-10-07T20:42:01.7670299Z dist/core/schema/node.d.ts
2026-10-07T20:42:01.7670555Z dist/core/schema/schema.d.cts
2026-10-07T20:42:01.7670793Z dist/core/schema/schema.d.ts
2026-10-07T20:42:01.7671140Z dist/core/search.d.cts
2026-10-07T20:42:01.7671356Z dist/core/search.d.ts
2026-10-07T20:42:01.7671574Z dist/core/selection.d.cts
2026-10-07T20:42:01.7671782Z dist/core/selection.d.ts
2026-10-07T20:42:01.7672004Z dist/core/state.d.cts
2026-10-07T20:42:01.7672209Z dist/core/state.d.ts
2026-10-07T20:42:01.7672440Z dist/core/structure-commands.d.cts
2026-10-07T20:42:01.7672721Z dist/core/structure-commands.d.ts
2026-10-07T20:42:01.7672998Z dist/core/table-appearance.d.cts
2026-10-07T20:42:01.7673267Z dist/core/table-appearance.d.ts
2026-10-07T20:42:01.7673529Z dist/core/table-background.d.cts
2026-10-07T20:42:01.7673775Z dist/core/table-background.d.ts
2026-10-07T20:42:01.7674042Z dist/core/table-commands.d.cts
2026-10-07T20:42:01.7674285Z dist/core/table-commands.d.ts
2026-10-07T20:42:01.7674503Z dist/core/table-layout.d.cts
2026-10-07T20:42:01.7674746Z dist/core/table-layout.d.ts
2026-10-07T20:42:01.7674983Z dist/core/table-map.d.cts
2026-10-07T20:42:01.7675210Z dist/core/table-map.d.ts
2026-10-07T20:42:01.7675438Z dist/core/table-width.d.cts
2026-10-07T20:42:01.7675658Z dist/core/table-width.d.ts
2026-10-07T20:42:01.7675893Z dist/core/tex-table.d.cts
2026-10-07T20:42:01.7676122Z dist/core/tex-table.d.ts
2026-10-07T20:42:01.7676494Z dist/core/text-direction.d.cts
2026-10-07T20:42:01.7676744Z dist/core/text-direction.d.ts
2026-10-07T20:42:01.7677034Z dist/core/text-replacement-selection.d.cts
2026-10-07T20:42:01.7677358Z dist/core/text-replacement-selection.d.ts
2026-10-07T20:42:01.7677691Z dist/core/transaction/add-mark-step.d.cts
2026-10-07T20:42:01.7677997Z dist/core/transaction/add-mark-step.d.ts
2026-10-07T20:42:01.7678295Z dist/core/transaction/index.d.cts
2026-10-07T20:42:01.7678566Z dist/core/transaction/index.d.ts
2026-10-07T20:42:01.7678864Z dist/core/transaction/insert-text-step.d.cts
2026-10-07T20:42:01.7679187Z dist/core/transaction/insert-text-step.d.ts
2026-10-07T20:42:01.7679491Z dist/core/transaction/mapping.d.cts
2026-10-07T20:42:01.7679770Z dist/core/transaction/mapping.d.ts
2026-10-07T20:42:01.7680065Z dist/core/transaction/mark-range-step.d.cts
2026-10-07T20:42:01.7680383Z dist/core/transaction/mark-range-step.d.ts
2026-10-07T20:42:01.7680678Z dist/core/transaction/path.d.cts
2026-10-07T20:42:01.7680946Z dist/core/transaction/path.d.ts
2026-10-07T20:42:01.7681372Z dist/core/transaction/remove-mark-step.d.cts
2026-10-07T20:42:01.7681693Z dist/core/transaction/remove-mark-step.d.ts
2026-10-07T20:42:01.7682040Z dist/core/transaction/replace-document-step.d.cts
2026-10-07T20:42:01.7682413Z dist/core/transaction/replace-document-step.d.ts
2026-10-07T20:42:01.7682760Z dist/core/transaction/replace-node-step.d.cts
2026-10-07T20:42:01.7683093Z dist/core/transaction/replace-node-step.d.ts
2026-10-07T20:42:01.7683407Z dist/core/transaction/replace-step.d.cts
2026-10-07T20:42:01.7683707Z dist/core/transaction/replace-step.d.ts
2026-10-07T20:42:01.7684039Z dist/core/transaction/replace-text-range-step.d.cts
2026-10-07T20:42:01.7684424Z dist/core/transaction/replace-text-range-step.d.ts
2026-10-07T20:42:01.7684771Z dist/core/transaction/replace-text-step.d.cts
2026-10-07T20:42:01.7685098Z dist/core/transaction/replace-text-step.d.ts
2026-10-07T20:42:01.7685446Z dist/core/transaction/set-node-attrs-step.d.cts
2026-10-07T20:42:01.7685797Z dist/core/transaction/set-node-attrs-step.d.ts
2026-10-07T20:42:01.7686102Z dist/core/transaction/step.d.cts
2026-10-07T20:42:01.7686370Z dist/core/transaction/step.d.ts
2026-10-07T20:42:01.7686766Z dist/core/transaction/transaction.d.cts
2026-10-07T20:42:01.7687064Z dist/core/transaction/transaction.d.ts
2026-10-07T20:42:01.7687358Z dist/core/transaction/transform.d.cts
2026-10-07T20:42:01.7687647Z dist/core/transaction/transform.d.ts
2026-10-07T20:42:01.7687940Z dist/core/unicode-case-fold-data.d.cts
2026-10-07T20:42:01.7688239Z dist/core/unicode-case-fold-data.d.ts
2026-10-07T20:42:01.7688545Z dist/core/unicode-case-fold.d.cts
2026-10-07T20:42:01.7688799Z dist/core/unicode-case-fold.d.ts
2026-10-07T20:42:01.7689040Z dist/core/url.d.cts
2026-10-07T20:42:01.7689249Z dist/core/url.d.ts
2026-10-07T20:42:01.7689471Z dist/decoration-CuT1b7BC.js
2026-10-07T20:42:01.7689727Z dist/decoration-CuT1b7BC.js.map
2026-10-07T20:42:01.7689959Z dist/decoration-jVx4B2Pl.cjs
2026-10-07T20:42:01.7690228Z dist/decoration-jVx4B2Pl.cjs.map
2026-10-07T20:42:01.7690459Z dist/details.cjs
2026-10-07T20:42:01.7690655Z dist/details.cjs.map
2026-10-07T20:42:01.7690841Z dist/details.js
2026-10-07T20:42:01.7691129Z dist/details.js.map
2026-10-07T20:42:01.7691319Z dist/details/index.d.cts
2026-10-07T20:42:01.7691547Z dist/details/index.d.ts
2026-10-07T20:42:01.7691775Z dist/document-utilities.cjs
2026-10-07T20:42:01.7692011Z dist/document-utilities.cjs.map
2026-10-07T20:42:01.7692264Z dist/document-utilities.d.cts
2026-10-07T20:42:01.7692516Z dist/document-utilities.d.ts
2026-10-07T20:42:01.7692758Z dist/document-utilities.js
2026-10-07T20:42:01.7693009Z dist/document-utilities.js.map
2026-10-07T20:42:01.7693217Z dist/docx.cjs
2026-10-07T20:42:01.7693407Z dist/docx.cjs.map
2026-10-07T20:42:01.7693576Z dist/docx.js
2026-10-07T20:42:01.7693761Z dist/docx.js.map
2026-10-07T20:42:01.7693963Z dist/docx/index.d.cts
2026-10-07T20:42:01.7694158Z dist/docx/index.d.ts
2026-10-07T20:42:01.7694378Z dist/docx/math-parser.d.cts
2026-10-07T20:42:01.7694727Z dist/docx/math-parser.d.ts
2026-10-07T20:42:01.7694945Z dist/docx/math.d.cts
2026-10-07T20:42:01.7695134Z dist/docx/math.d.ts
2026-10-07T20:42:01.7695381Z dist/docx/paragraph-style.d.cts
2026-10-07T20:42:01.7695645Z dist/docx/paragraph-style.d.ts
2026-10-07T20:42:01.7695889Z dist/docx/style-cascade.d.cts
2026-10-07T20:42:01.7696115Z dist/docx/style-cascade.d.ts
2026-10-07T20:42:01.7696377Z dist/docx/style-projection.d.cts
2026-10-07T20:42:01.7696648Z dist/docx/style-projection.d.ts
2026-10-07T20:42:01.7696891Z dist/docx/style-reader.d.cts
2026-10-07T20:42:01.7697127Z dist/docx/style-reader.d.ts
2026-10-07T20:42:01.7697365Z dist/docx/table-appearance.d.cts
2026-10-07T20:42:01.7697632Z dist/docx/table-appearance.d.ts
2026-10-07T20:42:01.7697879Z dist/docx/table-style.d.cts
2026-10-07T20:42:01.7698116Z dist/docx/table-style.d.ts
2026-10-07T20:42:01.7698348Z dist/docx/table-text.d.cts
2026-10-07T20:42:01.7698583Z dist/docx/table-text.d.ts
2026-10-07T20:42:01.7698797Z dist/docx/table-width.d.cts
2026-10-07T20:42:01.7699038Z dist/docx/table-width.d.ts
2026-10-07T20:42:01.7699273Z dist/docx/theme-fonts.d.cts
2026-10-07T20:42:01.7699513Z dist/docx/theme-fonts.d.ts
2026-10-07T20:42:01.7699752Z dist/docx/xml-parser.d.cts
2026-10-07T20:42:01.7699987Z dist/docx/xml-parser.d.ts
2026-10-07T20:42:01.7700223Z dist/docx/xml-types.d.cts
2026-10-07T20:42:01.7700455Z dist/docx/xml-types.d.ts
2026-10-07T20:42:01.7700681Z dist/editor-Ce4QfnkJ.cjs
2026-10-07T20:42:01.7700900Z dist/editor-Ce4QfnkJ.cjs.map
2026-10-07T20:42:01.7701251Z dist/editor-CMX7ABLq.js
2026-10-07T20:42:01.7701482Z dist/editor-CMX7ABLq.js.map
2026-10-07T20:42:01.7701719Z dist/emoji-DAGrlUem.cjs
2026-10-07T20:42:01.7701948Z dist/emoji-DAGrlUem.cjs.map
2026-10-07T20:42:01.7702157Z dist/emoji-data.cjs
2026-10-07T20:42:01.7702373Z dist/emoji-data.cjs.map
2026-10-07T20:42:01.7702597Z dist/emoji-data.d.cts
2026-10-07T20:42:01.7702786Z dist/emoji-data.d.ts
2026-10-07T20:42:01.7702997Z dist/emoji-data.js
2026-10-07T20:42:01.7703209Z dist/emoji-data.js.map
2026-10-07T20:42:01.7703455Z dist/emoji-Dcd6cwiM.js
2026-10-07T20:42:01.7703662Z dist/emoji-Dcd6cwiM.js.map
2026-10-07T20:42:01.7703906Z dist/extension-Cfbujo9B.js
2026-10-07T20:42:01.7704269Z dist/extension-Cfbujo9B.js.map
2026-10-07T20:42:01.7704517Z dist/extension-Sb4ErwsF.cjs
2026-10-07T20:42:01.7704779Z dist/extension-Sb4ErwsF.cjs.map
2026-10-07T20:42:01.7705034Z dist/extensions-C1DRY4_P.js
2026-10-07T20:42:01.7705289Z dist/extensions-C1DRY4_P.js.map
2026-10-07T20:42:01.7705519Z dist/extensions-DjBSNlD7.cjs
2026-10-07T20:42:01.7705790Z dist/extensions-DjBSNlD7.cjs.map
2026-10-07T20:42:01.7706077Z dist/extensions/character-count.d.cts
2026-10-07T20:42:01.7706367Z dist/extensions/character-count.d.ts
2026-10-07T20:42:01.7706670Z dist/extensions/clipboard-history.d.cts
2026-10-07T20:42:01.7706979Z dist/extensions/clipboard-history.d.ts
2026-10-07T20:42:01.7707284Z dist/extensions/collaboration-core.d.cts
2026-10-07T20:42:01.7707589Z dist/extensions/collaboration-core.d.ts
2026-10-07T20:42:01.7707887Z dist/extensions/collaboration.d.cts
2026-10-07T20:42:01.7708172Z dist/extensions/collaboration.d.ts
2026-10-07T20:42:01.7708463Z dist/extensions/command-manager.d.cts
2026-10-07T20:42:01.7708754Z dist/extensions/command-manager.d.ts
2026-10-07T20:42:01.7709019Z dist/extensions/emoji.d.cts
2026-10-07T20:42:01.7709262Z dist/extensions/emoji.d.ts
2026-10-07T20:42:01.7709522Z dist/extensions/extension.d.cts
2026-10-07T20:42:01.7709788Z dist/extensions/extension.d.ts
2026-10-07T20:42:01.7710058Z dist/extensions/floating-menu.d.cts
2026-10-07T20:42:01.7710343Z dist/extensions/floating-menu.d.ts
2026-10-07T20:42:01.7710620Z dist/extensions/html-comments.d.cts
2026-10-07T20:42:01.7710896Z dist/extensions/html-comments.d.ts
2026-10-07T20:42:01.7711277Z dist/extensions/html-containers.d.cts
2026-10-07T20:42:01.7711546Z dist/extensions/html-containers.d.ts
2026-10-07T20:42:01.7711822Z dist/extensions/html-flow.d.cts
2026-10-07T20:42:01.7712092Z dist/extensions/html-flow.d.ts
2026-10-07T20:42:01.7712340Z dist/extensions/index.d.cts
2026-10-07T20:42:01.7712680Z dist/extensions/index.d.ts
2026-10-07T20:42:01.7712943Z dist/extensions/inline-atom.d.cts
2026-10-07T20:42:01.7713220Z dist/extensions/inline-atom.d.ts
2026-10-07T20:42:01.7713472Z dist/extensions/lean.d.cts
2026-10-07T20:42:01.7713705Z dist/extensions/lean.d.ts
2026-10-07T20:42:01.7713968Z dist/extensions/link-behavior.d.cts
2026-10-07T20:42:01.7714224Z dist/extensions/link-behavior.d.ts
2026-10-07T20:42:01.7714498Z dist/extensions/marks/code.d.cts
2026-10-07T20:42:01.7714771Z dist/extensions/marks/code.d.ts
2026-10-07T20:42:01.7715029Z dist/extensions/marks/em.d.cts
2026-10-07T20:42:01.7715271Z dist/extensions/marks/em.d.ts
2026-10-07T20:42:01.7715552Z dist/extensions/marks/font-family.d.cts
2026-10-07T20:42:01.7715843Z dist/extensions/marks/font-family.d.ts
2026-10-07T20:42:01.7716135Z dist/extensions/marks/font-size.d.cts
2026-10-07T20:42:01.7716416Z dist/extensions/marks/font-size.d.ts
2026-10-07T20:42:01.7716684Z dist/extensions/marks/highlight.d.cts
2026-10-07T20:42:01.7716985Z dist/extensions/marks/highlight.d.ts
2026-10-07T20:42:01.7717268Z dist/extensions/marks/letter-spacing.d.cts
2026-10-07T20:42:01.7717603Z dist/extensions/marks/letter-spacing.d.ts
2026-10-07T20:42:01.7717909Z dist/extensions/marks/line-height.d.cts
2026-10-07T20:42:01.7718205Z dist/extensions/marks/line-height.d.ts
2026-10-07T20:42:01.7718492Z dist/extensions/marks/link.d.cts
2026-10-07T20:42:01.7718761Z dist/extensions/marks/link.d.ts
2026-10-07T20:42:01.7719024Z dist/extensions/marks/strike.d.cts
2026-10-07T20:42:01.7719300Z dist/extensions/marks/strike.d.ts
2026-10-07T20:42:01.7719574Z dist/extensions/marks/strong.d.cts
2026-10-07T20:42:01.7719832Z dist/extensions/marks/strong.d.ts
2026-10-07T20:42:01.7720138Z dist/extensions/marks/subscript.d.cts
2026-10-07T20:42:01.7720424Z dist/extensions/marks/subscript.d.ts
2026-10-07T20:42:01.7720718Z dist/extensions/marks/superscript.d.cts
2026-10-07T20:42:01.7721146Z dist/extensions/marks/superscript.d.ts
2026-10-07T20:42:01.7721449Z dist/extensions/marks/text-color.d.cts
2026-10-07T20:42:01.7721770Z dist/extensions/marks/text-color.d.ts
2026-10-07T20:42:01.7722085Z dist/extensions/marks/underline.d.cts
2026-10-07T20:42:01.7722563Z dist/extensions/marks/underline.d.ts
2026-10-07T20:42:01.7722791Z dist/extensions/math.d.cts
2026-10-07T20:42:01.7723007Z dist/extensions/math.d.ts
2026-10-07T20:42:01.7723224Z dist/extensions/media.d.cts
2026-10-07T20:42:01.7723437Z dist/extensions/media.d.ts
2026-10-07T20:42:01.7723651Z dist/extensions/mention.d.cts
2026-10-07T20:42:01.7723874Z dist/extensions/mention.d.ts
2026-10-07T20:42:01.7724161Z dist/extensions/nodes/blockquote.d.cts
2026-10-07T20:42:01.7724420Z dist/extensions/nodes/blockquote.d.ts
2026-10-07T20:42:01.7724705Z dist/extensions/nodes/bullet-list.d.cts
2026-10-07T20:42:01.7725004Z dist/extensions/nodes/bullet-list.d.ts
2026-10-07T20:42:01.7725246Z dist/extensions/nodes/code-block.d.cts
2026-10-07T20:42:01.7725413Z dist/extensions/nodes/code-block.d.ts
2026-10-07T20:42:01.7725707Z dist/extensions/nodes/definition-list.d.cts
2026-10-07T20:42:01.7725978Z dist/extensions/nodes/definition-list.d.ts
2026-10-07T20:42:01.7726189Z dist/extensions/nodes/doc.d.cts
2026-10-07T20:42:01.7726431Z dist/extensions/nodes/doc.d.ts
2026-10-07T20:42:01.7726739Z dist/extensions/nodes/figcaption.d.cts
2026-10-07T20:42:01.7727029Z dist/extensions/nodes/figcaption.d.ts
2026-10-07T20:42:01.7727331Z dist/extensions/nodes/hard-break.d.cts
2026-10-07T20:42:01.7727615Z dist/extensions/nodes/hard-break.d.ts
2026-10-07T20:42:01.7727871Z dist/extensions/nodes/heading.d.cts
2026-10-07T20:42:01.7728127Z dist/extensions/nodes/heading.d.ts
2026-10-07T20:42:01.7728403Z dist/extensions/nodes/horizontal-rule.d.cts
2026-10-07T20:42:01.7728695Z dist/extensions/nodes/horizontal-rule.d.ts
2026-10-07T20:42:01.7728991Z dist/extensions/nodes/image-attributes.d.cts
2026-10-07T20:42:01.7729290Z dist/extensions/nodes/image-attributes.d.ts
2026-10-07T20:42:01.7729580Z dist/extensions/nodes/image-node-view.d.cts
2026-10-07T20:42:01.7729867Z dist/extensions/nodes/image-node-view.d.ts
2026-10-07T20:42:01.7730281Z dist/extensions/nodes/image-super.d.cts
2026-10-07T20:42:01.7730553Z dist/extensions/nodes/image-super.d.ts
2026-10-07T20:42:01.7730829Z dist/extensions/nodes/inline-image.d.cts
2026-10-07T20:42:01.7731222Z dist/extensions/nodes/inline-image.d.ts
2026-10-07T20:42:01.7731491Z dist/extensions/nodes/list-item.d.cts
2026-10-07T20:42:01.7731754Z dist/extensions/nodes/list-item.d.ts
2026-10-07T20:42:01.7732023Z dist/extensions/nodes/ordered-list.d.cts
2026-10-07T20:42:01.7732298Z dist/extensions/nodes/ordered-list.d.ts
2026-10-07T20:42:01.7732566Z dist/extensions/nodes/paragraph.d.cts
2026-10-07T20:42:01.7732835Z dist/extensions/nodes/paragraph.d.ts
2026-10-07T20:42:01.7733112Z dist/extensions/nodes/table-cell-view.d.cts
2026-10-07T20:42:01.7733403Z dist/extensions/nodes/table-cell-view.d.ts
2026-10-07T20:42:01.7733676Z dist/extensions/nodes/table-cell.d.cts
2026-10-07T20:42:01.7733943Z dist/extensions/nodes/table-cell.d.ts
2026-10-07T20:42:01.7734208Z dist/extensions/nodes/table-header.d.cts
2026-10-07T20:42:01.7734484Z dist/extensions/nodes/table-header.d.ts
2026-10-07T20:42:01.7734752Z dist/extensions/nodes/table-row.d.cts
2026-10-07T20:42:01.7735016Z dist/extensions/nodes/table-row.d.ts
2026-10-07T20:42:01.7735262Z dist/extensions/nodes/table.d.cts
2026-10-07T20:42:01.7735514Z dist/extensions/nodes/table.d.ts
2026-10-07T20:42:01.7735770Z dist/extensions/nodes/task-item.d.cts
2026-10-07T20:42:01.7736033Z dist/extensions/nodes/task-item.d.ts
2026-10-07T20:42:01.7736304Z dist/extensions/nodes/task-list.d.cts
2026-10-07T20:42:01.7736567Z dist/extensions/nodes/task-list.d.ts
2026-10-07T20:42:01.7736824Z dist/extensions/nodes/text.d.cts
2026-10-07T20:42:01.7737084Z dist/extensions/nodes/text.d.ts
2026-10-07T20:42:01.7737335Z dist/extensions/plugins/history.d.cts
2026-10-07T20:42:01.7737598Z dist/extensions/plugins/history.d.ts
2026-10-07T20:42:01.7737876Z dist/extensions/plugins/input-rules.d.cts
2026-10-07T20:42:01.7738178Z dist/extensions/plugins/input-rules.d.ts
2026-10-07T20:42:01.7738519Z dist/extensions/plugins/markdown-shortcuts.d.cts
2026-10-07T20:42:01.7738847Z dist/extensions/plugins/markdown-shortcuts.d.ts
2026-10-07T20:42:01.7739278Z dist/extensions/plugins/mcp-integration.d.cts
2026-10-07T20:42:01.7739585Z dist/extensions/plugins/mcp-integration.d.ts
2026-10-07T20:42:01.7739884Z dist/extensions/plugins/paste-rules.d.cts
2026-10-07T20:42:01.7740165Z dist/extensions/plugins/paste-rules.d.ts
2026-10-07T20:42:01.7740467Z dist/extensions/plugins/syntax-highlight.d.cts
2026-10-07T20:42:01.7740779Z dist/extensions/plugins/syntax-highlight.d.ts
2026-10-07T20:42:01.7741187Z dist/extensions/plugins/table-editing.d.cts
2026-10-07T20:42:01.7741479Z dist/extensions/plugins/table-editing.d.ts
2026-10-07T20:42:01.7741755Z dist/extensions/slash-command.d.cts
2026-10-07T20:42:01.7742006Z dist/extensions/slash-command.d.ts
2026-10-07T20:42:01.7742291Z dist/extensions/suggestion.d.cts
2026-10-07T20:42:01.7742524Z dist/extensions/suggestion.d.ts
2026-10-07T20:42:01.7742704Z dist/extensions/trailing-editable-block.d.cts
2026-10-07T20:42:01.7742907Z dist/extensions/trailing-editable-block.d.ts
2026-10-07T20:42:01.7743086Z dist/extensions/typography.d.cts
2026-10-07T20:42:01.7743249Z dist/extensions/typography.d.ts
2026-10-07T20:42:01.7743396Z dist/headless/index.d.cts
2026-10-07T20:42:01.7743534Z dist/headless/index.d.ts
2026-10-07T20:42:01.7743667Z dist/history-C1iHQbdz.cjs
2026-10-07T20:42:01.7743812Z dist/history-C1iHQbdz.cjs.map
2026-10-07T20:42:01.7743956Z dist/history-CluGKD04.js
2026-10-07T20:42:01.7744097Z dist/history-CluGKD04.js.map
2026-10-07T20:42:01.7744244Z dist/html-flow-BHL-hkt_.cjs
2026-10-07T20:42:01.7744397Z dist/html-flow-BHL-hkt_.cjs.map
2026-10-07T20:42:01.7744542Z dist/html-flow-DD-oI2l-.js
2026-10-07T20:42:01.7744695Z dist/html-flow-DD-oI2l-.js.map
2026-10-07T20:42:01.7744837Z dist/html-inert.cjs
2026-10-07T20:42:01.7744962Z dist/html-inert.cjs.map
2026-10-07T20:42:01.7745088Z dist/html-inert.js
2026-10-07T20:42:01.7745213Z dist/html-inert.js.map
2026-10-07T20:42:01.7745370Z dist/html-page-settings-BniO1ltv.js
2026-10-07T20:42:01.7745654Z dist/html-page-settings-BniO1ltv.js.map
2026-10-07T20:42:01.7745838Z dist/html-page-settings-CHmUedrc.cjs
2026-10-07T20:42:01.7746021Z dist/html-page-settings-CHmUedrc.cjs.map
2026-10-07T20:42:01.7746177Z dist/html-server.cjs
2026-10-07T20:42:01.7746309Z dist/html-server.cjs.map
2026-10-07T20:42:01.7746437Z dist/html-server.js
2026-10-07T20:42:01.7746560Z dist/html-server.js.map
2026-10-07T20:42:01.7746688Z dist/html/inert.d.cts
2026-10-07T20:42:01.7746815Z dist/html/inert.d.ts
2026-10-07T20:42:01.7746938Z dist/html/server.d.cts
2026-10-07T20:42:01.7747062Z dist/html/server.d.ts
2026-10-07T20:42:01.7747181Z dist/index.cjs
2026-10-07T20:42:01.7747295Z dist/index.cjs.map
2026-10-07T20:42:01.7747408Z dist/index.d.cts
2026-10-07T20:42:01.7747520Z dist/index.d.ts
2026-10-07T20:42:01.7747627Z dist/index.js
2026-10-07T20:42:01.7747740Z dist/index.js.map
2026-10-07T20:42:01.7747871Z dist/inline-atom-BLfPalX5.js
2026-10-07T20:42:01.7748034Z dist/inline-atom-BLfPalX5.js.map
2026-10-07T20:42:01.7748191Z dist/inline-atom-Cg88XSNe.cjs
2026-10-07T20:42:01.7748351Z dist/inline-atom-Cg88XSNe.cjs.map
2026-10-07T20:42:01.7748510Z dist/input-rules-EH0whXGW.js
2026-10-07T20:42:01.7748668Z dist/input-rules-EH0whXGW.js.map
2026-10-07T20:42:01.7758023Z dist/input-rules-HXvPuvbc.cjs
2026-10-07T20:42:01.7758350Z dist/input-rules-HXvPuvbc.cjs.map
2026-10-07T20:42:01.7758519Z dist/integrity-dom.cjs
2026-10-07T20:42:01.7758662Z dist/integrity-dom.cjs.map
2026-10-07T20:42:01.7758804Z dist/integrity-dom.js
2026-10-07T20:42:01.7758945Z dist/integrity-dom.js.map
2026-10-07T20:42:01.7759084Z dist/integrity.cjs
2026-10-07T20:42:01.7759210Z dist/integrity.cjs.map
2026-10-07T20:42:01.7759344Z dist/integrity.js
2026-10-07T20:42:01.7759469Z dist/integrity.js.map
2026-10-07T20:42:01.7759604Z dist/integrity/dom.d.cts
2026-10-07T20:42:01.7759740Z dist/integrity/dom.d.ts
2026-10-07T20:42:01.7759880Z dist/integrity/index.d.cts
2026-10-07T20:42:01.7760020Z dist/integrity/index.d.ts
2026-10-07T20:42:01.7760165Z dist/lean/controller.d.cts
2026-10-07T20:42:01.7760305Z dist/lean/controller.d.ts
2026-10-07T20:42:01.7760444Z dist/lean/diagnostics.d.cts
2026-10-07T20:42:01.7760764Z dist/lean/diagnostics.d.ts
2026-10-07T20:42:01.7760902Z dist/lean/index.d.cts
2026-10-07T20:42:01.7761170Z dist/lean/index.d.ts
2026-10-07T20:42:01.7761369Z dist/lean/info-view.d.cts
2026-10-07T20:42:01.7761576Z dist/lean/info-view.d.ts
2026-10-07T20:42:01.7761818Z dist/lean/loopback-provider.d.cts
2026-10-07T20:42:01.7762078Z dist/lean/loopback-provider.d.ts
2026-10-07T20:42:01.7762301Z dist/lean/types.d.cts
2026-10-07T20:42:01.7762501Z dist/lean/types.d.ts
2026-10-07T20:42:01.7762725Z dist/link-behavior-DxFlB9w3.cjs
2026-10-07T20:42:01.7762987Z dist/link-behavior-DxFlB9w3.cjs.map
2026-10-07T20:42:01.7763255Z dist/link-behavior-oYZGk5x4.js
2026-10-07T20:42:01.7763512Z dist/link-behavior-oYZGk5x4.js.map
2026-10-07T20:42:01.7763774Z dist/link-destination-C_zXSnoz.js
2026-10-07T20:42:01.7764043Z dist/link-destination-C_zXSnoz.js.map
2026-10-07T20:42:01.7764317Z dist/link-destination-vEg16Tuc.cjs
2026-10-07T20:42:01.7764587Z dist/link-destination-vEg16Tuc.cjs.map
2026-10-07T20:42:01.7764789Z dist/mapping-BbhEodcc.js
2026-10-07T20:42:01.7764943Z dist/mapping-BbhEodcc.js.map
2026-10-07T20:42:01.7765095Z dist/mapping-LRwd6pqd.cjs
2026-10-07T20:42:01.7765241Z dist/mapping-LRwd6pqd.cjs.map
2026-10-07T20:42:01.7765429Z dist/mark-range-step-DOJDyOsP.cjs
2026-10-07T20:42:01.7765604Z dist/mark-range-step-DOJDyOsP.cjs.map
2026-10-07T20:42:01.7765780Z dist/mark-range-step-Jo1iPQSu.js
2026-10-07T20:42:01.7765954Z dist/mark-range-step-Jo1iPQSu.js.map
2026-10-07T20:42:01.7766126Z dist/markdown-html-83ZGjqmO.js
2026-10-07T20:42:01.7766290Z dist/markdown-html-83ZGjqmO.js.map
2026-10-07T20:42:01.7766461Z dist/markdown-html-DD8ATANg.cjs
2026-10-07T20:42:01.7766626Z dist/markdown-html-DD8ATANg.cjs.map
2026-10-07T20:42:01.7766782Z dist/media-Bzb45r2G.cjs
2026-10-07T20:42:01.7766923Z dist/media-Bzb45r2G.cjs.map
2026-10-07T20:42:01.7767067Z dist/media-DZiyIJlx.js
2026-10-07T20:42:01.7767297Z dist/media-DZiyIJlx.js.map
2026-10-07T20:42:01.7767456Z dist/menu-position-BhHjnREO.js
2026-10-07T20:42:01.7767626Z dist/menu-position-BhHjnREO.js.map
2026-10-07T20:42:01.7767799Z dist/menu-position-DgAmLXYm.cjs
2026-10-07T20:42:01.7767965Z dist/menu-position-DgAmLXYm.cjs.map
2026-10-07T20:42:01.7768120Z dist/migrations.cjs
2026-10-07T20:42:01.7768248Z dist/migrations.cjs.map
2026-10-07T20:42:01.7768377Z dist/migrations.js
2026-10-07T20:42:01.7768502Z dist/migrations.js.map
2026-10-07T20:42:01.7768635Z dist/migrations/index.d.cts
2026-10-07T20:42:01.7768776Z dist/migrations/index.d.ts
2026-10-07T20:42:01.7768911Z dist/node-CMohf4dR.js
2026-10-07T20:42:01.7769048Z dist/node-CMohf4dR.js.map
2026-10-07T20:42:01.7769184Z dist/node-D26sG_e5.cjs
2026-10-07T20:42:01.7769315Z dist/node-D26sG_e5.cjs.map
2026-10-07T20:42:01.7769452Z dist/node-ids.cjs
2026-10-07T20:42:01.7769577Z dist/node-ids.cjs.map
2026-10-07T20:42:01.7769721Z dist/node-ids.js
2026-10-07T20:42:01.7769842Z dist/node-ids.js.map
2026-10-07T20:42:01.7769977Z dist/node-ids/index.d.cts
2026-10-07T20:42:01.7770110Z dist/node-ids/index.d.ts
2026-10-07T20:42:01.7770245Z dist/node-spec-Dl5lMC1C.js
2026-10-07T20:42:01.7770403Z dist/node-spec-Dl5lMC1C.js.map
2026-10-07T20:42:01.7770549Z dist/node-spec-owlJN_nc.cjs
2026-10-07T20:42:01.7770701Z dist/node-spec-owlJN_nc.cjs.map
2026-10-07T20:42:01.7770862Z dist/page-settings-Bqt82pEY.js
2026-10-07T20:42:01.7771141Z dist/page-settings-Bqt82pEY.js.map
2026-10-07T20:42:01.7771309Z dist/page-settings-BTDzBnRH.cjs
2026-10-07T20:42:01.7771472Z dist/page-settings-BTDzBnRH.cjs.map
2026-10-07T20:42:01.7771622Z dist/pages-dom.cjs
2026-10-07T20:42:01.7771743Z dist/pages-dom.cjs.map
2026-10-07T20:42:01.7771864Z dist/pages-dom.js
2026-10-07T20:42:01.7771984Z dist/pages-dom.js.map
2026-10-07T20:42:01.7772108Z dist/pages-preview.cjs
2026-10-07T20:42:01.7772238Z dist/pages-preview.cjs.map
2026-10-07T20:42:01.7772372Z dist/pages-preview.js
2026-10-07T20:42:01.7772501Z dist/pages-preview.js.map
2026-10-07T20:42:01.7772629Z dist/pages.cjs
2026-10-07T20:42:01.7772745Z dist/pages.cjs.map
2026-10-07T20:42:01.7772858Z dist/pages.js
2026-10-07T20:42:01.7772972Z dist/pages.js.map
2026-10-07T20:42:01.7773192Z dist/pages/dom-preview.d.cts
2026-10-07T20:42:01.7773341Z dist/pages/dom-preview.d.ts
2026-10-07T20:42:01.7773475Z dist/pages/dom.d.cts
2026-10-07T20:42:01.7773597Z dist/pages/dom.d.ts
2026-10-07T20:42:01.7773719Z dist/pages/index.d.cts
2026-10-07T20:42:01.7773843Z dist/pages/index.d.ts
2026-10-07T20:42:01.7773968Z dist/pages/layout.d.cts
2026-10-07T20:42:01.7774096Z dist/pages/layout.d.ts
2026-10-07T20:42:01.7774232Z dist/pages/presentation.d.cts
2026-10-07T20:42:01.7774378Z dist/pages/presentation.d.ts
2026-10-07T20:42:01.7774519Z dist/pages/preview.d.cts
2026-10-07T20:42:01.7774655Z dist/pages/preview.d.ts
2026-10-07T20:42:01.7774787Z dist/pages/settings.d.cts
2026-10-07T20:42:01.7774921Z dist/pages/settings.d.ts
2026-10-07T20:42:01.7775057Z dist/pages/templates.d.cts
2026-10-07T20:42:01.7775194Z dist/pages/templates.d.ts
2026-10-07T20:42:01.7775326Z dist/path-B7Cr90vg.js
2026-10-07T20:42:01.7775459Z dist/path-B7Cr90vg.js.map
2026-10-07T20:42:01.7775592Z dist/path-DDY3uxw-.cjs
2026-10-07T20:42:01.7775725Z dist/path-DDY3uxw-.cjs.map
2026-10-07T20:42:01.7775862Z dist/plugin-B0KSKRXJ.js
2026-10-07T20:42:01.7776001Z dist/plugin-B0KSKRXJ.js.map
2026-10-07T20:42:01.7776142Z dist/plugin-DlQkwKdU.cjs
2026-10-07T20:42:01.7776280Z dist/plugin-DlQkwKdU.cjs.map
2026-10-07T20:42:01.7776429Z dist/presentation-_RsWq19D.js
2026-10-07T20:42:01.7776608Z dist/presentation-_RsWq19D.js.map
2026-10-07T20:42:01.7776773Z dist/presentation-DrPDmb6z.cjs
2026-10-07T20:42:01.7776940Z dist/presentation-DrPDmb6z.cjs.map
2026-10-07T20:42:01.7777091Z dist/react-comments.cjs
2026-10-07T20:42:01.7777225Z dist/react-comments.cjs.map
2026-10-07T20:42:01.7777362Z dist/react-comments.js
2026-10-07T20:42:01.7777514Z dist/react-comments.js.map
2026-10-07T20:42:01.7777652Z dist/react-integrity.cjs
2026-10-07T20:42:01.7777790Z dist/react-integrity.cjs.map
2026-10-07T20:42:01.7778122Z dist/react-integrity.js
2026-10-07T20:42:01.7778257Z dist/react-integrity.js.map
2026-10-07T20:42:01.7778410Z dist/react-tracked-changes.cjs
2026-10-07T20:42:01.7778575Z dist/react-tracked-changes.cjs.map
2026-10-07T20:42:01.7778730Z dist/react-tracked-changes.js
2026-10-07T20:42:01.7778889Z dist/react-tracked-changes.js.map
2026-10-07T20:42:01.7779042Z dist/react-versions.cjs
2026-10-07T20:42:01.7779175Z dist/react-versions.cjs.map
2026-10-07T20:42:01.7779310Z dist/react-versions.js
2026-10-07T20:42:01.7779443Z dist/react-versions.js.map
2026-10-07T20:42:01.7779581Z dist/react-widgets.cjs
2026-10-07T20:42:01.7779712Z dist/react-widgets.cjs.map
2026-10-07T20:42:01.7779846Z dist/react-widgets.js
2026-10-07T20:42:01.7779980Z dist/react-widgets.js.map
2026-10-07T20:42:01.7780105Z dist/react.cjs
2026-10-07T20:42:01.7780221Z dist/react.cjs.map
2026-10-07T20:42:01.7780335Z dist/react.js
2026-10-07T20:42:01.7780527Z dist/react.js.map
2026-10-07T20:42:01.7780883Z dist/react/ClipboardHistoryMenu.d.cts
2026-10-07T20:42:01.7781259Z dist/react/ClipboardHistoryMenu.d.ts
2026-10-07T20:42:01.7781499Z dist/react/comments.d.cts
2026-10-07T20:42:01.7781712Z dist/react/comments.d.ts
2026-10-07T20:42:01.7781960Z dist/react/FountainAIConversation.d.cts
2026-10-07T20:42:01.7782210Z dist/react/FountainAIConversation.d.ts
2026-10-07T20:42:01.7782393Z dist/react/FountainAIGeneratedMedia.d.cts
2026-10-07T20:42:01.7782579Z dist/react/FountainAIGeneratedMedia.d.ts
2026-10-07T20:42:01.7782756Z dist/react/FountainAIReview.d.cts
2026-10-07T20:42:01.7782917Z dist/react/FountainAIReview.d.ts
2026-10-07T20:42:01.7783086Z dist/react/FountainCharacterCount.d.cts
2026-10-07T20:42:01.7783268Z dist/react/FountainCharacterCount.d.ts
2026-10-07T20:42:01.7783435Z dist/react/FountainComments.d.cts
2026-10-07T20:42:01.7783598Z dist/react/FountainComments.d.ts
2026-10-07T20:42:01.7783758Z dist/react/FountainComposer.d.cts
2026-10-07T20:42:01.7783916Z dist/react/FountainComposer.d.ts
2026-10-07T20:42:01.7784071Z dist/react/FountainEditor.d.cts
2026-10-07T20:42:01.7784231Z dist/react/FountainEditor.d.ts
2026-10-07T20:42:01.7784393Z dist/react/FountainFloatingMenu.d.cts
2026-10-07T20:42:01.7784656Z dist/react/FountainFloatingMenu.d.ts
2026-10-07T20:42:01.7784842Z dist/react/FountainIntegrityInspector.d.cts
2026-10-07T20:42:01.7785036Z dist/react/FountainIntegrityInspector.d.ts
2026-10-07T20:42:01.7785223Z dist/react/FountainSlashCommandMenu.d.cts
2026-10-07T20:42:01.7785410Z dist/react/FountainSlashCommandMenu.d.ts
2026-10-07T20:42:01.7785587Z dist/react/FountainSuggestionMenu.d.cts
2026-10-07T20:42:01.7785761Z dist/react/FountainSuggestionMenu.d.ts
2026-10-07T20:42:01.7785931Z dist/react/FountainToolbar.d.cts
2026-10-07T20:42:01.7786089Z dist/react/FountainToolbar.d.ts
2026-10-07T20:42:01.7786260Z dist/react/FountainToolbarPrimitives.d.cts
2026-10-07T20:42:01.7786444Z dist/react/FountainToolbarPrimitives.d.ts
2026-10-07T20:42:01.7786627Z dist/react/FountainTrackedChanges.d.cts
2026-10-07T20:42:01.7786802Z dist/react/FountainTrackedChanges.d.ts
2026-10-07T20:42:01.7786969Z dist/react/FountainVersions.d.cts
2026-10-07T20:42:01.7787128Z dist/react/FountainVersions.d.ts
2026-10-07T20:42:01.7787271Z dist/react/index.d.cts
2026-10-07T20:42:01.7787397Z dist/react/index.d.ts
2026-10-07T20:42:01.7787529Z dist/react/integrity.d.cts
2026-10-07T20:42:01.7787663Z dist/react/integrity.d.ts
2026-10-07T20:42:01.7787797Z dist/react/Navigator.d.cts
2026-10-07T20:42:01.7787932Z dist/react/Navigator.d.ts
2026-10-07T20:42:01.7788074Z dist/react/ReactNodeView.d.cts
2026-10-07T20:42:01.7788219Z dist/react/ReactNodeView.d.ts
2026-10-07T20:42:01.7788373Z dist/react/tracked-changes.d.cts
2026-10-07T20:42:01.7788531Z dist/react/tracked-changes.d.ts
2026-10-07T20:42:01.7788675Z dist/react/useFountain.d.cts
2026-10-07T20:42:01.7788814Z dist/react/useFountain.d.ts
2026-10-07T20:42:01.7788969Z dist/react/useNavigatorState.d.cts
2026-10-07T20:42:01.7789131Z dist/react/useNavigatorState.d.ts
2026-10-07T20:42:01.7789278Z dist/react/versions.d.cts
2026-10-07T20:42:01.7789498Z dist/react/versions.d.ts
2026-10-07T20:42:01.7789628Z dist/react/widgets.d.cts
2026-10-07T20:42:01.7789759Z dist/react/widgets.d.ts
2026-10-07T20:42:01.7789922Z dist/replace-text-range-step-DDj1wpRU.js
2026-10-07T20:42:01.7790121Z dist/replace-text-range-step-DDj1wpRU.js.map
2026-10-07T20:42:01.7790318Z dist/replace-text-range-step-VHOaDNVn.cjs
2026-10-07T20:42:01.7790516Z dist/replace-text-range-step-VHOaDNVn.cjs.map
2026-10-07T20:42:01.7790707Z dist/rolldown-runtime-Chgba0Kb.cjs
2026-10-07T20:42:01.7790846Z dist/ruby.cjs
2026-10-07T20:42:01.7790957Z dist/ruby.cjs.map
2026-10-07T20:42:01.7791198Z dist/ruby.js
2026-10-07T20:42:01.7791305Z dist/ruby.js.map
2026-10-07T20:42:01.7791423Z dist/ruby/index.d.cts
2026-10-07T20:42:01.7791546Z dist/ruby/index.d.ts
2026-10-07T20:42:01.7791672Z dist/search-Cb5HWhnF.cjs
2026-10-07T20:42:01.7791810Z dist/search-Cb5HWhnF.cjs.map
2026-10-07T20:42:01.7791949Z dist/search-CLj2oPC9.js
2026-10-07T20:42:01.7792085Z dist/search-CLj2oPC9.js.map
2026-10-07T20:42:01.7792229Z dist/selection-DrO1gWsj.cjs
2026-10-07T20:42:01.7792381Z dist/selection-DrO1gWsj.cjs.map
2026-10-07T20:42:01.7792531Z dist/selection-Du4v48EK.js
2026-10-07T20:42:01.7792683Z dist/selection-Du4v48EK.js.map
2026-10-07T20:42:01.7792826Z dist/step-CICBu9Xg.cjs
2026-10-07T20:42:01.7792960Z dist/step-CICBu9Xg.cjs.map
2026-10-07T20:42:01.7793093Z dist/step-doAGd4iU.js
2026-10-07T20:42:01.7793224Z dist/step-doAGd4iU.js.map
2026-10-07T20:42:01.7793374Z dist/structured-attributes.cjs
2026-10-07T20:42:01.7793535Z dist/structured-attributes.cjs.map
2026-10-07T20:42:01.7793691Z dist/structured-attributes.js
2026-10-07T20:42:01.7793850Z dist/structured-attributes.js.map
2026-10-07T20:42:01.7794024Z dist/structured-attributes/index.d.cts
2026-10-07T20:42:01.7794200Z dist/structured-attributes/index.d.ts
2026-10-07T20:42:01.7794341Z dist/styles.css
2026-10-07T20:42:01.7794452Z dist/svelte.cjs
2026-10-07T20:42:01.7794569Z dist/svelte.cjs.map
2026-10-07T20:42:01.7794682Z dist/svelte.js
2026-10-07T20:42:01.7794797Z dist/svelte.js.map
2026-10-07T20:42:01.7794919Z dist/svelte/index.d.cts
2026-10-07T20:42:01.7795046Z dist/svelte/index.d.ts
2026-10-07T20:42:01.7795182Z dist/table-layout-CcmXrWN5.js
2026-10-07T20:42:01.7795432Z dist/table-layout-CcmXrWN5.js.map
2026-10-07T20:42:01.7795594Z dist/table-layout-r-zMRyTz.cjs
2026-10-07T20:42:01.7795754Z dist/table-layout-r-zMRyTz.cjs.map
2026-10-07T20:42:01.7795907Z dist/table-map-Dbo_d2TT.cjs
2026-10-07T20:42:01.7796055Z dist/table-map-Dbo_d2TT.cjs.map
2026-10-07T20:42:01.7796199Z dist/table-map-Du2VwT8u.js
2026-10-07T20:42:01.7796349Z dist/table-map-Du2VwT8u.js.map
2026-10-07T20:42:01.7796492Z dist/table-of-contents.cjs
2026-10-07T20:42:01.7796639Z dist/table-of-contents.cjs.map
2026-10-07T20:42:01.7796785Z dist/table-of-contents.js
2026-10-07T20:42:01.7796927Z dist/table-of-contents.js.map
2026-10-07T20:42:01.7797084Z dist/table-of-contents/index.d.cts
2026-10-07T20:42:01.7797244Z dist/table-of-contents/index.d.ts
2026-10-07T20:42:01.7797380Z dist/testing.cjs
2026-10-07T20:42:01.7797498Z dist/testing.cjs.map
2026-10-07T20:42:01.7797614Z dist/testing.js
2026-10-07T20:42:01.7797730Z dist/testing.js.map
2026-10-07T20:42:01.7797855Z dist/testing/index.d.cts
2026-10-07T20:42:01.7797989Z dist/testing/index.d.ts
2026-10-07T20:42:01.7798135Z dist/text-exporter-BdE6tUJU.js
2026-10-07T20:42:01.7798296Z dist/text-exporter-BdE6tUJU.js.map
2026-10-07T20:42:01.7798460Z dist/text-exporter-C4h-egmn.cjs
2026-10-07T20:42:01.7798626Z dist/text-exporter-C4h-egmn.cjs.map
2026-10-07T20:42:01.7798783Z dist/text-style-Bj101slt.cjs
2026-10-07T20:42:01.7798938Z dist/text-style-Bj101slt.cjs.map
2026-10-07T20:42:01.7799088Z dist/text-style-BpVAJwKH.js
2026-10-07T20:42:01.7799242Z dist/text-style-BpVAJwKH.js.map
2026-10-07T20:42:01.7799381Z dist/text-style.cjs
2026-10-07T20:42:01.7799500Z dist/text-style.js
2026-10-07T20:42:01.7799637Z dist/text-style/commands.d.cts
2026-10-07T20:42:01.7799781Z dist/text-style/commands.d.ts
2026-10-07T20:42:01.7799925Z dist/text-style/index.d.cts
2026-10-07T20:42:01.7800062Z dist/text-style/index.d.ts
2026-10-07T20:42:01.7800283Z dist/text-style/values.d.cts
2026-10-07T20:42:01.7800422Z dist/text-style/values.d.ts
2026-10-07T20:42:01.7800557Z dist/tracked-changes.cjs
2026-10-07T20:42:01.7800698Z dist/tracked-changes.cjs.map
2026-10-07T20:42:01.7800837Z dist/tracked-changes.js
2026-10-07T20:42:01.7800972Z dist/tracked-changes.js.map
2026-10-07T20:42:01.7801303Z dist/tracked-changes/index.d.cts
2026-10-07T20:42:01.7801483Z dist/tracked-changes/index.d.ts
2026-10-07T20:42:01.7801704Z dist/tracked-changes/model.d.cts
2026-10-07T20:42:01.7801868Z dist/tracked-changes/model.d.ts
2026-10-07T20:42:01.7802005Z dist/url-Co8QRAHd.cjs
2026-10-07T20:42:01.7802137Z dist/url-Co8QRAHd.cjs.map
2026-10-07T20:42:01.7802269Z dist/url-sjMj-efj.js
2026-10-07T20:42:01.7802400Z dist/url-sjMj-efj.js.map
2026-10-07T20:42:01.7802541Z dist/useFountain-C16zq9TV.cjs
2026-10-07T20:42:01.7802698Z dist/useFountain-C16zq9TV.cjs.map
2026-10-07T20:42:01.7802851Z dist/useFountain-DQ8gXlvr.js
2026-10-07T20:42:01.7803006Z dist/useFountain-DQ8gXlvr.js.map
2026-10-07T20:42:01.7803148Z dist/versions.cjs
2026-10-07T20:42:01.7803271Z dist/versions.cjs.map
2026-10-07T20:42:01.7803388Z dist/versions.js
2026-10-07T20:42:01.7803507Z dist/versions.js.map
2026-10-07T20:42:01.7803634Z dist/versions/diff.d.cts
2026-10-07T20:42:01.7803765Z dist/versions/diff.d.ts
2026-10-07T20:42:01.7803895Z dist/versions/index.d.cts
2026-10-07T20:42:01.7804029Z dist/versions/index.d.ts
2026-10-07T20:42:01.7804162Z dist/versions/model.d.cts
2026-10-07T20:42:01.7804292Z dist/versions/model.d.ts
2026-10-07T20:42:01.7804420Z dist/view-CqmBpraA.js
2026-10-07T20:42:01.7804551Z dist/view-CqmBpraA.js.map
2026-10-07T20:42:01.7804683Z dist/view-DRhFzAAp.cjs
2026-10-07T20:42:01.7804814Z dist/view-DRhFzAAp.cjs.map
2026-10-07T20:42:01.7804954Z dist/view/block-handles.d.cts
2026-10-07T20:42:01.7805095Z dist/view/block-handles.d.ts
2026-10-07T20:42:01.7805235Z dist/view/dom-renderer.d.cts
2026-10-07T20:42:01.7805375Z dist/view/dom-renderer.d.ts
2026-10-07T20:42:01.7805514Z dist/view/drop-cursor.d.cts
2026-10-07T20:42:01.7805652Z dist/view/drop-cursor.d.ts
2026-10-07T20:42:01.7805800Z dist/view/generated-media.d.cts
2026-10-07T20:42:01.7806044Z dist/view/generated-media.d.ts
2026-10-07T20:42:01.7806182Z dist/view/index.d.cts
2026-10-07T20:42:01.7806304Z dist/view/index.d.ts
2026-10-07T20:42:01.7806427Z dist/view/input.d.cts
2026-10-07T20:42:01.7806552Z dist/view/input.d.ts
2026-10-07T20:42:01.7806674Z dist/view/media.d.cts
2026-10-07T20:42:01.7806796Z dist/view/media.d.ts
2026-10-07T20:42:01.7806927Z dist/view/menu-position.d.cts
2026-10-07T20:42:01.7807072Z dist/view/menu-position.d.ts
2026-10-07T20:42:01.7807213Z dist/view/node-view.d.cts
2026-10-07T20:42:01.7807349Z dist/view/node-view.d.ts
2026-10-07T20:42:01.7807481Z dist/view/paste.d.cts
2026-10-07T20:42:01.7807606Z dist/view/paste.d.ts
2026-10-07T20:42:01.7807751Z dist/view/selection-handler.d.cts
2026-10-07T20:42:01.7807913Z dist/view/selection-handler.d.ts
2026-10-07T20:42:01.7808052Z dist/view/view.d.cts
2026-10-07T20:42:01.7808173Z dist/view/view.d.ts
2026-10-07T20:42:01.7808310Z dist/view/virtual-layout.d.cts
2026-10-07T20:42:01.7808455Z dist/view/virtual-layout.d.ts
2026-10-07T20:42:01.7808599Z dist/view/web-component.d.cts
2026-10-07T20:42:01.7808744Z dist/view/web-component.d.ts
2026-10-07T20:42:01.7808870Z dist/vue.cjs
2026-10-07T20:42:01.7808976Z dist/vue.cjs.map
2026-10-07T20:42:01.7809087Z dist/vue.js
2026-10-07T20:42:01.7809190Z dist/vue.js.map
2026-10-07T20:42:01.7809308Z dist/vue/index.d.cts
2026-10-07T20:42:01.7809429Z dist/vue/index.d.ts
2026-10-07T20:42:01.7809570Z dist/widgets-dom.cjs
2026-10-07T20:42:01.7809697Z dist/widgets-dom.cjs.map
2026-10-07T20:42:01.7809825Z dist/widgets-dom.js
2026-10-07T20:42:01.7809951Z dist/widgets-dom.js.map
2026-10-07T20:42:01.7810071Z dist/widgets.cjs
2026-10-07T20:42:01.7810189Z dist/widgets.cjs.map
2026-10-07T20:42:01.7810304Z dist/widgets.js
2026-10-07T20:42:01.7810418Z dist/widgets.js.map
2026-10-07T20:42:01.7810538Z dist/widgets/dom.d.cts
2026-10-07T20:42:01.7810662Z dist/widgets/dom.d.ts
2026-10-07T20:42:01.7810877Z dist/widgets/index.d.cts
2026-10-07T20:42:01.7811105Z dist/widgets/index.d.ts
2026-10-07T20:42:01.7811250Z dist/yjs.cjs
2026-10-07T20:42:01.7811361Z dist/yjs.cjs.map
2026-10-07T20:42:01.7811470Z dist/yjs.js
2026-10-07T20:42:01.7811573Z dist/yjs.js.map
2026-10-07T20:42:01.7811691Z dist/yjs/index.d.cts
2026-10-07T20:42:01.7811809Z dist/yjs/index.d.ts
2026-10-07T20:42:01.7811953Z dist/yjs/structured-attributes.d.cts
2026-10-07T20:42:01.7812127Z dist/yjs/structured-attributes.d.ts
2026-10-07T20:42:01.7812281Z docs/AI_CONVERSATIONS.md
2026-10-07T20:42:01.7812414Z docs/AI_DOCUMENT_TOOLS.md
2026-10-07T20:42:01.7812548Z docs/AI_GENERATED_MEDIA.md
2026-10-07T20:42:01.7812673Z docs/ANGULAR.md
2026-10-07T20:42:01.7812780Z docs/API.md
2026-10-07T20:42:01.7812893Z docs/ARCHITECTURE.md
2026-10-07T20:42:01.7813020Z docs/BLOCK_REORDERING.md
2026-10-07T20:42:01.7813153Z docs/BROWSER_AUDIT_RELOADS.md
2026-10-07T20:42:01.7813287Z docs/COLLABORATION.md
2026-10-07T20:42:01.7813403Z docs/COMMENTS.md
2026-10-07T20:42:01.7813525Z docs/CONTEXTUAL_MENUS.md
2026-10-07T20:42:01.7813653Z docs/CONVERSION_LAB.md
2026-10-07T20:42:01.7813802Z docs/CONVERSION_REAL_DOCUMENT_AUDIT.md
2026-10-07T20:42:01.7813956Z docs/DEFINITION_LISTS.md
2026-10-07T20:42:01.7814074Z docs/DETAILS.md
2026-10-07T20:42:01.7814193Z docs/DOCUMENT_UTILITIES.md
2026-10-07T20:42:01.7814334Z docs/DOCX_CONTENT_CONTROLS.md
2026-10-07T20:42:01.7814486Z docs/DOCX_FIDELITY_CHECKPOINT.md
2026-10-07T20:42:01.7814628Z docs/DOCX_GLOSSARIES.md
2026-10-07T20:42:01.7814746Z docs/DOCX.md
2026-10-07T20:42:01.7814855Z docs/EXTENSIONS.md
2026-10-07T20:42:01.7814981Z docs/FORMAT_BRIDGE_PLAN.md
2026-10-07T20:42:01.7815105Z docs/FORMATS.md
2026-10-07T20:42:01.7815224Z docs/HEADLESS_CORE.md
2026-10-07T20:42:01.7815350Z docs/HTML_CONTAINERS.md
2026-10-07T20:42:01.7815477Z docs/HTML_INERT_SOURCE.md
2026-10-07T20:42:01.7815610Z docs/ISSUE_EDITOR_DEMO.md
2026-10-07T20:42:01.7815728Z docs/LEAN.md
2026-10-07T20:42:01.7815855Z docs/MARKDOWN_DOCUMENT_FLOW.md
2026-10-07T20:42:01.7816012Z docs/MARKDOWN_FLOW_PROVENANCE.md
2026-10-07T20:42:01.7816155Z docs/MARKDOWN_SOURCE.md
2026-10-07T20:42:01.7816274Z docs/MCP.md
2026-10-07T20:42:01.7816472Z docs/MIGRATIONS.md
2026-10-07T20:42:01.7816614Z docs/NATIVE_RENDERER_FEASIBILITY.md
2026-10-07T20:42:01.7816751Z docs/NODE_IDS.md
2026-10-07T20:42:01.7816868Z docs/PAGINATION.md
2026-10-07T20:42:01.7816992Z docs/PERFORMANCE.md
2026-10-07T20:42:01.7817117Z docs/PORTABILITY_AUDIT.md
2026-10-07T20:42:01.7817263Z docs/PROSEMIRROR_COMPARISON.md
2026-10-07T20:42:01.7817419Z docs/REFERENCE_DOCUMENT_AUDIT.md
2026-10-07T20:42:01.7817562Z docs/RELEASE_0_4_0_BETA_2.md
2026-10-07T20:42:01.7817686Z docs/RELEASES.md
2026-10-07T20:42:01.7817797Z docs/ROADMAP.md
2026-10-07T20:42:01.7817906Z docs/RUBY.md
2026-10-07T20:42:01.7818015Z docs/SERVER_HTML.md
2026-10-07T20:42:01.7818134Z docs/SLASH_COMMANDS.md
2026-10-07T20:42:01.7818267Z docs/STRUCTURED_ATTRIBUTES.md
2026-10-07T20:42:01.7818396Z docs/SVELTE.md
2026-10-07T20:42:01.7818513Z docs/TABLE_OF_CONTENTS.md
2026-10-07T20:42:01.7818646Z docs/TEXT_INTEGRITY.md
2026-10-07T20:42:01.7818767Z docs/TEXT_STYLE.md
2026-10-07T20:42:01.7818884Z docs/TIPTAP_PARITY.md
2026-10-07T20:42:01.7819001Z docs/TOOLBAR.md
2026-10-07T20:42:01.7819119Z docs/TRACKED_CHANGES.md
2026-10-07T20:42:01.7819261Z docs/TRAILING_EDITABLE_BLOCK.md
2026-10-07T20:42:01.7819390Z docs/VERSIONS.md
2026-10-07T20:42:01.7819509Z docs/VIRTUALIZATION.md
2026-10-07T20:42:01.7819626Z docs/VUE.md
2026-10-07T20:42:01.7819741Z docs/WEB_COMPONENT_FORMS.md
2026-10-07T20:42:01.7819868Z docs/WIDGETS.md
2026-10-07T20:42:01.7819983Z docs/WORKFLOW_DEMOS.md
2026-10-07T20:42:01.7820100Z LICENSE
2026-10-07T20:42:01.7820204Z package.json
2026-10-07T20:42:01.7820312Z README.md
2026-10-07T20:42:01.7820454Z schemas/fountain-document.schema.json
2026-10-07T20:42:01.7820618Z scripts/check-api-surface.mjs
2026-10-07T20:42:01.7820778Z scripts/check-build-budgets.mjs
2026-10-07T20:42:01.7820947Z scripts/check-performance-budgets.mjs
2026-10-07T20:42:01.7821210Z scripts/check-release.mjs
2026-10-07T20:42:01.7821441Z scripts/create-extension.mjs
2026-10-07T20:42:01.7821596Z scripts/lean-loopback-bridge.mjs
2026-10-07T20:42:01.7821745Z scripts/smoke-package.mjs
2026-10-07T20:42:01.7821877Z THIRD_PARTY_NOTICES.md
2026-10-07T20:42:01.7821994Z Tarball Details
2026-10-07T20:42:01.7822139Z fountainjs-editor-0.4.0-beta.2.tgz
2026-10-07T20:42:01.7864733Z Post job cleanup.
2026-10-07T20:42:01.8542454Z Caching is not enabled. Caching is skipped.
2026-10-07T20:42:01.8628908Z Post job cleanup.
2026-10-07T20:42:01.9648945Z Post job cleanup.
2026-10-07T20:42:02.0393384Z (node:4862) [DEP0040] DeprecationWarning: The `punycode` module is deprecated. Please use a userland alternative instead.
2026-10-07T20:42:02.0394101Z (Use `node --trace-deprecation ...` to show where the warning was created)
2026-10-07T20:42:02.0488326Z Post job cleanup.
2026-10-07T20:42:02.1225545Z (node:4870) [DEP0040] DeprecationWarning: The `punycode` module is deprecated. Please use a userland alternative instead.
2026-10-07T20:42:02.1226322Z (Use `node --trace-deprecation ...` to show where the warning was created)
2026-10-07T20:42:02.1227128Z Cache hit occurred on the primary key node-cache-Linux-x64-pnpm-fd849381c36c47c9fa715e7759caf3b24b3c25e63e57449d26448df099a8c870, not saving cache.
2026-10-07T20:42:02.1317693Z Post job cleanup.
2026-10-07T20:42:02.2137195Z Pruning is unnecessary.
2026-10-07T20:42:02.2234657Z Post job cleanup.
2026-10-07T20:42:02.2728308Z [command]/usr/bin/git version
2026-10-07T20:42:02.2754782Z git version 2.55.0
2026-10-07T20:42:02.2776441Z Temporarily overriding HOME='/home/runner/work/_temp/5dd1546e-1d06-46b4-be94-7f61c69bf0ac' before making global git config changes
2026-10-07T20:42:02.2777205Z Adding repository directory to the temporary git global config as a safe directory
2026-10-07T20:42:02.2778548Z [command]/usr/bin/git config --global --add safe.directory /home/runner/work/fountainjs/fountainjs
2026-10-07T20:42:02.2804907Z [command]/usr/bin/git config --local --name-only --get-regexp core\.sshCommand
2026-10-07T20:42:02.2828503Z [command]/usr/bin/git submodule foreach --recursive sh -c "git config --local --name-only --get-regexp 'core\.sshCommand' && git config --local --unset-all 'core.sshCommand' || :"
2026-10-07T20:42:02.2998964Z [command]/usr/bin/git config --local --name-only --get-regexp http\.https\:\/\/github\.com\/\.extraheader
2026-10-07T20:42:02.3018019Z http.https://github.com/.extraheader
2026-10-07T20:42:02.3024245Z [command]/usr/bin/git config --local --unset-all http.https://github.com/.extraheader
2026-10-07T20:42:02.3047325Z [command]/usr/bin/git submodule foreach --recursive sh -c "git config --local --name-only --get-regexp 'http\.https\:\/\/github\.com\/\.extraheader' && git config --local --unset-all 'http.https://github.com/.extraheader' || :"
2026-10-07T20:42:02.3207828Z [command]/usr/bin/git config --local --name-only --get-regexp ^includeIf\.gitdir:
2026-10-07T20:42:02.3228450Z [command]/usr/bin/git submodule foreach --recursive git config --local --show-origin --name-only --get-regexp remote.origin.url
2026-10-07T20:42:02.3506431Z Cleaning up orphan processes
2026-10-07T20:42:02.3706895Z ##[warning]Node.js 20 is deprecated. The following actions target Node.js 20 but are being forced to run on Node.js 24: actions/checkout@v4, actions/setup-node@v4, actions/setup-python@v5, pnpm/action-setup@v4. For more information see: https://github.blog/changelog/2025-09-19-deprecation-of-node-20-on-github-actions-runners/
