2026-10-07T22:18:47.7320884Z Current runner version: '2.337.0'
2026-10-07T22:18:47.7345983Z ##[group]Runner Image Provisioner
2026-10-07T22:18:47.7346948Z Hosted Compute Agent
2026-10-07T22:18:47.7347860Z Version: 20260901.588
2026-10-07T22:18:47.7348523Z Commit: f88ec8081b781fac6c440065ac7ff9e710ce3d0b
2026-10-07T22:18:47.7349297Z Build Date: 2026-09-01T19:56:44Z
2026-10-07T22:18:47.7349997Z Worker ID: {84d3745c-0d60-483f-9f58-e8a4d61c98b7}
2026-10-07T22:18:47.7350729Z Azure Region: westus
2026-10-07T22:18:47.7351336Z ##[endgroup]
2026-10-07T22:18:47.7352984Z ##[group]Operating System
2026-10-07T22:18:47.7353612Z Ubuntu
2026-10-07T22:18:47.7354225Z 24.04.5
2026-10-07T22:18:47.7354802Z LTS
2026-10-07T22:18:47.7355721Z ##[endgroup]
2026-10-07T22:18:47.7356301Z ##[group]Runner Image
2026-10-07T22:18:47.7356889Z Image: ubuntu-24.04
2026-10-07T22:18:47.7357752Z Version: 20260927.320.1
2026-10-07T22:18:47.7359194Z Included Software: https://github.com/actions/runner-images/blob/ubuntu24/20260927.320/images/ubuntu/Ubuntu2404-Readme.md
2026-10-07T22:18:47.7360852Z Image Release: https://github.com/actions/runner-images/releases/tag/ubuntu24%2F20260927.320
2026-10-07T22:18:47.7361829Z ##[endgroup]
2026-10-07T22:18:47.7363031Z ##[group]GITHUB_TOKEN Permissions
2026-10-07T22:18:47.7365158Z Contents: read
2026-10-07T22:18:47.7365880Z Metadata: read
2026-10-07T22:18:47.7366450Z ##[endgroup]
2026-10-07T22:18:47.7368872Z Secret source: Actions
2026-10-07T22:18:47.7369929Z Cache mode: write
2026-10-07T22:18:47.7370667Z Prepare workflow directory
2026-10-07T22:18:47.7713035Z Prepare all required actions
2026-10-07T22:18:47.7763874Z Getting action download info
2026-10-07T22:18:48.1448706Z Download action repository 'actions/checkout@v4' (SHA:11d5960a326750d5838078e36cf38b85af677262)
2026-10-07T22:18:48.2359878Z Download action repository 'pnpm/action-setup@v4' (SHA:b906affcce14559ad1aafd4ab0e942779e9f58b1)
2026-10-07T22:18:48.7422989Z Download action repository 'actions/setup-node@v4' (SHA:49933ea5288caeca8642d1e84afbd3f7d6820020)
2026-10-07T22:18:48.8330490Z Download action repository 'actions/upload-artifact@v4' (SHA:ea165f8d65b6e75b540449e92b4886f43607fa02)
2026-10-07T22:18:49.0947247Z Complete job name: browser
2026-10-07T22:18:49.1929976Z ##[group]Run actions/checkout@v4
2026-10-07T22:18:49.1931398Z with:
2026-10-07T22:18:49.1932305Z   repository: eddolo/fountainjs
2026-10-07T22:18:49.1942617Z   token: ***
2026-10-07T22:18:49.1943492Z   ssh-strict: true
2026-10-07T22:18:49.1944374Z   ssh-user: git
2026-10-07T22:18:49.1945271Z   persist-credentials: true
2026-10-07T22:18:49.1946268Z   clean: true
2026-10-07T22:18:49.1947166Z   sparse-checkout-cone-mode: true
2026-10-07T22:18:49.1948626Z   fetch-depth: 1
2026-10-07T22:18:49.1949520Z   fetch-tags: false
2026-10-07T22:18:49.1950419Z   show-progress: true
2026-10-07T22:18:49.1951320Z   lfs: false
2026-10-07T22:18:49.1952141Z   submodules: false
2026-10-07T22:18:49.1953043Z   set-safe-directory: true
2026-10-07T22:18:49.1954069Z   allow-unsafe-pr-checkout: false
2026-10-07T22:18:49.1955440Z ##[endgroup]
2026-10-07T22:18:49.2982139Z Syncing repository: eddolo/fountainjs
2026-10-07T22:18:49.2984806Z ##[group]Getting Git version info
2026-10-07T22:18:49.2986291Z Working directory is '/home/runner/work/fountainjs/fountainjs'
2026-10-07T22:18:49.2988534Z [command]/usr/bin/git version
2026-10-07T22:18:49.3050486Z git version 2.55.0
2026-10-07T22:18:49.3073004Z ##[endgroup]
2026-10-07T22:18:49.3087398Z Temporarily overriding HOME='/home/runner/work/_temp/f0a29191-a46f-43e2-83ed-75933eb41e3f' before making global git config changes
2026-10-07T22:18:49.3090685Z Adding repository directory to the temporary git global config as a safe directory
2026-10-07T22:18:49.3094228Z [command]/usr/bin/git config --global --add safe.directory /home/runner/work/fountainjs/fountainjs
2026-10-07T22:18:49.3142529Z Deleting the contents of '/home/runner/work/fountainjs/fountainjs'
2026-10-07T22:18:49.3147170Z ##[group]Initializing the repository
2026-10-07T22:18:49.3152352Z [command]/usr/bin/git init /home/runner/work/fountainjs/fountainjs
2026-10-07T22:18:49.3251826Z hint: Using 'master' as the name for the initial branch. This default branch name
2026-10-07T22:18:49.3255642Z hint: will change to "main" in Git 3.0. To configure the initial branch name
2026-10-07T22:18:49.3258103Z hint: to use in all of your new repositories, which will suppress this warning,
2026-10-07T22:18:49.3260671Z hint: call:
2026-10-07T22:18:49.3261771Z hint:
2026-10-07T22:18:49.3262790Z hint: 	git config --global init.defaultBranch <name>
2026-10-07T22:18:49.3264213Z hint:
2026-10-07T22:18:49.3265762Z hint: Names commonly chosen instead of 'master' are 'main', 'trunk' and
2026-10-07T22:18:49.3268134Z hint: 'development'. The just-created branch can be renamed via this command:
2026-10-07T22:18:49.3269664Z hint:
2026-10-07T22:18:49.3270557Z hint: 	git branch -m <name>
2026-10-07T22:18:49.3271646Z hint:
2026-10-07T22:18:49.3272908Z hint: Disable this message with "git config set advice.defaultBranchName false"
2026-10-07T22:18:49.3274983Z Initialized empty Git repository in /home/runner/work/fountainjs/fountainjs/.git/
2026-10-07T22:18:49.3278644Z [command]/usr/bin/git remote add origin https://github.com/eddolo/fountainjs
2026-10-07T22:18:49.3314786Z ##[endgroup]
2026-10-07T22:18:49.3316598Z ##[group]Disabling automatic garbage collection
2026-10-07T22:18:49.3318701Z [command]/usr/bin/git config --local gc.auto 0
2026-10-07T22:18:49.3347703Z ##[endgroup]
2026-10-07T22:18:49.3349139Z ##[group]Setting up auth
2026-10-07T22:18:49.3426214Z [command]/usr/bin/git config --local --name-only --get-regexp core\.sshCommand
2026-10-07T22:18:49.3436047Z [command]/usr/bin/git submodule foreach --recursive sh -c "git config --local --name-only --get-regexp 'core\.sshCommand' && git config --local --unset-all 'core.sshCommand' || :"
2026-10-07T22:18:49.3732930Z [command]/usr/bin/git config --local --name-only --get-regexp http\.https\:\/\/github\.com\/\.extraheader
2026-10-07T22:18:49.3766922Z [command]/usr/bin/git submodule foreach --recursive sh -c "git config --local --name-only --get-regexp 'http\.https\:\/\/github\.com\/\.extraheader' && git config --local --unset-all 'http.https://github.com/.extraheader' || :"
2026-10-07T22:18:49.3999976Z [command]/usr/bin/git config --local --name-only --get-regexp ^includeIf\.gitdir:
2026-10-07T22:18:49.4032561Z [command]/usr/bin/git submodule foreach --recursive git config --local --show-origin --name-only --get-regexp remote.origin.url
2026-10-07T22:18:49.4252974Z [command]/usr/bin/git config --local http.https://github.com/.extraheader AUTHORIZATION: basic ***
2026-10-07T22:18:49.4291962Z ##[endgroup]
2026-10-07T22:18:49.4293446Z ##[group]Fetching the repository
2026-10-07T22:18:49.4302208Z [command]/usr/bin/git -c protocol.version=2 fetch --no-tags --prune --no-recurse-submodules --depth=1 origin +a4d3d5703f67e0250893999a0dc51b2e55a24e39:refs/remotes/origin/master
2026-10-07T22:18:50.9533275Z From https://github.com/eddolo/fountainjs
2026-10-07T22:18:50.9535041Z  * [new ref]         a4d3d5703f67e0250893999a0dc51b2e55a24e39 -> origin/master
2026-10-07T22:18:50.9538220Z ##[endgroup]
2026-10-07T22:18:50.9539129Z ##[group]Determining the checkout info
2026-10-07T22:18:50.9541121Z ##[endgroup]
2026-10-07T22:18:50.9546795Z [command]/usr/bin/git sparse-checkout disable
2026-10-07T22:18:50.9615362Z [command]/usr/bin/git config --local --unset-all extensions.worktreeConfig
2026-10-07T22:18:50.9643750Z ##[group]Checking out the ref
2026-10-07T22:18:50.9649272Z [command]/usr/bin/git checkout --progress --force -B master refs/remotes/origin/master
2026-10-07T22:18:51.3265095Z Reset branch 'master'
2026-10-07T22:18:51.3279672Z branch 'master' set up to track 'origin/master'.
2026-10-07T22:18:51.3283884Z ##[endgroup]
2026-10-07T22:18:51.3333201Z [command]/usr/bin/git log -1 --format=%H
2026-10-07T22:18:51.3358705Z a4d3d5703f67e0250893999a0dc51b2e55a24e39
2026-10-07T22:18:51.3609181Z ##[group]Run pnpm/action-setup@v4
2026-10-07T22:18:51.3609561Z with:
2026-10-07T22:18:51.3609801Z   version: 11.19.0
2026-10-07T22:18:51.3610054Z   dest: ~/setup-pnpm
2026-10-07T22:18:51.3610567Z   run_install: null
2026-10-07T22:18:51.3610818Z   cache: false
2026-10-07T22:18:51.3611090Z   cache_dependency_path: pnpm-lock.yaml
2026-10-07T22:18:51.3611426Z   package_json_file: package.json
2026-10-07T22:18:51.3611727Z   standalone: false
2026-10-07T22:18:51.3611974Z ##[endgroup]
2026-10-07T22:18:51.5073636Z ##[group]Running self-installer...
2026-10-07T22:18:51.9113028Z (node:2313) [DEP0169] DeprecationWarning: `url.parse()` behavior is not standardized and prone to errors that have security implications. Use the WHATWG URL API instead. CVEs are not issued for `url.parse()` vulnerabilities.
2026-10-07T22:18:51.9114713Z (Use `node --trace-deprecation ...` to show where the warning was created)
2026-10-07T22:18:52.0659549Z Progress: resolved 1, reused 0, downloaded 0, added 0
2026-10-07T22:18:52.0771415Z Packages: +1
2026-10-07T22:18:52.0772174Z +
2026-10-07T22:18:52.5099714Z Progress: resolved 1, reused 0, downloaded 1, added 1, done
2026-10-07T22:18:52.5374386Z 
2026-10-07T22:18:52.5375105Z dependencies:
2026-10-07T22:18:52.5375883Z + pnpm 11.19.0 (12.10.1 is available)
2026-10-07T22:18:52.5376316Z 
2026-10-07T22:18:52.5400022Z Done in 864ms
2026-10-07T22:18:52.6665313Z ##[endgroup]
2026-10-07T22:18:52.6665935Z Installation Completed!
2026-10-07T22:18:52.6850990Z ##[group]Run actions/setup-node@v4
2026-10-07T22:18:52.6851306Z with:
2026-10-07T22:18:52.6851516Z   node-version: 24
2026-10-07T22:18:52.6851760Z   cache: pnpm
2026-10-07T22:18:52.6851964Z   always-auth: false
2026-10-07T22:18:52.6852190Z   check-latest: false
2026-10-07T22:18:52.6854938Z   token: ***
2026-10-07T22:18:52.6855141Z env:
2026-10-07T22:18:52.6855399Z   PNPM_HOME: /home/runner/setup-pnpm/node_modules/.bin
2026-10-07T22:18:52.6855709Z ##[endgroup]
2026-10-07T22:18:52.8283115Z Found in cache @ /opt/hostedtoolcache/node/24.21.0/x64
2026-10-07T22:18:52.8286876Z (node:2327) [DEP0040] DeprecationWarning: The `punycode` module is deprecated. Please use a userland alternative instead.
2026-10-07T22:18:52.8287910Z (Use `node --trace-deprecation ...` to show where the warning was created)
2026-10-07T22:18:52.8290557Z ##[group]Environment details
2026-10-07T22:18:53.2186516Z node: v24.21.0
2026-10-07T22:18:53.2186932Z npm: 11.19.0
2026-10-07T22:18:53.2187195Z yarn: 1.22.22
2026-10-07T22:18:53.2188653Z ##[endgroup]
2026-10-07T22:18:53.2251655Z [command]/home/runner/setup-pnpm/node_modules/.bin/pnpm store path --silent
2026-10-07T22:18:53.8515421Z /home/runner/setup-pnpm/node_modules/.bin/store/v11
2026-10-07T22:18:54.1398132Z Cache hit for: node-cache-Linux-x64-pnpm-fd849381c36c47c9fa715e7759caf3b24b3c25e63e57449d26448df099a8c870
2026-10-07T22:18:54.1514706Z (node:2327) [DEP0169] DeprecationWarning: `url.parse()` behavior is not standardized and prone to errors that have security implications. Use the WHATWG URL API instead. CVEs are not issued for `url.parse()` vulnerabilities.
2026-10-07T22:18:55.4440810Z Received 4194304 of 143139869 (2.9%), 4.0 MBs/sec
2026-10-07T22:18:56.4449606Z Received 117440512 of 143139869 (82.0%), 55.9 MBs/sec
2026-10-07T22:18:56.8987929Z Received 143139869 of 143139869 (100.0%), 55.7 MBs/sec
2026-10-07T22:18:56.8988533Z Cache Size: ~137 MB (143139869 B)
2026-10-07T22:18:56.9040398Z [command]/usr/bin/tar -xf /home/runner/work/_temp/a8c3dcbe-eabb-49fc-93f9-49f43ad5418c/cache.tzst -P -C /home/runner/work/fountainjs/fountainjs --use-compress-program unzstd
2026-10-07T22:18:58.3920851Z Cache restored successfully
2026-10-07T22:18:58.3990632Z Cache restored from key: node-cache-Linux-x64-pnpm-fd849381c36c47c9fa715e7759caf3b24b3c25e63e57449d26448df099a8c870
2026-10-07T22:18:58.4162275Z ##[group]Run pnpm install --frozen-lockfile
2026-10-07T22:18:58.4162690Z [36;1mpnpm install --frozen-lockfile[0m
2026-10-07T22:18:58.4420170Z shell: /usr/bin/bash -e {0}
2026-10-07T22:18:58.4420471Z env:
2026-10-07T22:18:58.4420763Z   PNPM_HOME: /home/runner/setup-pnpm/node_modules/.bin
2026-10-07T22:18:58.4421120Z ##[endgroup]
2026-10-07T22:18:58.9002386Z Scope: all 3 workspace projects
2026-10-07T22:18:58.9618408Z ? Verifying lockfile against supply-chain policies (340 entries)...
2026-10-07T22:18:58.9697074Z Lockfile is up to date, resolution step is skipped
2026-10-07T22:18:59.0726480Z Progress: resolved 1, reused 0, downloaded 0, added 0
2026-10-07T22:18:59.1343487Z Packages: +281
2026-10-07T22:18:59.1344500Z ++++++++++++++++++++++++++++++++++++++++++++++++++++++++++++++++++++++++++++++++
2026-10-07T22:18:59.8848765Z Packages are hard linked from the content-addressable store to the virtual store.
2026-10-07T22:18:59.8850153Z   Content-addressable store is at: /home/runner/setup-pnpm/node_modules/.bin/store/v11
2026-10-07T22:18:59.8875665Z   Virtual store is at:             node_modules/.pnpm
2026-10-07T22:19:00.0837745Z Progress: resolved 281, reused 281, downloaded 0, added 13
2026-10-07T22:19:00.7243796Z Progress: resolved 281, reused 281, downloaded 0, added 281, done
2026-10-07T22:19:02.8094331Z ✓ Lockfile passes supply-chain policies (340 entries in 3.8s)
2026-10-07T22:19:02.8780813Z 
2026-10-07T22:19:02.8781474Z devDependencies:
2026-10-07T22:19:02.8781922Z + @angular/common 22.1.5
2026-10-07T22:19:02.8782298Z + @angular/compiler 22.1.5
2026-10-07T22:19:02.8782666Z + @angular/core 22.1.5
2026-10-07T22:19:02.8783049Z + @angular/platform-browser 22.1.5
2026-10-07T22:19:02.8783470Z + @angular/platform-server 22.1.5
2026-10-07T22:19:02.8783861Z + @mathjax/mathjax-tex-font 4.1.3
2026-10-07T22:19:02.8784230Z + @mathjax/src 4.1.3
2026-10-07T22:19:02.8784579Z + @playwright/test 1.62.1
2026-10-07T22:19:02.8784967Z + @sveltejs/vite-plugin-svelte 7.3.0
2026-10-07T22:19:02.8785356Z + @types/node 26.4.1
2026-10-07T22:19:02.8785691Z + @types/react 19.2.18
2026-10-07T22:19:02.8786016Z + @types/react-dom 19.2.7
2026-10-07T22:19:02.8786369Z + @vitejs/plugin-react 6.1.1
2026-10-07T22:19:02.8786766Z + commonmark 0.31.2
2026-10-07T22:19:02.8787097Z + commonmark-spec 0.31.2
2026-10-07T22:19:02.8787578Z + css-select 7.0.0
2026-10-07T22:19:02.8787927Z + docx-preview 0.4.0
2026-10-07T22:19:02.8788250Z + entities 8.0.0
2026-10-07T22:19:02.8788541Z + fflate 0.8.3
2026-10-07T22:19:02.8788834Z + jsdom 30.0.1
2026-10-07T22:19:02.8789134Z + katex 0.18.6
2026-10-07T22:19:02.8789439Z + miniflare 3.20250718.3
2026-10-07T22:19:02.8789822Z + parse5 8.0.1
2026-10-07T22:19:02.8790365Z + parse5-htmlparser2-tree-adapter 8.0.1
2026-10-07T22:19:02.8790910Z + pdfjs-dist 6.3.289
2026-10-07T22:19:02.8791316Z + react 19.2.8
2026-10-07T22:19:02.8791711Z + react-dom 19.2.8
2026-10-07T22:19:02.8792077Z + rxjs 7.8.2
2026-10-07T22:19:02.8792414Z + svelte 5.57.0
2026-10-07T22:19:02.8792776Z + typescript 7.0.2
2026-10-07T22:19:02.8793168Z + unicode-emoji-json 0.9.0
2026-10-07T22:19:02.8793618Z + vite 8.2.2
2026-10-07T22:19:02.8793979Z + vitest 5.0.0
2026-10-07T22:19:02.8794337Z + vue 3.5.42
2026-10-07T22:19:02.8794721Z + yjs 13.6.32
2026-10-07T22:19:02.8794939Z 
2026-10-07T22:19:02.9214615Z Done in 4.4s using pnpm v11.19.0
2026-10-07T22:19:02.9878342Z ##[group]Run pnpm exec playwright install --with-deps
2026-10-07T22:19:02.9878819Z [36;1mpnpm exec playwright install --with-deps[0m
2026-10-07T22:19:02.9940482Z shell: /usr/bin/bash -e {0}
2026-10-07T22:19:02.9940744Z env:
2026-10-07T22:19:02.9941002Z   PNPM_HOME: /home/runner/setup-pnpm/node_modules/.bin
2026-10-07T22:19:02.9941320Z ##[endgroup]
2026-10-07T22:19:04.0615679Z Installing dependencies...
2026-10-07T22:19:04.0698677Z Switching to root user to install dependencies...
2026-10-07T22:19:04.1722896Z Get:1 file:/etc/apt/apt-mirrors.txt Mirrorlist [144 B]
2026-10-07T22:19:04.2088414Z Hit:2 http://azure.archive.ubuntu.com/ubuntu noble InRelease
2026-10-07T22:19:04.2089888Z Get:6 https://packages.microsoft.com/ubuntu/24.04/prod noble InRelease [3600 B]
2026-10-07T22:19:04.2105519Z Get:3 http://azure.archive.ubuntu.com/ubuntu noble-updates InRelease [126 kB]
2026-10-07T22:19:04.2166340Z Get:4 http://azure.archive.ubuntu.com/ubuntu noble-backports InRelease [126 kB]
2026-10-07T22:19:04.2311652Z Get:5 http://azure.archive.ubuntu.com/ubuntu noble-security InRelease [126 kB]
2026-10-07T22:19:04.3575414Z Get:7 https://packages.microsoft.com/ubuntu/24.04/prod noble/main amd64 Packages [519 kB]
2026-10-07T22:19:04.3719076Z Get:8 https://packages.microsoft.com/ubuntu/24.04/prod noble/main armhf Packages [12.6 kB]
2026-10-07T22:19:04.3743301Z Get:9 https://packages.microsoft.com/ubuntu/24.04/prod noble/main arm64 Packages [463 kB]
2026-10-07T22:19:04.4151262Z Get:10 http://azure.archive.ubuntu.com/ubuntu noble-updates/main amd64 Packages [1375 kB]
2026-10-07T22:19:04.4242163Z Get:11 http://azure.archive.ubuntu.com/ubuntu noble-updates/main Translation-en [306 kB]
2026-10-07T22:19:04.4248610Z Get:12 http://azure.archive.ubuntu.com/ubuntu noble-updates/main amd64 Components [181 kB]
2026-10-07T22:19:04.4269692Z Get:13 http://azure.archive.ubuntu.com/ubuntu noble-updates/universe amd64 Packages [1702 kB]
2026-10-07T22:19:04.4445713Z Get:14 http://azure.archive.ubuntu.com/ubuntu noble-updates/universe Translation-en [341 kB]
2026-10-07T22:19:04.4447925Z Get:15 http://azure.archive.ubuntu.com/ubuntu noble-updates/universe amd64 Components [388 kB]
2026-10-07T22:19:04.4454612Z Get:16 http://azure.archive.ubuntu.com/ubuntu noble-updates/restricted amd64 Packages [1730 kB]
2026-10-07T22:19:04.4531057Z Get:17 http://azure.archive.ubuntu.com/ubuntu noble-updates/restricted Translation-en [396 kB]
2026-10-07T22:19:04.4568900Z Get:18 http://azure.archive.ubuntu.com/ubuntu noble-updates/multiverse Translation-en [13.3 kB]
2026-10-07T22:19:04.4570623Z Get:19 http://azure.archive.ubuntu.com/ubuntu noble-updates/multiverse amd64 Components [940 B]
2026-10-07T22:19:04.5351993Z Get:20 http://azure.archive.ubuntu.com/ubuntu noble-backports/main amd64 Components [5752 B]
2026-10-07T22:19:04.5378803Z Get:21 http://azure.archive.ubuntu.com/ubuntu noble-backports/universe amd64 Components [12.6 kB]
2026-10-07T22:19:04.5555982Z Get:22 http://azure.archive.ubuntu.com/ubuntu noble-security/main amd64 Packages [1073 kB]
2026-10-07T22:19:04.5614945Z Get:23 http://azure.archive.ubuntu.com/ubuntu noble-security/main Translation-en [223 kB]
2026-10-07T22:19:04.5633950Z Get:24 http://azure.archive.ubuntu.com/ubuntu noble-security/main amd64 Components [46.4 kB]
2026-10-07T22:19:04.5646537Z Get:25 http://azure.archive.ubuntu.com/ubuntu noble-security/universe amd64 Packages [1218 kB]
2026-10-07T22:19:04.5708901Z Get:26 http://azure.archive.ubuntu.com/ubuntu noble-security/universe Translation-en [245 kB]
2026-10-07T22:19:04.5733818Z Get:27 http://azure.archive.ubuntu.com/ubuntu noble-security/universe amd64 Components [76.3 kB]
2026-10-07T22:19:04.5741488Z Get:28 http://azure.archive.ubuntu.com/ubuntu noble-security/restricted amd64 Packages [1566 kB]
2026-10-07T22:19:04.5843673Z Get:29 http://azure.archive.ubuntu.com/ubuntu noble-security/restricted Translation-en [361 kB]
2026-10-07T22:19:04.5845166Z Get:30 http://azure.archive.ubuntu.com/ubuntu noble-security/multiverse Translation-en [11.6 kB]
2026-10-07T22:19:09.0195427Z Fetched 12.6 MB in 1s (8973 kB/s)
2026-10-07T22:19:09.8705891Z Reading package lists...
2026-10-07T22:19:09.8943966Z Reading package lists...
2026-10-07T22:19:10.0848502Z Building dependency tree...
2026-10-07T22:19:10.0855570Z Reading state information...
2026-10-07T22:19:10.1003654Z libasound2t64 is already the newest version (1.2.11-1ubuntu0.3).
2026-10-07T22:19:10.1004484Z libasound2t64 set to manually installed.
2026-10-07T22:19:10.1005338Z libatk-bridge2.0-0t64 is already the newest version (2.52.0-1build1).
2026-10-07T22:19:10.1006200Z libatk-bridge2.0-0t64 set to manually installed.
2026-10-07T22:19:10.1007029Z libatk1.0-0t64 is already the newest version (2.52.0-1build1).
2026-10-07T22:19:10.1007799Z libatk1.0-0t64 set to manually installed.
2026-10-07T22:19:10.1008338Z libatspi2.0-0t64 is already the newest version (2.52.0-1build1).
2026-10-07T22:19:10.1008852Z libatspi2.0-0t64 set to manually installed.
2026-10-07T22:19:10.1009360Z libcairo2 is already the newest version (1.18.0-3build1).
2026-10-07T22:19:10.1009861Z libcairo2 set to manually installed.
2026-10-07T22:19:10.1010373Z libcups2t64 is already the newest version (2.4.7-1.2ubuntu7.14).
2026-10-07T22:19:10.1011180Z libcups2t64 set to manually installed.
2026-10-07T22:19:10.1011694Z libdbus-1-3 is already the newest version (1.14.10-4ubuntu4.1).
2026-10-07T22:19:10.1012195Z libdbus-1-3 set to manually installed.
2026-10-07T22:19:10.1013076Z libdrm2 is already the newest version (2.4.125-1ubuntu0.1~24.04.2).
2026-10-07T22:19:10.1013695Z libdrm2 set to manually installed.
2026-10-07T22:19:10.1014208Z libglib2.0-0t64 is already the newest version (2.80.0-6ubuntu3.9).
2026-10-07T22:19:10.1014732Z libglib2.0-0t64 set to manually installed.
2026-10-07T22:19:10.1015242Z libnspr4 is already the newest version (2:4.35-1.1build1).
2026-10-07T22:19:10.1015708Z libnspr4 set to manually installed.
2026-10-07T22:19:10.1016186Z libnss3 is already the newest version (2:3.98-1ubuntu0.2).
2026-10-07T22:19:10.1016649Z libnss3 set to manually installed.
2026-10-07T22:19:10.1017161Z libpango-1.0-0 is already the newest version (1.52.1+ds-1build1).
2026-10-07T22:19:10.1017808Z libpango-1.0-0 set to manually installed.
2026-10-07T22:19:10.1018305Z libx11-6 is already the newest version (2:1.8.7-1build1).
2026-10-07T22:19:10.1018755Z libx11-6 set to manually installed.
2026-10-07T22:19:10.1019202Z libxcb1 is already the newest version (1.15-1ubuntu2).
2026-10-07T22:19:10.1019643Z libxcb1 set to manually installed.
2026-10-07T22:19:10.1020149Z libxcomposite1 is already the newest version (1:0.4.5-1build3).
2026-10-07T22:19:10.1020637Z libxcomposite1 set to manually installed.
2026-10-07T22:19:10.1021062Z libxdamage1 is already the newest version (1:1.1.6-1build1).
2026-10-07T22:19:10.1021453Z libxdamage1 set to manually installed.
2026-10-07T22:19:10.1021843Z libxext6 is already the newest version (2:1.3.4-1build2).
2026-10-07T22:19:10.1022217Z libxext6 set to manually installed.
2026-10-07T22:19:10.1022635Z libxfixes3 is already the newest version (1:6.0.0-2build1).
2026-10-07T22:19:10.1023030Z libxfixes3 set to manually installed.
2026-10-07T22:19:10.1023441Z libxkbcommon0 is already the newest version (1.6.0-1build1).
2026-10-07T22:19:10.1023838Z libxkbcommon0 set to manually installed.
2026-10-07T22:19:10.1024247Z libxrandr2 is already the newest version (2:1.5.2-2build1).
2026-10-07T22:19:10.1024642Z libxrandr2 set to manually installed.
2026-10-07T22:19:10.1025078Z libcairo-gobject2 is already the newest version (1.18.0-3build1).
2026-10-07T22:19:10.1025537Z libcairo-gobject2 set to manually installed.
2026-10-07T22:19:10.1026000Z libfontconfig1 is already the newest version (2.15.0-1.1ubuntu2).
2026-10-07T22:19:10.1026417Z libfontconfig1 set to manually installed.
2026-10-07T22:19:10.1026906Z libgdk-pixbuf-2.0-0 is already the newest version (2.42.10+dfsg-3ubuntu3.3).
2026-10-07T22:19:10.1027386Z libgdk-pixbuf-2.0-0 set to manually installed.
2026-10-07T22:19:10.1027978Z libgtk-3-0t64 is already the newest version (3.24.41-4ubuntu1.3).
2026-10-07T22:19:10.1028605Z libgtk-3-0t64 set to manually installed.
2026-10-07T22:19:10.1029073Z libpangocairo-1.0-0 is already the newest version (1.52.1+ds-1build1).
2026-10-07T22:19:10.1029540Z libpangocairo-1.0-0 set to manually installed.
2026-10-07T22:19:10.1029980Z libx11-xcb1 is already the newest version (2:1.8.7-1build1).
2026-10-07T22:19:10.1030364Z libx11-xcb1 set to manually installed.
2026-10-07T22:19:10.1030758Z libxcb-shm0 is already the newest version (1.15-1ubuntu2).
2026-10-07T22:19:10.1031134Z libxcb-shm0 set to manually installed.
2026-10-07T22:19:10.1031530Z libxcursor1 is already the newest version (1:1.2.1-1build1).
2026-10-07T22:19:10.1031922Z libxcursor1 set to manually installed.
2026-10-07T22:19:10.1032298Z libxi6 is already the newest version (2:1.8.1-1build1).
2026-10-07T22:19:10.1032658Z libxi6 set to manually installed.
2026-10-07T22:19:10.1033069Z libxrender1 is already the newest version (1:0.9.10-1.1build1).
2026-10-07T22:19:10.1033469Z libxrender1 set to manually installed.
2026-10-07T22:19:10.1033859Z libicu74 is already the newest version (74.2-1ubuntu3.1).
2026-10-07T22:19:10.1034344Z libatomic1 is already the newest version (14.2.0-4ubuntu2~24.04.1).
2026-10-07T22:19:10.1034898Z libatomic1 set to manually installed.
2026-10-07T22:19:10.1035306Z libenchant-2-2 is already the newest version (2.3.3-2build2).
2026-10-07T22:19:10.1035706Z libenchant-2-2 set to manually installed.
2026-10-07T22:19:10.1036196Z libepoxy0 is already the newest version (1.5.10-1build1).
2026-10-07T22:19:10.1036622Z libepoxy0 set to manually installed.
2026-10-07T22:19:10.1037052Z libgstreamer1.0-0 is already the newest version (1.24.2-1ubuntu0.1).
2026-10-07T22:19:10.1037804Z libgstreamer1.0-0 set to manually installed.
2026-10-07T22:19:10.1038356Z libharfbuzz0b is already the newest version (8.3.0-2build2).
2026-10-07T22:19:10.1038759Z libharfbuzz0b set to manually installed.
2026-10-07T22:19:10.1039180Z libjpeg-turbo8 is already the newest version (2.1.5-2ubuntu2).
2026-10-07T22:19:10.1039607Z libjpeg-turbo8 set to manually installed.
2026-10-07T22:19:10.1040030Z liblcms2-2 is already the newest version (2.14-2ubuntu0.1).
2026-10-07T22:19:10.1040457Z liblcms2-2 set to manually installed.
2026-10-07T22:19:10.1040881Z libpng16-16t64 is already the newest version (1.6.43-5ubuntu0.6).
2026-10-07T22:19:10.1041302Z libpng16-16t64 set to manually installed.
2026-10-07T22:19:10.1041745Z libwayland-client0 is already the newest version (1.22.0-2.1build1).
2026-10-07T22:19:10.2471919Z libwayland-client0 set to manually installed.
2026-10-07T22:19:10.2473092Z libwayland-egl1 is already the newest version (1.22.0-2.1build1).
2026-10-07T22:19:10.2474179Z libwayland-egl1 set to manually installed.
2026-10-07T22:19:10.2475070Z libwebp7 is already the newest version (1.3.2-0.4build3).
2026-10-07T22:19:10.2476052Z libwebp7 set to manually installed.
2026-10-07T22:19:10.2477037Z libwebpdemux2 is already the newest version (1.3.2-0.4build3).
2026-10-07T22:19:10.2478314Z libwebpdemux2 set to manually installed.
2026-10-07T22:19:10.2479047Z libxml2 is already the newest version (2.9.14+dfsg-1.3ubuntu3.9).
2026-10-07T22:19:10.2479655Z libxml2 set to manually installed.
2026-10-07T22:19:10.2480579Z libxslt1.1 is already the newest version (1.1.39-0exp1ubuntu0.24.04.3).
2026-10-07T22:19:10.2481261Z libxslt1.1 set to manually installed.
2026-10-07T22:19:10.2481868Z xvfb is already the newest version (2:21.1.12-1ubuntu1.8).
2026-10-07T22:19:10.2482646Z fonts-noto-color-emoji is already the newest version (2.047-0ubuntu0.24.04.1).
2026-10-07T22:19:10.2483310Z fonts-liberation is already the newest version (1:2.1.5-3).
2026-10-07T22:19:10.2483777Z fonts-liberation set to manually installed.
2026-10-07T22:19:10.2484228Z The following additional packages will be installed:
2026-10-07T22:19:10.2484755Z   glib-networking glib-networking-common glib-networking-services
2026-10-07T22:19:10.2485349Z   gsettings-desktop-schemas libaa1 libabsl20220623t64 libass9 libasyncns0
2026-10-07T22:19:10.2485949Z   libavc1394-0 libavfilter9 libavformat60 libavtp0 libavutil58 libblas3
2026-10-07T22:19:10.2486944Z   libbluray2 libbs2b0 libcaca0 libcairo-script-interpreter2 libcdparanoia0
2026-10-07T22:19:10.2487744Z   libchromaprint1 libcjson1 libcodec2-1.2 libdav1d7 libdc1394-25 libdca0
2026-10-07T22:19:10.2488537Z   libde265-0 libdecor-0-0 libdirectfb-1.7-7t64 libdv4t64 libdvdnav4
2026-10-07T22:19:10.2489078Z   libdvdread8t64 libegl-mesa0 libegl1 libevent-core-2.1-7t64
2026-10-07T22:19:10.2489667Z   libevent-pthreads-2.1-7t64 libfaad2 libflac12t64 libfluidsynth3 libfreeaptx0
2026-10-07T22:19:10.2490300Z   libgav1-1 libgl1-mesa-dri libglx-mesa0 libgme0 libgraphene-1.0-0 libgsm1
2026-10-07T22:19:10.2490939Z   libgssdp-1.6-0 libgstreamer-plugins-good1.0-0 libgtk-4-common libgupnp-1.6-0
2026-10-07T22:19:10.2491528Z   libgupnp-igd-1.6-0 libhwy1t64 libiec61883-0 libimath-3-1-29t64
2026-10-07T22:19:10.2492064Z   libinstpatch-1.0-2 libjack-jackd2-0 libjxl0.7 liblapack3 liblc3-1
2026-10-07T22:19:10.2492660Z   libldacbt-enc2 liblilv-0-0 liblrdf0 libltc11 libmbedcrypto7t64 libmfx1
2026-10-07T22:19:10.2493200Z   libmjpegutils-2.1-0t64 libmodplug1 libmp3lame0 libmpcdec6
2026-10-07T22:19:10.2493676Z   libmpeg2encpp-2.1-0t64 libmpg123-0t64 libmplex2-2.1-0t64 libmysofa1
2026-10-07T22:19:10.2494396Z   libneon27t64 libnice10 libopenal-data libopenal1 libopenexr-3-1-30
2026-10-07T22:19:10.2494854Z   libopenh264-7 libopenmpt0t64 libopenni2-0 liborc-0.4-0t64
2026-10-07T22:19:10.2495317Z   libpipewire-0.3-0t64 libplacebo338 libpocketsphinx3 libpostproc57
2026-10-07T22:19:10.2495823Z   libproxy1v5 libpulse0 libqrencode4 libraptor2-0 librav1e0 libraw1394-11
2026-10-07T22:19:10.2496346Z   librist4 librsvg2-2 librubberband2 libsamplerate0 libsbc1 libsdl2-2.0-0
2026-10-07T22:19:10.2496879Z   libsecret-common libserd-0-0 libshine3 libshout3 libsndfile1 libsndio7.0
2026-10-07T22:19:10.2497395Z   libsord-0-0 libsoundtouch1 libsoup-3.0-0 libsoup-3.0-common libsoxr0
2026-10-07T22:19:10.2498093Z   libspa-0.2-modules libspandsp2t64 libspeex1 libsphinxbase3t64 libsratom-0-0
2026-10-07T22:19:10.2498658Z   libsrt1.5-gnutls libsrtp2-1 libssh-gcrypt-4 libsvtav1enc1d1 libswresample4
2026-10-07T22:19:10.2499203Z   libswscale7 libtag1v5 libtag1v5-vanilla libtheora0 libtwolame0 libudfread0
2026-10-07T22:19:10.2499744Z   libunibreak5 libv4l-0t64 libv4lconvert0t64 libva-drm2 libva-x11-2 libva2
2026-10-07T22:19:10.2500269Z   libvdpau1 libvidstab1.1 libvisual-0.4-0 libvo-aacenc0 libvo-amrwbenc0
2026-10-07T22:19:10.2500809Z   libvorbisenc2 libvpl2 libwavpack1 libwebrtc-audio-processing1 libwildmidi2
2026-10-07T22:19:10.2501365Z   libx265-199 libxcb-xkb1 libxkbcommon-x11-0 libxvidcore4 libyuv0 libzbar0t64
2026-10-07T22:19:10.2501898Z   libzimg2 libzix-0-0 libzvbi-common libzvbi0t64 libzxing3 mesa-libgallium
2026-10-07T22:19:10.2502439Z   ocl-icd-libopencl1 session-migration timgm6mb-soundfont xfonts-encodings
2026-10-07T22:19:10.2502844Z   xfonts-utils
2026-10-07T22:19:10.2503068Z Suggested packages:
2026-10-07T22:19:10.2503454Z   frei0r-plugins gvfs libcuda1 libnvcuvid1 libnvidia-encode1 libbluray-bdj
2026-10-07T22:19:10.2504009Z   libdirectfb-extra libdv-bin oss-compat libdvdcss2 libvisual-0.4-plugins
2026-10-07T22:19:10.2504544Z   jackd2 liblrdf0-dev libportaudio2 opus-tools pipewire pulseaudio
2026-10-07T22:19:10.2505046Z   raptor2-utils libraw1394-doc librsvg2-bin serdi sndiod sordi speex
2026-10-07T22:19:10.2505493Z   libwildmidi-config opencl-icd fluid-soundfont-gm
2026-10-07T22:19:10.2505828Z Recommended packages:
2026-10-07T22:19:10.2506177Z   fonts-ipafont-mincho fonts-tlwg-loma gstreamer1.0-x libaacs0
2026-10-07T22:19:10.2506671Z   default-libdecor-0-plugin-1 | libdecor-0-plugin-1 gstreamer1.0-gl
2026-10-07T22:19:10.2507234Z   libgtk-4-bin librsvg2-common libgtk-4-media-gstreamer libpipewire-0.3-common
2026-10-07T22:19:10.2508137Z   pocketsphinx-en-us va-driver-all | va-driver vdpau-driver-all | vdpau-driver
2026-10-07T22:19:10.2508571Z   libmagickcore-6.q16-7-extra
2026-10-07T22:19:10.3219165Z The following NEW packages will be installed:
2026-10-07T22:19:10.3220903Z   fonts-freefont-ttf fonts-ipafont-gothic fonts-tlwg-loma-otf fonts-unifont
2026-10-07T22:19:10.3221844Z   fonts-wqy-zenhei glib-networking glib-networking-common
2026-10-07T22:19:10.3222571Z   glib-networking-services gsettings-desktop-schemas gstreamer1.0-libav
2026-10-07T22:19:10.3223955Z   gstreamer1.0-plugins-bad gstreamer1.0-plugins-base gstreamer1.0-plugins-good
2026-10-07T22:19:10.3224729Z   libaa1 libabsl20220623t64 libass9 libasyncns0 libavc1394-0 libavcodec60
2026-10-07T22:19:10.3225367Z   libavfilter9 libavformat60 libavif16 libavtp0 libavutil58 libblas3
2026-10-07T22:19:10.3226175Z   libbluray2 libbs2b0 libcaca0 libcairo-script-interpreter2 libcdparanoia0
2026-10-07T22:19:10.3226838Z   libchromaprint1 libcjson1 libcodec2-1.2 libdav1d7 libdc1394-25 libdca0
2026-10-07T22:19:10.3227784Z   libde265-0 libdecor-0-0 libdirectfb-1.7-7t64 libdv4t64 libdvdnav4
2026-10-07T22:19:10.3228702Z   libdvdread8t64 libegl-mesa0 libegl1 libevent-2.1-7t64 libfaad2 libflac12t64
2026-10-07T22:19:10.3229468Z   libflite1 libfluidsynth3 libfreeaptx0 libgav1-1 libgles2 libgme0
2026-10-07T22:19:10.3230072Z   libgraphene-1.0-0 libgsm1 libgssdp-1.6-0 libgstreamer-gl1.0-0
2026-10-07T22:19:10.3230655Z   libgstreamer-plugins-bad1.0-0 libgstreamer-plugins-base1.0-0
2026-10-07T22:19:10.3231510Z   libgstreamer-plugins-good1.0-0 libgtk-4-1 libgtk-4-common libgupnp-1.6-0
2026-10-07T22:19:10.3232173Z   libgupnp-igd-1.6-0 libharfbuzz-icu0 libhwy1t64 libhyphen0 libiec61883-0
2026-10-07T22:19:10.3232837Z   libimath-3-1-29t64 libinstpatch-1.0-2 libjack-jackd2-0 libjxl0.7 liblapack3
2026-10-07T22:19:10.3233488Z   liblc3-1 libldacbt-enc2 liblilv-0-0 liblrdf0 libltc11 libmanette-0.2-0
2026-10-07T22:19:10.3234157Z   libmbedcrypto7t64 libmfx1 libmjpegutils-2.1-0t64 libmodplug1 libmp3lame0
2026-10-07T22:19:10.3234742Z   libmpcdec6 libmpeg2encpp-2.1-0t64 libmpg123-0t64 libmplex2-2.1-0t64
2026-10-07T22:19:10.3235219Z   libmysofa1 libneon27t64 libnice10 libopenal-data libopenal1
2026-10-07T22:19:10.3235961Z   libopenexr-3-1-30 libopenh264-7 libopenmpt0t64 libopenni2-0 libopus0
2026-10-07T22:19:10.3236819Z   liborc-0.4-0t64 libpipewire-0.3-0t64 libplacebo338 libpocketsphinx3
2026-10-07T22:19:10.3237353Z   libpostproc57 libproxy1v5 libpulse0 libqrencode4 libraptor2-0 librav1e0
2026-10-07T22:19:10.3238233Z   libraw1394-11 librist4 librsvg2-2 librubberband2 libsamplerate0 libsbc1
2026-10-07T22:19:10.3238796Z   libsdl2-2.0-0 libsecret-1-0 libsecret-common libserd-0-0 libshine3 libshout3
2026-10-07T22:19:10.3239322Z   libsndfile1 libsndio7.0 libsord-0-0 libsoundtouch1 libsoup-3.0-0
2026-10-07T22:19:10.3239836Z   libsoup-3.0-common libsoxr0 libspa-0.2-modules libspandsp2t64 libspeex1
2026-10-07T22:19:10.3240408Z   libsphinxbase3t64 libsratom-0-0 libsrt1.5-gnutls libsrtp2-1 libssh-gcrypt-4
2026-10-07T22:19:10.3240976Z   libsvtav1enc1d1 libswresample4 libswscale7 libtag1v5 libtag1v5-vanilla
2026-10-07T22:19:10.3241478Z   libtheora0 libtwolame0 libudfread0 libunibreak5 libv4l-0t64
2026-10-07T22:19:10.3242023Z   libv4lconvert0t64 libva-drm2 libva-x11-2 libva2 libvdpau1 libvidstab1.1
2026-10-07T22:19:10.3242810Z   libvisual-0.4-0 libvo-aacenc0 libvo-amrwbenc0 libvorbisenc2 libvpl2 libvpx9
2026-10-07T22:19:10.3243375Z   libwavpack1 libwayland-server0 libwebrtc-audio-processing1 libwildmidi2
2026-10-07T22:19:10.3243951Z   libwoff1 libx264-164 libx265-199 libxcb-xkb1 libxkbcommon-x11-0 libxvidcore4
2026-10-07T22:19:10.3244530Z   libyuv0 libzbar0t64 libzimg2 libzix-0-0 libzvbi-common libzvbi0t64 libzxing3
2026-10-07T22:19:10.3245093Z   ocl-icd-libopencl1 session-migration timgm6mb-soundfont xfonts-cyrillic
2026-10-07T22:19:10.3245551Z   xfonts-encodings xfonts-scalable xfonts-utils
2026-10-07T22:19:10.3245936Z The following packages will be upgraded:
2026-10-07T22:19:10.3246380Z   libevent-core-2.1-7t64 libevent-pthreads-2.1-7t64 libfreetype6 libgbm1
2026-10-07T22:19:10.3246824Z   libgl1-mesa-dri libglx-mesa0 mesa-libgallium
2026-10-07T22:19:10.3463873Z 7 upgraded, 181 newly installed, 0 to remove and 23 not upgraded.
2026-10-07T22:19:10.3464365Z Need to get 126 MB of archives.
2026-10-07T22:19:10.3465063Z After this operation, 364 MB of additional disk space will be used.
2026-10-07T22:19:10.3465582Z Get:1 file:/etc/apt/apt-mirrors.txt Mirrorlist [144 B]
2026-10-07T22:19:11.3489100Z Get:2 http://azure.archive.ubuntu.com/ubuntu noble/universe amd64 fonts-ipafont-gothic all 00303-21ubuntu1 [3513 kB]
2026-10-07T22:19:12.6215819Z Get:3 http://azure.archive.ubuntu.com/ubuntu noble/main amd64 fonts-freefont-ttf all 20211204+svn4273-2 [5641 kB]
2026-10-07T22:19:12.9649735Z Get:4 http://azure.archive.ubuntu.com/ubuntu noble/universe amd64 fonts-tlwg-loma-otf all 1:0.7.3-1 [107 kB]
2026-10-07T22:19:13.1014983Z Get:5 http://azure.archive.ubuntu.com/ubuntu noble/universe amd64 fonts-unifont all 1:15.1.01-1build1 [2993 kB]
2026-10-07T22:19:13.2816127Z Get:6 http://azure.archive.ubuntu.com/ubuntu noble/universe amd64 fonts-wqy-zenhei all 0.9.45-8 [7472 kB]
2026-10-07T22:19:13.7065173Z Get:7 http://azure.archive.ubuntu.com/ubuntu noble/main amd64 libproxy1v5 amd64 0.5.4-4build1 [26.5 kB]
2026-10-07T22:19:13.8433375Z Get:8 http://azure.archive.ubuntu.com/ubuntu noble/main amd64 glib-networking-common all 2.80.0-1build1 [6702 B]
2026-10-07T22:19:13.9789721Z Get:9 http://azure.archive.ubuntu.com/ubuntu noble/main amd64 glib-networking-services amd64 2.80.0-1build1 [12.8 kB]
2026-10-07T22:19:14.1144775Z Get:10 http://azure.archive.ubuntu.com/ubuntu noble/main amd64 session-migration amd64 0.3.9build1 [9034 B]
2026-10-07T22:19:14.2500654Z Get:11 http://azure.archive.ubuntu.com/ubuntu noble-updates/main amd64 gsettings-desktop-schemas all 46.1-0ubuntu1 [35.6 kB]
2026-10-07T22:19:14.3858971Z Get:12 http://azure.archive.ubuntu.com/ubuntu noble/main amd64 glib-networking amd64 2.80.0-1build1 [64.1 kB]
2026-10-07T22:19:14.5215782Z Get:13 http://azure.archive.ubuntu.com/ubuntu noble-updates/universe amd64 libva2 amd64 2.20.0-2ubuntu0.2 [66.4 kB]
2026-10-07T22:19:14.6579444Z Get:14 http://azure.archive.ubuntu.com/ubuntu noble-updates/universe amd64 libva-drm2 amd64 2.20.0-2ubuntu0.2 [7124 B]
2026-10-07T22:19:14.7933662Z Get:15 http://azure.archive.ubuntu.com/ubuntu noble-updates/universe amd64 libva-x11-2 amd64 2.20.0-2ubuntu0.2 [12.0 kB]
2026-10-07T22:19:14.9289081Z Get:16 http://azure.archive.ubuntu.com/ubuntu noble/main amd64 libvdpau1 amd64 1.5-2build1 [27.8 kB]
2026-10-07T22:19:15.0670703Z Get:17 http://azure.archive.ubuntu.com/ubuntu noble/universe amd64 libvpl2 amd64 2023.3.0-1build1 [99.8 kB]
2026-10-07T22:19:15.2260518Z Get:18 http://azure.archive.ubuntu.com/ubuntu noble/universe amd64 ocl-icd-libopencl1 amd64 2.3.2-1build1 [38.5 kB]
2026-10-07T22:19:15.3714722Z Get:19 http://azure.archive.ubuntu.com/ubuntu noble/universe amd64 libavutil58 amd64 7:6.1.1-3ubuntu5 [401 kB]
2026-10-07T22:19:15.5981078Z Get:20 http://azure.archive.ubuntu.com/ubuntu noble/universe amd64 libcodec2-1.2 amd64 1.2.0-2build1 [8998 kB]
2026-10-07T22:19:16.3904465Z Get:21 http://azure.archive.ubuntu.com/ubuntu noble/universe amd64 libdav1d7 amd64 1.4.1-1build1 [604 kB]
2026-10-07T22:19:16.5364267Z Get:22 http://azure.archive.ubuntu.com/ubuntu noble/universe amd64 libgsm1 amd64 1.0.22-1build1 [27.8 kB]
2026-10-07T22:19:16.6775003Z Get:23 http://azure.archive.ubuntu.com/ubuntu noble/universe amd64 libhwy1t64 amd64 1.0.7-8.1build1 [584 kB]
2026-10-07T22:19:16.8274407Z Get:24 http://azure.archive.ubuntu.com/ubuntu noble-updates/universe amd64 libjxl0.7 amd64 0.7.0-10.2ubuntu6.1 [1001 kB]
2026-10-07T22:19:16.9773897Z Get:25 http://azure.archive.ubuntu.com/ubuntu noble/main amd64 libmp3lame0 amd64 3.100-6build1 [142 kB]
2026-10-07T22:19:17.4841831Z Get:26 http://azure.archive.ubuntu.com/ubuntu noble/main amd64 libopus0 amd64 1.4-1build1 [208 kB]
2026-10-07T22:19:17.6265966Z Get:27 http://azure.archive.ubuntu.com/ubuntu noble/universe amd64 librav1e0 amd64 0.7.1-2 [1022 kB]
2026-10-07T22:19:17.7785257Z Get:28 http://azure.archive.ubuntu.com/ubuntu noble-updates/main amd64 librsvg2-2 amd64 2.58.0+dfsg-1ubuntu0.1 [2141 kB]
2026-10-07T22:19:17.9478376Z Get:29 http://azure.archive.ubuntu.com/ubuntu noble/universe amd64 libshine3 amd64 3.1.1-2build1 [23.2 kB]
2026-10-07T22:19:18.0865566Z Get:30 http://azure.archive.ubuntu.com/ubuntu noble-updates/main amd64 libspeex1 amd64 1.2.1-2ubuntu2.24.04.1 [59.6 kB]
2026-10-07T22:19:18.2256165Z Get:31 http://azure.archive.ubuntu.com/ubuntu noble/universe amd64 libsvtav1enc1d1 amd64 1.7.0+dfsg-2build1 [2425 kB]
2026-10-07T22:19:18.4015914Z Get:32 http://azure.archive.ubuntu.com/ubuntu noble/universe amd64 libsoxr0 amd64 0.1.3-4build3 [80.0 kB]
2026-10-07T22:19:18.5435386Z Get:33 http://azure.archive.ubuntu.com/ubuntu noble/universe amd64 libswresample4 amd64 7:6.1.1-3ubuntu5 [63.8 kB]
2026-10-07T22:19:18.6822738Z Get:34 http://azure.archive.ubuntu.com/ubuntu noble/main amd64 libtheora0 amd64 1.1.1+dfsg.1-16.1build3 [211 kB]
2026-10-07T22:19:18.8229081Z Get:35 http://azure.archive.ubuntu.com/ubuntu noble/main amd64 libtwolame0 amd64 0.4.0-2build3 [52.3 kB]
2026-10-07T22:19:18.9623102Z Get:36 http://azure.archive.ubuntu.com/ubuntu noble/main amd64 libvorbisenc2 amd64 1.3.7-1build3 [80.8 kB]
2026-10-07T22:19:19.1009031Z Get:37 http://azure.archive.ubuntu.com/ubuntu noble-updates/main amd64 libvpx9 amd64 1.14.0-1ubuntu2.3 [1143 kB]
2026-10-07T22:19:19.2544233Z Get:38 http://azure.archive.ubuntu.com/ubuntu noble/universe amd64 libx264-164 amd64 2:0.164.3108+git31e19f9-1 [604 kB]
2026-10-07T22:19:19.4005678Z Get:39 http://azure.archive.ubuntu.com/ubuntu noble/universe amd64 libx265-199 amd64 3.5-2build1 [1226 kB]
2026-10-07T22:19:19.5562240Z Get:40 http://azure.archive.ubuntu.com/ubuntu noble/universe amd64 libxvidcore4 amd64 2:1.3.7-1build1 [219 kB]
2026-10-07T22:19:19.6979910Z Get:41 http://azure.archive.ubuntu.com/ubuntu noble/universe amd64 libzvbi-common all 0.2.42-2 [42.4 kB]
2026-10-07T22:19:19.8361535Z Get:42 http://azure.archive.ubuntu.com/ubuntu noble/universe amd64 libzvbi0t64 amd64 0.2.42-2 [261 kB]
2026-10-07T22:19:19.9772871Z Get:43 http://azure.archive.ubuntu.com/ubuntu noble/universe amd64 libavcodec60 amd64 7:6.1.1-3ubuntu5 [5851 kB]
2026-10-07T22:19:20.2931025Z Get:44 http://azure.archive.ubuntu.com/ubuntu noble-updates/main amd64 libfreetype6 amd64 2.13.2+dfsg-1ubuntu0.2 [403 kB]
2026-10-07T22:19:20.4354238Z Get:45 http://azure.archive.ubuntu.com/ubuntu noble/universe amd64 libunibreak5 amd64 5.1-2build1 [25.0 kB]
2026-10-07T22:19:20.5745507Z Get:46 http://azure.archive.ubuntu.com/ubuntu noble/universe amd64 libass9 amd64 1:0.17.1-2build1 [104 kB]
2026-10-07T22:19:20.7127857Z Get:47 http://azure.archive.ubuntu.com/ubuntu noble/universe amd64 libudfread0 amd64 1.1.2-1build1 [19.0 kB]
2026-10-07T22:19:20.8530987Z Get:48 http://azure.archive.ubuntu.com/ubuntu noble/universe amd64 libbluray2 amd64 1:1.3.4-1build1 [159 kB]
2026-10-07T22:19:20.9919236Z Get:49 http://azure.archive.ubuntu.com/ubuntu noble/universe amd64 libchromaprint1 amd64 1.5.1-5 [30.5 kB]
2026-10-07T22:19:21.1324364Z Get:50 http://azure.archive.ubuntu.com/ubuntu noble/universe amd64 libgme0 amd64 0.6.3-7build1 [134 kB]
2026-10-07T22:19:21.2713769Z Get:51 http://azure.archive.ubuntu.com/ubuntu noble-updates/main amd64 libmpg123-0t64 amd64 1.32.5-1ubuntu1.1 [169 kB]
2026-10-07T22:19:21.4103569Z Get:52 http://azure.archive.ubuntu.com/ubuntu noble/universe amd64 libopenmpt0t64 amd64 0.7.3-1.1build3 [647 kB]
2026-10-07T22:19:21.5565449Z Get:53 http://azure.archive.ubuntu.com/ubuntu noble/universe amd64 libcjson1 amd64 1.7.17-1 [24.8 kB]
2026-10-07T22:19:21.6975914Z Get:54 http://azure.archive.ubuntu.com/ubuntu noble/universe amd64 libmbedcrypto7t64 amd64 2.28.8-1 [209 kB]
2026-10-07T22:19:21.8392089Z Get:55 http://azure.archive.ubuntu.com/ubuntu noble/universe amd64 librist4 amd64 0.2.10+dfsg-2 [74.9 kB]
2026-10-07T22:19:21.9790433Z Get:56 http://azure.archive.ubuntu.com/ubuntu noble/universe amd64 libsrt1.5-gnutls amd64 1.5.3-1build2 [316 kB]
2026-10-07T22:19:22.1232303Z Get:57 http://azure.archive.ubuntu.com/ubuntu noble-updates/main amd64 libssh-gcrypt-4 amd64 0.10.6-2ubuntu0.5 [226 kB]
2026-10-07T22:19:22.2644400Z Get:58 http://azure.archive.ubuntu.com/ubuntu noble/universe amd64 libavformat60 amd64 7:6.1.1-3ubuntu5 [1153 kB]
2026-10-07T22:19:22.4182397Z Get:59 http://azure.archive.ubuntu.com/ubuntu noble/universe amd64 libbs2b0 amd64 3.1.0+dfsg-7build1 [10.6 kB]
2026-10-07T22:19:22.5563936Z Get:60 http://azure.archive.ubuntu.com/ubuntu noble/universe amd64 libflite1 amd64 2.2-6build3 [13.6 MB]
2026-10-07T22:19:23.4500393Z Get:61 http://azure.archive.ubuntu.com/ubuntu noble/universe amd64 libserd-0-0 amd64 0.32.2-1 [43.6 kB]
2026-10-07T22:19:23.5883395Z Get:62 http://azure.archive.ubuntu.com/ubuntu noble/universe amd64 libzix-0-0 amd64 0.4.2-2build1 [23.6 kB]
2026-10-07T22:19:23.7293185Z Get:63 http://azure.archive.ubuntu.com/ubuntu noble/universe amd64 libsord-0-0 amd64 0.16.16-2build1 [15.8 kB]
2026-10-07T22:19:23.8670720Z Get:64 http://azure.archive.ubuntu.com/ubuntu noble/universe amd64 libsratom-0-0 amd64 0.6.16-1build1 [17.3 kB]
2026-10-07T22:19:24.0050961Z Get:65 http://azure.archive.ubuntu.com/ubuntu noble/universe amd64 liblilv-0-0 amd64 0.24.22-1build1 [41.0 kB]
2026-10-07T22:19:24.1435580Z Get:66 http://azure.archive.ubuntu.com/ubuntu noble/universe amd64 libmysofa1 amd64 1.3.2+dfsg-2ubuntu2 [1158 kB]
2026-10-07T22:19:24.3333278Z Get:67 http://azure.archive.ubuntu.com/ubuntu noble/universe amd64 libplacebo338 amd64 6.338.2-2build1 [2654 kB]
2026-10-07T22:19:24.5839746Z Get:68 http://azure.archive.ubuntu.com/ubuntu noble-updates/main amd64 libblas3 amd64 3.12.0-3build1.1 [238 kB]
2026-10-07T22:19:24.7312535Z Get:69 http://azure.archive.ubuntu.com/ubuntu noble-updates/main amd64 liblapack3 amd64 3.12.0-3build1.1 [2646 kB]
2026-10-07T22:19:24.9850656Z Get:70 http://azure.archive.ubuntu.com/ubuntu noble/main amd64 libasyncns0 amd64 0.8-6build4 [11.3 kB]
2026-10-07T22:19:25.1229990Z Get:71 http://azure.archive.ubuntu.com/ubuntu noble/main amd64 libflac12t64 amd64 1.4.3+ds-2.1ubuntu2 [197 kB]
2026-10-07T22:19:25.2685275Z Get:72 http://azure.archive.ubuntu.com/ubuntu noble-updates/main amd64 libsndfile1 amd64 1.2.2-1ubuntu5.24.04.1 [209 kB]
2026-10-07T22:19:25.4139050Z Get:73 http://azure.archive.ubuntu.com/ubuntu noble-updates/main amd64 libpulse0 amd64 1:16.1+dfsg1-2ubuntu10.1 [292 kB]
2026-10-07T22:19:25.5644035Z Get:74 http://azure.archive.ubuntu.com/ubuntu noble/universe amd64 libsphinxbase3t64 amd64 0.8+5prealpha+1-17build2 [126 kB]
2026-10-07T22:19:25.7058814Z Get:75 http://azure.archive.ubuntu.com/ubuntu noble/universe amd64 libpocketsphinx3 amd64 0.8.0+real5prealpha+1-15ubuntu5 [133 kB]
2026-10-07T22:19:25.8486360Z Get:76 http://azure.archive.ubuntu.com/ubuntu noble/universe amd64 libpostproc57 amd64 7:6.1.1-3ubuntu5 [49.9 kB]
2026-10-07T22:19:25.9875707Z Get:77 http://azure.archive.ubuntu.com/ubuntu noble/main amd64 libsamplerate0 amd64 0.2.2-4build1 [1344 kB]
2026-10-07T22:19:26.1832820Z Get:78 http://azure.archive.ubuntu.com/ubuntu noble/universe amd64 librubberband2 amd64 3.3.0+dfsg-2build1 [130 kB]
2026-10-07T22:19:26.3262916Z Get:79 http://azure.archive.ubuntu.com/ubuntu noble/universe amd64 libswscale7 amd64 7:6.1.1-3ubuntu5 [193 kB]
2026-10-07T22:19:26.4709697Z Get:80 http://azure.archive.ubuntu.com/ubuntu noble/universe amd64 libvidstab1.1 amd64 1.1.0-2build1 [38.5 kB]
2026-10-07T22:19:26.6094359Z Get:81 http://azure.archive.ubuntu.com/ubuntu noble/universe amd64 libzimg2 amd64 3.0.5+ds1-1build1 [254 kB]
2026-10-07T22:19:26.7603251Z Get:82 http://azure.archive.ubuntu.com/ubuntu noble/universe amd64 libavfilter9 amd64 7:6.1.1-3ubuntu5 [4235 kB]
2026-10-07T22:19:27.0805140Z Get:83 http://azure.archive.ubuntu.com/ubuntu noble-updates/main amd64 liborc-0.4-0t64 amd64 1:0.4.38-1ubuntu0.1 [207 kB]
2026-10-07T22:19:27.2305857Z Get:84 http://azure.archive.ubuntu.com/ubuntu noble-updates/main amd64 libgstreamer-plugins-base1.0-0 amd64 1.24.2-1ubuntu0.5 [862 kB]
2026-10-07T22:19:27.4052993Z Get:85 http://azure.archive.ubuntu.com/ubuntu noble/universe amd64 gstreamer1.0-libav amd64 1.24.1-1build1 [103 kB]
2026-10-07T22:19:27.8198818Z Get:86 http://azure.archive.ubuntu.com/ubuntu noble/main amd64 libcdparanoia0 amd64 3.10.2+debian-14build3 [48.5 kB]
2026-10-07T22:19:27.9587726Z Get:87 http://azure.archive.ubuntu.com/ubuntu noble/main amd64 libvisual-0.4-0 amd64 0.4.2-2build1 [115 kB]
2026-10-07T22:19:28.1003654Z Get:88 http://azure.archive.ubuntu.com/ubuntu noble-updates/main amd64 gstreamer1.0-plugins-base amd64 1.24.2-1ubuntu0.5 [721 kB]
2026-10-07T22:19:28.2683425Z Get:89 http://azure.archive.ubuntu.com/ubuntu noble/main amd64 libaa1 amd64 1.4p5-51.1 [49.9 kB]
2026-10-07T22:19:28.4072562Z Get:90 http://azure.archive.ubuntu.com/ubuntu noble/main amd64 libraw1394-11 amd64 2.1.2-2build3 [26.2 kB]
2026-10-07T22:19:28.5453239Z Get:91 http://azure.archive.ubuntu.com/ubuntu noble/main amd64 libavc1394-0 amd64 0.5.4-5build3 [15.4 kB]
2026-10-07T22:19:28.6831357Z Get:92 http://azure.archive.ubuntu.com/ubuntu noble-updates/main amd64 libcaca0 amd64 0.99.beta20-4ubuntu0.2 [209 kB]
2026-10-07T22:19:28.8289457Z Get:93 http://azure.archive.ubuntu.com/ubuntu noble/main amd64 libdv4t64 amd64 1.0.0-17.1build1 [63.2 kB]
2026-10-07T22:19:28.9686934Z Get:94 http://azure.archive.ubuntu.com/ubuntu noble-updates/main amd64 libgstreamer-plugins-good1.0-0 amd64 1.24.2-1ubuntu1.8 [34.3 kB]
2026-10-07T22:19:29.1069634Z Get:95 http://azure.archive.ubuntu.com/ubuntu noble/main amd64 libiec61883-0 amd64 1.2.0-6build1 [24.5 kB]
2026-10-07T22:19:29.2451549Z Get:96 http://azure.archive.ubuntu.com/ubuntu noble/main amd64 libshout3 amd64 2.4.6-1build2 [50.3 kB]
2026-10-07T22:19:29.3837374Z Get:97 http://azure.archive.ubuntu.com/ubuntu noble/main amd64 libtag1v5-vanilla amd64 1.13.1-1build1 [326 kB]
2026-10-07T22:19:29.5348209Z Get:98 http://azure.archive.ubuntu.com/ubuntu noble/main amd64 libtag1v5 amd64 1.13.1-1build1 [11.7 kB]
2026-10-07T22:19:29.6723167Z Get:99 http://azure.archive.ubuntu.com/ubuntu noble/main amd64 libv4lconvert0t64 amd64 1.26.1-4build3 [87.6 kB]
2026-10-07T22:19:29.8129403Z Get:100 http://azure.archive.ubuntu.com/ubuntu noble/main amd64 libv4l-0t64 amd64 1.26.1-4build3 [46.9 kB]
2026-10-07T22:19:29.9516665Z Get:101 http://azure.archive.ubuntu.com/ubuntu noble/main amd64 libwavpack1 amd64 5.6.0-1build1 [84.6 kB]
2026-10-07T22:19:30.0916779Z Get:102 http://azure.archive.ubuntu.com/ubuntu noble-updates/main amd64 libsoup-3.0-common all 3.4.4-5ubuntu0.9 [12.3 kB]
2026-10-07T22:19:30.2312212Z Get:103 http://azure.archive.ubuntu.com/ubuntu noble-updates/main amd64 libsoup-3.0-0 amd64 3.4.4-5ubuntu0.9 [291 kB]
2026-10-07T22:19:30.3882158Z Get:104 http://azure.archive.ubuntu.com/ubuntu noble-updates/main amd64 gstreamer1.0-plugins-good amd64 1.24.2-1ubuntu1.8 [2236 kB]
2026-10-07T22:19:30.6733074Z Get:105 http://azure.archive.ubuntu.com/ubuntu noble-updates/main amd64 libabsl20220623t64 amd64 20220623.1-3.1ubuntu3.2 [423 kB]
2026-10-07T22:19:30.8208606Z Get:106 http://azure.archive.ubuntu.com/ubuntu noble/universe amd64 libgav1-1 amd64 0.18.0-1build3 [357 kB]
2026-10-07T22:19:30.9702395Z Get:107 http://azure.archive.ubuntu.com/ubuntu noble/universe amd64 libyuv0 amd64 0.0~git202401110.af6ac82-1 [178 kB]
2026-10-07T22:19:31.1099133Z Get:108 http://azure.archive.ubuntu.com/ubuntu noble/universe amd64 libavif16 amd64 1.0.4-1ubuntu3 [91.2 kB]
2026-10-07T22:19:31.2498429Z Get:109 http://azure.archive.ubuntu.com/ubuntu noble/universe amd64 libavtp0 amd64 0.2.0-1build1 [6414 B]
2026-10-07T22:19:31.3882358Z Get:110 http://azure.archive.ubuntu.com/ubuntu noble/main amd64 libcairo-script-interpreter2 amd64 1.18.0-3build1 [60.3 kB]
2026-10-07T22:19:31.5277375Z Get:111 http://azure.archive.ubuntu.com/ubuntu noble/universe amd64 libdc1394-25 amd64 2.2.6-4build1 [90.1 kB]
2026-10-07T22:19:31.6675483Z Get:112 http://azure.archive.ubuntu.com/ubuntu noble-updates/main amd64 libde265-0 amd64 1.0.15-1ubuntu0.1 [167 kB]
2026-10-07T22:19:31.8094104Z Get:113 http://azure.archive.ubuntu.com/ubuntu noble/main amd64 libdecor-0-0 amd64 0.2.2-1build2 [16.5 kB]
2026-10-07T22:19:31.9629617Z Get:114 http://azure.archive.ubuntu.com/ubuntu noble/main amd64 libgles2 amd64 1.7.0-1build1 [17.1 kB]
2026-10-07T22:19:32.1021113Z Get:115 http://azure.archive.ubuntu.com/ubuntu noble/universe amd64 libdirectfb-1.7-7t64 amd64 1.7.7-11.1ubuntu2 [1035 kB]
2026-10-07T22:19:32.2652361Z Get:116 http://azure.archive.ubuntu.com/ubuntu noble/universe amd64 libdvdread8t64 amd64 6.1.3-1.1build1 [54.7 kB]
2026-10-07T22:19:32.4044777Z Get:117 http://azure.archive.ubuntu.com/ubuntu noble/universe amd64 libdvdnav4 amd64 6.1.1-3build1 [39.5 kB]
2026-10-07T22:19:32.5431216Z Get:118 http://azure.archive.ubuntu.com/ubuntu noble-updates/main amd64 libgl1-mesa-dri amd64 25.2.8-0ubuntu0.24.04.4 [38.0 kB]
2026-10-07T22:19:32.6822940Z Get:119 http://azure.archive.ubuntu.com/ubuntu noble-updates/main amd64 libglx-mesa0 amd64 25.2.8-0ubuntu0.24.04.4 [110 kB]
2026-10-07T22:19:32.8235855Z Get:120 http://azure.archive.ubuntu.com/ubuntu noble-updates/main amd64 libgbm1 amd64 25.2.8-0ubuntu0.24.04.4 [34.2 kB]
2026-10-07T22:19:32.9629619Z Get:121 http://azure.archive.ubuntu.com/ubuntu noble-updates/main amd64 mesa-libgallium amd64 25.2.8-0ubuntu0.24.04.4 [10.8 MB]
2026-10-07T22:19:33.5504654Z Get:122 http://azure.archive.ubuntu.com/ubuntu noble-updates/main amd64 libegl-mesa0 amd64 25.2.8-0ubuntu0.24.04.4 [117 kB]
2026-10-07T22:19:33.6896551Z Get:123 http://azure.archive.ubuntu.com/ubuntu noble-updates/main amd64 libevent-2.1-7t64 amd64 2.1.12-stable-9ubuntu2.2 [146 kB]
2026-10-07T22:19:33.8314987Z Get:124 http://azure.archive.ubuntu.com/ubuntu noble-updates/main amd64 libevent-pthreads-2.1-7t64 amd64 2.1.12-stable-9ubuntu2.2 [7988 B]
2026-10-07T22:19:33.9704933Z Get:125 http://azure.archive.ubuntu.com/ubuntu noble-updates/main amd64 libevent-core-2.1-7t64 amd64 2.1.12-stable-9ubuntu2.2 [91.9 kB]
2026-10-07T22:19:34.1100545Z Get:126 http://azure.archive.ubuntu.com/ubuntu noble/universe amd64 libfaad2 amd64 2.11.1-1build1 [207 kB]
2026-10-07T22:19:34.2548401Z Get:127 http://azure.archive.ubuntu.com/ubuntu noble/universe amd64 libinstpatch-1.0-2 amd64 1.1.6-1build2 [251 kB]
2026-10-07T22:19:34.3962782Z Get:128 http://azure.archive.ubuntu.com/ubuntu noble/main amd64 libjack-jackd2-0 amd64 1.9.21~dfsg-3ubuntu3 [289 kB]
2026-10-07T22:19:34.5384169Z Get:129 http://azure.archive.ubuntu.com/ubuntu noble/main amd64 libwebrtc-audio-processing1 amd64 0.3.1-0ubuntu6 [290 kB]
2026-10-07T22:19:34.6806448Z Get:130 http://azure.archive.ubuntu.com/ubuntu noble-updates/main amd64 libspa-0.2-modules amd64 1.0.5-1ubuntu3.3 [628 kB]
2026-10-07T22:19:34.8313159Z Get:131 http://azure.archive.ubuntu.com/ubuntu noble-updates/main amd64 libpipewire-0.3-0t64 amd64 1.0.5-1ubuntu3.3 [252 kB]
2026-10-07T22:19:34.9726341Z Get:132 http://azure.archive.ubuntu.com/ubuntu noble-updates/main amd64 libsdl2-2.0-0 amd64 2.30.0+dfsg-1ubuntu3.1 [686 kB]
2026-10-07T22:19:35.1207362Z Get:133 http://azure.archive.ubuntu.com/ubuntu noble/universe amd64 timgm6mb-soundfont all 1.3-5 [5427 kB]
2026-10-07T22:19:35.4342054Z Get:134 http://azure.archive.ubuntu.com/ubuntu noble/universe amd64 libfluidsynth3 amd64 2.3.4-1build3 [249 kB]
2026-10-07T22:19:35.5827754Z Get:135 http://azure.archive.ubuntu.com/ubuntu noble/main amd64 libfreeaptx0 amd64 0.1.1-2build1 [13.5 kB]
2026-10-07T22:19:35.7212441Z Get:136 http://azure.archive.ubuntu.com/ubuntu noble/main amd64 libgraphene-1.0-0 amd64 1.10.8-3build2 [46.2 kB]
2026-10-07T22:19:35.8607957Z Get:137 http://azure.archive.ubuntu.com/ubuntu noble/main amd64 libgssdp-1.6-0 amd64 1.6.3-1build3 [40.4 kB]
2026-10-07T22:19:35.9999086Z Get:138 http://azure.archive.ubuntu.com/ubuntu noble/main amd64 libegl1 amd64 1.7.0-1build1 [28.7 kB]
2026-10-07T22:19:36.1392532Z Get:139 http://azure.archive.ubuntu.com/ubuntu noble-updates/main amd64 libgstreamer-gl1.0-0 amd64 1.24.2-1ubuntu0.5 [214 kB]
2026-10-07T22:19:36.2888440Z Get:140 http://azure.archive.ubuntu.com/ubuntu noble-updates/main amd64 libgtk-4-common all 4.14.5+ds-0ubuntu0.10 [1497 kB]
2026-10-07T22:19:36.4925649Z Get:141 http://azure.archive.ubuntu.com/ubuntu noble-updates/main amd64 libgtk-4-1 amd64 4.14.5+ds-0ubuntu0.10 [3295 kB]
2026-10-07T22:19:36.7755726Z Get:142 http://azure.archive.ubuntu.com/ubuntu noble/main amd64 libgupnp-1.6-0 amd64 1.6.6-1build3 [92.7 kB]
2026-10-07T22:19:36.9168914Z Get:143 http://azure.archive.ubuntu.com/ubuntu noble/universe amd64 libgupnp-igd-1.6-0 amd64 1.6.0-3build3 [16.5 kB]
2026-10-07T22:19:37.0631959Z Get:144 http://azure.archive.ubuntu.com/ubuntu noble/main amd64 libharfbuzz-icu0 amd64 8.3.0-2build2 [13.3 kB]
2026-10-07T22:19:37.2018115Z Get:145 http://azure.archive.ubuntu.com/ubuntu noble/main amd64 libhyphen0 amd64 2.8.8-7build3 [26.5 kB]
2026-10-07T22:19:37.3412328Z Get:146 http://azure.archive.ubuntu.com/ubuntu noble/universe amd64 libimath-3-1-29t64 amd64 3.1.9-3.1ubuntu2 [72.2 kB]
2026-10-07T22:19:37.4823029Z Get:147 http://azure.archive.ubuntu.com/ubuntu noble/main amd64 liblc3-1 amd64 1.0.4-3build1 [69.7 kB]
2026-10-07T22:19:37.6229853Z Get:148 http://azure.archive.ubuntu.com/ubuntu noble/main amd64 libldacbt-enc2 amd64 2.0.2.3+git20200429+ed310a0-4ubuntu2 [27.1 kB]
2026-10-07T22:19:37.7618853Z Get:149 http://azure.archive.ubuntu.com/ubuntu noble-updates/main amd64 libraptor2-0 amd64 2.0.16-3ubuntu0.1 [165 kB]
2026-10-07T22:19:37.9066643Z Get:150 http://azure.archive.ubuntu.com/ubuntu noble/universe amd64 liblrdf0 amd64 0.6.1-4build1 [18.5 kB]
2026-10-07T22:19:38.0453213Z Get:151 http://azure.archive.ubuntu.com/ubuntu noble/universe amd64 libltc11 amd64 1.3.2-1build1 [13.0 kB]
2026-10-07T22:19:38.1836769Z Get:152 http://azure.archive.ubuntu.com/ubuntu noble/main amd64 libmanette-0.2-0 amd64 0.2.7-1build2 [30.6 kB]
2026-10-07T22:19:38.3225599Z Get:153 http://azure.archive.ubuntu.com/ubuntu noble/universe amd64 libmfx1 amd64 22.5.4-1 [3124 kB]
2026-10-07T22:19:38.5995176Z Get:154 http://azure.archive.ubuntu.com/ubuntu noble/universe amd64 libmjpegutils-2.1-0t64 amd64 1:2.1.0+debian-8.1build1 [25.5 kB]
2026-10-07T22:19:38.7404965Z Get:155 http://azure.archive.ubuntu.com/ubuntu noble/universe amd64 libmodplug1 amd64 1:0.8.9.0-3build1 [166 kB]
2026-10-07T22:19:38.8853415Z Get:156 http://azure.archive.ubuntu.com/ubuntu noble/universe amd64 libmpcdec6 amd64 2:0.1~r495-2build1 [32.7 kB]
2026-10-07T22:19:39.0251115Z Get:157 http://azure.archive.ubuntu.com/ubuntu noble/universe amd64 libmpeg2encpp-2.1-0t64 amd64 1:2.1.0+debian-8.1build1 [75.6 kB]
2026-10-07T22:19:39.1666350Z Get:158 http://azure.archive.ubuntu.com/ubuntu noble/universe amd64 libmplex2-2.1-0t64 amd64 1:2.1.0+debian-8.1build1 [46.1 kB]
2026-10-07T22:19:39.3066189Z Get:159 http://azure.archive.ubuntu.com/ubuntu noble/universe amd64 libneon27t64 amd64 0.33.0-1.1build3 [102 kB]
2026-10-07T22:19:39.4488794Z Get:160 http://azure.archive.ubuntu.com/ubuntu noble/universe amd64 libnice10 amd64 0.1.21-2build3 [157 kB]
2026-10-07T22:19:39.5942378Z Get:161 http://azure.archive.ubuntu.com/ubuntu noble/universe amd64 libopenal-data all 1:1.23.1-4build1 [161 kB]
2026-10-07T22:19:39.7387038Z Get:162 http://azure.archive.ubuntu.com/ubuntu noble/universe amd64 libopenexr-3-1-30 amd64 3.1.5-5.1build3 [1004 kB]
2026-10-07T22:19:39.9211356Z Get:163 http://azure.archive.ubuntu.com/ubuntu noble/universe amd64 libopenh264-7 amd64 2.4.1+dfsg-1 [409 kB]
2026-10-07T22:19:40.0769353Z Get:164 http://azure.archive.ubuntu.com/ubuntu noble/universe amd64 libopenni2-0 amd64 2.2.0.33+dfsg-18 [370 kB]
2026-10-07T22:19:40.2307254Z Get:165 http://azure.archive.ubuntu.com/ubuntu noble/universe amd64 libqrencode4 amd64 4.1.1-1build2 [25.0 kB]
2026-10-07T22:19:40.3683737Z Get:166 http://azure.archive.ubuntu.com/ubuntu noble/main amd64 libsecret-common all 0.21.4-1build3 [4962 B]
2026-10-07T22:19:40.5053226Z Get:167 http://azure.archive.ubuntu.com/ubuntu noble/main amd64 libsecret-1-0 amd64 0.21.4-1build3 [116 kB]
2026-10-07T22:19:40.6471240Z Get:168 http://azure.archive.ubuntu.com/ubuntu noble/universe amd64 libsndio7.0 amd64 1.9.0-0.3build3 [29.6 kB]
2026-10-07T22:19:40.7845215Z Get:169 http://azure.archive.ubuntu.com/ubuntu noble/universe amd64 libsoundtouch1 amd64 2.3.2+ds1-1build1 [60.5 kB]
2026-10-07T22:19:40.9235262Z Get:170 http://azure.archive.ubuntu.com/ubuntu noble/universe amd64 libspandsp2t64 amd64 0.0.6+dfsg-2.1build1 [311 kB]
2026-10-07T22:19:41.0746196Z Get:171 http://azure.archive.ubuntu.com/ubuntu noble/universe amd64 libsrtp2-1 amd64 2.5.0-3build1 [41.9 kB]
2026-10-07T22:19:41.2127047Z Get:172 http://azure.archive.ubuntu.com/ubuntu noble/main amd64 libwayland-server0 amd64 1.22.0-2.1build1 [33.9 kB]
2026-10-07T22:19:41.3503724Z Get:173 http://azure.archive.ubuntu.com/ubuntu noble/universe amd64 libwildmidi2 amd64 0.4.3-1build3 [68.5 kB]
2026-10-07T22:19:41.4893645Z Get:174 http://azure.archive.ubuntu.com/ubuntu noble/main amd64 libwoff1 amd64 1.0.2-2build1 [45.3 kB]
2026-10-07T22:19:41.6279756Z Get:175 http://azure.archive.ubuntu.com/ubuntu noble/main amd64 libxcb-xkb1 amd64 1.15-1ubuntu2 [32.3 kB]
2026-10-07T22:19:41.7670005Z Get:176 http://azure.archive.ubuntu.com/ubuntu noble/main amd64 libxkbcommon-x11-0 amd64 1.6.0-1build1 [14.5 kB]
2026-10-07T22:19:41.9136847Z Get:177 http://azure.archive.ubuntu.com/ubuntu noble/universe amd64 libzbar0t64 amd64 0.23.93-4build3 [123 kB]
2026-10-07T22:19:42.0557872Z Get:178 http://azure.archive.ubuntu.com/ubuntu noble/universe amd64 libzxing3 amd64 2.2.1-3 [583 kB]
2026-10-07T22:19:42.2185386Z Get:179 http://azure.archive.ubuntu.com/ubuntu noble/main amd64 xfonts-encodings all 1:1.0.5-0ubuntu2 [578 kB]
2026-10-07T22:19:42.3795688Z Get:180 http://azure.archive.ubuntu.com/ubuntu noble/main amd64 xfonts-utils amd64 1:7.7+6build3 [94.4 kB]
2026-10-07T22:19:42.5202997Z Get:181 http://azure.archive.ubuntu.com/ubuntu noble/universe amd64 xfonts-cyrillic all 1:1.0.5+nmu1 [384 kB]
2026-10-07T22:19:42.6740283Z Get:182 http://azure.archive.ubuntu.com/ubuntu noble/main amd64 xfonts-scalable all 1:1.0.3-1.3 [304 kB]
2026-10-07T22:19:42.8160362Z Get:183 http://azure.archive.ubuntu.com/ubuntu noble/universe amd64 libgstreamer-plugins-bad1.0-0 amd64 1.24.2-1ubuntu4 [797 kB]
2026-10-07T22:19:42.9654349Z Get:184 http://azure.archive.ubuntu.com/ubuntu noble/universe amd64 libdca0 amd64 0.0.7-2build1 [93.8 kB]
2026-10-07T22:19:43.1040789Z Get:185 http://azure.archive.ubuntu.com/ubuntu noble/universe amd64 libopenal1 amd64 1:1.23.1-4build1 [540 kB]
2026-10-07T22:19:43.2494399Z Get:186 http://azure.archive.ubuntu.com/ubuntu noble/main amd64 libsbc1 amd64 2.0-1build1 [33.9 kB]
2026-10-07T22:19:43.3878272Z Get:187 http://azure.archive.ubuntu.com/ubuntu noble/universe amd64 libvo-aacenc0 amd64 0.1.3-2build1 [67.8 kB]
2026-10-07T22:19:43.5262229Z Get:188 http://azure.archive.ubuntu.com/ubuntu noble/universe amd64 libvo-amrwbenc0 amd64 0.1.3-2build1 [76.7 kB]
2026-10-07T22:19:43.6660578Z Get:189 http://azure.archive.ubuntu.com/ubuntu noble/universe amd64 gstreamer1.0-plugins-bad amd64 1.24.2-1ubuntu4 [3081 kB]
2026-10-07T22:19:44.1272964Z Fetched 126 MB in 33s (3764 kB/s)
2026-10-07T22:19:44.1522028Z Selecting previously unselected package fonts-ipafont-gothic.
2026-10-07T22:19:44.1824837Z (Reading database ... 
2026-10-07T22:19:44.1825523Z (Reading database ... 5%
2026-10-07T22:19:44.1825957Z (Reading database ... 10%
2026-10-07T22:19:44.1826365Z (Reading database ... 15%
2026-10-07T22:19:44.1826750Z (Reading database ... 20%
2026-10-07T22:19:44.1827111Z (Reading database ... 25%
2026-10-07T22:19:44.1827931Z (Reading database ... 30%
2026-10-07T22:19:44.1828483Z (Reading database ... 35%
2026-10-07T22:19:44.1828977Z (Reading database ... 40%
2026-10-07T22:19:44.1829496Z (Reading database ... 45%
2026-10-07T22:19:44.1829948Z (Reading database ... 50%
2026-10-07T22:19:44.1870646Z (Reading database ... 55%
2026-10-07T22:19:44.3245581Z (Reading database ... 60%
2026-10-07T22:19:44.5163976Z (Reading database ... 65%
2026-10-07T22:19:44.7231857Z (Reading database ... 70%
2026-10-07T22:19:44.9235704Z (Reading database ... 75%
2026-10-07T22:19:45.0695497Z (Reading database ... 80%
2026-10-07T22:19:45.3155054Z (Reading database ... 85%
2026-10-07T22:19:45.5222675Z (Reading database ... 90%
2026-10-07T22:19:45.6767314Z (Reading database ... 95%
2026-10-07T22:19:45.6768137Z (Reading database ... 100%
2026-10-07T22:19:45.6768901Z (Reading database ... 202296 files and directories currently installed.)
2026-10-07T22:19:45.6813677Z Preparing to unpack .../000-fonts-ipafont-gothic_00303-21ubuntu1_all.deb ...
2026-10-07T22:19:45.6903089Z Unpacking fonts-ipafont-gothic (00303-21ubuntu1) ...
2026-10-07T22:19:45.9144905Z Selecting previously unselected package fonts-freefont-ttf.
2026-10-07T22:19:45.9270989Z Preparing to unpack .../001-fonts-freefont-ttf_20211204+svn4273-2_all.deb ...
2026-10-07T22:19:45.9277610Z Unpacking fonts-freefont-ttf (20211204+svn4273-2) ...
2026-10-07T22:19:46.0048450Z Selecting previously unselected package fonts-tlwg-loma-otf.
2026-10-07T22:19:46.0173353Z Preparing to unpack .../002-fonts-tlwg-loma-otf_1%3a0.7.3-1_all.deb ...
2026-10-07T22:19:46.0181670Z Unpacking fonts-tlwg-loma-otf (1:0.7.3-1) ...
2026-10-07T22:19:46.0382229Z Selecting previously unselected package fonts-unifont.
2026-10-07T22:19:46.0506527Z Preparing to unpack .../003-fonts-unifont_1%3a15.1.01-1build1_all.deb ...
2026-10-07T22:19:46.0513238Z Unpacking fonts-unifont (1:15.1.01-1build1) ...
2026-10-07T22:19:46.1570269Z Selecting previously unselected package fonts-wqy-zenhei.
2026-10-07T22:19:46.1696954Z Preparing to unpack .../004-fonts-wqy-zenhei_0.9.45-8_all.deb ...
2026-10-07T22:19:46.1795442Z Unpacking fonts-wqy-zenhei (0.9.45-8) ...
2026-10-07T22:19:46.6413306Z Selecting previously unselected package libproxy1v5:amd64.
2026-10-07T22:19:46.6535944Z Preparing to unpack .../005-libproxy1v5_0.5.4-4build1_amd64.deb ...
2026-10-07T22:19:46.6552607Z Unpacking libproxy1v5:amd64 (0.5.4-4build1) ...
2026-10-07T22:19:46.6752495Z Selecting previously unselected package glib-networking-common.
2026-10-07T22:19:46.6875708Z Preparing to unpack .../006-glib-networking-common_2.80.0-1build1_all.deb ...
2026-10-07T22:19:46.6882076Z Unpacking glib-networking-common (2.80.0-1build1) ...
2026-10-07T22:19:46.7082525Z Selecting previously unselected package glib-networking-services.
2026-10-07T22:19:46.7205693Z Preparing to unpack .../007-glib-networking-services_2.80.0-1build1_amd64.deb ...
2026-10-07T22:19:46.7212056Z Unpacking glib-networking-services (2.80.0-1build1) ...
2026-10-07T22:19:46.7407407Z Selecting previously unselected package session-migration.
2026-10-07T22:19:46.7531372Z Preparing to unpack .../008-session-migration_0.3.9build1_amd64.deb ...
2026-10-07T22:19:46.7537561Z Unpacking session-migration (0.3.9build1) ...
2026-10-07T22:19:46.7754717Z Selecting previously unselected package gsettings-desktop-schemas.
2026-10-07T22:19:46.7879344Z Preparing to unpack .../009-gsettings-desktop-schemas_46.1-0ubuntu1_all.deb ...
2026-10-07T22:19:46.7885761Z Unpacking gsettings-desktop-schemas (46.1-0ubuntu1) ...
2026-10-07T22:19:46.8352640Z Selecting previously unselected package glib-networking:amd64.
2026-10-07T22:19:46.8477275Z Preparing to unpack .../010-glib-networking_2.80.0-1build1_amd64.deb ...
2026-10-07T22:19:46.8483824Z Unpacking glib-networking:amd64 (2.80.0-1build1) ...
2026-10-07T22:19:46.8685467Z Selecting previously unselected package libva2:amd64.
2026-10-07T22:19:46.8809891Z Preparing to unpack .../011-libva2_2.20.0-2ubuntu0.2_amd64.deb ...
2026-10-07T22:19:46.8817298Z Unpacking libva2:amd64 (2.20.0-2ubuntu0.2) ...
2026-10-07T22:19:46.9022716Z Selecting previously unselected package libva-drm2:amd64.
2026-10-07T22:19:46.9149242Z Preparing to unpack .../012-libva-drm2_2.20.0-2ubuntu0.2_amd64.deb ...
2026-10-07T22:19:46.9156250Z Unpacking libva-drm2:amd64 (2.20.0-2ubuntu0.2) ...
2026-10-07T22:19:46.9369830Z Selecting previously unselected package libva-x11-2:amd64.
2026-10-07T22:19:46.9493936Z Preparing to unpack .../013-libva-x11-2_2.20.0-2ubuntu0.2_amd64.deb ...
2026-10-07T22:19:46.9502264Z Unpacking libva-x11-2:amd64 (2.20.0-2ubuntu0.2) ...
2026-10-07T22:19:46.9702133Z Selecting previously unselected package libvdpau1:amd64.
2026-10-07T22:19:46.9826155Z Preparing to unpack .../014-libvdpau1_1.5-2build1_amd64.deb ...
2026-10-07T22:19:46.9833826Z Unpacking libvdpau1:amd64 (1.5-2build1) ...
2026-10-07T22:19:47.0037734Z Selecting previously unselected package libvpl2.
2026-10-07T22:19:47.0164445Z Preparing to unpack .../015-libvpl2_2023.3.0-1build1_amd64.deb ...
2026-10-07T22:19:47.0172418Z Unpacking libvpl2 (2023.3.0-1build1) ...
2026-10-07T22:19:47.0414783Z Selecting previously unselected package ocl-icd-libopencl1:amd64.
2026-10-07T22:19:47.0542143Z Preparing to unpack .../016-ocl-icd-libopencl1_2.3.2-1build1_amd64.deb ...
2026-10-07T22:19:47.0551542Z Unpacking ocl-icd-libopencl1:amd64 (2.3.2-1build1) ...
2026-10-07T22:19:47.0867988Z Selecting previously unselected package libavutil58:amd64.
2026-10-07T22:19:47.0995460Z Preparing to unpack .../017-libavutil58_7%3a6.1.1-3ubuntu5_amd64.deb ...
2026-10-07T22:19:47.1004496Z Unpacking libavutil58:amd64 (7:6.1.1-3ubuntu5) ...
2026-10-07T22:19:47.1247265Z Selecting previously unselected package libcodec2-1.2:amd64.
2026-10-07T22:19:47.1374600Z Preparing to unpack .../018-libcodec2-1.2_1.2.0-2build1_amd64.deb ...
2026-10-07T22:19:47.1383107Z Unpacking libcodec2-1.2:amd64 (1.2.0-2build1) ...
2026-10-07T22:19:47.2096898Z Selecting previously unselected package libdav1d7:amd64.
2026-10-07T22:19:47.2223886Z Preparing to unpack .../019-libdav1d7_1.4.1-1build1_amd64.deb ...
2026-10-07T22:19:47.2231523Z Unpacking libdav1d7:amd64 (1.4.1-1build1) ...
2026-10-07T22:19:47.2491520Z Selecting previously unselected package libgsm1:amd64.
2026-10-07T22:19:47.2620486Z Preparing to unpack .../020-libgsm1_1.0.22-1build1_amd64.deb ...
2026-10-07T22:19:47.2629620Z Unpacking libgsm1:amd64 (1.0.22-1build1) ...
2026-10-07T22:19:47.2831823Z Selecting previously unselected package libhwy1t64:amd64.
2026-10-07T22:19:47.2958974Z Preparing to unpack .../021-libhwy1t64_1.0.7-8.1build1_amd64.deb ...
2026-10-07T22:19:47.2966731Z Unpacking libhwy1t64:amd64 (1.0.7-8.1build1) ...
2026-10-07T22:19:47.3274698Z Selecting previously unselected package libjxl0.7:amd64.
2026-10-07T22:19:47.3403965Z Preparing to unpack .../022-libjxl0.7_0.7.0-10.2ubuntu6.1_amd64.deb ...
2026-10-07T22:19:47.3412267Z Unpacking libjxl0.7:amd64 (0.7.0-10.2ubuntu6.1) ...
2026-10-07T22:19:47.3740743Z Selecting previously unselected package libmp3lame0:amd64.
2026-10-07T22:19:47.3872773Z Preparing to unpack .../023-libmp3lame0_3.100-6build1_amd64.deb ...
2026-10-07T22:19:47.3900028Z Unpacking libmp3lame0:amd64 (3.100-6build1) ...
2026-10-07T22:19:47.4102062Z Selecting previously unselected package libopus0:amd64.
2026-10-07T22:19:47.4229108Z Preparing to unpack .../024-libopus0_1.4-1build1_amd64.deb ...
2026-10-07T22:19:47.4237245Z Unpacking libopus0:amd64 (1.4-1build1) ...
2026-10-07T22:19:47.4462825Z Selecting previously unselected package librav1e0:amd64.
2026-10-07T22:19:47.4591243Z Preparing to unpack .../025-librav1e0_0.7.1-2_amd64.deb ...
2026-10-07T22:19:47.4599366Z Unpacking librav1e0:amd64 (0.7.1-2) ...
2026-10-07T22:19:47.4943911Z Selecting previously unselected package librsvg2-2:amd64.
2026-10-07T22:19:47.5071804Z Preparing to unpack .../026-librsvg2-2_2.58.0+dfsg-1ubuntu0.1_amd64.deb ...
2026-10-07T22:19:47.5079980Z Unpacking librsvg2-2:amd64 (2.58.0+dfsg-1ubuntu0.1) ...
2026-10-07T22:19:47.5535207Z Selecting previously unselected package libshine3:amd64.
2026-10-07T22:19:47.5663143Z Preparing to unpack .../027-libshine3_3.1.1-2build1_amd64.deb ...
2026-10-07T22:19:47.5670350Z Unpacking libshine3:amd64 (3.1.1-2build1) ...
2026-10-07T22:19:47.5872967Z Selecting previously unselected package libspeex1:amd64.
2026-10-07T22:19:47.6000068Z Preparing to unpack .../028-libspeex1_1.2.1-2ubuntu2.24.04.1_amd64.deb ...
2026-10-07T22:19:47.6009032Z Unpacking libspeex1:amd64 (1.2.1-2ubuntu2.24.04.1) ...
2026-10-07T22:19:47.6249082Z Selecting previously unselected package libsvtav1enc1d1:amd64.
2026-10-07T22:19:47.6425562Z Preparing to unpack .../029-libsvtav1enc1d1_1.7.0+dfsg-2build1_amd64.deb ...
2026-10-07T22:19:47.6435900Z Unpacking libsvtav1enc1d1:amd64 (1.7.0+dfsg-2build1) ...
2026-10-07T22:19:47.6905765Z Selecting previously unselected package libsoxr0:amd64.
2026-10-07T22:19:47.7032654Z Preparing to unpack .../030-libsoxr0_0.1.3-4build3_amd64.deb ...
2026-10-07T22:19:47.7042273Z Unpacking libsoxr0:amd64 (0.1.3-4build3) ...
2026-10-07T22:19:47.7255923Z Selecting previously unselected package libswresample4:amd64.
2026-10-07T22:19:47.7380922Z Preparing to unpack .../031-libswresample4_7%3a6.1.1-3ubuntu5_amd64.deb ...
2026-10-07T22:19:47.7388369Z Unpacking libswresample4:amd64 (7:6.1.1-3ubuntu5) ...
2026-10-07T22:19:47.7594272Z Selecting previously unselected package libtheora0:amd64.
2026-10-07T22:19:47.7720119Z Preparing to unpack .../032-libtheora0_1.1.1+dfsg.1-16.1build3_amd64.deb ...
2026-10-07T22:19:47.7727350Z Unpacking libtheora0:amd64 (1.1.1+dfsg.1-16.1build3) ...
2026-10-07T22:19:47.7958933Z Selecting previously unselected package libtwolame0:amd64.
2026-10-07T22:19:47.8082793Z Preparing to unpack .../033-libtwolame0_0.4.0-2build3_amd64.deb ...
2026-10-07T22:19:47.8109649Z Unpacking libtwolame0:amd64 (0.4.0-2build3) ...
2026-10-07T22:19:47.8312174Z Selecting previously unselected package libvorbisenc2:amd64.
2026-10-07T22:19:47.8436756Z Preparing to unpack .../034-libvorbisenc2_1.3.7-1build3_amd64.deb ...
2026-10-07T22:19:47.8444117Z Unpacking libvorbisenc2:amd64 (1.3.7-1build3) ...
2026-10-07T22:19:47.8664437Z Selecting previously unselected package libvpx9:amd64.
2026-10-07T22:19:47.8790473Z Preparing to unpack .../035-libvpx9_1.14.0-1ubuntu2.3_amd64.deb ...
2026-10-07T22:19:47.8797890Z Unpacking libvpx9:amd64 (1.14.0-1ubuntu2.3) ...
2026-10-07T22:19:47.9111469Z Selecting previously unselected package libx264-164:amd64.
2026-10-07T22:19:47.9238451Z Preparing to unpack .../036-libx264-164_2%3a0.164.3108+git31e19f9-1_amd64.deb ...
2026-10-07T22:19:47.9247317Z Unpacking libx264-164:amd64 (2:0.164.3108+git31e19f9-1) ...
2026-10-07T22:19:47.9511050Z Selecting previously unselected package libx265-199:amd64.
2026-10-07T22:19:47.9636681Z Preparing to unpack .../037-libx265-199_3.5-2build1_amd64.deb ...
2026-10-07T22:19:47.9643372Z Unpacking libx265-199:amd64 (3.5-2build1) ...
2026-10-07T22:19:48.0267287Z Selecting previously unselected package libxvidcore4:amd64.
2026-10-07T22:19:48.0393958Z Preparing to unpack .../038-libxvidcore4_2%3a1.3.7-1build1_amd64.deb ...
2026-10-07T22:19:48.0401147Z Unpacking libxvidcore4:amd64 (2:1.3.7-1build1) ...
2026-10-07T22:19:48.0615845Z Selecting previously unselected package libzvbi-common.
2026-10-07T22:19:48.0740837Z Preparing to unpack .../039-libzvbi-common_0.2.42-2_all.deb ...
2026-10-07T22:19:48.0747199Z Unpacking libzvbi-common (0.2.42-2) ...
2026-10-07T22:19:48.1530003Z Selecting previously unselected package libzvbi0t64:amd64.
2026-10-07T22:19:48.1654751Z Preparing to unpack .../040-libzvbi0t64_0.2.42-2_amd64.deb ...
2026-10-07T22:19:48.1661992Z Unpacking libzvbi0t64:amd64 (0.2.42-2) ...
2026-10-07T22:19:48.1892372Z Selecting previously unselected package libavcodec60:amd64.
2026-10-07T22:19:48.2019014Z Preparing to unpack .../041-libavcodec60_7%3a6.1.1-3ubuntu5_amd64.deb ...
2026-10-07T22:19:48.2026375Z Unpacking libavcodec60:amd64 (7:6.1.1-3ubuntu5) ...
2026-10-07T22:19:48.2948341Z Preparing to unpack .../042-libfreetype6_2.13.2+dfsg-1ubuntu0.2_amd64.deb ...
2026-10-07T22:19:48.2973822Z Unpacking libfreetype6:amd64 (2.13.2+dfsg-1ubuntu0.2) over (2.13.2+dfsg-1ubuntu0.1) ...
2026-10-07T22:19:48.3233986Z Selecting previously unselected package libunibreak5:amd64.
2026-10-07T22:19:48.3363143Z Preparing to unpack .../043-libunibreak5_5.1-2build1_amd64.deb ...
2026-10-07T22:19:48.3371359Z Unpacking libunibreak5:amd64 (5.1-2build1) ...
2026-10-07T22:19:48.3576163Z Selecting previously unselected package libass9:amd64.
2026-10-07T22:19:48.3701158Z Preparing to unpack .../044-libass9_1%3a0.17.1-2build1_amd64.deb ...
2026-10-07T22:19:48.3709494Z Unpacking libass9:amd64 (1:0.17.1-2build1) ...
2026-10-07T22:19:48.3925071Z Selecting previously unselected package libudfread0:amd64.
2026-10-07T22:19:48.4050085Z Preparing to unpack .../045-libudfread0_1.1.2-1build1_amd64.deb ...
2026-10-07T22:19:48.4057317Z Unpacking libudfread0:amd64 (1.1.2-1build1) ...
2026-10-07T22:19:48.4256086Z Selecting previously unselected package libbluray2:amd64.
2026-10-07T22:19:48.4380378Z Preparing to unpack .../046-libbluray2_1%3a1.3.4-1build1_amd64.deb ...
2026-10-07T22:19:48.4389832Z Unpacking libbluray2:amd64 (1:1.3.4-1build1) ...
2026-10-07T22:19:48.4604900Z Selecting previously unselected package libchromaprint1:amd64.
2026-10-07T22:19:48.4731051Z Preparing to unpack .../047-libchromaprint1_1.5.1-5_amd64.deb ...
2026-10-07T22:19:48.4739834Z Unpacking libchromaprint1:amd64 (1.5.1-5) ...
2026-10-07T22:19:48.4939599Z Selecting previously unselected package libgme0:amd64.
2026-10-07T22:19:48.5064170Z Preparing to unpack .../048-libgme0_0.6.3-7build1_amd64.deb ...
2026-10-07T22:19:48.5072154Z Unpacking libgme0:amd64 (0.6.3-7build1) ...
2026-10-07T22:19:48.5286269Z Selecting previously unselected package libmpg123-0t64:amd64.
2026-10-07T22:19:48.5411748Z Preparing to unpack .../049-libmpg123-0t64_1.32.5-1ubuntu1.1_amd64.deb ...
2026-10-07T22:19:48.5419579Z Unpacking libmpg123-0t64:amd64 (1.32.5-1ubuntu1.1) ...
2026-10-07T22:19:48.5631726Z Selecting previously unselected package libopenmpt0t64:amd64.
2026-10-07T22:19:48.5756377Z Preparing to unpack .../050-libopenmpt0t64_0.7.3-1.1build3_amd64.deb ...
2026-10-07T22:19:48.5765288Z Unpacking libopenmpt0t64:amd64 (0.7.3-1.1build3) ...
2026-10-07T22:19:48.6025870Z Selecting previously unselected package libcjson1:amd64.
2026-10-07T22:19:48.6151762Z Preparing to unpack .../051-libcjson1_1.7.17-1_amd64.deb ...
2026-10-07T22:19:48.6159094Z Unpacking libcjson1:amd64 (1.7.17-1) ...
2026-10-07T22:19:48.6357432Z Selecting previously unselected package libmbedcrypto7t64:amd64.
2026-10-07T22:19:48.6483391Z Preparing to unpack .../052-libmbedcrypto7t64_2.28.8-1_amd64.deb ...
2026-10-07T22:19:48.6490656Z Unpacking libmbedcrypto7t64:amd64 (2.28.8-1) ...
2026-10-07T22:19:48.6711152Z Selecting previously unselected package librist4:amd64.
2026-10-07T22:19:48.6838395Z Preparing to unpack .../053-librist4_0.2.10+dfsg-2_amd64.deb ...
2026-10-07T22:19:48.6845413Z Unpacking librist4:amd64 (0.2.10+dfsg-2) ...
2026-10-07T22:19:48.7060807Z Selecting previously unselected package libsrt1.5-gnutls:amd64.
2026-10-07T22:19:48.7185533Z Preparing to unpack .../054-libsrt1.5-gnutls_1.5.3-1build2_amd64.deb ...
2026-10-07T22:19:48.7193910Z Unpacking libsrt1.5-gnutls:amd64 (1.5.3-1build2) ...
2026-10-07T22:19:48.7432879Z Selecting previously unselected package libssh-gcrypt-4:amd64.
2026-10-07T22:19:48.7559093Z Preparing to unpack .../055-libssh-gcrypt-4_0.10.6-2ubuntu0.5_amd64.deb ...
2026-10-07T22:19:48.7567188Z Unpacking libssh-gcrypt-4:amd64 (0.10.6-2ubuntu0.5) ...
2026-10-07T22:19:48.7789196Z Selecting previously unselected package libavformat60:amd64.
2026-10-07T22:19:48.7914197Z Preparing to unpack .../056-libavformat60_7%3a6.1.1-3ubuntu5_amd64.deb ...
2026-10-07T22:19:48.7921041Z Unpacking libavformat60:amd64 (7:6.1.1-3ubuntu5) ...
2026-10-07T22:19:48.8220947Z Selecting previously unselected package libbs2b0:amd64.
2026-10-07T22:19:48.8345860Z Preparing to unpack .../057-libbs2b0_3.1.0+dfsg-7build1_amd64.deb ...
2026-10-07T22:19:48.8353334Z Unpacking libbs2b0:amd64 (3.1.0+dfsg-7build1) ...
2026-10-07T22:19:48.8565159Z Selecting previously unselected package libflite1:amd64.
2026-10-07T22:19:48.8692012Z Preparing to unpack .../058-libflite1_2.2-6build3_amd64.deb ...
2026-10-07T22:19:48.8699157Z Unpacking libflite1:amd64 (2.2-6build3) ...
2026-10-07T22:19:48.9748443Z Selecting previously unselected package libserd-0-0:amd64.
2026-10-07T22:19:48.9873351Z Preparing to unpack .../059-libserd-0-0_0.32.2-1_amd64.deb ...
2026-10-07T22:19:48.9881061Z Unpacking libserd-0-0:amd64 (0.32.2-1) ...
2026-10-07T22:19:49.0077081Z Selecting previously unselected package libzix-0-0:amd64.
2026-10-07T22:19:49.0202783Z Preparing to unpack .../060-libzix-0-0_0.4.2-2build1_amd64.deb ...
2026-10-07T22:19:49.0209991Z Unpacking libzix-0-0:amd64 (0.4.2-2build1) ...
2026-10-07T22:19:49.0413010Z Selecting previously unselected package libsord-0-0:amd64.
2026-10-07T22:19:49.0538524Z Preparing to unpack .../061-libsord-0-0_0.16.16-2build1_amd64.deb ...
2026-10-07T22:19:49.0546241Z Unpacking libsord-0-0:amd64 (0.16.16-2build1) ...
2026-10-07T22:19:49.0744086Z Selecting previously unselected package libsratom-0-0:amd64.
2026-10-07T22:19:49.0869822Z Preparing to unpack .../062-libsratom-0-0_0.6.16-1build1_amd64.deb ...
2026-10-07T22:19:49.0876693Z Unpacking libsratom-0-0:amd64 (0.6.16-1build1) ...
2026-10-07T22:19:49.1068184Z Selecting previously unselected package liblilv-0-0:amd64.
2026-10-07T22:19:49.1192338Z Preparing to unpack .../063-liblilv-0-0_0.24.22-1build1_amd64.deb ...
2026-10-07T22:19:49.1198958Z Unpacking liblilv-0-0:amd64 (0.24.22-1build1) ...
2026-10-07T22:19:49.1424541Z Selecting previously unselected package libmysofa1:amd64.
2026-10-07T22:19:49.1549271Z Preparing to unpack .../064-libmysofa1_1.3.2+dfsg-2ubuntu2_amd64.deb ...
2026-10-07T22:19:49.1557931Z Unpacking libmysofa1:amd64 (1.3.2+dfsg-2ubuntu2) ...
2026-10-07T22:19:49.1837864Z Selecting previously unselected package libplacebo338:amd64.
2026-10-07T22:19:49.1965799Z Preparing to unpack .../065-libplacebo338_6.338.2-2build1_amd64.deb ...
2026-10-07T22:19:49.1973431Z Unpacking libplacebo338:amd64 (6.338.2-2build1) ...
2026-10-07T22:19:49.2506532Z Selecting previously unselected package libblas3:amd64.
2026-10-07T22:19:49.2632953Z Preparing to unpack .../066-libblas3_3.12.0-3build1.1_amd64.deb ...
2026-10-07T22:19:49.2663754Z Unpacking libblas3:amd64 (3.12.0-3build1.1) ...
2026-10-07T22:19:49.2895737Z Selecting previously unselected package liblapack3:amd64.
2026-10-07T22:19:49.3023492Z Preparing to unpack .../067-liblapack3_3.12.0-3build1.1_amd64.deb ...
2026-10-07T22:19:49.3056243Z Unpacking liblapack3:amd64 (3.12.0-3build1.1) ...
2026-10-07T22:19:49.3525708Z Selecting previously unselected package libasyncns0:amd64.
2026-10-07T22:19:49.3655890Z Preparing to unpack .../068-libasyncns0_0.8-6build4_amd64.deb ...
2026-10-07T22:19:49.3664912Z Unpacking libasyncns0:amd64 (0.8-6build4) ...
2026-10-07T22:19:49.3866421Z Selecting previously unselected package libflac12t64:amd64.
2026-10-07T22:19:49.3992718Z Preparing to unpack .../069-libflac12t64_1.4.3+ds-2.1ubuntu2_amd64.deb ...
2026-10-07T22:19:49.4000249Z Unpacking libflac12t64:amd64 (1.4.3+ds-2.1ubuntu2) ...
2026-10-07T22:19:49.4219015Z Selecting previously unselected package libsndfile1:amd64.
2026-10-07T22:19:49.4344661Z Preparing to unpack .../070-libsndfile1_1.2.2-1ubuntu5.24.04.1_amd64.deb ...
2026-10-07T22:19:49.4351893Z Unpacking libsndfile1:amd64 (1.2.2-1ubuntu5.24.04.1) ...
2026-10-07T22:19:49.4588762Z Selecting previously unselected package libpulse0:amd64.
2026-10-07T22:19:49.4716846Z Preparing to unpack .../071-libpulse0_1%3a16.1+dfsg1-2ubuntu10.1_amd64.deb ...
2026-10-07T22:19:49.4779079Z Unpacking libpulse0:amd64 (1:16.1+dfsg1-2ubuntu10.1) ...
2026-10-07T22:19:49.5027772Z Selecting previously unselected package libsphinxbase3t64:amd64.
2026-10-07T22:19:49.5156768Z Preparing to unpack .../072-libsphinxbase3t64_0.8+5prealpha+1-17build2_amd64.deb ...
2026-10-07T22:19:49.5176417Z Unpacking libsphinxbase3t64:amd64 (0.8+5prealpha+1-17build2) ...
2026-10-07T22:19:49.5397046Z Selecting previously unselected package libpocketsphinx3:amd64.
2026-10-07T22:19:49.5526346Z Preparing to unpack .../073-libpocketsphinx3_0.8.0+real5prealpha+1-15ubuntu5_amd64.deb ...
2026-10-07T22:19:49.5534309Z Unpacking libpocketsphinx3:amd64 (0.8.0+real5prealpha+1-15ubuntu5) ...
2026-10-07T22:19:49.5749104Z Selecting previously unselected package libpostproc57:amd64.
2026-10-07T22:19:49.5878018Z Preparing to unpack .../074-libpostproc57_7%3a6.1.1-3ubuntu5_amd64.deb ...
2026-10-07T22:19:49.5886793Z Unpacking libpostproc57:amd64 (7:6.1.1-3ubuntu5) ...
2026-10-07T22:19:49.6096415Z Selecting previously unselected package libsamplerate0:amd64.
2026-10-07T22:19:49.6224474Z Preparing to unpack .../075-libsamplerate0_0.2.2-4build1_amd64.deb ...
2026-10-07T22:19:49.6232585Z Unpacking libsamplerate0:amd64 (0.2.2-4build1) ...
2026-10-07T22:19:49.6481622Z Selecting previously unselected package librubberband2:amd64.
2026-10-07T22:19:49.6606482Z Preparing to unpack .../076-librubberband2_3.3.0+dfsg-2build1_amd64.deb ...
2026-10-07T22:19:49.6615307Z Unpacking librubberband2:amd64 (3.3.0+dfsg-2build1) ...
2026-10-07T22:19:49.6825781Z Selecting previously unselected package libswscale7:amd64.
2026-10-07T22:19:49.6953313Z Preparing to unpack .../077-libswscale7_7%3a6.1.1-3ubuntu5_amd64.deb ...
2026-10-07T22:19:49.6962134Z Unpacking libswscale7:amd64 (7:6.1.1-3ubuntu5) ...
2026-10-07T22:19:49.7178091Z Selecting previously unselected package libvidstab1.1:amd64.
2026-10-07T22:19:49.7302562Z Preparing to unpack .../078-libvidstab1.1_1.1.0-2build1_amd64.deb ...
2026-10-07T22:19:49.7311473Z Unpacking libvidstab1.1:amd64 (1.1.0-2build1) ...
2026-10-07T22:19:49.7505943Z Selecting previously unselected package libzimg2:amd64.
2026-10-07T22:19:49.7631497Z Preparing to unpack .../079-libzimg2_3.0.5+ds1-1build1_amd64.deb ...
2026-10-07T22:19:49.7639115Z Unpacking libzimg2:amd64 (3.0.5+ds1-1build1) ...
2026-10-07T22:19:49.7889235Z Selecting previously unselected package libavfilter9:amd64.
2026-10-07T22:19:49.8014364Z Preparing to unpack .../080-libavfilter9_7%3a6.1.1-3ubuntu5_amd64.deb ...
2026-10-07T22:19:49.8040670Z Unpacking libavfilter9:amd64 (7:6.1.1-3ubuntu5) ...
2026-10-07T22:19:49.8951189Z Selecting previously unselected package liborc-0.4-0t64:amd64.
2026-10-07T22:19:49.9076983Z Preparing to unpack .../081-liborc-0.4-0t64_1%3a0.4.38-1ubuntu0.1_amd64.deb ...
2026-10-07T22:19:49.9083083Z Unpacking liborc-0.4-0t64:amd64 (1:0.4.38-1ubuntu0.1) ...
2026-10-07T22:19:49.9316949Z Selecting previously unselected package libgstreamer-plugins-base1.0-0:amd64.
2026-10-07T22:19:49.9445291Z Preparing to unpack .../082-libgstreamer-plugins-base1.0-0_1.24.2-1ubuntu0.5_amd64.deb ...
2026-10-07T22:19:49.9452406Z Unpacking libgstreamer-plugins-base1.0-0:amd64 (1.24.2-1ubuntu0.5) ...
2026-10-07T22:19:49.9769907Z Selecting previously unselected package gstreamer1.0-libav:amd64.
2026-10-07T22:19:49.9899362Z Preparing to unpack .../083-gstreamer1.0-libav_1.24.1-1build1_amd64.deb ...
2026-10-07T22:19:49.9907344Z Unpacking gstreamer1.0-libav:amd64 (1.24.1-1build1) ...
2026-10-07T22:19:50.0122961Z Selecting previously unselected package libcdparanoia0:amd64.
2026-10-07T22:19:50.0253563Z Preparing to unpack .../084-libcdparanoia0_3.10.2+debian-14build3_amd64.deb ...
2026-10-07T22:19:50.0262232Z Unpacking libcdparanoia0:amd64 (3.10.2+debian-14build3) ...
2026-10-07T22:19:50.0483233Z Selecting previously unselected package libvisual-0.4-0:amd64.
2026-10-07T22:19:50.0611325Z Preparing to unpack .../085-libvisual-0.4-0_0.4.2-2build1_amd64.deb ...
2026-10-07T22:19:50.0618497Z Unpacking libvisual-0.4-0:amd64 (0.4.2-2build1) ...
2026-10-07T22:19:50.0840594Z Selecting previously unselected package gstreamer1.0-plugins-base:amd64.
2026-10-07T22:19:50.0968975Z Preparing to unpack .../086-gstreamer1.0-plugins-base_1.24.2-1ubuntu0.5_amd64.deb ...
2026-10-07T22:19:50.0975967Z Unpacking gstreamer1.0-plugins-base:amd64 (1.24.2-1ubuntu0.5) ...
2026-10-07T22:19:50.1307915Z Selecting previously unselected package libaa1:amd64.
2026-10-07T22:19:50.1435119Z Preparing to unpack .../087-libaa1_1.4p5-51.1_amd64.deb ...
2026-10-07T22:19:50.1441888Z Unpacking libaa1:amd64 (1.4p5-51.1) ...
2026-10-07T22:19:50.1654931Z Selecting previously unselected package libraw1394-11:amd64.
2026-10-07T22:19:50.1781041Z Preparing to unpack .../088-libraw1394-11_2.1.2-2build3_amd64.deb ...
2026-10-07T22:19:50.1787903Z Unpacking libraw1394-11:amd64 (2.1.2-2build3) ...
2026-10-07T22:19:50.1992685Z Selecting previously unselected package libavc1394-0:amd64.
2026-10-07T22:19:50.2119594Z Preparing to unpack .../089-libavc1394-0_0.5.4-5build3_amd64.deb ...
2026-10-07T22:19:50.2126217Z Unpacking libavc1394-0:amd64 (0.5.4-5build3) ...
2026-10-07T22:19:50.2326441Z Selecting previously unselected package libcaca0:amd64.
2026-10-07T22:19:50.2454429Z Preparing to unpack .../090-libcaca0_0.99.beta20-4ubuntu0.2_amd64.deb ...
2026-10-07T22:19:50.2470404Z Unpacking libcaca0:amd64 (0.99.beta20-4ubuntu0.2) ...
2026-10-07T22:19:50.2714141Z Selecting previously unselected package libdv4t64:amd64.
2026-10-07T22:19:50.2840766Z Preparing to unpack .../091-libdv4t64_1.0.0-17.1build1_amd64.deb ...
2026-10-07T22:19:50.2847897Z Unpacking libdv4t64:amd64 (1.0.0-17.1build1) ...
2026-10-07T22:19:50.3075387Z Selecting previously unselected package libgstreamer-plugins-good1.0-0:amd64.
2026-10-07T22:19:50.3202078Z Preparing to unpack .../092-libgstreamer-plugins-good1.0-0_1.24.2-1ubuntu1.8_amd64.deb ...
2026-10-07T22:19:50.3211301Z Unpacking libgstreamer-plugins-good1.0-0:amd64 (1.24.2-1ubuntu1.8) ...
2026-10-07T22:19:50.3422472Z Selecting previously unselected package libiec61883-0:amd64.
2026-10-07T22:19:50.3551406Z Preparing to unpack .../093-libiec61883-0_1.2.0-6build1_amd64.deb ...
2026-10-07T22:19:50.3559845Z Unpacking libiec61883-0:amd64 (1.2.0-6build1) ...
2026-10-07T22:19:50.3771244Z Selecting previously unselected package libshout3:amd64.
2026-10-07T22:19:50.3898793Z Preparing to unpack .../094-libshout3_2.4.6-1build2_amd64.deb ...
2026-10-07T22:19:50.3906832Z Unpacking libshout3:amd64 (2.4.6-1build2) ...
2026-10-07T22:19:50.4131565Z Selecting previously unselected package libtag1v5-vanilla:amd64.
2026-10-07T22:19:50.4257794Z Preparing to unpack .../095-libtag1v5-vanilla_1.13.1-1build1_amd64.deb ...
2026-10-07T22:19:50.4267816Z Unpacking libtag1v5-vanilla:amd64 (1.13.1-1build1) ...
2026-10-07T22:19:50.4498248Z Selecting previously unselected package libtag1v5:amd64.
2026-10-07T22:19:50.4625537Z Preparing to unpack .../096-libtag1v5_1.13.1-1build1_amd64.deb ...
2026-10-07T22:19:50.4684686Z Unpacking libtag1v5:amd64 (1.13.1-1build1) ...
2026-10-07T22:19:50.4882274Z Selecting previously unselected package libv4lconvert0t64:amd64.
2026-10-07T22:19:50.5007787Z Preparing to unpack .../097-libv4lconvert0t64_1.26.1-4build3_amd64.deb ...
2026-10-07T22:19:50.5016401Z Unpacking libv4lconvert0t64:amd64 (1.26.1-4build3) ...
2026-10-07T22:19:50.5235207Z Selecting previously unselected package libv4l-0t64:amd64.
2026-10-07T22:19:50.5363431Z Preparing to unpack .../098-libv4l-0t64_1.26.1-4build3_amd64.deb ...
2026-10-07T22:19:50.5371201Z Unpacking libv4l-0t64:amd64 (1.26.1-4build3) ...
2026-10-07T22:19:50.5597931Z Selecting previously unselected package libwavpack1:amd64.
2026-10-07T22:19:50.5724186Z Preparing to unpack .../099-libwavpack1_5.6.0-1build1_amd64.deb ...
2026-10-07T22:19:50.5759798Z Unpacking libwavpack1:amd64 (5.6.0-1build1) ...
2026-10-07T22:19:50.5954839Z Selecting previously unselected package libsoup-3.0-common.
2026-10-07T22:19:50.6081035Z Preparing to unpack .../100-libsoup-3.0-common_3.4.4-5ubuntu0.9_all.deb ...
2026-10-07T22:19:50.6088243Z Unpacking libsoup-3.0-common (3.4.4-5ubuntu0.9) ...
2026-10-07T22:19:50.6278810Z Selecting previously unselected package libsoup-3.0-0:amd64.
2026-10-07T22:19:50.6404625Z Preparing to unpack .../101-libsoup-3.0-0_3.4.4-5ubuntu0.9_amd64.deb ...
2026-10-07T22:19:50.6412000Z Unpacking libsoup-3.0-0:amd64 (3.4.4-5ubuntu0.9) ...
2026-10-07T22:19:50.6642747Z Selecting previously unselected package gstreamer1.0-plugins-good:amd64.
2026-10-07T22:19:50.6769734Z Preparing to unpack .../102-gstreamer1.0-plugins-good_1.24.2-1ubuntu1.8_amd64.deb ...
2026-10-07T22:19:50.6776389Z Unpacking gstreamer1.0-plugins-good:amd64 (1.24.2-1ubuntu1.8) ...
2026-10-07T22:19:50.7315464Z Selecting previously unselected package libabsl20220623t64:amd64.
2026-10-07T22:19:50.7443255Z Preparing to unpack .../103-libabsl20220623t64_20220623.1-3.1ubuntu3.2_amd64.deb ...
2026-10-07T22:19:50.7452848Z Unpacking libabsl20220623t64:amd64 (20220623.1-3.1ubuntu3.2) ...
2026-10-07T22:19:50.7871828Z Selecting previously unselected package libgav1-1:amd64.
2026-10-07T22:19:50.7999463Z Preparing to unpack .../104-libgav1-1_0.18.0-1build3_amd64.deb ...
2026-10-07T22:19:50.8007820Z Unpacking libgav1-1:amd64 (0.18.0-1build3) ...
2026-10-07T22:19:50.8243175Z Selecting previously unselected package libyuv0:amd64.
2026-10-07T22:19:50.8369475Z Preparing to unpack .../105-libyuv0_0.0~git202401110.af6ac82-1_amd64.deb ...
2026-10-07T22:19:50.8377857Z Unpacking libyuv0:amd64 (0.0~git202401110.af6ac82-1) ...
2026-10-07T22:19:50.8598679Z Selecting previously unselected package libavif16:amd64.
2026-10-07T22:19:50.8724452Z Preparing to unpack .../106-libavif16_1.0.4-1ubuntu3_amd64.deb ...
2026-10-07T22:19:50.8731110Z Unpacking libavif16:amd64 (1.0.4-1ubuntu3) ...
2026-10-07T22:19:50.8933959Z Selecting previously unselected package libavtp0:amd64.
2026-10-07T22:19:50.9061570Z Preparing to unpack .../107-libavtp0_0.2.0-1build1_amd64.deb ...
2026-10-07T22:19:50.9069827Z Unpacking libavtp0:amd64 (0.2.0-1build1) ...
2026-10-07T22:19:50.9271763Z Selecting previously unselected package libcairo-script-interpreter2:amd64.
2026-10-07T22:19:50.9396947Z Preparing to unpack .../108-libcairo-script-interpreter2_1.18.0-3build1_amd64.deb ...
2026-10-07T22:19:50.9404184Z Unpacking libcairo-script-interpreter2:amd64 (1.18.0-3build1) ...
2026-10-07T22:19:50.9610976Z Selecting previously unselected package libdc1394-25:amd64.
2026-10-07T22:19:50.9738384Z Preparing to unpack .../109-libdc1394-25_2.2.6-4build1_amd64.deb ...
2026-10-07T22:19:50.9744875Z Unpacking libdc1394-25:amd64 (2.2.6-4build1) ...
2026-10-07T22:19:50.9957415Z Selecting previously unselected package libde265-0:amd64.
2026-10-07T22:19:51.0084099Z Preparing to unpack .../110-libde265-0_1.0.15-1ubuntu0.1_amd64.deb ...
2026-10-07T22:19:51.0090910Z Unpacking libde265-0:amd64 (1.0.15-1ubuntu0.1) ...
2026-10-07T22:19:51.0343167Z Selecting previously unselected package libdecor-0-0:amd64.
2026-10-07T22:19:51.0472463Z Preparing to unpack .../111-libdecor-0-0_0.2.2-1build2_amd64.deb ...
2026-10-07T22:19:51.0479862Z Unpacking libdecor-0-0:amd64 (0.2.2-1build2) ...
2026-10-07T22:19:51.0692817Z Selecting previously unselected package libgles2:amd64.
2026-10-07T22:19:51.0819648Z Preparing to unpack .../112-libgles2_1.7.0-1build1_amd64.deb ...
2026-10-07T22:19:51.0826941Z Unpacking libgles2:amd64 (1.7.0-1build1) ...
2026-10-07T22:19:51.1032714Z Selecting previously unselected package libdirectfb-1.7-7t64:amd64.
2026-10-07T22:19:51.1160083Z Preparing to unpack .../113-libdirectfb-1.7-7t64_1.7.7-11.1ubuntu2_amd64.deb ...
2026-10-07T22:19:51.1167811Z Unpacking libdirectfb-1.7-7t64:amd64 (1.7.7-11.1ubuntu2) ...
2026-10-07T22:19:51.1556776Z Selecting previously unselected package libdvdread8t64:amd64.
2026-10-07T22:19:51.1683663Z Preparing to unpack .../114-libdvdread8t64_6.1.3-1.1build1_amd64.deb ...
2026-10-07T22:19:51.1692499Z Unpacking libdvdread8t64:amd64 (6.1.3-1.1build1) ...
2026-10-07T22:19:51.1905418Z Selecting previously unselected package libdvdnav4:amd64.
2026-10-07T22:19:51.2031468Z Preparing to unpack .../115-libdvdnav4_6.1.1-3build1_amd64.deb ...
2026-10-07T22:19:51.2038335Z Unpacking libdvdnav4:amd64 (6.1.1-3build1) ...
2026-10-07T22:19:51.2378392Z Preparing to unpack .../116-libgl1-mesa-dri_25.2.8-0ubuntu0.24.04.4_amd64.deb ...
2026-10-07T22:19:51.2520765Z Unpacking libgl1-mesa-dri:amd64 (25.2.8-0ubuntu0.24.04.4) over (25.2.8-0ubuntu0.24.04.2) ...
2026-10-07T22:19:51.3001600Z Preparing to unpack .../117-libglx-mesa0_25.2.8-0ubuntu0.24.04.4_amd64.deb ...
2026-10-07T22:19:51.3023954Z Unpacking libglx-mesa0:amd64 (25.2.8-0ubuntu0.24.04.4) over (25.2.8-0ubuntu0.24.04.2) ...
2026-10-07T22:19:51.3388469Z Preparing to unpack .../118-libgbm1_25.2.8-0ubuntu0.24.04.4_amd64.deb ...
2026-10-07T22:19:51.3409317Z Unpacking libgbm1:amd64 (25.2.8-0ubuntu0.24.04.4) over (25.2.8-0ubuntu0.24.04.2) ...
2026-10-07T22:19:51.3787585Z Preparing to unpack .../119-mesa-libgallium_25.2.8-0ubuntu0.24.04.4_amd64.deb ...
2026-10-07T22:19:51.3811892Z Unpacking mesa-libgallium:amd64 (25.2.8-0ubuntu0.24.04.4) over (25.2.8-0ubuntu0.24.04.2) ...
2026-10-07T22:19:51.5461921Z Selecting previously unselected package libegl-mesa0:amd64.
2026-10-07T22:19:51.5588651Z Preparing to unpack .../120-libegl-mesa0_25.2.8-0ubuntu0.24.04.4_amd64.deb ...
2026-10-07T22:19:51.5595194Z Unpacking libegl-mesa0:amd64 (25.2.8-0ubuntu0.24.04.4) ...
2026-10-07T22:19:51.5847348Z Selecting previously unselected package libevent-2.1-7t64:amd64.
2026-10-07T22:19:51.5974249Z Preparing to unpack .../121-libevent-2.1-7t64_2.1.12-stable-9ubuntu2.2_amd64.deb ...
2026-10-07T22:19:51.5981889Z Unpacking libevent-2.1-7t64:amd64 (2.1.12-stable-9ubuntu2.2) ...
2026-10-07T22:19:51.6332718Z Preparing to unpack .../122-libevent-pthreads-2.1-7t64_2.1.12-stable-9ubuntu2.2_amd64.deb ...
2026-10-07T22:19:51.6410042Z Unpacking libevent-pthreads-2.1-7t64:amd64 (2.1.12-stable-9ubuntu2.2) over (2.1.12-stable-9ubuntu2.1) ...
2026-10-07T22:19:51.6776300Z Preparing to unpack .../123-libevent-core-2.1-7t64_2.1.12-stable-9ubuntu2.2_amd64.deb ...
2026-10-07T22:19:51.6885655Z Unpacking libevent-core-2.1-7t64:amd64 (2.1.12-stable-9ubuntu2.2) over (2.1.12-stable-9ubuntu2.1) ...
2026-10-07T22:19:51.7117871Z Selecting previously unselected package libfaad2:amd64.
2026-10-07T22:19:51.7249234Z Preparing to unpack .../124-libfaad2_2.11.1-1build1_amd64.deb ...
2026-10-07T22:19:51.7263749Z Unpacking libfaad2:amd64 (2.11.1-1build1) ...
2026-10-07T22:19:51.7490724Z Selecting previously unselected package libinstpatch-1.0-2:amd64.
2026-10-07T22:19:51.7619639Z Preparing to unpack .../125-libinstpatch-1.0-2_1.1.6-1build2_amd64.deb ...
2026-10-07T22:19:51.7627107Z Unpacking libinstpatch-1.0-2:amd64 (1.1.6-1build2) ...
2026-10-07T22:19:51.7860712Z Selecting previously unselected package libjack-jackd2-0:amd64.
2026-10-07T22:19:51.7986331Z Preparing to unpack .../126-libjack-jackd2-0_1.9.21~dfsg-3ubuntu3_amd64.deb ...
2026-10-07T22:19:51.7994145Z Unpacking libjack-jackd2-0:amd64 (1.9.21~dfsg-3ubuntu3) ...
2026-10-07T22:19:51.8240210Z Selecting previously unselected package libwebrtc-audio-processing1:amd64.
2026-10-07T22:19:51.8365095Z Preparing to unpack .../127-libwebrtc-audio-processing1_0.3.1-0ubuntu6_amd64.deb ...
2026-10-07T22:19:51.8374701Z Unpacking libwebrtc-audio-processing1:amd64 (0.3.1-0ubuntu6) ...
2026-10-07T22:19:51.8595396Z Selecting previously unselected package libspa-0.2-modules:amd64.
2026-10-07T22:19:51.8720973Z Preparing to unpack .../128-libspa-0.2-modules_1.0.5-1ubuntu3.3_amd64.deb ...
2026-10-07T22:19:51.8727661Z Unpacking libspa-0.2-modules:amd64 (1.0.5-1ubuntu3.3) ...
2026-10-07T22:19:51.9043915Z Selecting previously unselected package libpipewire-0.3-0t64:amd64.
2026-10-07T22:19:51.9167942Z Preparing to unpack .../129-libpipewire-0.3-0t64_1.0.5-1ubuntu3.3_amd64.deb ...
2026-10-07T22:19:51.9178426Z Unpacking libpipewire-0.3-0t64:amd64 (1.0.5-1ubuntu3.3) ...
2026-10-07T22:19:51.9412626Z Selecting previously unselected package libsdl2-2.0-0:amd64.
2026-10-07T22:19:51.9537253Z Preparing to unpack .../130-libsdl2-2.0-0_2.30.0+dfsg-1ubuntu3.1_amd64.deb ...
2026-10-07T22:19:51.9544898Z Unpacking libsdl2-2.0-0:amd64 (2.30.0+dfsg-1ubuntu3.1) ...
2026-10-07T22:19:51.9825063Z Selecting previously unselected package timgm6mb-soundfont.
2026-10-07T22:19:51.9951247Z Preparing to unpack .../131-timgm6mb-soundfont_1.3-5_all.deb ...
2026-10-07T22:19:51.9960077Z Unpacking timgm6mb-soundfont (1.3-5) ...
2026-10-07T22:19:52.3344514Z Selecting previously unselected package libfluidsynth3:amd64.
2026-10-07T22:19:52.3472583Z Preparing to unpack .../132-libfluidsynth3_2.3.4-1build3_amd64.deb ...
2026-10-07T22:19:52.3480433Z Unpacking libfluidsynth3:amd64 (2.3.4-1build3) ...
2026-10-07T22:19:52.3714244Z Selecting previously unselected package libfreeaptx0:amd64.
2026-10-07T22:19:52.3839847Z Preparing to unpack .../133-libfreeaptx0_0.1.1-2build1_amd64.deb ...
2026-10-07T22:19:52.3847084Z Unpacking libfreeaptx0:amd64 (0.1.1-2build1) ...
2026-10-07T22:19:52.4061613Z Selecting previously unselected package libgraphene-1.0-0:amd64.
2026-10-07T22:19:52.4187918Z Preparing to unpack .../134-libgraphene-1.0-0_1.10.8-3build2_amd64.deb ...
2026-10-07T22:19:52.4196993Z Unpacking libgraphene-1.0-0:amd64 (1.10.8-3build2) ...
2026-10-07T22:19:52.4406765Z Selecting previously unselected package libgssdp-1.6-0:amd64.
2026-10-07T22:19:52.4533481Z Preparing to unpack .../135-libgssdp-1.6-0_1.6.3-1build3_amd64.deb ...
2026-10-07T22:19:52.4552217Z Unpacking libgssdp-1.6-0:amd64 (1.6.3-1build3) ...
2026-10-07T22:19:52.4762163Z Selecting previously unselected package libegl1:amd64.
2026-10-07T22:19:52.4887038Z Preparing to unpack .../136-libegl1_1.7.0-1build1_amd64.deb ...
2026-10-07T22:19:52.4894859Z Unpacking libegl1:amd64 (1.7.0-1build1) ...
2026-10-07T22:19:52.5109255Z Selecting previously unselected package libgstreamer-gl1.0-0:amd64.
2026-10-07T22:19:52.5234464Z Preparing to unpack .../137-libgstreamer-gl1.0-0_1.24.2-1ubuntu0.5_amd64.deb ...
2026-10-07T22:19:52.5242353Z Unpacking libgstreamer-gl1.0-0:amd64 (1.24.2-1ubuntu0.5) ...
2026-10-07T22:19:52.5463573Z Selecting previously unselected package libgtk-4-common.
2026-10-07T22:19:52.5588800Z Preparing to unpack .../138-libgtk-4-common_4.14.5+ds-0ubuntu0.10_all.deb ...
2026-10-07T22:19:52.5597825Z Unpacking libgtk-4-common (4.14.5+ds-0ubuntu0.10) ...
2026-10-07T22:19:52.6058244Z Selecting previously unselected package libgtk-4-1:amd64.
2026-10-07T22:19:52.6183020Z Preparing to unpack .../139-libgtk-4-1_4.14.5+ds-0ubuntu0.10_amd64.deb ...
2026-10-07T22:19:52.6191006Z Unpacking libgtk-4-1:amd64 (4.14.5+ds-0ubuntu0.10) ...
2026-10-07T22:19:52.6840009Z Selecting previously unselected package libgupnp-1.6-0:amd64.
2026-10-07T22:19:52.6964255Z Preparing to unpack .../140-libgupnp-1.6-0_1.6.6-1build3_amd64.deb ...
2026-10-07T22:19:52.6971379Z Unpacking libgupnp-1.6-0:amd64 (1.6.6-1build3) ...
2026-10-07T22:19:52.7187106Z Selecting previously unselected package libgupnp-igd-1.6-0:amd64.
2026-10-07T22:19:52.7312277Z Preparing to unpack .../141-libgupnp-igd-1.6-0_1.6.0-3build3_amd64.deb ...
2026-10-07T22:19:52.7321175Z Unpacking libgupnp-igd-1.6-0:amd64 (1.6.0-3build3) ...
2026-10-07T22:19:52.7524333Z Selecting previously unselected package libharfbuzz-icu0:amd64.
2026-10-07T22:19:52.7650518Z Preparing to unpack .../142-libharfbuzz-icu0_8.3.0-2build2_amd64.deb ...
2026-10-07T22:19:52.7658497Z Unpacking libharfbuzz-icu0:amd64 (8.3.0-2build2) ...
2026-10-07T22:19:52.7876492Z Selecting previously unselected package libhyphen0:amd64.
2026-10-07T22:19:52.8002615Z Preparing to unpack .../143-libhyphen0_2.8.8-7build3_amd64.deb ...
2026-10-07T22:19:52.8011971Z Unpacking libhyphen0:amd64 (2.8.8-7build3) ...
2026-10-07T22:19:52.8218466Z Selecting previously unselected package libimath-3-1-29t64:amd64.
2026-10-07T22:19:52.8343500Z Preparing to unpack .../144-libimath-3-1-29t64_3.1.9-3.1ubuntu2_amd64.deb ...
2026-10-07T22:19:52.8350330Z Unpacking libimath-3-1-29t64:amd64 (3.1.9-3.1ubuntu2) ...
2026-10-07T22:19:52.8569032Z Selecting previously unselected package liblc3-1:amd64.
2026-10-07T22:19:52.8693249Z Preparing to unpack .../145-liblc3-1_1.0.4-3build1_amd64.deb ...
2026-10-07T22:19:52.8700680Z Unpacking liblc3-1:amd64 (1.0.4-3build1) ...
2026-10-07T22:19:52.8908341Z Selecting previously unselected package libldacbt-enc2:amd64.
2026-10-07T22:19:52.9033380Z Preparing to unpack .../146-libldacbt-enc2_2.0.2.3+git20200429+ed310a0-4ubuntu2_amd64.deb ...
2026-10-07T22:19:52.9040652Z Unpacking libldacbt-enc2:amd64 (2.0.2.3+git20200429+ed310a0-4ubuntu2) ...
2026-10-07T22:19:52.9241522Z Selecting previously unselected package libraptor2-0:amd64.
2026-10-07T22:19:52.9365732Z Preparing to unpack .../147-libraptor2-0_2.0.16-3ubuntu0.1_amd64.deb ...
2026-10-07T22:19:52.9373766Z Unpacking libraptor2-0:amd64 (2.0.16-3ubuntu0.1) ...
2026-10-07T22:19:52.9592247Z Selecting previously unselected package liblrdf0:amd64.
2026-10-07T22:19:52.9718342Z Preparing to unpack .../148-liblrdf0_0.6.1-4build1_amd64.deb ...
2026-10-07T22:19:52.9727401Z Unpacking liblrdf0:amd64 (0.6.1-4build1) ...
2026-10-07T22:19:52.9936722Z Selecting previously unselected package libltc11:amd64.
2026-10-07T22:19:53.0062361Z Preparing to unpack .../149-libltc11_1.3.2-1build1_amd64.deb ...
2026-10-07T22:19:53.0082700Z Unpacking libltc11:amd64 (1.3.2-1build1) ...
2026-10-07T22:19:53.0283292Z Selecting previously unselected package libmanette-0.2-0:amd64.
2026-10-07T22:19:53.0408510Z Preparing to unpack .../150-libmanette-0.2-0_0.2.7-1build2_amd64.deb ...
2026-10-07T22:19:53.0415300Z Unpacking libmanette-0.2-0:amd64 (0.2.7-1build2) ...
2026-10-07T22:19:53.0626111Z Selecting previously unselected package libmfx1:amd64.
2026-10-07T22:19:53.0753006Z Preparing to unpack .../151-libmfx1_22.5.4-1_amd64.deb ...
2026-10-07T22:19:53.0760236Z Unpacking libmfx1:amd64 (22.5.4-1) ...
2026-10-07T22:19:53.1634561Z Selecting previously unselected package libmjpegutils-2.1-0t64:amd64.
2026-10-07T22:19:53.1760429Z Preparing to unpack .../152-libmjpegutils-2.1-0t64_1%3a2.1.0+debian-8.1build1_amd64.deb ...
2026-10-07T22:19:53.1767911Z Unpacking libmjpegutils-2.1-0t64:amd64 (1:2.1.0+debian-8.1build1) ...
2026-10-07T22:19:53.1974414Z Selecting previously unselected package libmodplug1:amd64.
2026-10-07T22:19:53.2098841Z Preparing to unpack .../153-libmodplug1_1%3a0.8.9.0-3build1_amd64.deb ...
2026-10-07T22:19:53.2106154Z Unpacking libmodplug1:amd64 (1:0.8.9.0-3build1) ...
2026-10-07T22:19:53.2328974Z Selecting previously unselected package libmpcdec6:amd64.
2026-10-07T22:19:53.2454546Z Preparing to unpack .../154-libmpcdec6_2%3a0.1~r495-2build1_amd64.deb ...
2026-10-07T22:19:53.2462290Z Unpacking libmpcdec6:amd64 (2:0.1~r495-2build1) ...
2026-10-07T22:19:53.2663711Z Selecting previously unselected package libmpeg2encpp-2.1-0t64:amd64.
2026-10-07T22:19:53.2789475Z Preparing to unpack .../155-libmpeg2encpp-2.1-0t64_1%3a2.1.0+debian-8.1build1_amd64.deb ...
2026-10-07T22:19:53.2797959Z Unpacking libmpeg2encpp-2.1-0t64:amd64 (1:2.1.0+debian-8.1build1) ...
2026-10-07T22:19:53.3005954Z Selecting previously unselected package libmplex2-2.1-0t64:amd64.
2026-10-07T22:19:53.3131801Z Preparing to unpack .../156-libmplex2-2.1-0t64_1%3a2.1.0+debian-8.1build1_amd64.deb ...
2026-10-07T22:19:53.3140428Z Unpacking libmplex2-2.1-0t64:amd64 (1:2.1.0+debian-8.1build1) ...
2026-10-07T22:19:53.3351278Z Selecting previously unselected package libneon27t64:amd64.
2026-10-07T22:19:53.3476431Z Preparing to unpack .../157-libneon27t64_0.33.0-1.1build3_amd64.deb ...
2026-10-07T22:19:53.3484641Z Unpacking libneon27t64:amd64 (0.33.0-1.1build3) ...
2026-10-07T22:19:53.3939519Z Selecting previously unselected package libnice10:amd64.
2026-10-07T22:19:53.4065464Z Preparing to unpack .../158-libnice10_0.1.21-2build3_amd64.deb ...
2026-10-07T22:19:53.4073112Z Unpacking libnice10:amd64 (0.1.21-2build3) ...
2026-10-07T22:19:53.4296907Z Selecting previously unselected package libopenal-data.
2026-10-07T22:19:53.4424982Z Preparing to unpack .../159-libopenal-data_1%3a1.23.1-4build1_all.deb ...
2026-10-07T22:19:53.4431897Z Unpacking libopenal-data (1:1.23.1-4build1) ...
2026-10-07T22:19:53.4661868Z Selecting previously unselected package libopenexr-3-1-30:amd64.
2026-10-07T22:19:53.4786687Z Preparing to unpack .../160-libopenexr-3-1-30_3.1.5-5.1build3_amd64.deb ...
2026-10-07T22:19:53.4797358Z Unpacking libopenexr-3-1-30:amd64 (3.1.5-5.1build3) ...
2026-10-07T22:19:53.5162252Z Selecting previously unselected package libopenh264-7:amd64.
2026-10-07T22:19:53.5289514Z Preparing to unpack .../161-libopenh264-7_2.4.1+dfsg-1_amd64.deb ...
2026-10-07T22:19:53.5299241Z Unpacking libopenh264-7:amd64 (2.4.1+dfsg-1) ...
2026-10-07T22:19:53.5556327Z Selecting previously unselected package libopenni2-0:amd64.
2026-10-07T22:19:53.5684143Z Preparing to unpack .../162-libopenni2-0_2.2.0.33+dfsg-18_amd64.deb ...
2026-10-07T22:19:53.5712662Z Unpacking libopenni2-0:amd64 (2.2.0.33+dfsg-18) ...
2026-10-07T22:19:53.5966560Z Selecting previously unselected package libqrencode4:amd64.
2026-10-07T22:19:53.6092535Z Preparing to unpack .../163-libqrencode4_4.1.1-1build2_amd64.deb ...
2026-10-07T22:19:53.6099394Z Unpacking libqrencode4:amd64 (4.1.1-1build2) ...
2026-10-07T22:19:53.6290565Z Selecting previously unselected package libsecret-common.
2026-10-07T22:19:53.6416157Z Preparing to unpack .../164-libsecret-common_0.21.4-1build3_all.deb ...
2026-10-07T22:19:53.6422454Z Unpacking libsecret-common (0.21.4-1build3) ...
2026-10-07T22:19:53.6619979Z Selecting previously unselected package libsecret-1-0:amd64.
2026-10-07T22:19:53.6747100Z Preparing to unpack .../165-libsecret-1-0_0.21.4-1build3_amd64.deb ...
2026-10-07T22:19:53.6755545Z Unpacking libsecret-1-0:amd64 (0.21.4-1build3) ...
2026-10-07T22:19:53.6967780Z Selecting previously unselected package libsndio7.0:amd64.
2026-10-07T22:19:53.7093865Z Preparing to unpack .../166-libsndio7.0_1.9.0-0.3build3_amd64.deb ...
2026-10-07T22:19:53.7101110Z Unpacking libsndio7.0:amd64 (1.9.0-0.3build3) ...
2026-10-07T22:19:53.7300576Z Selecting previously unselected package libsoundtouch1:amd64.
2026-10-07T22:19:53.7425747Z Preparing to unpack .../167-libsoundtouch1_2.3.2+ds1-1build1_amd64.deb ...
2026-10-07T22:19:53.7433074Z Unpacking libsoundtouch1:amd64 (2.3.2+ds1-1build1) ...
2026-10-07T22:19:53.7643334Z Selecting previously unselected package libspandsp2t64:amd64.
2026-10-07T22:19:53.7768943Z Preparing to unpack .../168-libspandsp2t64_0.0.6+dfsg-2.1build1_amd64.deb ...
2026-10-07T22:19:53.7775842Z Unpacking libspandsp2t64:amd64 (0.0.6+dfsg-2.1build1) ...
2026-10-07T22:19:53.8009487Z Selecting previously unselected package libsrtp2-1:amd64.
2026-10-07T22:19:53.8136055Z Preparing to unpack .../169-libsrtp2-1_2.5.0-3build1_amd64.deb ...
2026-10-07T22:19:53.8143192Z Unpacking libsrtp2-1:amd64 (2.5.0-3build1) ...
2026-10-07T22:19:53.8356790Z Selecting previously unselected package libwayland-server0:amd64.
2026-10-07T22:19:53.8483824Z Preparing to unpack .../170-libwayland-server0_1.22.0-2.1build1_amd64.deb ...
2026-10-07T22:19:53.8491245Z Unpacking libwayland-server0:amd64 (1.22.0-2.1build1) ...
2026-10-07T22:19:53.8691238Z Selecting previously unselected package libwildmidi2:amd64.
2026-10-07T22:19:53.8817297Z Preparing to unpack .../171-libwildmidi2_0.4.3-1build3_amd64.deb ...
2026-10-07T22:19:53.8824232Z Unpacking libwildmidi2:amd64 (0.4.3-1build3) ...
2026-10-07T22:19:53.9051320Z Selecting previously unselected package libwoff1:amd64.
2026-10-07T22:19:53.9176612Z Preparing to unpack .../172-libwoff1_1.0.2-2build1_amd64.deb ...
2026-10-07T22:19:53.9183931Z Unpacking libwoff1:amd64 (1.0.2-2build1) ...
2026-10-07T22:19:53.9393063Z Selecting previously unselected package libxcb-xkb1:amd64.
2026-10-07T22:19:53.9517776Z Preparing to unpack .../173-libxcb-xkb1_1.15-1ubuntu2_amd64.deb ...
2026-10-07T22:19:53.9525488Z Unpacking libxcb-xkb1:amd64 (1.15-1ubuntu2) ...
2026-10-07T22:19:53.9726369Z Selecting previously unselected package libxkbcommon-x11-0:amd64.
2026-10-07T22:19:53.9852407Z Preparing to unpack .../174-libxkbcommon-x11-0_1.6.0-1build1_amd64.deb ...
2026-10-07T22:19:53.9862524Z Unpacking libxkbcommon-x11-0:amd64 (1.6.0-1build1) ...
2026-10-07T22:19:54.0065359Z Selecting previously unselected package libzbar0t64:amd64.
2026-10-07T22:19:54.0192589Z Preparing to unpack .../175-libzbar0t64_0.23.93-4build3_amd64.deb ...
2026-10-07T22:19:54.0201210Z Unpacking libzbar0t64:amd64 (0.23.93-4build3) ...
2026-10-07T22:19:54.0423172Z Selecting previously unselected package libzxing3:amd64.
2026-10-07T22:19:54.0561138Z Preparing to unpack .../176-libzxing3_2.2.1-3_amd64.deb ...
2026-10-07T22:19:54.0567202Z Unpacking libzxing3:amd64 (2.2.1-3) ...
2026-10-07T22:19:54.0822321Z Selecting previously unselected package xfonts-encodings.
2026-10-07T22:19:54.0950285Z Preparing to unpack .../177-xfonts-encodings_1%3a1.0.5-0ubuntu2_all.deb ...
2026-10-07T22:19:54.0960669Z Unpacking xfonts-encodings (1:1.0.5-0ubuntu2) ...
2026-10-07T22:19:54.1271808Z Selecting previously unselected package xfonts-utils.
2026-10-07T22:19:54.1400720Z Preparing to unpack .../178-xfonts-utils_1%3a7.7+6build3_amd64.deb ...
2026-10-07T22:19:54.1408229Z Unpacking xfonts-utils (1:7.7+6build3) ...
2026-10-07T22:19:54.1742894Z Selecting previously unselected package xfonts-cyrillic.
2026-10-07T22:19:54.1869420Z Preparing to unpack .../179-xfonts-cyrillic_1%3a1.0.5+nmu1_all.deb ...
2026-10-07T22:19:54.1876708Z Unpacking xfonts-cyrillic (1:1.0.5+nmu1) ...
2026-10-07T22:19:54.2206806Z Selecting previously unselected package xfonts-scalable.
2026-10-07T22:19:54.2334230Z Preparing to unpack .../180-xfonts-scalable_1%3a1.0.3-1.3_all.deb ...
2026-10-07T22:19:54.2343484Z Unpacking xfonts-scalable (1:1.0.3-1.3) ...
2026-10-07T22:19:54.2589744Z Selecting previously unselected package libgstreamer-plugins-bad1.0-0:amd64.
2026-10-07T22:19:54.2714125Z Preparing to unpack .../181-libgstreamer-plugins-bad1.0-0_1.24.2-1ubuntu4_amd64.deb ...
2026-10-07T22:19:54.2722082Z Unpacking libgstreamer-plugins-bad1.0-0:amd64 (1.24.2-1ubuntu4) ...
2026-10-07T22:19:54.3078153Z Selecting previously unselected package libdca0:amd64.
2026-10-07T22:19:54.3205251Z Preparing to unpack .../182-libdca0_0.0.7-2build1_amd64.deb ...
2026-10-07T22:19:54.3212065Z Unpacking libdca0:amd64 (0.0.7-2build1) ...
2026-10-07T22:19:54.3476017Z Selecting previously unselected package libopenal1:amd64.
2026-10-07T22:19:54.3604492Z Preparing to unpack .../183-libopenal1_1%3a1.23.1-4build1_amd64.deb ...
2026-10-07T22:19:54.3611871Z Unpacking libopenal1:amd64 (1:1.23.1-4build1) ...
2026-10-07T22:19:54.3872724Z Selecting previously unselected package libsbc1:amd64.
2026-10-07T22:19:54.4000310Z Preparing to unpack .../184-libsbc1_2.0-1build1_amd64.deb ...
2026-10-07T22:19:54.4011057Z Unpacking libsbc1:amd64 (2.0-1build1) ...
2026-10-07T22:19:54.4207079Z Selecting previously unselected package libvo-aacenc0:amd64.
2026-10-07T22:19:54.4333810Z Preparing to unpack .../185-libvo-aacenc0_0.1.3-2build1_amd64.deb ...
2026-10-07T22:19:54.4342578Z Unpacking libvo-aacenc0:amd64 (0.1.3-2build1) ...
2026-10-07T22:19:54.4564702Z Selecting previously unselected package libvo-amrwbenc0:amd64.
2026-10-07T22:19:54.4691023Z Preparing to unpack .../186-libvo-amrwbenc0_0.1.3-2build1_amd64.deb ...
2026-10-07T22:19:54.4698201Z Unpacking libvo-amrwbenc0:amd64 (0.1.3-2build1) ...
2026-10-07T22:19:54.4897372Z Selecting previously unselected package gstreamer1.0-plugins-bad:amd64.
2026-10-07T22:19:54.5022756Z Preparing to unpack .../187-gstreamer1.0-plugins-bad_1.24.2-1ubuntu4_amd64.deb ...
2026-10-07T22:19:54.5030051Z Unpacking gstreamer1.0-plugins-bad:amd64 (1.24.2-1ubuntu4) ...
2026-10-07T22:19:54.7200373Z Setting up libgme0:amd64 (0.6.3-7build1) ...
2026-10-07T22:19:54.7224434Z Setting up libchromaprint1:amd64 (1.5.1-5) ...
2026-10-07T22:19:54.7242187Z Setting up libssh-gcrypt-4:amd64 (0.10.6-2ubuntu0.5) ...
2026-10-07T22:19:54.7270087Z Setting up libhwy1t64:amd64 (1.0.7-8.1build1) ...
2026-10-07T22:19:54.7292055Z Setting up libfreeaptx0:amd64 (0.1.1-2build1) ...
2026-10-07T22:19:54.7310052Z Setting up libdvdread8t64:amd64 (6.1.3-1.1build1) ...
2026-10-07T22:19:54.7329344Z Setting up libudfread0:amd64 (1.1.2-1build1) ...
2026-10-07T22:19:54.7346929Z Setting up libmodplug1:amd64 (1:0.8.9.0-3build1) ...
2026-10-07T22:19:54.7366804Z Setting up libcdparanoia0:amd64 (3.10.2+debian-14build3) ...
2026-10-07T22:19:54.7386075Z Setting up libwayland-server0:amd64 (1.22.0-2.1build1) ...
2026-10-07T22:19:54.7405219Z Setting up libvo-amrwbenc0:amd64 (0.1.3-2build1) ...
2026-10-07T22:19:54.7427242Z Setting up mesa-libgallium:amd64 (25.2.8-0ubuntu0.24.04.4) ...
2026-10-07T22:19:54.7445030Z Setting up session-migration (0.3.9build1) ...
2026-10-07T22:19:54.8794186Z Created symlink /etc/systemd/user/graphical-session-pre.target.wants/session-migration.service → /usr/lib/systemd/user/session-migration.service.
2026-10-07T22:19:54.8795137Z 
2026-10-07T22:19:54.8824504Z Setting up libraw1394-11:amd64 (2.1.2-2build3) ...
2026-10-07T22:19:54.8846362Z Setting up libsbc1:amd64 (2.0-1build1) ...
2026-10-07T22:19:54.8891833Z Setting up libproxy1v5:amd64 (0.5.4-4build1) ...
2026-10-07T22:19:54.8913294Z Setting up libneon27t64:amd64 (0.33.0-1.1build3) ...
2026-10-07T22:19:54.8932508Z Setting up libtag1v5-vanilla:amd64 (1.13.1-1build1) ...
2026-10-07T22:19:54.8949584Z Setting up libharfbuzz-icu0:amd64 (8.3.0-2build2) ...
2026-10-07T22:19:54.8972093Z Setting up libopenni2-0:amd64 (2.2.0.33+dfsg-18) ...
2026-10-07T22:19:54.9342808Z Setting up libspeex1:amd64 (1.2.1-2ubuntu2.24.04.1) ...
2026-10-07T22:19:54.9359777Z Setting up libshine3:amd64 (3.1.1-2build1) ...
2026-10-07T22:19:54.9376760Z Setting up libcaca0:amd64 (0.99.beta20-4ubuntu0.2) ...
2026-10-07T22:19:54.9393717Z Setting up libvpl2 (2023.3.0-1build1) ...
2026-10-07T22:19:54.9414790Z Setting up libv4lconvert0t64:amd64 (1.26.1-4build3) ...
2026-10-07T22:19:54.9432718Z Setting up libx264-164:amd64 (2:0.164.3108+git31e19f9-1) ...
2026-10-07T22:19:54.9454949Z Setting up libtwolame0:amd64 (0.4.0-2build3) ...
2026-10-07T22:19:54.9473402Z Setting up libmbedcrypto7t64:amd64 (2.28.8-1) ...
2026-10-07T22:19:54.9491624Z Setting up libwoff1:amd64 (1.0.2-2build1) ...
2026-10-07T22:19:54.9509644Z Setting up liblc3-1:amd64 (1.0.4-3build1) ...
2026-10-07T22:19:54.9530840Z Setting up libqrencode4:amd64 (4.1.1-1build2) ...
2026-10-07T22:19:54.9547789Z Setting up libhyphen0:amd64 (2.8.8-7build3) ...
2026-10-07T22:19:54.9566670Z Setting up libgbm1:amd64 (25.2.8-0ubuntu0.24.04.4) ...
2026-10-07T22:19:54.9586414Z Setting up libgsm1:amd64 (1.0.22-1build1) ...
2026-10-07T22:19:54.9605857Z Setting up libvisual-0.4-0:amd64 (0.4.2-2build1) ...
2026-10-07T22:19:54.9622681Z Setting up libsoxr0:amd64 (0.1.3-4build3) ...
2026-10-07T22:19:54.9647399Z Setting up libzix-0-0:amd64 (0.4.2-2build1) ...
2026-10-07T22:19:54.9669359Z Setting up libcodec2-1.2:amd64 (1.2.0-2build1) ...
2026-10-07T22:19:54.9689572Z Setting up libmanette-0.2-0:amd64 (0.2.7-1build2) ...
2026-10-07T22:19:54.9708557Z Setting up libsrtp2-1:amd64 (2.5.0-3build1) ...
2026-10-07T22:19:54.9725493Z Setting up libgl1-mesa-dri:amd64 (25.2.8-0ubuntu0.24.04.4) ...
2026-10-07T22:19:54.9800359Z Setting up libmysofa1:amd64 (1.3.2+dfsg-2ubuntu2) ...
2026-10-07T22:19:54.9821088Z Setting up libraptor2-0:amd64 (2.0.16-3ubuntu0.1) ...
2026-10-07T22:19:54.9840105Z Setting up libldacbt-enc2:amd64 (2.0.2.3+git20200429+ed310a0-4ubuntu2) ...
2026-10-07T22:19:54.9857278Z Setting up fonts-wqy-zenhei (0.9.45-8) ...
2026-10-07T22:19:54.9999419Z Setting up libwebrtc-audio-processing1:amd64 (0.3.1-0ubuntu6) ...
2026-10-07T22:19:55.0021807Z Setting up fonts-freefont-ttf (20211204+svn4273-2) ...
2026-10-07T22:19:55.0039515Z Setting up libevent-2.1-7t64:amd64 (2.1.12-stable-9ubuntu2.2) ...
2026-10-07T22:19:55.0055897Z Setting up libsvtav1enc1d1:amd64 (1.7.0+dfsg-2build1) ...
2026-10-07T22:19:55.0073678Z Setting up libsoup-3.0-common (3.4.4-5ubuntu0.9) ...
2026-10-07T22:19:55.0093442Z Setting up libmpg123-0t64:amd64 (1.32.5-1ubuntu1.1) ...
2026-10-07T22:19:55.0112832Z Setting up libcjson1:amd64 (1.7.17-1) ...
2026-10-07T22:19:55.0133445Z Setting up libxvidcore4:amd64 (2:1.3.7-1build1) ...
2026-10-07T22:19:55.0151194Z Setting up libmpcdec6:amd64 (2:0.1~r495-2build1) ...
2026-10-07T22:19:55.0170265Z Setting up libmjpegutils-2.1-0t64:amd64 (1:2.1.0+debian-8.1build1) ...
2026-10-07T22:19:55.0187871Z Setting up librav1e0:amd64 (0.7.1-2) ...
2026-10-07T22:19:55.0206437Z Setting up liborc-0.4-0t64:amd64 (1:0.4.38-1ubuntu0.1) ...
2026-10-07T22:19:55.0228936Z Setting up libxcb-xkb1:amd64 (1.15-1ubuntu2) ...
2026-10-07T22:19:55.0245643Z Setting up libvo-aacenc0:amd64 (0.1.3-2build1) ...
2026-10-07T22:19:55.0264588Z Setting up librist4:amd64 (0.2.10+dfsg-2) ...
2026-10-07T22:19:55.0281809Z Setting up librsvg2-2:amd64 (2.58.0+dfsg-1ubuntu0.1) ...
2026-10-07T22:19:55.0303444Z Setting up libblas3:amd64 (3.12.0-3build1.1) ...
2026-10-07T22:19:55.0362737Z update-alternatives: using /usr/lib/x86_64-linux-gnu/blas/libblas.so.3 to provide /usr/lib/x86_64-linux-gnu/libblas.so.3 (libblas.so.3-x86_64-linux-gnu) in auto mode
2026-10-07T22:19:55.0377445Z Setting up libegl-mesa0:amd64 (25.2.8-0ubuntu0.24.04.4) ...
2026-10-07T22:19:55.0395057Z Setting up libsoundtouch1:amd64 (2.3.2+ds1-1build1) ...
2026-10-07T22:19:55.0417891Z Setting up libplacebo338:amd64 (6.338.2-2build1) ...
2026-10-07T22:19:55.0437356Z Setting up libgles2:amd64 (1.7.0-1build1) ...
2026-10-07T22:19:55.0457113Z Setting up fonts-tlwg-loma-otf (1:0.7.3-1) ...
2026-10-07T22:19:55.0474007Z Setting up libva2:amd64 (2.20.0-2ubuntu0.2) ...
2026-10-07T22:19:55.0491633Z Setting up libfreetype6:amd64 (2.13.2+dfsg-1ubuntu0.2) ...
2026-10-07T22:19:55.0511781Z Setting up libspa-0.2-modules:amd64 (1.0.5-1ubuntu3.3) ...
2026-10-07T22:19:55.0530155Z Setting up libzxing3:amd64 (2.2.1-3) ...
2026-10-07T22:19:55.0547563Z Setting up xfonts-encodings (1:1.0.5-0ubuntu2) ...
2026-10-07T22:19:55.0565778Z Setting up libopus0:amd64 (1.4-1build1) ...
2026-10-07T22:19:55.0588424Z Setting up libfaad2:amd64 (2.11.1-1build1) ...
2026-10-07T22:19:55.0615423Z Setting up libxkbcommon-x11-0:amd64 (1.6.0-1build1) ...
2026-10-07T22:19:55.0637448Z Setting up libdc1394-25:amd64 (2.2.6-4build1) ...
2026-10-07T22:19:55.0656575Z Setting up libimath-3-1-29t64:amd64 (3.1.9-3.1ubuntu2) ...
2026-10-07T22:19:55.0677015Z Setting up libunibreak5:amd64 (5.1-2build1) ...
2026-10-07T22:19:55.0696230Z Setting up libdv4t64:amd64 (1.0.0-17.1build1) ...
2026-10-07T22:19:55.0715997Z Setting up libjxl0.7:amd64 (0.7.0-10.2ubuntu6.1) ...
2026-10-07T22:19:55.0733844Z Setting up libopenh264-7:amd64 (2.4.1+dfsg-1) ...
2026-10-07T22:19:55.0756766Z Setting up libltc11:amd64 (1.3.2-1build1) ...
2026-10-07T22:19:55.0784290Z Setting up libx265-199:amd64 (3.5-2build1) ...
2026-10-07T22:19:55.1037371Z Setting up libv4l-0t64:amd64 (1.26.1-4build3) ...
2026-10-07T22:19:55.1085891Z Setting up libavtp0:amd64 (0.2.0-1build1) ...
2026-10-07T22:19:55.1110718Z Setting up libsndio7.0:amd64 (1.9.0-0.3build3) ...
2026-10-07T22:19:55.1133044Z Setting up libdirectfb-1.7-7t64:amd64 (1.7.7-11.1ubuntu2) ...
2026-10-07T22:19:55.1150603Z Setting up libspandsp2t64:amd64 (0.0.6+dfsg-2.1build1) ...
2026-10-07T22:19:55.1169511Z Setting up libvidstab1.1:amd64 (1.1.0-2build1) ...
2026-10-07T22:19:55.1191434Z Setting up libvpx9:amd64 (1.14.0-1ubuntu2.3) ...
2026-10-07T22:19:55.1208061Z Setting up libsrt1.5-gnutls:amd64 (1.5.3-1build2) ...
2026-10-07T22:19:55.1228337Z Setting up libtag1v5:amd64 (1.13.1-1build1) ...
2026-10-07T22:19:55.1246997Z Setting up libflite1:amd64 (2.2-6build3) ...
2026-10-07T22:19:55.1263495Z Setting up libdav1d7:amd64 (1.4.1-1build1) ...
2026-10-07T22:19:55.1281201Z Setting up libva-drm2:amd64 (2.20.0-2ubuntu0.2) ...
2026-10-07T22:19:55.1298695Z Setting up fonts-ipafont-gothic (00303-21ubuntu1) ...
2026-10-07T22:19:55.1366483Z update-alternatives: using /usr/share/fonts/opentype/ipafont-gothic/ipag.ttf to provide /usr/share/fonts/truetype/fonts-japanese-gothic.ttf (fonts-japanese-gothic.ttf) in auto mode
2026-10-07T22:19:55.1381955Z Setting up ocl-icd-libopencl1:amd64 (2.3.2-1build1) ...
2026-10-07T22:19:55.1400885Z Setting up libasyncns0:amd64 (0.8-6build4) ...
2026-10-07T22:19:55.1422548Z Setting up libwildmidi2:amd64 (0.4.3-1build3) ...
2026-10-07T22:19:55.1439789Z Setting up libvdpau1:amd64 (1.5-2build1) ...
2026-10-07T22:19:55.1464915Z Setting up libwavpack1:amd64 (5.6.0-1build1) ...
2026-10-07T22:19:55.1481594Z Setting up libbs2b0:amd64 (3.1.0+dfsg-7build1) ...
2026-10-07T22:19:55.1500132Z Setting up libtheora0:amd64 (1.1.1+dfsg.1-16.1build3) ...
2026-10-07T22:19:55.1516588Z Setting up libegl1:amd64 (1.7.0-1build1) ...
2026-10-07T22:19:55.1534343Z Setting up libdecor-0-0:amd64 (0.2.2-1build2) ...
2026-10-07T22:19:55.1555353Z Setting up libdca0:amd64 (0.0.7-2build1) ...
2026-10-07T22:19:55.1572917Z Setting up libzimg2:amd64 (3.0.5+ds1-1build1) ...
2026-10-07T22:19:55.1591640Z Setting up libopenal-data (1:1.23.1-4build1) ...
2026-10-07T22:19:55.1613593Z Setting up libevent-core-2.1-7t64:amd64 (2.1.12-stable-9ubuntu2.2) ...
2026-10-07T22:19:55.1633436Z Setting up libabsl20220623t64:amd64 (20220623.1-3.1ubuntu3.2) ...
2026-10-07T22:19:55.1651892Z Setting up libflac12t64:amd64 (1.4.3+ds-2.1ubuntu2) ...
2026-10-07T22:19:55.1668851Z Setting up libgtk-4-common (4.14.5+ds-0ubuntu0.10) ...
2026-10-07T22:19:55.1690352Z Setting up libmpeg2encpp-2.1-0t64:amd64 (1:2.1.0+debian-8.1build1) ...
2026-10-07T22:19:55.1709324Z Setting up glib-networking-common (2.80.0-1build1) ...
2026-10-07T22:19:55.1729216Z Setting up libmfx1:amd64 (22.5.4-1) ...
2026-10-07T22:19:55.1748400Z Setting up libbluray2:amd64 (1:1.3.4-1build1) ...
2026-10-07T22:19:55.1767373Z Setting up libde265-0:amd64 (1.0.15-1ubuntu0.1) ...
2026-10-07T22:19:55.1788111Z Setting up libsamplerate0:amd64 (0.2.2-4build1) ...
2026-10-07T22:19:55.1807845Z Setting up timgm6mb-soundfont (1.3-5) ...
2026-10-07T22:19:55.1889024Z update-alternatives: using /usr/share/sounds/sf2/TimGM6mb.sf2 to provide /usr/share/sounds/sf2/default-GM.sf2 (default-GM.sf2) in auto mode
2026-10-07T22:19:55.1933106Z update-alternatives: using /usr/share/sounds/sf2/TimGM6mb.sf2 to provide /usr/share/sounds/sf3/default-GM.sf3 (default-GM.sf3) in auto mode
2026-10-07T22:19:55.1947923Z Setting up libva-x11-2:amd64 (2.20.0-2ubuntu0.2) ...
2026-10-07T22:19:55.1969222Z Setting up libyuv0:amd64 (0.0~git202401110.af6ac82-1) ...
2026-10-07T22:19:55.1988627Z Setting up libmplex2-2.1-0t64:amd64 (1:2.1.0+debian-8.1build1) ...
2026-10-07T22:19:55.2008850Z Setting up libpipewire-0.3-0t64:amd64 (1.0.5-1ubuntu3.3) ...
2026-10-07T22:19:55.2029733Z Setting up libopenmpt0t64:amd64 (0.7.3-1.1build3) ...
2026-10-07T22:19:55.2047267Z Setting up libzvbi-common (0.2.42-2) ...
2026-10-07T22:19:55.2067903Z Setting up libsecret-common (0.21.4-1build3) ...
2026-10-07T22:19:55.2085906Z Setting up libmp3lame0:amd64 (3.100-6build1) ...
2026-10-07T22:19:55.2104727Z Setting up libgraphene-1.0-0:amd64 (1.10.8-3build2) ...
2026-10-07T22:19:55.2124410Z Setting up libvorbisenc2:amd64 (1.3.7-1build3) ...
2026-10-07T22:19:55.2141444Z Setting up libdvdnav4:amd64 (6.1.1-3build1) ...
2026-10-07T22:19:55.2186115Z Setting up fonts-unifont (1:15.1.01-1build1) ...
2026-10-07T22:19:55.2206545Z Setting up libaa1:amd64 (1.4p5-51.1) ...
2026-10-07T22:19:55.2225316Z Setting up libiec61883-0:amd64 (1.2.0-6build1) ...
2026-10-07T22:19:55.2243832Z Setting up libserd-0-0:amd64 (0.32.2-1) ...
2026-10-07T22:19:55.2264689Z Setting up libavc1394-0:amd64 (0.5.4-5build3) ...
2026-10-07T22:19:55.2282285Z Setting up libcairo-script-interpreter2:amd64 (1.18.0-3build1) ...
2026-10-07T22:19:55.2298792Z Setting up gsettings-desktop-schemas (46.1-0ubuntu1) ...
2026-10-07T22:19:55.2318814Z Setting up glib-networking-services (2.80.0-1build1) ...
2026-10-07T22:19:55.2335034Z Setting up liblapack3:amd64 (3.12.0-3build1.1) ...
2026-10-07T22:19:55.2397987Z update-alternatives: using /usr/lib/x86_64-linux-gnu/lapack/liblapack.so.3 to provide /usr/lib/x86_64-linux-gnu/liblapack.so.3 (liblapack.so.3-x86_64-linux-gnu) in auto mode
2026-10-07T22:19:55.2415261Z Setting up libglx-mesa0:amd64 (25.2.8-0ubuntu0.24.04.4) ...
2026-10-07T22:19:55.2435452Z Setting up libzvbi0t64:amd64 (0.2.42-2) ...
2026-10-07T22:19:55.2456053Z Setting up libevent-pthreads-2.1-7t64:amd64 (2.1.12-stable-9ubuntu2.2) ...
2026-10-07T22:19:55.2475200Z Setting up liblrdf0:amd64 (0.6.1-4build1) ...
2026-10-07T22:19:55.2494195Z Setting up libzbar0t64:amd64 (0.23.93-4build3) ...
2026-10-07T22:19:55.2516580Z Setting up libgstreamer-plugins-base1.0-0:amd64 (1.24.2-1ubuntu0.5) ...
2026-10-07T22:19:55.2535702Z Setting up libavutil58:amd64 (7:6.1.1-3ubuntu5) ...
2026-10-07T22:19:55.2552890Z Setting up libopenal1:amd64 (1:1.23.1-4build1) ...
2026-10-07T22:19:55.2571641Z Setting up xfonts-utils (1:7.7+6build3) ...
2026-10-07T22:19:55.2614360Z Setting up libsecret-1-0:amd64 (0.21.4-1build3) ...
2026-10-07T22:19:55.2640000Z Setting up libgstreamer-plugins-good1.0-0:amd64 (1.24.2-1ubuntu1.8) ...
2026-10-07T22:19:55.2660232Z Setting up libgstreamer-gl1.0-0:amd64 (1.24.2-1ubuntu0.5) ...
2026-10-07T22:19:55.2680407Z Setting up gstreamer1.0-plugins-base:amd64 (1.24.2-1ubuntu0.5) ...
2026-10-07T22:19:55.2700173Z Setting up libass9:amd64 (1:0.17.1-2build1) ...
2026-10-07T22:19:55.2717999Z Setting up libswresample4:amd64 (7:6.1.1-3ubuntu5) ...
2026-10-07T22:19:55.2737626Z Setting up libopenexr-3-1-30:amd64 (3.1.5-5.1build3) ...
2026-10-07T22:19:55.2757257Z Setting up libshout3:amd64 (2.4.6-1build2) ...
2026-10-07T22:19:55.2775025Z Setting up libgav1-1:amd64 (0.18.0-1build3) ...
2026-10-07T22:19:55.2800848Z Setting up libavcodec60:amd64 (7:6.1.1-3ubuntu5) ...
2026-10-07T22:19:55.2822142Z Setting up librubberband2:amd64 (3.3.0+dfsg-2build1) ...
2026-10-07T22:19:55.2839697Z Setting up libjack-jackd2-0:amd64 (1.9.21~dfsg-3ubuntu3) ...
2026-10-07T22:19:55.2860690Z Setting up libsord-0-0:amd64 (0.16.16-2build1) ...
2026-10-07T22:19:55.2880277Z Setting up xfonts-cyrillic (1:1.0.5+nmu1) ...
2026-10-07T22:19:55.3162927Z Setting up libpostproc57:amd64 (7:6.1.1-3ubuntu5) ...
2026-10-07T22:19:55.3182712Z Setting up libsratom-0-0:amd64 (0.6.16-1build1) ...
2026-10-07T22:19:55.3202975Z Setting up libsndfile1:amd64 (1.2.2-1ubuntu5.24.04.1) ...
2026-10-07T22:19:55.3505534Z Setting up liblilv-0-0:amd64 (0.24.22-1build1) ...
2026-10-07T22:19:55.3528183Z Setting up libinstpatch-1.0-2:amd64 (1.1.6-1build2) ...
2026-10-07T22:19:55.3544394Z Setting up xfonts-scalable (1:1.0.3-1.3) ...
2026-10-07T22:19:55.3806866Z Setting up libswscale7:amd64 (7:6.1.1-3ubuntu5) ...
2026-10-07T22:19:55.3822398Z Setting up libavif16:amd64 (1.0.4-1ubuntu3) ...
2026-10-07T22:19:55.3845262Z Setting up libpulse0:amd64 (1:16.1+dfsg1-2ubuntu10.1) ...
2026-10-07T22:19:55.3913386Z Setting up libavformat60:amd64 (7:6.1.1-3ubuntu5) ...
2026-10-07T22:19:55.3935838Z Setting up libsphinxbase3t64:amd64 (0.8+5prealpha+1-17build2) ...
2026-10-07T22:19:55.3955144Z Setting up libsdl2-2.0-0:amd64 (2.30.0+dfsg-1ubuntu3.1) ...
2026-10-07T22:19:55.3975606Z Setting up libfluidsynth3:amd64 (2.3.4-1build3) ...
2026-10-07T22:19:55.3994647Z Setting up libpocketsphinx3:amd64 (0.8.0+real5prealpha+1-15ubuntu5) ...
2026-10-07T22:19:55.4011480Z Setting up libavfilter9:amd64 (7:6.1.1-3ubuntu5) ...
2026-10-07T22:19:55.4030292Z Setting up gstreamer1.0-libav:amd64 (1.24.1-1build1) ...
2026-10-07T22:19:55.4338423Z Processing triggers for fontconfig (2.15.0-1.1ubuntu2) ...
2026-10-07T22:19:55.5197386Z Processing triggers for libc-bin (2.39-0ubuntu8.9) ...
2026-10-07T22:19:55.5704692Z Processing triggers for man-db (2.12.0-4build2) ...
2026-10-07T22:19:55.5725708Z Not building database; man-db/auto-update is not 'true'.
2026-10-07T22:19:55.5753145Z Processing triggers for libglib2.0-0t64:amd64 (2.80.0-6ubuntu3.9) ...
2026-10-07T22:19:55.6354487Z Setting up libgtk-4-1:amd64 (4.14.5+ds-0ubuntu0.10) ...
2026-10-07T22:19:56.1060215Z Setting up glib-networking:amd64 (2.80.0-1build1) ...
2026-10-07T22:19:56.1099786Z Setting up libsoup-3.0-0:amd64 (3.4.4-5ubuntu0.9) ...
2026-10-07T22:19:56.1130649Z Setting up libgssdp-1.6-0:amd64 (1.6.3-1build3) ...
2026-10-07T22:19:56.1208225Z Setting up gstreamer1.0-plugins-good:amd64 (1.24.2-1ubuntu1.8) ...
2026-10-07T22:19:56.1234206Z Setting up libgupnp-1.6-0:amd64 (1.6.6-1build3) ...
2026-10-07T22:19:56.1293524Z Setting up libgupnp-igd-1.6-0:amd64 (1.6.0-3build3) ...
2026-10-07T22:19:56.1329912Z Setting up libnice10:amd64 (0.1.21-2build3) ...
2026-10-07T22:19:56.1375487Z Setting up libgstreamer-plugins-bad1.0-0:amd64 (1.24.2-1ubuntu4) ...
2026-10-07T22:19:56.1420396Z Setting up gstreamer1.0-plugins-bad:amd64 (1.24.2-1ubuntu4) ...
2026-10-07T22:19:56.1440529Z Processing triggers for libc-bin (2.39-0ubuntu8.9) ...
2026-10-07T22:19:56.7933568Z 
2026-10-07T22:19:56.7934307Z Running kernel seems to be up-to-date.
2026-10-07T22:19:56.7934695Z 
2026-10-07T22:19:56.7934894Z Restarting services...
2026-10-07T22:19:56.8010194Z  systemctl restart php8.3-fpm.service
2026-10-07T22:19:56.8987890Z 
2026-10-07T22:19:56.8989370Z No containers need to be restarted.
2026-10-07T22:19:56.8989753Z 
2026-10-07T22:19:56.8990215Z No user sessions are running outdated binaries.
2026-10-07T22:19:56.8990697Z 
2026-10-07T22:19:56.8991352Z No VM guests are running outdated hypervisor (qemu) binaries on this host.
2026-10-07T22:19:57.8554823Z Downloading Chrome for Testing 151.0.7922.34 (playwright chromium v1234) from https://cdn.playwright.dev/builds/cft/151.0.7922.34/linux64/chrome-linux64.zip
2026-10-07T22:19:58.8752064Z |                                                                                |   0% of 184.3 MiB
2026-10-07T22:19:59.0559893Z |■■■■■■■■                                                                        |  10% of 184.3 MiB
2026-10-07T22:19:59.1599022Z |■■■■■■■■■■■■■■■■                                                                |  20% of 184.3 MiB
2026-10-07T22:19:59.2526005Z |■■■■■■■■■■■■■■■■■■■■■■■■                                                        |  30% of 184.3 MiB
2026-10-07T22:19:59.3481637Z |■■■■■■■■■■■■■■■■■■■■■■■■■■■■■■■■                                                |  40% of 184.3 MiB
2026-10-07T22:19:59.4528352Z |■■■■■■■■■■■■■■■■■■■■■■■■■■■■■■■■■■■■■■■■                                        |  50% of 184.3 MiB
2026-10-07T22:19:59.5852123Z |■■■■■■■■■■■■■■■■■■■■■■■■■■■■■■■■■■■■■■■■■■■■■■■■                                |  60% of 184.3 MiB
2026-10-07T22:19:59.6872917Z |■■■■■■■■■■■■■■■■■■■■■■■■■■■■■■■■■■■■■■■■■■■■■■■■■■■■■■■■                        |  70% of 184.3 MiB
2026-10-07T22:19:59.7875325Z |■■■■■■■■■■■■■■■■■■■■■■■■■■■■■■■■■■■■■■■■■■■■■■■■■■■■■■■■■■■■■■■■                |  80% of 184.3 MiB
2026-10-07T22:19:59.9130600Z |■■■■■■■■■■■■■■■■■■■■■■■■■■■■■■■■■■■■■■■■■■■■■■■■■■■■■■■■■■■■■■■■■■■■■■■■        |  90% of 184.3 MiB
2026-10-07T22:19:59.9957195Z |■■■■■■■■■■■■■■■■■■■■■■■■■■■■■■■■■■■■■■■■■■■■■■■■■■■■■■■■■■■■■■■■■■■■■■■■■■■■■■■■| 100% of 184.3 MiB
2026-10-07T22:20:03.0889673Z Chrome for Testing 151.0.7922.34 (playwright chromium v1234) downloaded to /home/runner/.cache/ms-playwright/chromium-1234
2026-10-07T22:20:03.0893561Z Downloading Chrome Headless Shell 151.0.7922.34 (playwright chromium-headless-shell v1234) from https://cdn.playwright.dev/builds/cft/151.0.7922.34/linux64/chrome-headless-shell-linux64.zip
2026-10-07T22:20:04.1627068Z |                                                                                |   0% of 114.7 MiB
2026-10-07T22:20:04.5216661Z |■■■■■■■■                                                                        |  10% of 114.7 MiB
2026-10-07T22:20:04.6159002Z |■■■■■■■■■■■■■■■■                                                                |  20% of 114.7 MiB
2026-10-07T22:20:04.6616276Z |■■■■■■■■■■■■■■■■■■■■■■■■                                                        |  30% of 114.7 MiB
2026-10-07T22:20:04.7428734Z |■■■■■■■■■■■■■■■■■■■■■■■■■■■■■■■■                                                |  40% of 114.7 MiB
2026-10-07T22:20:04.8108905Z |■■■■■■■■■■■■■■■■■■■■■■■■■■■■■■■■■■■■■■■■                                        |  50% of 114.7 MiB
2026-10-07T22:20:04.8517259Z |■■■■■■■■■■■■■■■■■■■■■■■■■■■■■■■■■■■■■■■■■■■■■■■■                                |  60% of 114.7 MiB
2026-10-07T22:20:04.9571726Z |■■■■■■■■■■■■■■■■■■■■■■■■■■■■■■■■■■■■■■■■■■■■■■■■■■■■■■■■                        |  70% of 114.7 MiB
2026-10-07T22:20:05.0162523Z |■■■■■■■■■■■■■■■■■■■■■■■■■■■■■■■■■■■■■■■■■■■■■■■■■■■■■■■■■■■■■■■■                |  80% of 114.7 MiB
2026-10-07T22:20:05.0681488Z |■■■■■■■■■■■■■■■■■■■■■■■■■■■■■■■■■■■■■■■■■■■■■■■■■■■■■■■■■■■■■■■■■■■■■■■■        |  90% of 114.7 MiB
2026-10-07T22:20:05.1170665Z |■■■■■■■■■■■■■■■■■■■■■■■■■■■■■■■■■■■■■■■■■■■■■■■■■■■■■■■■■■■■■■■■■■■■■■■■■■■■■■■■| 100% of 114.7 MiB
2026-10-07T22:20:07.3716084Z Chrome Headless Shell 151.0.7922.34 (playwright chromium-headless-shell v1234) downloaded to /home/runner/.cache/ms-playwright/chromium_headless_shell-1234
2026-10-07T22:20:07.3719280Z Downloading Firefox 153.0 (playwright firefox v1538) from https://cdn.playwright.dev/dbazure/download/playwright/builds/firefox/1538/firefox-ubuntu-24.04.zip
2026-10-07T22:20:08.5384866Z |                                                                                |   0% of 108.2 MiB
2026-10-07T22:20:08.6029001Z |■■■■■■■■                                                                        |  10% of 108.2 MiB
2026-10-07T22:20:08.6905652Z |■■■■■■■■■■■■■■■■                                                                |  20% of 108.2 MiB
2026-10-07T22:20:08.7632962Z |■■■■■■■■■■■■■■■■■■■■■■■■                                                        |  30% of 108.2 MiB
2026-10-07T22:20:08.8543903Z |■■■■■■■■■■■■■■■■■■■■■■■■■■■■■■■■                                                |  40% of 108.2 MiB
2026-10-07T22:20:09.0631571Z |■■■■■■■■■■■■■■■■■■■■■■■■■■■■■■■■■■■■■■■■                                        |  50% of 108.2 MiB
2026-10-07T22:20:09.2759776Z |■■■■■■■■■■■■■■■■■■■■■■■■■■■■■■■■■■■■■■■■■■■■■■■■                                |  60% of 108.2 MiB
2026-10-07T22:20:09.3667909Z |■■■■■■■■■■■■■■■■■■■■■■■■■■■■■■■■■■■■■■■■■■■■■■■■■■■■■■■■                        |  70% of 108.2 MiB
2026-10-07T22:20:09.4302789Z |■■■■■■■■■■■■■■■■■■■■■■■■■■■■■■■■■■■■■■■■■■■■■■■■■■■■■■■■■■■■■■■■                |  80% of 108.2 MiB
2026-10-07T22:20:09.9139481Z |■■■■■■■■■■■■■■■■■■■■■■■■■■■■■■■■■■■■■■■■■■■■■■■■■■■■■■■■■■■■■■■■■■■■■■■■        |  90% of 108.2 MiB
2026-10-07T22:20:10.0279798Z |■■■■■■■■■■■■■■■■■■■■■■■■■■■■■■■■■■■■■■■■■■■■■■■■■■■■■■■■■■■■■■■■■■■■■■■■■■■■■■■■| 100% of 108.2 MiB
2026-10-07T22:20:12.1483498Z Firefox 153.0 (playwright firefox v1538) downloaded to /home/runner/.cache/ms-playwright/firefox-1538
2026-10-07T22:20:12.1486675Z Downloading WebKit 26.5 (playwright webkit v2336) from https://cdn.playwright.dev/dbazure/download/playwright/builds/webkit/2336/webkit-ubuntu-24.04.zip
2026-10-07T22:20:13.2817182Z |                                                                                |   0% of 102 MiB
2026-10-07T22:20:13.3482504Z |■■■■■■■■                                                                        |  10% of 102 MiB
2026-10-07T22:20:13.4152600Z |■■■■■■■■■■■■■■■■                                                                |  20% of 102 MiB
2026-10-07T22:20:13.4758477Z |■■■■■■■■■■■■■■■■■■■■■■■■                                                        |  30% of 102 MiB
2026-10-07T22:20:13.5234286Z |■■■■■■■■■■■■■■■■■■■■■■■■■■■■■■■■                                                |  40% of 102 MiB
2026-10-07T22:20:13.5791841Z |■■■■■■■■■■■■■■■■■■■■■■■■■■■■■■■■■■■■■■■■                                        |  50% of 102 MiB
2026-10-07T22:20:13.6424033Z |■■■■■■■■■■■■■■■■■■■■■■■■■■■■■■■■■■■■■■■■■■■■■■■■                                |  60% of 102 MiB
2026-10-07T22:20:13.6782311Z |■■■■■■■■■■■■■■■■■■■■■■■■■■■■■■■■■■■■■■■■■■■■■■■■■■■■■■■■                        |  70% of 102 MiB
2026-10-07T22:20:13.7143934Z |■■■■■■■■■■■■■■■■■■■■■■■■■■■■■■■■■■■■■■■■■■■■■■■■■■■■■■■■■■■■■■■■                |  80% of 102 MiB
2026-10-07T22:20:13.7643512Z |■■■■■■■■■■■■■■■■■■■■■■■■■■■■■■■■■■■■■■■■■■■■■■■■■■■■■■■■■■■■■■■■■■■■■■■■        |  90% of 102 MiB
2026-10-07T22:20:13.8002757Z |■■■■■■■■■■■■■■■■■■■■■■■■■■■■■■■■■■■■■■■■■■■■■■■■■■■■■■■■■■■■■■■■■■■■■■■■■■■■■■■■| 100% of 102 MiB
2026-10-07T22:20:15.8584368Z WebKit 26.5 (playwright webkit v2336) downloaded to /home/runner/.cache/ms-playwright/webkit-2336
2026-10-07T22:20:15.8588493Z Downloading FFmpeg (playwright ffmpeg v1011) from https://cdn.playwright.dev/dbazure/download/playwright/builds/ffmpeg/1011/ffmpeg-linux.zip
2026-10-07T22:20:16.8149265Z |                                                                                |   0% of 2.3 MiB
2026-10-07T22:20:16.8186432Z |■■■■■■■■                                                                        |  10% of 2.3 MiB
2026-10-07T22:20:16.8220579Z |■■■■■■■■■■■■■■■■                                                                |  20% of 2.3 MiB
2026-10-07T22:20:16.8237385Z |■■■■■■■■■■■■■■■■■■■■■■■■                                                        |  30% of 2.3 MiB
2026-10-07T22:20:16.8258734Z |■■■■■■■■■■■■■■■■■■■■■■■■■■■■■■■■                                                |  40% of 2.3 MiB
2026-10-07T22:20:16.8270745Z |■■■■■■■■■■■■■■■■■■■■■■■■■■■■■■■■■■■■■■■■                                        |  50% of 2.3 MiB
2026-10-07T22:20:16.8285308Z |■■■■■■■■■■■■■■■■■■■■■■■■■■■■■■■■■■■■■■■■■■■■■■■■                                |  60% of 2.3 MiB
2026-10-07T22:20:16.8315371Z |■■■■■■■■■■■■■■■■■■■■■■■■■■■■■■■■■■■■■■■■■■■■■■■■■■■■■■■■                        |  70% of 2.3 MiB
2026-10-07T22:20:16.8331659Z |■■■■■■■■■■■■■■■■■■■■■■■■■■■■■■■■■■■■■■■■■■■■■■■■■■■■■■■■■■■■■■■■                |  80% of 2.3 MiB
2026-10-07T22:20:16.8346836Z |■■■■■■■■■■■■■■■■■■■■■■■■■■■■■■■■■■■■■■■■■■■■■■■■■■■■■■■■■■■■■■■■■■■■■■■■        |  90% of 2.3 MiB
2026-10-07T22:20:16.8360427Z |■■■■■■■■■■■■■■■■■■■■■■■■■■■■■■■■■■■■■■■■■■■■■■■■■■■■■■■■■■■■■■■■■■■■■■■■■■■■■■■■| 100% of 2.3 MiB
2026-10-07T22:20:16.8969112Z FFmpeg (playwright ffmpeg v1011) downloaded to /home/runner/.cache/ms-playwright/ffmpeg-1011
2026-10-07T22:20:17.2895257Z ##[group]Run pnpm exec playwright test --project=chromium --project=firefox --project=webkit --output=structural-direction-preflight-results --grep "retains structural RTL against native source|imports inherited inline alignment|retains a shared automatic section direction"
2026-10-07T22:20:17.2897302Z [36;1mpnpm exec playwright test --project=chromium --project=firefox --project=webkit --output=structural-direction-preflight-results --grep "retains structural RTL against native source|imports inherited inline alignment|retains a shared automatic section direction"[0m
2026-10-07T22:20:17.2959983Z shell: /usr/bin/bash -e {0}
2026-10-07T22:20:17.2960236Z env:
2026-10-07T22:20:17.2960500Z   PNPM_HOME: /home/runner/setup-pnpm/node_modules/.bin
2026-10-07T22:20:17.2960818Z ##[endgroup]
2026-10-07T22:20:18.8847742Z [WebServer] $ vite build -c vite.lib.config.ts && tsc -p tsconfig.build.json && node scripts/copy-assets.mjs && pnpm build:angular
2026-10-07T22:20:18.8848664Z 
2026-10-07T22:20:21.2861487Z [WebServer] $ pnpm --dir tools/angular-build exec ngc -p ../../tsconfig.angular.json && pnpm build:angular-demo
2026-10-07T22:20:21.2862053Z 
2026-10-07T22:20:23.7096635Z [WebServer] $ pnpm --dir tools/angular-build exec ngc -p ../../tsconfig.angular-demo.json
2026-10-07T22:20:23.7097112Z 
2026-10-07T22:20:32.5687799Z 
2026-10-07T22:20:32.5688610Z Running 9 tests using 2 workers
2026-10-07T22:20:32.5689008Z 
2026-10-07T22:20:33.5830661Z [1/9] [chromium] › tests/browser/editor.spec.ts:44:1 › imports inherited inline alignment against a native surface and keeps it through real editing and downloaded HTML
2026-10-07T22:20:33.6387379Z [2/9] [chromium] › tests/browser/editor.spec.ts:40:1 › retains structural RTL against native source through author controls, physical table editing and downloaded HTML
2026-10-07T22:20:38.3400854Z [3/9] [chromium] › tests/browser/editor.spec.ts:52:1 › retains a shared automatic section direction through first-strong-text editing, history and reader preview
2026-10-07T22:20:42.5772298Z [4/9] [firefox] › tests/browser/editor.spec.ts:40:1 › retains structural RTL against native source through author controls, physical table editing and downloaded HTML
2026-10-07T22:20:43.4914080Z [5/9] [firefox] › tests/browser/editor.spec.ts:44:1 › imports inherited inline alignment against a native surface and keeps it through real editing and downloaded HTML
2026-10-07T22:20:49.8393538Z [6/9] [firefox] › tests/browser/editor.spec.ts:52:1 › retains a shared automatic section direction through first-strong-text editing, history and reader preview
2026-10-07T22:20:54.0092071Z [7/9] [webkit] › tests/browser/editor.spec.ts:40:1 › retains structural RTL against native source through author controls, physical table editing and downloaded HTML
2026-10-07T22:20:56.0751551Z [8/9] [webkit] › tests/browser/editor.spec.ts:44:1 › imports inherited inline alignment against a native surface and keeps it through real editing and downloaded HTML
2026-10-07T22:21:07.1620271Z [9/9] [webkit] › tests/browser/editor.spec.ts:52:1 › retains a shared automatic section direction through first-strong-text editing, history and reader preview
2026-10-07T22:21:17.2886107Z   9 passed (58.9s)
2026-10-07T22:21:17.4673016Z ##[group]Run pnpm exec playwright test --project=webkit --grep "opens and cancels public configuration panels|keeps the public native colour field|preserves inert HTML comments|edits RTL blocks|compares list-first code text-click"
2026-10-07T22:21:17.4674626Z [36;1mpnpm exec playwright test --project=webkit --grep "opens and cancels public configuration panels|keeps the public native colour field|preserves inert HTML comments|edits RTL blocks|compares list-first code text-click"[0m
2026-10-07T22:21:17.4736327Z shell: /usr/bin/bash -e {0}
2026-10-07T22:21:17.4736582Z env:
2026-10-07T22:21:17.4736839Z   PNPM_HOME: /home/runner/setup-pnpm/node_modules/.bin
2026-10-07T22:21:17.4737159Z ##[endgroup]
2026-10-07T22:21:18.9305352Z [WebServer] $ vite build -c vite.lib.config.ts && tsc -p tsconfig.build.json && node scripts/copy-assets.mjs && pnpm build:angular
2026-10-07T22:21:18.9306355Z 
2026-10-07T22:21:21.4058462Z [WebServer] $ pnpm --dir tools/angular-build exec ngc -p ../../tsconfig.angular.json && pnpm build:angular-demo
2026-10-07T22:21:21.4059263Z 
2026-10-07T22:21:23.7614333Z [WebServer] $ pnpm --dir tools/angular-build exec ngc -p ../../tsconfig.angular-demo.json
2026-10-07T22:21:23.7615232Z 
2026-10-07T22:21:28.0769005Z 
2026-10-07T22:21:28.0781263Z Running 5 tests using 2 workers
2026-10-07T22:21:28.0799603Z 
2026-10-07T22:21:29.0946218Z [1/5] [webkit] › tests/browser/editor.spec.ts:60:1 › edits RTL blocks with native keyboard selection, direction controls, Enter history and HTML reader export
2026-10-07T22:21:29.1727913Z [2/5] [webkit] › tests/browser/editor.spec.ts:48:1 › compares list-first code text-click focus and editing to a plain native surface
2026-10-07T22:21:37.7476069Z [3/5] [webkit] › tests/browser/editor.spec.ts:137:1 › preserves inert HTML comments through human editing source and reader output
2026-10-07T22:21:40.3583857Z [4/5] (retries) [webkit] › tests/browser/editor.spec.ts:48:1 › compares list-first code text-click focus and editing to a plain native surface (retry #1)
2026-10-07T22:21:51.5580136Z [5/5] (retries) [webkit] › tests/browser/editor.spec.ts:48:1 › compares list-first code text-click focus and editing to a plain native surface (retry #2)
2026-10-07T22:21:54.1814001Z [6/5] [webkit] › tests/browser/editor.spec.ts:5374:1 › opens and cancels public configuration panels with keyboard focus and exact document retention
2026-10-07T22:22:01.0082270Z   1) [webkit] › tests/browser/editor.spec.ts:48:1 › compares list-first code text-click focus and editing to a plain native surface 
2026-10-07T22:22:01.0098823Z 
2026-10-07T22:22:01.0099778Z     Error: expect(locator).toHaveText(expected) failed
2026-10-07T22:22:01.0100362Z 
2026-10-07T22:22:01.0100869Z     Locator:  locator('.fountain-editor').locator('li > pre')
2026-10-07T22:22:01.0101636Z     Expected: "literal edited"
2026-10-07T22:22:01.0102208Z     Received: "literal"
2026-10-07T22:22:01.0102724Z     Timeout:  5000ms
2026-10-07T22:22:01.0103593Z 
2026-10-07T22:22:01.0103878Z     Call log:
2026-10-07T22:22:01.0104510Z       - Expect "soft toHaveText" with timeout 5000ms
2026-10-07T22:22:01.0105394Z       - waiting for locator('.fountain-editor').locator('li > pre')
2026-10-07T22:22:01.0108765Z         14 × locator resolved to <pre title="text" role="region" data-language="text" aria-label="text code" data-line-numbers="true" data-fountain-path="0.0.0" data-fountain-node="code_block" data-fountain-block-reorderable="true" class="fjs-code-block fjs-highlight--dark" data-fountain-decoration="syntax-block-0.0.0">…</pre>
2026-10-07T22:22:01.0111204Z            - unexpected value "literal"
2026-10-07T22:22:01.0111756Z 
2026-10-07T22:22:01.0114284Z 
2026-10-07T22:22:01.0114765Z        at code-native-focus-journey.ts:108
2026-10-07T22:22:01.0115168Z 
2026-10-07T22:22:01.0115688Z       106 |     // instead of failing before its first real keystroke. This is not a skip or
2026-10-07T22:22:01.0116715Z       107 |     // an alternative passing oracle when the native control cannot edit.
2026-10-07T22:22:01.0118256Z     > 108 |     await expect.soft(nativeCode).toHaveText('literal edited');
2026-10-07T22:22:01.0119006Z           |                                   ^
2026-10-07T22:22:01.0119835Z       109 |     await expect(nativeRoot.locator(':scope > p')).toHaveText('After');
2026-10-07T22:22:01.0120900Z       110 |     await nativeRoot.screenshot({ path: info.outputPath('code-click-native-source-edit.png') });
2026-10-07T22:22:01.0121650Z       111 |
2026-10-07T22:22:01.0122553Z         at nativeCodeClickBaseline (/home/runner/work/fountainjs/fountainjs/tests/browser/code-native-focus-journey.ts:108:35)
2026-10-07T22:22:01.0124007Z         at codeNativeFocusJourney (/home/runner/work/fountainjs/fountainjs/tests/browser/code-native-focus-journey.ts:138:23)
2026-10-07T22:22:01.0125173Z         at /home/runner/work/fountainjs/fountainjs/tests/browser/editor.spec.ts:49:3
2026-10-07T22:22:01.0125696Z 
2026-10-07T22:22:01.0126493Z     attachment #1: code-click-native-baseline (application/json) ───────────────────────────────────
2026-10-07T22:22:01.0129326Z     test-results/editor-compares-list-first-994c3-g-to-a-plain-native-surface-webkit/attachments/code-click-native-baseline-fa645fabb0da038980eba776c617b5cd40ba0d2a.json
2026-10-07T22:22:01.0131178Z     ────────────────────────────────────────────────────────────────────────────────────────────────
2026-10-07T22:22:01.0131669Z 
2026-10-07T22:22:01.0132372Z     attachment #2: code-click-native-focus (application/json) ──────────────────────────────────────
2026-10-07T22:22:01.0134155Z     test-results/editor-compares-list-first-994c3-g-to-a-plain-native-surface-webkit/attachments/code-click-native-focus-027b1bf06aacfb0634a093121cb64f2d38fc82a6.json
2026-10-07T22:22:01.0137157Z     ────────────────────────────────────────────────────────────────────────────────────────────────
2026-10-07T22:22:01.0139823Z 
2026-10-07T22:22:01.0140569Z     attachment #3: screenshot (image/png) ──────────────────────────────────────────────────────────
2026-10-07T22:22:01.0141883Z     test-results/editor-compares-list-first-994c3-g-to-a-plain-native-surface-webkit/test-failed-1.png
2026-10-07T22:22:01.0143250Z     ────────────────────────────────────────────────────────────────────────────────────────────────
2026-10-07T22:22:01.0143749Z 
2026-10-07T22:22:01.0144505Z     Error Context: test-results/editor-compares-list-first-994c3-g-to-a-plain-native-surface-webkit/error-context.md
2026-10-07T22:22:01.0145319Z 
2026-10-07T22:22:01.0146003Z     attachment #5: trace (application/zip) ─────────────────────────────────────────────────────────
2026-10-07T22:22:01.0147179Z     test-results/editor-compares-list-first-994c3-g-to-a-plain-native-surface-webkit/trace.zip
2026-10-07T22:22:01.0148222Z     Usage:
2026-10-07T22:22:01.0148392Z 
2026-10-07T22:22:01.0149139Z         pnpm exec playwright show-trace test-results/editor-compares-list-first-994c3-g-to-a-plain-native-surface-webkit/trace.zip
2026-10-07T22:22:01.0149984Z 
2026-10-07T22:22:01.0151061Z     ────────────────────────────────────────────────────────────────────────────────────────────────
2026-10-07T22:22:01.0151572Z 
2026-10-07T22:22:01.0152208Z     Retry #1 ───────────────────────────────────────────────────────────────────────────────────────
2026-10-07T22:22:01.0152705Z 
2026-10-07T22:22:01.0152994Z     Error: expect(locator).toHaveText(expected) failed
2026-10-07T22:22:01.0153366Z 
2026-10-07T22:22:01.0153695Z     Locator:  locator('.fountain-editor').locator('li > pre')
2026-10-07T22:22:01.0154302Z     Expected: "literal edited"
2026-10-07T22:22:01.0154728Z     Received: "literal"
2026-10-07T22:22:01.0155100Z     Timeout:  5000ms
2026-10-07T22:22:01.0155314Z 
2026-10-07T22:22:01.0155446Z     Call log:
2026-10-07T22:22:01.0155900Z       - Expect "soft toHaveText" with timeout 5000ms
2026-10-07T22:22:01.0156602Z       - waiting for locator('.fountain-editor').locator('li > pre')
2026-10-07T22:22:01.0160500Z         14 × locator resolved to <pre title="text" role="region" data-language="text" aria-label="text code" data-line-numbers="true" data-fountain-path="0.0.0" data-fountain-node="code_block" data-fountain-block-reorderable="true" class="fjs-code-block fjs-highlight--dark" data-fountain-decoration="syntax-block-0.0.0">…</pre>
2026-10-07T22:22:01.0162736Z            - unexpected value "literal"
2026-10-07T22:22:01.0163053Z 
2026-10-07T22:22:01.0163062Z 
2026-10-07T22:22:01.0163298Z        at code-native-focus-journey.ts:108
2026-10-07T22:22:01.0163627Z 
2026-10-07T22:22:01.0164083Z       106 |     // instead of failing before its first real keystroke. This is not a skip or
2026-10-07T22:22:01.0164967Z       107 |     // an alternative passing oracle when the native control cannot edit.
2026-10-07T22:22:01.0165799Z     > 108 |     await expect.soft(nativeCode).toHaveText('literal edited');
2026-10-07T22:22:01.0166439Z           |                                   ^
2026-10-07T22:22:01.0167141Z       109 |     await expect(nativeRoot.locator(':scope > p')).toHaveText('After');
2026-10-07T22:22:01.0168602Z       110 |     await nativeRoot.screenshot({ path: info.outputPath('code-click-native-source-edit.png') });
2026-10-07T22:22:01.0169423Z       111 |
2026-10-07T22:22:01.0170392Z         at nativeCodeClickBaseline (/home/runner/work/fountainjs/fountainjs/tests/browser/code-native-focus-journey.ts:108:35)
2026-10-07T22:22:01.0171949Z         at codeNativeFocusJourney (/home/runner/work/fountainjs/fountainjs/tests/browser/code-native-focus-journey.ts:138:23)
2026-10-07T22:22:01.0173185Z         at /home/runner/work/fountainjs/fountainjs/tests/browser/editor.spec.ts:49:3
2026-10-07T22:22:01.0173721Z 
2026-10-07T22:22:01.0174493Z     attachment #1: code-click-native-baseline (application/json) ───────────────────────────────────
2026-10-07T22:22:01.0176358Z     test-results/editor-compares-list-first-994c3-g-to-a-plain-native-surface-webkit-retry1/attachments/code-click-native-baseline-1e9e098e63986c336a8195b9137a73c74777634c.json
2026-10-07T22:22:01.0178386Z     ────────────────────────────────────────────────────────────────────────────────────────────────
2026-10-07T22:22:01.0179265Z 
2026-10-07T22:22:01.0180007Z     attachment #2: code-click-native-focus (application/json) ──────────────────────────────────────
2026-10-07T22:22:01.0181889Z     test-results/editor-compares-list-first-994c3-g-to-a-plain-native-surface-webkit-retry1/attachments/code-click-native-focus-6fad01ec7624f7ed97ac78eb8c3a5ce4244b0d2d.json
2026-10-07T22:22:01.0183756Z     ────────────────────────────────────────────────────────────────────────────────────────────────
2026-10-07T22:22:01.0184365Z 
2026-10-07T22:22:01.0185070Z     attachment #3: screenshot (image/png) ──────────────────────────────────────────────────────────
2026-10-07T22:22:01.0186380Z     test-results/editor-compares-list-first-994c3-g-to-a-plain-native-surface-webkit-retry1/test-failed-1.png
2026-10-07T22:22:01.0188005Z     ────────────────────────────────────────────────────────────────────────────────────────────────
2026-10-07T22:22:01.0188502Z 
2026-10-07T22:22:01.0189507Z     Error Context: test-results/editor-compares-list-first-994c3-g-to-a-plain-native-surface-webkit-retry1/error-context.md
2026-10-07T22:22:01.0190404Z 
2026-10-07T22:22:01.0191118Z     attachment #5: trace (application/zip) ─────────────────────────────────────────────────────────
2026-10-07T22:22:01.0192388Z     test-results/editor-compares-list-first-994c3-g-to-a-plain-native-surface-webkit-retry1/trace.zip
2026-10-07T22:22:01.0193269Z     Usage:
2026-10-07T22:22:01.0193458Z 
2026-10-07T22:22:01.0194349Z         pnpm exec playwright show-trace test-results/editor-compares-list-first-994c3-g-to-a-plain-native-surface-webkit-retry1/trace.zip
2026-10-07T22:22:01.0195301Z 
2026-10-07T22:22:01.0195954Z     ────────────────────────────────────────────────────────────────────────────────────────────────
2026-10-07T22:22:01.0196455Z 
2026-10-07T22:22:01.0197097Z     Retry #2 ───────────────────────────────────────────────────────────────────────────────────────
2026-10-07T22:22:01.0198086Z 
2026-10-07T22:22:01.0198501Z     Error: expect(locator).toHaveText(expected) failed
2026-10-07T22:22:01.0198914Z 
2026-10-07T22:22:01.0199238Z     Locator:  locator('.fountain-editor').locator('li > pre')
2026-10-07T22:22:01.0199853Z     Expected: "literal edited"
2026-10-07T22:22:01.0200275Z     Received: "literal"
2026-10-07T22:22:01.0200653Z     Timeout:  5000ms
2026-10-07T22:22:01.0200877Z 
2026-10-07T22:22:01.0201025Z     Call log:
2026-10-07T22:22:01.0201501Z       - Expect "soft toHaveText" with timeout 5000ms
2026-10-07T22:22:01.0202205Z       - waiting for locator('.fountain-editor').locator('li > pre')
2026-10-07T22:22:01.0205509Z         14 × locator resolved to <pre title="text" role="region" data-language="text" aria-label="text code" data-line-numbers="true" data-fountain-path="0.0.0" data-fountain-node="code_block" data-fountain-block-reorderable="true" class="fjs-code-block fjs-highlight--dark" data-fountain-decoration="syntax-block-0.0.0">…</pre>
2026-10-07T22:22:01.0207834Z            - unexpected value "literal"
2026-10-07T22:22:01.0208363Z 
2026-10-07T22:22:01.0208382Z 
2026-10-07T22:22:01.0208645Z        at code-native-focus-journey.ts:108
2026-10-07T22:22:01.0208982Z 
2026-10-07T22:22:01.0209463Z       106 |     // instead of failing before its first real keystroke. This is not a skip or
2026-10-07T22:22:01.0210415Z       107 |     // an alternative passing oracle when the native control cannot edit.
2026-10-07T22:22:01.0211264Z     > 108 |     await expect.soft(nativeCode).toHaveText('literal edited');
2026-10-07T22:22:01.0211891Z           |                                   ^
2026-10-07T22:22:01.0212586Z       109 |     await expect(nativeRoot.locator(':scope > p')).toHaveText('After');
2026-10-07T22:22:01.0213644Z       110 |     await nativeRoot.screenshot({ path: info.outputPath('code-click-native-source-edit.png') });
2026-10-07T22:22:01.0214408Z       111 |
2026-10-07T22:22:01.0215339Z         at nativeCodeClickBaseline (/home/runner/work/fountainjs/fountainjs/tests/browser/code-native-focus-journey.ts:108:35)
2026-10-07T22:22:01.0217008Z         at codeNativeFocusJourney (/home/runner/work/fountainjs/fountainjs/tests/browser/code-native-focus-journey.ts:138:23)
2026-10-07T22:22:01.0218398Z         at /home/runner/work/fountainjs/fountainjs/tests/browser/editor.spec.ts:49:3
2026-10-07T22:22:01.0218910Z 
2026-10-07T22:22:01.0219646Z     attachment #1: code-click-native-baseline (application/json) ───────────────────────────────────
2026-10-07T22:22:01.0221491Z     test-results/editor-compares-list-first-994c3-g-to-a-plain-native-surface-webkit-retry2/attachments/code-click-native-baseline-7fc7f949efa1dee9b39442fe79c1ea63f3ee2a1e.json
2026-10-07T22:22:01.0223346Z     ────────────────────────────────────────────────────────────────────────────────────────────────
2026-10-07T22:22:01.0223813Z 
2026-10-07T22:22:01.0224491Z     attachment #2: code-click-native-focus (application/json) ──────────────────────────────────────
2026-10-07T22:22:01.0226305Z     test-results/editor-compares-list-first-994c3-g-to-a-plain-native-surface-webkit-retry2/attachments/code-click-native-focus-02310e152af4e4aae467ece604bf44cee95f85ed.json
2026-10-07T22:22:01.0228493Z     ────────────────────────────────────────────────────────────────────────────────────────────────
2026-10-07T22:22:01.0229005Z 
2026-10-07T22:22:01.0229700Z     attachment #3: screenshot (image/png) ──────────────────────────────────────────────────────────
2026-10-07T22:22:01.0230977Z     test-results/editor-compares-list-first-994c3-g-to-a-plain-native-surface-webkit-retry2/test-failed-1.png
2026-10-07T22:22:01.0232403Z     ────────────────────────────────────────────────────────────────────────────────────────────────
2026-10-07T22:22:01.0232902Z 
2026-10-07T22:22:01.0233744Z     Error Context: test-results/editor-compares-list-first-994c3-g-to-a-plain-native-surface-webkit-retry2/error-context.md
2026-10-07T22:22:01.0234639Z 
2026-10-07T22:22:01.0235339Z     attachment #5: trace (application/zip) ─────────────────────────────────────────────────────────
2026-10-07T22:22:01.0236744Z     test-results/editor-compares-list-first-994c3-g-to-a-plain-native-surface-webkit-retry2/trace.zip
2026-10-07T22:22:01.0237829Z     Usage:
2026-10-07T22:22:01.0238011Z 
2026-10-07T22:22:01.0238946Z         pnpm exec playwright show-trace test-results/editor-compares-list-first-994c3-g-to-a-plain-native-surface-webkit-retry2/trace.zip
2026-10-07T22:22:01.0239911Z 
2026-10-07T22:22:01.0240558Z     ────────────────────────────────────────────────────────────────────────────────────────────────
2026-10-07T22:22:01.0241061Z 
2026-10-07T22:22:01.0241069Z 
2026-10-07T22:22:02.4100941Z [7/5] [webkit] › tests/browser/editor.spec.ts:5492:1 › keeps the public native colour field focused while formatting selected text and allows undo in the editor
2026-10-07T22:22:12.8451153Z   1 failed
2026-10-07T22:22:12.8452764Z     [webkit] › tests/browser/editor.spec.ts:48:1 › compares list-first code text-click focus and editing to a plain native surface 
2026-10-07T22:22:12.8453742Z   4 passed (54.4s)
2026-10-07T22:22:13.0674005Z ##[error]Process completed with exit code 1.
2026-10-07T22:22:13.0763353Z ##[group]Run actions/upload-artifact@v4
2026-10-07T22:22:13.0763661Z with:
2026-10-07T22:22:13.0763904Z   name: direction-and-document-focus-evidence
2026-10-07T22:22:13.0767893Z   path: test-results/**/rtl-*.png
test-results/**/comment-editor-*.png
test-results/**/comment-reader-*.png
test-results/**/native-colour-mapped-selection.png
test-results/**/native-rtl-selection-baseline.json
test-results/**/inherited-auto-explicit-left-reader.png
test-results/**/word-reopened-explicit-left-reader.png
test-results/**/explicit-left.docx
test-results/**/auto-container-*.png
test-results/**/code-click-*.png
test-results/**/code-click-native-focus.json
test-results/**/code-click-native-baseline.json
test-results/**/inherited-alignment-*.png
test-results/**/native-inline-alignment.json
test-results/**/rtl-structural-observations.json
structural-direction-preflight-results/**/rtl-*.png
structural-direction-preflight-results/**/rtl-structural-observations.json
structural-direction-preflight-results/**/inherited-alignment-*.png
structural-direction-preflight-results/**/native-inline-alignment.json
structural-direction-preflight-results/**/auto-container-*.png

2026-10-07T22:22:13.0771578Z   if-no-files-found: ignore
2026-10-07T22:22:13.0771826Z   retention-days: 7
2026-10-07T22:22:13.0772042Z   compression-level: 6
2026-10-07T22:22:13.0772261Z   overwrite: false
2026-10-07T22:22:13.0772484Z   include-hidden-files: false
2026-10-07T22:22:13.0772719Z env:
2026-10-07T22:22:13.0772959Z   PNPM_HOME: /home/runner/setup-pnpm/node_modules/.bin
2026-10-07T22:22:13.0773266Z ##[endgroup]
2026-10-07T22:22:13.2443348Z (node:8146) [DEP0040] DeprecationWarning: The `punycode` module is deprecated. Please use a userland alternative instead.
2026-10-07T22:22:13.2444750Z (Use `node --trace-deprecation ...` to show where the warning was created)
2026-10-07T22:22:13.2859529Z Multiple search paths detected. Calculating the least common ancestor of all paths
2026-10-07T22:22:13.2862232Z The least common ancestor is /home/runner/work/fountainjs/fountainjs. This will be the root directory of the artifact
2026-10-07T22:22:13.2863423Z With the provided path, there will be 77 files uploaded
2026-10-07T22:22:13.2870488Z Artifact name is valid!
2026-10-07T22:22:13.2871573Z Root directory input is valid!
2026-10-07T22:22:13.6575273Z Beginning upload of artifact content to blob storage
2026-10-07T22:22:13.8151299Z (node:8146) [DEP0169] DeprecationWarning: `url.parse()` behavior is not standardized and prone to errors that have security implications. Use the WHATWG URL API instead. CVEs are not issued for `url.parse()` vulnerabilities.
2026-10-07T22:22:14.5967262Z Uploaded bytes 2245632
2026-10-07T22:22:14.6745617Z Finished uploading artifact content to blob storage!
2026-10-07T22:22:14.6746564Z SHA256 digest of uploaded artifact zip is 9d939bf96d979c0810268af32af1aa253e698f002881ac76b4092f700af7a760
2026-10-07T22:22:14.6748649Z Finalizing artifact upload
2026-10-07T22:22:14.9338463Z Artifact direction-and-document-focus-evidence.zip successfully finalized. Artifact ID 11515566250
2026-10-07T22:22:14.9339907Z Artifact direction-and-document-focus-evidence has been successfully uploaded! Final size is 2245632 bytes. Artifact ID is 11515566250
2026-10-07T22:22:14.9345367Z Artifact download URL: https://github.com/eddolo/fountainjs/actions/runs/37695352160/artifacts/11515566250
2026-10-07T22:22:14.9498801Z ##[group]Run actions/upload-artifact@v4
2026-10-07T22:22:14.9499116Z with:
2026-10-07T22:22:14.9499343Z   name: docx-math-viewer-diagnostics
2026-10-07T22:22:14.9501566Z   path: test-results/**/viewer-observations.json
test-results/**/equations-side-by-side.png
test-results/**/edited-equations.png
test-results/**/edited-compound-equations.png
test-results/**/fallback-equations.png
test-results/**/restored-equations.png
test-results/**/experimental-equations.docx
test-results/**/edited-equations.docx
test-results/**/edited-compound-equations.docx
test-results/**/fallback-equations.docx
test-results/**/restored-equations.docx
test-results/**/reopened-equations.png
test-results/**/changed-equation-refused.png
test-results/**/externally-changed-equations.docx

2026-10-07T22:22:14.9503797Z   if-no-files-found: ignore
2026-10-07T22:22:14.9504038Z   retention-days: 7
2026-10-07T22:22:14.9504259Z   compression-level: 6
2026-10-07T22:22:14.9504478Z   overwrite: false
2026-10-07T22:22:14.9504727Z   include-hidden-files: false
2026-10-07T22:22:14.9504965Z env:
2026-10-07T22:22:14.9505202Z   PNPM_HOME: /home/runner/setup-pnpm/node_modules/.bin
2026-10-07T22:22:14.9505521Z ##[endgroup]
2026-10-07T22:22:15.1213868Z (node:8158) [DEP0040] DeprecationWarning: The `punycode` module is deprecated. Please use a userland alternative instead.
2026-10-07T22:22:15.1214763Z (Use `node --trace-deprecation ...` to show where the warning was created)
2026-10-07T22:22:15.1383068Z No files were found with the provided path: test-results/**/viewer-observations.json
2026-10-07T22:22:15.1383675Z test-results/**/equations-side-by-side.png
2026-10-07T22:22:15.1384051Z test-results/**/edited-equations.png
2026-10-07T22:22:15.1384441Z test-results/**/edited-compound-equations.png
2026-10-07T22:22:15.1384816Z test-results/**/fallback-equations.png
2026-10-07T22:22:15.1385161Z test-results/**/restored-equations.png
2026-10-07T22:22:15.1385507Z test-results/**/experimental-equations.docx
2026-10-07T22:22:15.1385884Z test-results/**/edited-equations.docx
2026-10-07T22:22:15.1386254Z test-results/**/edited-compound-equations.docx
2026-10-07T22:22:15.1386628Z test-results/**/fallback-equations.docx
2026-10-07T22:22:15.1386962Z test-results/**/restored-equations.docx
2026-10-07T22:22:15.1387295Z test-results/**/reopened-equations.png
2026-10-07T22:22:15.1388088Z test-results/**/changed-equation-refused.png
2026-10-07T22:22:15.1389169Z test-results/**/externally-changed-equations.docx. No artifacts will be uploaded.
2026-10-07T22:22:15.1538880Z ##[group]Run actions/upload-artifact@v4
2026-10-07T22:22:15.1539371Z with:
2026-10-07T22:22:15.1539587Z   name: playwright-report
2026-10-07T22:22:15.1539889Z   path: playwright-report
2026-10-07T22:22:15.1540129Z   retention-days: 7
2026-10-07T22:22:15.1540360Z   if-no-files-found: warn
2026-10-07T22:22:15.1540596Z   compression-level: 6
2026-10-07T22:22:15.1540815Z   overwrite: false
2026-10-07T22:22:15.1541044Z   include-hidden-files: false
2026-10-07T22:22:15.1541278Z env:
2026-10-07T22:22:15.1541523Z   PNPM_HOME: /home/runner/setup-pnpm/node_modules/.bin
2026-10-07T22:22:15.1541833Z ##[endgroup]
2026-10-07T22:22:15.3213320Z (node:8170) [DEP0040] DeprecationWarning: The `punycode` module is deprecated. Please use a userland alternative instead.
2026-10-07T22:22:15.3214811Z (Use `node --trace-deprecation ...` to show where the warning was created)
2026-10-07T22:22:15.3314102Z With the provided path, there will be 28 files uploaded
2026-10-07T22:22:15.3319222Z Artifact name is valid!
2026-10-07T22:22:15.3319964Z Root directory input is valid!
2026-10-07T22:22:15.7522002Z Beginning upload of artifact content to blob storage
2026-10-07T22:22:15.9268469Z (node:8170) [DEP0169] DeprecationWarning: `url.parse()` behavior is not standardized and prone to errors that have security implications. Use the WHATWG URL API instead. CVEs are not issued for `url.parse()` vulnerabilities.
2026-10-07T22:22:16.7079253Z Uploaded bytes 3157526
2026-10-07T22:22:16.7867333Z Finished uploading artifact content to blob storage!
2026-10-07T22:22:16.7868826Z SHA256 digest of uploaded artifact zip is d36c964474cbce1b19584ef67a42b040401dc3b4bc43ab50cdcbba6097864d60
2026-10-07T22:22:16.7871269Z Finalizing artifact upload
2026-10-07T22:22:17.0656416Z Artifact playwright-report.zip successfully finalized. Artifact ID 11515606089
2026-10-07T22:22:17.0657845Z Artifact playwright-report has been successfully uploaded! Final size is 3157526 bytes. Artifact ID is 11515606089
2026-10-07T22:22:17.0665197Z Artifact download URL: https://github.com/eddolo/fountainjs/actions/runs/37695352160/artifacts/11515606089
2026-10-07T22:22:17.0836407Z Post job cleanup.
2026-10-07T22:22:17.2288383Z Pruning is unnecessary.
2026-10-07T22:22:17.2438348Z Post job cleanup.
2026-10-07T22:22:17.3322768Z [command]/usr/bin/git version
2026-10-07T22:22:17.3364798Z git version 2.55.0
2026-10-07T22:22:17.3405832Z Temporarily overriding HOME='/home/runner/work/_temp/04b37ac3-54ac-4677-8d56-93446d1b6628' before making global git config changes
2026-10-07T22:22:17.3407383Z Adding repository directory to the temporary git global config as a safe directory
2026-10-07T22:22:17.3412434Z [command]/usr/bin/git config --global --add safe.directory /home/runner/work/fountainjs/fountainjs
2026-10-07T22:22:17.3450030Z [command]/usr/bin/git config --local --name-only --get-regexp core\.sshCommand
2026-10-07T22:22:17.3483565Z [command]/usr/bin/git submodule foreach --recursive sh -c "git config --local --name-only --get-regexp 'core\.sshCommand' && git config --local --unset-all 'core.sshCommand' || :"
2026-10-07T22:22:17.3711095Z [command]/usr/bin/git config --local --name-only --get-regexp http\.https\:\/\/github\.com\/\.extraheader
2026-10-07T22:22:17.3737201Z http.https://github.com/.extraheader
2026-10-07T22:22:17.3748174Z [command]/usr/bin/git config --local --unset-all http.https://github.com/.extraheader
2026-10-07T22:22:17.3778982Z [command]/usr/bin/git submodule foreach --recursive sh -c "git config --local --name-only --get-regexp 'http\.https\:\/\/github\.com\/\.extraheader' && git config --local --unset-all 'http.https://github.com/.extraheader' || :"
2026-10-07T22:22:17.4002014Z [command]/usr/bin/git config --local --name-only --get-regexp ^includeIf\.gitdir:
2026-10-07T22:22:17.4032704Z [command]/usr/bin/git submodule foreach --recursive git config --local --show-origin --name-only --get-regexp remote.origin.url
2026-10-07T22:22:17.4392816Z Cleaning up orphan processes
2026-10-07T22:22:17.4733870Z ##[warning]Node.js 20 is deprecated. The following actions target Node.js 20 but are being forced to run on Node.js 24: actions/checkout@v4, actions/setup-node@v4, actions/upload-artifact@v4, pnpm/action-setup@v4. For more information see: https://github.blog/changelog/2025-09-19-deprecation-of-node-20-on-github-actions-runners/
