2026-10-07T23:12:32.1343425Z Current runner version: '2.337.0'
2026-10-07T23:12:32.1368485Z ##[group]Runner Image Provisioner
2026-10-07T23:12:32.1369535Z Hosted Compute Agent
2026-10-07T23:12:32.1370141Z Version: 20260901.588
2026-10-07T23:12:32.1370815Z Commit: f88ec8081b781fac6c440065ac7ff9e710ce3d0b
2026-10-07T23:12:32.1371599Z Build Date: 2026-09-01T19:56:44Z
2026-10-07T23:12:32.1372274Z Worker ID: {c4e847c8-de4a-4d94-9412-b94e5d30cff0}
2026-10-07T23:12:32.1373081Z Azure Region: westus
2026-10-07T23:12:32.1373657Z ##[endgroup]
2026-10-07T23:12:32.1376158Z ##[group]Operating System
2026-10-07T23:12:32.1376845Z Ubuntu
2026-10-07T23:12:32.1377363Z 24.04.5
2026-10-07T23:12:32.1377956Z LTS
2026-10-07T23:12:32.1378461Z ##[endgroup]
2026-10-07T23:12:32.1378997Z ##[group]Runner Image
2026-10-07T23:12:32.1379677Z Image: ubuntu-24.04
2026-10-07T23:12:32.1380270Z Version: 20260927.320.1
2026-10-07T23:12:32.1381572Z Included Software: https://github.com/actions/runner-images/blob/ubuntu24/20260927.320/images/ubuntu/Ubuntu2404-Readme.md
2026-10-07T23:12:32.1383179Z Image Release: https://github.com/actions/runner-images/releases/tag/ubuntu24%2F20260927.320
2026-10-07T23:12:32.1384191Z ##[endgroup]
2026-10-07T23:12:32.1385595Z ##[group]GITHUB_TOKEN Permissions
2026-10-07T23:12:32.1387841Z Contents: read
2026-10-07T23:12:32.1388457Z Metadata: read
2026-10-07T23:12:32.1389089Z ##[endgroup]
2026-10-07T23:12:32.1391137Z Secret source: Actions
2026-10-07T23:12:32.1392362Z Cache mode: write
2026-10-07T23:12:32.1393060Z Prepare workflow directory
2026-10-07T23:12:32.1749124Z Prepare all required actions
2026-10-07T23:12:32.1823009Z Getting action download info
2026-10-07T23:12:32.5662893Z Download action repository 'actions/checkout@v4' (SHA:11d5960a326750d5838078e36cf38b85af677262)
2026-10-07T23:12:32.6700612Z Download action repository 'pnpm/action-setup@v4' (SHA:b906affcce14559ad1aafd4ab0e942779e9f58b1)
2026-10-07T23:12:33.1377463Z Download action repository 'actions/setup-node@v4' (SHA:49933ea5288caeca8642d1e84afbd3f7d6820020)
2026-10-07T23:12:33.2296319Z Download action repository 'actions/setup-python@v5' (SHA:a26af69be951a213d495a4c3e4e4022e16d87065)
2026-10-07T23:12:33.3144090Z Download action repository 'oven-sh/setup-bun@v2' (SHA:0c5077e51419868618aeaa5fe8019c62421857d6)
2026-10-07T23:12:33.6367019Z Download action repository 'denoland/setup-deno@v2' (SHA:22d081ff2d3a40755e97629de92e3bcbfa7cf2ed)
2026-10-07T23:12:34.1266603Z Complete job name: verify
2026-10-07T23:12:34.2495496Z ##[group]Run actions/checkout@v4
2026-10-07T23:12:34.2496939Z with:
2026-10-07T23:12:34.2497762Z   repository: eddolo/fountainjs
2026-10-07T23:12:34.2507485Z   token: ***
2026-10-07T23:12:34.2508312Z   ssh-strict: true
2026-10-07T23:12:34.2509136Z   ssh-user: git
2026-10-07T23:12:34.2509993Z   persist-credentials: true
2026-10-07T23:12:34.2510945Z   clean: true
2026-10-07T23:12:34.2511803Z   sparse-checkout-cone-mode: true
2026-10-07T23:12:34.2512818Z   fetch-depth: 1
2026-10-07T23:12:34.2513649Z   fetch-tags: false
2026-10-07T23:12:34.2514703Z   show-progress: true
2026-10-07T23:12:34.2515593Z   lfs: false
2026-10-07T23:12:34.2516387Z   submodules: false
2026-10-07T23:12:34.2517249Z   set-safe-directory: true
2026-10-07T23:12:34.2518232Z   allow-unsafe-pr-checkout: false
2026-10-07T23:12:34.2519559Z ##[endgroup]
2026-10-07T23:12:34.3515420Z Syncing repository: eddolo/fountainjs
2026-10-07T23:12:34.3518169Z ##[group]Getting Git version info
2026-10-07T23:12:34.3519647Z Working directory is '/home/runner/work/fountainjs/fountainjs'
2026-10-07T23:12:34.3521608Z [command]/usr/bin/git version
2026-10-07T23:12:34.3593497Z git version 2.55.0
2026-10-07T23:12:34.3615963Z ##[endgroup]
2026-10-07T23:12:34.3630250Z Temporarily overriding HOME='/home/runner/work/_temp/159f64f5-4821-4cd4-8538-0d7e0fcacc00' before making global git config changes
2026-10-07T23:12:34.3633196Z Adding repository directory to the temporary git global config as a safe directory
2026-10-07T23:12:34.3637822Z [command]/usr/bin/git config --global --add safe.directory /home/runner/work/fountainjs/fountainjs
2026-10-07T23:12:34.3685337Z Deleting the contents of '/home/runner/work/fountainjs/fountainjs'
2026-10-07T23:12:34.3689976Z ##[group]Initializing the repository
2026-10-07T23:12:34.3693932Z [command]/usr/bin/git init /home/runner/work/fountainjs/fountainjs
2026-10-07T23:12:34.3807786Z hint: Using 'master' as the name for the initial branch. This default branch name
2026-10-07T23:12:34.3809784Z hint: will change to "main" in Git 3.0. To configure the initial branch name
2026-10-07T23:12:34.3812844Z hint: to use in all of your new repositories, which will suppress this warning,
2026-10-07T23:12:34.3815802Z hint: call:
2026-10-07T23:12:34.3817419Z hint:
2026-10-07T23:12:34.3819194Z hint: 	git config --global init.defaultBranch <name>
2026-10-07T23:12:34.3821311Z hint:
2026-10-07T23:12:34.3823438Z hint: Names commonly chosen instead of 'master' are 'main', 'trunk' and
2026-10-07T23:12:34.3827021Z hint: 'development'. The just-created branch can be renamed via this command:
2026-10-07T23:12:34.3829563Z hint:
2026-10-07T23:12:34.3831203Z hint: 	git branch -m <name>
2026-10-07T23:12:34.3832159Z hint:
2026-10-07T23:12:34.3833383Z hint: Disable this message with "git config set advice.defaultBranchName false"
2026-10-07T23:12:34.3835753Z Initialized empty Git repository in /home/runner/work/fountainjs/fountainjs/.git/
2026-10-07T23:12:34.3840287Z [command]/usr/bin/git remote add origin https://github.com/eddolo/fountainjs
2026-10-07T23:12:34.3900737Z ##[endgroup]
2026-10-07T23:12:34.3903587Z ##[group]Disabling automatic garbage collection
2026-10-07T23:12:34.3906137Z [command]/usr/bin/git config --local gc.auto 0
2026-10-07T23:12:34.3935854Z ##[endgroup]
2026-10-07T23:12:34.3938380Z ##[group]Setting up auth
2026-10-07T23:12:34.3943049Z [command]/usr/bin/git config --local --name-only --get-regexp core\.sshCommand
2026-10-07T23:12:34.3976807Z [command]/usr/bin/git submodule foreach --recursive sh -c "git config --local --name-only --get-regexp 'core\.sshCommand' && git config --local --unset-all 'core.sshCommand' || :"
2026-10-07T23:12:34.4346686Z [command]/usr/bin/git config --local --name-only --get-regexp http\.https\:\/\/github\.com\/\.extraheader
2026-10-07T23:12:34.4381571Z [command]/usr/bin/git submodule foreach --recursive sh -c "git config --local --name-only --get-regexp 'http\.https\:\/\/github\.com\/\.extraheader' && git config --local --unset-all 'http.https://github.com/.extraheader' || :"
2026-10-07T23:12:34.4598206Z [command]/usr/bin/git config --local --name-only --get-regexp ^includeIf\.gitdir:
2026-10-07T23:12:34.4628359Z [command]/usr/bin/git submodule foreach --recursive git config --local --show-origin --name-only --get-regexp remote.origin.url
2026-10-07T23:12:34.4851517Z [command]/usr/bin/git config --local http.https://github.com/.extraheader AUTHORIZATION: basic ***
2026-10-07T23:12:34.4888336Z ##[endgroup]
2026-10-07T23:12:34.4889916Z ##[group]Fetching the repository
2026-10-07T23:12:34.4898026Z [command]/usr/bin/git -c protocol.version=2 fetch --no-tags --prune --no-recurse-submodules --depth=1 origin +acfd54f836a6f7cc4287ad1de1c91879c02b0184:refs/remotes/origin/master
2026-10-07T23:12:35.8908243Z From https://github.com/eddolo/fountainjs
2026-10-07T23:12:35.8910032Z  * [new ref]         acfd54f836a6f7cc4287ad1de1c91879c02b0184 -> origin/master
2026-10-07T23:12:35.8915043Z ##[endgroup]
2026-10-07T23:12:35.8916383Z ##[group]Determining the checkout info
2026-10-07T23:12:35.8917881Z ##[endgroup]
2026-10-07T23:12:35.8925994Z [command]/usr/bin/git sparse-checkout disable
2026-10-07T23:12:35.8988614Z [command]/usr/bin/git config --local --unset-all extensions.worktreeConfig
2026-10-07T23:12:35.9021230Z ##[group]Checking out the ref
2026-10-07T23:12:35.9027238Z [command]/usr/bin/git checkout --progress --force -B master refs/remotes/origin/master
2026-10-07T23:12:36.2754074Z Reset branch 'master'
2026-10-07T23:12:36.2765357Z branch 'master' set up to track 'origin/master'.
2026-10-07T23:12:36.2780071Z ##[endgroup]
2026-10-07T23:12:36.2826059Z [command]/usr/bin/git log -1 --format=%H
2026-10-07T23:12:36.2851612Z acfd54f836a6f7cc4287ad1de1c91879c02b0184
2026-10-07T23:12:36.3123817Z ##[group]Run pnpm/action-setup@v4
2026-10-07T23:12:36.3124240Z with:
2026-10-07T23:12:36.3124886Z   version: 11.19.0
2026-10-07T23:12:36.3125295Z   dest: ~/setup-pnpm
2026-10-07T23:12:36.3125609Z   run_install: null
2026-10-07T23:12:36.3125950Z   cache: false
2026-10-07T23:12:36.3126291Z   cache_dependency_path: pnpm-lock.yaml
2026-10-07T23:12:36.3126718Z   package_json_file: package.json
2026-10-07T23:12:36.3127196Z   standalone: false
2026-10-07T23:12:36.3127533Z ##[endgroup]
2026-10-07T23:12:36.4602186Z ##[group]Running self-installer...
2026-10-07T23:12:36.8681383Z (node:2328) [DEP0169] DeprecationWarning: `url.parse()` behavior is not standardized and prone to errors that have security implications. Use the WHATWG URL API instead. CVEs are not issued for `url.parse()` vulnerabilities.
2026-10-07T23:12:36.8683211Z (Use `node --trace-deprecation ...` to show where the warning was created)
2026-10-07T23:12:37.0081494Z Progress: resolved 1, reused 0, downloaded 0, added 0
2026-10-07T23:12:37.0195245Z Packages: +1
2026-10-07T23:12:37.0195700Z +
2026-10-07T23:12:37.5375164Z Progress: resolved 1, reused 0, downloaded 1, added 1, done
2026-10-07T23:12:37.5671539Z 
2026-10-07T23:12:37.5695313Z dependencies:
2026-10-07T23:12:37.5725160Z + pnpm 11.19.0 (12.10.1 is available)
2026-10-07T23:12:37.5735061Z 
2026-10-07T23:12:37.5735485Z Done in 932ms
2026-10-07T23:12:37.6495866Z ##[endgroup]
2026-10-07T23:12:37.6516135Z Installation Completed!
2026-10-07T23:12:37.6726388Z ##[group]Run actions/setup-node@v4
2026-10-07T23:12:37.6726683Z with:
2026-10-07T23:12:37.6726889Z   node-version: 24
2026-10-07T23:12:37.6727103Z   cache: pnpm
2026-10-07T23:12:37.6727301Z   always-auth: false
2026-10-07T23:12:37.6727524Z   check-latest: false
2026-10-07T23:12:37.6730258Z   token: ***
2026-10-07T23:12:37.6730459Z env:
2026-10-07T23:12:37.6730719Z   PNPM_HOME: /home/runner/setup-pnpm/node_modules/.bin
2026-10-07T23:12:37.6731031Z ##[endgroup]
2026-10-07T23:12:37.8215716Z (node:2342) [DEP0040] DeprecationWarning: The `punycode` module is deprecated. Please use a userland alternative instead.
2026-10-07T23:12:37.8217502Z (Use `node --trace-deprecation ...` to show where the warning was created)
2026-10-07T23:12:37.8219009Z Found in cache @ /opt/hostedtoolcache/node/24.21.0/x64
2026-10-07T23:12:37.8219874Z ##[group]Environment details
2026-10-07T23:12:38.2676452Z node: v24.21.0
2026-10-07T23:12:38.2677104Z npm: 11.19.0
2026-10-07T23:12:38.2677745Z yarn: 1.22.22
2026-10-07T23:12:38.2679516Z ##[endgroup]
2026-10-07T23:12:38.2705120Z [command]/home/runner/setup-pnpm/node_modules/.bin/pnpm store path --silent
2026-10-07T23:12:38.9002192Z /home/runner/setup-pnpm/node_modules/.bin/store/v11
2026-10-07T23:12:39.1688072Z Cache hit for: node-cache-Linux-x64-pnpm-fd849381c36c47c9fa715e7759caf3b24b3c25e63e57449d26448df099a8c870
2026-10-07T23:12:39.1839428Z (node:2342) [DEP0169] DeprecationWarning: `url.parse()` behavior is not standardized and prone to errors that have security implications. Use the WHATWG URL API instead. CVEs are not issued for `url.parse()` vulnerabilities.
2026-10-07T23:12:40.4544596Z Received 4194304 of 143139869 (2.9%), 4.0 MBs/sec
2026-10-07T23:12:41.4550734Z Received 117440512 of 143139869 (82.0%), 56.0 MBs/sec
2026-10-07T23:12:41.9352486Z Received 143139869 of 143139869 (100.0%), 55.0 MBs/sec
2026-10-07T23:12:41.9353598Z Cache Size: ~137 MB (143139869 B)
2026-10-07T23:12:41.9389901Z [command]/usr/bin/tar -xf /home/runner/work/_temp/e6ad8125-c41b-4d3c-a92a-33582b46857a/cache.tzst -P -C /home/runner/work/fountainjs/fountainjs --use-compress-program unzstd
2026-10-07T23:12:43.3829087Z Cache restored successfully
2026-10-07T23:12:43.3900951Z Cache restored from key: node-cache-Linux-x64-pnpm-fd849381c36c47c9fa715e7759caf3b24b3c25e63e57449d26448df099a8c870
2026-10-07T23:12:43.4099783Z ##[group]Run actions/setup-python@v5
2026-10-07T23:12:43.4100090Z with:
2026-10-07T23:12:43.4100297Z   python-version: 3.13
2026-10-07T23:12:43.4100544Z   check-latest: false
2026-10-07T23:12:43.4103411Z   token: ***
2026-10-07T23:12:43.4120426Z   update-environment: true
2026-10-07T23:12:43.4120715Z   allow-prereleases: false
2026-10-07T23:12:43.4120969Z   freethreaded: false
2026-10-07T23:12:43.4121188Z env:
2026-10-07T23:12:43.4121430Z   PNPM_HOME: /home/runner/setup-pnpm/node_modules/.bin
2026-10-07T23:12:43.4121738Z ##[endgroup]
2026-10-07T23:12:43.5486985Z ##[group]Installed versions
2026-10-07T23:12:43.5581785Z (node:2395) [DEP0040] DeprecationWarning: The `punycode` module is deprecated. Please use a userland alternative instead.
2026-10-07T23:12:43.5583495Z (Use `node --trace-deprecation ...` to show where the warning was created)
2026-10-07T23:12:43.5584802Z Successfully set up CPython (3.13.15)
2026-10-07T23:12:43.5585722Z ##[endgroup]
2026-10-07T23:12:43.5724950Z ##[group]Run oven-sh/setup-bun@v2
2026-10-07T23:12:43.5725264Z with:
2026-10-07T23:12:43.5725463Z   no-cache: false
2026-10-07T23:12:43.5728144Z   token: ***
2026-10-07T23:12:43.5728341Z env:
2026-10-07T23:12:43.5728589Z   PNPM_HOME: /home/runner/setup-pnpm/node_modules/.bin
2026-10-07T23:12:43.5728983Z   pythonLocation: /opt/hostedtoolcache/Python/3.13.15/x64
2026-10-07T23:12:43.5729422Z   PKG_CONFIG_PATH: /opt/hostedtoolcache/Python/3.13.15/x64/lib/pkgconfig
2026-10-07T23:12:43.5729852Z   Python_ROOT_DIR: /opt/hostedtoolcache/Python/3.13.15/x64
2026-10-07T23:12:43.5730239Z   Python2_ROOT_DIR: /opt/hostedtoolcache/Python/3.13.15/x64
2026-10-07T23:12:43.5730614Z   Python3_ROOT_DIR: /opt/hostedtoolcache/Python/3.13.15/x64
2026-10-07T23:12:43.5731005Z   LD_LIBRARY_PATH: /opt/hostedtoolcache/Python/3.13.15/x64/lib
2026-10-07T23:12:43.5731329Z ##[endgroup]
2026-10-07T23:12:44.2020979Z Downloading a new version of Bun: https://github.com/oven-sh/bun/releases/download/bun-v1.4.2/bun-linux-x64.zip
2026-10-07T23:12:44.5142920Z [command]/usr/bin/unzip -o -q /home/runner/work/_temp/9d0090e7-df72-49a8-b2ef-401c745e8b1b.zip
2026-10-07T23:12:45.1398079Z [command]/home/runner/.bun/bin/bun --revision
2026-10-07T23:12:45.1443938Z 1.4.2+744846f84
2026-10-07T23:12:45.1598771Z ##[group]Run denoland/setup-deno@v2
2026-10-07T23:12:45.1599065Z with:
2026-10-07T23:12:45.1599266Z   deno-version: lts
2026-10-07T23:12:45.1599481Z   deno-binary-name: deno
2026-10-07T23:12:45.1599703Z   cache: false
2026-10-07T23:12:45.1599890Z env:
2026-10-07T23:12:45.1600143Z   PNPM_HOME: /home/runner/setup-pnpm/node_modules/.bin
2026-10-07T23:12:45.1600525Z   pythonLocation: /opt/hostedtoolcache/Python/3.13.15/x64
2026-10-07T23:12:45.1600951Z   PKG_CONFIG_PATH: /opt/hostedtoolcache/Python/3.13.15/x64/lib/pkgconfig
2026-10-07T23:12:45.1601429Z   Python_ROOT_DIR: /opt/hostedtoolcache/Python/3.13.15/x64
2026-10-07T23:12:45.1601839Z   Python2_ROOT_DIR: /opt/hostedtoolcache/Python/3.13.15/x64
2026-10-07T23:12:45.1602227Z   Python3_ROOT_DIR: /opt/hostedtoolcache/Python/3.13.15/x64
2026-10-07T23:12:45.1602609Z   LD_LIBRARY_PATH: /opt/hostedtoolcache/Python/3.13.15/x64/lib
2026-10-07T23:12:45.1602933Z ##[endgroup]
2026-10-07T23:12:45.3839722Z Going to install lts version 2.9.3.
2026-10-07T23:12:45.3850694Z Downloading Deno from https://github.com/denoland/deno/releases/download/v2.9.3/deno-x86_64-unknown-linux-gnu.zip.
2026-10-07T23:12:45.7798579Z [command]/usr/bin/unzip -o -q /home/runner/work/_temp/b2d573ff-82db-4a1b-a53a-fd236cff3751
2026-10-07T23:12:46.6192848Z Cached Deno to /opt/hostedtoolcache/deno/2.9.3/x64.
2026-10-07T23:12:46.6202948Z Installation complete.
2026-10-07T23:12:46.6357105Z ##[group]Run pnpm install --frozen-lockfile
2026-10-07T23:12:46.6357518Z [36;1mpnpm install --frozen-lockfile[0m
2026-10-07T23:12:46.6660822Z shell: /usr/bin/bash -e {0}
2026-10-07T23:12:46.6661140Z env:
2026-10-07T23:12:46.6661441Z   PNPM_HOME: /home/runner/setup-pnpm/node_modules/.bin
2026-10-07T23:12:46.6661910Z   pythonLocation: /opt/hostedtoolcache/Python/3.13.15/x64
2026-10-07T23:12:46.6662446Z   PKG_CONFIG_PATH: /opt/hostedtoolcache/Python/3.13.15/x64/lib/pkgconfig
2026-10-07T23:12:46.6662966Z   Python_ROOT_DIR: /opt/hostedtoolcache/Python/3.13.15/x64
2026-10-07T23:12:46.6663423Z   Python2_ROOT_DIR: /opt/hostedtoolcache/Python/3.13.15/x64
2026-10-07T23:12:46.6664101Z   Python3_ROOT_DIR: /opt/hostedtoolcache/Python/3.13.15/x64
2026-10-07T23:12:46.6664771Z   LD_LIBRARY_PATH: /opt/hostedtoolcache/Python/3.13.15/x64/lib
2026-10-07T23:12:46.6665163Z ##[endgroup]
2026-10-07T23:12:47.1118838Z Scope: all 3 workspace projects
2026-10-07T23:12:47.1872504Z ? Verifying lockfile against supply-chain policies (340 entries)...
2026-10-07T23:12:47.2006935Z Lockfile is up to date, resolution step is skipped
2026-10-07T23:12:47.3142769Z Progress: resolved 1, reused 0, downloaded 0, added 0
2026-10-07T23:12:47.3711732Z Packages: +281
2026-10-07T23:12:47.3712805Z ++++++++++++++++++++++++++++++++++++++++++++++++++++++++++++++++++++++++++++++++
2026-10-07T23:12:48.1606242Z Packages are hard linked from the content-addressable store to the virtual store.
2026-10-07T23:12:48.1608163Z   Content-addressable store is at: /home/runner/setup-pnpm/node_modules/.bin/store/v11
2026-10-07T23:12:48.1609416Z   Virtual store is at:             node_modules/.pnpm
2026-10-07T23:12:48.3200140Z Progress: resolved 281, reused 281, downloaded 0, added 16
2026-10-07T23:12:48.8665081Z Progress: resolved 281, reused 281, downloaded 0, added 281, done
2026-10-07T23:12:51.1375238Z ✓ Lockfile passes supply-chain policies (340 entries in 3.9s)
2026-10-07T23:12:51.2041852Z 
2026-10-07T23:12:51.2042640Z devDependencies:
2026-10-07T23:12:51.2043343Z + @angular/common 22.1.5
2026-10-07T23:12:51.2044001Z + @angular/compiler 22.1.5
2026-10-07T23:12:51.2044791Z + @angular/core 22.1.5
2026-10-07T23:12:51.2045424Z + @angular/platform-browser 22.1.5
2026-10-07T23:12:51.2046122Z + @angular/platform-server 22.1.5
2026-10-07T23:12:51.2046800Z + @mathjax/mathjax-tex-font 4.1.3
2026-10-07T23:12:51.2047410Z + @mathjax/src 4.1.3
2026-10-07T23:12:51.2048126Z + @playwright/test 1.62.1
2026-10-07T23:12:51.2049796Z + @sveltejs/vite-plugin-svelte 7.3.0
2026-10-07T23:12:51.2050836Z + @types/node 26.4.1
2026-10-07T23:12:51.2051398Z + @types/react 19.2.18
2026-10-07T23:12:51.2051975Z + @types/react-dom 19.2.7
2026-10-07T23:12:51.2052573Z + @vitejs/plugin-react 6.1.1
2026-10-07T23:12:51.2053205Z + commonmark 0.31.2
2026-10-07T23:12:51.2053751Z + commonmark-spec 0.31.2
2026-10-07T23:12:51.2054614Z + css-select 7.0.0
2026-10-07T23:12:51.2055230Z + docx-preview 0.4.0
2026-10-07T23:12:51.2055765Z + entities 8.0.0
2026-10-07T23:12:51.2056269Z + fflate 0.8.3
2026-10-07T23:12:51.2056758Z + jsdom 30.0.1
2026-10-07T23:12:51.2057232Z + katex 0.18.6
2026-10-07T23:12:51.2057754Z + miniflare 3.20250718.3
2026-10-07T23:12:51.2058284Z + parse5 8.0.1
2026-10-07T23:12:51.2058898Z + parse5-htmlparser2-tree-adapter 8.0.1
2026-10-07T23:12:51.2060628Z + pdfjs-dist 6.3.289
2026-10-07T23:12:51.2061289Z + react 19.2.8
2026-10-07T23:12:51.2061855Z + react-dom 19.2.8
2026-10-07T23:12:51.2082453Z + rxjs 7.8.2
2026-10-07T23:12:51.2082873Z + svelte 5.57.0
2026-10-07T23:12:51.2083315Z + typescript 7.0.2
2026-10-07T23:12:51.2083777Z + unicode-emoji-json 0.9.0
2026-10-07T23:12:51.2084230Z + vite 8.2.2
2026-10-07T23:12:51.2085052Z + vitest 5.0.0
2026-10-07T23:12:51.2085434Z + vue 3.5.42
2026-10-07T23:12:51.2085823Z + yjs 13.6.32
2026-10-07T23:12:51.2086049Z 
2026-10-07T23:12:51.2418431Z Done in 4.5s using pnpm v11.19.0
2026-10-07T23:12:51.2990580Z ##[group]Run python -m pip install --disable-pip-version-check python-docx==1.2.0
2026-10-07T23:12:51.2991237Z [36;1mpython -m pip install --disable-pip-version-check python-docx==1.2.0[0m
2026-10-07T23:12:51.3054034Z shell: /usr/bin/bash -e {0}
2026-10-07T23:12:51.3054568Z env:
2026-10-07T23:12:51.3054929Z   PNPM_HOME: /home/runner/setup-pnpm/node_modules/.bin
2026-10-07T23:12:51.3055338Z   pythonLocation: /opt/hostedtoolcache/Python/3.13.15/x64
2026-10-07T23:12:51.3055778Z   PKG_CONFIG_PATH: /opt/hostedtoolcache/Python/3.13.15/x64/lib/pkgconfig
2026-10-07T23:12:51.3056215Z   Python_ROOT_DIR: /opt/hostedtoolcache/Python/3.13.15/x64
2026-10-07T23:12:51.3056601Z   Python2_ROOT_DIR: /opt/hostedtoolcache/Python/3.13.15/x64
2026-10-07T23:12:51.3056994Z   Python3_ROOT_DIR: /opt/hostedtoolcache/Python/3.13.15/x64
2026-10-07T23:12:51.3057627Z   LD_LIBRARY_PATH: /opt/hostedtoolcache/Python/3.13.15/x64/lib
2026-10-07T23:12:51.3057960Z ##[endgroup]
2026-10-07T23:12:52.1507547Z Collecting python-docx==1.2.0
2026-10-07T23:12:52.2495420Z   Downloading python_docx-1.2.0-py3-none-any.whl.metadata (2.0 kB)
2026-10-07T23:12:52.5824489Z Collecting lxml>=3.1.0 (from python-docx==1.2.0)
2026-10-07T23:12:52.6028028Z   Downloading lxml-6.1.3-cp313-cp313-manylinux_2_26_x86_64.manylinux_2_28_x86_64.whl.metadata (3.3 kB)
2026-10-07T23:12:52.6371230Z Collecting typing_extensions>=4.9.0 (from python-docx==1.2.0)
2026-10-07T23:12:52.6575299Z   Downloading typing_extensions-4.16.0-py3-none-any.whl.metadata (3.3 kB)
2026-10-07T23:12:52.6818204Z Downloading python_docx-1.2.0-py3-none-any.whl (252 kB)
2026-10-07T23:12:52.7609452Z Downloading lxml-6.1.3-cp313-cp313-manylinux_2_26_x86_64.manylinux_2_28_x86_64.whl (5.2 MB)
2026-10-07T23:12:52.9033969Z    ━━━━━━━━━━━━━━━━━━━━━━━━━━━━━━━━━━━━━━━━ 5.2/5.2 MB 41.6 MB/s  0:00:00
2026-10-07T23:12:52.9238031Z Downloading typing_extensions-4.16.0-py3-none-any.whl (45 kB)
2026-10-07T23:12:52.9743672Z Installing collected packages: typing_extensions, lxml, python-docx
2026-10-07T23:12:53.2717947Z 
2026-10-07T23:12:53.2745679Z Successfully installed lxml-6.1.3 python-docx-1.2.0 typing_extensions-4.16.0
2026-10-07T23:12:53.3328522Z ##[group]Run pnpm build
2026-10-07T23:12:53.3328993Z [36;1mpnpm build[0m
2026-10-07T23:12:53.3410432Z shell: /usr/bin/bash -e {0}
2026-10-07T23:12:53.3410842Z env:
2026-10-07T23:12:53.3411249Z   PNPM_HOME: /home/runner/setup-pnpm/node_modules/.bin
2026-10-07T23:12:53.3411893Z   pythonLocation: /opt/hostedtoolcache/Python/3.13.15/x64
2026-10-07T23:12:53.3412623Z   PKG_CONFIG_PATH: /opt/hostedtoolcache/Python/3.13.15/x64/lib/pkgconfig
2026-10-07T23:12:53.3413353Z   Python_ROOT_DIR: /opt/hostedtoolcache/Python/3.13.15/x64
2026-10-07T23:12:53.3413994Z   Python2_ROOT_DIR: /opt/hostedtoolcache/Python/3.13.15/x64
2026-10-07T23:12:53.3414882Z   Python3_ROOT_DIR: /opt/hostedtoolcache/Python/3.13.15/x64
2026-10-07T23:12:53.3415554Z   LD_LIBRARY_PATH: /opt/hostedtoolcache/Python/3.13.15/x64/lib
2026-10-07T23:12:53.3416101Z ##[endgroup]
2026-10-07T23:12:53.8133068Z $ vite build -c vite.lib.config.ts && tsc -p tsconfig.build.json && node scripts/copy-assets.mjs && pnpm build:angular
2026-10-07T23:12:54.0501887Z [36mvite v8.2.2 [32mbuilding client environment for production...[36m[39m
2026-10-07T23:12:54.0650856Z transforming...
2026-10-07T23:12:54.2116058Z ✓ 303 modules transformed.
2026-10-07T23:12:54.2980446Z rendering chunks...
2026-10-07T23:12:54.3836120Z computing gzip size...
2026-10-07T23:12:54.3977604Z dist/step-doAGd4iU.js                       0.20 kB │ gzip:  0.18 kB │ map:   0.41 kB
2026-10-07T23:12:54.3978904Z dist/plugin-B0KSKRXJ.js                     0.39 kB │ gzip:  0.28 kB │ map:   3.23 kB
2026-10-07T23:12:54.3980057Z dist/node-spec-Dl5lMC1C.js                  0.64 kB │ gzip:  0.37 kB │ map:   8.05 kB
2026-10-07T23:12:54.3981076Z dist/text-style.js                          0.87 kB │ gzip:  0.39 kB
2026-10-07T23:12:54.3982206Z dist/url-sjMj-efj.js                        1.03 kB │ gzip:  0.52 kB │ map:   2.68 kB
2026-10-07T23:12:54.3983284Z dist/svelte.js                              1.08 kB │ gzip:  0.55 kB │ map:   3.58 kB
2026-10-07T23:12:54.3984786Z dist/useFountain-DQ8gXlvr.js                1.09 kB │ gzip:  0.57 kB │ map:   3.25 kB
2026-10-07T23:12:54.3986122Z dist/command-manager-CSDUCeVE.js            1.32 kB │ gzip:  0.62 kB │ map:   6.46 kB
2026-10-07T23:12:54.3987502Z dist/collaboration-BubriAbK.js              1.44 kB │ gzip:  0.71 kB │ map:   3.60 kB
2026-10-07T23:12:54.3988783Z dist/react-widgets.js                       1.57 kB │ gzip:  0.67 kB │ map:   5.52 kB
2026-10-07T23:12:54.3989943Z dist/vue.js                                 1.72 kB │ gzip:  0.86 kB │ map:   4.53 kB
2026-10-07T23:12:54.3991142Z dist/inline-atom-BLfPalX5.js                1.76 kB │ gzip:  0.78 kB │ map:   5.30 kB
2026-10-07T23:12:54.3992380Z dist/path-B7Cr90vg.js                       1.89 kB │ gzip:  0.89 kB │ map:   5.80 kB
2026-10-07T23:12:54.3994014Z dist/search-CLj2oPC9.js                     1.99 kB │ gzip:  0.95 kB │ map:   6.14 kB
2026-10-07T23:12:54.3995499Z dist/history-CluGKD04.js                    2.71 kB │ gzip:  1.12 kB │ map:   7.84 kB
2026-10-07T23:12:54.3996669Z dist/html-page-settings-C1un4UNO.js         2.80 kB │ gzip:  1.18 kB │ map:   8.40 kB
2026-10-07T23:12:54.3997941Z dist/content-expression-CuobUc-r.js         2.87 kB │ gzip:  1.12 kB │ map:   7.89 kB
2026-10-07T23:12:54.3999250Z dist/input-rules-EH0whXGW.js                2.99 kB │ gzip:  1.31 kB │ map:   9.02 kB
2026-10-07T23:12:54.4000470Z dist/decoration-CuT1b7BC.js                 3.14 kB │ gzip:  1.23 kB │ map:  10.15 kB
2026-10-07T23:12:54.4001689Z dist/extension-Cfbujo9B.js                  3.20 kB │ gzip:  1.27 kB │ map:  10.62 kB
2026-10-07T23:12:54.4002964Z dist/replace-text-range-step-DDj1wpRU.js    3.28 kB │ gzip:  1.21 kB │ map:   9.56 kB
2026-10-07T23:12:54.4004246Z dist/table-map-Du2VwT8u.js                  3.47 kB │ gzip:  1.41 kB │ map:  10.05 kB
2026-10-07T23:12:54.4005775Z dist/mark-range-step-Jo1iPQSu.js            3.48 kB │ gzip:  1.08 kB │ map:  10.32 kB
2026-10-07T23:12:54.4007014Z dist/node-CMohf4dR.js                       3.90 kB │ gzip:  1.36 kB │ map:  10.26 kB
2026-10-07T23:12:54.4008544Z dist/html-flow-BJslUvJk.js                  4.47 kB │ gzip:  1.85 kB │ map:  11.72 kB
2026-10-07T23:12:54.4009864Z dist/link-destination-M3zm_45f.js           4.56 kB │ gzip:  1.82 kB │ map:  12.96 kB
2026-10-07T23:12:54.4011046Z dist/widgets-dom.js                         4.74 kB │ gzip:  1.67 kB │ map:  13.70 kB
2026-10-07T23:12:54.4012277Z dist/text-style-BkndJSnj.js                 4.82 kB │ gzip:  1.60 kB │ map:  15.05 kB
2026-10-07T23:12:54.4013466Z dist/integrity-dom.js                       5.07 kB │ gzip:  1.98 kB │ map:  14.22 kB
2026-10-07T23:12:54.4014823Z dist/table-of-contents.js                   5.69 kB │ gzip:  2.34 kB │ map:  17.63 kB
2026-10-07T23:12:54.4016025Z dist/html-inert.js                          6.16 kB │ gzip:  2.55 kB │ map:  13.93 kB
2026-10-07T23:12:54.4017157Z dist/testing.js                             6.49 kB │ gzip:  2.31 kB │ map:  18.97 kB
2026-10-07T23:12:54.4018298Z dist/selection-Du4v48EK.js                  6.52 kB │ gzip:  2.21 kB │ map:  19.93 kB
2026-10-07T23:12:54.4019593Z dist/migrations.js                          7.04 kB │ gzip:  2.23 kB │ map:  19.76 kB
2026-10-07T23:12:54.4020811Z dist/react-tracked-changes.js               7.65 kB │ gzip:  2.34 kB │ map:  13.99 kB
2026-10-07T23:12:54.4021974Z dist/details.js                             7.72 kB │ gzip:  2.65 kB │ map:  21.54 kB
2026-10-07T23:12:54.4023113Z dist/mapping-BbhEodcc.js                    7.76 kB │ gzip:  2.66 kB │ map:  24.89 kB
2026-10-07T23:12:54.4024558Z dist/react-integrity.js                     8.09 kB │ gzip:  2.42 kB │ map:  13.31 kB
2026-10-07T23:12:54.4025843Z dist/menu-position-CT8mhP6t.js              8.23 kB │ gzip:  3.05 kB │ map:  25.35 kB
2026-10-07T23:12:54.4027037Z dist/node-ids.js                            8.74 kB │ gzip:  3.14 kB │ map:  28.06 kB
2026-10-07T23:12:54.4028143Z dist/widgets.js                             8.78 kB │ gzip:  3.21 kB │ map:  27.94 kB
2026-10-07T23:12:54.4029329Z dist/table-layout-wVT2Dkfh.js               8.97 kB │ gzip:  3.14 kB │ map:  26.45 kB
2026-10-07T23:12:54.4030453Z dist/core.js                                9.04 kB │ gzip:  3.16 kB
2026-10-07T23:12:54.4031540Z dist/react-comments.js                      9.78 kB │ gzip:  2.75 kB │ map:  17.76 kB
2026-10-07T23:12:54.4032733Z dist/structured-attributes.js              10.03 kB │ gzip:  2.96 kB │ map:  31.46 kB
2026-10-07T23:12:54.4033865Z dist/react-versions.js                     10.06 kB │ gzip:  2.75 kB │ map:  18.26 kB
2026-10-07T23:12:54.4035315Z dist/collaboration-core-B-I53ZbT.js        10.29 kB │ gzip:  3.23 kB │ map:  32.95 kB
2026-10-07T23:12:54.4036566Z dist/ai-generated-media.js                 10.71 kB │ gzip:  3.28 kB │ map:  27.57 kB
2026-10-07T23:12:54.4038031Z dist/ruby.js                               10.92 kB │ gzip:  3.49 kB │ map:  28.83 kB
2026-10-07T23:12:54.4039205Z dist/page-settings-Bqt82pEY.js             11.19 kB │ gzip:  3.73 kB │ map:  32.14 kB
2026-10-07T23:12:54.4040301Z dist/pages.js                              11.27 kB │ gzip:  3.60 kB │ map:  28.76 kB
2026-10-07T23:12:54.4041408Z dist/integrity.js                          11.46 kB │ gzip:  3.63 kB │ map:  30.86 kB
2026-10-07T23:12:54.4042080Z dist/pages-preview.js                      13.47 kB │ gzip:  4.45 kB │ map:  37.18 kB
2026-10-07T23:12:54.4042920Z dist/editor-CMX7ABLq.js                    15.16 kB │ gzip:  4.48 kB │ map:  43.81 kB
2026-10-07T23:12:54.4043856Z dist/ai-conversation.js                    15.96 kB │ gzip:  4.46 kB │ map:  41.86 kB
2026-10-07T23:12:54.4044851Z dist/ai-document-tools.js                  16.83 kB │ gzip:  4.71 kB │ map:  45.73 kB
2026-10-07T23:12:54.4045766Z dist/emoji-zGHF1q7N.js                     17.42 kB │ gzip:  5.72 kB │ map:  46.29 kB
2026-10-07T23:12:54.4046641Z dist/link-behavior-RZK2W19-.js             18.29 kB │ gzip:  6.84 kB │ map:  48.24 kB
2026-10-07T23:12:54.4047327Z dist/presentation-_RsWq19D.js              21.37 kB │ gzip:  6.17 kB │ map:  64.52 kB
2026-10-07T23:12:54.4047980Z dist/document-utilities.js                 23.88 kB │ gzip:  7.49 kB │ map:  67.80 kB
2026-10-07T23:12:54.4048795Z dist/yjs.js                                27.47 kB │ gzip:  7.82 kB │ map:  75.97 kB
2026-10-07T23:12:54.4049420Z dist/tracked-changes.js                    28.57 kB │ gzip:  8.09 kB │ map:  85.58 kB
2026-10-07T23:12:54.4050041Z dist/versions.js                           29.34 kB │ gzip:  7.76 kB │ map:  80.63 kB
2026-10-07T23:12:54.4050760Z dist/comments.js                           29.77 kB │ gzip:  8.57 kB │ map:  87.59 kB
2026-10-07T23:12:54.4051429Z dist/extensions-jYTJ2yTI.js                33.96 kB │ gzip:  9.55 kB │ map:  89.42 kB
2026-10-07T23:12:54.4052084Z dist/media-BMTNaaCL.js                     42.71 kB │ gzip: 12.10 kB │ map: 110.37 kB
2026-10-07T23:12:54.4052736Z dist/markdown-html-83ZGjqmO.js             43.57 kB │ gzip: 23.96 kB │ map:  74.66 kB
2026-10-07T23:12:54.4053368Z dist/pages-dom.js                          53.72 kB │ gzip: 13.34 kB │ map: 147.72 kB
2026-10-07T23:12:54.4053961Z dist/index.js                              82.79 kB │ gzip: 24.38 kB │ map: 179.78 kB
2026-10-07T23:12:54.4054860Z dist/commands-w_EHMhjo.js                  83.11 kB │ gzip: 21.56 kB │ map: 238.14 kB
2026-10-07T23:12:54.4055545Z dist/text-exporter-D2pnt9bs.js             87.27 kB │ gzip: 25.34 kB │ map: 267.31 kB
2026-10-07T23:12:54.4056468Z dist/react.js                              93.66 kB │ gzip: 21.97 kB │ map: 186.06 kB
2026-10-07T23:12:54.4057238Z dist/view-DP3wlaDO.js                     118.60 kB │ gzip: 29.37 kB │ map: 305.76 kB
2026-10-07T23:12:54.4057875Z dist/docx.js                              188.21 kB │ gzip: 54.03 kB │ map: 517.71 kB
2026-10-07T23:12:54.4058467Z dist/html-server.js                       262.10 kB │ gzip: 59.55 kB │ map: 772.23 kB
2026-10-07T23:12:54.4059076Z dist/emoji-data.js                        331.40 kB │ gzip: 30.89 kB │ map: 467.62 kB
2026-10-07T23:12:54.4059537Z 
2026-10-07T23:12:54.4064012Z transforming...
2026-10-07T23:12:54.5290818Z ✓ 303 modules transformed.
2026-10-07T23:12:54.6026855Z rendering chunks...
2026-10-07T23:12:54.6845466Z computing gzip size...
2026-10-07T23:12:54.6942560Z dist/step-CICBu9Xg.cjs                       0.20 kB │ gzip:  0.18 kB │ map:   0.42 kB
2026-10-07T23:12:54.6943492Z dist/plugin-DlQkwKdU.cjs                     0.48 kB │ gzip:  0.27 kB │ map:   3.21 kB
2026-10-07T23:12:54.6944197Z dist/node-spec-owlJN_nc.cjs                  0.59 kB │ gzip:  0.36 kB │ map:   8.05 kB
2026-10-07T23:12:54.6945367Z dist/rolldown-runtime-Chgba0Kb.cjs           0.77 kB │ gzip:  0.41 kB
2026-10-07T23:12:54.6945984Z dist/text-style.cjs                          0.87 kB │ gzip:  0.36 kB
2026-10-07T23:12:54.6946616Z dist/svelte.cjs                              0.89 kB │ gzip:  0.51 kB │ map:   3.64 kB
2026-10-07T23:12:54.6947571Z dist/url-Co8QRAHd.cjs                        0.92 kB │ gzip:  0.51 kB │ map:   2.68 kB
2026-10-07T23:12:54.6948234Z dist/useFountain-C16zq9TV.cjs                0.96 kB │ gzip:  0.52 kB │ map:   3.30 kB
2026-10-07T23:12:54.6948933Z dist/command-manager-DU4ahU5C.cjs            1.06 kB │ gzip:  0.55 kB │ map:   6.45 kB
2026-10-07T23:12:54.6949617Z dist/collaboration-DHfWMt2l.cjs              1.26 kB │ gzip:  0.63 kB │ map:   3.61 kB
2026-10-07T23:12:54.6950273Z dist/react-widgets.cjs                       1.33 kB │ gzip:  0.63 kB │ map:   5.62 kB
2026-10-07T23:12:54.6950871Z dist/vue.cjs                                 1.45 kB │ gzip:  0.76 kB │ map:   4.76 kB
2026-10-07T23:12:54.6951483Z dist/inline-atom-Cg88XSNe.cjs                1.53 kB │ gzip:  0.70 kB │ map:   5.34 kB
2026-10-07T23:12:54.6952322Z dist/search-Cb5HWhnF.cjs                     1.76 kB │ gzip:  0.87 kB │ map:   6.15 kB
2026-10-07T23:12:54.6953452Z dist/path-DDY3uxw-.cjs                       1.98 kB │ gzip:  0.82 kB │ map:   5.79 kB
2026-10-07T23:12:54.6955030Z dist/content-expression-YXcFdjFU.cjs         2.15 kB │ gzip:  0.98 kB │ map:   7.85 kB
2026-10-07T23:12:54.6956454Z dist/html-page-settings-CYNBUfR_.cjs         2.53 kB │ gzip:  1.05 kB │ map:   8.37 kB
2026-10-07T23:12:54.6958085Z dist/table-map-Dbo_d2TT.cjs                  2.65 kB │ gzip:  1.23 kB │ map:  10.02 kB
2026-10-07T23:12:54.6959359Z dist/input-rules-HXvPuvbc.cjs                2.66 kB │ gzip:  1.16 kB │ map:   9.04 kB
2026-10-07T23:12:54.6960605Z dist/decoration-jVx4B2Pl.cjs                 2.68 kB │ gzip:  1.13 kB │ map:  10.14 kB
2026-10-07T23:12:54.6961868Z dist/replace-text-range-step-VHOaDNVn.cjs    2.69 kB │ gzip:  1.07 kB │ map:   9.63 kB
2026-10-07T23:12:54.6963169Z dist/history-C1iHQbdz.cjs                    2.76 kB │ gzip:  1.03 kB │ map:   7.85 kB
2026-10-07T23:12:54.6964079Z dist/extension-Sb4ErwsF.cjs                  2.86 kB │ gzip:  1.17 kB │ map:  10.59 kB
2026-10-07T23:12:54.6965079Z dist/mark-range-step-DOJDyOsP.cjs            3.02 kB │ gzip:  0.92 kB │ map:  10.34 kB
2026-10-07T23:12:54.6965785Z dist/node-D26sG_e5.cjs                       3.35 kB │ gzip:  1.25 kB │ map:  10.25 kB
2026-10-07T23:12:54.6966414Z dist/widgets-dom.cjs                         4.02 kB │ gzip:  1.53 kB │ map:  13.67 kB
2026-10-07T23:12:54.6967062Z dist/html-flow-0iqE4lWW.cjs                  4.18 kB │ gzip:  1.68 kB │ map:  11.78 kB
2026-10-07T23:12:54.6967712Z dist/integrity-dom.cjs                       4.36 kB │ gzip:  1.82 kB │ map:  14.27 kB
2026-10-07T23:12:54.6968376Z dist/link-destination-3p4Of17h.cjs           4.70 kB │ gzip:  1.53 kB │ map:  13.01 kB
2026-10-07T23:12:54.6969067Z dist/table-of-contents.cjs                   4.75 kB │ gzip:  2.12 kB │ map:  17.66 kB
2026-10-07T23:12:54.6969750Z dist/text-style-B9Y5mBPB.cjs                 5.08 kB │ gzip:  1.44 kB │ map:  15.23 kB
2026-10-07T23:12:54.6970384Z dist/html-inert.cjs                          5.19 kB │ gzip:  2.36 kB │ map:  13.94 kB
2026-10-07T23:12:54.6970985Z dist/testing.cjs                             5.43 kB │ gzip:  2.08 kB │ map:  18.97 kB
2026-10-07T23:12:54.6971622Z dist/selection-DrO1gWsj.cjs                  5.65 kB │ gzip:  1.97 kB │ map:  19.95 kB
2026-10-07T23:12:54.6972293Z dist/react-tracked-changes.cjs               5.71 kB │ gzip:  2.01 kB │ map:  14.60 kB
2026-10-07T23:12:54.6972945Z dist/migrations.cjs                          6.10 kB │ gzip:  2.00 kB │ map:  19.78 kB
2026-10-07T23:12:54.6973707Z dist/react-integrity.cjs                     6.18 kB │ gzip:  2.18 kB │ map:  14.15 kB
2026-10-07T23:12:54.6974487Z dist/details.cjs                             6.35 kB │ gzip:  2.39 kB │ map:  21.62 kB
2026-10-07T23:12:54.6975151Z dist/mapping-LRwd6pqd.cjs                    6.55 kB │ gzip:  2.36 kB │ map:  24.97 kB
2026-10-07T23:12:54.6975804Z dist/react-comments.cjs                      7.05 kB │ gzip:  2.28 kB │ map:  18.76 kB
2026-10-07T23:12:54.6976426Z dist/node-ids.cjs                            7.18 kB │ gzip:  2.82 kB │ map:  28.03 kB
2026-10-07T23:12:54.6977648Z dist/menu-position-OVIbcPkK.cjs              7.21 kB │ gzip:  2.72 kB │ map:  25.43 kB
2026-10-07T23:12:54.6978611Z dist/widgets.cjs                             7.33 kB │ gzip:  2.88 kB │ map:  28.00 kB
2026-10-07T23:12:54.6979524Z dist/react-versions.cjs                      7.37 kB │ gzip:  2.35 kB │ map:  19.28 kB
2026-10-07T23:12:54.6980493Z dist/core.cjs                                8.24 kB │ gzip:  2.44 kB
2026-10-07T23:12:54.6981551Z dist/structured-attributes.cjs               8.41 kB │ gzip:  2.71 kB │ map:  31.45 kB
2026-10-07T23:12:54.6982649Z dist/table-layout-BlX6ZmrG.cjs               8.69 kB │ gzip:  2.84 kB │ map:  26.43 kB
2026-10-07T23:12:54.6983716Z dist/ai-generated-media.cjs                  9.11 kB │ gzip:  2.97 kB │ map:  27.49 kB
2026-10-07T23:12:54.6984971Z dist/ruby.cjs                                9.18 kB │ gzip:  3.14 kB │ map:  28.80 kB
2026-10-07T23:12:54.6985996Z dist/integrity.cjs                           9.36 kB │ gzip:  3.32 kB │ map:  30.88 kB
2026-10-07T23:12:54.6987040Z dist/pages.cjs                               9.36 kB │ gzip:  3.21 kB │ map:  28.86 kB
2026-10-07T23:12:54.6988191Z dist/collaboration-core-6QLxBCsv.cjs         9.37 kB │ gzip:  2.92 kB │ map:  32.93 kB
2026-10-07T23:12:54.6989396Z dist/page-settings-BTDzBnRH.cjs             10.15 kB │ gzip:  3.43 kB │ map:  32.11 kB
2026-10-07T23:12:54.6990689Z dist/pages-preview.cjs                      11.42 kB │ gzip:  4.10 kB │ map:  37.00 kB
2026-10-07T23:12:54.6991770Z dist/editor-Ce4QfnkJ.cjs                    13.24 kB │ gzip:  4.10 kB │ map:  43.90 kB
2026-10-07T23:12:54.6992867Z dist/ai-conversation.cjs                    13.42 kB │ gzip:  4.04 kB │ map:  41.75 kB
2026-10-07T23:12:54.6993865Z dist/ai-document-tools.cjs                  13.93 kB │ gzip:  4.22 kB │ map:  45.71 kB
2026-10-07T23:12:54.6994805Z dist/emoji-BLc7FfQa.cjs                     14.66 kB │ gzip:  5.12 kB │ map:  46.33 kB
2026-10-07T23:12:54.6995579Z dist/link-behavior-AA_G2wF4.cjs             16.42 kB │ gzip:  6.31 kB │ map:  48.32 kB
2026-10-07T23:12:54.6996359Z dist/presentation-DrPDmb6z.cjs              17.92 kB │ gzip:  5.47 kB │ map:  64.36 kB
2026-10-07T23:12:54.6997085Z dist/document-utilities.cjs                 19.37 kB │ gzip:  6.71 kB │ map:  67.92 kB
2026-10-07T23:12:54.6997759Z dist/yjs.cjs                                22.89 kB │ gzip:  7.13 kB │ map:  75.74 kB
2026-10-07T23:12:54.6998430Z dist/tracked-changes.cjs                    23.66 kB │ gzip:  7.30 kB │ map:  85.59 kB
2026-10-07T23:12:54.6999053Z dist/comments.cjs                           24.18 kB │ gzip:  7.65 kB │ map:  87.59 kB
2026-10-07T23:12:54.6999663Z dist/versions.cjs                           24.36 kB │ gzip:  7.06 kB │ map:  80.44 kB
2026-10-07T23:12:54.7000297Z dist/extensions-B5WP4oql.cjs                31.54 kB │ gzip:  8.47 kB │ map:  89.87 kB
2026-10-07T23:12:54.7000951Z dist/media-CxbWOnIA.cjs                     35.23 kB │ gzip: 10.84 kB │ map: 110.51 kB
2026-10-07T23:12:54.7001618Z dist/markdown-html-DD8ATANg.cjs             41.42 kB │ gzip: 23.40 kB │ map:  74.55 kB
2026-10-07T23:12:54.7002277Z dist/pages-dom.cjs                          44.81 kB │ gzip: 12.13 kB │ map: 147.15 kB
2026-10-07T23:12:54.7002920Z dist/text-exporter-CrYlAjCV.cjs             68.24 kB │ gzip: 22.77 kB │ map: 266.66 kB
2026-10-07T23:12:54.7003568Z dist/index.cjs                              70.12 kB │ gzip: 21.12 kB │ map: 179.78 kB
2026-10-07T23:12:54.7004152Z dist/react.cjs                              70.26 kB │ gzip: 18.98 kB │ map: 195.00 kB
2026-10-07T23:12:54.7005078Z dist/commands-BYHInNXB.cjs                  73.90 kB │ gzip: 19.85 kB │ map: 239.22 kB
2026-10-07T23:12:54.7005738Z dist/view-Dscid9F7.cjs                     101.15 kB │ gzip: 26.74 kB │ map: 305.05 kB
2026-10-07T23:12:54.7006345Z dist/docx.cjs                              152.13 kB │ gzip: 48.60 kB │ map: 516.62 kB
2026-10-07T23:12:54.7006958Z dist/html-server.cjs                       213.07 kB │ gzip: 54.35 kB │ map: 769.41 kB
2026-10-07T23:12:54.7007577Z dist/emoji-data.cjs                        274.54 kB │ gzip: 30.24 kB │ map: 451.98 kB
2026-10-07T23:12:54.7008040Z 
2026-10-07T23:12:54.7008568Z [32m✓ built in 646ms[39m
2026-10-07T23:12:56.3323602Z $ pnpm --dir tools/angular-build exec ngc -p ../../tsconfig.angular.json && pnpm build:angular-demo
2026-10-07T23:12:58.7263902Z $ pnpm --dir tools/angular-build exec ngc -p ../../tsconfig.angular-demo.json
2026-10-07T23:13:01.1367806Z ##[group]Run pnpm test:api
2026-10-07T23:13:01.1368311Z [36;1mpnpm test:api[0m
2026-10-07T23:13:01.1433339Z shell: /usr/bin/bash -e {0}
2026-10-07T23:13:01.1433608Z env:
2026-10-07T23:13:01.1433882Z   PNPM_HOME: /home/runner/setup-pnpm/node_modules/.bin
2026-10-07T23:13:01.1434530Z   pythonLocation: /opt/hostedtoolcache/Python/3.13.15/x64
2026-10-07T23:13:01.1435006Z   PKG_CONFIG_PATH: /opt/hostedtoolcache/Python/3.13.15/x64/lib/pkgconfig
2026-10-07T23:13:01.1435438Z   Python_ROOT_DIR: /opt/hostedtoolcache/Python/3.13.15/x64
2026-10-07T23:13:01.1435826Z   Python2_ROOT_DIR: /opt/hostedtoolcache/Python/3.13.15/x64
2026-10-07T23:13:01.1436226Z   Python3_ROOT_DIR: /opt/hostedtoolcache/Python/3.13.15/x64
2026-10-07T23:13:01.1436609Z   LD_LIBRARY_PATH: /opt/hostedtoolcache/Python/3.13.15/x64/lib
2026-10-07T23:13:01.1436936Z ##[endgroup]
2026-10-07T23:13:01.5995314Z $ node scripts/check-api-surface.mjs
2026-10-07T23:13:01.6678428Z Public API surface verified across 409 declaration files.
2026-10-07T23:13:01.6882900Z ##[group]Run pnpm test:server-runtimes
2026-10-07T23:13:01.6883354Z [36;1mpnpm test:server-runtimes[0m
2026-10-07T23:13:01.6945721Z shell: /usr/bin/bash -e {0}
2026-10-07T23:13:01.6945979Z env:
2026-10-07T23:13:01.6946245Z   PNPM_HOME: /home/runner/setup-pnpm/node_modules/.bin
2026-10-07T23:13:01.6946650Z   pythonLocation: /opt/hostedtoolcache/Python/3.13.15/x64
2026-10-07T23:13:01.6947094Z   PKG_CONFIG_PATH: /opt/hostedtoolcache/Python/3.13.15/x64/lib/pkgconfig
2026-10-07T23:13:01.6947540Z   Python_ROOT_DIR: /opt/hostedtoolcache/Python/3.13.15/x64
2026-10-07T23:13:01.6947948Z   Python2_ROOT_DIR: /opt/hostedtoolcache/Python/3.13.15/x64
2026-10-07T23:13:01.6948354Z   Python3_ROOT_DIR: /opt/hostedtoolcache/Python/3.13.15/x64
2026-10-07T23:13:01.6948757Z   LD_LIBRARY_PATH: /opt/hostedtoolcache/Python/3.13.15/x64/lib
2026-10-07T23:13:01.6949090Z ##[endgroup]
2026-10-07T23:13:02.1554571Z $ node scripts/smoke-server-html-runtime.mjs && node scripts/check-server-html-worker.mjs
2026-10-07T23:13:02.4986660Z Compiled runtime: 486 link normalization/security/history/destination contracts passed.
2026-10-07T23:13:02.4989125Z Compiled runtime: inert inline lexical data, full reopen, real transactions/history and altered-carrier refusal passed.
2026-10-07T23:13:02.5062750Z Compiled runtime: 576 owned-attribute checks plus immutable snapshots/history passed.
2026-10-07T23:13:02.5889043Z Compiled runtime: 140 native emphasis and partial-schema retention checks passed.
2026-10-07T23:13:02.5890564Z Compiled runtime: protected Markdown images/rules/tables, exact source, native/canonical reopen and refusal guards passed.
2026-10-07T23:13:02.5892029Z Compiled runtime: anonymous HTML flow, native/canonical reopening and exact source passed.
2026-10-07T23:13:02.5907223Z Node 24.21.0: DOM-free server HTML import/export passed.
2026-10-07T23:13:02.5964904Z Node 24.21.0: inert HTML comment retention, canonical reopen and breakout rejection passed.
2026-10-07T23:13:02.5966311Z Node 24.21.0: complete HTML page-settings retention and invalid/fragment boundaries passed.
2026-10-07T23:13:02.5967440Z Node 24.21.0: block-returning Markdown paragraph recovery passed.
2026-10-07T23:13:02.6129361Z Node 24.21.0: lazy Markdown flow paragraph sources passed.
2026-10-07T23:13:03.8021353Z Cloudflare workerd (Miniflare): 486 link normalization/security/history/destination contracts passed.
2026-10-07T23:13:03.8023086Z Cloudflare workerd (Miniflare): inert inline lexical data, complete reopen, transactions/history and carrier refusal passed.
2026-10-07T23:13:03.8024939Z Cloudflare workerd (Miniflare): 576 owned-attribute checks plus immutable snapshots/history passed.
2026-10-07T23:13:03.8026621Z Cloudflare workerd (Miniflare): 140 native emphasis and partial-schema retention checks passed.
2026-10-07T23:13:03.8027504Z Cloudflare workerd (Miniflare): protected Markdown images/rules/tables, full reopen and refusal guards passed.
2026-10-07T23:13:03.8028444Z Cloudflare workerd (Miniflare): anonymous HTML flow without synthetic paragraphs and native/canonical reopening passed.
2026-10-07T23:13:03.8029352Z Cloudflare workerd (Miniflare): inert HTML comment retention, canonical reopen and breakout rejection passed.
2026-10-07T23:13:03.8030073Z Cloudflare workerd (Miniflare): DOM-free server HTML import/export passed.
2026-10-07T23:13:03.8030834Z Cloudflare workerd (Miniflare): complete HTML page-settings retention and invalid/fragment boundaries passed.
2026-10-07T23:13:03.8485113Z ##[group]Run bun scripts/smoke-server-html-runtime.mjs
2026-10-07T23:13:03.8485615Z [36;1mbun scripts/smoke-server-html-runtime.mjs[0m
2026-10-07T23:13:03.8547398Z shell: /usr/bin/bash -e {0}
2026-10-07T23:13:03.8547681Z env:
2026-10-07T23:13:03.8547949Z   PNPM_HOME: /home/runner/setup-pnpm/node_modules/.bin
2026-10-07T23:13:03.8548363Z   pythonLocation: /opt/hostedtoolcache/Python/3.13.15/x64
2026-10-07T23:13:03.8548818Z   PKG_CONFIG_PATH: /opt/hostedtoolcache/Python/3.13.15/x64/lib/pkgconfig
2026-10-07T23:13:03.8549275Z   Python_ROOT_DIR: /opt/hostedtoolcache/Python/3.13.15/x64
2026-10-07T23:13:03.8549688Z   Python2_ROOT_DIR: /opt/hostedtoolcache/Python/3.13.15/x64
2026-10-07T23:13:03.8550086Z   Python3_ROOT_DIR: /opt/hostedtoolcache/Python/3.13.15/x64
2026-10-07T23:13:03.8550494Z   LD_LIBRARY_PATH: /opt/hostedtoolcache/Python/3.13.15/x64/lib
2026-10-07T23:13:03.8550832Z ##[endgroup]
2026-10-07T23:13:04.1925396Z Compiled runtime: 486 link normalization/security/history/destination contracts passed.
2026-10-07T23:13:04.1926999Z Compiled runtime: inert inline lexical data, full reopen, real transactions/history and altered-carrier refusal passed.
2026-10-07T23:13:04.1998109Z Compiled runtime: 576 owned-attribute checks plus immutable snapshots/history passed.
2026-10-07T23:13:04.3071808Z Compiled runtime: 140 native emphasis and partial-schema retention checks passed.
2026-10-07T23:13:04.3085963Z Compiled runtime: protected Markdown images/rules/tables, exact source, native/canonical reopen and refusal guards passed.
2026-10-07T23:13:04.3087473Z Compiled runtime: anonymous HTML flow, native/canonical reopening and exact source passed.
2026-10-07T23:13:04.3088447Z Bun 1.4.2: DOM-free server HTML import/export passed.
2026-10-07T23:13:04.3140294Z Bun 1.4.2: inert HTML comment retention, canonical reopen and breakout rejection passed.
2026-10-07T23:13:04.3141541Z Bun 1.4.2: complete HTML page-settings retention and invalid/fragment boundaries passed.
2026-10-07T23:13:04.3142595Z Bun 1.4.2: block-returning Markdown paragraph recovery passed.
2026-10-07T23:13:04.3343495Z Bun 1.4.2: lazy Markdown flow paragraph sources passed.
2026-10-07T23:13:04.3452622Z ##[group]Run deno run --allow-read scripts/smoke-server-html-runtime.mjs
2026-10-07T23:13:04.3453558Z [36;1mdeno run --allow-read scripts/smoke-server-html-runtime.mjs[0m
2026-10-07T23:13:04.3518789Z shell: /usr/bin/bash -e {0}
2026-10-07T23:13:04.3519049Z env:
2026-10-07T23:13:04.3519309Z   PNPM_HOME: /home/runner/setup-pnpm/node_modules/.bin
2026-10-07T23:13:04.3519693Z   pythonLocation: /opt/hostedtoolcache/Python/3.13.15/x64
2026-10-07T23:13:04.3520117Z   PKG_CONFIG_PATH: /opt/hostedtoolcache/Python/3.13.15/x64/lib/pkgconfig
2026-10-07T23:13:04.3520545Z   Python_ROOT_DIR: /opt/hostedtoolcache/Python/3.13.15/x64
2026-10-07T23:13:04.3520930Z   Python2_ROOT_DIR: /opt/hostedtoolcache/Python/3.13.15/x64
2026-10-07T23:13:04.3521312Z   Python3_ROOT_DIR: /opt/hostedtoolcache/Python/3.13.15/x64
2026-10-07T23:13:04.3521702Z   LD_LIBRARY_PATH: /opt/hostedtoolcache/Python/3.13.15/x64/lib
2026-10-07T23:13:04.3522023Z ##[endgroup]
2026-10-07T23:13:04.7416660Z Compiled runtime: 486 link normalization/security/history/destination contracts passed.
2026-10-07T23:13:04.7418264Z Compiled runtime: inert inline lexical data, full reopen, real transactions/history and altered-carrier refusal passed.
2026-10-07T23:13:04.7506142Z Compiled runtime: 576 owned-attribute checks plus immutable snapshots/history passed.
2026-10-07T23:13:04.8350279Z Compiled runtime: 140 native emphasis and partial-schema retention checks passed.
2026-10-07T23:13:04.8352125Z Compiled runtime: protected Markdown images/rules/tables, exact source, native/canonical reopen and refusal guards passed.
2026-10-07T23:13:04.8353984Z Compiled runtime: anonymous HTML flow, native/canonical reopening and exact source passed.
2026-10-07T23:13:04.8372955Z Deno 2.9.3: DOM-free server HTML import/export passed.
2026-10-07T23:13:04.8416921Z Deno 2.9.3: inert HTML comment retention, canonical reopen and breakout rejection passed.
2026-10-07T23:13:04.8418461Z Deno 2.9.3: complete HTML page-settings retention and invalid/fragment boundaries passed.
2026-10-07T23:13:04.8428349Z Deno 2.9.3: block-returning Markdown paragraph recovery passed.
2026-10-07T23:13:04.8586923Z Deno 2.9.3: lazy Markdown flow paragraph sources passed.
2026-10-07T23:13:04.8832227Z ##[group]Run pnpm test:package
2026-10-07T23:13:04.8832572Z [36;1mpnpm test:package[0m
2026-10-07T23:13:04.8898263Z shell: /usr/bin/bash -e {0}
2026-10-07T23:13:04.8898521Z env:
2026-10-07T23:13:04.8898779Z   PNPM_HOME: /home/runner/setup-pnpm/node_modules/.bin
2026-10-07T23:13:04.8899178Z   pythonLocation: /opt/hostedtoolcache/Python/3.13.15/x64
2026-10-07T23:13:04.8899621Z   PKG_CONFIG_PATH: /opt/hostedtoolcache/Python/3.13.15/x64/lib/pkgconfig
2026-10-07T23:13:04.8900051Z   Python_ROOT_DIR: /opt/hostedtoolcache/Python/3.13.15/x64
2026-10-07T23:13:04.8900440Z   Python2_ROOT_DIR: /opt/hostedtoolcache/Python/3.13.15/x64
2026-10-07T23:13:04.8900828Z   Python3_ROOT_DIR: /opt/hostedtoolcache/Python/3.13.15/x64
2026-10-07T23:13:04.8901210Z   LD_LIBRARY_PATH: /opt/hostedtoolcache/Python/3.13.15/x64/lib
2026-10-07T23:13:04.8901540Z ##[endgroup]
2026-10-07T23:13:05.3545568Z $ node scripts/smoke-package.mjs
2026-10-07T23:13:06.9761944Z Packed ESM: 486 link normalization/security/history/destination contracts passed.
2026-10-07T23:13:07.0445399Z Packed ESM: 140 native emphasis and partial-schema retention checks passed.
2026-10-07T23:13:07.0554802Z Packed ESM root/core: 576/576 owned-attribute checks plus immutable snapshots/history passed.
2026-10-07T23:13:07.0641132Z Packed ESM root/core: DOM-free direction/history/HTML/loss-report contracts passed.
2026-10-07T23:13:07.4016089Z Packed CommonJS: 486 link normalization/security/history/destination contracts passed.
2026-10-07T23:13:07.4648295Z Packed CommonJS: 140 native emphasis and partial-schema retention checks passed.
2026-10-07T23:13:07.4758765Z Packed CommonJS root/core: 576/576 owned-attribute checks plus immutable snapshots/history passed.
2026-10-07T23:13:07.4812286Z Packed CommonJS root/core: DOM-free direction/history/HTML/loss-report contracts passed.
2026-10-07T23:13:07.7046211Z ESM, CommonJS, headless core, AI document tools, conversations, generated media, DOCX interchange, document utilities, full emoji data, React, comments, tracked changes, versions, details, ruby, text style, extension testing, migrations, stable node IDs, table of contents, text integrity, integrity DOM, React integrity, structured attributes, pure-Node HTML, portable widgets, DOM widgets, React widgets, pages, DOM page measurement, page preview, document schema, Yjs, and Web Component package exports loaded successfully.
2026-10-07T23:13:07.7410533Z ##[group]Run pnpm test:headless
2026-10-07T23:13:07.7411069Z [36;1mpnpm test:headless[0m
2026-10-07T23:13:07.7502173Z shell: /usr/bin/bash -e {0}
2026-10-07T23:13:07.7502614Z env:
2026-10-07T23:13:07.7503055Z   PNPM_HOME: /home/runner/setup-pnpm/node_modules/.bin
2026-10-07T23:13:07.7503733Z   pythonLocation: /opt/hostedtoolcache/Python/3.13.15/x64
2026-10-07T23:13:07.7504726Z   PKG_CONFIG_PATH: /opt/hostedtoolcache/Python/3.13.15/x64/lib/pkgconfig
2026-10-07T23:13:07.7505469Z   Python_ROOT_DIR: /opt/hostedtoolcache/Python/3.13.15/x64
2026-10-07T23:13:07.7506434Z   Python2_ROOT_DIR: /opt/hostedtoolcache/Python/3.13.15/x64
2026-10-07T23:13:07.7507115Z   Python3_ROOT_DIR: /opt/hostedtoolcache/Python/3.13.15/x64
2026-10-07T23:13:07.7507787Z   LD_LIBRARY_PATH: /opt/hostedtoolcache/Python/3.13.15/x64/lib
2026-10-07T23:13:07.7508354Z ##[endgroup]
2026-10-07T23:13:08.1997004Z $ node scripts/check-headless-boundary.mjs && tsc -p tsconfig.headless.json
2026-10-07T23:13:08.2412607Z Headless source boundary verified across 98 modules.
2026-10-07T23:13:08.4658675Z ##[group]Run pnpm test:markdown-conformance
2026-10-07T23:13:08.4659069Z [36;1mpnpm test:markdown-conformance[0m
2026-10-07T23:13:08.4721267Z shell: /usr/bin/bash -e {0}
2026-10-07T23:13:08.4721523Z env:
2026-10-07T23:13:08.4721781Z   PNPM_HOME: /home/runner/setup-pnpm/node_modules/.bin
2026-10-07T23:13:08.4722172Z   pythonLocation: /opt/hostedtoolcache/Python/3.13.15/x64
2026-10-07T23:13:08.4722608Z   PKG_CONFIG_PATH: /opt/hostedtoolcache/Python/3.13.15/x64/lib/pkgconfig
2026-10-07T23:13:08.4723052Z   Python_ROOT_DIR: /opt/hostedtoolcache/Python/3.13.15/x64
2026-10-07T23:13:08.4723433Z   Python2_ROOT_DIR: /opt/hostedtoolcache/Python/3.13.15/x64
2026-10-07T23:13:08.4723816Z   Python3_ROOT_DIR: /opt/hostedtoolcache/Python/3.13.15/x64
2026-10-07T23:13:08.4724207Z   LD_LIBRARY_PATH: /opt/hostedtoolcache/Python/3.13.15/x64/lib
2026-10-07T23:13:08.4724796Z ##[endgroup]
2026-10-07T23:13:08.9158071Z $ node scripts/check-markdown-conformance.mjs
2026-10-07T23:13:10.5399136Z Delimiter neighbors: 6674 generated LF/CRLF reference-semantic, exact-source and complete native canonical contracts passed; not official-corpus matches.
2026-10-07T23:13:10.5641079Z Code labels: 34 LF/CRLF full reference-semantic, exact-source and canonical round-trip contracts passed.
2026-10-07T23:13:10.6309119Z Identity-preserving flow: 48 safe-fallback/source checks; 8 fixtures still declined on this route. Lazy paragraph context distinguishes the legacy collision.
2026-10-07T23:13:10.6520132Z Explicit paragraph-source flow: 8 LF/CRLF exact-code/source contracts; 2 full structural matches. Outer-div mismatches retained; 4 structural fixture kinds still declined.
2026-10-07T23:13:10.7152711Z Explicit structural source flow: 58 LF/CRLF reference-code/source contracts. Paragraphs, headings, code, plain hard breaks and list/quote nesting supported; outer-div mismatches remain. Separate contracts cover protected Markdown images/rules and pipe tables; specialized unsupported blocks still refuse conversion.
2026-10-07T23:13:10.7566292Z Structural source flow: 44 LF/CRLF full reference-structure and exact-source contracts outside pre.
2026-10-07T23:13:10.7585395Z Entity newlines: 12 reference text-character and canonical round-trip contracts passed.
2026-10-07T23:13:10.7708198Z Code origins: 20 LF/CRLF import/source contracts; identical-HTML provenance distinguished; 6 newline corruptions rejected.
2026-10-07T23:13:10.7731561Z Table projection: unit spans/cell wrappers equivalent; 14 structural/content corruptions rejected.
2026-10-07T23:13:10.7868964Z Formatting scopes: 20 reference semantic/source contracts; 10 corruptions rejected.
2026-10-07T23:13:10.7883390Z Inline block HTML: 2 existing literal fallbacks retained, explicitly not counted as conformance.
2026-10-07T23:13:10.8612207Z Paragraph recovery: 76 opt-in reference/source contracts; existing baselines unchanged.
2026-10-07T23:13:11.0811291Z Paragraph recovery: 1304 corpus source-retention checks; not full semantic conformance.
2026-10-07T23:13:11.3464662Z Reference parser reproduced all 652 official HTML outputs exactly.
2026-10-07T23:13:11.3466137Z Inert raw HTML: 72/72 semantic, 72/72 exact token contracts; 144/144 generated boundary/round-trip contracts.
2026-10-07T23:13:11.3468273Z Oracle sensitivity: 8 semantic and 2 literal-whitespace corruptions rejected; reference parser absent from 148 runtime source maps.
2026-10-07T23:13:11.3470903Z URL oracle sensitivity: 4 raw-control/backslash aliases rejected; 3 TAB/LF/CR preprocessing equivalences; 2 reviewed URI equivalents retained.
2026-10-07T23:13:11.4197515Z Literal-address import policy: 566/566 reference semantic contracts passed (default baseline unchanged).
2026-10-07T23:13:11.4225830Z CommonMark 0.31.2: 563/652 examples match Fountain's neutral semantic projection.
2026-10-07T23:13:11.4226737Z Baseline classifications: 563 matching, 72 pending, 17 intentional divergences.
2026-10-07T23:13:11.5525351Z Opt-in HTML flow: 1304 exact-source contracts passed (LF/CRLF); not semantic conformance.
2026-10-07T23:13:11.6561281Z Opt-in HTML block + inline semantics: 579/652 exact neutral-projection matches; remaining differences unresolved, not full conformance.
2026-10-07T23:13:11.6801203Z Optional HTML containers: 26 reference-semantic and 26 exact-source checks; existing schema/profile scores unchanged.
2026-10-07T23:13:12.0705413Z Opt-in source recovery: 580/652 neutral-projection matches on LF and CRLF; 1304 separate exact-source checks. Not full CommonMark conformance.
2026-10-07T23:13:12.4831603Z Whole-document optional-container profile: 601/652; 1304 separate exact-source checks.
2026-10-07T23:13:12.8857339Z Whole-document optional-container+comment profile: 613/652; 1304 separate exact-source checks.
2026-10-07T23:13:13.3125189Z Whole-document optional-container+comment+anonymous-flow profile: 613/652; 1304 separate exact-source checks.
2026-10-07T23:13:13.3470859Z ##[group]Run pnpm test:math-reference
2026-10-07T23:13:13.3471220Z [36;1mpnpm test:math-reference[0m
2026-10-07T23:13:13.3533028Z shell: /usr/bin/bash -e {0}
2026-10-07T23:13:13.3533293Z env:
2026-10-07T23:13:13.3533559Z   PNPM_HOME: /home/runner/setup-pnpm/node_modules/.bin
2026-10-07T23:13:13.3533959Z   pythonLocation: /opt/hostedtoolcache/Python/3.13.15/x64
2026-10-07T23:13:13.3534641Z   PKG_CONFIG_PATH: /opt/hostedtoolcache/Python/3.13.15/x64/lib/pkgconfig
2026-10-07T23:13:13.3535110Z   Python_ROOT_DIR: /opt/hostedtoolcache/Python/3.13.15/x64
2026-10-07T23:13:13.3535524Z   Python2_ROOT_DIR: /opt/hostedtoolcache/Python/3.13.15/x64
2026-10-07T23:13:13.3535955Z   Python3_ROOT_DIR: /opt/hostedtoolcache/Python/3.13.15/x64
2026-10-07T23:13:13.3536361Z   LD_LIBRARY_PATH: /opt/hostedtoolcache/Python/3.13.15/x64/lib
2026-10-07T23:13:13.3536697Z ##[endgroup]
2026-10-07T23:13:13.8030250Z $ node scripts/audit-math-labels.mjs
2026-10-07T23:13:14.0348973Z {
2026-10-07T23:13:14.0349529Z   "renderer": "MathJax 4.1.3",
2026-10-07T23:13:14.0349978Z   "status": "reference-semantics-verified",
2026-10-07T23:13:14.0351051Z   "fountainStatus": "document-context API and bounded host SVG/reader lab implemented; this script checks semantics only, not whole-paper or export parity",
2026-10-07T23:13:14.0352123Z   "equations": [
2026-10-07T23:13:14.0352391Z     {
2026-10-07T23:13:14.0352883Z       "sha256": "d43aafd64986470149793169e6c1f001eae2f66706335d4b5e6864ff4fc465b7",
2026-10-07T23:13:14.0353404Z       "tags": [
2026-10-07T23:13:14.0353668Z         {
2026-10-07T23:13:14.0353971Z           "id": "mjx-eqn:eq:dNFE",
2026-10-07T23:13:14.0354551Z           "text": "(1)",
2026-10-07T23:13:14.0354895Z           "row": 0
2026-10-07T23:13:14.0355164Z         }
2026-10-07T23:13:14.0355403Z       ]
2026-10-07T23:13:14.0355640Z     },
2026-10-07T23:13:14.0355872Z     {
2026-10-07T23:13:14.0356368Z       "sha256": "b8ae1e0dc1cbaf7c15846891804d22fa0581f45f54e14e4da7857061ab57d3ec",
2026-10-07T23:13:14.0356913Z       "tags": [
2026-10-07T23:13:14.0357171Z         {
2026-10-07T23:13:14.0357504Z           "id": "mjx-eqn:eq:dSNFE",
2026-10-07T23:13:14.0357844Z           "text": "(2)",
2026-10-07T23:13:14.0358128Z           "row": 1
2026-10-07T23:13:14.0358385Z         }
2026-10-07T23:13:14.0358644Z       ]
2026-10-07T23:13:14.0358872Z     }
2026-10-07T23:13:14.0359097Z   ],
2026-10-07T23:13:14.0359382Z   "backwardReferences": [
2026-10-07T23:13:14.0359695Z     [
2026-10-07T23:13:14.0359919Z       {
2026-10-07T23:13:14.0360185Z         "text": "(1)",
2026-10-07T23:13:14.0360529Z         "href": "#mjx-eqn%3Aeq%3AdNFE"
2026-10-07T23:13:14.0360880Z       }
2026-10-07T23:13:14.0361153Z     ],
2026-10-07T23:13:14.0361750Z     [
2026-10-07T23:13:14.0362005Z       {
2026-10-07T23:13:14.0362272Z         "text": "(2)",
2026-10-07T23:13:14.0362640Z         "href": "#mjx-eqn%3Aeq%3AdSNFE"
2026-10-07T23:13:14.0362996Z       }
2026-10-07T23:13:14.0363241Z     ]
2026-10-07T23:13:14.0363490Z   ],
2026-10-07T23:13:14.0363824Z   "reorderedForwardReferences": [
2026-10-07T23:13:14.0364174Z     [
2026-10-07T23:13:14.0364748Z       {
2026-10-07T23:13:14.0364996Z         "text": "(2)",
2026-10-07T23:13:14.0365320Z         "href": "#mjx-eqn%3Aeq%3AdNFE"
2026-10-07T23:13:14.0365660Z       }
2026-10-07T23:13:14.0365914Z     ],
2026-10-07T23:13:14.0366139Z     [
2026-10-07T23:13:14.0366366Z       {
2026-10-07T23:13:14.0366618Z         "text": "(1)",
2026-10-07T23:13:14.0366942Z         "href": "#mjx-eqn%3Aeq%3AdSNFE"
2026-10-07T23:13:14.0367332Z       }
2026-10-07T23:13:14.0367593Z     ]
2026-10-07T23:13:14.0367831Z   ],
2026-10-07T23:13:14.0368108Z   "deletedTarget": [
2026-10-07T23:13:14.0368378Z     {
2026-10-07T23:13:14.0368607Z       "text": "(???)",
2026-10-07T23:13:14.0368854Z       "href": "#"
2026-10-07T23:13:14.0369054Z     }
2026-10-07T23:13:14.0369254Z   ],
2026-10-07T23:13:14.0369458Z   "checks": [
2026-10-07T23:13:14.0369698Z     "unchanged source",
2026-10-07T23:13:14.0370009Z     "nonumber defers label to numbered row",
2026-10-07T23:13:14.0370602Z     "backward references",
2026-10-07T23:13:14.0370906Z     "forward references",
2026-10-07T23:13:14.0371191Z     "reorder renumbering",
2026-10-07T23:13:14.0371500Z     "fresh-snapshot repeatability",
2026-10-07T23:13:14.0371847Z     "deleted target remains unresolved",
2026-10-07T23:13:14.0372192Z     "duplicate labels rejected",
2026-10-07T23:13:14.0372520Z     "starred environments",
2026-10-07T23:13:14.0372849Z     "manual tags",
2026-10-07T23:13:14.0373157Z     "unsupported commands rejected"
2026-10-07T23:13:14.0373450Z   ]
2026-10-07T23:13:14.0373643Z }
2026-10-07T23:13:14.0586054Z ##[group]Run pnpm test:docx-interoperability
2026-10-07T23:13:14.0586449Z [36;1mpnpm test:docx-interoperability[0m
2026-10-07T23:13:14.0648474Z shell: /usr/bin/bash -e {0}
2026-10-07T23:13:14.0648768Z env:
2026-10-07T23:13:14.0649068Z   PNPM_HOME: /home/runner/setup-pnpm/node_modules/.bin
2026-10-07T23:13:14.0649527Z   pythonLocation: /opt/hostedtoolcache/Python/3.13.15/x64
2026-10-07T23:13:14.0650039Z   PKG_CONFIG_PATH: /opt/hostedtoolcache/Python/3.13.15/x64/lib/pkgconfig
2026-10-07T23:13:14.0650544Z   Python_ROOT_DIR: /opt/hostedtoolcache/Python/3.13.15/x64
2026-10-07T23:13:14.0651001Z   Python2_ROOT_DIR: /opt/hostedtoolcache/Python/3.13.15/x64
2026-10-07T23:13:14.0651468Z   Python3_ROOT_DIR: /opt/hostedtoolcache/Python/3.13.15/x64
2026-10-07T23:13:14.0651929Z   LD_LIBRARY_PATH: /opt/hostedtoolcache/Python/3.13.15/x64/lib
2026-10-07T23:13:14.0652315Z ##[endgroup]
2026-10-07T23:13:14.5110794Z $ node scripts/check-docx-interoperability.mjs && node scripts/check-docx-table-text.mjs && node scripts/check-docx-quote-appearance.mjs
2026-10-07T23:13:14.8300925Z python-docx opened Fountain media and edited a typed glossary; Fountain retained glossary roles and independent body/cell controls with two explicit behavior-loss warnings (49 additional style/interchange diagnostics retained).
2026-10-07T23:13:15.0161284Z ESM: DOM-free shipped DOCX table text, Word toggle resets, regional paragraph layout and native reopening passed.
2026-10-07T23:13:15.0464718Z CommonJS: DOM-free shipped DOCX table text, Word toggle resets, regional paragraph layout and native reopening passed.
2026-10-07T23:13:15.2955626Z ESM: complete bordered/borderless quote JSON, native Word styles, neutral HTML, core editing/history and Yjs local undo retain source-owned appearance without DOM.
2026-10-07T23:13:15.4876485Z CommonJS: complete bordered/borderless quote JSON, native Word styles, neutral HTML, core editing/history and Yjs local undo retain source-owned appearance without DOM.
2026-10-07T23:13:15.5122692Z ##[group]Run pnpm test:budget
2026-10-07T23:13:15.5123014Z [36;1mpnpm test:budget[0m
2026-10-07T23:13:15.5185146Z shell: /usr/bin/bash -e {0}
2026-10-07T23:13:15.5185594Z env:
2026-10-07T23:13:15.5185852Z   PNPM_HOME: /home/runner/setup-pnpm/node_modules/.bin
2026-10-07T23:13:15.5186252Z   pythonLocation: /opt/hostedtoolcache/Python/3.13.15/x64
2026-10-07T23:13:15.5186681Z   PKG_CONFIG_PATH: /opt/hostedtoolcache/Python/3.13.15/x64/lib/pkgconfig
2026-10-07T23:13:15.5187110Z   Python_ROOT_DIR: /opt/hostedtoolcache/Python/3.13.15/x64
2026-10-07T23:13:15.5187485Z   Python2_ROOT_DIR: /opt/hostedtoolcache/Python/3.13.15/x64
2026-10-07T23:13:15.5187876Z   Python3_ROOT_DIR: /opt/hostedtoolcache/Python/3.13.15/x64
2026-10-07T23:13:15.5188260Z   LD_LIBRARY_PATH: /opt/hostedtoolcache/Python/3.13.15/x64/lib
2026-10-07T23:13:15.5188588Z ##[endgroup]
2026-10-07T23:13:15.9597352Z $ node scripts/check-build-budgets.mjs
2026-10-07T23:13:15.9999237Z dist/index.js: 80.9 KiB / 111 KiB
2026-10-07T23:13:16.0001494Z dist/index.cjs: 68.5 KiB / 93 KiB
2026-10-07T23:13:16.0002219Z dist/core.js: 8.8 KiB / 9 KiB
2026-10-07T23:13:16.0002923Z dist/core.cjs: 8.0 KiB / 8.1 KiB
2026-10-07T23:13:16.0003708Z dist/ai-document-tools.js: 16.4 KiB / 18 KiB
2026-10-07T23:13:16.0005185Z dist/ai-document-tools.cjs: 13.6 KiB / 15 KiB
2026-10-07T23:13:16.0005933Z dist/ai-conversation.js: 15.6 KiB / 17 KiB
2026-10-07T23:13:16.0006989Z dist/ai-conversation.cjs: 13.1 KiB / 14 KiB
2026-10-07T23:13:16.0007966Z dist/ai-generated-media.js: 10.5 KiB / 11 KiB
2026-10-07T23:13:16.0009025Z dist/ai-generated-media.cjs: 8.9 KiB / 10 KiB
2026-10-07T23:13:16.0010204Z dist/docx.js: 183.8 KiB / 184 KiB
2026-10-07T23:13:16.0010999Z dist/docx.cjs: 148.6 KiB / 148.8 KiB
2026-10-07T23:13:16.0011911Z HTML5 entity decoder ESM: 42.6 KiB / 43 KiB
2026-10-07T23:13:16.0012822Z HTML5 entity decoder CommonJS: 40.4 KiB / 41 KiB
2026-10-07T23:13:16.0013909Z dist/document-utilities.js: 23.3 KiB / 36 KiB
2026-10-07T23:13:16.0015147Z dist/document-utilities.cjs: 18.9 KiB / 30 KiB
2026-10-07T23:13:16.0016045Z dist/emoji-data.js: 323.6 KiB / 340 KiB
2026-10-07T23:13:16.0016917Z dist/emoji-data.cjs: 268.1 KiB / 280 KiB
2026-10-07T23:13:16.0017558Z dist/react.js: 91.5 KiB / 91.5 KiB
2026-10-07T23:13:16.0018056Z dist/react.cjs: 68.6 KiB / 68.8 KiB
2026-10-07T23:13:16.0018369Z dist/vue.js: 1.7 KiB / 3 KiB
2026-10-07T23:13:16.0018841Z dist/vue.cjs: 1.4 KiB / 3 KiB
2026-10-07T23:13:16.0019163Z dist/svelte.js: 1.1 KiB / 2 KiB
2026-10-07T23:13:16.0019461Z dist/svelte.cjs: 0.9 KiB / 2 KiB
2026-10-07T23:13:16.0019793Z dist/angular/index.js: 4.1 KiB / 5 KiB
2026-10-07T23:13:16.0020111Z dist/yjs.js: 26.8 KiB / 30 KiB
2026-10-07T23:13:16.0020399Z dist/yjs.cjs: 22.4 KiB / 25 KiB
2026-10-07T23:13:16.0020728Z dist/comments.js: 29.1 KiB / 30 KiB
2026-10-07T23:13:16.0021068Z dist/comments.cjs: 23.6 KiB / 25 KiB
2026-10-07T23:13:16.0021448Z dist/react-comments.js: 9.6 KiB / 11 KiB
2026-10-07T23:13:16.0021807Z dist/react-comments.cjs: 6.9 KiB / 8 KiB
2026-10-07T23:13:16.0022224Z dist/tracked-changes.js: 27.9 KiB / 30 KiB
2026-10-07T23:13:16.0022604Z dist/tracked-changes.cjs: 23.1 KiB / 25 KiB
2026-10-07T23:13:16.0023001Z dist/react-tracked-changes.js: 7.5 KiB / 9 KiB
2026-10-07T23:13:16.0023465Z dist/react-tracked-changes.cjs: 5.6 KiB / 7 KiB
2026-10-07T23:13:16.0023866Z dist/versions.js: 28.7 KiB / 35 KiB
2026-10-07T23:13:16.0024212Z dist/versions.cjs: 23.8 KiB / 30 KiB
2026-10-07T23:13:16.0024867Z dist/react-versions.js: 9.8 KiB / 18 KiB
2026-10-07T23:13:16.0025242Z dist/react-versions.cjs: 7.2 KiB / 14 KiB
2026-10-07T23:13:16.0025610Z dist/details.js: 7.5 KiB / 10 KiB
2026-10-07T23:13:16.0025961Z dist/details.cjs: 6.2 KiB / 8 KiB
2026-10-07T23:13:16.0026271Z dist/ruby.js: 10.7 KiB / 12 KiB
2026-10-07T23:13:16.0026580Z dist/ruby.cjs: 9.0 KiB / 10 KiB
2026-10-07T23:13:16.0026942Z dist/text-style.js: 0.9 KiB / 2 KiB
2026-10-07T23:13:16.0027310Z dist/text-style.cjs: 0.9 KiB / 2 KiB
2026-10-07T23:13:16.0027674Z dist/testing.js: 6.3 KiB / 7 KiB
2026-10-07T23:13:16.0028412Z dist/testing.cjs: 5.3 KiB / 6 KiB
2026-10-07T23:13:16.0028833Z dist/migrations.js: 6.9 KiB / 8 KiB
2026-10-07T23:13:16.0029154Z dist/migrations.cjs: 6.0 KiB / 7 KiB
2026-10-07T23:13:16.0029646Z dist/node-ids.js: 8.5 KiB / 9 KiB
2026-10-07T23:13:16.0029981Z dist/node-ids.cjs: 7.0 KiB / 8 KiB
2026-10-07T23:13:16.0030443Z dist/table-of-contents.js: 5.6 KiB / 7 KiB
2026-10-07T23:13:16.0031047Z dist/table-of-contents.cjs: 4.6 KiB / 6 KiB
2026-10-07T23:13:16.0031736Z dist/integrity.js: 11.2 KiB / 13 KiB
2026-10-07T23:13:16.0032369Z dist/integrity.cjs: 9.1 KiB / 11 KiB
2026-10-07T23:13:16.0032770Z dist/integrity-dom.js: 5.0 KiB / 6 KiB
2026-10-07T23:13:16.0033241Z dist/integrity-dom.cjs: 4.3 KiB / 5 KiB
2026-10-07T23:13:16.0033601Z dist/react-integrity.js: 7.9 KiB / 12 KiB
2026-10-07T23:13:16.0033949Z dist/react-integrity.cjs: 6.0 KiB / 10 KiB
2026-10-07T23:13:16.0034588Z dist/structured-attributes.js: 9.8 KiB / 11 KiB
2026-10-07T23:13:16.0035020Z dist/structured-attributes.cjs: 8.2 KiB / 9 KiB
2026-10-07T23:13:16.0035392Z dist/html-server.js: 256.0 KiB / 270 KiB
2026-10-07T23:13:16.0035724Z dist/html-server.cjs: 208.1 KiB / 225 KiB
2026-10-07T23:13:16.0036055Z dist/html-inert.js: 6.0 KiB / 7 KiB
2026-10-07T23:13:16.0036367Z dist/html-inert.cjs: 5.1 KiB / 6 KiB
2026-10-07T23:13:16.0036675Z dist/widgets.js: 8.6 KiB / 9 KiB
2026-10-07T23:13:16.0036970Z dist/widgets.cjs: 7.2 KiB / 8 KiB
2026-10-07T23:13:16.0037278Z dist/widgets-dom.js: 4.6 KiB / 5 KiB
2026-10-07T23:13:16.0038077Z dist/widgets-dom.cjs: 3.9 KiB / 5 KiB
2026-10-07T23:13:16.0038589Z dist/react-widgets.js: 1.5 KiB / 2 KiB
2026-10-07T23:13:16.0039173Z dist/react-widgets.cjs: 1.3 KiB / 2 KiB
2026-10-07T23:13:16.0039685Z dist/pages.js: 11.0 KiB / 23 KiB
2026-10-07T23:13:16.0040156Z dist/pages.cjs: 9.1 KiB / 19 KiB
2026-10-07T23:13:16.0040646Z dist/pages-dom.js: 52.5 KiB / 54 KiB
2026-10-07T23:13:16.0041159Z dist/pages-dom.cjs: 43.8 KiB / 45 KiB
2026-10-07T23:13:16.0041705Z dist/pages-preview.js: 13.2 KiB / 14 KiB
2026-10-07T23:13:16.0042297Z dist/pages-preview.cjs: 11.2 KiB / 12 KiB
2026-10-07T23:13:16.0042853Z dist/styles.css: 86.6 KiB / 86.8 KiB
2026-10-07T23:13:16.0043427Z all ESM runtime code: 1588.6 KiB / 1588.8 KiB
2026-10-07T23:13:16.0044080Z all CommonJS runtime code: 1321.6 KiB / 1322 KiB
2026-10-07T23:13:16.0210739Z ##[group]Run pnpm typecheck
2026-10-07T23:13:16.0211047Z [36;1mpnpm typecheck[0m
2026-10-07T23:13:16.0272472Z shell: /usr/bin/bash -e {0}
2026-10-07T23:13:16.0272724Z env:
2026-10-07T23:13:16.0272972Z   PNPM_HOME: /home/runner/setup-pnpm/node_modules/.bin
2026-10-07T23:13:16.0273363Z   pythonLocation: /opt/hostedtoolcache/Python/3.13.15/x64
2026-10-07T23:13:16.0273798Z   PKG_CONFIG_PATH: /opt/hostedtoolcache/Python/3.13.15/x64/lib/pkgconfig
2026-10-07T23:13:16.0274230Z   Python_ROOT_DIR: /opt/hostedtoolcache/Python/3.13.15/x64
2026-10-07T23:13:16.0274841Z   Python2_ROOT_DIR: /opt/hostedtoolcache/Python/3.13.15/x64
2026-10-07T23:13:16.0275226Z   Python3_ROOT_DIR: /opt/hostedtoolcache/Python/3.13.15/x64
2026-10-07T23:13:16.0275611Z   LD_LIBRARY_PATH: /opt/hostedtoolcache/Python/3.13.15/x64/lib
2026-10-07T23:13:16.0275933Z ##[endgroup]
2026-10-07T23:13:16.4743490Z $ tsc --noEmit && pnpm test:svelte-types && pnpm test:angular-types
2026-10-07T23:13:19.3151554Z $ pnpm --dir tools/svelte-check exec svelte-check --workspace ../.. --tsconfig tsconfig.svelte.json --fail-on-warnings
2026-10-07T23:13:24.7057557Z Loading svelte-check in workspace: /home/runner/work/fountainjs/fountainjs
2026-10-07T23:13:24.7058519Z Getting Svelte diagnostics...
2026-10-07T23:13:24.7058914Z 
2026-10-07T23:13:24.7085826Z [32msvelte-check found 0 errors and 0 warnings
2026-10-07T23:13:25.1916684Z $ pnpm --dir tools/angular-build exec ngc -p ../../tsconfig.angular.json --noEmit && pnpm --dir tools/angular-build exec ngc -p ../../tsconfig.angular-demo.json --noEmit
2026-10-07T23:13:29.3053701Z [39m
2026-10-07T23:13:29.3082311Z ##[group]Run pnpm test
2026-10-07T23:13:29.3082591Z [36;1mpnpm test[0m
2026-10-07T23:13:29.3144942Z shell: /usr/bin/bash -e {0}
2026-10-07T23:13:29.3145200Z env:
2026-10-07T23:13:29.3145458Z   PNPM_HOME: /home/runner/setup-pnpm/node_modules/.bin
2026-10-07T23:13:29.3145862Z   pythonLocation: /opt/hostedtoolcache/Python/3.13.15/x64
2026-10-07T23:13:29.3146506Z   PKG_CONFIG_PATH: /opt/hostedtoolcache/Python/3.13.15/x64/lib/pkgconfig
2026-10-07T23:13:29.3146949Z   Python_ROOT_DIR: /opt/hostedtoolcache/Python/3.13.15/x64
2026-10-07T23:13:29.3147349Z   Python2_ROOT_DIR: /opt/hostedtoolcache/Python/3.13.15/x64
2026-10-07T23:13:29.3147741Z   Python3_ROOT_DIR: /opt/hostedtoolcache/Python/3.13.15/x64
2026-10-07T23:13:29.3148137Z   LD_LIBRARY_PATH: /opt/hostedtoolcache/Python/3.13.15/x64/lib
2026-10-07T23:13:29.3148471Z ##[endgroup]
2026-10-07T23:13:29.7535395Z $ vitest run
2026-10-07T23:13:30.0311489Z 
2026-10-07T23:13:30.0316015Z [1m[30m[46m RUN [49m[39m[22m [36mv5.0.0 [39m[90m/home/runner/work/fountainjs/fountainjs[39m
2026-10-07T23:13:30.0316716Z 
2026-10-07T23:13:31.8718252Z  [32m✓[39m tests/core.test.ts [2m([22m[2m55 tests[22m[2m)[22m[32m 144[2mms[22m[39m
2026-10-07T23:13:32.3151477Z  [32m✓[39m tests/markdown-format.test.ts [2m([22m[2m113 tests[22m[2m)[22m[33m 570[2mms[22m[39m
2026-10-07T23:13:32.3152896Z    [32m✓[39m Markdown interchange [2m(113)[22m
2026-10-07T23:13:32.3163971Z      [33m[2m✓[22m[39m bounds per-block provenance while retaining whole-source exactness[33m 335[2mms[22m[39m
2026-10-07T23:13:33.6987570Z  [32m✓[39m tests/pages-dom.test.ts [2m([22m[2m19 tests[22m[2m)[22m[33m 883[2mms[22m[39m
2026-10-07T23:13:34.1526689Z  [32m✓[39m tests/view.test.ts [2m([22m[2m45 tests[22m[2m)[22m[33m 858[2mms[22m[39m
2026-10-07T23:13:34.1626327Z  [32m✓[39m tests/pages-dom-preview.test.ts [2m([22m[2m16 tests[22m[2m)[22m[33m 546[2mms[22m[39m
2026-10-07T23:13:34.6568120Z  [32m✓[39m tests/docx.test.ts [2m([22m[2m17 tests[22m[2m)[22m[32m 233[2mms[22m[39m
2026-10-07T23:13:34.9601255Z  [32m✓[39m tests/server-html.test.ts [2m([22m[2m37 tests[22m[2m)[22m[32m 177[2mms[22m[39m
2026-10-07T23:13:35.8612873Z  [32m✓[39m tests/media.test.ts [2m([22m[2m9 tests[22m[2m)[22m[33m 336[2mms[22m[39m
2026-10-07T23:13:36.0906659Z  [32m✓[39m tests/document-utilities.test.ts [2m([22m[2m42 tests[22m[2m)[22m[32m 127[2mms[22m[39m
2026-10-07T23:13:38.6030075Z  [32m✓[39m tests/server-html-parity.test.ts [2m([22m[2m83 tests[22m[2m)[22m[33m 1299[2mms[22m[39m
2026-10-07T23:13:38.6275413Z  [32m✓[39m tests/react-toolbar.test.tsx [2m([22m[2m9 tests[22m[2m)[22m[33m 806[2mms[22m[39m
2026-10-07T23:13:39.6785919Z  [32m✓[39m tests/table.test.ts [2m([22m[2m13 tests[22m[2m)[22m[33m 3413[2mms[22m[39m
2026-10-07T23:13:39.6875679Z    [32m✓[39m production table editing [2m(13)[22m
2026-10-07T23:13:39.6907752Z      [33m[2m✓[22m[39m resizes the logical end of an RTL merged cell despite its own LTR text override[33m 354[2mms[22m[39m
2026-10-07T23:13:39.6909735Z      [33m[2m✓[22m[39m projects resize geometry once per immutable table, including movement and remote-row widths[33m 2787[2mms[22m[39m
2026-10-07T23:13:40.1893306Z  [32m✓[39m tests/yjs-collaboration.test.ts [2m([22m[2m12 tests[22m[2m)[22m[32m 196[2mms[22m[39m
2026-10-07T23:13:40.2754249Z  [32m✓[39m tests/math.test.ts [2m([22m[2m14 tests[22m[2m)[22m[33m 469[2mms[22m[39m
2026-10-07T23:13:40.4269315Z  [32m✓[39m tests/versions.test.ts [2m([22m[2m10 tests[22m[2m)[22m[32m 85[2mms[22m[39m
2026-10-07T23:13:41.7077459Z  [32m✓[39m tests/text-style.test.ts [2m([22m[2m26 tests[22m[2m)[22m[32m 182[2mms[22m[39m
2026-10-07T23:13:41.9196634Z  [32m✓[39m tests/lean.test.ts [2m([22m[2m12 tests[22m[2m)[22m[32m 295[2mms[22m[39m
2026-10-07T23:13:41.9916792Z  [32m✓[39m tests/external-paste.test.ts [2m([22m[2m13 tests[22m[2m)[22m[33m 461[2mms[22m[39m
2026-10-07T23:13:42.2564957Z  [32m✓[39m tests/markdown-html-flow-adapter.test.ts [2m([22m[2m30 tests[22m[2m)[22m[32m 129[2mms[22m[39m
2026-10-07T23:13:42.4226306Z  [32m✓[39m tests/model-integrity.test.ts [2m([22m[2m36 tests[22m[2m)[22m[32m 161[2mms[22m[39m
2026-10-07T23:13:42.4747164Z  [32m✓[39m tests/docx-table-styles.test.ts [2m([22m[2m14 tests[22m[2m)[22m[32m 122[2mms[22m[39m
2026-10-07T23:13:42.7835434Z  [32m✓[39m tests/pages.test.ts [2m([22m[2m10 tests[22m[2m)[22m[32m 83[2mms[22m[39m
2026-10-07T23:13:43.4015291Z  [32m✓[39m tests/docx-table-conditions.test.ts [2m([22m[2m18 tests[22m[2m)[22m[32m 242[2mms[22m[39m
2026-10-07T23:13:44.0126065Z  [32m✓[39m tests/image.test.ts [2m([22m[2m8 tests[22m[2m)[22m[33m 333[2mms[22m[39m
2026-10-07T23:13:44.0392433Z  [32m✓[39m tests/comments.test.ts [2m([22m[2m7 tests[22m[2m)[22m[32m 287[2mms[22m[39m
2026-10-07T23:13:44.7700523Z  [32m✓[39m tests/docx-math-source.test.ts [2m([22m[2m24 tests[22m[2m)[22m[33m 380[2mms[22m[39m
2026-10-07T23:13:44.8017759Z  [32m✓[39m tests/list.test.ts [2m([22m[2m14 tests[22m[2m)[22m[32m 95[2mms[22m[39m
2026-10-07T23:13:44.9453660Z  [32m✓[39m tests/docx-style-reader.test.ts [2m([22m[2m23 tests[22m[2m)[22m[32m 26[2mms[22m[39m
2026-10-07T23:13:45.5506536Z  [32m✓[39m tests/docx-paragraph-fonts.test.ts [2m([22m[2m12 tests[22m[2m)[22m[32m 195[2mms[22m[39m
2026-10-07T23:13:45.7877426Z  [32m✓[39m tests/tracked-changes.test.ts [2m([22m[2m12 tests[22m[2m)[22m[32m 245[2mms[22m[39m
2026-10-07T23:13:46.1621800Z  [32m✓[39m tests/html-flow.test.ts [2m([22m[2m20 tests[22m[2m)[22m[32m 182[2mms[22m[39m
2026-10-07T23:13:46.2156447Z  [32m✓[39m tests/selection.test.ts [2m([22m[2m10 tests[22m[2m)[22m[32m 62[2mms[22m[39m
2026-10-07T23:13:46.2416566Z  [32m✓[39m tests/collaboration.test.ts [2m([22m[2m9 tests[22m[2m)[22m[32m 227[2mms[22m[39m
2026-10-07T23:13:46.6346681Z  [32m✓[39m tests/docx-table-text.test.ts [2m([22m[2m16 tests[22m[2m)[22m[32m 134[2mms[22m[39m
2026-10-07T23:13:46.8846443Z  [32m✓[39m tests/docx-math.test.ts [2m([22m[2m20 tests[22m[2m)[22m[32m 221[2mms[22m[39m
2026-10-07T23:13:47.1084013Z  [32m✓[39m tests/docx-table-widths.test.ts [2m([22m[2m18 tests[22m[2m)[22m[32m 153[2mms[22m[39m
2026-10-07T23:13:47.5183380Z  [32m✓[39m tests/extensions.test.ts [2m([22m[2m16 tests[22m[2m)[22m[32m 58[2mms[22m[39m
2026-10-07T23:13:47.8311790Z  [32m✓[39m tests/markdown-reference-source.test.ts [2m([22m[2m18 tests[22m[2m)[22m[33m 577[2mms[22m[39m
2026-10-07T23:13:47.8313371Z    [32m✓[39m reference-definition source provenance [2m(18)[22m
2026-10-07T23:13:47.8315310Z      [33m[2m✓[22m[39m shares a large definition context without losing unrelated source when moving blocks[33m 487[2mms[22m[39m
2026-10-07T23:13:47.8696739Z  [32m✓[39m tests/block-reordering.test.ts [2m([22m[2m8 tests[22m[2m)[22m[33m 330[2mms[22m[39m
2026-10-07T23:13:48.0713579Z  [32m✓[39m tests/docx-style-cascade.test.ts [2m([22m[2m26 tests[22m[2m)[22m[32m 44[2mms[22m[39m
2026-10-07T23:13:48.1421893Z  [32m✓[39m tests/text-direction.test.ts [2m([22m[2m13 tests[22m[2m)[22m[32m 118[2mms[22m[39m
2026-10-07T23:13:49.5092226Z  [32m✓[39m tests/details.test.ts [2m([22m[2m7 tests[22m[2m)[22m[33m 329[2mms[22m[39m
2026-10-07T23:13:49.6296568Z  [32m✓[39m tests/ruby.test.ts [2m([22m[2m7 tests[22m[2m)[22m[33m 301[2mms[22m[39m
2026-10-07T23:13:49.9376103Z  [32m✓[39m tests/markdown-html-inline-adapter.test.ts [2m([22m[2m34 tests[22m[2m)[22m[32m 97[2mms[22m[39m
2026-10-07T23:13:50.0621155Z  [32m✓[39m tests/quote-appearance.test.ts [2m([22m[2m8 tests[22m[2m)[22m[32m 253[2mms[22m[39m
2026-10-07T23:13:50.1654169Z  [32m✓[39m tests/markdown-document-flow.test.ts [2m([22m[2m21 tests[22m[2m)[22m[32m 143[2mms[22m[39m
2026-10-07T23:13:50.6247572Z  [32m✓[39m tests/html-inert-block.test.ts [2m([22m[2m20 tests[22m[2m)[22m[32m 184[2mms[22m[39m
2026-10-07T23:13:51.0066494Z  [32m✓[39m tests/node-ids.test.ts [2m([22m[2m12 tests[22m[2m)[22m[33m 693[2mms[22m[39m
2026-10-07T23:13:51.0095600Z    [32m✓[39m stable node identities [2m(12)[22m
2026-10-07T23:13:51.0145884Z      [33m[2m✓[22m[39m normalizes and maintains a 10,000-block live index within explicit budgets[33m 409[2mms[22m[39m
2026-10-07T23:13:51.3746474Z  [32m✓[39m tests/widgets.test.ts [2m([22m[2m7 tests[22m[2m)[22m[32m 28[2mms[22m[39m
2026-10-07T23:13:51.6644278Z  [32m✓[39m tests/page-layout.test.ts [2m([22m[2m11 tests[22m[2m)[22m[32m 23[2mms[22m[39m
2026-10-07T23:13:51.8056283Z  [32m✓[39m tests/selection-view.test.ts [2m([22m[2m9 tests[22m[2m)[22m[33m 371[2mms[22m[39m
2026-10-07T23:13:53.2448140Z  [32m✓[39m tests/link.test.ts [2m([22m[2m9 tests[22m[2m)[22m[33m 386[2mms[22m[39m
2026-10-07T23:13:53.7445755Z  [32m✓[39m tests/docx-footnotes.test.ts [2m([22m[2m11 tests[22m[2m)[22m[32m 131[2mms[22m[39m
2026-10-07T23:13:53.7936553Z  [32m✓[39m tests/html-link-origin.test.ts [2m([22m[2m16 tests[22m[2m)[22m[33m 586[2mms[22m[39m
2026-10-07T23:13:53.9148491Z  [32m✓[39m tests/html-link-controls.test.ts [2m([22m[2m20 tests[22m[2m)[22m[33m 1976[2mms[22m[39m
2026-10-07T23:13:53.9150141Z    [32m✓[39m literal control data in imported HTML link destinations [2m(20)[22m
2026-10-07T23:13:53.9156523Z      [33m[2m✓[22m[39m still rejects unsafe schemes, network paths, other controls and broken authorities: inserted controls in "javascript:alert(…[33m 410[2mms[22m[39m
2026-10-07T23:13:53.9161711Z      [33m[2m✓[22m[39m still rejects unsafe schemes, network paths, other controls and broken authorities: inserted controls in "vbscript:payload"[33m 366[2mms[22m[39m
2026-10-07T23:13:53.9165016Z      [33m[2m✓[22m[39m still rejects unsafe schemes, network paths, other controls and broken authorities: inserted controls in "data:text/html,ba…[33m 318[2mms[22m[39m
2026-10-07T23:13:54.2747535Z  [32m✓[39m tests/ai.test.ts [2m([22m[2m13 tests[22m[2m)[22m[32m 138[2mms[22m[39m
2026-10-07T23:13:54.7408397Z  [32m✓[39m tests/markdown-html-block-adapter.test.ts [2m([22m[2m28 tests[22m[2m)[22m[32m 78[2mms[22m[39m
2026-10-07T23:13:55.0666541Z  [32m✓[39m tests/ai-generated-media.test.ts [2m([22m[2m7 tests[22m[2m)[22m[32m 36[2mms[22m[39m
2026-10-07T23:13:55.8836432Z  [32m✓[39m tests/docx-character-spacing.test.ts [2m([22m[2m25 tests[22m[2m)[22m[32m 217[2mms[22m[39m
2026-10-07T23:13:55.9516713Z  [32m✓[39m tests/docx-page-settings.test.ts [2m([22m[2m19 tests[22m[2m)[22m[32m 190[2mms[22m[39m
2026-10-07T23:13:56.1186353Z  [32m✓[39m tests/html-format.test.ts [2m([22m[2m9 tests[22m[2m)[22m[32m 173[2mms[22m[39m
2026-10-07T23:13:56.4726514Z  [32m✓[39m tests/docx-table-appearance.test.ts [2m([22m[2m9 tests[22m[2m)[22m[32m 139[2mms[22m[39m
2026-10-07T23:13:56.6020673Z  [32m✓[39m tests/ai-conversation.test.ts [2m([22m[2m10 tests[22m[2m)[22m[32m 128[2mms[22m[39m
2026-10-07T23:13:56.9716488Z  [32m✓[39m tests/markdown-text-block-flow.test.ts [2m([22m[2m29 tests[22m[2m)[22m[32m 150[2mms[22m[39m
2026-10-07T23:13:57.3898939Z  [32m✓[39m tests/markdown-html-flow-sources.test.ts [2m([22m[2m15 tests[22m[2m)[22m[32m 56[2mms[22m[39m
2026-10-07T23:13:57.9263397Z  [32m✓[39m tests/markdown-html-paragraph.test.ts [2m([22m[2m35 tests[22m[2m)[22m[32m 103[2mms[22m[39m
2026-10-07T23:13:58.5389659Z  [32m✓[39m tests/html-inert-raw-text.test.ts [2m([22m[2m24 tests[22m[2m)[22m[32m 200[2mms[22m[39m
2026-10-07T23:13:58.9361057Z  [32m✓[39m tests/virtual-view.test.ts [2m([22m[2m9 tests[22m[2m)[22m[33m 1798[2mms[22m[39m
2026-10-07T23:13:58.9362390Z    [32m✓[39m virtual EditorView [2m(9)[22m
2026-10-07T23:13:58.9363831Z      [33m[2m✓[22m[39m mounts a bounded viewport while retaining the full scroll geometry[33m 1122[2mms[22m[39m
2026-10-07T23:13:59.5275958Z  [32m✓[39m tests/docx-definition-lists.test.ts [2m([22m[2m16 tests[22m[2m)[22m[33m 400[2mms[22m[39m
2026-10-07T23:14:00.3375638Z  [32m✓[39m tests/headless-docx-demo.test.tsx [2m([22m[2m9 tests[22m[2m)[22m[33m 947[2mms[22m[39m
2026-10-07T23:14:00.3396719Z    [32m✓[39m headless DOCX file ownership and readiness [2m(9)[22m
2026-10-07T23:14:00.3404013Z      [33m[2m✓[22m[39m does not announce an undefined document as valid[33m 316[2mms[22m[39m
2026-10-07T23:14:01.0833192Z  [32m✓[39m tests/yjs-structured-attributes.test.ts [2m([22m[2m7 tests[22m[2m)[22m[32m 93[2mms[22m[39m
2026-10-07T23:14:01.8039783Z  [32m✓[39m tests/explicit-text-alignment.test.ts [2m([22m[2m8 tests[22m[2m)[22m[32m 125[2mms[22m[39m
2026-10-07T23:14:01.8196613Z  [32m✓[39m tests/react-toolbar-panels.test.tsx [2m([22m[2m17 tests[22m[2m)[22m[33m 1553[2mms[22m[39m
2026-10-07T23:14:01.8227029Z    [32m✓[39m toolbar configuration panel keyboard ownership [2m(11)[22m
2026-10-07T23:14:01.8236035Z      [33m[2m✓[22m[39m follows a separately mounted focused table view and disables ambiguous/unmounted physical controls[33m 709[2mms[22m[39m
2026-10-07T23:14:02.3253793Z  [32m✓[39m tests/math-document-context.test.ts [2m([22m[2m6 tests[22m[2m)[22m[33m 633[2mms[22m[39m
2026-10-07T23:14:02.3255821Z    [32m✓[39m document-aware math view context [2m(6)[22m
2026-10-07T23:14:02.3258141Z      [33m[2m✓[22m[39m compiles unchanged published source and forward references once per snapshot, including reorder/undo/redo[33m 355[2mms[22m[39m
2026-10-07T23:14:02.3467319Z  [32m✓[39m tests/markdown-html-block-atoms.test.ts [2m([22m[2m15 tests[22m[2m)[22m[32m 139[2mms[22m[39m
2026-10-07T23:14:02.4714209Z  [32m✓[39m tests/markdown-protected-table-flow.test.ts [2m([22m[2m17 tests[22m[2m)[22m[32m 228[2mms[22m[39m
2026-10-07T23:14:02.7336428Z  [32m✓[39m tests/ai-document-tools.test.ts [2m([22m[2m10 tests[22m[2m)[22m[32m 41[2mms[22m[39m
2026-10-07T23:14:02.8177331Z  [32m✓[39m tests/docx-math-import.test.ts [2m([22m[2m9 tests[22m[2m)[22m[32m 89[2mms[22m[39m
2026-10-07T23:14:02.9781720Z  [32m✓[39m tests/docx-page-templates.test.ts [2m([22m[2m8 tests[22m[2m)[22m[32m 132[2mms[22m[39m
2026-10-07T23:14:03.2296768Z  [32m✓[39m tests/html-inert-inline.test.ts [2m([22m[2m25 tests[22m[2m)[22m[32m 94[2mms[22m[39m
2026-10-07T23:14:04.4308584Z  [32m✓[39m tests/widgets-dom.test.ts [2m([22m[2m4 tests[22m[2m)[22m[32m 215[2mms[22m[39m
2026-10-07T23:14:04.6750745Z  [32m✓[39m tests/html-inert-browser.test.ts [2m([22m[2m8 tests[22m[2m)[22m[33m 556[2mms[22m[39m
2026-10-07T23:14:04.8756465Z  [32m✓[39m tests/markdown-empty-paragraphs.test.ts [2m([22m[2m22 tests[22m[2m)[22m[32m 58[2mms[22m[39m
2026-10-07T23:14:05.1996530Z  [32m✓[39m tests/trailing-editable-block.test.ts [2m([22m[2m8 tests[22m[2m)[22m[32m 80[2mms[22m[39m
2026-10-07T23:14:05.8797142Z  [32m✓[39m tests/html-structural-direction.test.ts [2m([22m[2m18 tests[22m[2m)[22m[32m 134[2mms[22m[39m
2026-10-07T23:14:06.5617357Z  [32m✓[39m tests/vue-lifecycle.test.ts [2m([22m[2m7 tests[22m[2m)[22m[33m 342[2mms[22m[39m
2026-10-07T23:14:06.7246863Z  [32m✓[39m tests/mathjax-document-renderer.test.ts [2m([22m[2m12 tests[22m[2m)[22m[33m 1997[2mms[22m[39m
2026-10-07T23:14:06.7248788Z    [32m✓[39m optional host MathJax SVG integration [2m(12)[22m
2026-10-07T23:14:06.7280696Z      [33m[2m✓[22m[39m typesets exact published equations and resolves namespaced forward links to actual SVG anchors[33m 439[2mms[22m[39m
2026-10-07T23:14:06.7286138Z      [33m[2m✓[22m[39m refreshes real SVG labels/references after moving/deleting equations and restores them on undo[33m 607[2mms[22m[39m
2026-10-07T23:14:07.0753090Z  [32m✓[39m tests/docx-paragraph-layout.test.ts [2m([22m[2m9 tests[22m[2m)[22m[32m 115[2mms[22m[39m
2026-10-07T23:14:07.1819580Z  [32m✓[39m tests/markdown-html.test.ts [2m([22m[2m32 tests[22m[2m)[22m[32m 93[2mms[22m[39m
2026-10-07T23:14:07.6234127Z  [32m✓[39m tests/markdown-preformatted.test.ts [2m([22m[2m38 tests[22m[2m)[22m[32m 155[2mms[22m[39m
2026-10-07T23:14:07.6606026Z  [32m✓[39m tests/view-external-focus.test.ts [2m([22m[2m12 tests[22m[2m)[22m[33m 430[2mms[22m[39m
2026-10-07T23:14:08.1750260Z  [32m✓[39m tests/html-source-tokens.test.ts [2m([22m[2m22 tests[22m[2m)[22m[32m 125[2mms[22m[39m
2026-10-07T23:14:08.1884727Z  [32m✓[39m tests/text-alignment.test.ts [2m([22m[2m8 tests[22m[2m)[22m[32m 83[2mms[22m[39m
2026-10-07T23:14:08.6056444Z  [32m✓[39m tests/structured-attributes.test.ts [2m([22m[2m4 tests[22m[2m)[22m[32m 31[2mms[22m[39m
2026-10-07T23:14:08.7082672Z  [32m✓[39m tests/docx-theme-fonts.test.ts [2m([22m[2m15 tests[22m[2m)[22m[32m 150[2mms[22m[39m
2026-10-07T23:14:08.9113382Z  [32m✓[39m tests/html-figure-retention.test.ts [2m([22m[2m20 tests[22m[2m)[22m[33m 424[2mms[22m[39m
2026-10-07T23:14:09.1283649Z  [32m✓[39m tests/docx-inherited-styles.test.ts [2m([22m[2m8 tests[22m[2m)[22m[32m 86[2mms[22m[39m
2026-10-07T23:14:09.3605497Z  [32m✓[39m tests/markdown-schema-html.test.ts [2m([22m[2m15 tests[22m[2m)[22m[32m 87[2mms[22m[39m
2026-10-07T23:14:09.5061462Z  [32m✓[39m tests/migrations.test.ts [2m([22m[2m5 tests[22m[2m)[22m[32m 15[2mms[22m[39m
2026-10-07T23:14:10.3835547Z  [32m✓[39m tests/table-appearance.test.ts [2m([22m[2m16 tests[22m[2m)[22m[33m 465[2mms[22m[39m
2026-10-07T23:14:10.9063603Z  [32m✓[39m tests/docx-content-controls.test.ts [2m([22m[2m12 tests[22m[2m)[22m[32m 97[2mms[22m[39m
2026-10-07T23:14:10.9796718Z  [32m✓[39m tests/syntax-highlight.test.ts [2m([22m[2m10 tests[22m[2m)[22m[32m 256[2mms[22m[39m
2026-10-07T23:14:11.1732003Z  [32m✓[39m tests/react-node-view.test.tsx [2m([22m[2m3 tests[22m[2m)[22m[33m 412[2mms[22m[39m
2026-10-07T23:14:11.6815966Z  [32m✓[39m tests/html-container-editing.test.ts [2m([22m[2m16 tests[22m[2m)[22m[32m 86[2mms[22m[39m
2026-10-07T23:14:11.7529215Z  [32m✓[39m tests/server-html-loss-report.test.ts [2m([22m[2m21 tests[22m[2m)[22m[33m 458[2mms[22m[39m
2026-10-07T23:14:12.4354097Z  [32m✓[39m tests/drop-cursor.test.ts [2m([22m[2m4 tests[22m[2m)[22m[32m 174[2mms[22m[39m
2026-10-07T23:14:12.8793552Z  [32m✓[39m tests/docx-page-breaks.test.ts [2m([22m[2m11 tests[22m[2m)[22m[32m 117[2mms[22m[39m
2026-10-07T23:14:13.1789820Z  [32m✓[39m tests/inline-link-view.test.ts [2m([22m[2m6 tests[22m[2m)[22m[32m 203[2mms[22m[39m
2026-10-07T23:14:13.3480818Z  [32m✓[39m tests/explicit-emphasis.test.ts [2m([22m[2m7 tests[22m[2m)[22m[32m 164[2mms[22m[39m
2026-10-07T23:14:13.4523479Z  [32m✓[39m tests/docx-preferred-table-width.test.ts [2m([22m[2m18 tests[22m[2m)[22m[32m 173[2mms[22m[39m
2026-10-07T23:14:13.5881615Z  [32m✓[39m tests/lean-loopback.test.ts [2m([22m[2m4 tests[22m[2m)[22m[32m 69[2mms[22m[39m
2026-10-07T23:14:13.9538093Z  [32m✓[39m tests/integrity.test.ts [2m([22m[2m7 tests[22m[2m)[22m[32m 26[2mms[22m[39m
2026-10-07T23:14:14.4478560Z  [32m✓[39m tests/mcp.test.ts [2m([22m[2m3 tests[22m[2m)[22m[32m 91[2mms[22m[39m
2026-10-07T23:14:14.9684524Z  [32m✓[39m tests/react-document-utilities.test.tsx [2m([22m[2m2 tests[22m[2m)[22m[33m 304[2mms[22m[39m
2026-10-07T23:14:15.0936544Z  [32m✓[39m tests/pages-html.test.ts [2m([22m[2m4 tests[22m[2m)[22m[33m 323[2mms[22m[39m
2026-10-07T23:14:15.3812659Z  [32m✓[39m tests/docx-package-inventory.test.ts [2m([22m[2m7 tests[22m[2m)[22m[32m 69[2mms[22m[39m
2026-10-07T23:14:15.5546649Z  [32m✓[39m tests/markdown-html-tables.test.ts [2m([22m[2m9 tests[22m[2m)[22m[32m 93[2mms[22m[39m
2026-10-07T23:14:15.8521548Z  [32m✓[39m tests/markdown-paragraph-flow.test.ts [2m([22m[2m18 tests[22m[2m)[22m[32m 89[2mms[22m[39m
2026-10-07T23:14:16.1519741Z  [32m✓[39m tests/table-direction-view.test.ts [2m([22m[2m9 tests[22m[2m)[22m[33m 304[2mms[22m[39m
2026-10-07T23:14:16.3486412Z  [32m✓[39m tests/html-comments.test.ts [2m([22m[2m27 tests[22m[2m)[22m[32m 90[2mms[22m[39m
2026-10-07T23:14:16.7460171Z  [32m✓[39m tests/markdown-tex-tables.test.ts [2m([22m[2m16 tests[22m[2m)[22m[32m 39[2mms[22m[39m
2026-10-07T23:14:17.2077346Z  [32m✓[39m tests/definition-list-editing.test.ts [2m([22m[2m13 tests[22m[2m)[22m[32m 253[2mms[22m[39m
2026-10-07T23:14:17.2195077Z  [32m✓[39m tests/definition-lists.test.ts [2m([22m[2m10 tests[22m[2m)[22m[32m 72[2mms[22m[39m
2026-10-07T23:14:17.6521233Z  [32m✓[39m tests/clipboard-history.test.ts [2m([22m[2m3 tests[22m[2m)[22m[32m 244[2mms[22m[39m
2026-10-07T23:14:17.6646548Z  [32m✓[39m tests/selection-no-text.test.ts [2m([22m[2m9 tests[22m[2m)[22m[32m 35[2mms[22m[39m
2026-10-07T23:14:17.9602398Z  [32m✓[39m tests/server-html-selectors.test.ts [2m([22m[2m3 tests[22m[2m)[22m[33m 325[2mms[22m[39m
2026-10-07T23:14:18.2266494Z  [32m✓[39m tests/markdown-tex.test.ts [2m([22m[2m24 tests[22m[2m)[22m[32m 171[2mms[22m[39m
2026-10-07T23:14:18.2430643Z  [32m✓[39m tests/markdown-flow-tasks.test.ts [2m([22m[2m17 tests[22m[2m)[22m[32m 183[2mms[22m[39m
2026-10-07T23:14:18.6106689Z  [32m✓[39m tests/content-expression.test.ts [2m([22m[2m5 tests[22m[2m)[22m[32m 277[2mms[22m[39m
2026-10-07T23:14:18.8036228Z  [32m✓[39m tests/markdown-flow-inline-nodes.test.ts [2m([22m[2m12 tests[22m[2m)[22m[32m 144[2mms[22m[39m
2026-10-07T23:14:19.0521330Z  [32m✓[39m tests/html-containers.test.ts [2m([22m[2m15 tests[22m[2m)[22m[32m 71[2mms[22m[39m
2026-10-07T23:14:20.2238180Z  [32m✓[39m tests/angular-lifecycle.test.ts [2m([22m[2m3 tests[22m[2m)[22m[33m 363[2mms[22m[39m
2026-10-07T23:14:20.2240348Z    [33m[2m✓[22m[39m owns one editor while its view can remount and retain document/history[33m 303[2mms[22m[39m
2026-10-07T23:14:20.3633658Z  [32m✓[39m tests/code-region-keyboard.test.ts [2m([22m[2m7 tests[22m[2m)[22m[32m 281[2mms[22m[39m
2026-10-07T23:14:20.5409751Z  [32m✓[39m tests/node-view-context.test.ts [2m([22m[2m5 tests[22m[2m)[22m[32m 267[2mms[22m[39m
2026-10-07T23:14:21.0337307Z  [32m✓[39m tests/stream-text-point.test.ts [2m([22m[2m4 tests[22m[2m)[22m[32m 239[2mms[22m[39m
2026-10-07T23:14:21.3156769Z  [32m✓[39m tests/mathjax-docx.test.ts [2m([22m[2m28 tests[22m[2m)[22m[33m 370[2mms[22m[39m
2026-10-07T23:14:21.5389726Z  [32m✓[39m tests/docx-table-headers.test.ts [2m([22m[2m11 tests[22m[2m)[22m[32m 154[2mms[22m[39m
2026-10-07T23:14:21.7349274Z  [32m✓[39m tests/paragraph-layout.test.ts [2m([22m[2m4 tests[22m[2m)[22m[32m 150[2mms[22m[39m
2026-10-07T23:14:21.8006434Z  [32m✓[39m tests/docx-fonts.test.ts [2m([22m[2m15 tests[22m[2m)[22m[32m 117[2mms[22m[39m
2026-10-07T23:14:22.0045106Z  [32m✓[39m tests/markdown-structural-flow.test.ts [2m([22m[2m9 tests[22m[2m)[22m[32m 91[2mms[22m[39m
2026-10-07T23:14:22.1806125Z  [32m✓[39m tests/release.test.ts [2m([22m[2m10 tests[22m[2m)[22m[32m 211[2mms[22m[39m
2026-10-07T23:14:22.6247975Z  [32m✓[39m tests/markdown-emphasis-runs.test.ts [2m([22m[2m18 tests[22m[2m)[22m[32m 83[2mms[22m[39m
2026-10-07T23:14:23.2653763Z  [32m✓[39m tests/web-component-forms.test.ts [2m([22m[2m8 tests[22m[2m)[22m[32m 263[2mms[22m[39m
2026-10-07T23:14:23.5260872Z  [32m✓[39m tests/html-table-caption.test.ts [2m([22m[2m10 tests[22m[2m)[22m[32m 215[2mms[22m[39m
2026-10-07T23:14:23.7032540Z  [32m✓[39m tests/headless-core.test.ts [2m([22m[2m3 tests[22m[2m)[22m[32m 40[2mms[22m[39m
2026-10-07T23:14:23.9640155Z  [32m✓[39m tests/floating-menu.test.ts [2m([22m[2m4 tests[22m[2m)[22m[32m 39[2mms[22m[39m
2026-10-07T23:14:23.9752526Z  [32m✓[39m tests/markdown-html-incomplete-source.test.ts [2m([22m[2m17 tests[22m[2m)[22m[32m 89[2mms[22m[39m
2026-10-07T23:14:24.2932923Z  [32m✓[39m tests/conversion-lab.test.ts [2m([22m[2m13 tests[22m[2m)[22m[32m 160[2mms[22m[39m
2026-10-07T23:14:24.3528959Z  [32m✓[39m tests/pages-presentation.test.ts [2m([22m[2m3 tests[22m[2m)[22m[32m 21[2mms[22m[39m
2026-10-07T23:14:24.4374786Z  [32m✓[39m tests/docx-cell-shading.test.ts [2m([22m[2m9 tests[22m[2m)[22m[32m 101[2mms[22m[39m
2026-10-07T23:14:24.7209377Z  [32m✓[39m tests/table-of-contents.test.ts [2m([22m[2m4 tests[22m[2m)[22m[32m 26[2mms[22m[39m
2026-10-07T23:14:24.8523015Z  [32m✓[39m tests/markdown-text-newlines.test.ts [2m([22m[2m19 tests[22m[2m)[22m[32m 64[2mms[22m[39m
2026-10-07T23:14:25.4332254Z  [32m✓[39m tests/markdown-combination-retention.test.ts [2m([22m[2m41 tests[22m[2m)[22m[32m 252[2mms[22m[39m
2026-10-07T23:14:25.8629736Z  [32m✓[39m tests/markdown-flow-custom-wrappers.test.ts [2m([22m[2m7 tests[22m[2m)[22m[32m 83[2mms[22m[39m
2026-10-07T23:14:25.9235160Z [90mstderr[2m | tests/react-widgets.test.tsx
2026-10-07T23:14:25.9236692Z  [32m✓[39m tests/react-widgets.test.tsx [2m([22m[2m2 tests[22m[2m)[22m[32m 216[2mms[22m[39m
2026-10-07T23:14:25.9238426Z [22m[39mAn update to Root inside a test was not wrapped in act(...).
2026-10-07T23:14:25.9248478Z 
2026-10-07T23:14:25.9277465Z When testing, code that causes React state updates should be wrapped into act(...):
2026-10-07T23:14:25.9290845Z 
2026-10-07T23:14:25.9291238Z act(() => {
2026-10-07T23:14:25.9291983Z   /* fire events that update state */
2026-10-07T23:14:25.9292725Z });
2026-10-07T23:14:25.9293327Z /* assert on the output */
2026-10-07T23:14:25.9293885Z 
2026-10-07T23:14:25.9295284Z This ensures that you're testing the behavior the user would see in the browser. Learn more at https://react.dev/link/wrap-tests-with-act
2026-10-07T23:14:25.9296382Z 
2026-10-07T23:14:26.5826588Z  [32m✓[39m tests/table-row-repetition.test.ts [2m([22m[2m13 tests[22m[2m)[22m[33m 323[2mms[22m[39m
2026-10-07T23:14:26.6628541Z  [32m✓[39m tests/html-page-settings.test.ts [2m([22m[2m18 tests[22m[2m)[22m[32m 91[2mms[22m[39m
2026-10-07T23:14:27.5796579Z  [32m✓[39m tests/table-layout.test.ts [2m([22m[2m7 tests[22m[2m)[22m[33m 376[2mms[22m[39m
2026-10-07T23:14:28.0554892Z  [32m✓[39m tests/html-structural-direction-report.test.ts [2m([22m[2m10 tests[22m[2m)[22m[32m 65[2mms[22m[39m
2026-10-07T23:14:28.2040578Z  [32m✓[39m tests/react-versions.test.tsx [2m([22m[2m1 test[22m[2m)[22m[32m 184[2mms[22m[39m
2026-10-07T23:14:28.2566875Z  [32m✓[39m tests/svelte-action.test.ts [2m([22m[2m3 tests[22m[2m)[22m[32m 250[2mms[22m[39m
2026-10-07T23:14:28.6230633Z  [32m✓[39m tests/node-size-sharing.test.ts [2m([22m[2m6 tests[22m[2m)[22m[32m 67[2mms[22m[39m
2026-10-07T23:14:29.6976732Z  [32m✓[39m tests/html-block-mark-inheritance.test.ts [2m([22m[2m22 tests[22m[2m)[22m[32m 285[2mms[22m[39m
2026-10-07T23:14:29.8851700Z  [32m✓[39m tests/react-floating-menu.test.tsx [2m([22m[2m1 test[22m[2m)[22m[33m 306[2mms[22m[39m
2026-10-07T23:14:29.8853539Z    [32m✓[39m React bubble and floating menus [2m(1)[22m
2026-10-07T23:14:29.8855951Z      [33m[2m✓[22m[39m renders focused accessible toolbars and dismisses the bubble menu with Escape[33m 304[2mms[22m[39m
2026-10-07T23:14:30.1570981Z  [32m✓[39m tests/react-comments.test.tsx [2m([22m[2m1 test[22m[2m)[22m[32m 147[2mms[22m[39m
2026-10-07T23:14:30.2056593Z  [32m✓[39m tests/markdown-autolink-policy.test.ts [2m([22m[2m15 tests[22m[2m)[22m[32m 74[2mms[22m[39m
2026-10-07T23:14:30.6047770Z  [32m✓[39m tests/markdown-tables-gfm.test.ts [2m([22m[2m11 tests[22m[2m)[22m[32m 46[2mms[22m[39m
2026-10-07T23:14:31.5819217Z  [32m✓[39m tests/table-background.test.ts [2m([22m[2m3 tests[22m[2m)[22m[33m 370[2mms[22m[39m
2026-10-07T23:14:31.8690419Z  [32m✓[39m tests/html-flow-browser.test.ts [2m([22m[2m16 tests[22m[2m)[22m[33m 433[2mms[22m[39m
2026-10-07T23:14:32.1267064Z  [32m✓[39m tests/html-inherited-alignment.test.ts [2m([22m[2m9 tests[22m[2m)[22m[32m 160[2mms[22m[39m
2026-10-07T23:14:32.3757233Z  [32m✓[39m tests/docx-explicit-emphasis.test.ts [2m([22m[2m5 tests[22m[2m)[22m[32m 96[2mms[22m[39m
2026-10-07T23:14:33.2111569Z  [32m✓[39m tests/react-lifecycle.test.tsx [2m([22m[2m2 tests[22m[2m)[22m[32m 244[2mms[22m[39m
2026-10-07T23:14:33.6247945Z  [32m✓[39m tests/markdown-html-lexical.test.ts [2m([22m[2m37 tests[22m[2m)[22m[32m 106[2mms[22m[39m
2026-10-07T23:14:33.9006538Z  [32m✓[39m tests/table-preferred-width.test.ts [2m([22m[2m15 tests[22m[2m)[22m[33m 359[2mms[22m[39m
2026-10-07T23:14:33.9886415Z  [32m✓[39m tests/text-direction-dom.test.ts [2m([22m[2m3 tests[22m[2m)[22m[33m 324[2mms[22m[39m
2026-10-07T23:14:34.0086383Z  [32m✓[39m tests/document-replacement.test.ts [2m([22m[2m5 tests[22m[2m)[22m[32m 20[2mms[22m[39m
2026-10-07T23:14:34.4604856Z  [32m✓[39m tests/auto-container-direction.test.ts [2m([22m[2m3 tests[22m[2m)[22m[32m 65[2mms[22m[39m
2026-10-07T23:14:34.4796093Z  [32m✓[39m tests/html-empty-paragraph.test.ts [2m([22m[2m12 tests[22m[2m)[22m[32m 71[2mms[22m[39m
2026-10-07T23:14:34.8401338Z  [32m✓[39m tests/virtual-layout.test.ts [2m([22m[2m4 tests[22m[2m)[22m[33m 578[2mms[22m[39m
2026-10-07T23:14:34.8415953Z    [32m✓[39m virtual block layout [2m(4)[22m
2026-10-07T23:14:34.8417469Z      [33m[2m✓[22m[39m plans a small visible window plus distant selection islands[33m 573[2mms[22m[39m
2026-10-07T23:14:34.9493420Z  [32m✓[39m tests/markdown-flow-code-endings.test.ts [2m([22m[2m16 tests[22m[2m)[22m[32m 102[2mms[22m[39m
2026-10-07T23:14:35.8786744Z  [32m✓[39m tests/react-ai-conversation.test.tsx [2m([22m[2m1 test[22m[2m)[22m[32m 129[2mms[22m[39m
2026-10-07T23:14:36.4236442Z  [32m✓[39m tests/view-native-selection.test.ts [2m([22m[2m4 tests[22m[2m)[22m[32m 225[2mms[22m[39m
2026-10-07T23:14:36.6657506Z  [32m✓[39m tests/html-comment-workshop.test.tsx [2m([22m[2m1 test[22m[2m)[22m[33m 445[2mms[22m[39m
2026-10-07T23:14:36.6660081Z    [32m✓[39m HTML comment reader snapshot lifecycle [2m(1)[22m
2026-10-07T23:14:36.6661973Z      [33m[2m✓[22m[39m replaces changed snapshots without navigating a retired iframe, but keeps unchanged snapshots mounted[33m 443[2mms[22m[39m
2026-10-07T23:14:36.8085405Z  [32m✓[39m tests/extension-scaffold.test.ts [2m([22m[2m2 tests[22m[2m)[22m[32m 196[2mms[22m[39m
2026-10-07T23:14:37.0822328Z  [32m✓[39m tests/markdown-literal-export.test.ts [2m([22m[2m15 tests[22m[2m)[22m[32m 42[2mms[22m[39m
2026-10-07T23:14:37.2392403Z  [32m✓[39m tests/widgets-yjs.test.ts [2m([22m[2m1 test[22m[2m)[22m[32m 48[2mms[22m[39m
2026-10-07T23:14:37.4646799Z  [32m✓[39m tests/html-comments-browser.test.ts [2m([22m[2m7 tests[22m[2m)[22m[32m 241[2mms[22m[39m
2026-10-07T23:14:37.6045663Z  [32m✓[39m tests/math-document-files.test.ts [2m([22m[2m9 tests[22m[2m)[22m[32m 24[2mms[22m[39m
2026-10-07T23:14:37.9177617Z  [32m✓[39m tests/node-ids-yjs.test.ts [2m([22m[2m1 test[22m[2m)[22m[32m 53[2mms[22m[39m
2026-10-07T23:14:38.3045343Z  [32m✓[39m tests/math-expression.test.ts [2m([22m[2m16 tests[22m[2m)[22m[32m 11[2mms[22m[39m
2026-10-07T23:14:38.5626668Z  [32m✓[39m tests/react-ai-generated-media.test.tsx [2m([22m[2m1 test[22m[2m)[22m[32m 163[2mms[22m[39m
2026-10-07T23:14:38.9220200Z [90mstderr[2m | tests/react-tracked-changes.test.tsx[2m > [22m[2mFountainTrackedChanges[2m > [22m[2mshows full review information and drives selection, discussion, and decisions
2026-10-07T23:14:38.9230886Z [22m[39mThe current testing environment is not configured to support act(...)
2026-10-07T23:14:38.9231749Z 
2026-10-07T23:14:39.0093851Z [90mstderr[2m | tests/react-tracked-changes.test.tsx[2m > [22m[2mFountainTrackedChanges[2m > [22m[2mshows full review information and drives selection, discussion, and decisions
2026-10-07T23:14:39.0104581Z [22m[39mThe current testing environment is not configured to support act(...)
2026-10-07T23:14:39.0105492Z 
2026-10-07T23:14:39.0204846Z [90mstderr[2m | tests/react-tracked-changes.test.tsx[2m > [22m[2mFountainTrackedChanges[2m > [22m[2mshows full review information and drives selection, discussion, and decisions
2026-10-07T23:14:39.0207210Z [22m[39mThe current testing environment is not configured to support act(...)
2026-10-07T23:14:39.0208170Z 
2026-10-07T23:14:39.0250849Z [90mstderr[2m | tests/react-tracked-changes.test.tsx[2m > [22m[2mFountainTrackedChanges[2m > [22m[2mshows full review information and drives selection, discussion, and decisions
2026-10-07T23:14:39.0253235Z [22m[39mThe current testing environment is not configured to support act(...)
2026-10-07T23:14:39.0254073Z 
2026-10-07T23:14:39.0362362Z [90mstderr[2m | tests/react-tracked-changes.test.tsx[2m > [22m[2mFountainTrackedChanges[2m > [22m[2mshows full review information and drives selection, discussion, and decisions
2026-10-07T23:14:39.0369814Z [22m[39mThe current testing environment is not configured to support act(...)
2026-10-07T23:14:39.0371489Z The current testing environment is not configured to support act(...)
2026-10-07T23:14:39.0374688Z 
2026-10-07T23:14:39.0376724Z [90mstderr[2m | tests/react-tracked-changes.test.tsx[2m > [22m[2mFountainTrackedChanges[2m > [22m[2mshows full review information and drives selection, discussion, and decisions
2026-10-07T23:14:39.0378948Z [22m[39mThe current testing environment is not configured to support act(...)
2026-10-07T23:14:39.0379717Z 
2026-10-07T23:14:39.0406830Z [90mstderr[2m | tests/react-tracked-changes.test.tsx[2m > [22m[2mFountainTrackedChanges[2m > [22m[2mshows full review information and drives selection, discussion, and decisions
2026-10-07T23:14:39.0435895Z  [32m✓[39m tests/react-tracked-changes.test.tsx [2m([22m[2m1 test[22m[2m)[22m[32m 153[2mms[22m[39m
2026-10-07T23:14:39.0437347Z [22m[39mThe current testing environment is not configured to support act(...)
2026-10-07T23:14:39.0437924Z 
2026-10-07T23:14:39.0642857Z  [32m✓[39m tests/markdown-code-labels.test.ts [2m([22m[2m20 tests[22m[2m)[22m[32m 71[2mms[22m[39m
2026-10-07T23:14:39.4470482Z  [32m✓[39m tests/issue-markdown-tables.test.ts [2m([22m[2m8 tests[22m[2m)[22m[32m 70[2mms[22m[39m
2026-10-07T23:14:39.4574214Z  [32m✓[39m tests/text-style-node.test.ts [2m([22m[2m2 tests[22m[2m)[22m[32m 28[2mms[22m[39m
2026-10-07T23:14:39.6103194Z [90mstderr[2m | tests/react-ai-review.test.tsx[2m > [22m[2mFountainAIReview streaming UI[2m > [22m[2mshows partial output and a stop action, then enables review only after completion
2026-10-07T23:14:39.6112616Z [22m[39mAn update to FountainAIReview inside a test was not wrapped in act(...).
2026-10-07T23:14:39.6114859Z 
2026-10-07T23:14:39.6115722Z When testing, code that causes React state updates should be wrapped into act(...):
2026-10-07T23:14:39.6116548Z 
2026-10-07T23:14:39.6116919Z act(() => {
2026-10-07T23:14:39.6117573Z   /* fire events that update state */
2026-10-07T23:14:39.6118311Z });
2026-10-07T23:14:39.6118899Z /* assert on the output */
2026-10-07T23:14:39.6119388Z 
2026-10-07T23:14:39.6120595Z This ensures that you're testing the behavior the user would see in the browser. Learn more at https://react.dev/link/wrap-tests-with-act
2026-10-07T23:14:39.6123100Z An update to FountainAIReview inside a test was not wrapped in act(...).
2026-10-07T23:14:39.6125877Z 
2026-10-07T23:14:39.6126727Z When testing, code that causes React state updates should be wrapped into act(...):
2026-10-07T23:14:39.6127556Z 
2026-10-07T23:14:39.6127913Z act(() => {
2026-10-07T23:14:39.6128587Z   /* fire events that update state */
2026-10-07T23:14:39.6129280Z });
2026-10-07T23:14:39.6129888Z /* assert on the output */
2026-10-07T23:14:39.6130380Z 
2026-10-07T23:14:39.6131570Z This ensures that you're testing the behavior the user would see in the browser. Learn more at https://react.dev/link/wrap-tests-with-act
2026-10-07T23:14:39.6132768Z 
2026-10-07T23:14:39.6460929Z  [32m✓[39m tests/react-ai-review.test.tsx [2m([22m[2m1 test[22m[2m)[22m[32m 122[2mms[22m[39m
2026-10-07T23:14:39.8206594Z  [32m✓[39m tests/text-boundary-mapping.test.ts [2m([22m[2m6 tests[22m[2m)[22m[32m 12[2mms[22m[39m
2026-10-07T23:14:40.2102192Z  [32m✓[39m tests/html-inherited-alignment-node.test.ts [2m([22m[2m2 tests[22m[2m)[22m[32m 31[2mms[22m[39m
2026-10-07T23:14:40.8892353Z  [32m✓[39m tests/html-code-language.test.ts [2m([22m[2m13 tests[22m[2m)[22m[32m 147[2mms[22m[39m
2026-10-07T23:14:41.2056983Z  [32m✓[39m tests/html-containers-browser.test.ts [2m([22m[2m6 tests[22m[2m)[22m[32m 189[2mms[22m[39m
2026-10-07T23:14:41.4100609Z  [32m✓[39m tests/stable-document-guard.test.ts [2m([22m[2m4 tests[22m[2m)[22m[32m 11[2mms[22m[39m
2026-10-07T23:14:41.5156776Z  [32m✓[39m tests/html-page-settings-browser.test.ts [2m([22m[2m6 tests[22m[2m)[22m[32m 116[2mms[22m[39m
2026-10-07T23:14:41.8667035Z  [32m✓[39m tests/markdown-url-destinations.test.ts [2m([22m[2m3 tests[22m[2m)[22m[32m 97[2mms[22m[39m
2026-10-07T23:14:42.1307745Z  [32m✓[39m tests/svelte-ssr.test.ts [2m([22m[2m1 test[22m[2m)[22m[32m 76[2mms[22m[39m
2026-10-07T23:14:42.4192018Z  [32m✓[39m tests/emoji-data.test.ts [2m([22m[2m2 tests[22m[2m)[22m[32m 17[2mms[22m[39m
2026-10-07T23:14:42.6259788Z  [32m✓[39m tests/vue-ssr.test.ts [2m([22m[2m1 test[22m[2m)[22m[32m 11[2mms[22m[39m
2026-10-07T23:14:42.7229208Z [90mstdout[2m | tests/angular-ssr.test.ts[2m > [22m[2mkeeps the Angular editor inert during real Angular server rendering
2026-10-07T23:14:42.7230924Z [22m[39mAngular is running in development mode.
2026-10-07T23:14:42.7231777Z 
2026-10-07T23:14:42.7328837Z  [32m✓[39m tests/angular-ssr.test.ts [2m([22m[2m1 test[22m[2m)[22m[32m 71[2mms[22m[39m
2026-10-07T23:14:42.7721109Z  [32m✓[39m examples/extensions/callout-extension.test.ts [2m([22m[2m1 test[22m[2m)[22m[32m 17[2mms[22m[39m
2026-10-07T23:14:42.7806659Z 
2026-10-07T23:14:42.7817507Z [2m Test Files [22m [1m[32m208 passed[39m[22m[90m (208)[39m
2026-10-07T23:14:42.7835303Z [2m      Tests [22m [1m[32m2734 passed[39m[22m[90m (2734)[39m
2026-10-07T23:14:42.7836122Z [2m   Start at [22m 23:13:30
2026-10-07T23:14:42.7843818Z [2m   Duration [22m 72.73s[2m (environment 41%, tests 28%, import 24%, transform 7%, worker 1%)[22m
2026-10-07T23:14:42.7863353Z 
2026-10-07T23:14:42.7864824Z [2m    Isolate [22m [33m208 workers spawned[39m[2m · ~503ms startup each (spawn + environment, per file)[22m
2026-10-07T23:14:42.7866785Z [2m            [22m [2mat least ~34.39s faster with [22m[33misolate: false[39m[2m — reuses workers across files instead of one per file[22m
2026-10-07T23:14:42.7867663Z 
2026-10-07T23:14:42.8597485Z ##[group]Run pnpm dlx publint@0.3.24
2026-10-07T23:14:42.8597823Z [36;1mpnpm dlx publint@0.3.24[0m
2026-10-07T23:14:42.8659767Z shell: /usr/bin/bash -e {0}
2026-10-07T23:14:42.8660058Z env:
2026-10-07T23:14:42.8660346Z   PNPM_HOME: /home/runner/setup-pnpm/node_modules/.bin
2026-10-07T23:14:42.8660801Z   pythonLocation: /opt/hostedtoolcache/Python/3.13.15/x64
2026-10-07T23:14:42.8661305Z   PKG_CONFIG_PATH: /opt/hostedtoolcache/Python/3.13.15/x64/lib/pkgconfig
2026-10-07T23:14:42.8661810Z   Python_ROOT_DIR: /opt/hostedtoolcache/Python/3.13.15/x64
2026-10-07T23:14:42.8662256Z   Python2_ROOT_DIR: /opt/hostedtoolcache/Python/3.13.15/x64
2026-10-07T23:14:42.8662900Z   Python3_ROOT_DIR: /opt/hostedtoolcache/Python/3.13.15/x64
2026-10-07T23:14:42.8663354Z   LD_LIBRARY_PATH: /opt/hostedtoolcache/Python/3.13.15/x64/lib
2026-10-07T23:14:42.8663735Z ##[endgroup]
2026-10-07T23:14:43.4644016Z Progress: resolved 1, reused 0, downloaded 0, added 0
2026-10-07T23:14:43.5378735Z Packages: +7
2026-10-07T23:14:43.5386176Z +++++++
2026-10-07T23:14:43.6111231Z Progress: resolved 7, reused 3, downloaded 4, added 7, done
2026-10-07T23:14:43.7089253Z Running [1mpublint v0.3.24[22m for [1mfountainjs-editor[22m...
2026-10-07T23:14:43.7120299Z Packing files with `pnpm pack`...
2026-10-07T23:14:45.0923487Z Linting...
2026-10-07T23:14:45.2018256Z [1m[32mAll good![39m[22m
2026-10-07T23:14:45.2446203Z ##[group]Run pnpm dlx @arethetypeswrong/cli@0.18.5 --pack . --entrypoints . ./core ./ai/document-tools ./ai/conversation ./ai/generated-media ./docx ./document-utilities ./emoji-data ./react ./vue ./svelte ./yjs ./comments ./react/comments ./tracked-changes ./react/tracked-changes ./versions ./react/versions ./details ./ruby ./text-style ./testing ./migrations ./node-ids ./structured-attributes ./html/server ./widgets ./widgets/dom ./react/widgets ./pages ./pages/dom ./pages/preview
2026-10-07T23:14:45.2449554Z [36;1mpnpm dlx @arethetypeswrong/cli@0.18.5 --pack . --entrypoints . ./core ./ai/document-tools ./ai/conversation ./ai/generated-media ./docx ./document-utilities ./emoji-data ./react ./vue ./svelte ./yjs ./comments ./react/comments ./tracked-changes ./react/tracked-changes ./versions ./react/versions ./details ./ruby ./text-style ./testing ./migrations ./node-ids ./structured-attributes ./html/server ./widgets ./widgets/dom ./react/widgets ./pages ./pages/dom ./pages/preview[0m
2026-10-07T23:14:45.2517002Z shell: /usr/bin/bash -e {0}
2026-10-07T23:14:45.2517262Z env:
2026-10-07T23:14:45.2517512Z   PNPM_HOME: /home/runner/setup-pnpm/node_modules/.bin
2026-10-07T23:14:45.2517898Z   pythonLocation: /opt/hostedtoolcache/Python/3.13.15/x64
2026-10-07T23:14:45.2518347Z   PKG_CONFIG_PATH: /opt/hostedtoolcache/Python/3.13.15/x64/lib/pkgconfig
2026-10-07T23:14:45.2518772Z   Python_ROOT_DIR: /opt/hostedtoolcache/Python/3.13.15/x64
2026-10-07T23:14:45.2519148Z   Python2_ROOT_DIR: /opt/hostedtoolcache/Python/3.13.15/x64
2026-10-07T23:14:45.2519539Z   Python3_ROOT_DIR: /opt/hostedtoolcache/Python/3.13.15/x64
2026-10-07T23:14:45.2519937Z   LD_LIBRARY_PATH: /opt/hostedtoolcache/Python/3.13.15/x64/lib
2026-10-07T23:14:45.2520261Z ##[endgroup]
2026-10-07T23:14:45.8536706Z Progress: resolved 1, reused 0, downloaded 0, added 0
2026-10-07T23:14:46.8291301Z Packages: +56
2026-10-07T23:14:46.8292198Z ++++++++++++++++++++++++++++++++++++++++++++++++++++++++
2026-10-07T23:14:46.8548887Z Progress: resolved 56, reused 5, downloaded 51, added 30
2026-10-07T23:14:46.8667053Z Progress: resolved 56, reused 5, downloaded 51, added 56, done
2026-10-07T23:14:57.5894381Z 
2026-10-07T23:14:57.6306433Z fountainjs-editor v0.4.0-beta.2
2026-10-07T23:14:57.6306850Z 
2026-10-07T23:14:57.6306960Z Build tools:
2026-10-07T23:14:57.6307221Z - typescript@^7.0.2
2026-10-07T23:14:57.6307476Z - vite@^8.2.2
2026-10-07T23:14:57.6307605Z 
2026-10-07T23:14:57.6307936Z  No problems found 🌟
2026-10-07T23:14:57.6308088Z 
2026-10-07T23:14:57.6308095Z 
2026-10-07T23:14:57.6308588Z ┌───────────────────────────────────────────┬────────┬───────────────────┬───────────────────┬─────────┐
2026-10-07T23:14:57.6309362Z │                                           │ node10 │ node16 (from CJS) │ node16 (from ESM) │ bundler │
2026-10-07T23:14:57.6310139Z ├───────────────────────────────────────────┼────────┼───────────────────┼───────────────────┼─────────┤
2026-10-07T23:14:57.6310918Z │ "fountainjs-editor"                       │ 🟢     │ 🟢 (CJS)          │ 🟢 (ESM)          │ 🟢      │
2026-10-07T23:14:57.6311753Z ├───────────────────────────────────────────┼────────┼───────────────────┼───────────────────┼─────────┤
2026-10-07T23:14:57.6312515Z │ "fountainjs-editor/core"                  │ 🟢     │ 🟢 (CJS)          │ 🟢 (ESM)          │ 🟢      │
2026-10-07T23:14:57.6313655Z ├───────────────────────────────────────────┼────────┼───────────────────┼───────────────────┼─────────┤
2026-10-07T23:14:57.6314771Z │ "fountainjs-editor/ai/document-tools"     │ 🟢     │ 🟢 (CJS)          │ 🟢 (ESM)          │ 🟢      │
2026-10-07T23:14:57.6315652Z ├───────────────────────────────────────────┼────────┼───────────────────┼───────────────────┼─────────┤
2026-10-07T23:14:57.6316454Z │ "fountainjs-editor/ai/conversation"       │ 🟢     │ 🟢 (CJS)          │ 🟢 (ESM)          │ 🟢      │
2026-10-07T23:14:57.6317242Z ├───────────────────────────────────────────┼────────┼───────────────────┼───────────────────┼─────────┤
2026-10-07T23:14:57.6318259Z │ "fountainjs-editor/ai/generated-media"    │ 🟢     │ 🟢 (CJS)          │ 🟢 (ESM)          │ 🟢      │
2026-10-07T23:14:57.6319082Z ├───────────────────────────────────────────┼────────┼───────────────────┼───────────────────┼─────────┤
2026-10-07T23:14:57.6319806Z │ "fountainjs-editor/docx"                  │ 🟢     │ 🟢 (CJS)          │ 🟢 (ESM)          │ 🟢      │
2026-10-07T23:14:57.6320591Z ├───────────────────────────────────────────┼────────┼───────────────────┼───────────────────┼─────────┤
2026-10-07T23:14:57.6321318Z │ "fountainjs-editor/document-utilities"    │ 🟢     │ 🟢 (CJS)          │ 🟢 (ESM)          │ 🟢      │
2026-10-07T23:14:57.6322089Z ├───────────────────────────────────────────┼────────┼───────────────────┼───────────────────┼─────────┤
2026-10-07T23:14:57.6322834Z │ "fountainjs-editor/emoji-data"            │ 🟢     │ 🟢 (CJS)          │ 🟢 (ESM)          │ 🟢      │
2026-10-07T23:14:57.6323605Z ├───────────────────────────────────────────┼────────┼───────────────────┼───────────────────┼─────────┤
2026-10-07T23:14:57.6324605Z │ "fountainjs-editor/react"                 │ 🟢     │ 🟢 (CJS)          │ 🟢 (ESM)          │ 🟢      │
2026-10-07T23:14:57.6325413Z ├───────────────────────────────────────────┼────────┼───────────────────┼───────────────────┼─────────┤
2026-10-07T23:14:57.6326337Z │ "fountainjs-editor/vue"                   │ 🟢     │ 🟢 (CJS)          │ 🟢 (ESM)          │ 🟢      │
2026-10-07T23:14:57.6327090Z ├───────────────────────────────────────────┼────────┼───────────────────┼───────────────────┼─────────┤
2026-10-07T23:14:57.6327788Z │ "fountainjs-editor/svelte"                │ 🟢     │ 🟢 (CJS)          │ 🟢 (ESM)          │ 🟢      │
2026-10-07T23:14:57.6328530Z ├───────────────────────────────────────────┼────────┼───────────────────┼───────────────────┼─────────┤
2026-10-07T23:14:57.6329217Z │ "fountainjs-editor/yjs"                   │ 🟢     │ 🟢 (CJS)          │ 🟢 (ESM)          │ 🟢      │
2026-10-07T23:14:57.6330082Z ├───────────────────────────────────────────┼────────┼───────────────────┼───────────────────┼─────────┤
2026-10-07T23:14:57.6330798Z │ "fountainjs-editor/comments"              │ 🟢     │ 🟢 (CJS)          │ 🟢 (ESM)          │ 🟢      │
2026-10-07T23:14:57.6331547Z ├───────────────────────────────────────────┼────────┼───────────────────┼───────────────────┼─────────┤
2026-10-07T23:14:57.6332276Z │ "fountainjs-editor/react/comments"        │ 🟢     │ 🟢 (CJS)          │ 🟢 (ESM)          │ 🟢      │
2026-10-07T23:14:57.6333036Z ├───────────────────────────────────────────┼────────┼───────────────────┼───────────────────┼─────────┤
2026-10-07T23:14:57.6333756Z │ "fountainjs-editor/tracked-changes"       │ 🟢     │ 🟢 (CJS)          │ 🟢 (ESM)          │ 🟢      │
2026-10-07T23:14:57.6334798Z ├───────────────────────────────────────────┼────────┼───────────────────┼───────────────────┼─────────┤
2026-10-07T23:14:57.6335562Z │ "fountainjs-editor/react/tracked-changes" │ 🟢     │ 🟢 (CJS)          │ 🟢 (ESM)          │ 🟢      │
2026-10-07T23:14:57.6336363Z ├───────────────────────────────────────────┼────────┼───────────────────┼───────────────────┼─────────┤
2026-10-07T23:14:57.6337058Z │ "fountainjs-editor/versions"              │ 🟢     │ 🟢 (CJS)          │ 🟢 (ESM)          │ 🟢      │
2026-10-07T23:14:57.6337974Z ├───────────────────────────────────────────┼────────┼───────────────────┼───────────────────┼─────────┤
2026-10-07T23:14:57.6338691Z │ "fountainjs-editor/react/versions"        │ 🟢     │ 🟢 (CJS)          │ 🟢 (ESM)          │ 🟢      │
2026-10-07T23:14:57.6339453Z ├───────────────────────────────────────────┼────────┼───────────────────┼───────────────────┼─────────┤
2026-10-07T23:14:57.6340152Z │ "fountainjs-editor/details"               │ 🟢     │ 🟢 (CJS)          │ 🟢 (ESM)          │ 🟢      │
2026-10-07T23:14:57.6340897Z ├───────────────────────────────────────────┼────────┼───────────────────┼───────────────────┼─────────┤
2026-10-07T23:14:57.6341786Z │ "fountainjs-editor/ruby"                  │ 🟢     │ 🟢 (CJS)          │ 🟢 (ESM)          │ 🟢      │
2026-10-07T23:14:57.6342635Z ├───────────────────────────────────────────┼────────┼───────────────────┼───────────────────┼─────────┤
2026-10-07T23:14:57.6343422Z │ "fountainjs-editor/text-style"            │ 🟢     │ 🟢 (CJS)          │ 🟢 (ESM)          │ 🟢      │
2026-10-07T23:14:57.6344492Z ├───────────────────────────────────────────┼────────┼───────────────────┼───────────────────┼─────────┤
2026-10-07T23:14:57.6345295Z │ "fountainjs-editor/testing"               │ 🟢     │ 🟢 (CJS)          │ 🟢 (ESM)          │ 🟢      │
2026-10-07T23:14:57.6346122Z ├───────────────────────────────────────────┼────────┼───────────────────┼───────────────────┼─────────┤
2026-10-07T23:14:57.6346862Z │ "fountainjs-editor/migrations"            │ 🟢     │ 🟢 (CJS)          │ 🟢 (ESM)          │ 🟢      │
2026-10-07T23:14:57.6347658Z ├───────────────────────────────────────────┼────────┼───────────────────┼───────────────────┼─────────┤
2026-10-07T23:14:57.6348440Z │ "fountainjs-editor/node-ids"              │ 🟢     │ 🟢 (CJS)          │ 🟢 (ESM)          │ 🟢      │
2026-10-07T23:14:57.6349286Z ├───────────────────────────────────────────┼────────┼───────────────────┼───────────────────┼─────────┤
2026-10-07T23:14:57.6350081Z │ "fountainjs-editor/structured-attributes" │ 🟢     │ 🟢 (CJS)          │ 🟢 (ESM)          │ 🟢      │
2026-10-07T23:14:57.6350932Z ├───────────────────────────────────────────┼────────┼───────────────────┼───────────────────┼─────────┤
2026-10-07T23:14:57.6351691Z │ "fountainjs-editor/html/server"           │ 🟢     │ 🟢 (CJS)          │ 🟢 (ESM)          │ 🟢      │
2026-10-07T23:14:57.6352490Z ├───────────────────────────────────────────┼────────┼───────────────────┼───────────────────┼─────────┤
2026-10-07T23:14:57.6353259Z │ "fountainjs-editor/widgets"               │ 🟢     │ 🟢 (CJS)          │ 🟢 (ESM)          │ 🟢      │
2026-10-07T23:14:57.6354048Z ├───────────────────────────────────────────┼────────┼───────────────────┼───────────────────┼─────────┤
2026-10-07T23:14:57.6355357Z │ "fountainjs-editor/widgets/dom"           │ 🟢     │ 🟢 (CJS)          │ 🟢 (ESM)          │ 🟢      │
2026-10-07T23:14:57.6356228Z ├───────────────────────────────────────────┼────────┼───────────────────┼───────────────────┼─────────┤
2026-10-07T23:14:57.6357148Z │ "fountainjs-editor/react/widgets"         │ 🟢     │ 🟢 (CJS)          │ 🟢 (ESM)          │ 🟢      │
2026-10-07T23:14:57.6357949Z ├───────────────────────────────────────────┼────────┼───────────────────┼───────────────────┼─────────┤
2026-10-07T23:14:57.6358697Z │ "fountainjs-editor/pages"                 │ 🟢     │ 🟢 (CJS)          │ 🟢 (ESM)          │ 🟢      │
2026-10-07T23:14:57.6359500Z ├───────────────────────────────────────────┼────────┼───────────────────┼───────────────────┼─────────┤
2026-10-07T23:14:57.6360244Z │ "fountainjs-editor/pages/dom"             │ 🟢     │ 🟢 (CJS)          │ 🟢 (ESM)          │ 🟢      │
2026-10-07T23:14:57.6361088Z ├───────────────────────────────────────────┼────────┼───────────────────┼───────────────────┼─────────┤
2026-10-07T23:14:57.6361814Z │ "fountainjs-editor/pages/preview"         │ 🟢     │ 🟢 (CJS)          │ 🟢 (ESM)          │ 🟢      │
2026-10-07T23:14:57.6362667Z └───────────────────────────────────────────┴────────┴───────────────────┴───────────────────┴─────────┘
2026-10-07T23:14:57.7395785Z ##[group]Run pnpm dlx @arethetypeswrong/cli@0.18.5 --pack . --entrypoints ./angular --profile esm-only
2026-10-07T23:14:57.7396533Z [36;1mpnpm dlx @arethetypeswrong/cli@0.18.5 --pack . --entrypoints ./angular --profile esm-only[0m
2026-10-07T23:14:57.7459132Z shell: /usr/bin/bash -e {0}
2026-10-07T23:14:57.7459389Z env:
2026-10-07T23:14:57.7459638Z   PNPM_HOME: /home/runner/setup-pnpm/node_modules/.bin
2026-10-07T23:14:57.7460017Z   pythonLocation: /opt/hostedtoolcache/Python/3.13.15/x64
2026-10-07T23:14:57.7460446Z   PKG_CONFIG_PATH: /opt/hostedtoolcache/Python/3.13.15/x64/lib/pkgconfig
2026-10-07T23:14:57.7460879Z   Python_ROOT_DIR: /opt/hostedtoolcache/Python/3.13.15/x64
2026-10-07T23:14:57.7461258Z   Python2_ROOT_DIR: /opt/hostedtoolcache/Python/3.13.15/x64
2026-10-07T23:14:57.7461634Z   Python3_ROOT_DIR: /opt/hostedtoolcache/Python/3.13.15/x64
2026-10-07T23:14:57.7462019Z   LD_LIBRARY_PATH: /opt/hostedtoolcache/Python/3.13.15/x64/lib
2026-10-07T23:14:57.7462556Z ##[endgroup]
2026-10-07T23:15:01.5541528Z 
2026-10-07T23:15:01.5750731Z fountainjs-editor v0.4.0-beta.2
2026-10-07T23:15:01.5751262Z 
2026-10-07T23:15:01.5751666Z Build tools:
2026-10-07T23:15:01.5751978Z - typescript@^7.0.2
2026-10-07T23:15:01.5752337Z - vite@^8.2.2
2026-10-07T23:15:01.5752510Z 
2026-10-07T23:15:01.5752826Z  (ignoring resolutions: 'node10', 'node16-cjs')
2026-10-07T23:15:01.5753198Z 
2026-10-07T23:15:01.5756697Z (ignored per resolution) ⚠️ A require call resolved to an ESM JavaScript file, which is an error in Node and some bundlers. CommonJS consumers will need to use a dynamic import. https://github.com/arethetypeswrong/arethetypeswrong.github.io/blob/main/docs/problems/CJSResolvesToESM.md
2026-10-07T23:15:01.5758173Z 
2026-10-07T23:15:01.5758380Z 
2026-10-07T23:15:01.5758816Z ┌───────────────────┬────────────────────────────────────────┐
2026-10-07T23:15:01.5759514Z │                   │ "fountainjs-editor/angular"            │
2026-10-07T23:15:01.5760260Z ├───────────────────┼────────────────────────────────────────┤
2026-10-07T23:15:01.5760964Z │ node16 (from ESM) │ 🟢 (ESM)                               │
2026-10-07T23:15:01.5761604Z ├───────────────────┼────────────────────────────────────────┤
2026-10-07T23:15:01.5762148Z │ bundler           │ 🟢                                     │
2026-10-07T23:15:01.5762741Z ├───────────────────┼────────────────────────────────────────┤
2026-10-07T23:15:01.5763275Z │ node10            │ (ignored) 🟢                           │
2026-10-07T23:15:01.5763832Z ├───────────────────┼────────────────────────────────────────┤
2026-10-07T23:15:01.5764693Z │ node16 (from CJS) │ (ignored) ⚠️ ESM (dynamic import only) │
2026-10-07T23:15:01.5765412Z └───────────────────┴────────────────────────────────────────┘
2026-10-07T23:15:01.6181927Z ##[group]Run pnpm exec vite build --base /fountainjs/
2026-10-07T23:15:01.6182597Z [36;1mpnpm exec vite build --base /fountainjs/[0m
2026-10-07T23:15:01.6248403Z shell: /usr/bin/bash -e {0}
2026-10-07T23:15:01.6248697Z env:
2026-10-07T23:15:01.6248947Z   PNPM_HOME: /home/runner/setup-pnpm/node_modules/.bin
2026-10-07T23:15:01.6249343Z   pythonLocation: /opt/hostedtoolcache/Python/3.13.15/x64
2026-10-07T23:15:01.6249805Z   PKG_CONFIG_PATH: /opt/hostedtoolcache/Python/3.13.15/x64/lib/pkgconfig
2026-10-07T23:15:01.6250228Z   Python_ROOT_DIR: /opt/hostedtoolcache/Python/3.13.15/x64
2026-10-07T23:15:01.6250605Z   Python2_ROOT_DIR: /opt/hostedtoolcache/Python/3.13.15/x64
2026-10-07T23:15:01.6250986Z   Python3_ROOT_DIR: /opt/hostedtoolcache/Python/3.13.15/x64
2026-10-07T23:15:01.6251365Z   LD_LIBRARY_PATH: /opt/hostedtoolcache/Python/3.13.15/x64/lib
2026-10-07T23:15:01.6263893Z ##[endgroup]
2026-10-07T23:15:03.1365124Z [36mvite v8.2.2 [32mbuilding client environment for production...[36m[39m
2026-10-07T23:15:03.1495021Z transforming...
2026-10-07T23:15:04.2238310Z ✓ 769 modules transformed.
2026-10-07T23:15:04.3685496Z rendering chunks...
2026-10-07T23:15:04.5770521Z computing gzip size...
2026-10-07T23:15:04.6157215Z examples/react-app/dist/workflows.html                                       0.75 kB │ gzip:   0.42 kB
2026-10-07T23:15:04.6158745Z examples/react-app/dist/developers.html                                      0.80 kB │ gzip:   0.42 kB
2026-10-07T23:15:04.6159853Z examples/react-app/dist/demos.html                                           0.98 kB │ gzip:   0.46 kB
2026-10-07T23:15:04.6160945Z examples/react-app/dist/task-workflow.html                                   1.01 kB │ gzip:   0.46 kB
2026-10-07T23:15:04.6162077Z examples/react-app/dist/issue-editor.html                                    1.14 kB │ gzip:   0.47 kB
2026-10-07T23:15:04.6163887Z examples/react-app/dist/math-renderer.html                                   1.21 kB │ gzip:   0.48 kB
2026-10-07T23:15:04.6165291Z examples/react-app/dist/index.html                                           1.27 kB │ gzip:   0.51 kB
2026-10-07T23:15:04.6166396Z examples/react-app/dist/math-references.html                                 1.36 kB │ gzip:   0.53 kB
2026-10-07T23:15:04.6167558Z examples/react-app/dist/demos/vue-runbook.html                               1.57 kB │ gzip:   0.50 kB
2026-10-07T23:15:04.6168468Z examples/react-app/dist/demos/svelte-report.html                             1.57 kB │ gzip:   0.50 kB
2026-10-07T23:15:04.6169392Z examples/react-app/dist/demos/angular-media.html                             1.57 kB │ gzip:   0.51 kB
2026-10-07T23:15:04.6170301Z examples/react-app/dist/demos/react-article.html                             1.58 kB │ gzip:   0.50 kB
2026-10-07T23:15:04.6171228Z examples/react-app/dist/demos/python-content-api.html                        1.58 kB │ gzip:   0.51 kB
2026-10-07T23:15:04.6172161Z examples/react-app/dist/demos/go-docs-service.html                           1.59 kB │ gzip:   0.51 kB
2026-10-07T23:15:04.6173064Z examples/react-app/dist/demos/node-markdown.html                             1.59 kB │ gzip:   0.51 kB
2026-10-07T23:15:04.6173989Z examples/react-app/dist/demos/web-component-cms.html                         1.59 kB │ gzip:   0.51 kB
2026-10-07T23:15:04.6175576Z examples/react-app/dist/demos/plain-dom-notes.html                           1.59 kB │ gzip:   0.51 kB
2026-10-07T23:15:04.6176824Z examples/react-app/dist/demos/java-approval-workflow.html                    1.59 kB │ gzip:   0.51 kB
2026-10-07T23:15:04.6177872Z examples/react-app/dist/conversion-lab.html                                  1.96 kB │ gzip:   0.73 kB
2026-10-07T23:15:04.6178577Z examples/react-app/dist/assets/KaTeX_Size3-Regular-CTq5MqoE.woff             4.42 kB
2026-10-07T23:15:04.6179249Z examples/react-app/dist/assets/KaTeX_Size4-Regular-Dl5lxZxV.woff2            4.92 kB
2026-10-07T23:15:04.6179915Z examples/react-app/dist/assets/KaTeX_Size2-Regular-Dy4dx90m.woff2            5.20 kB
2026-10-07T23:15:04.6180891Z examples/react-app/dist/assets/KaTeX_Size1-Regular-mCD8mA8B.woff2            5.46 kB
2026-10-07T23:15:04.6181587Z examples/react-app/dist/assets/KaTeX_Size4-Regular-BF-4gkZK.woff             5.98 kB
2026-10-07T23:15:04.6182257Z examples/react-app/dist/assets/KaTeX_Size2-Regular-oD1tc_U0.woff             6.18 kB
2026-10-07T23:15:04.6182891Z examples/react-app/dist/assets/KaTeX_Size1-Regular-C195tn64.woff             6.49 kB
2026-10-07T23:15:04.6183537Z examples/react-app/dist/assets/KaTeX_Caligraphic-Regular-Di6jR-x-.woff2      6.90 kB
2026-10-07T23:15:04.6184194Z examples/react-app/dist/assets/KaTeX_Caligraphic-Bold-Dq_IR9rO.woff2         6.91 kB
2026-10-07T23:15:04.6185135Z examples/react-app/dist/assets/KaTeX_Size3-Regular-DgpXs0kz.ttf              7.58 kB
2026-10-07T23:15:04.6185787Z examples/react-app/dist/assets/KaTeX_Caligraphic-Regular-CTRA-rTL.woff       7.65 kB
2026-10-07T23:15:04.6186436Z examples/react-app/dist/assets/KaTeX_Caligraphic-Bold-BEiXGLvX.woff          7.71 kB
2026-10-07T23:15:04.6187327Z examples/react-app/dist/assets/KaTeX_Script-Regular-D3wIWfF6.woff2           9.64 kB
2026-10-07T23:15:04.6188431Z examples/react-app/dist/assets/KaTeX_SansSerif-Regular-DDBCnlJ7.woff2       10.34 kB
2026-10-07T23:15:04.6189619Z examples/react-app/dist/assets/KaTeX_Size4-Regular-DWFBv043.ttf             10.36 kB
2026-10-07T23:15:04.6190503Z examples/react-app/dist/assets/KaTeX_Script-Regular-D5yQViql.woff           10.58 kB
2026-10-07T23:15:04.6191404Z examples/react-app/dist/assets/KaTeX_Fraktur-Regular-CTYiF6lA.woff2         11.31 kB
2026-10-07T23:15:04.6192261Z examples/react-app/dist/assets/KaTeX_Fraktur-Bold-CL6g_b3V.woff2            11.34 kB
2026-10-07T23:15:04.6193106Z examples/react-app/dist/assets/KaTeX_Size2-Regular-B7gKUWhC.ttf             11.50 kB
2026-10-07T23:15:04.6193976Z examples/react-app/dist/assets/KaTeX_SansSerif-Italic-C3H0VqGB.woff2        12.02 kB
2026-10-07T23:15:04.6195140Z examples/react-app/dist/assets/KaTeX_SansSerif-Bold-D1sUS0GD.woff2          12.21 kB
2026-10-07T23:15:04.6196092Z examples/react-app/dist/assets/KaTeX_Size1-Regular-Dbsnue_I.ttf             12.22 kB
2026-10-07T23:15:04.6196968Z examples/react-app/dist/assets/KaTeX_SansSerif-Regular-CS6fqUqJ.woff        12.31 kB
2026-10-07T23:15:04.6197919Z examples/react-app/dist/assets/KaTeX_Caligraphic-Regular-wX97UBjC.ttf       12.34 kB
2026-10-07T23:15:04.6198843Z examples/react-app/dist/assets/KaTeX_Caligraphic-Bold-ATXxdsX0.ttf          12.36 kB
2026-10-07T23:15:04.6199790Z examples/react-app/dist/assets/KaTeX_Fraktur-Regular-Dxdc4cR9.woff          13.20 kB
2026-10-07T23:15:04.6200746Z examples/react-app/dist/assets/KaTeX_Fraktur-Bold-BsDP51OF.woff             13.29 kB
2026-10-07T23:15:04.6201403Z examples/react-app/dist/assets/KaTeX_Typewriter-Regular-CO6r4hn1.woff2      13.56 kB
2026-10-07T23:15:04.6202064Z examples/react-app/dist/assets/KaTeX_SansSerif-Italic-DN2j7dab.woff         14.11 kB
2026-10-07T23:15:04.6202714Z examples/react-app/dist/assets/KaTeX_SansSerif-Bold-DbIhKOiC.woff           14.40 kB
2026-10-07T23:15:04.6203366Z examples/react-app/dist/assets/KaTeX_Typewriter-Regular-C0xS9mPB.woff       16.02 kB
2026-10-07T23:15:04.6204020Z examples/react-app/dist/assets/KaTeX_Math-BoldItalic-CZnvNsCZ.woff2         16.40 kB
2026-10-07T23:15:04.6205026Z examples/react-app/dist/assets/KaTeX_Math-Italic-t53AETM-.woff2             16.44 kB
2026-10-07T23:15:04.6205688Z examples/react-app/dist/assets/KaTeX_Script-Regular-C5JkGWo-.ttf            16.64 kB
2026-10-07T23:15:04.6206339Z examples/react-app/dist/assets/KaTeX_Main-BoldItalic-DxDJ3AOS.woff2         16.78 kB
2026-10-07T23:15:04.6206980Z examples/react-app/dist/assets/KaTeX_Main-Italic-NWA7e6Wa.woff2             16.98 kB
2026-10-07T23:15:04.6207621Z examples/react-app/dist/assets/KaTeX_Math-BoldItalic-iY-2wyZ7.woff          18.66 kB
2026-10-07T23:15:04.6208291Z examples/react-app/dist/assets/KaTeX_Math-Italic-DA0__PXp.woff              18.74 kB
2026-10-07T23:15:04.6208927Z examples/react-app/dist/assets/KaTeX_Main-BoldItalic-SpSLRI95.woff          19.41 kB
2026-10-07T23:15:04.6209744Z examples/react-app/dist/assets/KaTeX_SansSerif-Regular-BNo7hRIc.ttf         19.43 kB
2026-10-07T23:15:04.6210402Z examples/react-app/dist/assets/KaTeX_Fraktur-Regular-CB_wures.ttf           19.57 kB
2026-10-07T23:15:04.6211065Z examples/react-app/dist/assets/KaTeX_Fraktur-Bold-BdnERNNW.ttf              19.58 kB
2026-10-07T23:15:04.6211729Z examples/react-app/dist/assets/KaTeX_Main-Italic-BMLOBm91.woff              19.67 kB
2026-10-07T23:15:04.6212372Z examples/react-app/dist/assets/KaTeX_SansSerif-Italic-YYjJ1zSn.ttf          22.36 kB
2026-10-07T23:15:04.6213022Z examples/react-app/dist/assets/KaTeX_SansSerif-Bold-CFMepnvq.ttf            24.50 kB
2026-10-07T23:15:04.6213667Z examples/react-app/dist/assets/KaTeX_Main-Bold-Cx986IdX.woff2               25.32 kB
2026-10-07T23:15:04.6214548Z examples/react-app/dist/assets/KaTeX_Main-Regular-B22Nviop.woff2            26.27 kB
2026-10-07T23:15:04.6215233Z examples/react-app/dist/assets/KaTeX_Typewriter-Regular-D3Ib7_Hf.ttf        27.55 kB
2026-10-07T23:15:04.6215959Z examples/react-app/dist/assets/KaTeX_AMS-Regular-BQhdFMY1.woff2             28.07 kB
2026-10-07T23:15:04.6217060Z examples/react-app/dist/assets/KaTeX_Main-Bold-Jm3AIy58.woff                29.91 kB
2026-10-07T23:15:04.6217930Z examples/react-app/dist/assets/KaTeX_Main-Regular-Dr94JaBh.woff             30.77 kB
2026-10-07T23:15:04.6218593Z examples/react-app/dist/assets/KaTeX_Math-BoldItalic-B3XSjfu4.ttf           31.19 kB
2026-10-07T23:15:04.6219229Z examples/react-app/dist/assets/KaTeX_Math-Italic-flOr_0UB.ttf               31.30 kB
2026-10-07T23:15:04.6219862Z examples/react-app/dist/assets/KaTeX_Main-BoldItalic-DzxPMmG6.ttf           32.96 kB
2026-10-07T23:15:04.6220502Z examples/react-app/dist/assets/KaTeX_AMS-Regular-DMm9YOAa.woff              33.51 kB
2026-10-07T23:15:04.6221131Z examples/react-app/dist/assets/KaTeX_Main-Italic-3WenGoN9.ttf               33.58 kB
2026-10-07T23:15:04.6221762Z examples/react-app/dist/assets/KaTeX_Main-Bold-waoOVXN0.ttf                 51.33 kB
2026-10-07T23:15:04.6222399Z examples/react-app/dist/assets/KaTeX_Main-Regular-ypZvNtVU.ttf              53.58 kB
2026-10-07T23:15:04.6223031Z examples/react-app/dist/assets/KaTeX_AMS-Regular-DRggAlZN.ttf               63.63 kB
2026-10-07T23:15:04.6223970Z examples/react-app/dist/assets/mathReferences-DZkUsBC7.css                   1.44 kB │ gzip:   0.49 kB
2026-10-07T23:15:04.6225227Z examples/react-app/dist/assets/math-renderer-Bzeyzs68.css                    1.92 kB │ gzip:   0.78 kB
2026-10-07T23:15:04.6226098Z examples/react-app/dist/assets/issueEditor-BvOhe8Ue.css                      2.93 kB │ gzip:   1.07 kB
2026-10-07T23:15:04.6226937Z examples/react-app/dist/assets/demo-main-C6B5dMq3.css                        3.51 kB │ gzip:   1.14 kB
2026-10-07T23:15:04.6227761Z examples/react-app/dist/assets/conversionLab-D1_ybtx_.css                    4.49 kB │ gzip:   1.42 kB
2026-10-07T23:15:04.6228605Z examples/react-app/dist/assets/workflows-CUVZY_k3.css                        5.28 kB │ gzip:   1.55 kB
2026-10-07T23:15:04.6229447Z examples/react-app/dist/assets/developers-oZ5wSwzo.css                       7.85 kB │ gzip:   2.20 kB
2026-10-07T23:15:04.6230272Z examples/react-app/dist/assets/demos-8OEply4J.css                           20.89 kB │ gzip:   4.69 kB
2026-10-07T23:15:04.6231081Z examples/react-app/dist/assets/src-B23quapa.css                             28.26 kB │ gzip:   6.30 kB
2026-10-07T23:15:04.6231877Z examples/react-app/dist/assets/katex-QAR1SwR3.css                           30.38 kB │ gzip:   7.96 kB
2026-10-07T23:15:04.6232685Z examples/react-app/dist/assets/styles-D9W2rEJG.css                          80.10 kB │ gzip:  12.22 kB
2026-10-07T23:15:04.6233538Z examples/react-app/dist/assets/math-renderer-D9snoi-1.js                     0.95 kB │ gzip:   0.36 kB
2026-10-07T23:15:04.6234634Z examples/react-app/dist/assets/inline-atom-BLfPalX5-zKeXyvl2.js              1.31 kB │ gzip:   0.62 kB
2026-10-07T23:15:04.6235654Z examples/react-app/dist/assets/workflows-B0fiELdy.js                         4.50 kB │ gzip:   1.58 kB
2026-10-07T23:15:04.6236505Z examples/react-app/dist/assets/node-ids-DKixS49j.js                          6.12 kB │ gzip:   2.44 kB
2026-10-07T23:15:04.6237337Z examples/react-app/dist/assets/mathRenderer-DNuwILnX.js                      6.51 kB │ gzip:   2.77 kB
2026-10-07T23:15:04.6238167Z examples/react-app/dist/assets/demos-CuWppJEq.js                             6.93 kB │ gzip:   2.51 kB
2026-10-07T23:15:04.6238974Z examples/react-app/dist/assets/taskWorkflow-DD_R87_2.js                      7.47 kB │ gzip:   3.00 kB
2026-10-07T23:15:04.6239794Z examples/react-app/dist/assets/issueEditor-HJ7Rjfrt.js                      11.05 kB │ gzip:   4.38 kB
2026-10-07T23:15:04.6240602Z examples/react-app/dist/assets/demos-Bs5m_CXW.js                            20.73 kB │ gzip:   7.89 kB
2026-10-07T23:15:04.6241414Z examples/react-app/dist/assets/svelte-report-nkc3h86W.js                    46.00 kB │ gzip:  18.17 kB
2026-10-07T23:15:04.6242233Z examples/react-app/dist/assets/dist-BmijTxDu.js                             46.27 kB │ gzip:  13.89 kB
2026-10-07T23:15:04.6243046Z examples/react-app/dist/assets/vue-runbook-DqRzn5Gl.js                      59.35 kB │ gzip:  23.63 kB
2026-10-07T23:15:04.6244032Z examples/react-app/dist/assets/conversionLab-BhMl8gmV.js                    59.88 kB │ gzip:  19.70 kB
2026-10-07T23:15:04.6245147Z examples/react-app/dist/assets/demo-main-DiOP_fkV.js                        91.16 kB │ gzip:  28.13 kB
2026-10-07T23:15:04.6246021Z examples/react-app/dist/assets/react-BDAIjAte.js                            92.69 kB │ gzip:  26.27 kB
2026-10-07T23:15:04.6246837Z examples/react-app/dist/assets/developers--j-vqihE.js                      105.23 kB │ gzip:  29.79 kB
2026-10-07T23:15:04.6247648Z examples/react-app/dist/assets/docx-Bgg9WTss.js                            151.98 kB │ gzip:  48.44 kB
2026-10-07T23:15:04.6248468Z examples/react-app/dist/assets/SitePageLink-F6rtmo3i.js                    191.26 kB │ gzip:  60.33 kB
2026-10-07T23:15:04.6249304Z examples/react-app/dist/assets/html-server-BF0_l1tD.js                     212.93 kB │ gzip:  54.31 kB
2026-10-07T23:15:04.6250140Z examples/react-app/dist/assets/AmsConfiguration-D_Kv1FuA.js                243.82 kB │ gzip:  75.29 kB
2026-10-07T23:15:04.6250978Z examples/react-app/dist/assets/katex.min-C7iIJkK6.js                       258.39 kB │ gzip:  77.55 kB
2026-10-07T23:15:04.6251774Z examples/react-app/dist/assets/main-CkcqCCEQ.js                            346.21 kB │ gzip:  98.65 kB
2026-10-07T23:15:04.6252573Z examples/react-app/dist/assets/styles-DHjxuYJ8.js                          421.45 kB │ gzip: 134.42 kB
2026-10-07T23:15:04.6253378Z examples/react-app/dist/assets/campaign-tYUdRYtd.js                        471.28 kB │ gzip: 153.44 kB
2026-10-07T23:15:04.6254212Z examples/react-app/dist/assets/mathReferences-iEexKIE0.js                1,613.86 kB │ gzip: 627.29 kB
2026-10-07T23:15:04.6254841Z 
2026-10-07T23:15:04.6255135Z [33m[plugin builtin:vite-reporter] 
2026-10-07T23:15:04.6255612Z (!) Some chunks are larger than 500 kB after minification. Consider:
2026-10-07T23:15:04.6256122Z - Using dynamic import() to code-split the application
2026-10-07T23:15:04.6256931Z - Use build.rolldownOptions.output.codeSplitting to improve chunking: https://rolldown.rs/reference/OutputOptions.codeSplitting
2026-10-07T23:15:04.6257837Z - Adjust chunk size limit for this warning via build.chunkSizeWarningLimit.[39m
2026-10-07T23:15:04.6258325Z [32m✓ built in 1.48s[39m
2026-10-07T23:15:04.7512963Z ##[group]Run pnpm pack --dry-run
2026-10-07T23:15:04.7513296Z [36;1mpnpm pack --dry-run[0m
2026-10-07T23:15:04.7575204Z shell: /usr/bin/bash -e {0}
2026-10-07T23:15:04.7575452Z env:
2026-10-07T23:15:04.7575710Z   PNPM_HOME: /home/runner/setup-pnpm/node_modules/.bin
2026-10-07T23:15:04.7576093Z   pythonLocation: /opt/hostedtoolcache/Python/3.13.15/x64
2026-10-07T23:15:04.7576525Z   PKG_CONFIG_PATH: /opt/hostedtoolcache/Python/3.13.15/x64/lib/pkgconfig
2026-10-07T23:15:04.7576952Z   Python_ROOT_DIR: /opt/hostedtoolcache/Python/3.13.15/x64
2026-10-07T23:15:04.7577390Z   Python2_ROOT_DIR: /opt/hostedtoolcache/Python/3.13.15/x64
2026-10-07T23:15:04.7577803Z   Python3_ROOT_DIR: /opt/hostedtoolcache/Python/3.13.15/x64
2026-10-07T23:15:04.7578209Z   LD_LIBRARY_PATH: /opt/hostedtoolcache/Python/3.13.15/x64/lib
2026-10-07T23:15:04.7578530Z ##[endgroup]
2026-10-07T23:15:05.5347416Z package: fountainjs-editor@0.4.0-beta.2
2026-10-07T23:15:05.5348298Z Tarball Contents
2026-10-07T23:15:05.5348763Z api-surface.json
2026-10-07T23:15:05.5349153Z CHANGELOG.md
2026-10-07T23:15:05.5349566Z dist/ai-conversation.cjs
2026-10-07T23:15:05.5350065Z dist/ai-conversation.cjs.map
2026-10-07T23:15:05.5350561Z dist/ai-conversation.js
2026-10-07T23:15:05.5351029Z dist/ai-conversation.js.map
2026-10-07T23:15:05.5351636Z dist/ai-document-tools.cjs
2026-10-07T23:15:05.5352179Z dist/ai-document-tools.cjs.map
2026-10-07T23:15:05.5352691Z dist/ai-document-tools.js
2026-10-07T23:15:05.5353288Z dist/ai-document-tools.js.map
2026-10-07T23:15:05.5353796Z dist/ai-generated-media.cjs
2026-10-07T23:15:05.5354672Z dist/ai-generated-media.cjs.map
2026-10-07T23:15:05.5355242Z dist/ai-generated-media.js
2026-10-07T23:15:05.5355731Z dist/ai-generated-media.js.map
2026-10-07T23:15:05.5356591Z dist/ai/controller.d.cts
2026-10-07T23:15:05.5356900Z dist/ai/controller.d.ts
2026-10-07T23:15:05.5357233Z dist/ai/conversation.d.cts
2026-10-07T23:15:05.5357560Z dist/ai/conversation.d.ts
2026-10-07T23:15:05.5357882Z dist/ai/document-tools.d.cts
2026-10-07T23:15:05.5358207Z dist/ai/document-tools.d.ts
2026-10-07T23:15:05.5358527Z dist/ai/generated-media.d.cts
2026-10-07T23:15:05.5358855Z dist/ai/generated-media.d.ts
2026-10-07T23:15:05.5359162Z dist/ai/index.d.cts
2026-10-07T23:15:05.5359428Z dist/ai/index.d.ts
2026-10-07T23:15:05.5359706Z dist/ai/mcp-adapter.d.cts
2026-10-07T23:15:05.5360016Z dist/ai/mcp-adapter.d.ts
2026-10-07T23:15:05.5360326Z dist/ai/types.d.cts
2026-10-07T23:15:05.5360587Z dist/ai/types.d.ts
2026-10-07T23:15:05.5360887Z dist/angular/index.d.ts
2026-10-07T23:15:05.5361198Z dist/angular/index.js
2026-10-07T23:15:05.5361502Z dist/angular/index.js.map
2026-10-07T23:15:05.5361859Z dist/collaboration-BubriAbK.js
2026-10-07T23:15:05.5362256Z dist/collaboration-BubriAbK.js.map
2026-10-07T23:15:05.5362661Z dist/collaboration-core-6QLxBCsv.cjs
2026-10-07T23:15:05.5363074Z dist/collaboration-core-6QLxBCsv.cjs.map
2026-10-07T23:15:05.5363483Z dist/collaboration-core-B-I53ZbT.js
2026-10-07T23:15:05.5363973Z dist/collaboration-core-B-I53ZbT.js.map
2026-10-07T23:15:05.5364819Z dist/collaboration-DHfWMt2l.cjs
2026-10-07T23:15:05.5365329Z dist/collaboration-DHfWMt2l.cjs.map
2026-10-07T23:15:05.5365693Z dist/command-manager-CSDUCeVE.js
2026-10-07T23:15:05.5366057Z dist/command-manager-CSDUCeVE.js.map
2026-10-07T23:15:05.5366402Z dist/command-manager-DU4ahU5C.cjs
2026-10-07T23:15:05.5366729Z dist/command-manager-DU4ahU5C.cjs.map
2026-10-07T23:15:05.5367052Z dist/commands-BYHInNXB.cjs
2026-10-07T23:15:05.5367358Z dist/commands-BYHInNXB.cjs.map
2026-10-07T23:15:05.5367648Z dist/commands-w_EHMhjo.js
2026-10-07T23:15:05.5367921Z dist/commands-w_EHMhjo.js.map
2026-10-07T23:15:05.5368177Z dist/comments.cjs
2026-10-07T23:15:05.5368423Z dist/comments.cjs.map
2026-10-07T23:15:05.5368672Z dist/comments.js
2026-10-07T23:15:05.5368917Z dist/comments.js.map
2026-10-07T23:15:05.5369159Z dist/comments/index.d.cts
2026-10-07T23:15:05.5369429Z dist/comments/index.d.ts
2026-10-07T23:15:05.5369742Z dist/content-expression-CuobUc-r.js
2026-10-07T23:15:05.5370373Z dist/content-expression-CuobUc-r.js.map
2026-10-07T23:15:05.5370776Z dist/content-expression-YXcFdjFU.cjs
2026-10-07T23:15:05.5371164Z dist/content-expression-YXcFdjFU.cjs.map
2026-10-07T23:15:05.5371474Z dist/core.cjs
2026-10-07T23:15:05.5371697Z dist/core.js
2026-10-07T23:15:05.5371932Z dist/core/commands.d.cts
2026-10-07T23:15:05.5372201Z dist/core/commands.d.ts
2026-10-07T23:15:05.5372469Z dist/core/decoration.d.cts
2026-10-07T23:15:05.5372748Z dist/core/decoration.d.ts
2026-10-07T23:15:05.5373011Z dist/core/editor.d.cts
2026-10-07T23:15:05.5373244Z dist/core/editor.d.ts
2026-10-07T23:15:05.5373543Z dist/core/explicit-emphasis.d.cts
2026-10-07T23:15:05.5373891Z dist/core/explicit-emphasis.d.ts
2026-10-07T23:15:05.5374237Z dist/core/exporters/html-exporter.d.cts
2026-10-07T23:15:05.5375175Z dist/core/exporters/html-exporter.d.ts
2026-10-07T23:15:05.5375559Z dist/core/exporters/json-exporter.d.cts
2026-10-07T23:15:05.5375941Z dist/core/exporters/json-exporter.d.ts
2026-10-07T23:15:05.5376320Z dist/core/exporters/markdown-exporter.d.cts
2026-10-07T23:15:05.5376713Z dist/core/exporters/markdown-exporter.d.ts
2026-10-07T23:15:05.5377381Z dist/core/exporters/text-exporter.d.cts
2026-10-07T23:15:05.5378059Z dist/core/exporters/text-exporter.d.ts
2026-10-07T23:15:05.5378421Z dist/core/html-comment.d.cts
2026-10-07T23:15:05.5378720Z dist/core/html-comment.d.ts
2026-10-07T23:15:05.5379002Z dist/core/html-flow.d.cts
2026-10-07T23:15:05.5379327Z dist/core/html-flow.d.ts
2026-10-07T23:15:05.5379605Z dist/core/image-caption.d.cts
2026-10-07T23:15:05.5379899Z dist/core/image-caption.d.ts
2026-10-07T23:15:05.5380177Z dist/core/image.d.cts
2026-10-07T23:15:05.5380430Z dist/core/image.d.ts
2026-10-07T23:15:05.5380762Z dist/core/importers/html-definition-list.d.cts
2026-10-07T23:15:05.5381442Z dist/core/importers/html-definition-list.d.ts
2026-10-07T23:15:05.5381838Z dist/core/importers/html-importer.d.cts
2026-10-07T23:15:05.5382196Z dist/core/importers/html-importer.d.ts
2026-10-07T23:15:05.5382560Z dist/core/importers/html-link-url.d.cts
2026-10-07T23:15:05.5382936Z dist/core/importers/html-link-url.d.ts
2026-10-07T23:15:05.5383278Z dist/core/importers/html-list.d.cts
2026-10-07T23:15:05.5383612Z dist/core/importers/html-list.d.ts
2026-10-07T23:15:05.5383999Z dist/core/importers/html-page-settings.d.cts
2026-10-07T23:15:05.5384671Z dist/core/importers/html-page-settings.d.ts
2026-10-07T23:15:05.5385089Z dist/core/importers/html-table.d.cts
2026-10-07T23:15:05.5385433Z dist/core/importers/html-table.d.ts
2026-10-07T23:15:05.5385792Z dist/core/importers/markdown-importer.d.cts
2026-10-07T23:15:05.5386168Z dist/core/importers/markdown-importer.d.ts
2026-10-07T23:15:05.5386506Z dist/core/index.d.cts
2026-10-07T23:15:05.5386761Z dist/core/index.d.ts
2026-10-07T23:15:05.5387056Z dist/core/link-destination.d.cts
2026-10-07T23:15:05.5387382Z dist/core/link-destination.d.ts
2026-10-07T23:15:05.5387726Z dist/core/markdown-entities.d.cts
2026-10-07T23:15:05.5388054Z dist/core/markdown-entities.d.ts
2026-10-07T23:15:05.5388358Z dist/core/markdown-html.d.cts
2026-10-07T23:15:05.5388649Z dist/core/markdown-html.d.ts
2026-10-07T23:15:05.5388935Z dist/core/markdown-tex.d.cts
2026-10-07T23:15:05.5389217Z dist/core/markdown-tex.d.ts
2026-10-07T23:15:05.5389529Z dist/core/math-expression.d.cts
2026-10-07T23:15:05.5389843Z dist/core/math-expression.d.ts
2026-10-07T23:15:05.5390137Z dist/core/page-settings.d.cts
2026-10-07T23:15:05.5390447Z dist/core/page-settings.d.ts
2026-10-07T23:15:05.5390751Z dist/core/paragraph-layout.d.cts
2026-10-07T23:15:05.5391071Z dist/core/paragraph-layout.d.ts
2026-10-07T23:15:05.5391361Z dist/core/platform.d.cts
2026-10-07T23:15:05.5391639Z dist/core/platform.d.ts
2026-10-07T23:15:05.5391896Z dist/core/plugin.d.cts
2026-10-07T23:15:05.5392149Z dist/core/plugin.d.ts
2026-10-07T23:15:05.5392465Z dist/core/schema/content-expression.d.cts
2026-10-07T23:15:05.5392837Z dist/core/schema/content-expression.d.ts
2026-10-07T23:15:05.5393157Z dist/core/schema/index.d.cts
2026-10-07T23:15:05.5393442Z dist/core/schema/index.d.ts
2026-10-07T23:15:05.5393921Z dist/core/schema/mark-spec.d.cts
2026-10-07T23:15:05.5394250Z dist/core/schema/mark-spec.d.ts
2026-10-07T23:15:05.5394828Z dist/core/schema/mark.d.cts
2026-10-07T23:15:05.5395122Z dist/core/schema/mark.d.ts
2026-10-07T23:15:05.5395424Z dist/core/schema/node-spec.d.cts
2026-10-07T23:15:05.5395734Z dist/core/schema/node-spec.d.ts
2026-10-07T23:15:05.5396044Z dist/core/schema/node.d.cts
2026-10-07T23:15:05.5396318Z dist/core/schema/node.d.ts
2026-10-07T23:15:05.5396623Z dist/core/schema/schema.d.cts
2026-10-07T23:15:05.5396913Z dist/core/schema/schema.d.ts
2026-10-07T23:15:05.5397165Z dist/core/search.d.cts
2026-10-07T23:15:05.5397418Z dist/core/search.d.ts
2026-10-07T23:15:05.5397679Z dist/core/selection.d.cts
2026-10-07T23:15:05.5397947Z dist/core/selection.d.ts
2026-10-07T23:15:05.5398218Z dist/core/state.d.cts
2026-10-07T23:15:05.5398468Z dist/core/state.d.ts
2026-10-07T23:15:05.5398765Z dist/core/structure-commands.d.cts
2026-10-07T23:15:05.5399101Z dist/core/structure-commands.d.ts
2026-10-07T23:15:05.5399433Z dist/core/table-appearance.d.cts
2026-10-07T23:15:05.5399783Z dist/core/table-appearance.d.ts
2026-10-07T23:15:05.5400099Z dist/core/table-background.d.cts
2026-10-07T23:15:05.5400415Z dist/core/table-background.d.ts
2026-10-07T23:15:05.5400729Z dist/core/table-commands.d.cts
2026-10-07T23:15:05.5401021Z dist/core/table-commands.d.ts
2026-10-07T23:15:05.5401307Z dist/core/table-layout.d.cts
2026-10-07T23:15:05.5401594Z dist/core/table-layout.d.ts
2026-10-07T23:15:05.5401874Z dist/core/table-map.d.cts
2026-10-07T23:15:05.5402146Z dist/core/table-map.d.ts
2026-10-07T23:15:05.5402416Z dist/core/table-width.d.cts
2026-10-07T23:15:05.5402692Z dist/core/table-width.d.ts
2026-10-07T23:15:05.5402962Z dist/core/tex-table.d.cts
2026-10-07T23:15:05.5403379Z dist/core/tex-table.d.ts
2026-10-07T23:15:05.5403682Z dist/core/text-direction.d.cts
2026-10-07T23:15:05.5403975Z dist/core/text-direction.d.ts
2026-10-07T23:15:05.5404442Z dist/core/text-replacement-selection.d.cts
2026-10-07T23:15:05.5404874Z dist/core/text-replacement-selection.d.ts
2026-10-07T23:15:05.5405251Z dist/core/transaction/add-mark-step.d.cts
2026-10-07T23:15:05.5405617Z dist/core/transaction/add-mark-step.d.ts
2026-10-07T23:15:05.5405982Z dist/core/transaction/index.d.cts
2026-10-07T23:15:05.5406302Z dist/core/transaction/index.d.ts
2026-10-07T23:15:05.5406658Z dist/core/transaction/insert-text-step.d.cts
2026-10-07T23:15:05.5407047Z dist/core/transaction/insert-text-step.d.ts
2026-10-07T23:15:05.5407441Z dist/core/transaction/mapping.d.cts
2026-10-07T23:15:05.5407775Z dist/core/transaction/mapping.d.ts
2026-10-07T23:15:05.5408125Z dist/core/transaction/mark-range-step.d.cts
2026-10-07T23:15:05.5408519Z dist/core/transaction/mark-range-step.d.ts
2026-10-07T23:15:05.5408868Z dist/core/transaction/path.d.cts
2026-10-07T23:15:05.5409188Z dist/core/transaction/path.d.ts
2026-10-07T23:15:05.5409537Z dist/core/transaction/remove-mark-step.d.cts
2026-10-07T23:15:05.5409963Z dist/core/transaction/remove-mark-step.d.ts
2026-10-07T23:15:05.5410375Z dist/core/transaction/replace-document-step.d.cts
2026-10-07T23:15:05.5410822Z dist/core/transaction/replace-document-step.d.ts
2026-10-07T23:15:05.5411230Z dist/core/transaction/replace-node-step.d.cts
2026-10-07T23:15:05.5411648Z dist/core/transaction/replace-node-step.d.ts
2026-10-07T23:15:05.5412027Z dist/core/transaction/replace-step.d.cts
2026-10-07T23:15:05.5412388Z dist/core/transaction/replace-step.d.ts
2026-10-07T23:15:05.5412802Z dist/core/transaction/replace-text-range-step.d.cts
2026-10-07T23:15:05.5413257Z dist/core/transaction/replace-text-range-step.d.ts
2026-10-07T23:15:05.5413688Z dist/core/transaction/replace-text-step.d.cts
2026-10-07T23:15:05.5414080Z dist/core/transaction/replace-text-step.d.ts
2026-10-07T23:15:05.5414875Z dist/core/transaction/set-node-attrs-step.d.cts
2026-10-07T23:15:05.5415341Z dist/core/transaction/set-node-attrs-step.d.ts
2026-10-07T23:15:05.5415765Z dist/core/transaction/step.d.cts
2026-10-07T23:15:05.5416084Z dist/core/transaction/step.d.ts
2026-10-07T23:15:05.5416573Z dist/core/transaction/transaction.d.cts
2026-10-07T23:15:05.5416952Z dist/core/transaction/transaction.d.ts
2026-10-07T23:15:05.5417306Z dist/core/transaction/transform.d.cts
2026-10-07T23:15:05.5417669Z dist/core/transaction/transform.d.ts
2026-10-07T23:15:05.5418013Z dist/core/unicode-case-fold-data.d.cts
2026-10-07T23:15:05.5418361Z dist/core/unicode-case-fold-data.d.ts
2026-10-07T23:15:05.5418704Z dist/core/unicode-case-fold.d.cts
2026-10-07T23:15:05.5419046Z dist/core/unicode-case-fold.d.ts
2026-10-07T23:15:05.5419326Z dist/core/url.d.cts
2026-10-07T23:15:05.5419549Z dist/core/url.d.ts
2026-10-07T23:15:05.5419817Z dist/decoration-CuT1b7BC.js
2026-10-07T23:15:05.5420147Z dist/decoration-CuT1b7BC.js.map
2026-10-07T23:15:05.5420447Z dist/decoration-jVx4B2Pl.cjs
2026-10-07T23:15:05.5420772Z dist/decoration-jVx4B2Pl.cjs.map
2026-10-07T23:15:05.5421043Z dist/details.cjs
2026-10-07T23:15:05.5421282Z dist/details.cjs.map
2026-10-07T23:15:05.5421521Z dist/details.js
2026-10-07T23:15:05.5421759Z dist/details.js.map
2026-10-07T23:15:05.5421992Z dist/details/index.d.cts
2026-10-07T23:15:05.5422263Z dist/details/index.d.ts
2026-10-07T23:15:05.5422534Z dist/document-utilities.cjs
2026-10-07T23:15:05.5422859Z dist/document-utilities.cjs.map
2026-10-07T23:15:05.5423161Z dist/document-utilities.d.cts
2026-10-07T23:15:05.5423464Z dist/document-utilities.d.ts
2026-10-07T23:15:05.5423750Z dist/document-utilities.js
2026-10-07T23:15:05.5424056Z dist/document-utilities.js.map
2026-10-07T23:15:05.5424594Z dist/docx.cjs
2026-10-07T23:15:05.5424858Z dist/docx.cjs.map
2026-10-07T23:15:05.5425096Z dist/docx.js
2026-10-07T23:15:05.5425322Z dist/docx.js.map
2026-10-07T23:15:05.5425564Z dist/docx/index.d.cts
2026-10-07T23:15:05.5425800Z dist/docx/index.d.ts
2026-10-07T23:15:05.5426334Z dist/docx/math-parser.d.cts
2026-10-07T23:15:05.5426623Z dist/docx/math-parser.d.ts
2026-10-07T23:15:05.5426891Z dist/docx/math.d.cts
2026-10-07T23:15:05.5427131Z dist/docx/math.d.ts
2026-10-07T23:15:05.5427416Z dist/docx/paragraph-style.d.cts
2026-10-07T23:15:05.5427732Z dist/docx/paragraph-style.d.ts
2026-10-07T23:15:05.5428024Z dist/docx/style-cascade.d.cts
2026-10-07T23:15:05.5428334Z dist/docx/style-cascade.d.ts
2026-10-07T23:15:05.5428642Z dist/docx/style-projection.d.cts
2026-10-07T23:15:05.5428961Z dist/docx/style-projection.d.ts
2026-10-07T23:15:05.5429252Z dist/docx/style-reader.d.cts
2026-10-07T23:15:05.5429538Z dist/docx/style-reader.d.ts
2026-10-07T23:15:05.5429837Z dist/docx/table-appearance.d.cts
2026-10-07T23:15:05.5430151Z dist/docx/table-appearance.d.ts
2026-10-07T23:15:05.5430442Z dist/docx/table-style.d.cts
2026-10-07T23:15:05.5430717Z dist/docx/table-style.d.ts
2026-10-07T23:15:05.5430987Z dist/docx/table-text.d.cts
2026-10-07T23:15:05.5431264Z dist/docx/table-text.d.ts
2026-10-07T23:15:05.5431546Z dist/docx/table-width.d.cts
2026-10-07T23:15:05.5431821Z dist/docx/table-width.d.ts
2026-10-07T23:15:05.5432095Z dist/docx/theme-fonts.d.cts
2026-10-07T23:15:05.5432366Z dist/docx/theme-fonts.d.ts
2026-10-07T23:15:05.5432638Z dist/docx/xml-parser.d.cts
2026-10-07T23:15:05.5432910Z dist/docx/xml-parser.d.ts
2026-10-07T23:15:05.5433203Z dist/docx/xml-types.d.cts
2026-10-07T23:15:05.5433470Z dist/docx/xml-types.d.ts
2026-10-07T23:15:05.5433741Z dist/editor-Ce4QfnkJ.cjs
2026-10-07T23:15:05.5434033Z dist/editor-Ce4QfnkJ.cjs.map
2026-10-07T23:15:05.5434553Z dist/editor-CMX7ABLq.js
2026-10-07T23:15:05.5434872Z dist/editor-CMX7ABLq.js.map
2026-10-07T23:15:05.5435176Z dist/emoji-BLc7FfQa.cjs
2026-10-07T23:15:05.5435453Z dist/emoji-BLc7FfQa.cjs.map
2026-10-07T23:15:05.5435718Z dist/emoji-data.cjs
2026-10-07T23:15:05.5435963Z dist/emoji-data.cjs.map
2026-10-07T23:15:05.5436210Z dist/emoji-data.d.cts
2026-10-07T23:15:05.5436464Z dist/emoji-data.d.ts
2026-10-07T23:15:05.5436710Z dist/emoji-data.js
2026-10-07T23:15:05.5436976Z dist/emoji-data.js.map
2026-10-07T23:15:05.5437299Z dist/emoji-zGHF1q7N.js
2026-10-07T23:15:05.5437596Z dist/emoji-zGHF1q7N.js.map
2026-10-07T23:15:05.5437907Z dist/extension-Cfbujo9B.js
2026-10-07T23:15:05.5438365Z dist/extension-Cfbujo9B.js.map
2026-10-07T23:15:05.5438649Z dist/extension-Sb4ErwsF.cjs
2026-10-07T23:15:05.5438941Z dist/extension-Sb4ErwsF.cjs.map
2026-10-07T23:15:05.5439213Z dist/extensions-B5WP4oql.cjs
2026-10-07T23:15:05.5439533Z dist/extensions-B5WP4oql.cjs.map
2026-10-07T23:15:05.5439810Z dist/extensions-jYTJ2yTI.js
2026-10-07T23:15:05.5440117Z dist/extensions-jYTJ2yTI.js.map
2026-10-07T23:15:05.5440517Z dist/extensions/character-count.d.cts
2026-10-07T23:15:05.5440985Z dist/extensions/character-count.d.ts
2026-10-07T23:15:05.5441328Z dist/extensions/clipboard-history.d.cts
2026-10-07T23:15:05.5441673Z dist/extensions/clipboard-history.d.ts
2026-10-07T23:15:05.5442014Z dist/extensions/collaboration-core.d.cts
2026-10-07T23:15:05.5442359Z dist/extensions/collaboration-core.d.ts
2026-10-07T23:15:05.5442693Z dist/extensions/collaboration.d.cts
2026-10-07T23:15:05.5443007Z dist/extensions/collaboration.d.ts
2026-10-07T23:15:05.5443328Z dist/extensions/command-manager.d.cts
2026-10-07T23:15:05.5443653Z dist/extensions/command-manager.d.ts
2026-10-07T23:15:05.5443940Z dist/extensions/emoji.d.cts
2026-10-07T23:15:05.5444196Z dist/extensions/emoji.d.ts
2026-10-07T23:15:05.5444904Z dist/extensions/extension.d.cts
2026-10-07T23:15:05.5445421Z dist/extensions/extension.d.ts
2026-10-07T23:15:05.5446022Z dist/extensions/floating-menu.d.cts
2026-10-07T23:15:05.5446682Z dist/extensions/floating-menu.d.ts
2026-10-07T23:15:05.5447127Z dist/extensions/html-comments.d.cts
2026-10-07T23:15:05.5447446Z dist/extensions/html-comments.d.ts
2026-10-07T23:15:05.5447797Z dist/extensions/html-containers.d.cts
2026-10-07T23:15:05.5448118Z dist/extensions/html-containers.d.ts
2026-10-07T23:15:05.5448431Z dist/extensions/html-flow.d.cts
2026-10-07T23:15:05.5448724Z dist/extensions/html-flow.d.ts
2026-10-07T23:15:05.5449177Z dist/extensions/index.d.cts
2026-10-07T23:15:05.5449434Z dist/extensions/index.d.ts
2026-10-07T23:15:05.5449722Z dist/extensions/inline-atom.d.cts
2026-10-07T23:15:05.5450032Z dist/extensions/inline-atom.d.ts
2026-10-07T23:15:05.5450308Z dist/extensions/lean.d.cts
2026-10-07T23:15:05.5450555Z dist/extensions/lean.d.ts
2026-10-07T23:15:05.5450841Z dist/extensions/link-behavior.d.cts
2026-10-07T23:15:05.5451151Z dist/extensions/link-behavior.d.ts
2026-10-07T23:15:05.5451449Z dist/extensions/marks/code.d.cts
2026-10-07T23:15:05.5451741Z dist/extensions/marks/code.d.ts
2026-10-07T23:15:05.5452021Z dist/extensions/marks/em.d.cts
2026-10-07T23:15:05.5452288Z dist/extensions/marks/em.d.ts
2026-10-07T23:15:05.5452595Z dist/extensions/marks/font-family.d.cts
2026-10-07T23:15:05.5452923Z dist/extensions/marks/font-family.d.ts
2026-10-07T23:15:05.5453245Z dist/extensions/marks/font-size.d.cts
2026-10-07T23:15:05.5453556Z dist/extensions/marks/font-size.d.ts
2026-10-07T23:15:05.5453874Z dist/extensions/marks/highlight.d.cts
2026-10-07T23:15:05.5454196Z dist/extensions/marks/highlight.d.ts
2026-10-07T23:15:05.5454878Z dist/extensions/marks/letter-spacing.d.cts
2026-10-07T23:15:05.5455247Z dist/extensions/marks/letter-spacing.d.ts
2026-10-07T23:15:05.5455594Z dist/extensions/marks/line-height.d.cts
2026-10-07T23:15:05.5455921Z dist/extensions/marks/line-height.d.ts
2026-10-07T23:15:05.5456237Z dist/extensions/marks/link.d.cts
2026-10-07T23:15:05.5456527Z dist/extensions/marks/link.d.ts
2026-10-07T23:15:05.5456823Z dist/extensions/marks/strike.d.cts
2026-10-07T23:15:05.5457127Z dist/extensions/marks/strike.d.ts
2026-10-07T23:15:05.5457428Z dist/extensions/marks/strong.d.cts
2026-10-07T23:15:05.5457729Z dist/extensions/marks/strong.d.ts
2026-10-07T23:15:05.5458049Z dist/extensions/marks/subscript.d.cts
2026-10-07T23:15:05.5458370Z dist/extensions/marks/subscript.d.ts
2026-10-07T23:15:05.5458691Z dist/extensions/marks/superscript.d.cts
2026-10-07T23:15:05.5459018Z dist/extensions/marks/superscript.d.ts
2026-10-07T23:15:05.5459351Z dist/extensions/marks/text-color.d.cts
2026-10-07T23:15:05.5459841Z dist/extensions/marks/text-color.d.ts
2026-10-07T23:15:05.5460462Z dist/extensions/marks/underline.d.cts
2026-10-07T23:15:05.5461258Z dist/extensions/marks/underline.d.ts
2026-10-07T23:15:05.5461832Z dist/extensions/math.d.cts
2026-10-07T23:15:05.5462257Z dist/extensions/math.d.ts
2026-10-07T23:15:05.5462681Z dist/extensions/media.d.cts
2026-10-07T23:15:05.5463106Z dist/extensions/media.d.ts
2026-10-07T23:15:05.5463526Z dist/extensions/mention.d.cts
2026-10-07T23:15:05.5463973Z dist/extensions/mention.d.ts
2026-10-07T23:15:05.5464697Z dist/extensions/nodes/blockquote.d.cts
2026-10-07T23:15:05.5465252Z dist/extensions/nodes/blockquote.d.ts
2026-10-07T23:15:05.5465803Z dist/extensions/nodes/bullet-list.d.cts
2026-10-07T23:15:05.5466371Z dist/extensions/nodes/bullet-list.d.ts
2026-10-07T23:15:05.5466928Z dist/extensions/nodes/code-block.d.cts
2026-10-07T23:15:05.5467479Z dist/extensions/nodes/code-block.d.ts
2026-10-07T23:15:05.5468076Z dist/extensions/nodes/definition-list.d.cts
2026-10-07T23:15:05.5468699Z dist/extensions/nodes/definition-list.d.ts
2026-10-07T23:15:05.5469264Z dist/extensions/nodes/doc.d.cts
2026-10-07T23:15:05.5469774Z dist/extensions/nodes/doc.d.ts
2026-10-07T23:15:05.5470302Z dist/extensions/nodes/figcaption.d.cts
2026-10-07T23:15:05.5470872Z dist/extensions/nodes/figcaption.d.ts
2026-10-07T23:15:05.5471420Z dist/extensions/nodes/hard-break.d.cts
2026-10-07T23:15:05.5488591Z dist/extensions/nodes/hard-break.d.ts
2026-10-07T23:15:05.5489150Z dist/extensions/nodes/heading.d.cts
2026-10-07T23:15:05.5489699Z dist/extensions/nodes/heading.d.ts
2026-10-07T23:15:05.5490239Z dist/extensions/nodes/horizontal-rule.d.cts
2026-10-07T23:15:05.5490796Z dist/extensions/nodes/horizontal-rule.d.ts
2026-10-07T23:15:05.5491362Z dist/extensions/nodes/image-attributes.d.cts
2026-10-07T23:15:05.5491933Z dist/extensions/nodes/image-attributes.d.ts
2026-10-07T23:15:05.5492482Z dist/extensions/nodes/image-node-view.d.cts
2026-10-07T23:15:05.5493256Z dist/extensions/nodes/image-node-view.d.ts
2026-10-07T23:15:05.5493815Z dist/extensions/nodes/image-super.d.cts
2026-10-07T23:15:05.5494587Z dist/extensions/nodes/image-super.d.ts
2026-10-07T23:15:05.5495139Z dist/extensions/nodes/inline-image.d.cts
2026-10-07T23:15:05.5495731Z dist/extensions/nodes/inline-image.d.ts
2026-10-07T23:15:05.5496373Z dist/extensions/nodes/list-item.d.cts
2026-10-07T23:15:05.5496973Z dist/extensions/nodes/list-item.d.ts
2026-10-07T23:15:05.5497556Z dist/extensions/nodes/ordered-list.d.cts
2026-10-07T23:15:05.5498130Z dist/extensions/nodes/ordered-list.d.ts
2026-10-07T23:15:05.5498686Z dist/extensions/nodes/paragraph.d.cts
2026-10-07T23:15:05.5499226Z dist/extensions/nodes/paragraph.d.ts
2026-10-07T23:15:05.5499800Z dist/extensions/nodes/table-cell-view.d.cts
2026-10-07T23:15:05.5500419Z dist/extensions/nodes/table-cell-view.d.ts
2026-10-07T23:15:05.5500984Z dist/extensions/nodes/table-cell.d.cts
2026-10-07T23:15:05.5501481Z dist/extensions/nodes/table-cell.d.ts
2026-10-07T23:15:05.5502001Z dist/extensions/nodes/table-header.d.cts
2026-10-07T23:15:05.5502525Z dist/extensions/nodes/table-header.d.ts
2026-10-07T23:15:05.5503069Z dist/extensions/nodes/table-row.d.cts
2026-10-07T23:15:05.5503624Z dist/extensions/nodes/table-row.d.ts
2026-10-07T23:15:05.5504163Z dist/extensions/nodes/table.d.cts
2026-10-07T23:15:05.5504947Z dist/extensions/nodes/table.d.ts
2026-10-07T23:15:05.5505500Z dist/extensions/nodes/task-item.d.cts
2026-10-07T23:15:05.5506048Z dist/extensions/nodes/task-item.d.ts
2026-10-07T23:15:05.5506541Z dist/extensions/nodes/task-list.d.cts
2026-10-07T23:15:05.5507029Z dist/extensions/nodes/task-list.d.ts
2026-10-07T23:15:05.5507505Z dist/extensions/nodes/text.d.cts
2026-10-07T23:15:05.5507960Z dist/extensions/nodes/text.d.ts
2026-10-07T23:15:05.5508447Z dist/extensions/plugins/history.d.cts
2026-10-07T23:15:05.5508979Z dist/extensions/plugins/history.d.ts
2026-10-07T23:15:05.5509553Z dist/extensions/plugins/input-rules.d.cts
2026-10-07T23:15:05.5510164Z dist/extensions/plugins/input-rules.d.ts
2026-10-07T23:15:05.5510821Z dist/extensions/plugins/markdown-shortcuts.d.cts
2026-10-07T23:15:05.5511511Z dist/extensions/plugins/markdown-shortcuts.d.ts
2026-10-07T23:15:05.5512349Z dist/extensions/plugins/mcp-integration.d.cts
2026-10-07T23:15:05.5513058Z dist/extensions/plugins/mcp-integration.d.ts
2026-10-07T23:15:05.5513705Z dist/extensions/plugins/paste-rules.d.cts
2026-10-07T23:15:05.5514487Z dist/extensions/plugins/paste-rules.d.ts
2026-10-07T23:15:05.5515040Z dist/extensions/plugins/syntax-highlight.d.cts
2026-10-07T23:15:05.5515440Z dist/extensions/plugins/syntax-highlight.d.ts
2026-10-07T23:15:05.5515821Z dist/extensions/plugins/table-editing.d.cts
2026-10-07T23:15:05.5516207Z dist/extensions/plugins/table-editing.d.ts
2026-10-07T23:15:05.5516560Z dist/extensions/slash-command.d.cts
2026-10-07T23:15:05.5516883Z dist/extensions/slash-command.d.ts
2026-10-07T23:15:05.5517202Z dist/extensions/suggestion.d.cts
2026-10-07T23:15:05.5517507Z dist/extensions/suggestion.d.ts
2026-10-07T23:15:05.5517867Z dist/extensions/trailing-editable-block.d.cts
2026-10-07T23:15:05.5518387Z dist/extensions/trailing-editable-block.d.ts
2026-10-07T23:15:05.5519039Z dist/extensions/typography.d.cts
2026-10-07T23:15:05.5519584Z dist/extensions/typography.d.ts
2026-10-07T23:15:05.5520066Z dist/headless/index.d.cts
2026-10-07T23:15:05.5520443Z dist/headless/index.d.ts
2026-10-07T23:15:05.5520714Z dist/history-C1iHQbdz.cjs
2026-10-07T23:15:05.5520986Z dist/history-C1iHQbdz.cjs.map
2026-10-07T23:15:05.5521271Z dist/history-CluGKD04.js
2026-10-07T23:15:05.5521539Z dist/history-CluGKD04.js.map
2026-10-07T23:15:05.5521833Z dist/html-flow-0iqE4lWW.cjs
2026-10-07T23:15:05.5522133Z dist/html-flow-0iqE4lWW.cjs.map
2026-10-07T23:15:05.5522417Z dist/html-flow-BJslUvJk.js
2026-10-07T23:15:05.5522709Z dist/html-flow-BJslUvJk.js.map
2026-10-07T23:15:05.5522973Z dist/html-inert.cjs
2026-10-07T23:15:05.5523209Z dist/html-inert.cjs.map
2026-10-07T23:15:05.5523451Z dist/html-inert.js
2026-10-07T23:15:05.5523856Z dist/html-inert.js.map
2026-10-07T23:15:05.5524145Z dist/html-page-settings-C1un4UNO.js
2026-10-07T23:15:05.5524882Z dist/html-page-settings-C1un4UNO.js.map
2026-10-07T23:15:05.5525445Z dist/html-page-settings-CYNBUfR_.cjs
2026-10-07T23:15:05.5525983Z dist/html-page-settings-CYNBUfR_.cjs.map
2026-10-07T23:15:05.5526450Z dist/html-server.cjs
2026-10-07T23:15:05.5526710Z dist/html-server.cjs.map
2026-10-07T23:15:05.5526957Z dist/html-server.js
2026-10-07T23:15:05.5527192Z dist/html-server.js.map
2026-10-07T23:15:05.5527439Z dist/html/inert.d.cts
2026-10-07T23:15:05.5527674Z dist/html/inert.d.ts
2026-10-07T23:15:05.5527905Z dist/html/server.d.cts
2026-10-07T23:15:05.5528141Z dist/html/server.d.ts
2026-10-07T23:15:05.5528353Z dist/index.cjs
2026-10-07T23:15:05.5528570Z dist/index.cjs.map
2026-10-07T23:15:05.5528781Z dist/index.d.cts
2026-10-07T23:15:05.5528995Z dist/index.d.ts
2026-10-07T23:15:05.5529199Z dist/index.js
2026-10-07T23:15:05.5529412Z dist/index.js.map
2026-10-07T23:15:05.5529664Z dist/inline-atom-BLfPalX5.js
2026-10-07T23:15:05.5529976Z dist/inline-atom-BLfPalX5.js.map
2026-10-07T23:15:05.5530268Z dist/inline-atom-Cg88XSNe.cjs
2026-10-07T23:15:05.5530577Z dist/inline-atom-Cg88XSNe.cjs.map
2026-10-07T23:15:05.5530875Z dist/input-rules-EH0whXGW.js
2026-10-07T23:15:05.5531168Z dist/input-rules-EH0whXGW.js.map
2026-10-07T23:15:05.5531455Z dist/input-rules-HXvPuvbc.cjs
2026-10-07T23:15:05.5531753Z dist/input-rules-HXvPuvbc.cjs.map
2026-10-07T23:15:05.5532027Z dist/integrity-dom.cjs
2026-10-07T23:15:05.5532276Z dist/integrity-dom.cjs.map
2026-10-07T23:15:05.5532532Z dist/integrity-dom.js
2026-10-07T23:15:05.5532775Z dist/integrity-dom.js.map
2026-10-07T23:15:05.5533019Z dist/integrity.cjs
2026-10-07T23:15:05.5533253Z dist/integrity.cjs.map
2026-10-07T23:15:05.5533483Z dist/integrity.js
2026-10-07T23:15:05.5533708Z dist/integrity.js.map
2026-10-07T23:15:05.5533950Z dist/integrity/dom.d.cts
2026-10-07T23:15:05.5534198Z dist/integrity/dom.d.ts
2026-10-07T23:15:05.5534700Z dist/integrity/index.d.cts
2026-10-07T23:15:05.5534979Z dist/integrity/index.d.ts
2026-10-07T23:15:05.5535233Z dist/lean/controller.d.cts
2026-10-07T23:15:05.5535495Z dist/lean/controller.d.ts
2026-10-07T23:15:05.5535746Z dist/lean/diagnostics.d.cts
2026-10-07T23:15:05.5536151Z dist/lean/diagnostics.d.ts
2026-10-07T23:15:05.5536420Z dist/lean/index.d.cts
2026-10-07T23:15:05.5536649Z dist/lean/index.d.ts
2026-10-07T23:15:05.5536886Z dist/lean/info-view.d.cts
2026-10-07T23:15:05.5537144Z dist/lean/info-view.d.ts
2026-10-07T23:15:05.5537438Z dist/lean/loopback-provider.d.cts
2026-10-07T23:15:05.5537754Z dist/lean/loopback-provider.d.ts
2026-10-07T23:15:05.5538024Z dist/lean/types.d.cts
2026-10-07T23:15:05.5538264Z dist/lean/types.d.ts
2026-10-07T23:15:05.5538531Z dist/link-behavior-AA_G2wF4.cjs
2026-10-07T23:15:05.5538842Z dist/link-behavior-AA_G2wF4.cjs.map
2026-10-07T23:15:05.5539166Z dist/link-behavior-RZK2W19-.js
2026-10-07T23:15:05.5539474Z dist/link-behavior-RZK2W19-.js.map
2026-10-07T23:15:05.5539793Z dist/link-destination-3p4Of17h.cjs
2026-10-07T23:15:05.5540135Z dist/link-destination-3p4Of17h.cjs.map
2026-10-07T23:15:05.5540466Z dist/link-destination-M3zm_45f.js
2026-10-07T23:15:05.5540782Z dist/link-destination-M3zm_45f.js.map
2026-10-07T23:15:05.5541084Z dist/mapping-BbhEodcc.js
2026-10-07T23:15:05.5541357Z dist/mapping-BbhEodcc.js.map
2026-10-07T23:15:05.5541635Z dist/mapping-LRwd6pqd.cjs
2026-10-07T23:15:05.5541903Z dist/mapping-LRwd6pqd.cjs.map
2026-10-07T23:15:05.5542210Z dist/mark-range-step-DOJDyOsP.cjs
2026-10-07T23:15:05.5542536Z dist/mark-range-step-DOJDyOsP.cjs.map
2026-10-07T23:15:05.5542859Z dist/mark-range-step-Jo1iPQSu.js
2026-10-07T23:15:05.5543200Z dist/mark-range-step-Jo1iPQSu.js.map
2026-10-07T23:15:05.5543517Z dist/markdown-html-83ZGjqmO.js
2026-10-07T23:15:05.5543820Z dist/markdown-html-83ZGjqmO.js.map
2026-10-07T23:15:05.5544136Z dist/markdown-html-DD8ATANg.cjs
2026-10-07T23:15:05.5544667Z dist/markdown-html-DD8ATANg.cjs.map
2026-10-07T23:15:05.5544958Z dist/media-BMTNaaCL.js
2026-10-07T23:15:05.5545216Z dist/media-BMTNaaCL.js.map
2026-10-07T23:15:05.5545694Z dist/media-CxbWOnIA.cjs
2026-10-07T23:15:05.5545953Z dist/media-CxbWOnIA.cjs.map
2026-10-07T23:15:05.5546245Z dist/menu-position-CT8mhP6t.js
2026-10-07T23:15:05.5546561Z dist/menu-position-CT8mhP6t.js.map
2026-10-07T23:15:05.5546876Z dist/menu-position-OVIbcPkK.cjs
2026-10-07T23:15:05.5547188Z dist/menu-position-OVIbcPkK.cjs.map
2026-10-07T23:15:05.5547478Z dist/migrations.cjs
2026-10-07T23:15:05.5547714Z dist/migrations.cjs.map
2026-10-07T23:15:05.5547956Z dist/migrations.js
2026-10-07T23:15:05.5548191Z dist/migrations.js.map
2026-10-07T23:15:05.5548439Z dist/migrations/index.d.cts
2026-10-07T23:15:05.5548702Z dist/migrations/index.d.ts
2026-10-07T23:15:05.5548958Z dist/node-CMohf4dR.js
2026-10-07T23:15:05.5549202Z dist/node-CMohf4dR.js.map
2026-10-07T23:15:05.5549451Z dist/node-D26sG_e5.cjs
2026-10-07T23:15:05.5549688Z dist/node-D26sG_e5.cjs.map
2026-10-07T23:15:05.5549934Z dist/node-ids.cjs
2026-10-07T23:15:05.5550160Z dist/node-ids.cjs.map
2026-10-07T23:15:05.5550384Z dist/node-ids.js
2026-10-07T23:15:05.5550609Z dist/node-ids.js.map
2026-10-07T23:15:05.5550851Z dist/node-ids/index.d.cts
2026-10-07T23:15:05.5551101Z dist/node-ids/index.d.ts
2026-10-07T23:15:05.5551361Z dist/node-spec-Dl5lMC1C.js
2026-10-07T23:15:05.5551669Z dist/node-spec-Dl5lMC1C.js.map
2026-10-07T23:15:05.5551944Z dist/node-spec-owlJN_nc.cjs
2026-10-07T23:15:05.5552231Z dist/node-spec-owlJN_nc.cjs.map
2026-10-07T23:15:05.5552532Z dist/page-settings-Bqt82pEY.js
2026-10-07T23:15:05.5552840Z dist/page-settings-Bqt82pEY.js.map
2026-10-07T23:15:05.5553152Z dist/page-settings-BTDzBnRH.cjs
2026-10-07T23:15:05.5553466Z dist/page-settings-BTDzBnRH.cjs.map
2026-10-07T23:15:05.5553752Z dist/pages-dom.cjs
2026-10-07T23:15:05.5553984Z dist/pages-dom.cjs.map
2026-10-07T23:15:05.5554223Z dist/pages-dom.js
2026-10-07T23:15:05.5554726Z dist/pages-dom.js.map
2026-10-07T23:15:05.5554974Z dist/pages-preview.cjs
2026-10-07T23:15:05.5555226Z dist/pages-preview.cjs.map
2026-10-07T23:15:05.5555489Z dist/pages-preview.js
2026-10-07T23:15:05.5555740Z dist/pages-preview.js.map
2026-10-07T23:15:05.5555975Z dist/pages.cjs
2026-10-07T23:15:05.5556198Z dist/pages.cjs.map
2026-10-07T23:15:05.5556408Z dist/pages.js
2026-10-07T23:15:05.5556620Z dist/pages.js.map
2026-10-07T23:15:05.5557028Z dist/pages/dom-preview.d.cts
2026-10-07T23:15:05.5557308Z dist/pages/dom-preview.d.ts
2026-10-07T23:15:05.5557562Z dist/pages/dom.d.cts
2026-10-07T23:15:05.5557790Z dist/pages/dom.d.ts
2026-10-07T23:15:05.5558027Z dist/pages/index.d.cts
2026-10-07T23:15:05.5558262Z dist/pages/index.d.ts
2026-10-07T23:15:05.5558499Z dist/pages/layout.d.cts
2026-10-07T23:15:05.5558746Z dist/pages/layout.d.ts
2026-10-07T23:15:05.5558994Z dist/pages/presentation.d.cts
2026-10-07T23:15:05.5559272Z dist/pages/presentation.d.ts
2026-10-07T23:15:05.5559541Z dist/pages/preview.d.cts
2026-10-07T23:15:05.5559790Z dist/pages/preview.d.ts
2026-10-07T23:15:05.5560039Z dist/pages/settings.d.cts
2026-10-07T23:15:05.5560289Z dist/pages/settings.d.ts
2026-10-07T23:15:05.5560547Z dist/pages/templates.d.cts
2026-10-07T23:15:05.5560809Z dist/pages/templates.d.ts
2026-10-07T23:15:05.5561062Z dist/path-B7Cr90vg.js
2026-10-07T23:15:05.5561311Z dist/path-B7Cr90vg.js.map
2026-10-07T23:15:05.5561558Z dist/path-DDY3uxw-.cjs
2026-10-07T23:15:05.5561809Z dist/path-DDY3uxw-.cjs.map
2026-10-07T23:15:05.5562070Z dist/plugin-B0KSKRXJ.js
2026-10-07T23:15:05.5562322Z dist/plugin-B0KSKRXJ.js.map
2026-10-07T23:15:05.5562584Z dist/plugin-DlQkwKdU.cjs
2026-10-07T23:15:05.5562861Z dist/plugin-DlQkwKdU.cjs.map
2026-10-07T23:15:05.5563134Z dist/presentation-_RsWq19D.js
2026-10-07T23:15:05.5563434Z dist/presentation-_RsWq19D.js.map
2026-10-07T23:15:05.5563742Z dist/presentation-DrPDmb6z.cjs
2026-10-07T23:15:05.5564062Z dist/presentation-DrPDmb6z.cjs.map
2026-10-07T23:15:05.5564631Z dist/react-comments.cjs
2026-10-07T23:15:05.5565104Z dist/react-comments.cjs.map
2026-10-07T23:15:05.5565488Z dist/react-comments.js
2026-10-07T23:15:05.5565748Z dist/react-comments.js.map
2026-10-07T23:15:05.5566011Z dist/react-integrity.cjs
2026-10-07T23:15:05.5566457Z dist/react-integrity.cjs.map
2026-10-07T23:15:05.5566726Z dist/react-integrity.js
2026-10-07T23:15:05.5566980Z dist/react-integrity.js.map
2026-10-07T23:15:05.5567272Z dist/react-tracked-changes.cjs
2026-10-07T23:15:05.5567618Z dist/react-tracked-changes.cjs.map
2026-10-07T23:15:05.5567915Z dist/react-tracked-changes.js
2026-10-07T23:15:05.5568219Z dist/react-tracked-changes.js.map
2026-10-07T23:15:05.5568512Z dist/react-versions.cjs
2026-10-07T23:15:05.5568766Z dist/react-versions.cjs.map
2026-10-07T23:15:05.5569022Z dist/react-versions.js
2026-10-07T23:15:05.5569274Z dist/react-versions.js.map
2026-10-07T23:15:05.5569526Z dist/react-widgets.cjs
2026-10-07T23:15:05.5569770Z dist/react-widgets.cjs.map
2026-10-07T23:15:05.5570028Z dist/react-widgets.js
2026-10-07T23:15:05.5570273Z dist/react-widgets.js.map
2026-10-07T23:15:05.5570509Z dist/react.cjs
2026-10-07T23:15:05.5570725Z dist/react.cjs.map
2026-10-07T23:15:05.5570939Z dist/react.js
2026-10-07T23:15:05.5571149Z dist/react.js.map
2026-10-07T23:15:05.5571429Z dist/react/ClipboardHistoryMenu.d.cts
2026-10-07T23:15:05.5571780Z dist/react/ClipboardHistoryMenu.d.ts
2026-10-07T23:15:05.5572069Z dist/react/comments.d.cts
2026-10-07T23:15:05.5572324Z dist/react/comments.d.ts
2026-10-07T23:15:05.5572629Z dist/react/FountainAIConversation.d.cts
2026-10-07T23:15:05.5572975Z dist/react/FountainAIConversation.d.ts
2026-10-07T23:15:05.5573326Z dist/react/FountainAIGeneratedMedia.d.cts
2026-10-07T23:15:05.5573679Z dist/react/FountainAIGeneratedMedia.d.ts
2026-10-07T23:15:05.5574018Z dist/react/FountainAIReview.d.cts
2026-10-07T23:15:05.5574593Z dist/react/FountainAIReview.d.ts
2026-10-07T23:15:05.5574943Z dist/react/FountainCharacterCount.d.cts
2026-10-07T23:15:05.5575295Z dist/react/FountainCharacterCount.d.ts
2026-10-07T23:15:05.5575618Z dist/react/FountainComments.d.cts
2026-10-07T23:15:05.5575922Z dist/react/FountainComments.d.ts
2026-10-07T23:15:05.5576232Z dist/react/FountainComposer.d.cts
2026-10-07T23:15:05.5576537Z dist/react/FountainComposer.d.ts
2026-10-07T23:15:05.5576845Z dist/react/FountainEditor.d.cts
2026-10-07T23:15:05.5577148Z dist/react/FountainEditor.d.ts
2026-10-07T23:15:05.5577459Z dist/react/FountainFloatingMenu.d.cts
2026-10-07T23:15:05.5577918Z dist/react/FountainFloatingMenu.d.ts
2026-10-07T23:15:05.5578286Z dist/react/FountainIntegrityInspector.d.cts
2026-10-07T23:15:05.5578670Z dist/react/FountainIntegrityInspector.d.ts
2026-10-07T23:15:05.5579048Z dist/react/FountainSlashCommandMenu.d.cts
2026-10-07T23:15:05.5579398Z dist/react/FountainSlashCommandMenu.d.ts
2026-10-07T23:15:05.5579741Z dist/react/FountainSuggestionMenu.d.cts
2026-10-07T23:15:05.5580074Z dist/react/FountainSuggestionMenu.d.ts
2026-10-07T23:15:05.5580398Z dist/react/FountainToolbar.d.cts
2026-10-07T23:15:05.5580701Z dist/react/FountainToolbar.d.ts
2026-10-07T23:15:05.5581031Z dist/react/FountainToolbarPrimitives.d.cts
2026-10-07T23:15:05.5581389Z dist/react/FountainToolbarPrimitives.d.ts
2026-10-07T23:15:05.5581747Z dist/react/FountainTrackedChanges.d.cts
2026-10-07T23:15:05.5582094Z dist/react/FountainTrackedChanges.d.ts
2026-10-07T23:15:05.5582418Z dist/react/FountainVersions.d.cts
2026-10-07T23:15:05.5582732Z dist/react/FountainVersions.d.ts
2026-10-07T23:15:05.5583001Z dist/react/index.d.cts
2026-10-07T23:15:05.5583236Z dist/react/index.d.ts
2026-10-07T23:15:05.5583484Z dist/react/integrity.d.cts
2026-10-07T23:15:05.5583750Z dist/react/integrity.d.ts
2026-10-07T23:15:05.5584009Z dist/react/Navigator.d.cts
2026-10-07T23:15:05.5584264Z dist/react/Navigator.d.ts
2026-10-07T23:15:05.5584682Z dist/react/ReactNodeView.d.cts
2026-10-07T23:15:05.5584962Z dist/react/ReactNodeView.d.ts
2026-10-07T23:15:05.5585258Z dist/react/tracked-changes.d.cts
2026-10-07T23:15:05.5585562Z dist/react/tracked-changes.d.ts
2026-10-07T23:15:05.5585836Z dist/react/useFountain.d.cts
2026-10-07T23:15:05.5586100Z dist/react/useFountain.d.ts
2026-10-07T23:15:05.5586410Z dist/react/useNavigatorState.d.cts
2026-10-07T23:15:05.5586731Z dist/react/useNavigatorState.d.ts
2026-10-07T23:15:05.5587135Z dist/react/versions.d.cts
2026-10-07T23:15:05.5587394Z dist/react/versions.d.ts
2026-10-07T23:15:05.5587645Z dist/react/widgets.d.cts
2026-10-07T23:15:05.5587892Z dist/react/widgets.d.ts
2026-10-07T23:15:05.5588203Z dist/replace-text-range-step-DDj1wpRU.js
2026-10-07T23:15:05.5588584Z dist/replace-text-range-step-DDj1wpRU.js.map
2026-10-07T23:15:05.5588968Z dist/replace-text-range-step-VHOaDNVn.cjs
2026-10-07T23:15:05.5589354Z dist/replace-text-range-step-VHOaDNVn.cjs.map
2026-10-07T23:15:05.5589721Z dist/rolldown-runtime-Chgba0Kb.cjs
2026-10-07T23:15:05.5589983Z dist/ruby.cjs
2026-10-07T23:15:05.5590193Z dist/ruby.cjs.map
2026-10-07T23:15:05.5590413Z dist/ruby.js
2026-10-07T23:15:05.5590610Z dist/ruby.js.map
2026-10-07T23:15:05.5590842Z dist/ruby/index.d.cts
2026-10-07T23:15:05.5591082Z dist/ruby/index.d.ts
2026-10-07T23:15:05.5591320Z dist/search-Cb5HWhnF.cjs
2026-10-07T23:15:05.5591585Z dist/search-Cb5HWhnF.cjs.map
2026-10-07T23:15:05.5591855Z dist/search-CLj2oPC9.js
2026-10-07T23:15:05.5592114Z dist/search-CLj2oPC9.js.map
2026-10-07T23:15:05.5592380Z dist/selection-DrO1gWsj.cjs
2026-10-07T23:15:05.5592672Z dist/selection-DrO1gWsj.cjs.map
2026-10-07T23:15:05.5592950Z dist/selection-Du4v48EK.js
2026-10-07T23:15:05.5593236Z dist/selection-Du4v48EK.js.map
2026-10-07T23:15:05.5593503Z dist/step-CICBu9Xg.cjs
2026-10-07T23:15:05.5593763Z dist/step-CICBu9Xg.cjs.map
2026-10-07T23:15:05.5594015Z dist/step-doAGd4iU.js
2026-10-07T23:15:05.5594364Z dist/step-doAGd4iU.js.map
2026-10-07T23:15:05.5594663Z dist/structured-attributes.cjs
2026-10-07T23:15:05.5594970Z dist/structured-attributes.cjs.map
2026-10-07T23:15:05.5595267Z dist/structured-attributes.js
2026-10-07T23:15:05.5595576Z dist/structured-attributes.js.map
2026-10-07T23:15:05.5595899Z dist/structured-attributes/index.d.cts
2026-10-07T23:15:05.5596231Z dist/structured-attributes/index.d.ts
2026-10-07T23:15:05.5596536Z dist/styles.css
2026-10-07T23:15:05.5596749Z dist/svelte.cjs
2026-10-07T23:15:05.5596965Z dist/svelte.cjs.map
2026-10-07T23:15:05.5597182Z dist/svelte.js
2026-10-07T23:15:05.5597401Z dist/svelte.js.map
2026-10-07T23:15:05.5597631Z dist/svelte/index.d.cts
2026-10-07T23:15:05.5597872Z dist/svelte/index.d.ts
2026-10-07T23:15:05.5598147Z dist/table-layout-BlX6ZmrG.cjs
2026-10-07T23:15:05.5598568Z dist/table-layout-BlX6ZmrG.cjs.map
2026-10-07T23:15:05.5598867Z dist/table-layout-wVT2Dkfh.js
2026-10-07T23:15:05.5599166Z dist/table-layout-wVT2Dkfh.js.map
2026-10-07T23:15:05.5599454Z dist/table-map-Dbo_d2TT.cjs
2026-10-07T23:15:05.5599739Z dist/table-map-Dbo_d2TT.cjs.map
2026-10-07T23:15:05.5600010Z dist/table-map-Du2VwT8u.js
2026-10-07T23:15:05.5600300Z dist/table-map-Du2VwT8u.js.map
2026-10-07T23:15:05.5600567Z dist/table-of-contents.cjs
2026-10-07T23:15:05.5600847Z dist/table-of-contents.cjs.map
2026-10-07T23:15:05.5601119Z dist/table-of-contents.js
2026-10-07T23:15:05.5601377Z dist/table-of-contents.js.map
2026-10-07T23:15:05.5601677Z dist/table-of-contents/index.d.cts
2026-10-07T23:15:05.5601989Z dist/table-of-contents/index.d.ts
2026-10-07T23:15:05.5602252Z dist/testing.cjs
2026-10-07T23:15:05.5602475Z dist/testing.cjs.map
2026-10-07T23:15:05.5602690Z dist/testing.js
2026-10-07T23:15:05.5602910Z dist/testing.js.map
2026-10-07T23:15:05.5603145Z dist/testing/index.d.cts
2026-10-07T23:15:05.5603394Z dist/testing/index.d.ts
2026-10-07T23:15:05.5603673Z dist/text-exporter-CrYlAjCV.cjs
2026-10-07T23:15:05.5603988Z dist/text-exporter-CrYlAjCV.cjs.map
2026-10-07T23:15:05.5604538Z dist/text-exporter-D2pnt9bs.js
2026-10-07T23:15:05.5604878Z dist/text-exporter-D2pnt9bs.js.map
2026-10-07T23:15:05.5605170Z dist/text-style-B9Y5mBPB.cjs
2026-10-07T23:15:05.5605466Z dist/text-style-B9Y5mBPB.cjs.map
2026-10-07T23:15:05.5605752Z dist/text-style-BkndJSnj.js
2026-10-07T23:15:05.5606041Z dist/text-style-BkndJSnj.js.map
2026-10-07T23:15:05.5606300Z dist/text-style.cjs
2026-10-07T23:15:05.5606525Z dist/text-style.js
2026-10-07T23:15:05.5606786Z dist/text-style/commands.d.cts
2026-10-07T23:15:05.5607059Z dist/text-style/commands.d.ts
2026-10-07T23:15:05.5607323Z dist/text-style/index.d.cts
2026-10-07T23:15:05.5607728Z dist/text-style/index.d.ts
2026-10-07T23:15:05.5607987Z dist/text-style/values.d.cts
2026-10-07T23:15:05.5608251Z dist/text-style/values.d.ts
2026-10-07T23:15:05.5608511Z dist/tracked-changes.cjs
2026-10-07T23:15:05.5608774Z dist/tracked-changes.cjs.map
2026-10-07T23:15:05.5609033Z dist/tracked-changes.js
2026-10-07T23:15:05.5609283Z dist/tracked-changes.js.map
2026-10-07T23:15:05.5609575Z dist/tracked-changes/index.d.cts
2026-10-07T23:15:05.5609874Z dist/tracked-changes/index.d.ts
2026-10-07T23:15:05.5610167Z dist/tracked-changes/model.d.cts
2026-10-07T23:15:05.5610464Z dist/tracked-changes/model.d.ts
2026-10-07T23:15:05.5610723Z dist/url-Co8QRAHd.cjs
2026-10-07T23:15:05.5610967Z dist/url-Co8QRAHd.cjs.map
2026-10-07T23:15:05.5611216Z dist/url-sjMj-efj.js
2026-10-07T23:15:05.5611453Z dist/url-sjMj-efj.js.map
2026-10-07T23:15:05.5611712Z dist/useFountain-C16zq9TV.cjs
2026-10-07T23:15:05.5612017Z dist/useFountain-C16zq9TV.cjs.map
2026-10-07T23:15:05.5612306Z dist/useFountain-DQ8gXlvr.js
2026-10-07T23:15:05.5612603Z dist/useFountain-DQ8gXlvr.js.map
2026-10-07T23:15:05.5612866Z dist/versions.cjs
2026-10-07T23:15:05.5613103Z dist/versions.cjs.map
2026-10-07T23:15:05.5613320Z dist/versions.js
2026-10-07T23:15:05.5613549Z dist/versions.js.map
2026-10-07T23:15:05.5613787Z dist/versions/diff.d.cts
2026-10-07T23:15:05.5614034Z dist/versions/diff.d.ts
2026-10-07T23:15:05.5614279Z dist/versions/index.d.cts
2026-10-07T23:15:05.5614660Z dist/versions/index.d.ts
2026-10-07T23:15:05.5614909Z dist/versions/model.d.cts
2026-10-07T23:15:05.5615158Z dist/versions/model.d.ts
2026-10-07T23:15:05.5615403Z dist/view-DP3wlaDO.js
2026-10-07T23:15:05.5615650Z dist/view-DP3wlaDO.js.map
2026-10-07T23:15:05.5615896Z dist/view-Dscid9F7.cjs
2026-10-07T23:15:05.5616145Z dist/view-Dscid9F7.cjs.map
2026-10-07T23:15:05.5616413Z dist/view/block-handles.d.cts
2026-10-07T23:15:05.5616687Z dist/view/block-handles.d.ts
2026-10-07T23:15:05.5616954Z dist/view/dom-renderer.d.cts
2026-10-07T23:15:05.5617227Z dist/view/dom-renderer.d.ts
2026-10-07T23:15:05.5617493Z dist/view/drop-cursor.d.cts
2026-10-07T23:15:05.5617754Z dist/view/drop-cursor.d.ts
2026-10-07T23:15:05.5618033Z dist/view/generated-media.d.cts
2026-10-07T23:15:05.5618450Z dist/view/generated-media.d.ts
2026-10-07T23:15:05.5618718Z dist/view/index.d.cts
2026-10-07T23:15:05.5618948Z dist/view/index.d.ts
2026-10-07T23:15:05.5619182Z dist/view/input.d.cts
2026-10-07T23:15:05.5619414Z dist/view/input.d.ts
2026-10-07T23:15:05.5619644Z dist/view/media.d.cts
2026-10-07T23:15:05.5619879Z dist/view/media.d.ts
2026-10-07T23:15:05.5620124Z dist/view/menu-position.d.cts
2026-10-07T23:15:05.5620394Z dist/view/menu-position.d.ts
2026-10-07T23:15:05.5620657Z dist/view/node-view.d.cts
2026-10-07T23:15:05.5620912Z dist/view/node-view.d.ts
2026-10-07T23:15:05.5621157Z dist/view/paste.d.cts
2026-10-07T23:15:05.5621390Z dist/view/paste.d.ts
2026-10-07T23:15:05.5621663Z dist/view/selection-handler.d.cts
2026-10-07T23:15:05.5621973Z dist/view/selection-handler.d.ts
2026-10-07T23:15:05.5622278Z dist/view/table-direction.d.cts
2026-10-07T23:15:05.5622578Z dist/view/table-direction.d.ts
2026-10-07T23:15:05.5622835Z dist/view/view.d.cts
2026-10-07T23:15:05.5623058Z dist/view/view.d.ts
2026-10-07T23:15:05.5623325Z dist/view/virtual-layout.d.cts
2026-10-07T23:15:05.5623600Z dist/view/virtual-layout.d.ts
2026-10-07T23:15:05.5623871Z dist/view/web-component.d.cts
2026-10-07T23:15:05.5624140Z dist/view/web-component.d.ts
2026-10-07T23:15:05.5624495Z dist/vue.cjs
2026-10-07T23:15:05.5624695Z dist/vue.cjs.map
2026-10-07T23:15:05.5624905Z dist/vue.js
2026-10-07T23:15:05.5625102Z dist/vue.js.map
2026-10-07T23:15:05.5625356Z dist/vue/index.d.cts
2026-10-07T23:15:05.5625581Z dist/vue/index.d.ts
2026-10-07T23:15:05.5625808Z dist/widgets-dom.cjs
2026-10-07T23:15:05.5626044Z dist/widgets-dom.cjs.map
2026-10-07T23:15:05.5626289Z dist/widgets-dom.js
2026-10-07T23:15:05.5626522Z dist/widgets-dom.js.map
2026-10-07T23:15:05.5626753Z dist/widgets.cjs
2026-10-07T23:15:05.5626974Z dist/widgets.cjs.map
2026-10-07T23:15:05.5627360Z dist/widgets.js
2026-10-07T23:15:05.5627582Z dist/widgets.js.map
2026-10-07T23:15:05.5627809Z dist/widgets/dom.d.cts
2026-10-07T23:15:05.5628046Z dist/widgets/dom.d.ts
2026-10-07T23:15:05.5628289Z dist/widgets/index.d.cts
2026-10-07T23:15:05.5628536Z dist/widgets/index.d.ts
2026-10-07T23:15:05.5628761Z dist/yjs.cjs
2026-10-07T23:15:05.5628962Z dist/yjs.cjs.map
2026-10-07T23:15:05.5629174Z dist/yjs.js
2026-10-07T23:15:05.5629371Z dist/yjs.js.map
2026-10-07T23:15:05.5629591Z dist/yjs/index.d.cts
2026-10-07T23:15:05.5629824Z dist/yjs/index.d.ts
2026-10-07T23:15:05.5630100Z dist/yjs/structured-attributes.d.cts
2026-10-07T23:15:05.5630435Z dist/yjs/structured-attributes.d.ts
2026-10-07T23:15:05.5630732Z docs/AI_CONVERSATIONS.md
2026-10-07T23:15:05.5630984Z docs/AI_DOCUMENT_TOOLS.md
2026-10-07T23:15:05.5631240Z docs/AI_GENERATED_MEDIA.md
2026-10-07T23:15:05.5631470Z docs/ANGULAR.md
2026-10-07T23:15:05.5631677Z docs/API.md
2026-10-07T23:15:05.5631888Z docs/ARCHITECTURE.md
2026-10-07T23:15:05.5632127Z docs/BLOCK_REORDERING.md
2026-10-07T23:15:05.5632385Z docs/BROWSER_AUDIT_RELOADS.md
2026-10-07T23:15:05.5632646Z docs/COLLABORATION.md
2026-10-07T23:15:05.5632863Z docs/COMMENTS.md
2026-10-07T23:15:05.5633091Z docs/CONTEXTUAL_MENUS.md
2026-10-07T23:15:05.5633340Z docs/CONVERSION_LAB.md
2026-10-07T23:15:05.5633624Z docs/CONVERSION_REAL_DOCUMENT_AUDIT.md
2026-10-07T23:15:05.5633915Z docs/DEFINITION_LISTS.md
2026-10-07T23:15:05.5634144Z docs/DETAILS.md
2026-10-07T23:15:05.5634486Z docs/DOCUMENT_UTILITIES.md
2026-10-07T23:15:05.5634750Z docs/DOCX_CONTENT_CONTROLS.md
2026-10-07T23:15:05.5635049Z docs/DOCX_FIDELITY_CHECKPOINT.md
2026-10-07T23:15:05.5635320Z docs/DOCX_GLOSSARIES.md
2026-10-07T23:15:05.5635542Z docs/DOCX.md
2026-10-07T23:15:05.5635758Z docs/EXTENSIONS.md
2026-10-07T23:15:05.5635992Z docs/FORMAT_BRIDGE_PLAN.md
2026-10-07T23:15:05.5636229Z docs/FORMATS.md
2026-10-07T23:15:05.5636450Z docs/HEADLESS_CORE.md
2026-10-07T23:15:05.5636692Z docs/HTML_CONTAINERS.md
2026-10-07T23:15:05.5636941Z docs/HTML_INERT_SOURCE.md
2026-10-07T23:15:05.5637190Z docs/ISSUE_EDITOR_DEMO.md
2026-10-07T23:15:05.5637420Z docs/LEAN.md
2026-10-07T23:15:05.5637663Z docs/MARKDOWN_DOCUMENT_FLOW.md
2026-10-07T23:15:05.5637957Z docs/MARKDOWN_FLOW_PROVENANCE.md
2026-10-07T23:15:05.5638347Z docs/MARKDOWN_SOURCE.md
2026-10-07T23:15:05.5638573Z docs/MCP.md
2026-10-07T23:15:05.5638779Z docs/MIGRATIONS.md
2026-10-07T23:15:05.5639045Z docs/NATIVE_RENDERER_FEASIBILITY.md
2026-10-07T23:15:05.5639311Z docs/NODE_IDS.md
2026-10-07T23:15:05.5639532Z docs/PAGINATION.md
2026-10-07T23:15:05.5639763Z docs/PERFORMANCE.md
2026-10-07T23:15:05.5640006Z docs/PORTABILITY_AUDIT.md
2026-10-07T23:15:05.5640286Z docs/PROSEMIRROR_COMPARISON.md
2026-10-07T23:15:05.5640579Z docs/REFERENCE_DOCUMENT_AUDIT.md
2026-10-07T23:15:05.5640856Z docs/RELEASE_0_4_0_BETA_2.md
2026-10-07T23:15:05.5641098Z docs/RELEASES.md
2026-10-07T23:15:05.5641302Z docs/ROADMAP.md
2026-10-07T23:15:05.5641503Z docs/RUBY.md
2026-10-07T23:15:05.5641715Z docs/SERVER_HTML.md
2026-10-07T23:15:05.5641946Z docs/SLASH_COMMANDS.md
2026-10-07T23:15:05.5642193Z docs/STRUCTURED_ATTRIBUTES.md
2026-10-07T23:15:05.5642439Z docs/SVELTE.md
2026-10-07T23:15:05.5642660Z docs/TABLE_OF_CONTENTS.md
2026-10-07T23:15:05.5642905Z docs/TEXT_INTEGRITY.md
2026-10-07T23:15:05.5643144Z docs/TEXT_STYLE.md
2026-10-07T23:15:05.5643370Z docs/TIPTAP_PARITY.md
2026-10-07T23:15:05.5643587Z docs/TOOLBAR.md
2026-10-07T23:15:05.5643808Z docs/TRACKED_CHANGES.md
2026-10-07T23:15:05.5644084Z docs/TRAILING_EDITABLE_BLOCK.md
2026-10-07T23:15:05.5644568Z docs/VERSIONS.md
2026-10-07T23:15:05.5644812Z docs/VIRTUALIZATION.md
2026-10-07T23:15:05.5645037Z docs/VUE.md
2026-10-07T23:15:05.5645259Z docs/WEB_COMPONENT_FORMS.md
2026-10-07T23:15:05.5645497Z docs/WIDGETS.md
2026-10-07T23:15:05.5645720Z docs/WORKFLOW_DEMOS.md
2026-10-07T23:15:05.5645938Z LICENSE
2026-10-07T23:15:05.5646136Z package.json
2026-10-07T23:15:05.5646335Z README.md
2026-10-07T23:15:05.5646608Z schemas/fountain-document.schema.json
2026-10-07T23:15:05.5646923Z scripts/check-api-surface.mjs
2026-10-07T23:15:05.5647373Z scripts/check-build-budgets.mjs
2026-10-07T23:15:05.5647702Z scripts/check-performance-budgets.mjs
2026-10-07T23:15:05.5648005Z scripts/check-release.mjs
2026-10-07T23:15:05.5648274Z scripts/create-extension.mjs
2026-10-07T23:15:05.5648580Z scripts/lean-loopback-bridge.mjs
2026-10-07T23:15:05.5648866Z scripts/smoke-package.mjs
2026-10-07T23:15:05.5649117Z THIRD_PARTY_NOTICES.md
2026-10-07T23:15:05.5649347Z Tarball Details
2026-10-07T23:15:05.5649611Z fountainjs-editor-0.4.0-beta.2.tgz
2026-10-07T23:15:05.5714670Z Post job cleanup.
2026-10-07T23:15:05.6919629Z Caching is not enabled. Caching is skipped.
2026-10-07T23:15:05.7054019Z Post job cleanup.
2026-10-07T23:15:05.8888678Z Post job cleanup.
2026-10-07T23:15:06.0077634Z (node:5163) [DEP0040] DeprecationWarning: The `punycode` module is deprecated. Please use a userland alternative instead.
2026-10-07T23:15:06.0079051Z (Use `node --trace-deprecation ...` to show where the warning was created)
2026-10-07T23:15:06.0199303Z Post job cleanup.
2026-10-07T23:15:06.1419322Z (node:5171) [DEP0040] DeprecationWarning: The `punycode` module is deprecated. Please use a userland alternative instead.
2026-10-07T23:15:06.1420488Z (Use `node --trace-deprecation ...` to show where the warning was created)
2026-10-07T23:15:06.1423693Z Cache hit occurred on the primary key node-cache-Linux-x64-pnpm-fd849381c36c47c9fa715e7759caf3b24b3c25e63e57449d26448df099a8c870, not saving cache.
2026-10-07T23:15:06.1531631Z Post job cleanup.
2026-10-07T23:15:06.3016908Z Pruning is unnecessary.
2026-10-07T23:15:06.3204693Z Post job cleanup.
2026-10-07T23:15:06.4096347Z [command]/usr/bin/git version
2026-10-07T23:15:06.4133190Z git version 2.55.0
2026-10-07T23:15:06.4172114Z Temporarily overriding HOME='/home/runner/work/_temp/43c00bab-5d60-4b8d-938b-e15c25c29019' before making global git config changes
2026-10-07T23:15:06.4173699Z Adding repository directory to the temporary git global config as a safe directory
2026-10-07T23:15:06.4177566Z [command]/usr/bin/git config --global --add safe.directory /home/runner/work/fountainjs/fountainjs
2026-10-07T23:15:06.4215633Z [command]/usr/bin/git config --local --name-only --get-regexp core\.sshCommand
2026-10-07T23:15:06.4250735Z [command]/usr/bin/git submodule foreach --recursive sh -c "git config --local --name-only --get-regexp 'core\.sshCommand' && git config --local --unset-all 'core.sshCommand' || :"
2026-10-07T23:15:06.4481213Z [command]/usr/bin/git config --local --name-only --get-regexp http\.https\:\/\/github\.com\/\.extraheader
2026-10-07T23:15:06.4508078Z http.https://github.com/.extraheader
2026-10-07T23:15:06.4521553Z [command]/usr/bin/git config --local --unset-all http.https://github.com/.extraheader
2026-10-07T23:15:06.4569890Z [command]/usr/bin/git submodule foreach --recursive sh -c "git config --local --name-only --get-regexp 'http\.https\:\/\/github\.com\/\.extraheader' && git config --local --unset-all 'http.https://github.com/.extraheader' || :"
2026-10-07T23:15:06.4795127Z [command]/usr/bin/git config --local --name-only --get-regexp ^includeIf\.gitdir:
2026-10-07T23:15:06.4826003Z [command]/usr/bin/git submodule foreach --recursive git config --local --show-origin --name-only --get-regexp remote.origin.url
2026-10-07T23:15:06.5181401Z Cleaning up orphan processes
2026-10-07T23:15:06.5512362Z ##[warning]Node.js 20 is deprecated. The following actions target Node.js 20 but are being forced to run on Node.js 24: actions/checkout@v4, actions/setup-node@v4, actions/setup-python@v5, pnpm/action-setup@v4. For more information see: https://github.blog/changelog/2025-09-19-deprecation-of-node-20-on-github-actions-runners/
