2026-10-07T23:12:31.6203840Z Current runner version: '2.337.0'
2026-10-07T23:12:31.6223545Z ##[group]Runner Image Provisioner
2026-10-07T23:12:31.6224131Z Hosted Compute Agent
2026-10-07T23:12:31.6224582Z Version: 20260901.588
2026-10-07T23:12:31.6225055Z Commit: f88ec8081b781fac6c440065ac7ff9e710ce3d0b
2026-10-07T23:12:31.6225544Z Build Date: 2026-09-01T19:56:44Z
2026-10-07T23:12:31.6225966Z Worker ID: {7befe6d3-1e9b-4681-a621-8e0aa396d3bb}
2026-10-07T23:12:31.6226399Z Azure Region: centralus
2026-10-07T23:12:31.6226812Z ##[endgroup]
2026-10-07T23:12:31.6227744Z ##[group]Operating System
2026-10-07T23:12:31.6228154Z Ubuntu
2026-10-07T23:12:31.6228495Z 24.04.5
2026-10-07T23:12:31.6228821Z LTS
2026-10-07T23:12:31.6229456Z ##[endgroup]
2026-10-07T23:12:31.6229863Z ##[group]Runner Image
2026-10-07T23:12:31.6230253Z Image: ubuntu-24.04
2026-10-07T23:12:31.6230626Z Version: 20260927.320.1
2026-10-07T23:12:31.6231447Z Included Software: https://github.com/actions/runner-images/blob/ubuntu24/20260927.320/images/ubuntu/Ubuntu2404-Readme.md
2026-10-07T23:12:31.6232395Z Image Release: https://github.com/actions/runner-images/releases/tag/ubuntu24%2F20260927.320
2026-10-07T23:12:31.6233166Z ##[endgroup]
2026-10-07T23:12:31.6233912Z ##[group]GITHUB_TOKEN Permissions
2026-10-07T23:12:31.6235462Z Contents: read
2026-10-07T23:12:31.6235876Z Metadata: read
2026-10-07T23:12:31.6236229Z ##[endgroup]
2026-10-07T23:12:31.6237757Z Secret source: Actions
2026-10-07T23:12:31.6238351Z Cache mode: write
2026-10-07T23:12:31.6238852Z Prepare workflow directory
2026-10-07T23:12:31.6548248Z Prepare all required actions
2026-10-07T23:12:31.6582169Z Getting action download info
2026-10-07T23:12:31.8671581Z Download action repository 'actions/checkout@v4' (SHA:11d5960a326750d5838078e36cf38b85af677262)
2026-10-07T23:12:32.2726615Z Download action repository 'pnpm/action-setup@v4' (SHA:b906affcce14559ad1aafd4ab0e942779e9f58b1)
2026-10-07T23:12:32.9502054Z Download action repository 'actions/setup-node@v4' (SHA:49933ea5288caeca8642d1e84afbd3f7d6820020)
2026-10-07T23:12:33.3952188Z Download action repository 'actions/upload-artifact@v4' (SHA:ea165f8d65b6e75b540449e92b4886f43607fa02)
2026-10-07T23:12:33.9987390Z Complete job name: browser
2026-10-07T23:12:34.1195974Z ##[group]Run actions/checkout@v4
2026-10-07T23:12:34.1196415Z with:
2026-10-07T23:12:34.1196646Z   repository: eddolo/fountainjs
2026-10-07T23:12:34.1198537Z   token: ***
2026-10-07T23:12:34.1198758Z   ssh-strict: true
2026-10-07T23:12:34.1198973Z   ssh-user: git
2026-10-07T23:12:34.1199200Z   persist-credentials: true
2026-10-07T23:12:34.1199445Z   clean: true
2026-10-07T23:12:34.1199675Z   sparse-checkout-cone-mode: true
2026-10-07T23:12:34.1199925Z   fetch-depth: 1
2026-10-07T23:12:34.1200149Z   fetch-tags: false
2026-10-07T23:12:34.1200383Z   show-progress: true
2026-10-07T23:12:34.1200619Z   lfs: false
2026-10-07T23:12:34.1200833Z   submodules: false
2026-10-07T23:12:34.1201060Z   set-safe-directory: true
2026-10-07T23:12:34.1201314Z   allow-unsafe-pr-checkout: false
2026-10-07T23:12:34.1201652Z ##[endgroup]
2026-10-07T23:12:34.1939888Z Syncing repository: eddolo/fountainjs
2026-10-07T23:12:34.1940996Z ##[group]Getting Git version info
2026-10-07T23:12:34.1941426Z Working directory is '/home/runner/work/fountainjs/fountainjs'
2026-10-07T23:12:34.1941970Z [command]/usr/bin/git version
2026-10-07T23:12:34.2020656Z git version 2.55.0
2026-10-07T23:12:34.2034964Z ##[endgroup]
2026-10-07T23:12:34.2045731Z Temporarily overriding HOME='/home/runner/work/_temp/c44de950-6a8b-4e6e-ae74-857afb78c4da' before making global git config changes
2026-10-07T23:12:34.2046602Z Adding repository directory to the temporary git global config as a safe directory
2026-10-07T23:12:34.2050083Z [command]/usr/bin/git config --global --add safe.directory /home/runner/work/fountainjs/fountainjs
2026-10-07T23:12:34.2215213Z Deleting the contents of '/home/runner/work/fountainjs/fountainjs'
2026-10-07T23:12:34.2216213Z ##[group]Initializing the repository
2026-10-07T23:12:34.2219039Z [command]/usr/bin/git init /home/runner/work/fountainjs/fountainjs
2026-10-07T23:12:34.2814659Z hint: Using 'master' as the name for the initial branch. This default branch name
2026-10-07T23:12:34.2815406Z hint: will change to "main" in Git 3.0. To configure the initial branch name
2026-10-07T23:12:34.2879929Z hint: to use in all of your new repositories, which will suppress this warning,
2026-10-07T23:12:34.2880732Z hint: call:
2026-10-07T23:12:34.2881353Z hint:
2026-10-07T23:12:34.2881865Z hint: 	git config --global init.defaultBranch <name>
2026-10-07T23:12:34.2882295Z hint:
2026-10-07T23:12:34.2882832Z hint: Names commonly chosen instead of 'master' are 'main', 'trunk' and
2026-10-07T23:12:34.2883447Z hint: 'development'. The just-created branch can be renamed via this command:
2026-10-07T23:12:34.2883802Z hint:
2026-10-07T23:12:34.2884030Z hint: 	git branch -m <name>
2026-10-07T23:12:34.2884259Z hint:
2026-10-07T23:12:34.2884554Z hint: Disable this message with "git config set advice.defaultBranchName false"
2026-10-07T23:12:34.2884974Z Initialized empty Git repository in /home/runner/work/fountainjs/fountainjs/.git/
2026-10-07T23:12:34.2886148Z [command]/usr/bin/git remote add origin https://github.com/eddolo/fountainjs
2026-10-07T23:12:34.3325228Z ##[endgroup]
2026-10-07T23:12:34.3325943Z ##[group]Disabling automatic garbage collection
2026-10-07T23:12:34.3329656Z [command]/usr/bin/git config --local gc.auto 0
2026-10-07T23:12:34.3915432Z ##[endgroup]
2026-10-07T23:12:34.3916058Z ##[group]Setting up auth
2026-10-07T23:12:34.3922970Z [command]/usr/bin/git config --local --name-only --get-regexp core\.sshCommand
2026-10-07T23:12:34.3951772Z [command]/usr/bin/git submodule foreach --recursive sh -c "git config --local --name-only --get-regexp 'core\.sshCommand' && git config --local --unset-all 'core.sshCommand' || :"
2026-10-07T23:12:34.4283324Z [command]/usr/bin/git config --local --name-only --get-regexp http\.https\:\/\/github\.com\/\.extraheader
2026-10-07T23:12:34.4309771Z [command]/usr/bin/git submodule foreach --recursive sh -c "git config --local --name-only --get-regexp 'http\.https\:\/\/github\.com\/\.extraheader' && git config --local --unset-all 'http.https://github.com/.extraheader' || :"
2026-10-07T23:12:34.4498780Z [command]/usr/bin/git config --local --name-only --get-regexp ^includeIf\.gitdir:
2026-10-07T23:12:34.4527775Z [command]/usr/bin/git submodule foreach --recursive git config --local --show-origin --name-only --get-regexp remote.origin.url
2026-10-07T23:12:34.4719666Z [command]/usr/bin/git config --local http.https://github.com/.extraheader AUTHORIZATION: basic ***
2026-10-07T23:12:34.5744815Z ##[endgroup]
2026-10-07T23:12:34.5745407Z ##[group]Fetching the repository
2026-10-07T23:12:34.5746303Z [command]/usr/bin/git -c protocol.version=2 fetch --no-tags --prune --no-recurse-submodules --depth=1 origin +acfd54f836a6f7cc4287ad1de1c91879c02b0184:refs/remotes/origin/master
2026-10-07T23:12:36.6046727Z From https://github.com/eddolo/fountainjs
2026-10-07T23:12:36.6047273Z  * [new ref]         acfd54f836a6f7cc4287ad1de1c91879c02b0184 -> origin/master
2026-10-07T23:12:36.6050261Z ##[endgroup]
2026-10-07T23:12:36.6050679Z ##[group]Determining the checkout info
2026-10-07T23:12:36.6052514Z ##[endgroup]
2026-10-07T23:12:36.6056674Z [command]/usr/bin/git sparse-checkout disable
2026-10-07T23:12:36.6100909Z [command]/usr/bin/git config --local --unset-all extensions.worktreeConfig
2026-10-07T23:12:36.6129194Z ##[group]Checking out the ref
2026-10-07T23:12:36.6129502Z [command]/usr/bin/git checkout --progress --force -B master refs/remotes/origin/master
2026-10-07T23:12:36.8986785Z Reset branch 'master'
2026-10-07T23:12:36.8987624Z branch 'master' set up to track 'origin/master'.
2026-10-07T23:12:36.9001489Z ##[endgroup]
2026-10-07T23:12:36.9042773Z [command]/usr/bin/git log -1 --format=%H
2026-10-07T23:12:36.9063448Z acfd54f836a6f7cc4287ad1de1c91879c02b0184
2026-10-07T23:12:36.9258427Z ##[group]Run pnpm/action-setup@v4
2026-10-07T23:12:36.9258629Z with:
2026-10-07T23:12:36.9258748Z   version: 11.19.0
2026-10-07T23:12:36.9258867Z   dest: ~/setup-pnpm
2026-10-07T23:12:36.9259126Z   run_install: null
2026-10-07T23:12:36.9259251Z   cache: false
2026-10-07T23:12:36.9259378Z   cache_dependency_path: pnpm-lock.yaml
2026-10-07T23:12:36.9259542Z   package_json_file: package.json
2026-10-07T23:12:36.9259685Z   standalone: false
2026-10-07T23:12:36.9259806Z ##[endgroup]
2026-10-07T23:12:37.0226713Z ##[group]Running self-installer...
2026-10-07T23:12:37.3000492Z (node:2099) [DEP0169] DeprecationWarning: `url.parse()` behavior is not standardized and prone to errors that have security implications. Use the WHATWG URL API instead. CVEs are not issued for `url.parse()` vulnerabilities.
2026-10-07T23:12:37.3001555Z (Use `node --trace-deprecation ...` to show where the warning was created)
2026-10-07T23:12:37.5677941Z Progress: resolved 1, reused 0, downloaded 0, added 0
2026-10-07T23:12:37.5730706Z Packages: +1
2026-10-07T23:12:37.9022912Z +
2026-10-07T23:12:37.9023286Z Progress: resolved 1, reused 0, downloaded 1, added 1, done
2026-10-07T23:12:37.9419487Z 
2026-10-07T23:12:37.9420041Z dependencies:
2026-10-07T23:12:37.9420320Z + pnpm 11.19.0 (12.10.1 is available)
2026-10-07T23:12:37.9420498Z 
2026-10-07T23:12:37.9438978Z Done in 796ms
2026-10-07T23:12:38.1481476Z ##[endgroup]
2026-10-07T23:12:38.1481774Z Installation Completed!
2026-10-07T23:12:38.1625718Z ##[group]Run actions/setup-node@v4
2026-10-07T23:12:38.1625890Z with:
2026-10-07T23:12:38.1626011Z   node-version: 24
2026-10-07T23:12:38.1626136Z   cache: pnpm
2026-10-07T23:12:38.1626257Z   always-auth: false
2026-10-07T23:12:38.1626389Z   check-latest: false
2026-10-07T23:12:38.1627965Z   token: ***
2026-10-07T23:12:38.1628082Z env:
2026-10-07T23:12:38.1628239Z   PNPM_HOME: /home/runner/setup-pnpm/node_modules/.bin
2026-10-07T23:12:38.1628449Z ##[endgroup]
2026-10-07T23:12:38.2662105Z Found in cache @ /opt/hostedtoolcache/node/24.21.0/x64
2026-10-07T23:12:38.2665509Z (node:2113) [DEP0040] DeprecationWarning: The `punycode` module is deprecated. Please use a userland alternative instead.
2026-10-07T23:12:38.2666039Z (Use `node --trace-deprecation ...` to show where the warning was created)
2026-10-07T23:12:38.2667384Z ##[group]Environment details
2026-10-07T23:12:41.2474097Z node: v24.21.0
2026-10-07T23:12:41.2474467Z npm: 11.19.0
2026-10-07T23:12:41.2474875Z yarn: 1.22.22
2026-10-07T23:12:41.2476048Z ##[endgroup]
2026-10-07T23:12:41.2489548Z [command]/home/runner/setup-pnpm/node_modules/.bin/pnpm store path --silent
2026-10-07T23:12:41.9525953Z /home/runner/setup-pnpm/node_modules/.bin/store/v11
2026-10-07T23:12:42.1165333Z Cache hit for: node-cache-Linux-x64-pnpm-fd849381c36c47c9fa715e7759caf3b24b3c25e63e57449d26448df099a8c870
2026-10-07T23:12:42.1238343Z (node:2113) [DEP0169] DeprecationWarning: `url.parse()` behavior is not standardized and prone to errors that have security implications. Use the WHATWG URL API instead. CVEs are not issued for `url.parse()` vulnerabilities.
2026-10-07T23:12:43.2753588Z Received 134217728 of 143139869 (93.8%), 125.9 MBs/sec
2026-10-07T23:12:43.3903460Z Received 143139869 of 143139869 (100.0%), 120.6 MBs/sec
2026-10-07T23:12:43.3904333Z Cache Size: ~137 MB (143139869 B)
2026-10-07T23:12:43.3926576Z [command]/usr/bin/tar -xf /home/runner/work/_temp/cf2aa473-a09a-4cbd-bfd5-122766788438/cache.tzst -P -C /home/runner/work/fountainjs/fountainjs --use-compress-program unzstd
2026-10-07T23:12:44.3493501Z Cache restored successfully
2026-10-07T23:12:44.3559332Z Cache restored from key: node-cache-Linux-x64-pnpm-fd849381c36c47c9fa715e7759caf3b24b3c25e63e57449d26448df099a8c870
2026-10-07T23:12:44.7776081Z ##[group]Run pnpm install --frozen-lockfile
2026-10-07T23:12:44.7776611Z [36;1mpnpm install --frozen-lockfile[0m
2026-10-07T23:12:44.9083943Z shell: /usr/bin/bash -e {0}
2026-10-07T23:12:44.9084255Z env:
2026-10-07T23:12:44.9084523Z   PNPM_HOME: /home/runner/setup-pnpm/node_modules/.bin
2026-10-07T23:12:44.9084843Z ##[endgroup]
2026-10-07T23:12:45.2070805Z Scope: all 3 workspace projects
2026-10-07T23:12:45.3721415Z ? Verifying lockfile against supply-chain policies (340 entries)...
2026-10-07T23:12:45.3774920Z Lockfile is up to date, resolution step is skipped
2026-10-07T23:12:45.4714966Z Progress: resolved 1, reused 0, downloaded 0, added 0
2026-10-07T23:12:45.5024691Z Packages: +281
2026-10-07T23:12:45.5025516Z ++++++++++++++++++++++++++++++++++++++++++++++++++++++++++++++++++++++++++++++++
2026-10-07T23:12:46.0394332Z Packages are hard linked from the content-addressable store to the virtual store.
2026-10-07T23:12:46.0395571Z   Content-addressable store is at: /home/runner/setup-pnpm/node_modules/.bin/store/v11
2026-10-07T23:12:46.0414928Z   Virtual store is at:             node_modules/.pnpm
2026-10-07T23:12:46.4721429Z Progress: resolved 281, reused 281, downloaded 0, added 69
2026-10-07T23:12:47.0459218Z Progress: resolved 281, reused 281, downloaded 0, added 281, done
2026-10-07T23:12:48.9511790Z ✓ Lockfile passes supply-chain policies (340 entries in 3.5s)
2026-10-07T23:12:49.0051507Z 
2026-10-07T23:12:49.0052245Z devDependencies:
2026-10-07T23:12:49.0052597Z + @angular/common 22.1.5
2026-10-07T23:12:49.0053234Z + @angular/compiler 22.1.5
2026-10-07T23:12:49.0053497Z + @angular/core 22.1.5
2026-10-07T23:12:49.0053787Z + @angular/platform-browser 22.1.5
2026-10-07T23:12:49.0054129Z + @angular/platform-server 22.1.5
2026-10-07T23:12:49.0054432Z + @mathjax/mathjax-tex-font 4.1.3
2026-10-07T23:12:49.0054696Z + @mathjax/src 4.1.3
2026-10-07T23:12:49.0054943Z + @playwright/test 1.62.1
2026-10-07T23:12:49.0055238Z + @sveltejs/vite-plugin-svelte 7.3.0
2026-10-07T23:12:49.0055528Z + @types/node 26.4.1
2026-10-07T23:12:49.0055756Z + @types/react 19.2.18
2026-10-07T23:12:49.0055992Z + @types/react-dom 19.2.7
2026-10-07T23:12:49.0056364Z + @vitejs/plugin-react 6.1.1
2026-10-07T23:12:49.0056695Z + commonmark 0.31.2
2026-10-07T23:12:49.0056905Z + commonmark-spec 0.31.2
2026-10-07T23:12:49.0057129Z + css-select 7.0.0
2026-10-07T23:12:49.0057363Z + docx-preview 0.4.0
2026-10-07T23:12:49.0057576Z + entities 8.0.0
2026-10-07T23:12:49.0057776Z + fflate 0.8.3
2026-10-07T23:12:49.0058061Z + jsdom 30.0.1
2026-10-07T23:12:49.0058266Z + katex 0.18.6
2026-10-07T23:12:49.0058473Z + miniflare 3.20250718.3
2026-10-07T23:12:49.0058778Z + parse5 8.0.1
2026-10-07T23:12:49.0059041Z + parse5-htmlparser2-tree-adapter 8.0.1
2026-10-07T23:12:49.0059326Z + pdfjs-dist 6.3.289
2026-10-07T23:12:49.0059537Z + react 19.2.8
2026-10-07T23:12:49.0059741Z + react-dom 19.2.8
2026-10-07T23:12:49.0059940Z + rxjs 7.8.2
2026-10-07T23:12:49.0060131Z + svelte 5.57.0
2026-10-07T23:12:49.0060351Z + typescript 7.0.2
2026-10-07T23:12:49.0060627Z + unicode-emoji-json 0.9.0
2026-10-07T23:12:49.0060858Z + vite 8.2.2
2026-10-07T23:12:49.0061067Z + vitest 5.0.0
2026-10-07T23:12:49.0061262Z + vue 3.5.42
2026-10-07T23:12:49.0061446Z + yjs 13.6.32
2026-10-07T23:12:49.0061558Z 
2026-10-07T23:12:49.0299484Z Done in 4s using pnpm v11.19.0
2026-10-07T23:12:49.0831610Z ##[group]Run pnpm exec playwright install --with-deps
2026-10-07T23:12:49.0831885Z [36;1mpnpm exec playwright install --with-deps[0m
2026-10-07T23:12:49.0885882Z shell: /usr/bin/bash -e {0}
2026-10-07T23:12:49.0886057Z env:
2026-10-07T23:12:49.0886213Z   PNPM_HOME: /home/runner/setup-pnpm/node_modules/.bin
2026-10-07T23:12:49.0886406Z ##[endgroup]
2026-10-07T23:12:49.7442532Z Installing dependencies...
2026-10-07T23:12:49.7506287Z Switching to root user to install dependencies...
2026-10-07T23:12:49.8214703Z Get:1 file:/etc/apt/apt-mirrors.txt Mirrorlist [144 B]
2026-10-07T23:12:49.8555813Z Hit:2 http://azure.archive.ubuntu.com/ubuntu noble InRelease
2026-10-07T23:12:49.8564438Z Get:6 https://packages.microsoft.com/ubuntu/24.04/prod noble InRelease [3600 B]
2026-10-07T23:12:49.8595068Z Get:3 http://azure.archive.ubuntu.com/ubuntu noble-updates InRelease [126 kB]
2026-10-07T23:12:49.8632430Z Get:4 http://azure.archive.ubuntu.com/ubuntu noble-backports InRelease [126 kB]
2026-10-07T23:12:49.8651609Z Get:5 http://azure.archive.ubuntu.com/ubuntu noble-security InRelease [126 kB]
2026-10-07T23:12:49.9513428Z Get:7 https://packages.microsoft.com/ubuntu/24.04/prod noble/main armhf Packages [12.6 kB]
2026-10-07T23:12:49.9632385Z Get:8 https://packages.microsoft.com/ubuntu/24.04/prod noble/main amd64 Packages [519 kB]
2026-10-07T23:12:49.9723878Z Get:9 https://packages.microsoft.com/ubuntu/24.04/prod noble/main arm64 Packages [463 kB]
2026-10-07T23:12:49.9915036Z Get:10 http://azure.archive.ubuntu.com/ubuntu noble-updates/main amd64 Packages [1375 kB]
2026-10-07T23:12:49.9988506Z Get:11 http://azure.archive.ubuntu.com/ubuntu noble-updates/main Translation-en [306 kB]
2026-10-07T23:12:50.0005376Z Get:12 http://azure.archive.ubuntu.com/ubuntu noble-updates/main amd64 Components [181 kB]
2026-10-07T23:12:50.0029146Z Get:13 http://azure.archive.ubuntu.com/ubuntu noble-updates/universe amd64 Packages [1702 kB]
2026-10-07T23:12:50.0123715Z Get:14 http://azure.archive.ubuntu.com/ubuntu noble-updates/universe Translation-en [341 kB]
2026-10-07T23:12:50.0161005Z Get:15 http://azure.archive.ubuntu.com/ubuntu noble-updates/universe amd64 Components [388 kB]
2026-10-07T23:12:50.0187315Z Get:16 http://azure.archive.ubuntu.com/ubuntu noble-updates/restricted amd64 Packages [1730 kB]
2026-10-07T23:12:50.0261041Z Get:17 http://azure.archive.ubuntu.com/ubuntu noble-updates/restricted Translation-en [396 kB]
2026-10-07T23:12:50.0281419Z Get:18 http://azure.archive.ubuntu.com/ubuntu noble-updates/multiverse Translation-en [13.3 kB]
2026-10-07T23:12:50.0288597Z Get:19 http://azure.archive.ubuntu.com/ubuntu noble-updates/multiverse amd64 Components [940 B]
2026-10-07T23:12:50.0826447Z Get:20 http://azure.archive.ubuntu.com/ubuntu noble-backports/main amd64 Components [5752 B]
2026-10-07T23:12:50.0836748Z Get:21 http://azure.archive.ubuntu.com/ubuntu noble-backports/universe amd64 Components [12.6 kB]
2026-10-07T23:12:50.0845868Z Get:22 http://azure.archive.ubuntu.com/ubuntu noble-security/main amd64 Packages [1073 kB]
2026-10-07T23:12:50.0892351Z Get:23 http://azure.archive.ubuntu.com/ubuntu noble-security/main Translation-en [223 kB]
2026-10-07T23:12:50.0905014Z Get:24 http://azure.archive.ubuntu.com/ubuntu noble-security/main amd64 Components [46.4 kB]
2026-10-07T23:12:50.0915040Z Get:25 http://azure.archive.ubuntu.com/ubuntu noble-security/universe amd64 Packages [1218 kB]
2026-10-07T23:12:50.0961954Z Get:26 http://azure.archive.ubuntu.com/ubuntu noble-security/universe Translation-en [245 kB]
2026-10-07T23:12:50.0978684Z Get:27 http://azure.archive.ubuntu.com/ubuntu noble-security/universe amd64 Components [76.3 kB]
2026-10-07T23:12:50.0989073Z Get:28 http://azure.archive.ubuntu.com/ubuntu noble-security/restricted amd64 Packages [1566 kB]
2026-10-07T23:12:50.1047104Z Get:29 http://azure.archive.ubuntu.com/ubuntu noble-security/restricted Translation-en [361 kB]
2026-10-07T23:12:50.1064955Z Get:30 http://azure.archive.ubuntu.com/ubuntu noble-security/multiverse Translation-en [11.6 kB]
2026-10-07T23:12:57.7334854Z Fetched 12.6 MB in 1s (11.2 MB/s)
2026-10-07T23:12:58.3418403Z Reading package lists...
2026-10-07T23:12:58.3621404Z Reading package lists...
2026-10-07T23:12:58.5582338Z Building dependency tree...
2026-10-07T23:12:58.5588198Z Reading state information...
2026-10-07T23:12:58.5759937Z libasound2t64 is already the newest version (1.2.11-1ubuntu0.3).
2026-10-07T23:12:58.5760417Z libasound2t64 set to manually installed.
2026-10-07T23:12:58.5760849Z libatk-bridge2.0-0t64 is already the newest version (2.52.0-1build1).
2026-10-07T23:12:58.5761271Z libatk-bridge2.0-0t64 set to manually installed.
2026-10-07T23:12:58.5761681Z libatk1.0-0t64 is already the newest version (2.52.0-1build1).
2026-10-07T23:12:58.5762050Z libatk1.0-0t64 set to manually installed.
2026-10-07T23:12:58.5762446Z libatspi2.0-0t64 is already the newest version (2.52.0-1build1).
2026-10-07T23:12:58.5762984Z libatspi2.0-0t64 set to manually installed.
2026-10-07T23:12:58.5763359Z libcairo2 is already the newest version (1.18.0-3build1).
2026-10-07T23:12:58.5763738Z libcairo2 set to manually installed.
2026-10-07T23:12:58.5764130Z libcups2t64 is already the newest version (2.4.7-1.2ubuntu7.14).
2026-10-07T23:12:58.5764502Z libcups2t64 set to manually installed.
2026-10-07T23:12:58.5764885Z libdbus-1-3 is already the newest version (1.14.10-4ubuntu4.1).
2026-10-07T23:12:58.5765745Z libdbus-1-3 set to manually installed.
2026-10-07T23:12:58.5766141Z libdrm2 is already the newest version (2.4.125-1ubuntu0.1~24.04.2).
2026-10-07T23:12:58.5766511Z libdrm2 set to manually installed.
2026-10-07T23:12:58.5766901Z libglib2.0-0t64 is already the newest version (2.80.0-6ubuntu3.9).
2026-10-07T23:12:58.5767286Z libglib2.0-0t64 set to manually installed.
2026-10-07T23:12:58.5767675Z libnspr4 is already the newest version (2:4.35-1.1build1).
2026-10-07T23:12:58.5768030Z libnspr4 set to manually installed.
2026-10-07T23:12:58.5768390Z libnss3 is already the newest version (2:3.98-1ubuntu0.2).
2026-10-07T23:12:58.5768738Z libnss3 set to manually installed.
2026-10-07T23:12:58.5769129Z libpango-1.0-0 is already the newest version (1.52.1+ds-1build1).
2026-10-07T23:12:58.5769506Z libpango-1.0-0 set to manually installed.
2026-10-07T23:12:58.5769877Z libx11-6 is already the newest version (2:1.8.7-1build1).
2026-10-07T23:12:58.5770225Z libx11-6 set to manually installed.
2026-10-07T23:12:58.5770566Z libxcb1 is already the newest version (1.15-1ubuntu2).
2026-10-07T23:12:58.5770901Z libxcb1 set to manually installed.
2026-10-07T23:12:58.5771281Z libxcomposite1 is already the newest version (1:0.4.5-1build3).
2026-10-07T23:12:58.5771669Z libxcomposite1 set to manually installed.
2026-10-07T23:12:58.5772054Z libxdamage1 is already the newest version (1:1.1.6-1build1).
2026-10-07T23:12:58.5772415Z libxdamage1 set to manually installed.
2026-10-07T23:12:58.5772898Z libxext6 is already the newest version (2:1.3.4-1build2).
2026-10-07T23:12:58.5773244Z libxext6 set to manually installed.
2026-10-07T23:12:58.5773606Z libxfixes3 is already the newest version (1:6.0.0-2build1).
2026-10-07T23:12:58.5773976Z libxfixes3 set to manually installed.
2026-10-07T23:12:58.5774353Z libxkbcommon0 is already the newest version (1.6.0-1build1).
2026-10-07T23:12:58.5774721Z libxkbcommon0 set to manually installed.
2026-10-07T23:12:58.5775108Z libxrandr2 is already the newest version (2:1.5.2-2build1).
2026-10-07T23:12:58.5775464Z libxrandr2 set to manually installed.
2026-10-07T23:12:58.5775858Z libcairo-gobject2 is already the newest version (1.18.0-3build1).
2026-10-07T23:12:58.5776264Z libcairo-gobject2 set to manually installed.
2026-10-07T23:12:58.5776677Z libfontconfig1 is already the newest version (2.15.0-1.1ubuntu2).
2026-10-07T23:12:58.5777064Z libfontconfig1 set to manually installed.
2026-10-07T23:12:58.5777511Z libgdk-pixbuf-2.0-0 is already the newest version (2.42.10+dfsg-3ubuntu3.3).
2026-10-07T23:12:58.5777956Z libgdk-pixbuf-2.0-0 set to manually installed.
2026-10-07T23:12:58.5778373Z libgtk-3-0t64 is already the newest version (3.24.41-4ubuntu1.3).
2026-10-07T23:12:58.5779193Z libgtk-3-0t64 set to manually installed.
2026-10-07T23:12:58.5779613Z libpangocairo-1.0-0 is already the newest version (1.52.1+ds-1build1).
2026-10-07T23:12:58.5780030Z libpangocairo-1.0-0 set to manually installed.
2026-10-07T23:12:58.5780429Z libx11-xcb1 is already the newest version (2:1.8.7-1build1).
2026-10-07T23:12:58.5780794Z libx11-xcb1 set to manually installed.
2026-10-07T23:12:58.5781156Z libxcb-shm0 is already the newest version (1.15-1ubuntu2).
2026-10-07T23:12:58.5781510Z libxcb-shm0 set to manually installed.
2026-10-07T23:12:58.5781889Z libxcursor1 is already the newest version (1:1.2.1-1build1).
2026-10-07T23:12:58.5782254Z libxcursor1 set to manually installed.
2026-10-07T23:12:58.5782608Z libxi6 is already the newest version (2:1.8.1-1build1).
2026-10-07T23:12:58.5783059Z libxi6 set to manually installed.
2026-10-07T23:12:58.5783433Z libxrender1 is already the newest version (1:0.9.10-1.1build1).
2026-10-07T23:12:58.5783806Z libxrender1 set to manually installed.
2026-10-07T23:12:58.5784177Z libicu74 is already the newest version (74.2-1ubuntu3.1).
2026-10-07T23:12:58.5784624Z libatomic1 is already the newest version (14.2.0-4ubuntu2~24.04.1).
2026-10-07T23:12:58.5785007Z libatomic1 set to manually installed.
2026-10-07T23:12:58.5785802Z libenchant-2-2 is already the newest version (2.3.3-2build2).
2026-10-07T23:12:58.5786206Z libenchant-2-2 set to manually installed.
2026-10-07T23:12:58.5786580Z libepoxy0 is already the newest version (1.5.10-1build1).
2026-10-07T23:12:58.5786938Z libepoxy0 set to manually installed.
2026-10-07T23:12:58.5787342Z libgstreamer1.0-0 is already the newest version (1.24.2-1ubuntu0.1).
2026-10-07T23:12:58.5787753Z libgstreamer1.0-0 set to manually installed.
2026-10-07T23:12:58.5788153Z libharfbuzz0b is already the newest version (8.3.0-2build2).
2026-10-07T23:12:58.5788527Z libharfbuzz0b set to manually installed.
2026-10-07T23:12:58.5788925Z libjpeg-turbo8 is already the newest version (2.1.5-2ubuntu2).
2026-10-07T23:12:58.5789320Z libjpeg-turbo8 set to manually installed.
2026-10-07T23:12:58.5789705Z liblcms2-2 is already the newest version (2.14-2ubuntu0.1).
2026-10-07T23:12:58.5790069Z liblcms2-2 set to manually installed.
2026-10-07T23:12:58.5790469Z libpng16-16t64 is already the newest version (1.6.43-5ubuntu0.6).
2026-10-07T23:12:58.5790864Z libpng16-16t64 set to manually installed.
2026-10-07T23:12:58.5791288Z libwayland-client0 is already the newest version (1.22.0-2.1build1).
2026-10-07T23:12:58.7033365Z libwayland-client0 set to manually installed.
2026-10-07T23:12:58.7034073Z libwayland-egl1 is already the newest version (1.22.0-2.1build1).
2026-10-07T23:12:58.7034667Z libwayland-egl1 set to manually installed.
2026-10-07T23:12:58.7035183Z libwebp7 is already the newest version (1.3.2-0.4build3).
2026-10-07T23:12:58.7035619Z libwebp7 set to manually installed.
2026-10-07T23:12:58.7036141Z libwebpdemux2 is already the newest version (1.3.2-0.4build3).
2026-10-07T23:12:58.7036686Z libwebpdemux2 set to manually installed.
2026-10-07T23:12:58.7037264Z libxml2 is already the newest version (2.9.14+dfsg-1.3ubuntu3.9).
2026-10-07T23:12:58.7037788Z libxml2 set to manually installed.
2026-10-07T23:12:58.7038323Z libxslt1.1 is already the newest version (1.1.39-0exp1ubuntu0.24.04.3).
2026-10-07T23:12:58.7038807Z libxslt1.1 set to manually installed.
2026-10-07T23:12:58.7039267Z xvfb is already the newest version (2:21.1.12-1ubuntu1.8).
2026-10-07T23:12:58.7039840Z fonts-noto-color-emoji is already the newest version (2.047-0ubuntu0.24.04.1).
2026-10-07T23:12:58.7040414Z fonts-liberation is already the newest version (1:2.1.5-3).
2026-10-07T23:12:58.7040840Z fonts-liberation set to manually installed.
2026-10-07T23:12:58.7041247Z The following additional packages will be installed:
2026-10-07T23:12:58.7041812Z   glib-networking glib-networking-common glib-networking-services
2026-10-07T23:12:58.7042415Z   gsettings-desktop-schemas libaa1 libabsl20220623t64 libass9 libasyncns0
2026-10-07T23:12:58.7043136Z   libavc1394-0 libavfilter9 libavformat60 libavtp0 libavutil58 libblas3
2026-10-07T23:12:58.7044300Z   libbluray2 libbs2b0 libcaca0 libcairo-script-interpreter2 libcdparanoia0
2026-10-07T23:12:58.7044800Z   libchromaprint1 libcjson1 libcodec2-1.2 libdav1d7 libdc1394-25 libdca0
2026-10-07T23:12:58.7045224Z   libde265-0 libdecor-0-0 libdirectfb-1.7-7t64 libdv4t64 libdvdnav4
2026-10-07T23:12:58.7045616Z   libdvdread8t64 libegl-mesa0 libegl1 libevent-core-2.1-7t64
2026-10-07T23:12:58.7045949Z   libevent-pthreads-2.1-7t64 libfaad2 libflac12t64 libfluidsynth3 libfreeaptx0
2026-10-07T23:12:58.7046271Z   libgav1-1 libgl1-mesa-dri libglx-mesa0 libgme0 libgraphene-1.0-0 libgsm1
2026-10-07T23:12:58.7046587Z   libgssdp-1.6-0 libgstreamer-plugins-good1.0-0 libgtk-4-common libgupnp-1.6-0
2026-10-07T23:12:58.7046883Z   libgupnp-igd-1.6-0 libhwy1t64 libiec61883-0 libimath-3-1-29t64
2026-10-07T23:12:58.7047157Z   libinstpatch-1.0-2 libjack-jackd2-0 libjxl0.7 liblapack3 liblc3-1
2026-10-07T23:12:58.7047470Z   libldacbt-enc2 liblilv-0-0 liblrdf0 libltc11 libmbedcrypto7t64 libmfx1
2026-10-07T23:12:58.7047748Z   libmjpegutils-2.1-0t64 libmodplug1 libmp3lame0 libmpcdec6
2026-10-07T23:12:58.7048019Z   libmpeg2encpp-2.1-0t64 libmpg123-0t64 libmplex2-2.1-0t64 libmysofa1
2026-10-07T23:12:58.7048298Z   libneon27t64 libnice10 libopenal-data libopenal1 libopenexr-3-1-30
2026-10-07T23:12:58.7048898Z   libopenh264-7 libopenmpt0t64 libopenni2-0 liborc-0.4-0t64
2026-10-07T23:12:58.7049165Z   libpipewire-0.3-0t64 libplacebo338 libpocketsphinx3 libpostproc57
2026-10-07T23:12:58.7049453Z   libproxy1v5 libpulse0 libqrencode4 libraptor2-0 librav1e0 libraw1394-11
2026-10-07T23:12:58.7049761Z   librist4 librsvg2-2 librubberband2 libsamplerate0 libsbc1 libsdl2-2.0-0
2026-10-07T23:12:58.7050062Z   libsecret-common libserd-0-0 libshine3 libshout3 libsndfile1 libsndio7.0
2026-10-07T23:12:58.7050356Z   libsord-0-0 libsoundtouch1 libsoup-3.0-0 libsoup-3.0-common libsoxr0
2026-10-07T23:12:58.7050656Z   libspa-0.2-modules libspandsp2t64 libspeex1 libsphinxbase3t64 libsratom-0-0
2026-10-07T23:12:58.7051076Z   libsrt1.5-gnutls libsrtp2-1 libssh-gcrypt-4 libsvtav1enc1d1 libswresample4
2026-10-07T23:12:58.7051387Z   libswscale7 libtag1v5 libtag1v5-vanilla libtheora0 libtwolame0 libudfread0
2026-10-07T23:12:58.7051692Z   libunibreak5 libv4l-0t64 libv4lconvert0t64 libva-drm2 libva-x11-2 libva2
2026-10-07T23:12:58.7051986Z   libvdpau1 libvidstab1.1 libvisual-0.4-0 libvo-aacenc0 libvo-amrwbenc0
2026-10-07T23:12:58.7052288Z   libvorbisenc2 libvpl2 libwavpack1 libwebrtc-audio-processing1 libwildmidi2
2026-10-07T23:12:58.7052601Z   libx265-199 libxcb-xkb1 libxkbcommon-x11-0 libxvidcore4 libyuv0 libzbar0t64
2026-10-07T23:12:58.7053138Z   libzimg2 libzix-0-0 libzvbi-common libzvbi0t64 libzxing3 mesa-libgallium
2026-10-07T23:12:58.7053602Z   ocl-icd-libopencl1 session-migration timgm6mb-soundfont xfonts-encodings
2026-10-07T23:12:58.7053941Z   xfonts-utils
2026-10-07T23:12:58.7054142Z Suggested packages:
2026-10-07T23:12:58.7054467Z   frei0r-plugins gvfs libcuda1 libnvcuvid1 libnvidia-encode1 libbluray-bdj
2026-10-07T23:12:58.7054952Z   libdirectfb-extra libdv-bin oss-compat libdvdcss2 libvisual-0.4-plugins
2026-10-07T23:12:58.7055395Z   jackd2 liblrdf0-dev libportaudio2 opus-tools pipewire pulseaudio
2026-10-07T23:12:58.7055837Z   raptor2-utils libraw1394-doc librsvg2-bin serdi sndiod sordi speex
2026-10-07T23:12:58.7056136Z   libwildmidi-config opencl-icd fluid-soundfont-gm
2026-10-07T23:12:58.7056329Z Recommended packages:
2026-10-07T23:12:58.7056531Z   fonts-ipafont-mincho fonts-tlwg-loma gstreamer1.0-x libaacs0
2026-10-07T23:12:58.7056816Z   default-libdecor-0-plugin-1 | libdecor-0-plugin-1 gstreamer1.0-gl
2026-10-07T23:12:58.7057130Z   libgtk-4-bin librsvg2-common libgtk-4-media-gstreamer libpipewire-0.3-common
2026-10-07T23:12:58.7057457Z   pocketsphinx-en-us va-driver-all | va-driver vdpau-driver-all | vdpau-driver
2026-10-07T23:12:58.7057810Z   libmagickcore-6.q16-7-extra
2026-10-07T23:12:58.7573527Z The following NEW packages will be installed:
2026-10-07T23:12:58.7574641Z   fonts-freefont-ttf fonts-ipafont-gothic fonts-tlwg-loma-otf fonts-unifont
2026-10-07T23:12:58.7575331Z   fonts-wqy-zenhei glib-networking glib-networking-common
2026-10-07T23:12:58.7575878Z   glib-networking-services gsettings-desktop-schemas gstreamer1.0-libav
2026-10-07T23:12:58.7576518Z   gstreamer1.0-plugins-bad gstreamer1.0-plugins-base gstreamer1.0-plugins-good
2026-10-07T23:12:58.7577191Z   libaa1 libabsl20220623t64 libass9 libasyncns0 libavc1394-0 libavcodec60
2026-10-07T23:12:58.7577794Z   libavfilter9 libavformat60 libavif16 libavtp0 libavutil58 libblas3
2026-10-07T23:12:58.7578421Z   libbluray2 libbs2b0 libcaca0 libcairo-script-interpreter2 libcdparanoia0
2026-10-07T23:12:58.7578997Z   libchromaprint1 libcjson1 libcodec2-1.2 libdav1d7 libdc1394-25 libdca0
2026-10-07T23:12:58.7579543Z   libde265-0 libdecor-0-0 libdirectfb-1.7-7t64 libdv4t64 libdvdnav4
2026-10-07T23:12:58.7580156Z   libdvdread8t64 libegl-mesa0 libegl1 libevent-2.1-7t64 libfaad2 libflac12t64
2026-10-07T23:12:58.7580777Z   libflite1 libfluidsynth3 libfreeaptx0 libgav1-1 libgles2 libgme0
2026-10-07T23:12:58.7581335Z   libgraphene-1.0-0 libgsm1 libgssdp-1.6-0 libgstreamer-gl1.0-0
2026-10-07T23:12:58.7581938Z   libgstreamer-plugins-bad1.0-0 libgstreamer-plugins-base1.0-0
2026-10-07T23:12:58.7582528Z   libgstreamer-plugins-good1.0-0 libgtk-4-1 libgtk-4-common libgupnp-1.6-0
2026-10-07T23:12:58.7583620Z   libgupnp-igd-1.6-0 libharfbuzz-icu0 libhwy1t64 libhyphen0 libiec61883-0
2026-10-07T23:12:58.7584267Z   libimath-3-1-29t64 libinstpatch-1.0-2 libjack-jackd2-0 libjxl0.7 liblapack3
2026-10-07T23:12:58.7584902Z   liblc3-1 libldacbt-enc2 liblilv-0-0 liblrdf0 libltc11 libmanette-0.2-0
2026-10-07T23:12:58.7585544Z   libmbedcrypto7t64 libmfx1 libmjpegutils-2.1-0t64 libmodplug1 libmp3lame0
2026-10-07T23:12:58.7586202Z   libmpcdec6 libmpeg2encpp-2.1-0t64 libmpg123-0t64 libmplex2-2.1-0t64
2026-10-07T23:12:58.7586831Z   libmysofa1 libneon27t64 libnice10 libopenal-data libopenal1
2026-10-07T23:12:58.7587438Z   libopenexr-3-1-30 libopenh264-7 libopenmpt0t64 libopenni2-0 libopus0
2026-10-07T23:12:58.7588055Z   liborc-0.4-0t64 libpipewire-0.3-0t64 libplacebo338 libpocketsphinx3
2026-10-07T23:12:58.7588714Z   libpostproc57 libproxy1v5 libpulse0 libqrencode4 libraptor2-0 librav1e0
2026-10-07T23:12:58.7589388Z   libraw1394-11 librist4 librsvg2-2 librubberband2 libsamplerate0 libsbc1
2026-10-07T23:12:58.7590092Z   libsdl2-2.0-0 libsecret-1-0 libsecret-common libserd-0-0 libshine3 libshout3
2026-10-07T23:12:58.7590747Z   libsndfile1 libsndio7.0 libsord-0-0 libsoundtouch1 libsoup-3.0-0
2026-10-07T23:12:58.7591366Z   libsoup-3.0-common libsoxr0 libspa-0.2-modules libspandsp2t64 libspeex1
2026-10-07T23:12:58.7592108Z   libsphinxbase3t64 libsratom-0-0 libsrt1.5-gnutls libsrtp2-1 libssh-gcrypt-4
2026-10-07T23:12:58.7592989Z   libsvtav1enc1d1 libswresample4 libswscale7 libtag1v5 libtag1v5-vanilla
2026-10-07T23:12:58.7593615Z   libtheora0 libtwolame0 libudfread0 libunibreak5 libv4l-0t64
2026-10-07T23:12:58.7594253Z   libv4lconvert0t64 libva-drm2 libva-x11-2 libva2 libvdpau1 libvidstab1.1
2026-10-07T23:12:58.7594952Z   libvisual-0.4-0 libvo-aacenc0 libvo-amrwbenc0 libvorbisenc2 libvpl2 libvpx9
2026-10-07T23:12:58.7595553Z   libwavpack1 libwayland-server0 libwebrtc-audio-processing1 libwildmidi2
2026-10-07T23:12:58.7596191Z   libwoff1 libx264-164 libx265-199 libxcb-xkb1 libxkbcommon-x11-0 libxvidcore4
2026-10-07T23:12:58.7596845Z   libyuv0 libzbar0t64 libzimg2 libzix-0-0 libzvbi-common libzvbi0t64 libzxing3
2026-10-07T23:12:58.7597405Z   ocl-icd-libopencl1 session-migration timgm6mb-soundfont xfonts-cyrillic
2026-10-07T23:12:58.7597820Z   xfonts-encodings xfonts-scalable xfonts-utils
2026-10-07T23:12:58.7598162Z The following packages will be upgraded:
2026-10-07T23:12:58.7598557Z   libevent-core-2.1-7t64 libevent-pthreads-2.1-7t64 libfreetype6 libgbm1
2026-10-07T23:12:58.7598954Z   libgl1-mesa-dri libglx-mesa0 mesa-libgallium
2026-10-07T23:12:58.7780645Z 7 upgraded, 181 newly installed, 0 to remove and 23 not upgraded.
2026-10-07T23:12:58.7781096Z Need to get 126 MB of archives.
2026-10-07T23:12:58.7781898Z After this operation, 364 MB of additional disk space will be used.
2026-10-07T23:12:58.7782349Z Get:1 file:/etc/apt/apt-mirrors.txt Mirrorlist [144 B]
2026-10-07T23:12:58.8254290Z Get:2 http://azure.archive.ubuntu.com/ubuntu noble/universe amd64 fonts-ipafont-gothic all 00303-21ubuntu1 [3513 kB]
2026-10-07T23:12:58.8846825Z Get:3 http://azure.archive.ubuntu.com/ubuntu noble/main amd64 fonts-freefont-ttf all 20211204+svn4273-2 [5641 kB]
2026-10-07T23:12:58.9679664Z Get:4 http://azure.archive.ubuntu.com/ubuntu noble/universe amd64 fonts-tlwg-loma-otf all 1:0.7.3-1 [107 kB]
2026-10-07T23:12:58.9965434Z Get:5 http://azure.archive.ubuntu.com/ubuntu noble/universe amd64 fonts-unifont all 1:15.1.01-1build1 [2993 kB]
2026-10-07T23:12:59.0528556Z Get:6 http://azure.archive.ubuntu.com/ubuntu noble/universe amd64 fonts-wqy-zenhei all 0.9.45-8 [7472 kB]
2026-10-07T23:12:59.1471317Z Get:7 http://azure.archive.ubuntu.com/ubuntu noble/main amd64 libproxy1v5 amd64 0.5.4-4build1 [26.5 kB]
2026-10-07T23:12:59.1748480Z Get:8 http://azure.archive.ubuntu.com/ubuntu noble/main amd64 glib-networking-common all 2.80.0-1build1 [6702 B]
2026-10-07T23:12:59.2026179Z Get:9 http://azure.archive.ubuntu.com/ubuntu noble/main amd64 glib-networking-services amd64 2.80.0-1build1 [12.8 kB]
2026-10-07T23:12:59.2303031Z Get:10 http://azure.archive.ubuntu.com/ubuntu noble/main amd64 session-migration amd64 0.3.9build1 [9034 B]
2026-10-07T23:12:59.2581571Z Get:11 http://azure.archive.ubuntu.com/ubuntu noble-updates/main amd64 gsettings-desktop-schemas all 46.1-0ubuntu1 [35.6 kB]
2026-10-07T23:12:59.2898274Z Get:12 http://azure.archive.ubuntu.com/ubuntu noble/main amd64 glib-networking amd64 2.80.0-1build1 [64.1 kB]
2026-10-07T23:12:59.3250754Z Get:13 http://azure.archive.ubuntu.com/ubuntu noble-updates/universe amd64 libva2 amd64 2.20.0-2ubuntu0.2 [66.4 kB]
2026-10-07T23:12:59.3603572Z Get:14 http://azure.archive.ubuntu.com/ubuntu noble-updates/universe amd64 libva-drm2 amd64 2.20.0-2ubuntu0.2 [7124 B]
2026-10-07T23:12:59.3919732Z Get:15 http://azure.archive.ubuntu.com/ubuntu noble-updates/universe amd64 libva-x11-2 amd64 2.20.0-2ubuntu0.2 [12.0 kB]
2026-10-07T23:12:59.4238179Z Get:16 http://azure.archive.ubuntu.com/ubuntu noble/main amd64 libvdpau1 amd64 1.5-2build1 [27.8 kB]
2026-10-07T23:12:59.4593776Z Get:17 http://azure.archive.ubuntu.com/ubuntu noble/universe amd64 libvpl2 amd64 2023.3.0-1build1 [99.8 kB]
2026-10-07T23:12:59.4939994Z Get:18 http://azure.archive.ubuntu.com/ubuntu noble/universe amd64 ocl-icd-libopencl1 amd64 2.3.2-1build1 [38.5 kB]
2026-10-07T23:12:59.5284318Z Get:19 http://azure.archive.ubuntu.com/ubuntu noble/universe amd64 libavutil58 amd64 7:6.1.1-3ubuntu5 [401 kB]
2026-10-07T23:12:59.6085837Z Get:20 http://azure.archive.ubuntu.com/ubuntu noble/universe amd64 libcodec2-1.2 amd64 1.2.0-2build1 [8998 kB]
2026-10-07T23:12:59.7513721Z Get:21 http://azure.archive.ubuntu.com/ubuntu noble/universe amd64 libdav1d7 amd64 1.4.1-1build1 [604 kB]
2026-10-07T23:12:59.7886145Z Get:22 http://azure.archive.ubuntu.com/ubuntu noble/universe amd64 libgsm1 amd64 1.0.22-1build1 [27.8 kB]
2026-10-07T23:12:59.8230574Z Get:23 http://azure.archive.ubuntu.com/ubuntu noble/universe amd64 libhwy1t64 amd64 1.0.7-8.1build1 [584 kB]
2026-10-07T23:12:59.8605408Z Get:24 http://azure.archive.ubuntu.com/ubuntu noble-updates/universe amd64 libjxl0.7 amd64 0.7.0-10.2ubuntu6.1 [1001 kB]
2026-10-07T23:12:59.8990624Z Get:25 http://azure.archive.ubuntu.com/ubuntu noble/main amd64 libmp3lame0 amd64 3.100-6build1 [142 kB]
2026-10-07T23:12:59.9342852Z Get:26 http://azure.archive.ubuntu.com/ubuntu noble/main amd64 libopus0 amd64 1.4-1build1 [208 kB]
2026-10-07T23:12:59.9666015Z Get:27 http://azure.archive.ubuntu.com/ubuntu noble/universe amd64 librav1e0 amd64 0.7.1-2 [1022 kB]
2026-10-07T23:13:00.0000765Z Get:28 http://azure.archive.ubuntu.com/ubuntu noble-updates/main amd64 librsvg2-2 amd64 2.58.0+dfsg-1ubuntu0.1 [2141 kB]
2026-10-07T23:13:00.0362097Z Get:29 http://azure.archive.ubuntu.com/ubuntu noble/universe amd64 libshine3 amd64 3.1.1-2build1 [23.2 kB]
2026-10-07T23:13:00.0677825Z Get:30 http://azure.archive.ubuntu.com/ubuntu noble-updates/main amd64 libspeex1 amd64 1.2.1-2ubuntu2.24.04.1 [59.6 kB]
2026-10-07T23:13:00.1005318Z Get:31 http://azure.archive.ubuntu.com/ubuntu noble/universe amd64 libsvtav1enc1d1 amd64 1.7.0+dfsg-2build1 [2425 kB]
2026-10-07T23:13:00.1486873Z Get:32 http://azure.archive.ubuntu.com/ubuntu noble/universe amd64 libsoxr0 amd64 0.1.3-4build3 [80.0 kB]
2026-10-07T23:13:00.1806728Z Get:33 http://azure.archive.ubuntu.com/ubuntu noble/universe amd64 libswresample4 amd64 7:6.1.1-3ubuntu5 [63.8 kB]
2026-10-07T23:13:00.2133693Z Get:34 http://azure.archive.ubuntu.com/ubuntu noble/main amd64 libtheora0 amd64 1.1.1+dfsg.1-16.1build3 [211 kB]
2026-10-07T23:13:00.2456642Z Get:35 http://azure.archive.ubuntu.com/ubuntu noble/main amd64 libtwolame0 amd64 0.4.0-2build3 [52.3 kB]
2026-10-07T23:13:00.2775719Z Get:36 http://azure.archive.ubuntu.com/ubuntu noble/main amd64 libvorbisenc2 amd64 1.3.7-1build3 [80.8 kB]
2026-10-07T23:13:00.3094663Z Get:37 http://azure.archive.ubuntu.com/ubuntu noble-updates/main amd64 libvpx9 amd64 1.14.0-1ubuntu2.3 [1143 kB]
2026-10-07T23:13:00.3454957Z Get:38 http://azure.archive.ubuntu.com/ubuntu noble/universe amd64 libx264-164 amd64 2:0.164.3108+git31e19f9-1 [604 kB]
2026-10-07T23:13:00.4178044Z Get:39 http://azure.archive.ubuntu.com/ubuntu noble/universe amd64 libx265-199 amd64 3.5-2build1 [1226 kB]
2026-10-07T23:13:00.4505556Z Get:40 http://azure.archive.ubuntu.com/ubuntu noble/universe amd64 libxvidcore4 amd64 2:1.3.7-1build1 [219 kB]
2026-10-07T23:13:00.4793113Z Get:41 http://azure.archive.ubuntu.com/ubuntu noble/universe amd64 libzvbi-common all 0.2.42-2 [42.4 kB]
2026-10-07T23:13:00.5074825Z Get:42 http://azure.archive.ubuntu.com/ubuntu noble/universe amd64 libzvbi0t64 amd64 0.2.42-2 [261 kB]
2026-10-07T23:13:00.5364327Z Get:43 http://azure.archive.ubuntu.com/ubuntu noble/universe amd64 libavcodec60 amd64 7:6.1.1-3ubuntu5 [5851 kB]
2026-10-07T23:13:00.6208783Z Get:44 http://azure.archive.ubuntu.com/ubuntu noble-updates/main amd64 libfreetype6 amd64 2.13.2+dfsg-1ubuntu0.2 [403 kB]
2026-10-07T23:13:00.6565687Z Get:45 http://azure.archive.ubuntu.com/ubuntu noble/universe amd64 libunibreak5 amd64 5.1-2build1 [25.0 kB]
2026-10-07T23:13:00.6908913Z Get:46 http://azure.archive.ubuntu.com/ubuntu noble/universe amd64 libass9 amd64 1:0.17.1-2build1 [104 kB]
2026-10-07T23:13:00.7256362Z Get:47 http://azure.archive.ubuntu.com/ubuntu noble/universe amd64 libudfread0 amd64 1.1.2-1build1 [19.0 kB]
2026-10-07T23:13:00.7600943Z Get:48 http://azure.archive.ubuntu.com/ubuntu noble/universe amd64 libbluray2 amd64 1:1.3.4-1build1 [159 kB]
2026-10-07T23:13:00.7886719Z Get:49 http://azure.archive.ubuntu.com/ubuntu noble/universe amd64 libchromaprint1 amd64 1.5.1-5 [30.5 kB]
2026-10-07T23:13:00.8176085Z Get:50 http://azure.archive.ubuntu.com/ubuntu noble/universe amd64 libgme0 amd64 0.6.3-7build1 [134 kB]
2026-10-07T23:13:00.8463577Z Get:51 http://azure.archive.ubuntu.com/ubuntu noble-updates/main amd64 libmpg123-0t64 amd64 1.32.5-1ubuntu1.1 [169 kB]
2026-10-07T23:13:00.8765288Z Get:52 http://azure.archive.ubuntu.com/ubuntu noble/universe amd64 libopenmpt0t64 amd64 0.7.3-1.1build3 [647 kB]
2026-10-07T23:13:00.9173652Z Get:53 http://azure.archive.ubuntu.com/ubuntu noble/universe amd64 libcjson1 amd64 1.7.17-1 [24.8 kB]
2026-10-07T23:13:00.9457654Z Get:54 http://azure.archive.ubuntu.com/ubuntu noble/universe amd64 libmbedcrypto7t64 amd64 2.28.8-1 [209 kB]
2026-10-07T23:13:00.9792941Z Get:55 http://azure.archive.ubuntu.com/ubuntu noble/universe amd64 librist4 amd64 0.2.10+dfsg-2 [74.9 kB]
2026-10-07T23:13:01.0076324Z Get:56 http://azure.archive.ubuntu.com/ubuntu noble/universe amd64 libsrt1.5-gnutls amd64 1.5.3-1build2 [316 kB]
2026-10-07T23:13:01.0367080Z Get:57 http://azure.archive.ubuntu.com/ubuntu noble-updates/main amd64 libssh-gcrypt-4 amd64 0.10.6-2ubuntu0.5 [226 kB]
2026-10-07T23:13:01.1177122Z Get:58 http://azure.archive.ubuntu.com/ubuntu noble/universe amd64 libavformat60 amd64 7:6.1.1-3ubuntu5 [1153 kB]
2026-10-07T23:13:01.1536804Z Get:59 http://azure.archive.ubuntu.com/ubuntu noble/universe amd64 libbs2b0 amd64 3.1.0+dfsg-7build1 [10.6 kB]
2026-10-07T23:13:01.1853891Z Get:60 http://azure.archive.ubuntu.com/ubuntu noble/universe amd64 libflite1 amd64 2.2-6build3 [13.6 MB]
2026-10-07T23:13:01.3822878Z Get:61 http://azure.archive.ubuntu.com/ubuntu noble/universe amd64 libserd-0-0 amd64 0.32.2-1 [43.6 kB]
2026-10-07T23:13:01.4127719Z Get:62 http://azure.archive.ubuntu.com/ubuntu noble/universe amd64 libzix-0-0 amd64 0.4.2-2build1 [23.6 kB]
2026-10-07T23:13:01.4407222Z Get:63 http://azure.archive.ubuntu.com/ubuntu noble/universe amd64 libsord-0-0 amd64 0.16.16-2build1 [15.8 kB]
2026-10-07T23:13:01.4687175Z Get:64 http://azure.archive.ubuntu.com/ubuntu noble/universe amd64 libsratom-0-0 amd64 0.6.16-1build1 [17.3 kB]
2026-10-07T23:13:01.4966439Z Get:65 http://azure.archive.ubuntu.com/ubuntu noble/universe amd64 liblilv-0-0 amd64 0.24.22-1build1 [41.0 kB]
2026-10-07T23:13:01.5248642Z Get:66 http://azure.archive.ubuntu.com/ubuntu noble/universe amd64 libmysofa1 amd64 1.3.2+dfsg-2ubuntu2 [1158 kB]
2026-10-07T23:13:01.5587176Z Get:67 http://azure.archive.ubuntu.com/ubuntu noble/universe amd64 libplacebo338 amd64 6.338.2-2build1 [2654 kB]
2026-10-07T23:13:01.5968847Z Get:68 http://azure.archive.ubuntu.com/ubuntu noble-updates/main amd64 libblas3 amd64 3.12.0-3build1.1 [238 kB]
2026-10-07T23:13:01.6256751Z Get:69 http://azure.archive.ubuntu.com/ubuntu noble-updates/main amd64 liblapack3 amd64 3.12.0-3build1.1 [2646 kB]
2026-10-07T23:13:01.6635317Z Get:70 http://azure.archive.ubuntu.com/ubuntu noble/main amd64 libasyncns0 amd64 0.8-6build4 [11.3 kB]
2026-10-07T23:13:01.6914793Z Get:71 http://azure.archive.ubuntu.com/ubuntu noble/main amd64 libflac12t64 amd64 1.4.3+ds-2.1ubuntu2 [197 kB]
2026-10-07T23:13:01.8146972Z Get:72 http://azure.archive.ubuntu.com/ubuntu noble-updates/main amd64 libsndfile1 amd64 1.2.2-1ubuntu5.24.04.1 [209 kB]
2026-10-07T23:13:02.0054484Z Get:73 http://azure.archive.ubuntu.com/ubuntu noble-updates/main amd64 libpulse0 amd64 1:16.1+dfsg1-2ubuntu10.1 [292 kB]
2026-10-07T23:13:02.1567499Z Get:74 http://azure.archive.ubuntu.com/ubuntu noble/universe amd64 libsphinxbase3t64 amd64 0.8+5prealpha+1-17build2 [126 kB]
2026-10-07T23:13:02.1849582Z Get:75 http://azure.archive.ubuntu.com/ubuntu noble/universe amd64 libpocketsphinx3 amd64 0.8.0+real5prealpha+1-15ubuntu5 [133 kB]
2026-10-07T23:13:02.2618364Z Get:76 http://azure.archive.ubuntu.com/ubuntu noble/universe amd64 libpostproc57 amd64 7:6.1.1-3ubuntu5 [49.9 kB]
2026-10-07T23:13:02.2901310Z Get:77 http://azure.archive.ubuntu.com/ubuntu noble/main amd64 libsamplerate0 amd64 0.2.2-4build1 [1344 kB]
2026-10-07T23:13:02.3235600Z Get:78 http://azure.archive.ubuntu.com/ubuntu noble/universe amd64 librubberband2 amd64 3.3.0+dfsg-2build1 [130 kB]
2026-10-07T23:13:02.3642966Z Get:79 http://azure.archive.ubuntu.com/ubuntu noble/universe amd64 libswscale7 amd64 7:6.1.1-3ubuntu5 [193 kB]
2026-10-07T23:13:02.3993353Z Get:80 http://azure.archive.ubuntu.com/ubuntu noble/universe amd64 libvidstab1.1 amd64 1.1.0-2build1 [38.5 kB]
2026-10-07T23:13:02.4366015Z Get:81 http://azure.archive.ubuntu.com/ubuntu noble/universe amd64 libzimg2 amd64 3.0.5+ds1-1build1 [254 kB]
2026-10-07T23:13:02.4721197Z Get:82 http://azure.archive.ubuntu.com/ubuntu noble/universe amd64 libavfilter9 amd64 7:6.1.1-3ubuntu5 [4235 kB]
2026-10-07T23:13:02.5469055Z Get:83 http://azure.archive.ubuntu.com/ubuntu noble-updates/main amd64 liborc-0.4-0t64 amd64 1:0.4.38-1ubuntu0.1 [207 kB]
2026-10-07T23:13:02.5820712Z Get:84 http://azure.archive.ubuntu.com/ubuntu noble-updates/main amd64 libgstreamer-plugins-base1.0-0 amd64 1.24.2-1ubuntu0.5 [862 kB]
2026-10-07T23:13:02.6200746Z Get:85 http://azure.archive.ubuntu.com/ubuntu noble/universe amd64 gstreamer1.0-libav amd64 1.24.1-1build1 [103 kB]
2026-10-07T23:13:02.6566295Z Get:86 http://azure.archive.ubuntu.com/ubuntu noble/main amd64 libcdparanoia0 amd64 3.10.2+debian-14build3 [48.5 kB]
2026-10-07T23:13:02.6884127Z Get:87 http://azure.archive.ubuntu.com/ubuntu noble/main amd64 libvisual-0.4-0 amd64 0.4.2-2build1 [115 kB]
2026-10-07T23:13:02.7205776Z Get:88 http://azure.archive.ubuntu.com/ubuntu noble-updates/main amd64 gstreamer1.0-plugins-base amd64 1.24.2-1ubuntu0.5 [721 kB]
2026-10-07T23:13:02.7552576Z Get:89 http://azure.archive.ubuntu.com/ubuntu noble/main amd64 libaa1 amd64 1.4p5-51.1 [49.9 kB]
2026-10-07T23:13:02.7834164Z Get:90 http://azure.archive.ubuntu.com/ubuntu noble/main amd64 libraw1394-11 amd64 2.1.2-2build3 [26.2 kB]
2026-10-07T23:13:02.8114460Z Get:91 http://azure.archive.ubuntu.com/ubuntu noble/main amd64 libavc1394-0 amd64 0.5.4-5build3 [15.4 kB]
2026-10-07T23:13:02.8393184Z Get:92 http://azure.archive.ubuntu.com/ubuntu noble-updates/main amd64 libcaca0 amd64 0.99.beta20-4ubuntu0.2 [209 kB]
2026-10-07T23:13:02.8683732Z Get:93 http://azure.archive.ubuntu.com/ubuntu noble/main amd64 libdv4t64 amd64 1.0.0-17.1build1 [63.2 kB]
2026-10-07T23:13:02.9377876Z Get:94 http://azure.archive.ubuntu.com/ubuntu noble-updates/main amd64 libgstreamer-plugins-good1.0-0 amd64 1.24.2-1ubuntu1.8 [34.3 kB]
2026-10-07T23:13:02.9723257Z Get:95 http://azure.archive.ubuntu.com/ubuntu noble/main amd64 libiec61883-0 amd64 1.2.0-6build1 [24.5 kB]
2026-10-07T23:13:03.0089219Z Get:96 http://azure.archive.ubuntu.com/ubuntu noble/main amd64 libshout3 amd64 2.4.6-1build2 [50.3 kB]
2026-10-07T23:13:03.0435677Z Get:97 http://azure.archive.ubuntu.com/ubuntu noble/main amd64 libtag1v5-vanilla amd64 1.13.1-1build1 [326 kB]
2026-10-07T23:13:03.0792016Z Get:98 http://azure.archive.ubuntu.com/ubuntu noble/main amd64 libtag1v5 amd64 1.13.1-1build1 [11.7 kB]
2026-10-07T23:13:03.1073760Z Get:99 http://azure.archive.ubuntu.com/ubuntu noble/main amd64 libv4lconvert0t64 amd64 1.26.1-4build3 [87.6 kB]
2026-10-07T23:13:03.1356700Z Get:100 http://azure.archive.ubuntu.com/ubuntu noble/main amd64 libv4l-0t64 amd64 1.26.1-4build3 [46.9 kB]
2026-10-07T23:13:03.1636749Z Get:101 http://azure.archive.ubuntu.com/ubuntu noble/main amd64 libwavpack1 amd64 5.6.0-1build1 [84.6 kB]
2026-10-07T23:13:03.1919486Z Get:102 http://azure.archive.ubuntu.com/ubuntu noble-updates/main amd64 libsoup-3.0-common all 3.4.4-5ubuntu0.9 [12.3 kB]
2026-10-07T23:13:03.2256086Z Get:103 http://azure.archive.ubuntu.com/ubuntu noble-updates/main amd64 libsoup-3.0-0 amd64 3.4.4-5ubuntu0.9 [291 kB]
2026-10-07T23:13:03.2590631Z Get:104 http://azure.archive.ubuntu.com/ubuntu noble-updates/main amd64 gstreamer1.0-plugins-good amd64 1.24.2-1ubuntu1.8 [2236 kB]
2026-10-07T23:13:03.3025821Z Get:105 http://azure.archive.ubuntu.com/ubuntu noble-updates/main amd64 libabsl20220623t64 amd64 20220623.1-3.1ubuntu3.2 [423 kB]
2026-10-07T23:13:03.3358902Z Get:106 http://azure.archive.ubuntu.com/ubuntu noble/universe amd64 libgav1-1 amd64 0.18.0-1build3 [357 kB]
2026-10-07T23:13:03.3690870Z Get:107 http://azure.archive.ubuntu.com/ubuntu noble/universe amd64 libyuv0 amd64 0.0~git202401110.af6ac82-1 [178 kB]
2026-10-07T23:13:03.4018354Z Get:108 http://azure.archive.ubuntu.com/ubuntu noble/universe amd64 libavif16 amd64 1.0.4-1ubuntu3 [91.2 kB]
2026-10-07T23:13:03.4338691Z Get:109 http://azure.archive.ubuntu.com/ubuntu noble/universe amd64 libavtp0 amd64 0.2.0-1build1 [6414 B]
2026-10-07T23:13:03.4653834Z Get:110 http://azure.archive.ubuntu.com/ubuntu noble/main amd64 libcairo-script-interpreter2 amd64 1.18.0-3build1 [60.3 kB]
2026-10-07T23:13:03.4973408Z Get:111 http://azure.archive.ubuntu.com/ubuntu noble/universe amd64 libdc1394-25 amd64 2.2.6-4build1 [90.1 kB]
2026-10-07T23:13:03.5300720Z Get:112 http://azure.archive.ubuntu.com/ubuntu noble-updates/main amd64 libde265-0 amd64 1.0.15-1ubuntu0.1 [167 kB]
2026-10-07T23:13:03.5622499Z Get:113 http://azure.archive.ubuntu.com/ubuntu noble/main amd64 libdecor-0-0 amd64 0.2.2-1build2 [16.5 kB]
2026-10-07T23:13:03.5940668Z Get:114 http://azure.archive.ubuntu.com/ubuntu noble/main amd64 libgles2 amd64 1.7.0-1build1 [17.1 kB]
2026-10-07T23:13:03.6257790Z Get:115 http://azure.archive.ubuntu.com/ubuntu noble/universe amd64 libdirectfb-1.7-7t64 amd64 1.7.7-11.1ubuntu2 [1035 kB]
2026-10-07T23:13:03.6616727Z Get:116 http://azure.archive.ubuntu.com/ubuntu noble/universe amd64 libdvdread8t64 amd64 6.1.3-1.1build1 [54.7 kB]
2026-10-07T23:13:03.6934541Z Get:117 http://azure.archive.ubuntu.com/ubuntu noble/universe amd64 libdvdnav4 amd64 6.1.1-3build1 [39.5 kB]
2026-10-07T23:13:03.7252832Z Get:118 http://azure.archive.ubuntu.com/ubuntu noble-updates/main amd64 libgl1-mesa-dri amd64 25.2.8-0ubuntu0.24.04.4 [38.0 kB]
2026-10-07T23:13:03.7571127Z Get:119 http://azure.archive.ubuntu.com/ubuntu noble-updates/main amd64 libglx-mesa0 amd64 25.2.8-0ubuntu0.24.04.4 [110 kB]
2026-10-07T23:13:03.8219395Z Get:120 http://azure.archive.ubuntu.com/ubuntu noble-updates/main amd64 libgbm1 amd64 25.2.8-0ubuntu0.24.04.4 [34.2 kB]
2026-10-07T23:13:03.8955105Z Get:121 http://azure.archive.ubuntu.com/ubuntu noble-updates/main amd64 mesa-libgallium amd64 25.2.8-0ubuntu0.24.04.4 [10.8 MB]
2026-10-07T23:13:04.2190082Z Get:122 http://azure.archive.ubuntu.com/ubuntu noble-updates/main amd64 libegl-mesa0 amd64 25.2.8-0ubuntu0.24.04.4 [117 kB]
2026-10-07T23:13:04.2507407Z Get:123 http://azure.archive.ubuntu.com/ubuntu noble-updates/main amd64 libevent-2.1-7t64 amd64 2.1.12-stable-9ubuntu2.2 [146 kB]
2026-10-07T23:13:04.2826172Z Get:124 http://azure.archive.ubuntu.com/ubuntu noble-updates/main amd64 libevent-pthreads-2.1-7t64 amd64 2.1.12-stable-9ubuntu2.2 [7988 B]
2026-10-07T23:13:04.3140893Z Get:125 http://azure.archive.ubuntu.com/ubuntu noble-updates/main amd64 libevent-core-2.1-7t64 amd64 2.1.12-stable-9ubuntu2.2 [91.9 kB]
2026-10-07T23:13:04.3424193Z Get:126 http://azure.archive.ubuntu.com/ubuntu noble/universe amd64 libfaad2 amd64 2.11.1-1build1 [207 kB]
2026-10-07T23:13:04.3713521Z Get:127 http://azure.archive.ubuntu.com/ubuntu noble/universe amd64 libinstpatch-1.0-2 amd64 1.1.6-1build2 [251 kB]
2026-10-07T23:13:04.4004609Z Get:128 http://azure.archive.ubuntu.com/ubuntu noble/main amd64 libjack-jackd2-0 amd64 1.9.21~dfsg-3ubuntu3 [289 kB]
2026-10-07T23:13:04.4312284Z Get:129 http://azure.archive.ubuntu.com/ubuntu noble/main amd64 libwebrtc-audio-processing1 amd64 0.3.1-0ubuntu6 [290 kB]
2026-10-07T23:13:04.4603002Z Get:130 http://azure.archive.ubuntu.com/ubuntu noble-updates/main amd64 libspa-0.2-modules amd64 1.0.5-1ubuntu3.3 [628 kB]
2026-10-07T23:13:04.4913410Z Get:131 http://azure.archive.ubuntu.com/ubuntu noble-updates/main amd64 libpipewire-0.3-0t64 amd64 1.0.5-1ubuntu3.3 [252 kB]
2026-10-07T23:13:04.5202402Z Get:132 http://azure.archive.ubuntu.com/ubuntu noble-updates/main amd64 libsdl2-2.0-0 amd64 2.30.0+dfsg-1ubuntu3.1 [686 kB]
2026-10-07T23:13:04.5509092Z Get:133 http://azure.archive.ubuntu.com/ubuntu noble/universe amd64 timgm6mb-soundfont all 1.3-5 [5427 kB]
2026-10-07T23:13:04.6335652Z Get:134 http://azure.archive.ubuntu.com/ubuntu noble/universe amd64 libfluidsynth3 amd64 2.3.4-1build3 [249 kB]
2026-10-07T23:13:04.6623798Z Get:135 http://azure.archive.ubuntu.com/ubuntu noble/main amd64 libfreeaptx0 amd64 0.1.1-2build1 [13.5 kB]
2026-10-07T23:13:04.6903640Z Get:136 http://azure.archive.ubuntu.com/ubuntu noble/main amd64 libgraphene-1.0-0 amd64 1.10.8-3build2 [46.2 kB]
2026-10-07T23:13:04.7186358Z Get:137 http://azure.archive.ubuntu.com/ubuntu noble/main amd64 libgssdp-1.6-0 amd64 1.6.3-1build3 [40.4 kB]
2026-10-07T23:13:04.7466637Z Get:138 http://azure.archive.ubuntu.com/ubuntu noble/main amd64 libegl1 amd64 1.7.0-1build1 [28.7 kB]
2026-10-07T23:13:04.8192267Z Get:139 http://azure.archive.ubuntu.com/ubuntu noble-updates/main amd64 libgstreamer-gl1.0-0 amd64 1.24.2-1ubuntu0.5 [214 kB]
2026-10-07T23:13:04.8484114Z Get:140 http://azure.archive.ubuntu.com/ubuntu noble-updates/main amd64 libgtk-4-common all 4.14.5+ds-0ubuntu0.10 [1497 kB]
2026-10-07T23:13:04.8839825Z Get:141 http://azure.archive.ubuntu.com/ubuntu noble-updates/main amd64 libgtk-4-1 amd64 4.14.5+ds-0ubuntu0.10 [3295 kB]
2026-10-07T23:13:04.9423249Z Get:142 http://azure.archive.ubuntu.com/ubuntu noble/main amd64 libgupnp-1.6-0 amd64 1.6.6-1build3 [92.7 kB]
2026-10-07T23:13:04.9741089Z Get:143 http://azure.archive.ubuntu.com/ubuntu noble/universe amd64 libgupnp-igd-1.6-0 amd64 1.6.0-3build3 [16.5 kB]
2026-10-07T23:13:05.0056611Z Get:144 http://azure.archive.ubuntu.com/ubuntu noble/main amd64 libharfbuzz-icu0 amd64 8.3.0-2build2 [13.3 kB]
2026-10-07T23:13:05.0373230Z Get:145 http://azure.archive.ubuntu.com/ubuntu noble/main amd64 libhyphen0 amd64 2.8.8-7build3 [26.5 kB]
2026-10-07T23:13:05.0690215Z Get:146 http://azure.archive.ubuntu.com/ubuntu noble/universe amd64 libimath-3-1-29t64 amd64 3.1.9-3.1ubuntu2 [72.2 kB]
2026-10-07T23:13:05.1005977Z Get:147 http://azure.archive.ubuntu.com/ubuntu noble/main amd64 liblc3-1 amd64 1.0.4-3build1 [69.7 kB]
2026-10-07T23:13:05.1320979Z Get:148 http://azure.archive.ubuntu.com/ubuntu noble/main amd64 libldacbt-enc2 amd64 2.0.2.3+git20200429+ed310a0-4ubuntu2 [27.1 kB]
2026-10-07T23:13:05.1635570Z Get:149 http://azure.archive.ubuntu.com/ubuntu noble-updates/main amd64 libraptor2-0 amd64 2.0.16-3ubuntu0.1 [165 kB]
2026-10-07T23:13:05.1956438Z Get:150 http://azure.archive.ubuntu.com/ubuntu noble/universe amd64 liblrdf0 amd64 0.6.1-4build1 [18.5 kB]
2026-10-07T23:13:05.2274391Z Get:151 http://azure.archive.ubuntu.com/ubuntu noble/universe amd64 libltc11 amd64 1.3.2-1build1 [13.0 kB]
2026-10-07T23:13:05.2588644Z Get:152 http://azure.archive.ubuntu.com/ubuntu noble/main amd64 libmanette-0.2-0 amd64 0.2.7-1build2 [30.6 kB]
2026-10-07T23:13:05.3142282Z Get:153 http://azure.archive.ubuntu.com/ubuntu noble/universe amd64 libmfx1 amd64 22.5.4-1 [3124 kB]
2026-10-07T23:13:05.5630758Z Get:154 http://azure.archive.ubuntu.com/ubuntu noble/universe amd64 libmjpegutils-2.1-0t64 amd64 1:2.1.0+debian-8.1build1 [25.5 kB]
2026-10-07T23:13:05.5909615Z Get:155 http://azure.archive.ubuntu.com/ubuntu noble/universe amd64 libmodplug1 amd64 1:0.8.9.0-3build1 [166 kB]
2026-10-07T23:13:05.6196924Z Get:156 http://azure.archive.ubuntu.com/ubuntu noble/universe amd64 libmpcdec6 amd64 2:0.1~r495-2build1 [32.7 kB]
2026-10-07T23:13:05.6947914Z Get:157 http://azure.archive.ubuntu.com/ubuntu noble/universe amd64 libmpeg2encpp-2.1-0t64 amd64 1:2.1.0+debian-8.1build1 [75.6 kB]
2026-10-07T23:13:05.7230356Z Get:158 http://azure.archive.ubuntu.com/ubuntu noble/universe amd64 libmplex2-2.1-0t64 amd64 1:2.1.0+debian-8.1build1 [46.1 kB]
2026-10-07T23:13:05.7548126Z Get:159 http://azure.archive.ubuntu.com/ubuntu noble/universe amd64 libneon27t64 amd64 0.33.0-1.1build3 [102 kB]
2026-10-07T23:13:05.7867789Z Get:160 http://azure.archive.ubuntu.com/ubuntu noble/universe amd64 libnice10 amd64 0.1.21-2build3 [157 kB]
2026-10-07T23:13:05.8188886Z Get:161 http://azure.archive.ubuntu.com/ubuntu noble/universe amd64 libopenal-data all 1:1.23.1-4build1 [161 kB]
2026-10-07T23:13:05.8509604Z Get:162 http://azure.archive.ubuntu.com/ubuntu noble/universe amd64 libopenexr-3-1-30 amd64 3.1.5-5.1build3 [1004 kB]
2026-10-07T23:13:05.8865944Z Get:163 http://azure.archive.ubuntu.com/ubuntu noble/universe amd64 libopenh264-7 amd64 2.4.1+dfsg-1 [409 kB]
2026-10-07T23:13:05.9161402Z Get:164 http://azure.archive.ubuntu.com/ubuntu noble/universe amd64 libopenni2-0 amd64 2.2.0.33+dfsg-18 [370 kB]
2026-10-07T23:13:05.9461476Z Get:165 http://azure.archive.ubuntu.com/ubuntu noble/universe amd64 libqrencode4 amd64 4.1.1-1build2 [25.0 kB]
2026-10-07T23:13:05.9739126Z Get:166 http://azure.archive.ubuntu.com/ubuntu noble/main amd64 libsecret-common all 0.21.4-1build3 [4962 B]
2026-10-07T23:13:06.0020679Z Get:167 http://azure.archive.ubuntu.com/ubuntu noble/main amd64 libsecret-1-0 amd64 0.21.4-1build3 [116 kB]
2026-10-07T23:13:06.0303149Z Get:168 http://azure.archive.ubuntu.com/ubuntu noble/universe amd64 libsndio7.0 amd64 1.9.0-0.3build3 [29.6 kB]
2026-10-07T23:13:06.0583169Z Get:169 http://azure.archive.ubuntu.com/ubuntu noble/universe amd64 libsoundtouch1 amd64 2.3.2+ds1-1build1 [60.5 kB]
2026-10-07T23:13:06.0864390Z Get:170 http://azure.archive.ubuntu.com/ubuntu noble/universe amd64 libspandsp2t64 amd64 0.0.6+dfsg-2.1build1 [311 kB]
2026-10-07T23:13:06.1161055Z Get:171 http://azure.archive.ubuntu.com/ubuntu noble/universe amd64 libsrtp2-1 amd64 2.5.0-3build1 [41.9 kB]
2026-10-07T23:13:06.1440358Z Get:172 http://azure.archive.ubuntu.com/ubuntu noble/main amd64 libwayland-server0 amd64 1.22.0-2.1build1 [33.9 kB]
2026-10-07T23:13:06.1718158Z Get:173 http://azure.archive.ubuntu.com/ubuntu noble/universe amd64 libwildmidi2 amd64 0.4.3-1build3 [68.5 kB]
2026-10-07T23:13:06.1996785Z Get:174 http://azure.archive.ubuntu.com/ubuntu noble/main amd64 libwoff1 amd64 1.0.2-2build1 [45.3 kB]
2026-10-07T23:13:06.2275147Z Get:175 http://azure.archive.ubuntu.com/ubuntu noble/main amd64 libxcb-xkb1 amd64 1.15-1ubuntu2 [32.3 kB]
2026-10-07T23:13:06.3029114Z Get:176 http://azure.archive.ubuntu.com/ubuntu noble/main amd64 libxkbcommon-x11-0 amd64 1.6.0-1build1 [14.5 kB]
2026-10-07T23:13:06.3307442Z Get:177 http://azure.archive.ubuntu.com/ubuntu noble/universe amd64 libzbar0t64 amd64 0.23.93-4build3 [123 kB]
2026-10-07T23:13:06.3588811Z Get:178 http://azure.archive.ubuntu.com/ubuntu noble/universe amd64 libzxing3 amd64 2.2.1-3 [583 kB]
2026-10-07T23:13:06.3900383Z Get:179 http://azure.archive.ubuntu.com/ubuntu noble/main amd64 xfonts-encodings all 1:1.0.5-0ubuntu2 [578 kB]
2026-10-07T23:13:06.4211568Z Get:180 http://azure.archive.ubuntu.com/ubuntu noble/main amd64 xfonts-utils amd64 1:7.7+6build3 [94.4 kB]
2026-10-07T23:13:06.4491495Z Get:181 http://azure.archive.ubuntu.com/ubuntu noble/universe amd64 xfonts-cyrillic all 1:1.0.5+nmu1 [384 kB]
2026-10-07T23:13:06.4788158Z Get:182 http://azure.archive.ubuntu.com/ubuntu noble/main amd64 xfonts-scalable all 1:1.0.3-1.3 [304 kB]
2026-10-07T23:13:06.5169847Z Get:183 http://azure.archive.ubuntu.com/ubuntu noble/universe amd64 libgstreamer-plugins-bad1.0-0 amd64 1.24.2-1ubuntu4 [797 kB]
2026-10-07T23:13:06.5506173Z Get:184 http://azure.archive.ubuntu.com/ubuntu noble/universe amd64 libdca0 amd64 0.0.7-2build1 [93.8 kB]
2026-10-07T23:13:06.5812383Z Get:185 http://azure.archive.ubuntu.com/ubuntu noble/universe amd64 libopenal1 amd64 1:1.23.1-4build1 [540 kB]
2026-10-07T23:13:06.6135697Z Get:186 http://azure.archive.ubuntu.com/ubuntu noble/main amd64 libsbc1 amd64 2.0-1build1 [33.9 kB]
2026-10-07T23:13:06.6439638Z Get:187 http://azure.archive.ubuntu.com/ubuntu noble/universe amd64 libvo-aacenc0 amd64 0.1.3-2build1 [67.8 kB]
2026-10-07T23:13:06.6744586Z Get:188 http://azure.archive.ubuntu.com/ubuntu noble/universe amd64 libvo-amrwbenc0 amd64 0.1.3-2build1 [76.7 kB]
2026-10-07T23:13:06.7049342Z Get:189 http://azure.archive.ubuntu.com/ubuntu noble/universe amd64 gstreamer1.0-plugins-bad amd64 1.24.2-1ubuntu4 [3081 kB]
2026-10-07T23:13:07.0789642Z Fetched 126 MB in 8s (15.8 MB/s)
2026-10-07T23:13:07.0991134Z Selecting previously unselected package fonts-ipafont-gothic.
2026-10-07T23:13:07.1240386Z (Reading database ... 
2026-10-07T23:13:07.1240661Z (Reading database ... 5%
2026-10-07T23:13:07.1240916Z (Reading database ... 10%
2026-10-07T23:13:07.1241162Z (Reading database ... 15%
2026-10-07T23:13:07.1241402Z (Reading database ... 20%
2026-10-07T23:13:07.1241630Z (Reading database ... 25%
2026-10-07T23:13:07.1241862Z (Reading database ... 30%
2026-10-07T23:13:07.1242006Z (Reading database ... 35%
2026-10-07T23:13:07.1242147Z (Reading database ... 40%
2026-10-07T23:13:07.1242288Z (Reading database ... 45%
2026-10-07T23:13:07.1242475Z (Reading database ... 50%
2026-10-07T23:13:07.1278032Z (Reading database ... 55%
2026-10-07T23:13:07.2565673Z (Reading database ... 60%
2026-10-07T23:13:07.4451496Z (Reading database ... 65%
2026-10-07T23:13:07.6498786Z (Reading database ... 70%
2026-10-07T23:13:07.8516358Z (Reading database ... 75%
2026-10-07T23:13:07.9930877Z (Reading database ... 80%
2026-10-07T23:13:08.1956266Z (Reading database ... 85%
2026-10-07T23:13:08.4023147Z (Reading database ... 90%
2026-10-07T23:13:08.5721595Z (Reading database ... 95%
2026-10-07T23:13:08.5721928Z (Reading database ... 100%
2026-10-07T23:13:08.5722332Z (Reading database ... 202296 files and directories currently installed.)
2026-10-07T23:13:08.5762843Z Preparing to unpack .../000-fonts-ipafont-gothic_00303-21ubuntu1_all.deb ...
2026-10-07T23:13:08.5839621Z Unpacking fonts-ipafont-gothic (00303-21ubuntu1) ...
2026-10-07T23:13:08.8345529Z Selecting previously unselected package fonts-freefont-ttf.
2026-10-07T23:13:08.8445810Z Preparing to unpack .../001-fonts-freefont-ttf_20211204+svn4273-2_all.deb ...
2026-10-07T23:13:08.8452782Z Unpacking fonts-freefont-ttf (20211204+svn4273-2) ...
2026-10-07T23:13:08.9359477Z Selecting previously unselected package fonts-tlwg-loma-otf.
2026-10-07T23:13:08.9461885Z Preparing to unpack .../002-fonts-tlwg-loma-otf_1%3a0.7.3-1_all.deb ...
2026-10-07T23:13:08.9468719Z Unpacking fonts-tlwg-loma-otf (1:0.7.3-1) ...
2026-10-07T23:13:08.9662278Z Selecting previously unselected package fonts-unifont.
2026-10-07T23:13:08.9763892Z Preparing to unpack .../003-fonts-unifont_1%3a15.1.01-1build1_all.deb ...
2026-10-07T23:13:08.9771193Z Unpacking fonts-unifont (1:15.1.01-1build1) ...
2026-10-07T23:13:09.1975725Z Selecting previously unselected package fonts-wqy-zenhei.
2026-10-07T23:13:09.2081325Z Preparing to unpack .../004-fonts-wqy-zenhei_0.9.45-8_all.deb ...
2026-10-07T23:13:09.2170992Z Unpacking fonts-wqy-zenhei (0.9.45-8) ...
2026-10-07T23:13:09.6680412Z Selecting previously unselected package libproxy1v5:amd64.
2026-10-07T23:13:09.6781609Z Preparing to unpack .../005-libproxy1v5_0.5.4-4build1_amd64.deb ...
2026-10-07T23:13:09.6992254Z Unpacking libproxy1v5:amd64 (0.5.4-4build1) ...
2026-10-07T23:13:09.7184762Z Selecting previously unselected package glib-networking-common.
2026-10-07T23:13:09.7286543Z Preparing to unpack .../006-glib-networking-common_2.80.0-1build1_all.deb ...
2026-10-07T23:13:09.7294526Z Unpacking glib-networking-common (2.80.0-1build1) ...
2026-10-07T23:13:09.7464937Z Selecting previously unselected package glib-networking-services.
2026-10-07T23:13:09.7565682Z Preparing to unpack .../007-glib-networking-services_2.80.0-1build1_amd64.deb ...
2026-10-07T23:13:09.7572579Z Unpacking glib-networking-services (2.80.0-1build1) ...
2026-10-07T23:13:09.7755581Z Selecting previously unselected package session-migration.
2026-10-07T23:13:09.7857782Z Preparing to unpack .../008-session-migration_0.3.9build1_amd64.deb ...
2026-10-07T23:13:09.7864596Z Unpacking session-migration (0.3.9build1) ...
2026-10-07T23:13:09.8088874Z Selecting previously unselected package gsettings-desktop-schemas.
2026-10-07T23:13:09.8188258Z Preparing to unpack .../009-gsettings-desktop-schemas_46.1-0ubuntu1_all.deb ...
2026-10-07T23:13:09.8195155Z Unpacking gsettings-desktop-schemas (46.1-0ubuntu1) ...
2026-10-07T23:13:09.8540632Z Selecting previously unselected package glib-networking:amd64.
2026-10-07T23:13:09.8640429Z Preparing to unpack .../010-glib-networking_2.80.0-1build1_amd64.deb ...
2026-10-07T23:13:09.8646985Z Unpacking glib-networking:amd64 (2.80.0-1build1) ...
2026-10-07T23:13:09.8846877Z Selecting previously unselected package libva2:amd64.
2026-10-07T23:13:09.8945835Z Preparing to unpack .../011-libva2_2.20.0-2ubuntu0.2_amd64.deb ...
2026-10-07T23:13:09.8952355Z Unpacking libva2:amd64 (2.20.0-2ubuntu0.2) ...
2026-10-07T23:13:09.9308993Z Selecting previously unselected package libva-drm2:amd64.
2026-10-07T23:13:09.9408157Z Preparing to unpack .../012-libva-drm2_2.20.0-2ubuntu0.2_amd64.deb ...
2026-10-07T23:13:09.9414272Z Unpacking libva-drm2:amd64 (2.20.0-2ubuntu0.2) ...
2026-10-07T23:13:09.9593122Z Selecting previously unselected package libva-x11-2:amd64.
2026-10-07T23:13:09.9691843Z Preparing to unpack .../013-libva-x11-2_2.20.0-2ubuntu0.2_amd64.deb ...
2026-10-07T23:13:09.9698731Z Unpacking libva-x11-2:amd64 (2.20.0-2ubuntu0.2) ...
2026-10-07T23:13:09.9879225Z Selecting previously unselected package libvdpau1:amd64.
2026-10-07T23:13:09.9978368Z Preparing to unpack .../014-libvdpau1_1.5-2build1_amd64.deb ...
2026-10-07T23:13:09.9986854Z Unpacking libvdpau1:amd64 (1.5-2build1) ...
2026-10-07T23:13:10.0165784Z Selecting previously unselected package libvpl2.
2026-10-07T23:13:10.0267139Z Preparing to unpack .../015-libvpl2_2023.3.0-1build1_amd64.deb ...
2026-10-07T23:13:10.0273195Z Unpacking libvpl2 (2023.3.0-1build1) ...
2026-10-07T23:13:10.0463308Z Selecting previously unselected package ocl-icd-libopencl1:amd64.
2026-10-07T23:13:10.0562161Z Preparing to unpack .../016-ocl-icd-libopencl1_2.3.2-1build1_amd64.deb ...
2026-10-07T23:13:10.0568480Z Unpacking ocl-icd-libopencl1:amd64 (2.3.2-1build1) ...
2026-10-07T23:13:10.0813373Z Selecting previously unselected package libavutil58:amd64.
2026-10-07T23:13:10.0912805Z Preparing to unpack .../017-libavutil58_7%3a6.1.1-3ubuntu5_amd64.deb ...
2026-10-07T23:13:10.0919153Z Unpacking libavutil58:amd64 (7:6.1.1-3ubuntu5) ...
2026-10-07T23:13:10.1128143Z Selecting previously unselected package libcodec2-1.2:amd64.
2026-10-07T23:13:10.1226823Z Preparing to unpack .../018-libcodec2-1.2_1.2.0-2build1_amd64.deb ...
2026-10-07T23:13:10.1352556Z Unpacking libcodec2-1.2:amd64 (1.2.0-2build1) ...
2026-10-07T23:13:10.2636307Z Selecting previously unselected package libdav1d7:amd64.
2026-10-07T23:13:10.2735570Z Preparing to unpack .../019-libdav1d7_1.4.1-1build1_amd64.deb ...
2026-10-07T23:13:10.2742583Z Unpacking libdav1d7:amd64 (1.4.1-1build1) ...
2026-10-07T23:13:10.2970432Z Selecting previously unselected package libgsm1:amd64.
2026-10-07T23:13:10.3070615Z Preparing to unpack .../020-libgsm1_1.0.22-1build1_amd64.deb ...
2026-10-07T23:13:10.3077420Z Unpacking libgsm1:amd64 (1.0.22-1build1) ...
2026-10-07T23:13:10.3259159Z Selecting previously unselected package libhwy1t64:amd64.
2026-10-07T23:13:10.3357150Z Preparing to unpack .../021-libhwy1t64_1.0.7-8.1build1_amd64.deb ...
2026-10-07T23:13:10.3500515Z Unpacking libhwy1t64:amd64 (1.0.7-8.1build1) ...
2026-10-07T23:13:10.3849876Z Selecting previously unselected package libjxl0.7:amd64.
2026-10-07T23:13:10.3950549Z Preparing to unpack .../022-libjxl0.7_0.7.0-10.2ubuntu6.1_amd64.deb ...
2026-10-07T23:13:10.3957939Z Unpacking libjxl0.7:amd64 (0.7.0-10.2ubuntu6.1) ...
2026-10-07T23:13:10.4309677Z Selecting previously unselected package libmp3lame0:amd64.
2026-10-07T23:13:10.4410729Z Preparing to unpack .../023-libmp3lame0_3.100-6build1_amd64.deb ...
2026-10-07T23:13:10.4417374Z Unpacking libmp3lame0:amd64 (3.100-6build1) ...
2026-10-07T23:13:10.4613053Z Selecting previously unselected package libopus0:amd64.
2026-10-07T23:13:10.4714515Z Preparing to unpack .../024-libopus0_1.4-1build1_amd64.deb ...
2026-10-07T23:13:10.4721236Z Unpacking libopus0:amd64 (1.4-1build1) ...
2026-10-07T23:13:10.4914245Z Selecting previously unselected package librav1e0:amd64.
2026-10-07T23:13:10.5014542Z Preparing to unpack .../025-librav1e0_0.7.1-2_amd64.deb ...
2026-10-07T23:13:10.5020566Z Unpacking librav1e0:amd64 (0.7.1-2) ...
2026-10-07T23:13:10.5348913Z Selecting previously unselected package librsvg2-2:amd64.
2026-10-07T23:13:10.5449189Z Preparing to unpack .../026-librsvg2-2_2.58.0+dfsg-1ubuntu0.1_amd64.deb ...
2026-10-07T23:13:10.5456644Z Unpacking librsvg2-2:amd64 (2.58.0+dfsg-1ubuntu0.1) ...
2026-10-07T23:13:10.6158016Z Selecting previously unselected package libshine3:amd64.
2026-10-07T23:13:10.6256742Z Preparing to unpack .../027-libshine3_3.1.1-2build1_amd64.deb ...
2026-10-07T23:13:10.6263860Z Unpacking libshine3:amd64 (3.1.1-2build1) ...
2026-10-07T23:13:10.6435550Z Selecting previously unselected package libspeex1:amd64.
2026-10-07T23:13:10.6533310Z Preparing to unpack .../028-libspeex1_1.2.1-2ubuntu2.24.04.1_amd64.deb ...
2026-10-07T23:13:10.6540008Z Unpacking libspeex1:amd64 (1.2.1-2ubuntu2.24.04.1) ...
2026-10-07T23:13:10.6752226Z Selecting previously unselected package libsvtav1enc1d1:amd64.
2026-10-07T23:13:10.6852098Z Preparing to unpack .../029-libsvtav1enc1d1_1.7.0+dfsg-2build1_amd64.deb ...
2026-10-07T23:13:10.6858446Z Unpacking libsvtav1enc1d1:amd64 (1.7.0+dfsg-2build1) ...
2026-10-07T23:13:10.7518701Z Selecting previously unselected package libsoxr0:amd64.
2026-10-07T23:13:10.7620848Z Preparing to unpack .../030-libsoxr0_0.1.3-4build3_amd64.deb ...
2026-10-07T23:13:10.7766633Z Unpacking libsoxr0:amd64 (0.1.3-4build3) ...
2026-10-07T23:13:10.7960865Z Selecting previously unselected package libswresample4:amd64.
2026-10-07T23:13:10.8062876Z Preparing to unpack .../031-libswresample4_7%3a6.1.1-3ubuntu5_amd64.deb ...
2026-10-07T23:13:10.8070523Z Unpacking libswresample4:amd64 (7:6.1.1-3ubuntu5) ...
2026-10-07T23:13:10.8260231Z Selecting previously unselected package libtheora0:amd64.
2026-10-07T23:13:10.8359899Z Preparing to unpack .../032-libtheora0_1.1.1+dfsg.1-16.1build3_amd64.deb ...
2026-10-07T23:13:10.8367358Z Unpacking libtheora0:amd64 (1.1.1+dfsg.1-16.1build3) ...
2026-10-07T23:13:10.8570136Z Selecting previously unselected package libtwolame0:amd64.
2026-10-07T23:13:10.8669669Z Preparing to unpack .../033-libtwolame0_0.4.0-2build3_amd64.deb ...
2026-10-07T23:13:10.8676528Z Unpacking libtwolame0:amd64 (0.4.0-2build3) ...
2026-10-07T23:13:10.8858731Z Selecting previously unselected package libvorbisenc2:amd64.
2026-10-07T23:13:10.8957091Z Preparing to unpack .../034-libvorbisenc2_1.3.7-1build3_amd64.deb ...
2026-10-07T23:13:10.8963904Z Unpacking libvorbisenc2:amd64 (1.3.7-1build3) ...
2026-10-07T23:13:10.9154450Z Selecting previously unselected package libvpx9:amd64.
2026-10-07T23:13:10.9252548Z Preparing to unpack .../035-libvpx9_1.14.0-1ubuntu2.3_amd64.deb ...
2026-10-07T23:13:10.9260335Z Unpacking libvpx9:amd64 (1.14.0-1ubuntu2.3) ...
2026-10-07T23:13:10.9621907Z Selecting previously unselected package libx264-164:amd64.
2026-10-07T23:13:10.9722379Z Preparing to unpack .../036-libx264-164_2%3a0.164.3108+git31e19f9-1_amd64.deb ...
2026-10-07T23:13:10.9729204Z Unpacking libx264-164:amd64 (2:0.164.3108+git31e19f9-1) ...
2026-10-07T23:13:11.0067846Z Selecting previously unselected package libx265-199:amd64.
2026-10-07T23:13:11.0167850Z Preparing to unpack .../037-libx265-199_3.5-2build1_amd64.deb ...
2026-10-07T23:13:11.0174455Z Unpacking libx265-199:amd64 (3.5-2build1) ...
2026-10-07T23:13:11.1422888Z Selecting previously unselected package libxvidcore4:amd64.
2026-10-07T23:13:11.1521915Z Preparing to unpack .../038-libxvidcore4_2%3a1.3.7-1build1_amd64.deb ...
2026-10-07T23:13:11.1528309Z Unpacking libxvidcore4:amd64 (2:1.3.7-1build1) ...
2026-10-07T23:13:11.1724016Z Selecting previously unselected package libzvbi-common.
2026-10-07T23:13:11.1823835Z Preparing to unpack .../039-libzvbi-common_0.2.42-2_all.deb ...
2026-10-07T23:13:11.1831341Z Unpacking libzvbi-common (0.2.42-2) ...
2026-10-07T23:13:11.2437235Z Selecting previously unselected package libzvbi0t64:amd64.
2026-10-07T23:13:11.2536379Z Preparing to unpack .../040-libzvbi0t64_0.2.42-2_amd64.deb ...
2026-10-07T23:13:11.2542946Z Unpacking libzvbi0t64:amd64 (0.2.42-2) ...
2026-10-07T23:13:11.2745657Z Selecting previously unselected package libavcodec60:amd64.
2026-10-07T23:13:11.2845679Z Preparing to unpack .../041-libavcodec60_7%3a6.1.1-3ubuntu5_amd64.deb ...
2026-10-07T23:13:11.2852972Z Unpacking libavcodec60:amd64 (7:6.1.1-3ubuntu5) ...
2026-10-07T23:13:11.4397037Z Preparing to unpack .../042-libfreetype6_2.13.2+dfsg-1ubuntu0.2_amd64.deb ...
2026-10-07T23:13:11.4417041Z Unpacking libfreetype6:amd64 (2.13.2+dfsg-1ubuntu0.2) over (2.13.2+dfsg-1ubuntu0.1) ...
2026-10-07T23:13:11.4641618Z Selecting previously unselected package libunibreak5:amd64.
2026-10-07T23:13:11.4742087Z Preparing to unpack .../043-libunibreak5_5.1-2build1_amd64.deb ...
2026-10-07T23:13:11.4748562Z Unpacking libunibreak5:amd64 (5.1-2build1) ...
2026-10-07T23:13:11.4925482Z Selecting previously unselected package libass9:amd64.
2026-10-07T23:13:11.5021964Z Preparing to unpack .../044-libass9_1%3a0.17.1-2build1_amd64.deb ...
2026-10-07T23:13:11.5029776Z Unpacking libass9:amd64 (1:0.17.1-2build1) ...
2026-10-07T23:13:11.5212799Z Selecting previously unselected package libudfread0:amd64.
2026-10-07T23:13:11.5312016Z Preparing to unpack .../045-libudfread0_1.1.2-1build1_amd64.deb ...
2026-10-07T23:13:11.5319374Z Unpacking libudfread0:amd64 (1.1.2-1build1) ...
2026-10-07T23:13:11.5495103Z Selecting previously unselected package libbluray2:amd64.
2026-10-07T23:13:11.5594099Z Preparing to unpack .../046-libbluray2_1%3a1.3.4-1build1_amd64.deb ...
2026-10-07T23:13:11.5600887Z Unpacking libbluray2:amd64 (1:1.3.4-1build1) ...
2026-10-07T23:13:11.5791596Z Selecting previously unselected package libchromaprint1:amd64.
2026-10-07T23:13:11.5892098Z Preparing to unpack .../047-libchromaprint1_1.5.1-5_amd64.deb ...
2026-10-07T23:13:11.5898561Z Unpacking libchromaprint1:amd64 (1.5.1-5) ...
2026-10-07T23:13:11.6077912Z Selecting previously unselected package libgme0:amd64.
2026-10-07T23:13:11.6176639Z Preparing to unpack .../048-libgme0_0.6.3-7build1_amd64.deb ...
2026-10-07T23:13:11.6183689Z Unpacking libgme0:amd64 (0.6.3-7build1) ...
2026-10-07T23:13:11.6505064Z Selecting previously unselected package libmpg123-0t64:amd64.
2026-10-07T23:13:11.6605514Z Preparing to unpack .../049-libmpg123-0t64_1.32.5-1ubuntu1.1_amd64.deb ...
2026-10-07T23:13:11.6611314Z Unpacking libmpg123-0t64:amd64 (1.32.5-1ubuntu1.1) ...
2026-10-07T23:13:11.6801665Z Selecting previously unselected package libopenmpt0t64:amd64.
2026-10-07T23:13:11.6900485Z Preparing to unpack .../050-libopenmpt0t64_0.7.3-1.1build3_amd64.deb ...
2026-10-07T23:13:11.6908239Z Unpacking libopenmpt0t64:amd64 (0.7.3-1.1build3) ...
2026-10-07T23:13:11.7133142Z Selecting previously unselected package libcjson1:amd64.
2026-10-07T23:13:11.7234383Z Preparing to unpack .../051-libcjson1_1.7.17-1_amd64.deb ...
2026-10-07T23:13:11.7240051Z Unpacking libcjson1:amd64 (1.7.17-1) ...
2026-10-07T23:13:11.7419992Z Selecting previously unselected package libmbedcrypto7t64:amd64.
2026-10-07T23:13:11.7520843Z Preparing to unpack .../052-libmbedcrypto7t64_2.28.8-1_amd64.deb ...
2026-10-07T23:13:11.7529203Z Unpacking libmbedcrypto7t64:amd64 (2.28.8-1) ...
2026-10-07T23:13:11.7717296Z Selecting previously unselected package librist4:amd64.
2026-10-07T23:13:11.7815773Z Preparing to unpack .../053-librist4_0.2.10+dfsg-2_amd64.deb ...
2026-10-07T23:13:11.7821441Z Unpacking librist4:amd64 (0.2.10+dfsg-2) ...
2026-10-07T23:13:11.8003033Z Selecting previously unselected package libsrt1.5-gnutls:amd64.
2026-10-07T23:13:11.8101740Z Preparing to unpack .../054-libsrt1.5-gnutls_1.5.3-1build2_amd64.deb ...
2026-10-07T23:13:11.8107966Z Unpacking libsrt1.5-gnutls:amd64 (1.5.3-1build2) ...
2026-10-07T23:13:11.8319969Z Selecting previously unselected package libssh-gcrypt-4:amd64.
2026-10-07T23:13:11.8419641Z Preparing to unpack .../055-libssh-gcrypt-4_0.10.6-2ubuntu0.5_amd64.deb ...
2026-10-07T23:13:11.8425933Z Unpacking libssh-gcrypt-4:amd64 (0.10.6-2ubuntu0.5) ...
2026-10-07T23:13:11.8790971Z Selecting previously unselected package libavformat60:amd64.
2026-10-07T23:13:11.8891656Z Preparing to unpack .../056-libavformat60_7%3a6.1.1-3ubuntu5_amd64.deb ...
2026-10-07T23:13:11.8898415Z Unpacking libavformat60:amd64 (7:6.1.1-3ubuntu5) ...
2026-10-07T23:13:11.9241683Z Selecting previously unselected package libbs2b0:amd64.
2026-10-07T23:13:11.9343403Z Preparing to unpack .../057-libbs2b0_3.1.0+dfsg-7build1_amd64.deb ...
2026-10-07T23:13:11.9348958Z Unpacking libbs2b0:amd64 (3.1.0+dfsg-7build1) ...
2026-10-07T23:13:11.9551648Z Selecting previously unselected package libflite1:amd64.
2026-10-07T23:13:11.9653293Z Preparing to unpack .../058-libflite1_2.2-6build3_amd64.deb ...
2026-10-07T23:13:11.9660449Z Unpacking libflite1:amd64 (2.2-6build3) ...
2026-10-07T23:13:12.1396478Z Selecting previously unselected package libserd-0-0:amd64.
2026-10-07T23:13:12.1499005Z Preparing to unpack .../059-libserd-0-0_0.32.2-1_amd64.deb ...
2026-10-07T23:13:12.1505361Z Unpacking libserd-0-0:amd64 (0.32.2-1) ...
2026-10-07T23:13:12.1688711Z Selecting previously unselected package libzix-0-0:amd64.
2026-10-07T23:13:12.1789080Z Preparing to unpack .../060-libzix-0-0_0.4.2-2build1_amd64.deb ...
2026-10-07T23:13:12.1796101Z Unpacking libzix-0-0:amd64 (0.4.2-2build1) ...
2026-10-07T23:13:12.1981811Z Selecting previously unselected package libsord-0-0:amd64.
2026-10-07T23:13:12.2082888Z Preparing to unpack .../061-libsord-0-0_0.16.16-2build1_amd64.deb ...
2026-10-07T23:13:12.2089502Z Unpacking libsord-0-0:amd64 (0.16.16-2build1) ...
2026-10-07T23:13:12.2271021Z Selecting previously unselected package libsratom-0-0:amd64.
2026-10-07T23:13:12.2375926Z Preparing to unpack .../062-libsratom-0-0_0.6.16-1build1_amd64.deb ...
2026-10-07T23:13:12.2382424Z Unpacking libsratom-0-0:amd64 (0.6.16-1build1) ...
2026-10-07T23:13:12.2759663Z Selecting previously unselected package liblilv-0-0:amd64.
2026-10-07T23:13:12.2866080Z Preparing to unpack .../063-liblilv-0-0_0.24.22-1build1_amd64.deb ...
2026-10-07T23:13:12.2872574Z Unpacking liblilv-0-0:amd64 (0.24.22-1build1) ...
2026-10-07T23:13:12.3068448Z Selecting previously unselected package libmysofa1:amd64.
2026-10-07T23:13:12.3172159Z Preparing to unpack .../064-libmysofa1_1.3.2+dfsg-2ubuntu2_amd64.deb ...
2026-10-07T23:13:12.3179097Z Unpacking libmysofa1:amd64 (1.3.2+dfsg-2ubuntu2) ...
2026-10-07T23:13:12.3581442Z Selecting previously unselected package libplacebo338:amd64.
2026-10-07T23:13:12.3683393Z Preparing to unpack .../065-libplacebo338_6.338.2-2build1_amd64.deb ...
2026-10-07T23:13:12.3690770Z Unpacking libplacebo338:amd64 (6.338.2-2build1) ...
2026-10-07T23:13:12.4484062Z Selecting previously unselected package libblas3:amd64.
2026-10-07T23:13:12.4586774Z Preparing to unpack .../066-libblas3_3.12.0-3build1.1_amd64.deb ...
2026-10-07T23:13:12.4620281Z Unpacking libblas3:amd64 (3.12.0-3build1.1) ...
2026-10-07T23:13:12.4843361Z Selecting previously unselected package liblapack3:amd64.
2026-10-07T23:13:12.4949914Z Preparing to unpack .../067-liblapack3_3.12.0-3build1.1_amd64.deb ...
2026-10-07T23:13:12.4982123Z Unpacking liblapack3:amd64 (3.12.0-3build1.1) ...
2026-10-07T23:13:12.5825892Z Selecting previously unselected package libasyncns0:amd64.
2026-10-07T23:13:12.5932429Z Preparing to unpack .../068-libasyncns0_0.8-6build4_amd64.deb ...
2026-10-07T23:13:12.5940329Z Unpacking libasyncns0:amd64 (0.8-6build4) ...
2026-10-07T23:13:12.6140763Z Selecting previously unselected package libflac12t64:amd64.
2026-10-07T23:13:12.6243444Z Preparing to unpack .../069-libflac12t64_1.4.3+ds-2.1ubuntu2_amd64.deb ...
2026-10-07T23:13:12.6251071Z Unpacking libflac12t64:amd64 (1.4.3+ds-2.1ubuntu2) ...
2026-10-07T23:13:12.6469597Z Selecting previously unselected package libsndfile1:amd64.
2026-10-07T23:13:12.6575813Z Preparing to unpack .../070-libsndfile1_1.2.2-1ubuntu5.24.04.1_amd64.deb ...
2026-10-07T23:13:12.6588939Z Unpacking libsndfile1:amd64 (1.2.2-1ubuntu5.24.04.1) ...
2026-10-07T23:13:12.6815442Z Selecting previously unselected package libpulse0:amd64.
2026-10-07T23:13:12.6920595Z Preparing to unpack .../071-libpulse0_1%3a16.1+dfsg1-2ubuntu10.1_amd64.deb ...
2026-10-07T23:13:12.6985767Z Unpacking libpulse0:amd64 (1:16.1+dfsg1-2ubuntu10.1) ...
2026-10-07T23:13:12.7211513Z Selecting previously unselected package libsphinxbase3t64:amd64.
2026-10-07T23:13:12.7314392Z Preparing to unpack .../072-libsphinxbase3t64_0.8+5prealpha+1-17build2_amd64.deb ...
2026-10-07T23:13:12.7324335Z Unpacking libsphinxbase3t64:amd64 (0.8+5prealpha+1-17build2) ...
2026-10-07T23:13:12.7543286Z Selecting previously unselected package libpocketsphinx3:amd64.
2026-10-07T23:13:12.7645542Z Preparing to unpack .../073-libpocketsphinx3_0.8.0+real5prealpha+1-15ubuntu5_amd64.deb ...
2026-10-07T23:13:12.7654264Z Unpacking libpocketsphinx3:amd64 (0.8.0+real5prealpha+1-15ubuntu5) ...
2026-10-07T23:13:12.8019740Z Selecting previously unselected package libpostproc57:amd64.
2026-10-07T23:13:12.8123334Z Preparing to unpack .../074-libpostproc57_7%3a6.1.1-3ubuntu5_amd64.deb ...
2026-10-07T23:13:12.8131411Z Unpacking libpostproc57:amd64 (7:6.1.1-3ubuntu5) ...
2026-10-07T23:13:12.8408774Z Selecting previously unselected package libsamplerate0:amd64.
2026-10-07T23:13:12.8509837Z Preparing to unpack .../075-libsamplerate0_0.2.2-4build1_amd64.deb ...
2026-10-07T23:13:12.8516939Z Unpacking libsamplerate0:amd64 (0.2.2-4build1) ...
2026-10-07T23:13:12.8747934Z Selecting previously unselected package librubberband2:amd64.
2026-10-07T23:13:12.8851101Z Preparing to unpack .../076-librubberband2_3.3.0+dfsg-2build1_amd64.deb ...
2026-10-07T23:13:12.8861180Z Unpacking librubberband2:amd64 (3.3.0+dfsg-2build1) ...
2026-10-07T23:13:12.9067117Z Selecting previously unselected package libswscale7:amd64.
2026-10-07T23:13:12.9169803Z Preparing to unpack .../077-libswscale7_7%3a6.1.1-3ubuntu5_amd64.deb ...
2026-10-07T23:13:12.9177384Z Unpacking libswscale7:amd64 (7:6.1.1-3ubuntu5) ...
2026-10-07T23:13:12.9389316Z Selecting previously unselected package libvidstab1.1:amd64.
2026-10-07T23:13:12.9493689Z Preparing to unpack .../078-libvidstab1.1_1.1.0-2build1_amd64.deb ...
2026-10-07T23:13:12.9502078Z Unpacking libvidstab1.1:amd64 (1.1.0-2build1) ...
2026-10-07T23:13:12.9696308Z Selecting previously unselected package libzimg2:amd64.
2026-10-07T23:13:12.9798731Z Preparing to unpack .../079-libzimg2_3.0.5+ds1-1build1_amd64.deb ...
2026-10-07T23:13:12.9806720Z Unpacking libzimg2:amd64 (3.0.5+ds1-1build1) ...
2026-10-07T23:13:13.0284173Z Selecting previously unselected package libavfilter9:amd64.
2026-10-07T23:13:13.0387292Z Preparing to unpack .../080-libavfilter9_7%3a6.1.1-3ubuntu5_amd64.deb ...
2026-10-07T23:13:13.0395937Z Unpacking libavfilter9:amd64 (7:6.1.1-3ubuntu5) ...
2026-10-07T23:13:13.1915772Z Selecting previously unselected package liborc-0.4-0t64:amd64.
2026-10-07T23:13:13.2017937Z Preparing to unpack .../081-liborc-0.4-0t64_1%3a0.4.38-1ubuntu0.1_amd64.deb ...
2026-10-07T23:13:13.2025998Z Unpacking liborc-0.4-0t64:amd64 (1:0.4.38-1ubuntu0.1) ...
2026-10-07T23:13:13.2474547Z Selecting previously unselected package libgstreamer-plugins-base1.0-0:amd64.
2026-10-07T23:13:13.2579328Z Preparing to unpack .../082-libgstreamer-plugins-base1.0-0_1.24.2-1ubuntu0.5_amd64.deb ...
2026-10-07T23:13:13.2586570Z Unpacking libgstreamer-plugins-base1.0-0:amd64 (1.24.2-1ubuntu0.5) ...
2026-10-07T23:13:13.2883391Z Selecting previously unselected package gstreamer1.0-libav:amd64.
2026-10-07T23:13:13.2984392Z Preparing to unpack .../083-gstreamer1.0-libav_1.24.1-1build1_amd64.deb ...
2026-10-07T23:13:13.2991374Z Unpacking gstreamer1.0-libav:amd64 (1.24.1-1build1) ...
2026-10-07T23:13:13.3189412Z Selecting previously unselected package libcdparanoia0:amd64.
2026-10-07T23:13:13.3292549Z Preparing to unpack .../084-libcdparanoia0_3.10.2+debian-14build3_amd64.deb ...
2026-10-07T23:13:13.3299304Z Unpacking libcdparanoia0:amd64 (3.10.2+debian-14build3) ...
2026-10-07T23:13:13.3497196Z Selecting previously unselected package libvisual-0.4-0:amd64.
2026-10-07T23:13:13.3598628Z Preparing to unpack .../085-libvisual-0.4-0_0.4.2-2build1_amd64.deb ...
2026-10-07T23:13:13.3604922Z Unpacking libvisual-0.4-0:amd64 (0.4.2-2build1) ...
2026-10-07T23:13:13.3844386Z Selecting previously unselected package gstreamer1.0-plugins-base:amd64.
2026-10-07T23:13:13.3947576Z Preparing to unpack .../086-gstreamer1.0-plugins-base_1.24.2-1ubuntu0.5_amd64.deb ...
2026-10-07T23:13:13.3955396Z Unpacking gstreamer1.0-plugins-base:amd64 (1.24.2-1ubuntu0.5) ...
2026-10-07T23:13:13.4274842Z Selecting previously unselected package libaa1:amd64.
2026-10-07T23:13:13.4375995Z Preparing to unpack .../087-libaa1_1.4p5-51.1_amd64.deb ...
2026-10-07T23:13:13.4477873Z Unpacking libaa1:amd64 (1.4p5-51.1) ...
2026-10-07T23:13:13.4677564Z Selecting previously unselected package libraw1394-11:amd64.
2026-10-07T23:13:13.4779248Z Preparing to unpack .../088-libraw1394-11_2.1.2-2build3_amd64.deb ...
2026-10-07T23:13:13.4786097Z Unpacking libraw1394-11:amd64 (2.1.2-2build3) ...
2026-10-07T23:13:13.4980733Z Selecting previously unselected package libavc1394-0:amd64.
2026-10-07T23:13:13.5083276Z Preparing to unpack .../089-libavc1394-0_0.5.4-5build3_amd64.deb ...
2026-10-07T23:13:13.5092327Z Unpacking libavc1394-0:amd64 (0.5.4-5build3) ...
2026-10-07T23:13:13.5284953Z Selecting previously unselected package libcaca0:amd64.
2026-10-07T23:13:13.5386937Z Preparing to unpack .../090-libcaca0_0.99.beta20-4ubuntu0.2_amd64.deb ...
2026-10-07T23:13:13.5394763Z Unpacking libcaca0:amd64 (0.99.beta20-4ubuntu0.2) ...
2026-10-07T23:13:13.5622381Z Selecting previously unselected package libdv4t64:amd64.
2026-10-07T23:13:13.5723952Z Preparing to unpack .../091-libdv4t64_1.0.0-17.1build1_amd64.deb ...
2026-10-07T23:13:13.5731075Z Unpacking libdv4t64:amd64 (1.0.0-17.1build1) ...
2026-10-07T23:13:13.5933402Z Selecting previously unselected package libgstreamer-plugins-good1.0-0:amd64.
2026-10-07T23:13:13.6036446Z Preparing to unpack .../092-libgstreamer-plugins-good1.0-0_1.24.2-1ubuntu1.8_amd64.deb ...
2026-10-07T23:13:13.6045214Z Unpacking libgstreamer-plugins-good1.0-0:amd64 (1.24.2-1ubuntu1.8) ...
2026-10-07T23:13:13.6242301Z Selecting previously unselected package libiec61883-0:amd64.
2026-10-07T23:13:13.6343309Z Preparing to unpack .../093-libiec61883-0_1.2.0-6build1_amd64.deb ...
2026-10-07T23:13:13.6353414Z Unpacking libiec61883-0:amd64 (1.2.0-6build1) ...
2026-10-07T23:13:13.6660350Z Selecting previously unselected package libshout3:amd64.
2026-10-07T23:13:13.6761087Z Preparing to unpack .../094-libshout3_2.4.6-1build2_amd64.deb ...
2026-10-07T23:13:13.6768362Z Unpacking libshout3:amd64 (2.4.6-1build2) ...
2026-10-07T23:13:13.6969214Z Selecting previously unselected package libtag1v5-vanilla:amd64.
2026-10-07T23:13:13.7071003Z Preparing to unpack .../095-libtag1v5-vanilla_1.13.1-1build1_amd64.deb ...
2026-10-07T23:13:13.7079221Z Unpacking libtag1v5-vanilla:amd64 (1.13.1-1build1) ...
2026-10-07T23:13:13.7293643Z Selecting previously unselected package libtag1v5:amd64.
2026-10-07T23:13:13.7394411Z Preparing to unpack .../096-libtag1v5_1.13.1-1build1_amd64.deb ...
2026-10-07T23:13:13.7400186Z Unpacking libtag1v5:amd64 (1.13.1-1build1) ...
2026-10-07T23:13:13.7587576Z Selecting previously unselected package libv4lconvert0t64:amd64.
2026-10-07T23:13:13.7687382Z Preparing to unpack .../097-libv4lconvert0t64_1.26.1-4build3_amd64.deb ...
2026-10-07T23:13:13.7693638Z Unpacking libv4lconvert0t64:amd64 (1.26.1-4build3) ...
2026-10-07T23:13:13.7899575Z Selecting previously unselected package libv4l-0t64:amd64.
2026-10-07T23:13:13.8001938Z Preparing to unpack .../098-libv4l-0t64_1.26.1-4build3_amd64.deb ...
2026-10-07T23:13:13.8008089Z Unpacking libv4l-0t64:amd64 (1.26.1-4build3) ...
2026-10-07T23:13:13.8204304Z Selecting previously unselected package libwavpack1:amd64.
2026-10-07T23:13:13.8302887Z Preparing to unpack .../099-libwavpack1_5.6.0-1build1_amd64.deb ...
2026-10-07T23:13:13.8308905Z Unpacking libwavpack1:amd64 (5.6.0-1build1) ...
2026-10-07T23:13:13.8488931Z Selecting previously unselected package libsoup-3.0-common.
2026-10-07T23:13:13.8589949Z Preparing to unpack .../100-libsoup-3.0-common_3.4.4-5ubuntu0.9_all.deb ...
2026-10-07T23:13:13.8595981Z Unpacking libsoup-3.0-common (3.4.4-5ubuntu0.9) ...
2026-10-07T23:13:13.8938507Z Selecting previously unselected package libsoup-3.0-0:amd64.
2026-10-07T23:13:13.9038455Z Preparing to unpack .../101-libsoup-3.0-0_3.4.4-5ubuntu0.9_amd64.deb ...
2026-10-07T23:13:13.9048456Z Unpacking libsoup-3.0-0:amd64 (3.4.4-5ubuntu0.9) ...
2026-10-07T23:13:13.9257200Z Selecting previously unselected package gstreamer1.0-plugins-good:amd64.
2026-10-07T23:13:13.9357050Z Preparing to unpack .../102-gstreamer1.0-plugins-good_1.24.2-1ubuntu1.8_amd64.deb ...
2026-10-07T23:13:13.9363415Z Unpacking gstreamer1.0-plugins-good:amd64 (1.24.2-1ubuntu1.8) ...
2026-10-07T23:13:14.0011628Z Selecting previously unselected package libabsl20220623t64:amd64.
2026-10-07T23:13:14.0111176Z Preparing to unpack .../103-libabsl20220623t64_20220623.1-3.1ubuntu3.2_amd64.deb ...
2026-10-07T23:13:14.0117746Z Unpacking libabsl20220623t64:amd64 (20220623.1-3.1ubuntu3.2) ...
2026-10-07T23:13:14.0459579Z Selecting previously unselected package libgav1-1:amd64.
2026-10-07T23:13:14.0560452Z Preparing to unpack .../104-libgav1-1_0.18.0-1build3_amd64.deb ...
2026-10-07T23:13:14.0566211Z Unpacking libgav1-1:amd64 (0.18.0-1build3) ...
2026-10-07T23:13:14.0965537Z Selecting previously unselected package libyuv0:amd64.
2026-10-07T23:13:14.1068021Z Preparing to unpack .../105-libyuv0_0.0~git202401110.af6ac82-1_amd64.deb ...
2026-10-07T23:13:14.1075884Z Unpacking libyuv0:amd64 (0.0~git202401110.af6ac82-1) ...
2026-10-07T23:13:14.1283969Z Selecting previously unselected package libavif16:amd64.
2026-10-07T23:13:14.1384592Z Preparing to unpack .../106-libavif16_1.0.4-1ubuntu3_amd64.deb ...
2026-10-07T23:13:14.1391284Z Unpacking libavif16:amd64 (1.0.4-1ubuntu3) ...
2026-10-07T23:13:14.1585119Z Selecting previously unselected package libavtp0:amd64.
2026-10-07T23:13:14.1685762Z Preparing to unpack .../107-libavtp0_0.2.0-1build1_amd64.deb ...
2026-10-07T23:13:14.1694466Z Unpacking libavtp0:amd64 (0.2.0-1build1) ...
2026-10-07T23:13:14.1881185Z Selecting previously unselected package libcairo-script-interpreter2:amd64.
2026-10-07T23:13:14.1981713Z Preparing to unpack .../108-libcairo-script-interpreter2_1.18.0-3build1_amd64.deb ...
2026-10-07T23:13:14.1990095Z Unpacking libcairo-script-interpreter2:amd64 (1.18.0-3build1) ...
2026-10-07T23:13:14.2178168Z Selecting previously unselected package libdc1394-25:amd64.
2026-10-07T23:13:14.2278054Z Preparing to unpack .../109-libdc1394-25_2.2.6-4build1_amd64.deb ...
2026-10-07T23:13:14.2284395Z Unpacking libdc1394-25:amd64 (2.2.6-4build1) ...
2026-10-07T23:13:14.2476079Z Selecting previously unselected package libde265-0:amd64.
2026-10-07T23:13:14.2575695Z Preparing to unpack .../110-libde265-0_1.0.15-1ubuntu0.1_amd64.deb ...
2026-10-07T23:13:14.2582735Z Unpacking libde265-0:amd64 (1.0.15-1ubuntu0.1) ...
2026-10-07T23:13:14.2779513Z Selecting previously unselected package libdecor-0-0:amd64.
2026-10-07T23:13:14.2878326Z Preparing to unpack .../111-libdecor-0-0_0.2.2-1build2_amd64.deb ...
2026-10-07T23:13:14.2884435Z Unpacking libdecor-0-0:amd64 (0.2.2-1build2) ...
2026-10-07T23:13:14.3228133Z Selecting previously unselected package libgles2:amd64.
2026-10-07T23:13:14.3327010Z Preparing to unpack .../112-libgles2_1.7.0-1build1_amd64.deb ...
2026-10-07T23:13:14.3334092Z Unpacking libgles2:amd64 (1.7.0-1build1) ...
2026-10-07T23:13:14.3521506Z Selecting previously unselected package libdirectfb-1.7-7t64:amd64.
2026-10-07T23:13:14.3622120Z Preparing to unpack .../113-libdirectfb-1.7-7t64_1.7.7-11.1ubuntu2_amd64.deb ...
2026-10-07T23:13:14.3628449Z Unpacking libdirectfb-1.7-7t64:amd64 (1.7.7-11.1ubuntu2) ...
2026-10-07T23:13:14.4053398Z Selecting previously unselected package libdvdread8t64:amd64.
2026-10-07T23:13:14.4153764Z Preparing to unpack .../114-libdvdread8t64_6.1.3-1.1build1_amd64.deb ...
2026-10-07T23:13:14.4161515Z Unpacking libdvdread8t64:amd64 (6.1.3-1.1build1) ...
2026-10-07T23:13:14.4361548Z Selecting previously unselected package libdvdnav4:amd64.
2026-10-07T23:13:14.4461449Z Preparing to unpack .../115-libdvdnav4_6.1.1-3build1_amd64.deb ...
2026-10-07T23:13:14.4469027Z Unpacking libdvdnav4:amd64 (6.1.1-3build1) ...
2026-10-07T23:13:14.4768907Z Preparing to unpack .../116-libgl1-mesa-dri_25.2.8-0ubuntu0.24.04.4_amd64.deb ...
2026-10-07T23:13:14.4891751Z Unpacking libgl1-mesa-dri:amd64 (25.2.8-0ubuntu0.24.04.4) over (25.2.8-0ubuntu0.24.04.2) ...
2026-10-07T23:13:14.5523131Z Preparing to unpack .../117-libglx-mesa0_25.2.8-0ubuntu0.24.04.4_amd64.deb ...
2026-10-07T23:13:14.5541560Z Unpacking libglx-mesa0:amd64 (25.2.8-0ubuntu0.24.04.4) over (25.2.8-0ubuntu0.24.04.2) ...
2026-10-07T23:13:14.5878797Z Preparing to unpack .../118-libgbm1_25.2.8-0ubuntu0.24.04.4_amd64.deb ...
2026-10-07T23:13:14.5903350Z Unpacking libgbm1:amd64 (25.2.8-0ubuntu0.24.04.4) over (25.2.8-0ubuntu0.24.04.2) ...
2026-10-07T23:13:14.6250582Z Preparing to unpack .../119-mesa-libgallium_25.2.8-0ubuntu0.24.04.4_amd64.deb ...
2026-10-07T23:13:14.6273898Z Unpacking mesa-libgallium:amd64 (25.2.8-0ubuntu0.24.04.4) over (25.2.8-0ubuntu0.24.04.2) ...
2026-10-07T23:13:14.9988221Z Selecting previously unselected package libegl-mesa0:amd64.
2026-10-07T23:13:15.0093451Z Preparing to unpack .../120-libegl-mesa0_25.2.8-0ubuntu0.24.04.4_amd64.deb ...
2026-10-07T23:13:15.0099962Z Unpacking libegl-mesa0:amd64 (25.2.8-0ubuntu0.24.04.4) ...
2026-10-07T23:13:15.0299682Z Selecting previously unselected package libevent-2.1-7t64:amd64.
2026-10-07T23:13:15.0404163Z Preparing to unpack .../121-libevent-2.1-7t64_2.1.12-stable-9ubuntu2.2_amd64.deb ...
2026-10-07T23:13:15.0413003Z Unpacking libevent-2.1-7t64:amd64 (2.1.12-stable-9ubuntu2.2) ...
2026-10-07T23:13:15.0718788Z Preparing to unpack .../122-libevent-pthreads-2.1-7t64_2.1.12-stable-9ubuntu2.2_amd64.deb ...
2026-10-07T23:13:15.0963415Z Unpacking libevent-pthreads-2.1-7t64:amd64 (2.1.12-stable-9ubuntu2.2) over (2.1.12-stable-9ubuntu2.1) ...
2026-10-07T23:13:15.1288414Z Preparing to unpack .../123-libevent-core-2.1-7t64_2.1.12-stable-9ubuntu2.2_amd64.deb ...
2026-10-07T23:13:15.1356225Z Unpacking libevent-core-2.1-7t64:amd64 (2.1.12-stable-9ubuntu2.2) over (2.1.12-stable-9ubuntu2.1) ...
2026-10-07T23:13:15.1570678Z Selecting previously unselected package libfaad2:amd64.
2026-10-07T23:13:15.1674313Z Preparing to unpack .../124-libfaad2_2.11.1-1build1_amd64.deb ...
2026-10-07T23:13:15.1681374Z Unpacking libfaad2:amd64 (2.11.1-1build1) ...
2026-10-07T23:13:15.2035114Z Selecting previously unselected package libinstpatch-1.0-2:amd64.
2026-10-07T23:13:15.2137438Z Preparing to unpack .../125-libinstpatch-1.0-2_1.1.6-1build2_amd64.deb ...
2026-10-07T23:13:15.2144314Z Unpacking libinstpatch-1.0-2:amd64 (1.1.6-1build2) ...
2026-10-07T23:13:15.2355826Z Selecting previously unselected package libjack-jackd2-0:amd64.
2026-10-07T23:13:15.2462805Z Preparing to unpack .../126-libjack-jackd2-0_1.9.21~dfsg-3ubuntu3_amd64.deb ...
2026-10-07T23:13:15.2469651Z Unpacking libjack-jackd2-0:amd64 (1.9.21~dfsg-3ubuntu3) ...
2026-10-07T23:13:15.2694806Z Selecting previously unselected package libwebrtc-audio-processing1:amd64.
2026-10-07T23:13:15.2794689Z Preparing to unpack .../127-libwebrtc-audio-processing1_0.3.1-0ubuntu6_amd64.deb ...
2026-10-07T23:13:15.2801620Z Unpacking libwebrtc-audio-processing1:amd64 (0.3.1-0ubuntu6) ...
2026-10-07T23:13:15.2997780Z Selecting previously unselected package libspa-0.2-modules:amd64.
2026-10-07T23:13:15.3099261Z Preparing to unpack .../128-libspa-0.2-modules_1.0.5-1ubuntu3.3_amd64.deb ...
2026-10-07T23:13:15.3107214Z Unpacking libspa-0.2-modules:amd64 (1.0.5-1ubuntu3.3) ...
2026-10-07T23:13:15.3373823Z Selecting previously unselected package libpipewire-0.3-0t64:amd64.
2026-10-07T23:13:15.3474349Z Preparing to unpack .../129-libpipewire-0.3-0t64_1.0.5-1ubuntu3.3_amd64.deb ...
2026-10-07T23:13:15.3479772Z Unpacking libpipewire-0.3-0t64:amd64 (1.0.5-1ubuntu3.3) ...
2026-10-07T23:13:15.3687793Z Selecting previously unselected package libsdl2-2.0-0:amd64.
2026-10-07T23:13:15.3787340Z Preparing to unpack .../130-libsdl2-2.0-0_2.30.0+dfsg-1ubuntu3.1_amd64.deb ...
2026-10-07T23:13:15.3793223Z Unpacking libsdl2-2.0-0:amd64 (2.30.0+dfsg-1ubuntu3.1) ...
2026-10-07T23:13:15.4232771Z Selecting previously unselected package timgm6mb-soundfont.
2026-10-07T23:13:15.4334521Z Preparing to unpack .../131-timgm6mb-soundfont_1.3-5_all.deb ...
2026-10-07T23:13:15.4340946Z Unpacking timgm6mb-soundfont (1.3-5) ...
2026-10-07T23:13:15.7487914Z Selecting previously unselected package libfluidsynth3:amd64.
2026-10-07T23:13:15.7589698Z Preparing to unpack .../132-libfluidsynth3_2.3.4-1build3_amd64.deb ...
2026-10-07T23:13:15.7596895Z Unpacking libfluidsynth3:amd64 (2.3.4-1build3) ...
2026-10-07T23:13:15.7809410Z Selecting previously unselected package libfreeaptx0:amd64.
2026-10-07T23:13:15.7915628Z Preparing to unpack .../133-libfreeaptx0_0.1.1-2build1_amd64.deb ...
2026-10-07T23:13:15.7922825Z Unpacking libfreeaptx0:amd64 (0.1.1-2build1) ...
2026-10-07T23:13:15.8118845Z Selecting previously unselected package libgraphene-1.0-0:amd64.
2026-10-07T23:13:15.8223675Z Preparing to unpack .../134-libgraphene-1.0-0_1.10.8-3build2_amd64.deb ...
2026-10-07T23:13:15.8234582Z Unpacking libgraphene-1.0-0:amd64 (1.10.8-3build2) ...
2026-10-07T23:13:15.8567598Z Selecting previously unselected package libgssdp-1.6-0:amd64.
2026-10-07T23:13:15.8670627Z Preparing to unpack .../135-libgssdp-1.6-0_1.6.3-1build3_amd64.deb ...
2026-10-07T23:13:15.8679664Z Unpacking libgssdp-1.6-0:amd64 (1.6.3-1build3) ...
2026-10-07T23:13:15.8876368Z Selecting previously unselected package libegl1:amd64.
2026-10-07T23:13:15.8976934Z Preparing to unpack .../136-libegl1_1.7.0-1build1_amd64.deb ...
2026-10-07T23:13:15.8985452Z Unpacking libegl1:amd64 (1.7.0-1build1) ...
2026-10-07T23:13:15.9179559Z Selecting previously unselected package libgstreamer-gl1.0-0:amd64.
2026-10-07T23:13:15.9280237Z Preparing to unpack .../137-libgstreamer-gl1.0-0_1.24.2-1ubuntu0.5_amd64.deb ...
2026-10-07T23:13:15.9289317Z Unpacking libgstreamer-gl1.0-0:amd64 (1.24.2-1ubuntu0.5) ...
2026-10-07T23:13:15.9483514Z Selecting previously unselected package libgtk-4-common.
2026-10-07T23:13:15.9584575Z Preparing to unpack .../138-libgtk-4-common_4.14.5+ds-0ubuntu0.10_all.deb ...
2026-10-07T23:13:15.9591268Z Unpacking libgtk-4-common (4.14.5+ds-0ubuntu0.10) ...
2026-10-07T23:13:16.0105323Z Selecting previously unselected package libgtk-4-1:amd64.
2026-10-07T23:13:16.0205699Z Preparing to unpack .../139-libgtk-4-1_4.14.5+ds-0ubuntu0.10_amd64.deb ...
2026-10-07T23:13:16.0211879Z Unpacking libgtk-4-1:amd64 (4.14.5+ds-0ubuntu0.10) ...
2026-10-07T23:13:16.1320152Z Selecting previously unselected package libgupnp-1.6-0:amd64.
2026-10-07T23:13:16.1421756Z Preparing to unpack .../140-libgupnp-1.6-0_1.6.6-1build3_amd64.deb ...
2026-10-07T23:13:16.1428422Z Unpacking libgupnp-1.6-0:amd64 (1.6.6-1build3) ...
2026-10-07T23:13:16.1621319Z Selecting previously unselected package libgupnp-igd-1.6-0:amd64.
2026-10-07T23:13:16.1723114Z Preparing to unpack .../141-libgupnp-igd-1.6-0_1.6.0-3build3_amd64.deb ...
2026-10-07T23:13:16.1730534Z Unpacking libgupnp-igd-1.6-0:amd64 (1.6.0-3build3) ...
2026-10-07T23:13:16.1911483Z Selecting previously unselected package libharfbuzz-icu0:amd64.
2026-10-07T23:13:16.2013871Z Preparing to unpack .../142-libharfbuzz-icu0_8.3.0-2build2_amd64.deb ...
2026-10-07T23:13:16.2023730Z Unpacking libharfbuzz-icu0:amd64 (8.3.0-2build2) ...
2026-10-07T23:13:16.2207458Z Selecting previously unselected package libhyphen0:amd64.
2026-10-07T23:13:16.2306525Z Preparing to unpack .../143-libhyphen0_2.8.8-7build3_amd64.deb ...
2026-10-07T23:13:16.2313367Z Unpacking libhyphen0:amd64 (2.8.8-7build3) ...
2026-10-07T23:13:16.2498675Z Selecting previously unselected package libimath-3-1-29t64:amd64.
2026-10-07T23:13:16.2599015Z Preparing to unpack .../144-libimath-3-1-29t64_3.1.9-3.1ubuntu2_amd64.deb ...
2026-10-07T23:13:16.2605681Z Unpacking libimath-3-1-29t64:amd64 (3.1.9-3.1ubuntu2) ...
2026-10-07T23:13:16.2966080Z Selecting previously unselected package liblc3-1:amd64.
2026-10-07T23:13:16.3067392Z Preparing to unpack .../145-liblc3-1_1.0.4-3build1_amd64.deb ...
2026-10-07T23:13:16.3076477Z Unpacking liblc3-1:amd64 (1.0.4-3build1) ...
2026-10-07T23:13:16.3272344Z Selecting previously unselected package libldacbt-enc2:amd64.
2026-10-07T23:13:16.3371564Z Preparing to unpack .../146-libldacbt-enc2_2.0.2.3+git20200429+ed310a0-4ubuntu2_amd64.deb ...
2026-10-07T23:13:16.3386377Z Unpacking libldacbt-enc2:amd64 (2.0.2.3+git20200429+ed310a0-4ubuntu2) ...
2026-10-07T23:13:16.3569437Z Selecting previously unselected package libraptor2-0:amd64.
2026-10-07T23:13:16.3670422Z Preparing to unpack .../147-libraptor2-0_2.0.16-3ubuntu0.1_amd64.deb ...
2026-10-07T23:13:16.3677243Z Unpacking libraptor2-0:amd64 (2.0.16-3ubuntu0.1) ...
2026-10-07T23:13:16.3877288Z Selecting previously unselected package liblrdf0:amd64.
2026-10-07T23:13:16.3996440Z Preparing to unpack .../148-liblrdf0_0.6.1-4build1_amd64.deb ...
2026-10-07T23:13:16.4006216Z Unpacking liblrdf0:amd64 (0.6.1-4build1) ...
2026-10-07T23:13:16.4222803Z Selecting previously unselected package libltc11:amd64.
2026-10-07T23:13:16.4336678Z Preparing to unpack .../149-libltc11_1.3.2-1build1_amd64.deb ...
2026-10-07T23:13:16.4347044Z Unpacking libltc11:amd64 (1.3.2-1build1) ...
2026-10-07T23:13:16.4597640Z Selecting previously unselected package libmanette-0.2-0:amd64.
2026-10-07T23:13:16.4809601Z Preparing to unpack .../150-libmanette-0.2-0_0.2.7-1build2_amd64.deb ...
2026-10-07T23:13:16.4817341Z Unpacking libmanette-0.2-0:amd64 (0.2.7-1build2) ...
2026-10-07T23:13:16.5196968Z Selecting previously unselected package libmfx1:amd64.
2026-10-07T23:13:16.5405089Z Preparing to unpack .../151-libmfx1_22.5.4-1_amd64.deb ...
2026-10-07T23:13:16.5421646Z Unpacking libmfx1:amd64 (22.5.4-1) ...
2026-10-07T23:13:16.7022035Z Selecting previously unselected package libmjpegutils-2.1-0t64:amd64.
2026-10-07T23:13:16.7128245Z Preparing to unpack .../152-libmjpegutils-2.1-0t64_1%3a2.1.0+debian-8.1build1_amd64.deb ...
2026-10-07T23:13:16.7136376Z Unpacking libmjpegutils-2.1-0t64:amd64 (1:2.1.0+debian-8.1build1) ...
2026-10-07T23:13:16.7508327Z Selecting previously unselected package libmodplug1:amd64.
2026-10-07T23:13:16.7608599Z Preparing to unpack .../153-libmodplug1_1%3a0.8.9.0-3build1_amd64.deb ...
2026-10-07T23:13:16.7615585Z Unpacking libmodplug1:amd64 (1:0.8.9.0-3build1) ...
2026-10-07T23:13:16.7811526Z Selecting previously unselected package libmpcdec6:amd64.
2026-10-07T23:13:16.7912411Z Preparing to unpack .../154-libmpcdec6_2%3a0.1~r495-2build1_amd64.deb ...
2026-10-07T23:13:16.7918924Z Unpacking libmpcdec6:amd64 (2:0.1~r495-2build1) ...
2026-10-07T23:13:16.8102925Z Selecting previously unselected package libmpeg2encpp-2.1-0t64:amd64.
2026-10-07T23:13:16.8202394Z Preparing to unpack .../155-libmpeg2encpp-2.1-0t64_1%3a2.1.0+debian-8.1build1_amd64.deb ...
2026-10-07T23:13:16.8211617Z Unpacking libmpeg2encpp-2.1-0t64:amd64 (1:2.1.0+debian-8.1build1) ...
2026-10-07T23:13:16.8399466Z Selecting previously unselected package libmplex2-2.1-0t64:amd64.
2026-10-07T23:13:16.8498738Z Preparing to unpack .../156-libmplex2-2.1-0t64_1%3a2.1.0+debian-8.1build1_amd64.deb ...
2026-10-07T23:13:16.8506007Z Unpacking libmplex2-2.1-0t64:amd64 (1:2.1.0+debian-8.1build1) ...
2026-10-07T23:13:16.8696203Z Selecting previously unselected package libneon27t64:amd64.
2026-10-07T23:13:16.8796631Z Preparing to unpack .../157-libneon27t64_0.33.0-1.1build3_amd64.deb ...
2026-10-07T23:13:16.8807032Z Unpacking libneon27t64:amd64 (0.33.0-1.1build3) ...
2026-10-07T23:13:16.9548753Z Selecting previously unselected package libnice10:amd64.
2026-10-07T23:13:16.9651517Z Preparing to unpack .../158-libnice10_0.1.21-2build3_amd64.deb ...
2026-10-07T23:13:16.9661078Z Unpacking libnice10:amd64 (0.1.21-2build3) ...
2026-10-07T23:13:16.9861945Z Selecting previously unselected package libopenal-data.
2026-10-07T23:13:16.9961460Z Preparing to unpack .../159-libopenal-data_1%3a1.23.1-4build1_all.deb ...
2026-10-07T23:13:16.9968827Z Unpacking libopenal-data (1:1.23.1-4build1) ...
2026-10-07T23:13:17.0169241Z Selecting previously unselected package libopenexr-3-1-30:amd64.
2026-10-07T23:13:17.0268336Z Preparing to unpack .../160-libopenexr-3-1-30_3.1.5-5.1build3_amd64.deb ...
2026-10-07T23:13:17.0275800Z Unpacking libopenexr-3-1-30:amd64 (3.1.5-5.1build3) ...
2026-10-07T23:13:17.1369085Z Selecting previously unselected package libopenh264-7:amd64.
2026-10-07T23:13:17.1474967Z Preparing to unpack .../161-libopenh264-7_2.4.1+dfsg-1_amd64.deb ...
2026-10-07T23:13:17.2080885Z Unpacking libopenh264-7:amd64 (2.4.1+dfsg-1) ...
2026-10-07T23:13:17.2896604Z Selecting previously unselected package libopenni2-0:amd64.
2026-10-07T23:13:17.3000917Z Preparing to unpack .../162-libopenni2-0_2.2.0.33+dfsg-18_amd64.deb ...
2026-10-07T23:13:17.3108428Z Unpacking libopenni2-0:amd64 (2.2.0.33+dfsg-18) ...
2026-10-07T23:13:17.5686476Z Selecting previously unselected package libqrencode4:amd64.
2026-10-07T23:13:17.5790885Z Preparing to unpack .../163-libqrencode4_4.1.1-1build2_amd64.deb ...
2026-10-07T23:13:17.6777331Z Unpacking libqrencode4:amd64 (4.1.1-1build2) ...
2026-10-07T23:13:17.9376263Z Selecting previously unselected package libsecret-common.
2026-10-07T23:13:17.9476928Z Preparing to unpack .../164-libsecret-common_0.21.4-1build3_all.deb ...
2026-10-07T23:13:17.9485921Z Unpacking libsecret-common (0.21.4-1build3) ...
2026-10-07T23:13:17.9671846Z Selecting previously unselected package libsecret-1-0:amd64.
2026-10-07T23:13:17.9772431Z Preparing to unpack .../165-libsecret-1-0_0.21.4-1build3_amd64.deb ...
2026-10-07T23:13:17.9779082Z Unpacking libsecret-1-0:amd64 (0.21.4-1build3) ...
2026-10-07T23:13:17.9978382Z Selecting previously unselected package libsndio7.0:amd64.
2026-10-07T23:13:18.0077038Z Preparing to unpack .../166-libsndio7.0_1.9.0-0.3build3_amd64.deb ...
2026-10-07T23:13:18.0084989Z Unpacking libsndio7.0:amd64 (1.9.0-0.3build3) ...
2026-10-07T23:13:18.0274077Z Selecting previously unselected package libsoundtouch1:amd64.
2026-10-07T23:13:18.0373307Z Preparing to unpack .../167-libsoundtouch1_2.3.2+ds1-1build1_amd64.deb ...
2026-10-07T23:13:18.0380107Z Unpacking libsoundtouch1:amd64 (2.3.2+ds1-1build1) ...
2026-10-07T23:13:18.0574452Z Selecting previously unselected package libspandsp2t64:amd64.
2026-10-07T23:13:18.0674644Z Preparing to unpack .../168-libspandsp2t64_0.0.6+dfsg-2.1build1_amd64.deb ...
2026-10-07T23:13:18.0681404Z Unpacking libspandsp2t64:amd64 (0.0.6+dfsg-2.1build1) ...
2026-10-07T23:13:18.0886416Z Selecting previously unselected package libsrtp2-1:amd64.
2026-10-07T23:13:18.1041194Z Preparing to unpack .../169-libsrtp2-1_2.5.0-3build1_amd64.deb ...
2026-10-07T23:13:18.1071424Z Unpacking libsrtp2-1:amd64 (2.5.0-3build1) ...
2026-10-07T23:13:18.1269206Z Selecting previously unselected package libwayland-server0:amd64.
2026-10-07T23:13:18.1369709Z Preparing to unpack .../170-libwayland-server0_1.22.0-2.1build1_amd64.deb ...
2026-10-07T23:13:18.1492273Z Unpacking libwayland-server0:amd64 (1.22.0-2.1build1) ...
2026-10-07T23:13:18.1683640Z Selecting previously unselected package libwildmidi2:amd64.
2026-10-07T23:13:18.1784269Z Preparing to unpack .../171-libwildmidi2_0.4.3-1build3_amd64.deb ...
2026-10-07T23:13:18.1791548Z Unpacking libwildmidi2:amd64 (0.4.3-1build3) ...
2026-10-07T23:13:18.2277959Z Selecting previously unselected package libwoff1:amd64.
2026-10-07T23:13:18.2380582Z Preparing to unpack .../172-libwoff1_1.0.2-2build1_amd64.deb ...
2026-10-07T23:13:18.2389576Z Unpacking libwoff1:amd64 (1.0.2-2build1) ...
2026-10-07T23:13:18.2586162Z Selecting previously unselected package libxcb-xkb1:amd64.
2026-10-07T23:13:18.2687767Z Preparing to unpack .../173-libxcb-xkb1_1.15-1ubuntu2_amd64.deb ...
2026-10-07T23:13:18.2694804Z Unpacking libxcb-xkb1:amd64 (1.15-1ubuntu2) ...
2026-10-07T23:13:18.2886654Z Selecting previously unselected package libxkbcommon-x11-0:amd64.
2026-10-07T23:13:18.2992485Z Preparing to unpack .../174-libxkbcommon-x11-0_1.6.0-1build1_amd64.deb ...
2026-10-07T23:13:18.3002180Z Unpacking libxkbcommon-x11-0:amd64 (1.6.0-1build1) ...
2026-10-07T23:13:18.3195570Z Selecting previously unselected package libzbar0t64:amd64.
2026-10-07T23:13:18.3296643Z Preparing to unpack .../175-libzbar0t64_0.23.93-4build3_amd64.deb ...
2026-10-07T23:13:18.3303005Z Unpacking libzbar0t64:amd64 (0.23.93-4build3) ...
2026-10-07T23:13:18.3497611Z Selecting previously unselected package libzxing3:amd64.
2026-10-07T23:13:18.3598447Z Preparing to unpack .../176-libzxing3_2.2.1-3_amd64.deb ...
2026-10-07T23:13:18.3694930Z Unpacking libzxing3:amd64 (2.2.1-3) ...
2026-10-07T23:13:18.3918722Z Selecting previously unselected package xfonts-encodings.
2026-10-07T23:13:18.4018503Z Preparing to unpack .../177-xfonts-encodings_1%3a1.0.5-0ubuntu2_all.deb ...
2026-10-07T23:13:18.4024676Z Unpacking xfonts-encodings (1:1.0.5-0ubuntu2) ...
2026-10-07T23:13:18.4270009Z Selecting previously unselected package xfonts-utils.
2026-10-07T23:13:18.4370041Z Preparing to unpack .../178-xfonts-utils_1%3a7.7+6build3_amd64.deb ...
2026-10-07T23:13:18.4375550Z Unpacking xfonts-utils (1:7.7+6build3) ...
2026-10-07T23:13:18.4677285Z Selecting previously unselected package xfonts-cyrillic.
2026-10-07T23:13:18.4778468Z Preparing to unpack .../179-xfonts-cyrillic_1%3a1.0.5+nmu1_all.deb ...
2026-10-07T23:13:18.4784008Z Unpacking xfonts-cyrillic (1:1.0.5+nmu1) ...
2026-10-07T23:13:18.5063119Z Selecting previously unselected package xfonts-scalable.
2026-10-07T23:13:18.5165009Z Preparing to unpack .../180-xfonts-scalable_1%3a1.0.3-1.3_all.deb ...
2026-10-07T23:13:18.5171176Z Unpacking xfonts-scalable (1:1.0.3-1.3) ...
2026-10-07T23:13:18.5389320Z Selecting previously unselected package libgstreamer-plugins-bad1.0-0:amd64.
2026-10-07T23:13:18.5489917Z Preparing to unpack .../181-libgstreamer-plugins-bad1.0-0_1.24.2-1ubuntu4_amd64.deb ...
2026-10-07T23:13:18.5496198Z Unpacking libgstreamer-plugins-bad1.0-0:amd64 (1.24.2-1ubuntu4) ...
2026-10-07T23:13:18.5947655Z Selecting previously unselected package libdca0:amd64.
2026-10-07T23:13:18.6048645Z Preparing to unpack .../182-libdca0_0.0.7-2build1_amd64.deb ...
2026-10-07T23:13:18.6057157Z Unpacking libdca0:amd64 (0.0.7-2build1) ...
2026-10-07T23:13:18.6259025Z Selecting previously unselected package libopenal1:amd64.
2026-10-07T23:13:18.6360582Z Preparing to unpack .../183-libopenal1_1%3a1.23.1-4build1_amd64.deb ...
2026-10-07T23:13:18.6367713Z Unpacking libopenal1:amd64 (1:1.23.1-4build1) ...
2026-10-07T23:13:18.6601738Z Selecting previously unselected package libsbc1:amd64.
2026-10-07T23:13:18.6703379Z Preparing to unpack .../184-libsbc1_2.0-1build1_amd64.deb ...
2026-10-07T23:13:18.6710488Z Unpacking libsbc1:amd64 (2.0-1build1) ...
2026-10-07T23:13:18.6909029Z Selecting previously unselected package libvo-aacenc0:amd64.
2026-10-07T23:13:18.7010706Z Preparing to unpack .../185-libvo-aacenc0_0.1.3-2build1_amd64.deb ...
2026-10-07T23:13:18.7017813Z Unpacking libvo-aacenc0:amd64 (0.1.3-2build1) ...
2026-10-07T23:13:18.7214173Z Selecting previously unselected package libvo-amrwbenc0:amd64.
2026-10-07T23:13:18.7314432Z Preparing to unpack .../186-libvo-amrwbenc0_0.1.3-2build1_amd64.deb ...
2026-10-07T23:13:18.7321267Z Unpacking libvo-amrwbenc0:amd64 (0.1.3-2build1) ...
2026-10-07T23:13:18.7506651Z Selecting previously unselected package gstreamer1.0-plugins-bad:amd64.
2026-10-07T23:13:18.7606644Z Preparing to unpack .../187-gstreamer1.0-plugins-bad_1.24.2-1ubuntu4_amd64.deb ...
2026-10-07T23:13:18.7614837Z Unpacking gstreamer1.0-plugins-bad:amd64 (1.24.2-1ubuntu4) ...
2026-10-07T23:13:18.9938071Z Setting up libgme0:amd64 (0.6.3-7build1) ...
2026-10-07T23:13:18.9955730Z Setting up libchromaprint1:amd64 (1.5.1-5) ...
2026-10-07T23:13:18.9975433Z Setting up libssh-gcrypt-4:amd64 (0.10.6-2ubuntu0.5) ...
2026-10-07T23:13:18.9990241Z Setting up libhwy1t64:amd64 (1.0.7-8.1build1) ...
2026-10-07T23:13:19.0008325Z Setting up libfreeaptx0:amd64 (0.1.1-2build1) ...
2026-10-07T23:13:19.0025689Z Setting up libdvdread8t64:amd64 (6.1.3-1.1build1) ...
2026-10-07T23:13:19.0040422Z Setting up libudfread0:amd64 (1.1.2-1build1) ...
2026-10-07T23:13:19.0057925Z Setting up libmodplug1:amd64 (1:0.8.9.0-3build1) ...
2026-10-07T23:13:19.0073614Z Setting up libcdparanoia0:amd64 (3.10.2+debian-14build3) ...
2026-10-07T23:13:19.0089351Z Setting up libwayland-server0:amd64 (1.22.0-2.1build1) ...
2026-10-07T23:13:19.0106697Z Setting up libvo-amrwbenc0:amd64 (0.1.3-2build1) ...
2026-10-07T23:13:19.0121432Z Setting up mesa-libgallium:amd64 (25.2.8-0ubuntu0.24.04.4) ...
2026-10-07T23:13:19.0136180Z Setting up session-migration (0.3.9build1) ...
2026-10-07T23:13:19.1329566Z Created symlink /etc/systemd/user/graphical-session-pre.target.wants/session-migration.service → /usr/lib/systemd/user/session-migration.service.
2026-10-07T23:13:19.1329931Z 
2026-10-07T23:13:19.1355311Z Setting up libraw1394-11:amd64 (2.1.2-2build3) ...
2026-10-07T23:13:19.1373408Z Setting up libsbc1:amd64 (2.0-1build1) ...
2026-10-07T23:13:19.1391309Z Setting up libproxy1v5:amd64 (0.5.4-4build1) ...
2026-10-07T23:13:19.1405652Z Setting up libneon27t64:amd64 (0.33.0-1.1build3) ...
2026-10-07T23:13:19.1420545Z Setting up libtag1v5-vanilla:amd64 (1.13.1-1build1) ...
2026-10-07T23:13:19.1437046Z Setting up libharfbuzz-icu0:amd64 (8.3.0-2build2) ...
2026-10-07T23:13:19.1454599Z Setting up libopenni2-0:amd64 (2.2.0.33+dfsg-18) ...
2026-10-07T23:13:19.1670883Z Setting up libspeex1:amd64 (1.2.1-2ubuntu2.24.04.1) ...
2026-10-07T23:13:19.1685842Z Setting up libshine3:amd64 (3.1.1-2build1) ...
2026-10-07T23:13:19.1704488Z Setting up libcaca0:amd64 (0.99.beta20-4ubuntu0.2) ...
2026-10-07T23:13:19.1720012Z Setting up libvpl2 (2023.3.0-1build1) ...
2026-10-07T23:13:19.1734267Z Setting up libv4lconvert0t64:amd64 (1.26.1-4build3) ...
2026-10-07T23:13:19.1751871Z Setting up libx264-164:amd64 (2:0.164.3108+git31e19f9-1) ...
2026-10-07T23:13:19.1768095Z Setting up libtwolame0:amd64 (0.4.0-2build3) ...
2026-10-07T23:13:19.1784285Z Setting up libmbedcrypto7t64:amd64 (2.28.8-1) ...
2026-10-07T23:13:19.1800399Z Setting up libwoff1:amd64 (1.0.2-2build1) ...
2026-10-07T23:13:19.1819225Z Setting up liblc3-1:amd64 (1.0.4-3build1) ...
2026-10-07T23:13:19.1836453Z Setting up libqrencode4:amd64 (4.1.1-1build2) ...
2026-10-07T23:13:19.1854168Z Setting up libhyphen0:amd64 (2.8.8-7build3) ...
2026-10-07T23:13:19.1868769Z Setting up libgbm1:amd64 (25.2.8-0ubuntu0.24.04.4) ...
2026-10-07T23:13:19.1885317Z Setting up libgsm1:amd64 (1.0.22-1build1) ...
2026-10-07T23:13:19.1902138Z Setting up libvisual-0.4-0:amd64 (0.4.2-2build1) ...
2026-10-07T23:13:19.1920508Z Setting up libsoxr0:amd64 (0.1.3-4build3) ...
2026-10-07T23:13:19.1934602Z Setting up libzix-0-0:amd64 (0.4.2-2build1) ...
2026-10-07T23:13:19.1949654Z Setting up libcodec2-1.2:amd64 (1.2.0-2build1) ...
2026-10-07T23:13:19.1964625Z Setting up libmanette-0.2-0:amd64 (0.2.7-1build2) ...
2026-10-07T23:13:19.1984260Z Setting up libsrtp2-1:amd64 (2.5.0-3build1) ...
2026-10-07T23:13:19.1999644Z Setting up libgl1-mesa-dri:amd64 (25.2.8-0ubuntu0.24.04.4) ...
2026-10-07T23:13:19.2067171Z Setting up libmysofa1:amd64 (1.3.2+dfsg-2ubuntu2) ...
2026-10-07T23:13:19.2081534Z Setting up libraptor2-0:amd64 (2.0.16-3ubuntu0.1) ...
2026-10-07T23:13:19.2097481Z Setting up libldacbt-enc2:amd64 (2.0.2.3+git20200429+ed310a0-4ubuntu2) ...
2026-10-07T23:13:19.2112498Z Setting up fonts-wqy-zenhei (0.9.45-8) ...
2026-10-07T23:13:19.2206832Z Setting up libwebrtc-audio-processing1:amd64 (0.3.1-0ubuntu6) ...
2026-10-07T23:13:19.2222998Z Setting up fonts-freefont-ttf (20211204+svn4273-2) ...
2026-10-07T23:13:19.2238501Z Setting up libevent-2.1-7t64:amd64 (2.1.12-stable-9ubuntu2.2) ...
2026-10-07T23:13:19.2254538Z Setting up libsvtav1enc1d1:amd64 (1.7.0+dfsg-2build1) ...
2026-10-07T23:13:19.2272261Z Setting up libsoup-3.0-common (3.4.4-5ubuntu0.9) ...
2026-10-07T23:13:19.2288952Z Setting up libmpg123-0t64:amd64 (1.32.5-1ubuntu1.1) ...
2026-10-07T23:13:19.2303694Z Setting up libcjson1:amd64 (1.7.17-1) ...
2026-10-07T23:13:19.2319735Z Setting up libxvidcore4:amd64 (2:1.3.7-1build1) ...
2026-10-07T23:13:19.2334067Z Setting up libmpcdec6:amd64 (2:0.1~r495-2build1) ...
2026-10-07T23:13:19.2348675Z Setting up libmjpegutils-2.1-0t64:amd64 (1:2.1.0+debian-8.1build1) ...
2026-10-07T23:13:19.2366888Z Setting up librav1e0:amd64 (0.7.1-2) ...
2026-10-07T23:13:19.2530560Z Setting up liborc-0.4-0t64:amd64 (1:0.4.38-1ubuntu0.1) ...
2026-10-07T23:13:19.2550993Z Setting up libxcb-xkb1:amd64 (1.15-1ubuntu2) ...
2026-10-07T23:13:19.2567488Z Setting up libvo-aacenc0:amd64 (0.1.3-2build1) ...
2026-10-07T23:13:19.2607556Z Setting up librist4:amd64 (0.2.10+dfsg-2) ...
2026-10-07T23:13:19.2624036Z Setting up librsvg2-2:amd64 (2.58.0+dfsg-1ubuntu0.1) ...
2026-10-07T23:13:19.2638745Z Setting up libblas3:amd64 (3.12.0-3build1.1) ...
2026-10-07T23:13:19.2696968Z update-alternatives: using /usr/lib/x86_64-linux-gnu/blas/libblas.so.3 to provide /usr/lib/x86_64-linux-gnu/libblas.so.3 (libblas.so.3-x86_64-linux-gnu) in auto mode
2026-10-07T23:13:19.2723782Z Setting up libegl-mesa0:amd64 (25.2.8-0ubuntu0.24.04.4) ...
2026-10-07T23:13:19.2744287Z Setting up libsoundtouch1:amd64 (2.3.2+ds1-1build1) ...
2026-10-07T23:13:19.2764378Z Setting up libplacebo338:amd64 (6.338.2-2build1) ...
2026-10-07T23:13:19.2782221Z Setting up libgles2:amd64 (1.7.0-1build1) ...
2026-10-07T23:13:19.2801418Z Setting up fonts-tlwg-loma-otf (1:0.7.3-1) ...
2026-10-07T23:13:19.2821650Z Setting up libva2:amd64 (2.20.0-2ubuntu0.2) ...
2026-10-07T23:13:19.2839175Z Setting up libfreetype6:amd64 (2.13.2+dfsg-1ubuntu0.2) ...
2026-10-07T23:13:19.2857440Z Setting up libspa-0.2-modules:amd64 (1.0.5-1ubuntu3.3) ...
2026-10-07T23:13:19.2871700Z Setting up libzxing3:amd64 (2.2.1-3) ...
2026-10-07T23:13:19.2887406Z Setting up xfonts-encodings (1:1.0.5-0ubuntu2) ...
2026-10-07T23:13:19.2906173Z Setting up libopus0:amd64 (1.4-1build1) ...
2026-10-07T23:13:19.2921633Z Setting up libfaad2:amd64 (2.11.1-1build1) ...
2026-10-07T23:13:19.2936872Z Setting up libxkbcommon-x11-0:amd64 (1.6.0-1build1) ...
2026-10-07T23:13:19.2955515Z Setting up libdc1394-25:amd64 (2.2.6-4build1) ...
2026-10-07T23:13:19.2970948Z Setting up libimath-3-1-29t64:amd64 (3.1.9-3.1ubuntu2) ...
2026-10-07T23:13:19.2987177Z Setting up libunibreak5:amd64 (5.1-2build1) ...
2026-10-07T23:13:19.3006236Z Setting up libdv4t64:amd64 (1.0.0-17.1build1) ...
2026-10-07T23:13:19.3022013Z Setting up libjxl0.7:amd64 (0.7.0-10.2ubuntu6.1) ...
2026-10-07T23:13:19.3039373Z Setting up libopenh264-7:amd64 (2.4.1+dfsg-1) ...
2026-10-07T23:13:19.3054248Z Setting up libltc11:amd64 (1.3.2-1build1) ...
2026-10-07T23:13:19.3069070Z Setting up libx265-199:amd64 (3.5-2build1) ...
2026-10-07T23:13:19.3918662Z Setting up libv4l-0t64:amd64 (1.26.1-4build3) ...
2026-10-07T23:13:19.3933696Z Setting up libavtp0:amd64 (0.2.0-1build1) ...
2026-10-07T23:13:19.3947786Z Setting up libsndio7.0:amd64 (1.9.0-0.3build3) ...
2026-10-07T23:13:19.3965850Z Setting up libdirectfb-1.7-7t64:amd64 (1.7.7-11.1ubuntu2) ...
2026-10-07T23:13:19.3981237Z Setting up libspandsp2t64:amd64 (0.0.6+dfsg-2.1build1) ...
2026-10-07T23:13:19.3996877Z Setting up libvidstab1.1:amd64 (1.1.0-2build1) ...
2026-10-07T23:13:19.4011299Z Setting up libvpx9:amd64 (1.14.0-1ubuntu2.3) ...
2026-10-07T23:13:19.4024920Z Setting up libsrt1.5-gnutls:amd64 (1.5.3-1build2) ...
2026-10-07T23:13:19.4040277Z Setting up libtag1v5:amd64 (1.13.1-1build1) ...
2026-10-07T23:13:19.4053841Z Setting up libflite1:amd64 (2.2-6build3) ...
2026-10-07T23:13:19.4067927Z Setting up libdav1d7:amd64 (1.4.1-1build1) ...
2026-10-07T23:13:19.4085800Z Setting up libva-drm2:amd64 (2.20.0-2ubuntu0.2) ...
2026-10-07T23:13:19.4099969Z Setting up fonts-ipafont-gothic (00303-21ubuntu1) ...
2026-10-07T23:13:19.4155359Z update-alternatives: using /usr/share/fonts/opentype/ipafont-gothic/ipag.ttf to provide /usr/share/fonts/truetype/fonts-japanese-gothic.ttf (fonts-japanese-gothic.ttf) in auto mode
2026-10-07T23:13:19.4169527Z Setting up ocl-icd-libopencl1:amd64 (2.3.2-1build1) ...
2026-10-07T23:13:19.4187270Z Setting up libasyncns0:amd64 (0.8-6build4) ...
2026-10-07T23:13:19.4204179Z Setting up libwildmidi2:amd64 (0.4.3-1build3) ...
2026-10-07T23:13:19.4219285Z Setting up libvdpau1:amd64 (1.5-2build1) ...
2026-10-07T23:13:19.4243130Z Setting up libwavpack1:amd64 (5.6.0-1build1) ...
2026-10-07T23:13:19.4258548Z Setting up libbs2b0:amd64 (3.1.0+dfsg-7build1) ...
2026-10-07T23:13:19.4275493Z Setting up libtheora0:amd64 (1.1.1+dfsg.1-16.1build3) ...
2026-10-07T23:13:19.4289727Z Setting up libegl1:amd64 (1.7.0-1build1) ...
2026-10-07T23:13:19.4304398Z Setting up libdecor-0-0:amd64 (0.2.2-1build2) ...
2026-10-07T23:13:19.4324266Z Setting up libdca0:amd64 (0.0.7-2build1) ...
2026-10-07T23:13:19.4339330Z Setting up libzimg2:amd64 (3.0.5+ds1-1build1) ...
2026-10-07T23:13:19.4356546Z Setting up libopenal-data (1:1.23.1-4build1) ...
2026-10-07T23:13:19.4377599Z Setting up libevent-core-2.1-7t64:amd64 (2.1.12-stable-9ubuntu2.2) ...
2026-10-07T23:13:19.4395256Z Setting up libabsl20220623t64:amd64 (20220623.1-3.1ubuntu3.2) ...
2026-10-07T23:13:19.4413385Z Setting up libflac12t64:amd64 (1.4.3+ds-2.1ubuntu2) ...
2026-10-07T23:13:19.4427967Z Setting up libgtk-4-common (4.14.5+ds-0ubuntu0.10) ...
2026-10-07T23:13:19.4445300Z Setting up libmpeg2encpp-2.1-0t64:amd64 (1:2.1.0+debian-8.1build1) ...
2026-10-07T23:13:19.4462864Z Setting up glib-networking-common (2.80.0-1build1) ...
2026-10-07T23:13:19.4480259Z Setting up libmfx1:amd64 (22.5.4-1) ...
2026-10-07T23:13:19.4496181Z Setting up libbluray2:amd64 (1:1.3.4-1build1) ...
2026-10-07T23:13:19.4513974Z Setting up libde265-0:amd64 (1.0.15-1ubuntu0.1) ...
2026-10-07T23:13:19.4532508Z Setting up libsamplerate0:amd64 (0.2.2-4build1) ...
2026-10-07T23:13:19.4739380Z Setting up timgm6mb-soundfont (1.3-5) ...
2026-10-07T23:13:19.4806046Z update-alternatives: using /usr/share/sounds/sf2/TimGM6mb.sf2 to provide /usr/share/sounds/sf2/default-GM.sf2 (default-GM.sf2) in auto mode
2026-10-07T23:13:19.4838026Z update-alternatives: using /usr/share/sounds/sf2/TimGM6mb.sf2 to provide /usr/share/sounds/sf3/default-GM.sf3 (default-GM.sf3) in auto mode
2026-10-07T23:13:19.4854564Z Setting up libva-x11-2:amd64 (2.20.0-2ubuntu0.2) ...
2026-10-07T23:13:19.4869469Z Setting up libyuv0:amd64 (0.0~git202401110.af6ac82-1) ...
2026-10-07T23:13:19.4883717Z Setting up libmplex2-2.1-0t64:amd64 (1:2.1.0+debian-8.1build1) ...
2026-10-07T23:13:19.4903399Z Setting up libpipewire-0.3-0t64:amd64 (1.0.5-1ubuntu3.3) ...
2026-10-07T23:13:19.4917767Z Setting up libopenmpt0t64:amd64 (0.7.3-1.1build3) ...
2026-10-07T23:13:19.4938003Z Setting up libzvbi-common (0.2.42-2) ...
2026-10-07T23:13:19.4953377Z Setting up libsecret-common (0.21.4-1build3) ...
2026-10-07T23:13:19.4970146Z Setting up libmp3lame0:amd64 (3.100-6build1) ...
2026-10-07T23:13:19.4987664Z Setting up libgraphene-1.0-0:amd64 (1.10.8-3build2) ...
2026-10-07T23:13:19.5004472Z Setting up libvorbisenc2:amd64 (1.3.7-1build3) ...
2026-10-07T23:13:19.5023887Z Setting up libdvdnav4:amd64 (6.1.1-3build1) ...
2026-10-07T23:13:19.5044153Z Setting up fonts-unifont (1:15.1.01-1build1) ...
2026-10-07T23:13:19.5059966Z Setting up libaa1:amd64 (1.4p5-51.1) ...
2026-10-07T23:13:19.5079959Z Setting up libiec61883-0:amd64 (1.2.0-6build1) ...
2026-10-07T23:13:19.5097049Z Setting up libserd-0-0:amd64 (0.32.2-1) ...
2026-10-07T23:13:19.5117430Z Setting up libavc1394-0:amd64 (0.5.4-5build3) ...
2026-10-07T23:13:19.5138276Z Setting up libcairo-script-interpreter2:amd64 (1.18.0-3build1) ...
2026-10-07T23:13:19.5156082Z Setting up gsettings-desktop-schemas (46.1-0ubuntu1) ...
2026-10-07T23:13:19.5173350Z Setting up glib-networking-services (2.80.0-1build1) ...
2026-10-07T23:13:19.5193492Z Setting up liblapack3:amd64 (3.12.0-3build1.1) ...
2026-10-07T23:13:19.5248583Z update-alternatives: using /usr/lib/x86_64-linux-gnu/lapack/liblapack.so.3 to provide /usr/lib/x86_64-linux-gnu/liblapack.so.3 (liblapack.so.3-x86_64-linux-gnu) in auto mode
2026-10-07T23:13:19.5268619Z Setting up libglx-mesa0:amd64 (25.2.8-0ubuntu0.24.04.4) ...
2026-10-07T23:13:19.5290542Z Setting up libzvbi0t64:amd64 (0.2.42-2) ...
2026-10-07T23:13:19.5312167Z Setting up libevent-pthreads-2.1-7t64:amd64 (2.1.12-stable-9ubuntu2.2) ...
2026-10-07T23:13:19.5334927Z Setting up liblrdf0:amd64 (0.6.1-4build1) ...
2026-10-07T23:13:19.5354798Z Setting up libzbar0t64:amd64 (0.23.93-4build3) ...
2026-10-07T23:13:19.5375764Z Setting up libgstreamer-plugins-base1.0-0:amd64 (1.24.2-1ubuntu0.5) ...
2026-10-07T23:13:19.5393046Z Setting up libavutil58:amd64 (7:6.1.1-3ubuntu5) ...
2026-10-07T23:13:19.5415626Z Setting up libopenal1:amd64 (1:1.23.1-4build1) ...
2026-10-07T23:13:19.5433134Z Setting up xfonts-utils (1:7.7+6build3) ...
2026-10-07T23:13:19.5475569Z Setting up libsecret-1-0:amd64 (0.21.4-1build3) ...
2026-10-07T23:13:19.5494584Z Setting up libgstreamer-plugins-good1.0-0:amd64 (1.24.2-1ubuntu1.8) ...
2026-10-07T23:13:19.5513184Z Setting up libgstreamer-gl1.0-0:amd64 (1.24.2-1ubuntu0.5) ...
2026-10-07T23:13:19.5528571Z Setting up gstreamer1.0-plugins-base:amd64 (1.24.2-1ubuntu0.5) ...
2026-10-07T23:13:19.5545320Z Setting up libass9:amd64 (1:0.17.1-2build1) ...
2026-10-07T23:13:19.5560437Z Setting up libswresample4:amd64 (7:6.1.1-3ubuntu5) ...
2026-10-07T23:13:19.5576215Z Setting up libopenexr-3-1-30:amd64 (3.1.5-5.1build3) ...
2026-10-07T23:13:19.5595124Z Setting up libshout3:amd64 (2.4.6-1build2) ...
2026-10-07T23:13:19.5610388Z Setting up libgav1-1:amd64 (0.18.0-1build3) ...
2026-10-07T23:13:19.5631427Z Setting up libavcodec60:amd64 (7:6.1.1-3ubuntu5) ...
2026-10-07T23:13:19.5649102Z Setting up librubberband2:amd64 (3.3.0+dfsg-2build1) ...
2026-10-07T23:13:19.5664231Z Setting up libjack-jackd2-0:amd64 (1.9.21~dfsg-3ubuntu3) ...
2026-10-07T23:13:19.5686134Z Setting up libsord-0-0:amd64 (0.16.16-2build1) ...
2026-10-07T23:13:19.5701271Z Setting up xfonts-cyrillic (1:1.0.5+nmu1) ...
2026-10-07T23:13:19.5943384Z Setting up libpostproc57:amd64 (7:6.1.1-3ubuntu5) ...
2026-10-07T23:13:19.5958396Z Setting up libsratom-0-0:amd64 (0.6.16-1build1) ...
2026-10-07T23:13:19.5975672Z Setting up libsndfile1:amd64 (1.2.2-1ubuntu5.24.04.1) ...
2026-10-07T23:13:19.6418510Z Setting up liblilv-0-0:amd64 (0.24.22-1build1) ...
2026-10-07T23:13:19.6441590Z Setting up libinstpatch-1.0-2:amd64 (1.1.6-1build2) ...
2026-10-07T23:13:19.6459300Z Setting up xfonts-scalable (1:1.0.3-1.3) ...
2026-10-07T23:13:19.6680307Z Setting up libswscale7:amd64 (7:6.1.1-3ubuntu5) ...
2026-10-07T23:13:19.6739124Z Setting up libavif16:amd64 (1.0.4-1ubuntu3) ...
2026-10-07T23:13:19.6840762Z Setting up libpulse0:amd64 (1:16.1+dfsg1-2ubuntu10.1) ...
2026-10-07T23:13:19.6903310Z Setting up libavformat60:amd64 (7:6.1.1-3ubuntu5) ...
2026-10-07T23:13:19.6921351Z Setting up libsphinxbase3t64:amd64 (0.8+5prealpha+1-17build2) ...
2026-10-07T23:13:19.6940526Z Setting up libsdl2-2.0-0:amd64 (2.30.0+dfsg-1ubuntu3.1) ...
2026-10-07T23:13:19.6960010Z Setting up libfluidsynth3:amd64 (2.3.4-1build3) ...
2026-10-07T23:13:19.6978998Z Setting up libpocketsphinx3:amd64 (0.8.0+real5prealpha+1-15ubuntu5) ...
2026-10-07T23:13:19.6995342Z Setting up libavfilter9:amd64 (7:6.1.1-3ubuntu5) ...
2026-10-07T23:13:19.7015804Z Setting up gstreamer1.0-libav:amd64 (1.24.1-1build1) ...
2026-10-07T23:13:19.7236383Z Processing triggers for fontconfig (2.15.0-1.1ubuntu2) ...
2026-10-07T23:13:19.7851094Z Processing triggers for libc-bin (2.39-0ubuntu8.9) ...
2026-10-07T23:13:19.9861151Z Processing triggers for man-db (2.12.0-4build2) ...
2026-10-07T23:13:19.9881466Z Not building database; man-db/auto-update is not 'true'.
2026-10-07T23:13:19.9901069Z Processing triggers for libglib2.0-0t64:amd64 (2.80.0-6ubuntu3.9) ...
2026-10-07T23:13:20.0375804Z Setting up libgtk-4-1:amd64 (4.14.5+ds-0ubuntu0.10) ...
2026-10-07T23:13:20.1204415Z Setting up glib-networking:amd64 (2.80.0-1build1) ...
2026-10-07T23:13:20.1236691Z Setting up libsoup-3.0-0:amd64 (3.4.4-5ubuntu0.9) ...
2026-10-07T23:13:20.1265853Z Setting up libgssdp-1.6-0:amd64 (1.6.3-1build3) ...
2026-10-07T23:13:20.1326294Z Setting up gstreamer1.0-plugins-good:amd64 (1.24.2-1ubuntu1.8) ...
2026-10-07T23:13:20.1346116Z Setting up libgupnp-1.6-0:amd64 (1.6.6-1build3) ...
2026-10-07T23:13:20.1392028Z Setting up libgupnp-igd-1.6-0:amd64 (1.6.0-3build3) ...
2026-10-07T23:13:20.1419936Z Setting up libnice10:amd64 (0.1.21-2build3) ...
2026-10-07T23:13:20.1456199Z Setting up libgstreamer-plugins-bad1.0-0:amd64 (1.24.2-1ubuntu4) ...
2026-10-07T23:13:20.1494301Z Setting up gstreamer1.0-plugins-bad:amd64 (1.24.2-1ubuntu4) ...
2026-10-07T23:13:20.1512177Z Processing triggers for libc-bin (2.39-0ubuntu8.9) ...
2026-10-07T23:13:20.6315163Z 
2026-10-07T23:13:20.6315863Z Running kernel seems to be up-to-date.
2026-10-07T23:13:20.6316123Z 
2026-10-07T23:13:20.6316202Z Restarting services...
2026-10-07T23:13:20.6378058Z  systemctl restart php8.3-fpm.service
2026-10-07T23:13:20.7273821Z 
2026-10-07T23:13:20.7275260Z No containers need to be restarted.
2026-10-07T23:13:20.7275558Z 
2026-10-07T23:13:20.7275728Z No user sessions are running outdated binaries.
2026-10-07T23:13:20.7275936Z 
2026-10-07T23:13:20.7276205Z No VM guests are running outdated hypervisor (qemu) binaries on this host.
2026-10-07T23:13:21.6111727Z Downloading Chrome for Testing 151.0.7922.34 (playwright chromium v1234) from https://cdn.playwright.dev/builds/cft/151.0.7922.34/linux64/chrome-linux64.zip
2026-10-07T23:13:22.5566374Z |                                                                                |   0% of 184.3 MiB
2026-10-07T23:13:22.8461161Z |■■■■■■■■                                                                        |  10% of 184.3 MiB
2026-10-07T23:13:23.0490588Z |■■■■■■■■■■■■■■■■                                                                |  20% of 184.3 MiB
2026-10-07T23:13:23.2036742Z |■■■■■■■■■■■■■■■■■■■■■■■■                                                        |  30% of 184.3 MiB
2026-10-07T23:13:23.3960771Z |■■■■■■■■■■■■■■■■■■■■■■■■■■■■■■■■                                                |  40% of 184.3 MiB
2026-10-07T23:13:23.6819379Z |■■■■■■■■■■■■■■■■■■■■■■■■■■■■■■■■■■■■■■■■                                        |  50% of 184.3 MiB
2026-10-07T23:13:23.8992504Z |■■■■■■■■■■■■■■■■■■■■■■■■■■■■■■■■■■■■■■■■■■■■■■■■                                |  60% of 184.3 MiB
2026-10-07T23:13:23.9916746Z |■■■■■■■■■■■■■■■■■■■■■■■■■■■■■■■■■■■■■■■■■■■■■■■■■■■■■■■■                        |  70% of 184.3 MiB
2026-10-07T23:13:24.1170122Z |■■■■■■■■■■■■■■■■■■■■■■■■■■■■■■■■■■■■■■■■■■■■■■■■■■■■■■■■■■■■■■■■                |  80% of 184.3 MiB
2026-10-07T23:13:24.2328888Z |■■■■■■■■■■■■■■■■■■■■■■■■■■■■■■■■■■■■■■■■■■■■■■■■■■■■■■■■■■■■■■■■■■■■■■■■        |  90% of 184.3 MiB
2026-10-07T23:13:24.3725497Z |■■■■■■■■■■■■■■■■■■■■■■■■■■■■■■■■■■■■■■■■■■■■■■■■■■■■■■■■■■■■■■■■■■■■■■■■■■■■■■■■| 100% of 184.3 MiB
2026-10-07T23:13:26.4739738Z Chrome for Testing 151.0.7922.34 (playwright chromium v1234) downloaded to /home/runner/.cache/ms-playwright/chromium-1234
2026-10-07T23:13:26.4744023Z Downloading Chrome Headless Shell 151.0.7922.34 (playwright chromium-headless-shell v1234) from https://cdn.playwright.dev/builds/cft/151.0.7922.34/linux64/chrome-headless-shell-linux64.zip
2026-10-07T23:13:27.4229208Z |                                                                                |   0% of 114.7 MiB
2026-10-07T23:13:27.6169314Z |■■■■■■■■                                                                        |  10% of 114.7 MiB
2026-10-07T23:13:27.6868249Z |■■■■■■■■■■■■■■■■                                                                |  20% of 114.7 MiB
2026-10-07T23:13:27.7446831Z |■■■■■■■■■■■■■■■■■■■■■■■■                                                        |  30% of 114.7 MiB
2026-10-07T23:13:27.8049132Z |■■■■■■■■■■■■■■■■■■■■■■■■■■■■■■■■                                                |  40% of 114.7 MiB
2026-10-07T23:13:27.8836239Z |■■■■■■■■■■■■■■■■■■■■■■■■■■■■■■■■■■■■■■■■                                        |  50% of 114.7 MiB
2026-10-07T23:13:27.9491005Z |■■■■■■■■■■■■■■■■■■■■■■■■■■■■■■■■■■■■■■■■■■■■■■■■                                |  60% of 114.7 MiB
2026-10-07T23:13:28.0394934Z |■■■■■■■■■■■■■■■■■■■■■■■■■■■■■■■■■■■■■■■■■■■■■■■■■■■■■■■■                        |  70% of 114.7 MiB
2026-10-07T23:13:28.1106284Z |■■■■■■■■■■■■■■■■■■■■■■■■■■■■■■■■■■■■■■■■■■■■■■■■■■■■■■■■■■■■■■■■                |  80% of 114.7 MiB
2026-10-07T23:13:28.2024962Z |■■■■■■■■■■■■■■■■■■■■■■■■■■■■■■■■■■■■■■■■■■■■■■■■■■■■■■■■■■■■■■■■■■■■■■■■        |  90% of 114.7 MiB
2026-10-07T23:13:28.2874758Z |■■■■■■■■■■■■■■■■■■■■■■■■■■■■■■■■■■■■■■■■■■■■■■■■■■■■■■■■■■■■■■■■■■■■■■■■■■■■■■■■| 100% of 114.7 MiB
2026-10-07T23:13:29.8881104Z Chrome Headless Shell 151.0.7922.34 (playwright chromium-headless-shell v1234) downloaded to /home/runner/.cache/ms-playwright/chromium_headless_shell-1234
2026-10-07T23:13:29.8884169Z Downloading Firefox 153.0 (playwright firefox v1538) from https://cdn.playwright.dev/dbazure/download/playwright/builds/firefox/1538/firefox-ubuntu-24.04.zip
2026-10-07T23:13:30.8915128Z |                                                                                |   0% of 108.2 MiB
2026-10-07T23:13:31.0369531Z |■■■■■■■■                                                                        |  10% of 108.2 MiB
2026-10-07T23:13:31.0878528Z |■■■■■■■■■■■■■■■■                                                                |  20% of 108.2 MiB
2026-10-07T23:13:31.1143568Z |■■■■■■■■■■■■■■■■■■■■■■■■                                                        |  30% of 108.2 MiB
2026-10-07T23:13:31.1398659Z |■■■■■■■■■■■■■■■■■■■■■■■■■■■■■■■■                                                |  40% of 108.2 MiB
2026-10-07T23:13:31.1955102Z |■■■■■■■■■■■■■■■■■■■■■■■■■■■■■■■■■■■■■■■■                                        |  50% of 108.2 MiB
2026-10-07T23:13:31.2137189Z |■■■■■■■■■■■■■■■■■■■■■■■■■■■■■■■■■■■■■■■■■■■■■■■■                                |  60% of 108.2 MiB
2026-10-07T23:13:31.2401385Z |■■■■■■■■■■■■■■■■■■■■■■■■■■■■■■■■■■■■■■■■■■■■■■■■■■■■■■■■                        |  70% of 108.2 MiB
2026-10-07T23:13:31.2834524Z |■■■■■■■■■■■■■■■■■■■■■■■■■■■■■■■■■■■■■■■■■■■■■■■■■■■■■■■■■■■■■■■■                |  80% of 108.2 MiB
2026-10-07T23:13:31.3070091Z |■■■■■■■■■■■■■■■■■■■■■■■■■■■■■■■■■■■■■■■■■■■■■■■■■■■■■■■■■■■■■■■■■■■■■■■■        |  90% of 108.2 MiB
2026-10-07T23:13:31.3340679Z |■■■■■■■■■■■■■■■■■■■■■■■■■■■■■■■■■■■■■■■■■■■■■■■■■■■■■■■■■■■■■■■■■■■■■■■■■■■■■■■■| 100% of 108.2 MiB
2026-10-07T23:13:32.7837455Z Firefox 153.0 (playwright firefox v1538) downloaded to /home/runner/.cache/ms-playwright/firefox-1538
2026-10-07T23:13:32.7840050Z Downloading WebKit 26.5 (playwright webkit v2336) from https://cdn.playwright.dev/dbazure/download/playwright/builds/webkit/2336/webkit-ubuntu-24.04.zip
2026-10-07T23:13:33.7542371Z |                                                                                |   0% of 102 MiB
2026-10-07T23:13:34.0521922Z |■■■■■■■■                                                                        |  10% of 102 MiB
2026-10-07T23:13:34.1464102Z |■■■■■■■■■■■■■■■■                                                                |  20% of 102 MiB
2026-10-07T23:13:34.2176430Z |■■■■■■■■■■■■■■■■■■■■■■■■                                                        |  30% of 102 MiB
2026-10-07T23:13:34.3146162Z |■■■■■■■■■■■■■■■■■■■■■■■■■■■■■■■■                                                |  40% of 102 MiB
2026-10-07T23:13:34.3998776Z |■■■■■■■■■■■■■■■■■■■■■■■■■■■■■■■■■■■■■■■■                                        |  50% of 102 MiB
2026-10-07T23:13:34.5109951Z |■■■■■■■■■■■■■■■■■■■■■■■■■■■■■■■■■■■■■■■■■■■■■■■■                                |  60% of 102 MiB
2026-10-07T23:13:34.6147561Z |■■■■■■■■■■■■■■■■■■■■■■■■■■■■■■■■■■■■■■■■■■■■■■■■■■■■■■■■                        |  70% of 102 MiB
2026-10-07T23:13:34.7153022Z |■■■■■■■■■■■■■■■■■■■■■■■■■■■■■■■■■■■■■■■■■■■■■■■■■■■■■■■■■■■■■■■■                |  80% of 102 MiB
2026-10-07T23:13:34.8101951Z |■■■■■■■■■■■■■■■■■■■■■■■■■■■■■■■■■■■■■■■■■■■■■■■■■■■■■■■■■■■■■■■■■■■■■■■■        |  90% of 102 MiB
2026-10-07T23:13:34.8834753Z |■■■■■■■■■■■■■■■■■■■■■■■■■■■■■■■■■■■■■■■■■■■■■■■■■■■■■■■■■■■■■■■■■■■■■■■■■■■■■■■■| 100% of 102 MiB
2026-10-07T23:13:36.3242474Z WebKit 26.5 (playwright webkit v2336) downloaded to /home/runner/.cache/ms-playwright/webkit-2336
2026-10-07T23:13:36.3245871Z Downloading FFmpeg (playwright ffmpeg v1011) from https://cdn.playwright.dev/dbazure/download/playwright/builds/ffmpeg/1011/ffmpeg-linux.zip
2026-10-07T23:13:37.2424202Z |                                                                                |   0% of 2.3 MiB
2026-10-07T23:13:37.2907871Z |■■■■■■■■                                                                        |  10% of 2.3 MiB
2026-10-07T23:13:37.3255463Z |■■■■■■■■■■■■■■■■                                                                |  20% of 2.3 MiB
2026-10-07T23:13:37.3475388Z |■■■■■■■■■■■■■■■■■■■■■■■■                                                        |  30% of 2.3 MiB
2026-10-07T23:13:37.3561036Z |■■■■■■■■■■■■■■■■■■■■■■■■■■■■■■■■                                                |  40% of 2.3 MiB
2026-10-07T23:13:37.3729291Z |■■■■■■■■■■■■■■■■■■■■■■■■■■■■■■■■■■■■■■■■                                        |  50% of 2.3 MiB
2026-10-07T23:13:37.3791111Z |■■■■■■■■■■■■■■■■■■■■■■■■■■■■■■■■■■■■■■■■■■■■■■■■                                |  60% of 2.3 MiB
2026-10-07T23:13:37.3940418Z |■■■■■■■■■■■■■■■■■■■■■■■■■■■■■■■■■■■■■■■■■■■■■■■■■■■■■■■■                        |  70% of 2.3 MiB
2026-10-07T23:13:37.3978887Z |■■■■■■■■■■■■■■■■■■■■■■■■■■■■■■■■■■■■■■■■■■■■■■■■■■■■■■■■■■■■■■■■                |  80% of 2.3 MiB
2026-10-07T23:13:37.4026093Z |■■■■■■■■■■■■■■■■■■■■■■■■■■■■■■■■■■■■■■■■■■■■■■■■■■■■■■■■■■■■■■■■■■■■■■■■        |  90% of 2.3 MiB
2026-10-07T23:13:37.4150770Z |■■■■■■■■■■■■■■■■■■■■■■■■■■■■■■■■■■■■■■■■■■■■■■■■■■■■■■■■■■■■■■■■■■■■■■■■■■■■■■■■| 100% of 2.3 MiB
2026-10-07T23:13:37.4547267Z FFmpeg (playwright ffmpeg v1011) downloaded to /home/runner/.cache/ms-playwright/ffmpeg-1011
2026-10-07T23:13:37.7334753Z ##[group]Run pnpm exec playwright test --project=chromium --project=firefox --project=webkit --output=structural-direction-preflight-results --grep "retains structural RTL against native source|imports inherited inline alignment|retains a shared automatic section direction|inserts table columns on the physical left"
2026-10-07T23:13:37.7336004Z [36;1mpnpm exec playwright test --project=chromium --project=firefox --project=webkit --output=structural-direction-preflight-results --grep "retains structural RTL against native source|imports inherited inline alignment|retains a shared automatic section direction|inserts table columns on the physical left"[0m
2026-10-07T23:13:37.7389974Z shell: /usr/bin/bash -e {0}
2026-10-07T23:13:37.7390134Z env:
2026-10-07T23:13:37.7390284Z   PNPM_HOME: /home/runner/setup-pnpm/node_modules/.bin
2026-10-07T23:13:37.7390469Z ##[endgroup]
2026-10-07T23:13:38.7024280Z [WebServer] $ vite build -c vite.lib.config.ts && tsc -p tsconfig.build.json && node scripts/copy-assets.mjs && pnpm build:angular
2026-10-07T23:13:38.7024838Z 
2026-10-07T23:13:40.2785157Z [WebServer] $ pnpm --dir tools/angular-build exec ngc -p ../../tsconfig.angular.json && pnpm build:angular-demo
2026-10-07T23:13:40.2785671Z 
2026-10-07T23:13:41.8416977Z [WebServer] $ pnpm --dir tools/angular-build exec ngc -p ../../tsconfig.angular-demo.json
2026-10-07T23:13:41.8417256Z 
2026-10-07T23:13:48.6082240Z 
2026-10-07T23:13:48.6083030Z Running 24 tests using 2 workers
2026-10-07T23:13:48.6083310Z 
2026-10-07T23:13:49.2926822Z [1/24] [chromium] › tests/browser/editor.spec.ts:42:3 › inserts table columns on the physical left and right: rtl-cell-ltr
2026-10-07T23:13:49.2960469Z [2/24] [chromium] › tests/browser/editor.spec.ts:42:3 › inserts table columns on the physical left and right: ltr
2026-10-07T23:13:53.1491030Z [3/24] [chromium] › tests/browser/editor.spec.ts:42:3 › inserts table columns on the physical left and right: auto
2026-10-07T23:13:53.5304190Z [4/24] [chromium] › tests/browser/editor.spec.ts:42:3 › inserts table columns on the physical left and right: host-css
2026-10-07T23:13:56.1781292Z [5/24] [chromium] › tests/browser/editor.spec.ts:42:3 › inserts table columns on the physical left and right: rtl-spans
2026-10-07T23:13:56.7211249Z [6/24] [chromium] › tests/browser/editor.spec.ts:47:1 › retains structural RTL against native source through author controls, physical table editing and downloaded HTML
2026-10-07T23:13:59.2928880Z [7/24] [chromium] › tests/browser/editor.spec.ts:51:1 › imports inherited inline alignment against a native surface and keeps it through real editing and downloaded HTML
2026-10-07T23:14:01.3510879Z [8/24] [chromium] › tests/browser/editor.spec.ts:59:1 › retains a shared automatic section direction through first-strong-text editing, history and reader preview
2026-10-07T23:14:03.1575632Z [9/24] [firefox] › tests/browser/editor.spec.ts:42:3 › inserts table columns on the physical left and right: ltr
2026-10-07T23:14:05.8146943Z [10/24] [firefox] › tests/browser/editor.spec.ts:42:3 › inserts table columns on the physical left and right: rtl-cell-ltr
2026-10-07T23:14:08.6056982Z [11/24] [firefox] › tests/browser/editor.spec.ts:42:3 › inserts table columns on the physical left and right: auto
2026-10-07T23:14:10.3053760Z [12/24] [firefox] › tests/browser/editor.spec.ts:42:3 › inserts table columns on the physical left and right: host-css
2026-10-07T23:14:11.6385210Z [13/24] [firefox] › tests/browser/editor.spec.ts:42:3 › inserts table columns on the physical left and right: rtl-spans
2026-10-07T23:14:13.3738586Z [14/24] [firefox] › tests/browser/editor.spec.ts:47:1 › retains structural RTL against native source through author controls, physical table editing and downloaded HTML
2026-10-07T23:14:14.7229958Z [15/24] [firefox] › tests/browser/editor.spec.ts:51:1 › imports inherited inline alignment against a native surface and keeps it through real editing and downloaded HTML
2026-10-07T23:14:17.2255343Z [16/24] [firefox] › tests/browser/editor.spec.ts:59:1 › retains a shared automatic section direction through first-strong-text editing, history and reader preview
2026-10-07T23:14:19.4674843Z [17/24] [webkit] › tests/browser/editor.spec.ts:42:3 › inserts table columns on the physical left and right: ltr
2026-10-07T23:14:21.2671600Z [18/24] [webkit] › tests/browser/editor.spec.ts:42:3 › inserts table columns on the physical left and right: rtl-cell-ltr
2026-10-07T23:14:30.3910407Z [19/24] [webkit] › tests/browser/editor.spec.ts:42:3 › inserts table columns on the physical left and right: auto
2026-10-07T23:14:30.5096953Z [20/24] [webkit] › tests/browser/editor.spec.ts:42:3 › inserts table columns on the physical left and right: host-css
2026-10-07T23:14:35.7773558Z [21/24] [webkit] › tests/browser/editor.spec.ts:42:3 › inserts table columns on the physical left and right: rtl-spans
2026-10-07T23:14:35.9574895Z [22/24] [webkit] › tests/browser/editor.spec.ts:47:1 › retains structural RTL against native source through author controls, physical table editing and downloaded HTML
2026-10-07T23:14:40.7305141Z [23/24] [webkit] › tests/browser/editor.spec.ts:51:1 › imports inherited inline alignment against a native surface and keeps it through real editing and downloaded HTML
2026-10-07T23:14:44.4781805Z [24/24] [webkit] › tests/browser/editor.spec.ts:59:1 › retains a shared automatic section direction through first-strong-text editing, history and reader preview
2026-10-07T23:14:49.3705244Z   24 passed (1.2m)
2026-10-07T23:14:49.6294719Z ##[group]Run pnpm exec playwright test --project=webkit --grep "opens and cancels public configuration panels|keeps the public native colour field|preserves inert HTML comments|edits RTL blocks|compares list-first code text-click"
2026-10-07T23:14:49.6296169Z [36;1mpnpm exec playwright test --project=webkit --grep "opens and cancels public configuration panels|keeps the public native colour field|preserves inert HTML comments|edits RTL blocks|compares list-first code text-click"[0m
2026-10-07T23:14:49.6366758Z shell: /usr/bin/bash -e {0}
2026-10-07T23:14:49.6367003Z env:
2026-10-07T23:14:49.6367254Z   PNPM_HOME: /home/runner/setup-pnpm/node_modules/.bin
2026-10-07T23:14:49.6367554Z ##[endgroup]
2026-10-07T23:14:50.5352266Z [WebServer] $ vite build -c vite.lib.config.ts && tsc -p tsconfig.build.json && node scripts/copy-assets.mjs && pnpm build:angular
2026-10-07T23:14:50.5353243Z 
2026-10-07T23:14:52.1185954Z [WebServer] $ pnpm --dir tools/angular-build exec ngc -p ../../tsconfig.angular.json && pnpm build:angular-demo
2026-10-07T23:14:52.1186404Z 
2026-10-07T23:14:53.6088289Z [WebServer] $ pnpm --dir tools/angular-build exec ngc -p ../../tsconfig.angular-demo.json
2026-10-07T23:14:53.6089077Z 
2026-10-07T23:14:56.6006732Z 
2026-10-07T23:14:56.6007413Z Running 5 tests using 2 workers
2026-10-07T23:14:56.6007696Z 
2026-10-07T23:14:57.3314999Z [1/5] [webkit] › tests/browser/editor.spec.ts:55:1 › compares list-first code text-click focus and editing to a plain native surface
2026-10-07T23:14:57.3610326Z [2/5] [webkit] › tests/browser/editor.spec.ts:67:1 › edits RTL blocks with native keyboard selection, direction controls, Enter history and HTML reader export
2026-10-07T23:15:00.7743026Z [3/5] [webkit] › tests/browser/editor.spec.ts:144:1 › preserves inert HTML comments through human editing source and reader output
2026-10-07T23:15:05.0262258Z [4/5] [webkit] › tests/browser/editor.spec.ts:5381:1 › opens and cancels public configuration panels with keyboard focus and exact document retention
2026-10-07T23:15:14.3174899Z [5/5] [webkit] › tests/browser/editor.spec.ts:5499:1 › keeps the public native colour field focused while formatting selected text and allows undo in the editor
2026-10-07T23:15:20.4299851Z   5 passed (30.2s)
2026-10-07T23:15:20.5643968Z ##[group]Run pnpm exec playwright test --project=firefox --grep "edits RTL blocks|compares list-first code text-click"
2026-10-07T23:15:20.5644696Z [36;1mpnpm exec playwright test --project=firefox --grep "edits RTL blocks|compares list-first code text-click"[0m
2026-10-07T23:15:20.5713586Z shell: /usr/bin/bash -e {0}
2026-10-07T23:15:20.5713773Z env:
2026-10-07T23:15:20.5713944Z   PNPM_HOME: /home/runner/setup-pnpm/node_modules/.bin
2026-10-07T23:15:20.5714152Z ##[endgroup]
2026-10-07T23:15:21.4981163Z [WebServer] $ vite build -c vite.lib.config.ts && tsc -p tsconfig.build.json && node scripts/copy-assets.mjs && pnpm build:angular
2026-10-07T23:15:21.4981666Z 
2026-10-07T23:15:23.0851461Z [WebServer] $ pnpm --dir tools/angular-build exec ngc -p ../../tsconfig.angular.json && pnpm build:angular-demo
2026-10-07T23:15:23.0851957Z 
2026-10-07T23:15:24.6243884Z [WebServer] $ pnpm --dir tools/angular-build exec ngc -p ../../tsconfig.angular-demo.json
2026-10-07T23:15:24.6244290Z 
2026-10-07T23:15:27.5666673Z 
2026-10-07T23:15:27.5667452Z Running 2 tests using 2 workers
2026-10-07T23:15:27.5667786Z 
2026-10-07T23:15:28.2398727Z [1/2] [firefox] › tests/browser/editor.spec.ts:55:1 › compares list-first code text-click focus and editing to a plain native surface
2026-10-07T23:15:28.2510547Z [2/2] [firefox] › tests/browser/editor.spec.ts:67:1 › edits RTL blocks with native keyboard selection, direction controls, Enter history and HTML reader export
2026-10-07T23:15:34.1591401Z   2 passed (13.0s)
2026-10-07T23:15:34.2798963Z ##[group]Run pnpm test:browser
2026-10-07T23:15:34.2799164Z [36;1mpnpm test:browser[0m
2026-10-07T23:15:34.2851722Z shell: /usr/bin/bash -e {0}
2026-10-07T23:15:34.2851875Z env:
2026-10-07T23:15:34.2852025Z   PNPM_HOME: /home/runner/setup-pnpm/node_modules/.bin
2026-10-07T23:15:34.2852206Z ##[endgroup]
2026-10-07T23:15:34.5741259Z $ playwright test
2026-10-07T23:15:35.1949702Z [WebServer] $ vite build -c vite.lib.config.ts && tsc -p tsconfig.build.json && node scripts/copy-assets.mjs && pnpm build:angular
2026-10-07T23:15:35.1950038Z 
2026-10-07T23:15:36.7607216Z [WebServer] $ pnpm --dir tools/angular-build exec ngc -p ../../tsconfig.angular.json && pnpm build:angular-demo
2026-10-07T23:15:36.7607532Z 
2026-10-07T23:15:38.2778937Z [WebServer] $ pnpm --dir tools/angular-build exec ngc -p ../../tsconfig.angular-demo.json
2026-10-07T23:15:38.2779208Z 
2026-10-07T23:15:41.4292777Z 
2026-10-07T23:15:41.4293343Z Running 725 tests using 2 workers
2026-10-07T23:15:42.0830945Z 
2026-10-07T23:15:42.0833008Z [1/725] [chromium] › tests/browser/editor.spec.ts:42:3 › inserts table columns on the physical left and right: ltr
2026-10-07T23:15:42.0960128Z [2/725] [chromium] › tests/browser/editor.spec.ts:42:3 › inserts table columns on the physical left and right: rtl-cell-ltr
2026-10-07T23:15:45.5695443Z [3/725] [chromium] › tests/browser/editor.spec.ts:42:3 › inserts table columns on the physical left and right: auto
2026-10-07T23:15:45.5942583Z [4/725] [chromium] › tests/browser/editor.spec.ts:42:3 › inserts table columns on the physical left and right: host-css
2026-10-07T23:15:48.7138340Z [5/725] [chromium] › tests/browser/editor.spec.ts:42:3 › inserts table columns on the physical left and right: rtl-spans
2026-10-07T23:15:48.8503763Z [6/725] [chromium] › tests/browser/editor.spec.ts:47:1 › retains structural RTL against native source through author controls, physical table editing and downloaded HTML
2026-10-07T23:15:51.7385645Z [7/725] [chromium] › tests/browser/editor.spec.ts:51:1 › imports inherited inline alignment against a native surface and keeps it through real editing and downloaded HTML
2026-10-07T23:15:53.2450727Z [8/725] [chromium] › tests/browser/editor.spec.ts:55:1 › compares list-first code text-click focus and editing to a plain native surface
2026-10-07T23:15:54.2095570Z [9/725] [chromium] › tests/browser/editor.spec.ts:59:1 › retains a shared automatic section direction through first-strong-text editing, history and reader preview
2026-10-07T23:15:55.2775279Z [10/725] [chromium] › tests/browser/editor.spec.ts:63:1 › authors physical-left alignment under an RTL host and inherited-auto reader with history
2026-10-07T23:15:57.2748158Z [11/725] [chromium] › tests/browser/editor.spec.ts:67:1 › edits RTL blocks with native keyboard selection, direction controls, Enter history and HTML reader export
2026-10-07T23:15:57.9176447Z [12/725] [chromium] › tests/browser/editor.spec.ts:71:1 › separates the homepage framework descenders from the italic extend line
2026-10-07T23:16:00.4975089Z [13/725] [chromium] › tests/browser/editor.spec.ts:90:1 › keeps consecutive marked quoted and table blank lines visible in reader and saved HTML
2026-10-07T23:16:01.5444274Z [14/725] [chromium] › tests/browser/editor.spec.ts:94:1 › fills and reopens a retained childless paragraph using real pointer typing Enter Backspace and undo
2026-10-07T23:16:03.3269972Z [15/725] [chromium] › tests/browser/editor.spec.ts:98:1 › edits structured inert block wrappers with actual table navigation Enter Backspace history and safe reopening
2026-10-07T23:16:04.8053370Z [16/725] [chromium] › tests/browser/editor.spec.ts:102:1 › retains HTML link navigation and literal Markdown data through real editing and reopening
2026-10-07T23:16:08.3434101Z [17/725] [chromium] › tests/browser/editor.spec.ts:106:1 › edits inert script style textarea source with real Enter Backspace history and safe reader reopening
2026-10-07T23:16:11.9385850Z [18/725] [chromium] › tests/browser/editor.spec.ts:110:1 › retains unfinished raw HTML as editable Markdown source and discloses direct HTML omissions
2026-10-07T23:16:12.8064876Z [19/725] [chromium] › tests/browser/editor.spec.ts:114:1 › preserves registered inert inline source through real typing history and Markdown HTML JSON reopening
2026-10-07T23:16:15.2673395Z [20/725] [chromium] › tests/browser/editor.spec.ts:118:1 › preserves immutable snapshots and owned attributes through real typing Enter history and JSON reopening
2026-10-07T23:16:16.2038048Z [21/725] [chromium] › tests/browser/editor.spec.ts:122:1 › imports private files in the conversion lab with reports and export reopen
2026-10-07T23:16:17.3167433Z [22/725] [chromium] › tests/browser/editor.spec.ts:126:1 › resolves unequal Markdown runs through actual selection editing history download and reader reopen
2026-10-07T23:16:20.6286653Z [23/725] [chromium] › tests/browser/editor.spec.ts:131:3 › retains partial Markdown em scope through real typing history and canonical reopening
2026-10-07T23:16:20.7880625Z [24/725] [chromium] › tests/browser/editor.spec.ts:131:3 › retains partial Markdown strong scope through real typing history and canonical reopening
2026-10-07T23:16:22.0270406Z [25/725] [chromium] › tests/browser/editor.spec.ts:136:1 › submits resets and disables a native form-associated Web Component
2026-10-07T23:16:22.0825113Z [26/725] [chromium] › tests/browser/editor.spec.ts:140:1 › converts document-wide HTML scopes with source edit undo and explicit layout differences
2026-10-07T23:16:24.5245245Z [27/725] [chromium] › tests/browser/editor.spec.ts:144:1 › preserves inert HTML comments through human editing source and reader output
2026-10-07T23:16:26.0855209Z [28/725] [chromium] › tests/browser/editor.spec.ts:148:1 › copies anonymous flow internally and into an external plain-text editor through real clipboard
2026-10-07T23:16:28.0325849Z [29/725] [chromium] › tests/browser/editor.spec.ts:153:1 › retains cleared anonymous flow through real cut save reopen and continued editing
2026-10-07T23:16:29.6604449Z [30/725] [chromium] › tests/browser/editor.spec.ts:157:1 › retains anonymous HTML flow without extra spacing through real typing Enter deletion and reader output
2026-10-07T23:16:31.2344873Z [31/725] [chromium] › tests/browser/editor.spec.ts:161:1 › retains literal flow newlines through actual Markdown export and source reimport
2026-10-07T23:16:33.3446808Z [32/725] [chromium] › tests/browser/editor.spec.ts:165:1 › edits protected Markdown images and dividers inside HTML sections through history and reopening
2026-10-07T23:16:33.7792864Z [33/725] [chromium] › tests/browser/editor.spec.ts:169:1 › edits protected Markdown tables inside HTML sections through cell navigation history and reopening
2026-10-07T23:16:36.5051621Z [34/725] [chromium] › tests/browser/editor.spec.ts:173:1 › authors sections with properties, empty content, undo and reader preview
2026-10-07T23:16:37.4548275Z [35/725] [chromium] › tests/browser/editor.spec.ts:177:1 › preserves optional section containers through real editing and reader output
2026-10-07T23:16:39.7030513Z [36/725] [chromium] › tests/browser/editor.spec.ts:181:1 › edits and reopens a Word glossary with term and description roles
2026-10-07T23:16:41.1340526Z [37/725] [chromium] › tests/browser/editor.spec.ts:185:1 › imports and edits Word content controls without losing visible content
2026-10-07T23:16:43.8829042Z [38/725] [chromium] › tests/browser/editor.spec.ts:207:1 › preserves code endings through source recovery and reader handoff
2026-10-07T23:16:44.7300595Z [39/725] [chromium] › tests/browser/editor.spec.ts:211:1 › edits definition lists and reopens a glossary in a reader
2026-10-07T23:16:48.1927974Z [40/725] [chromium] › tests/browser/editor.spec.ts:215:1 › edits registered HTML wrappers after Markdown source recovery
2026-10-07T23:16:48.6448512Z [41/725] [chromium] › tests/browser/editor.spec.ts:219:1 › retains the complete document through pointer and keyboard output-format changes
2026-10-07T23:16:49.8485040Z [42/725] [chromium] › tests/browser/editor.spec.ts:223:1 › recovers nested Markdown lists and quotes through an editor and reader
2026-10-07T23:16:56.8025023Z [43/725] [chromium] › tests/browser/editor.spec.ts:227:1 › edits opaque code labels and reopens them safely in a reader
2026-10-07T23:16:57.2601164Z [44/725] [chromium] › tests/browser/editor.spec.ts:232:1 › guards editor actions against page reloads without suppressing failures
2026-10-07T23:16:58.4731496Z [45/725] [chromium] › tests/browser/editor.spec.ts:242:1 › recovers paragraph HTML into editable blocks and a reopened reader
2026-10-07T23:17:00.2647665Z [46/725] [chromium] › tests/browser/editor.spec.ts:246:1 › reads separate retired paragraphs after Markdown HTML scope conversion and handoff
2026-10-07T23:17:02.8946157Z [47/725] [chromium] › tests/browser/editor.spec.ts:250:1 › preserves headerless and mixed tables through source and file handoff
2026-10-07T23:17:05.5974855Z [48/725] [chromium] › tests/browser/editor.spec.ts:254:1 › retains HTML block formatting through server import, paste and draft handoff
2026-10-07T23:17:09.8815510Z [49/725] [chromium] › tests/browser/editor.spec.ts:258:1 › discovers product workflows and preserves separate task drafts and histories
2026-10-07T23:17:11.8895130Z [50/725] [chromium] › tests/browser/editor.spec.ts:262:1 › retains escaped pipes and strikethrough through table edits and Markdown handoff
2026-10-07T23:17:14.9671934Z [51/725] [chromium] › tests/browser/editor.spec.ts:266:1 › retains literal text lines through editing and Markdown handoff
2026-10-07T23:17:17.4586696Z [52/725] [chromium] › tests/browser/editor.spec.ts:270:1 › keeps literal syntax unformatted through visual edits and Markdown reopen
2026-10-07T23:17:17.8051799Z [53/725] [chromium] › tests/browser/editor.spec.ts:274:1 › chooses literal address import and retains links through DOCX handoff
2026-10-07T23:17:20.2349360Z [54/725] [chromium] › tests/browser/editor.spec.ts:278:1 › writes and reopens an issue with visual Markdown source fidelity and reader preview
2026-10-07T23:17:22.6644695Z [55/725] [chromium] › tests/browser/editor.spec.ts:282:1 › issue workflow preserves root references and validates local image files
2026-10-07T23:17:23.7200998Z [56/725] [chromium] › tests/browser/editor.spec.ts:314:1 › issue workflow preserves reference prefixes and reports container fallback
2026-10-07T23:17:24.9704036Z [57/725] [chromium] › tests/browser/editor.spec.ts:338:1 › reopens a full HTML report without promoting page metadata into editor content
2026-10-07T23:17:26.0475070Z [58/725] [chromium] › tests/browser/editor.spec.ts:342:1 › matches native document parsing for HTML envelopes, recovery, and noscript
2026-10-07T23:17:27.3930229Z [59/725] [chromium] › tests/browser/editor.spec.ts:356:1 › aligns selected paragraphs using backward selection, toolbar, history and HTML export
2026-10-07T23:17:28.2569668Z [60/725] [chromium] › tests/browser/editor.spec.ts:360:1 › exports independent DOCX list starts and renders the same procedure beside the editor
2026-10-07T23:17:29.5508305Z [61/725] [chromium] › tests/browser/editor.spec.ts:364:1 › retains zero-based list numbers through keyboard outdent history and export
2026-10-07T23:17:30.5296712Z [62/725] [chromium] › tests/browser/editor.spec.ts:368:1 › imports ordered-list starts like the native browser integer parser
2026-10-07T23:17:32.2244938Z [63/725] [chromium] › tests/browser/editor.spec.ts:382:1 › uses first-party Angular signals and directive for campaign editing and owner cleanup
2026-10-07T23:17:32.2856730Z [64/725] [chromium] › tests/browser/editor.spec.ts:386:1 › disposes Svelte custom block views before their owned engine
2026-10-07T23:17:33.9450884Z [65/725] [chromium] › tests/browser/editor.spec.ts:395:1 › uses first-party Svelte bindings for table editing, history, stores and owner disposal
2026-10-07T23:17:38.0977454Z [66/725] [chromium] › tests/browser/editor.spec.ts:399:1 › uses first-party Vue bindings for editing, reactive state, history and view remounts
2026-10-07T23:17:38.9875273Z [67/725] [chromium] › tests/browser/editor.spec.ts:403:1 › keeps real SVG equation links inside paged snapshots across editing and rebuilding
2026-10-07T23:17:42.6019605Z [68/725] [chromium] › tests/browser/editor.spec.ts:407:1 › saves and reopens equation files with source, references and history intact
2026-10-07T23:17:42.6463143Z [69/725] [chromium] › tests/browser/editor.spec.ts:411:1 › recovers from textless replacement for native typing, lines and history
2026-10-07T23:17:44.2055437Z [70/725] [chromium] › tests/browser/editor.spec.ts:415:1 › renders labelled equations and reader links through real editing and recovery
2026-10-07T23:17:48.3755149Z [71/725] [chromium] › tests/browser/editor.spec.ts:419:1 › keeps moved math source attached to its formula through native editing, undo, and export
2026-10-07T23:17:49.1851342Z [72/725] [chromium] › tests/browser/editor.spec.ts:423:1 › imports the published TeX table with visible losses and editable numeric values
2026-10-07T23:17:50.7020432Z [73/725] [chromium] › tests/browser/editor.spec.ts:507:1 › keeps comparison names separate from their copy in a mobile desktop-site viewport
2026-10-07T23:17:50.8986569Z [74/725] [chromium] › tests/browser/editor.spec.ts:535:1 › renders, edits, and measures portable page intent in a real browser
2026-10-07T23:17:51.7613614Z [75/725] [chromium] › tests/browser/editor.spec.ts:604:1 › measures browser line boxes, list items, rowspan groups, and footnotes as legal page fragments
2026-10-07T23:17:52.4913509Z [76/725] [chromium] › tests/browser/editor.spec.ts:698:1 › continues measured long footnotes through editable and print page projections
2026-10-07T23:17:52.5044944Z [77/725] [chromium] › tests/browser/editor.spec.ts:806:1 › prints a mixed repeated-footnote, merged-table, and manual-break document without loss
2026-10-07T23:17:54.0039114Z [78/725] [chromium] › tests/browser/editor.spec.ts:914:1 › paginates imported styled semantic HTML without structural or PDF text loss
2026-10-07T23:17:55.3008936Z [79/725] [chromium] › tests/browser/editor.spec.ts:1059:1 › uses a host print renderer without moving or exposing live custom DOM
2026-10-07T23:17:55.8280860Z [80/725] [chromium] › tests/browser/editor.spec.ts:1082:1 › projects exact A4 and Letter print sheets in every browser engine
2026-10-07T23:17:56.1081922Z [81/725] [chromium] › tests/browser/editor.spec.ts:1199:1 › emits exact A4 and Letter PDF pages for every projected sheet in Chromium
2026-10-07T23:17:57.1014116Z [82/725] [chromium] › tests/browser/editor.spec.ts:1239:1 › keeps 1,000-block pagination reflow local to the changed block
2026-10-07T23:17:57.2973175Z [83/725] [chromium] › tests/browser/editor.spec.ts:1251:1 › bounds alternating edge reflow across 5,000 rendered page blocks
2026-10-07T23:17:58.0689538Z [84/725] [chromium] › tests/browser/editor.spec.ts:1274:1 › keeps 5,000 unchanged page blocks cached through leading insertion and removal
2026-10-07T23:17:59.1263948Z [85/725] [chromium] › tests/browser/editor.spec.ts:1300:1 › edits, selects, and composes across guarded page shells in one contenteditable
2026-10-07T23:17:59.7434782Z [86/725] [chromium] › tests/browser/editor.spec.ts:1376:1 › keeps one paragraph editable when its measured lines span page shells
2026-10-07T23:18:00.4294598Z [87/725] [chromium] › tests/browser/editor.spec.ts:1503:1 › maps carets, ranges, and composition around injected paragraph page gaps
2026-10-07T23:18:01.2005178Z [88/725] [chromium] › tests/browser/editor.spec.ts:1607:1 › keeps one canonical ordered list editable and numbered across page shells
2026-10-07T23:18:01.6384753Z [89/725] [chromium] › tests/browser/editor.spec.ts:1742:52 › honours explicit table repetition independently of cell roles (ordinary)
2026-10-07T23:18:02.6016853Z [90/725] [chromium] › tests/browser/editor.spec.ts:1742:52 › honours explicit table repetition independently of cell roles (off)
2026-10-07T23:18:03.2548016Z [91/725] [chromium] › tests/browser/editor.spec.ts:1775:1 › keeps one canonical table editable with repeated headers across page shells
2026-10-07T23:18:04.1913132Z [92/725] [chromium] › tests/browser/editor.spec.ts:1925:1 › keeps merged header and body rowspans intact across editable table pages
2026-10-07T23:18:05.0372457Z [93/725] [chromium] › tests/browser/editor.spec.ts:1991:1 › reports an oversized table row without clipping or splitting its editable model
2026-10-07T23:18:05.5188712Z [94/725] [chromium] › tests/browser/editor.spec.ts:2033:1 › keeps canonical page furniture and footnotes editable while projecting every page copy
2026-10-07T23:18:06.2647122Z [95/725] [chromium] › tests/browser/editor.spec.ts:2118:1 › keeps code, media, disclosures, and custom atoms canonical across editable pages
2026-10-07T23:18:07.1899246Z [96/725] [chromium] › tests/browser/editor.spec.ts:2253:1 › keeps tracked review and Yjs live between list items split across pages
2026-10-07T23:18:08.0889728Z [97/725] [chromium] › tests/browser/editor.spec.ts:2319:1 › keeps tracked review and Yjs live between table rows split across pages
2026-10-07T23:18:08.9029651Z [98/725] [chromium] › tests/browser/editor.spec.ts:2396:13 › keeps comments attached and synchronized inside a continued list
2026-10-07T23:18:10.0068095Z [99/725] [chromium] › tests/browser/editor.spec.ts:2396:13 › keeps comments attached and synchronized inside a continued table
2026-10-07T23:18:10.7337798Z [100/725] [chromium] › tests/browser/editor.spec.ts:2450:1 › keeps tracked review and Yjs live inside a paragraph split across pages
2026-10-07T23:18:11.4626904Z [101/725] [chromium] › tests/browser/editor.spec.ts:2511:1 › keeps tracked review and Yjs collaboration live across automatic page boundaries
2026-10-07T23:18:12.3913603Z [102/725] [chromium] › tests/browser/editor.spec.ts:2586:1 › tracks real browser insertion and replacement with reversible review decisions
2026-10-07T23:18:12.9542108Z [103/725] [chromium] › tests/browser/editor.spec.ts:2615:1 › runs the package-backed full-text tracked review panel
2026-10-07T23:18:13.3077390Z [104/725] [chromium] › tests/browser/editor.spec.ts:2633:1 › runs package-backed named versions, exact comparison, preview, and guarded restoration
2026-10-07T23:18:14.9439003Z [105/725] [chromium] › tests/browser/editor.spec.ts:2663:1 › edits and persists package-backed collapsible details in the public playground
2026-10-07T23:18:15.4870087Z [106/725] [chromium] › tests/browser/editor.spec.ts:2689:1 › edits semantic ruby annotations through the package-backed public playground
2026-10-07T23:18:17.3775003Z [107/725] [chromium] › tests/browser/editor.spec.ts:2719:1 › converges live and offline Yjs edits and keeps collaborative undo author-local
2026-10-07T23:18:17.8205795Z [108/725] [chromium] › tests/browser/editor.spec.ts:2748:1 › runs reference links, recursive blocks, rich tables, and loss reports in a real browser
2026-10-07T23:18:18.3571263Z [109/725] [chromium] › tests/browser/editor.spec.ts:2773:1 › round-trips variable-delimiter Markdown code spans in the browser package
2026-10-07T23:18:18.4794969Z [110/725] [chromium] › tests/browser/editor.spec.ts:3341:1 › types, deletes, and undoes inside imported empty documents, quotes, and list items
2026-10-07T23:18:19.1513682Z [111/725] [chromium] › tests/browser/editor.spec.ts:3371:1 › round-trips marker-relative list containers and exact code whitespace
2026-10-07T23:18:19.8512489Z [112/725] [chromium] › tests/browser/editor.spec.ts:3415:1 › preserves raw Markdown and inert frontmatter through the browser package
2026-10-07T23:18:20.5186242Z [113/725] [chromium] › tests/browser/editor.spec.ts:3441:1 › edits through real beforeinput events and undoes a Markdown input rule
2026-10-07T23:18:21.2905372Z [114/725] [chromium] › tests/browser/editor.spec.ts:3455:1 › groups adjacent browser typing and respects explicit undo boundaries
2026-10-07T23:18:21.8548199Z [115/725] [chromium] › tests/browser/editor.spec.ts:3476:3 › preserves replacement formatting across subsequent typing input
2026-10-07T23:18:22.1537444Z [116/725] [chromium] › tests/browser/editor.spec.ts:3476:3 › preserves replacement formatting across subsequent composition input
2026-10-07T23:18:22.6241989Z [117/725] [chromium] › tests/browser/editor.spec.ts:3507:1 › commits cross-browser composition sequences once and supports replacement input
2026-10-07T23:18:23.0210999Z [118/725] [chromium] › tests/browser/editor.spec.ts:3539:1 › maps decorations through typing without persisting widget content
2026-10-07T23:18:23.4937460Z [119/725] [chromium] › tests/browser/editor.spec.ts:3554:1 › highlights editable code and updates language metadata through public commands
2026-10-07T23:18:23.8657730Z [120/725] [chromium] › tests/browser/editor.spec.ts:3584:1 › runs a view-focused chain and checks it without preview side effects
2026-10-07T23:18:24.4054839Z [121/725] [chromium] › tests/browser/editor.spec.ts:3605:1 › applies every configured paste-rule match through a browser paste event
2026-10-07T23:18:24.6374168Z [122/725] [chromium] › tests/browser/editor.spec.ts:3623:1 › autolinks, safely activates, edits, and removes links in a real browser
2026-10-07T23:18:25.2181747Z [123/725] [chromium] › tests/browser/editor.spec.ts:3654:1 › preserves structured rich HTML from a real browser clipboard event
2026-10-07T23:18:25.6759502Z [124/725] [chromium] › tests/browser/editor.spec.ts:3675:1 › pastes unwrapped inline HTML without dropping surrounding text or formatting
2026-10-07T23:18:26.1114957Z [125/725] [chromium] › tests/browser/editor.spec.ts:3696:1 › honors strict raw HTML token boundaries in the public Markdown pipeline
2026-10-07T23:18:26.5380516Z [126/725] [chromium] › tests/browser/editor.spec.ts:3713:1 › pastes unfamiliar HTML wrappers without flattening headings, paragraphs, or lists
2026-10-07T23:18:27.4056369Z [127/725] [chromium] › tests/browser/editor.spec.ts:3733:1 › pastes structured table cells and edits separate paragraphs without flattening nested blocks
2026-10-07T23:18:28.0522224Z [128/725] [chromium] › tests/browser/editor.spec.ts:3756:1 › retains standalone non-collapsible Unicode text during rich paste
2026-10-07T23:18:28.4124861Z [129/725] [chromium] › tests/browser/editor.spec.ts:3773:1 › pastes empty formatting and applies it to subsequently typed text
2026-10-07T23:18:28.9773254Z [130/725] [chromium] › tests/browser/editor.spec.ts:3797:57 › pastes and edits list-first code without inventing a blank paragraph
2026-10-07T23:18:29.3877483Z [131/725] [chromium] › tests/browser/editor.spec.ts:3797:57 › pastes and edits list-first code without inventing a blank paragraph from its label area
2026-10-07T23:18:30.1246928Z [132/725] [chromium] › tests/browser/editor.spec.ts:3825:1 › normalizes representative Word, Docs, and Excel clipboard payloads in every browser engine
2026-10-07T23:18:30.6176841Z [133/725] [chromium] › tests/browser/editor.spec.ts:3878:1 › imports an extension-defined HTML node through the schema contract
2026-10-07T23:18:31.2620002Z [134/725] [chromium] › tests/browser/editor.spec.ts:3903:1 › pastes mixed nested HTML lists without flattening their hierarchy
2026-10-07T23:18:31.3144617Z [135/725] [chromium] › tests/browser/editor.spec.ts:3926:1 › wraps, indents, lifts, and exits lists through browser-visible commands and keys
2026-10-07T23:18:32.0711739Z [136/725] [chromium] › tests/browser/editor.spec.ts:3956:1 › edits bidirectional and deeply nested text by logical document positions
2026-10-07T23:18:32.2034911Z [137/725] [chromium] › tests/browser/editor.spec.ts:3983:1 › moves a selected top-level block through native drag data
2026-10-07T23:18:32.9053890Z [138/725] [chromium] › tests/browser/editor.spec.ts:4001:1 › shows a host-replaceable drop cursor for inline text and atomic block targets
2026-10-07T23:18:33.1561937Z [139/725] [chromium] › tests/browser/editor.spec.ts:4062:1 › reorders nested blocks with accessible controls, drop indicators, drag, and undo
2026-10-07T23:18:33.6654376Z [140/725] [chromium] › tests/browser/editor.spec.ts:4137:1 › shows one structural block target across paragraphs, headings, lists, tables, media, and custom nodes
2026-10-07T23:18:34.2091160Z [141/725] [chromium] › tests/browser/editor.spec.ts:4233:1 › replaces a DOM selection that crosses block boundaries
2026-10-07T23:18:34.9531634Z [142/725] [chromium] › tests/browser/editor.spec.ts:4272:1 › keeps a visible editable paragraph after a terminal non-text block
2026-10-07T23:18:35.6643884Z [143/725] [chromium] › tests/browser/editor.spec.ts:4294:1 › uses Ctrl+A as an explicit all-document selection and replaces the document
2026-10-07T23:18:35.6914811Z [144/725] [chromium] › tests/browser/editor.spec.ts:4306:1 › selects and deletes a block image through real pointer and keyboard input
2026-10-07T23:18:36.4985628Z [145/725] [chromium] › tests/browser/editor.spec.ts:4329:1 › edits, aligns, resizes, and undoes a production image through accessible controls
2026-10-07T23:18:36.7318556Z [146/725] [chromium] › tests/browser/editor.spec.ts:4385:1 › inserts and removes a true inline image without breaking surrounding text
2026-10-07T23:18:37.4653694Z [147/725] [chromium] › tests/browser/editor.spec.ts:4403:1 › tracks and cancels browser-native image upload tasks
2026-10-07T23:18:37.5502106Z [148/725] [chromium] › tests/browser/editor.spec.ts:4443:1 › extends and replaces a rectangular cell selection through real pointer input
2026-10-07T23:18:38.3545272Z [149/725] [chromium] › tests/browser/editor.spec.ts:4471:1 › keeps mixed-format links intact through backward selection typing and history
2026-10-07T23:18:38.6220227Z [150/725] [chromium] › tests/browser/editor.spec.ts:4503:1 › reaches overflowing code by keyboard and leaves it without modifying the document
2026-10-07T23:18:39.3345282Z [151/725] [chromium] › tests/browser/editor.spec.ts:4549:1 › pastes into tab-focused code through Chromium clipboard without changing the previous paragraph
2026-10-07T23:18:39.6625143Z [152/725] [chromium] › tests/browser/editor.spec.ts:4573:1 › announces table resize values through real keyboard, pointer and history workflows
2026-10-07T23:18:40.1989217Z [153/725] [chromium] › tests/browser/editor.spec.ts:4626:1 › edits merged tables, resizes columns, toggles headers, and exchanges spreadsheet grids
2026-10-07T23:18:40.9164734Z [154/725] [chromium] › tests/browser/editor.spec.ts:4699:1 › keeps normal paste while offering bounded editor-local clipboard slots
2026-10-07T23:18:41.5200190Z [155/725] [chromium] › tests/browser/editor.spec.ts:4738:1 › renders and types into a structural gap as a new block
2026-10-07T23:18:41.6714600Z [156/725] [chromium] › tests/browser/editor.spec.ts:4750:1 › edits Lean without a mandatory server and renders transient provider diagnostics
2026-10-07T23:18:42.3781709Z [157/725] [chromium] › tests/browser/editor.spec.ts:4777:1 › keeps custom NodeViews live across updates and mapped moves while containing their DOM
2026-10-07T23:18:42.5269878Z [158/725] [chromium] › tests/browser/editor.spec.ts:4814:1 › loads the public React playground without console or page errors
2026-10-07T23:18:43.3668210Z [159/725] [chromium] › tests/browser/editor.spec.ts:4839:1 › publishes actionable extension authoring, conformance, and doctor guidance
2026-10-07T23:18:44.3115387Z [160/725] [chromium] › tests/browser/editor.spec.ts:4857:1 › pairs the optional AI demo with developer recipes for every public workflow
2026-10-07T23:18:44.7514755Z [161/725] [chromium] › tests/browser/editor.spec.ts:4878:1 › runs the public two-editor collaboration demo with presence and author-local undo
2026-10-07T23:18:45.7175231Z [162/725] [chromium] › tests/browser/editor.spec.ts:4945:1 › replaces both live collaboration documents without remounting the public editors
2026-10-07T23:18:46.8768440Z [163/725] [chromium] › tests/browser/editor.spec.ts:5004:1 › merges nested collaborative settings through the public two-editor demo
2026-10-07T23:18:48.0403860Z [164/725] [chromium] › tests/browser/editor.spec.ts:5023:1 › keeps headline phrases together and makes full-page navigation explicit
2026-10-07T23:18:48.9614773Z [165/725] [chromium] › tests/browser/editor.spec.ts:5048:1 › runs shared threaded comments through the public provider-neutral review panel
2026-10-07T23:18:50.6509746Z [166/725] [chromium] › tests/browser/editor.spec.ts:5105:1 › uses package-backed mentions, emoji, typography, and live counting in the public React playground
2026-10-07T23:18:51.4727300Z [167/725] [chromium] › tests/browser/editor.spec.ts:5166:1 › runs grouped default and product slash commands in the public React playground
2026-10-07T23:18:53.3344358Z [168/725] [chromium] › tests/browser/editor.spec.ts:5197:1 › runs accessible bubble and floating menus in the public React playground
2026-10-07T23:18:55.3490341Z [169/725] [chromium] › tests/browser/editor.spec.ts:5239:1 › composes and keyboard-navigates the public toolbar by stable group and action IDs
2026-10-07T23:18:55.9396426Z [170/725] [chromium] › tests/browser/editor.spec.ts:5276:1 › applies the complete text-style suite through the public React toolbar
2026-10-07T23:18:57.4494859Z [171/725] [chromium] › tests/browser/editor.spec.ts:5337:1 › uses the public React image workflow for metadata, alignment, and replacement
2026-10-07T23:18:58.8855920Z [172/725] [chromium] › tests/browser/editor.spec.ts:5381:1 › opens and cancels public configuration panels with keyboard focus and exact document retention
2026-10-07T23:19:00.4031515Z [173/725] [chromium] › tests/browser/editor.spec.ts:5499:1 › keeps the public native colour field focused while formatting selected text and allows undo in the editor
2026-10-07T23:19:02.3405371Z [174/725] [chromium] › tests/browser/editor.spec.ts:5526:1 › keeps table configuration labels legible on pointer hover
2026-10-07T23:19:04.6242418Z [175/725] [chromium] › tests/browser/editor.spec.ts:5565:1 › creates and edits a link through the public React toolbar
2026-10-07T23:19:06.3135376Z [176/725] [chromium] › tests/browser/editor.spec.ts:5596:1 › toggles a selected block through the public React list controls
2026-10-07T23:19:07.1426995Z [177/725] [chromium] › tests/browser/editor.spec.ts:5611:1 › edits code language and line numbers through the public React toolbar
2026-10-07T23:19:08.4136907Z [178/725] [chromium] › tests/browser/editor.spec.ts:5630:1 › opens the searchable clipboard-history picker in the public React toolbar
2026-10-07T23:19:09.1587174Z [179/725] [chromium] › tests/browser/editor.spec.ts:5663:1 › keeps the public outline stable, hierarchical, active, and navigable
2026-10-07T23:19:10.4441669Z [180/725] [chromium] › tests/browser/editor.spec.ts:5688:1 › exposes and explicitly cleans invisible text in the public playground
2026-10-07T23:19:11.3066433Z [181/725] [chromium] › tests/browser/editor.spec.ts:5729:1 › runs the public plain-DOM first-class widget demo
2026-10-07T23:19:13.0565566Z [182/725] [chromium] › tests/browser/editor.spec.ts:5776:1 › runs the public React first-class widget demo without losing control focus
2026-10-07T23:19:13.1214736Z [183/725] [chromium] › tests/browser/editor.spec.ts:5814:1 › makes the quote control discoverable and toggles an existing quote in the Java workflow demo
2026-10-07T23:19:14.7044388Z [184/725] [chromium] › tests/browser/editor.spec.ts:5828:1 › retains table captions and reports their projected association in the conversion demo
2026-10-07T23:19:14.7828045Z [185/725] [chromium] › tests/browser/editor.spec.ts:5845:1 › preserves complex figure content in the public Markdown conversion demo
2026-10-07T23:19:16.5241466Z [186/725] [chromium] › tests/browser/editor.spec.ts:5863:1 › runs the public headless Markdown, LaTeX, and server HTML pipeline
2026-10-07T23:19:16.8974319Z [187/725] [chromium] › tests/browser/editor.spec.ts:5934:1 › records native DOCX viewer disagreements without certifying math fidelity
2026-10-07T23:19:19.7641640Z [188/725] [chromium] › tests/browser/editor.spec.ts:5939:1 › checks actual DOCX retention beside an independent viewer without hiding its header omission
2026-10-07T23:19:20.9193278Z [189/725] [chromium] › tests/browser/editor.spec.ts:6055:1 › renders real KaTeX while reporting published-equation and trust failures without source loss
2026-10-07T23:19:22.2484073Z [190/725] [chromium] › tests/browser/editor.spec.ts:6086:1 › edits multiline math without losing line breaks, descriptions, or undo history
2026-10-07T23:19:24.1958641Z [191/725] [chromium] › tests/browser/editor.spec.ts:6123:1 › renders and inserts native math in the public DOM integration
2026-10-07T23:19:25.2285279Z [192/725] [chromium] › tests/browser/editor.spec.ts:6180:1 › makes table sizing, complete deletion, insertion gaps, and highlight colours explicit in the public demo
2026-10-07T23:19:26.0754763Z [193/725] [chromium] › tests/browser/editor.spec.ts:6228:1 › keeps rich and multiline paste structurally predictable in the public editor
2026-10-07T23:19:27.6425837Z [194/725] [chromium] › tests/browser/editor.spec.ts:6301:1 › round-trips a Fountain multi-block selection through Chromium clipboard HTML
2026-10-07T23:19:27.7396949Z [195/725] [chromium] › tests/browser/editor.spec.ts:6368:1 › round-trips an extension-owned Fountain atom through the Chromium clipboard
2026-10-07T23:19:28.8184833Z [196/725] [chromium] › tests/browser/editor.spec.ts:6417:1 › round-trips a complex whole Fountain document through the Chromium clipboard exactly
2026-10-07T23:19:28.8362989Z [197/725] [chromium] › tests/browser/editor.spec.ts:6504:1 › copies clean semantic Fountain HTML into an external browser editor
2026-10-07T23:19:30.0437080Z [198/725] [chromium] › tests/browser/editor.spec.ts:6559:1 › copies readable Fountain text into a plain-text external editor
2026-10-07T23:19:30.0809679Z [199/725] [chromium] › tests/browser/editor.spec.ts:6618:1 › copies math to external rich and plain-text editors without renderer controls
2026-10-07T23:19:31.2441166Z [200/725] [chromium] › tests/browser/editor.spec.ts:6663:1 › renders repeated empty paragraphs and removes each visible line
2026-10-07T23:19:31.9095504Z [201/725] [chromium] › tests/browser/editor.spec.ts:6693:1 › undoes and redoes real typing with both common browser keyboard chords
2026-10-07T23:19:32.5767045Z [202/725] [chromium] › tests/browser/editor.spec.ts:6710:1 › keeps a backward DOM selection backward after model synchronization
2026-10-07T23:19:33.1258939Z [203/725] [chromium] › tests/browser/editor.spec.ts:6734:1 › preserves a backward selection made with real keyboard input
2026-10-07T23:19:33.1705692Z [204/725] [chromium] › tests/browser/editor.spec.ts:6749:1 › replaces a backward selection made by a real reverse pointer drag
2026-10-07T23:19:33.8964520Z [205/725] [chromium] › tests/browser/editor.spec.ts:6785:1 › turns multi-format and multi-block selections into visible paragraph boundaries
2026-10-07T23:19:34.2553786Z [206/725] [chromium] › tests/browser/editor.spec.ts:6843:1 › visibly splits and joins ordinary paragraphs with both deletion directions
2026-10-07T23:19:35.1166714Z [207/725] [chromium] › tests/browser/editor.spec.ts:6868:1 › deletes an adjacent inline atom without eating surrounding text
2026-10-07T23:19:35.1679632Z [208/725] [chromium] › tests/browser/editor.spec.ts:6898:1 › unwraps and exits an inserted quote with ordinary browser keys
2026-10-07T23:19:35.9513760Z [209/725] [chromium] › tests/browser/editor.spec.ts:6927:1 › publishes semantic selection controls and table interaction in the demo gallery
2026-10-07T23:19:37.6495544Z [210/725] [chromium] › tests/browser/editor.spec.ts:6944:1 › runs campaign images, native media and safe embeds through Angular with honest upload boundaries
2026-10-07T23:19:37.7050026Z [211/725] [chromium] › tests/browser/editor.spec.ts:7021:1 › uses the public React media workflow for native playback, provider-gated embeds, and asset uploads
2026-10-07T23:19:40.9393906Z [212/725] [chromium] › tests/browser/editor.spec.ts:7066:1 › streams an optional AI proposal outside the document until review is ready
2026-10-07T23:19:41.8264438Z [213/725] [chromium] › tests/browser/editor.spec.ts:7091:1 › preserves whitespace when an AI proposal ends at a formatting boundary
2026-10-07T23:19:43.4466704Z [214/725] [chromium] › tests/browser/editor.spec.ts:7106:1 › runs a host-owned multi-turn AI conversation with reusable prompts and clear confirmation
2026-10-07T23:19:44.4135161Z [215/725] [chromium] › tests/browser/editor.spec.ts:7134:1 › reviews generated media before the normal host upload inserts one undoable node
2026-10-07T23:19:47.1175379Z [216/725] [chromium] › tests/browser/editor.spec.ts:7160:1 › reviews a schema-aware agent tool proposal before one-step apply and undo
2026-10-07T23:19:48.6363379Z [217/725] [chromium] › tests/browser/editor.spec.ts:7185:1 › keeps a 1,000-block input update local and paints within budget
2026-10-07T23:19:49.1133247Z [218/725] [chromium] › tests/browser/editor.spec.ts:7206:1 › virtualizes 100,000 blocks while preserving scrolling, distant selection, IME, and copy
2026-10-07T23:19:49.7322892Z [219/725] [chromium] › tests/browser/editor.spec.ts:7264:1 › exports rich tables as HTML Markdown and exposes the compatibility note
2026-10-07T23:19:50.4276772Z [220/725] [chromium] › tests/browser/editor.spec.ts:7286:1 › HTML comments do not insert phantom paragraphs in converted Markdown
2026-10-07T23:19:51.7904965Z [221/725] [chromium] › tests/browser/editor.spec.ts:7298:1 › imported table section order matches the physically rendered source table
2026-10-07T23:19:52.0843057Z [222/725] [chromium] › tests/browser/editor.spec.ts:7329:1 › imports zero-rowspan cells with the same row-group geometry in server and browser
2026-10-07T23:19:54.1525292Z [223/725] [chromium] › tests/browser/editor.spec.ts:7360:1 › reconstructs HTML tables across Markdown block boundaries
2026-10-07T23:19:54.4284535Z [224/725] [chromium] › tests/browser/editor.spec.ts:7381:1 › applies surrounding HTML formatting without replacing Markdown block content
2026-10-07T23:19:55.9674778Z [225/725] [chromium] › tests/browser/editor.spec.ts:7394:1 › converts raw HTML blocks only when the headless demo option is enabled
2026-10-07T23:19:55.9985898Z [226/725] [chromium] › tests/browser/editor.spec.ts:7410:1 › projects inline HTML around Markdown nodes only with explicit opt-in and visible fallback
2026-10-07T23:19:57.7700034Z [227/725] [chromium] › tests/browser/editor.spec.ts:7435:1 › shows specific discarded HTML and rejected URL losses in both conversion surfaces
2026-10-07T23:19:59.1964694Z [228/725] [firefox] › tests/browser/editor.spec.ts:42:3 › inserts table columns on the physical left and right: ltr
2026-10-07T23:20:00.7157162Z [229/725] [firefox] › tests/browser/editor.spec.ts:42:3 › inserts table columns on the physical left and right: rtl-cell-ltr
2026-10-07T23:20:03.4000368Z [230/725] [firefox] › tests/browser/editor.spec.ts:42:3 › inserts table columns on the physical left and right: auto
2026-10-07T23:20:05.2125544Z [231/725] [firefox] › tests/browser/editor.spec.ts:42:3 › inserts table columns on the physical left and right: host-css
2026-10-07T23:20:06.5279202Z [232/725] [firefox] › tests/browser/editor.spec.ts:42:3 › inserts table columns on the physical left and right: rtl-spans
2026-10-07T23:20:08.1860504Z [233/725] [firefox] › tests/browser/editor.spec.ts:47:1 › retains structural RTL against native source through author controls, physical table editing and downloaded HTML
2026-10-07T23:20:09.5937480Z [234/725] [firefox] › tests/browser/editor.spec.ts:51:1 › imports inherited inline alignment against a native surface and keeps it through real editing and downloaded HTML
2026-10-07T23:20:12.1353332Z [235/725] [firefox] › tests/browser/editor.spec.ts:55:1 › compares list-first code text-click focus and editing to a plain native surface
2026-10-07T23:20:13.3978752Z [236/725] [firefox] › tests/browser/editor.spec.ts:59:1 › retains a shared automatic section direction through first-strong-text editing, history and reader preview
2026-10-07T23:20:14.7463539Z [237/725] [firefox] › tests/browser/editor.spec.ts:63:1 › authors physical-left alignment under an RTL host and inherited-auto reader with history
2026-10-07T23:20:16.7949273Z [238/725] [firefox] › tests/browser/editor.spec.ts:67:1 › edits RTL blocks with native keyboard selection, direction controls, Enter history and HTML reader export
2026-10-07T23:20:18.0434432Z [239/725] [firefox] › tests/browser/editor.spec.ts:71:1 › separates the homepage framework descenders from the italic extend line
2026-10-07T23:20:21.0981943Z [240/725] [firefox] › tests/browser/editor.spec.ts:90:1 › keeps consecutive marked quoted and table blank lines visible in reader and saved HTML
2026-10-07T23:20:21.1045457Z [241/725] [firefox] › tests/browser/editor.spec.ts:94:1 › fills and reopens a retained childless paragraph using real pointer typing Enter Backspace and undo
2026-10-07T23:20:24.4024485Z [242/725] [firefox] › tests/browser/editor.spec.ts:98:1 › edits structured inert block wrappers with actual table navigation Enter Backspace history and safe reopening
2026-10-07T23:20:24.6632201Z [243/725] [firefox] › tests/browser/editor.spec.ts:102:1 › retains HTML link navigation and literal Markdown data through real editing and reopening
2026-10-07T23:20:29.6700003Z [244/725] [firefox] › tests/browser/editor.spec.ts:106:1 › edits inert script style textarea source with real Enter Backspace history and safe reader reopening
2026-10-07T23:20:32.8505909Z [245/725] [firefox] › tests/browser/editor.spec.ts:110:1 › retains unfinished raw HTML as editable Markdown source and discloses direct HTML omissions
2026-10-07T23:20:36.0521754Z [246/725] [firefox] › tests/browser/editor.spec.ts:114:1 › preserves registered inert inline source through real typing history and Markdown HTML JSON reopening
2026-10-07T23:20:36.2194932Z [247/725] [firefox] › tests/browser/editor.spec.ts:118:1 › preserves immutable snapshots and owned attributes through real typing Enter history and JSON reopening
2026-10-07T23:20:37.6327781Z [248/725] [firefox] › tests/browser/editor.spec.ts:122:1 › imports private files in the conversion lab with reports and export reopen
2026-10-07T23:20:40.9295209Z [249/725] [firefox] › tests/browser/editor.spec.ts:126:1 › resolves unequal Markdown runs through actual selection editing history download and reader reopen
2026-10-07T23:20:42.7753076Z [250/725] [firefox] › tests/browser/editor.spec.ts:131:3 › retains partial Markdown em scope through real typing history and canonical reopening
2026-10-07T23:20:44.4578169Z [251/725] [firefox] › tests/browser/editor.spec.ts:131:3 › retains partial Markdown strong scope through real typing history and canonical reopening
2026-10-07T23:20:44.8325979Z [252/725] [firefox] › tests/browser/editor.spec.ts:136:1 › submits resets and disables a native form-associated Web Component
2026-10-07T23:20:46.1477721Z [253/725] [firefox] › tests/browser/editor.spec.ts:140:1 › converts document-wide HTML scopes with source edit undo and explicit layout differences
2026-10-07T23:20:47.4265280Z [254/725] [firefox] › tests/browser/editor.spec.ts:144:1 › preserves inert HTML comments through human editing source and reader output
2026-10-07T23:20:50.1422442Z [255/725] [firefox] › tests/browser/editor.spec.ts:148:1 › copies anonymous flow internally and into an external plain-text editor through real clipboard
2026-10-07T23:20:52.1891138Z [256/725] [firefox] › tests/browser/editor.spec.ts:153:1 › retains cleared anonymous flow through real cut save reopen and continued editing
2026-10-07T23:20:53.5865350Z [257/725] [firefox] › tests/browser/editor.spec.ts:157:1 › retains anonymous HTML flow without extra spacing through real typing Enter deletion and reader output
2026-10-07T23:20:56.2449338Z [258/725] [firefox] › tests/browser/editor.spec.ts:161:1 › retains literal flow newlines through actual Markdown export and source reimport
2026-10-07T23:20:58.2523232Z [259/725] [firefox] › tests/browser/editor.spec.ts:165:1 › edits protected Markdown images and dividers inside HTML sections through history and reopening
2026-10-07T23:20:58.7003248Z [260/725] [firefox] › tests/browser/editor.spec.ts:169:1 › edits protected Markdown tables inside HTML sections through cell navigation history and reopening
2026-10-07T23:21:02.3117328Z [261/725] [firefox] › tests/browser/editor.spec.ts:173:1 › authors sections with properties, empty content, undo and reader preview
2026-10-07T23:21:03.7897697Z [262/725] [firefox] › tests/browser/editor.spec.ts:177:1 › preserves optional section containers through real editing and reader output
2026-10-07T23:21:06.3273740Z [263/725] [firefox] › tests/browser/editor.spec.ts:181:1 › edits and reopens a Word glossary with term and description roles
2026-10-07T23:21:07.1144790Z [264/725] [firefox] › tests/browser/editor.spec.ts:185:1 › imports and edits Word content controls without losing visible content
2026-10-07T23:21:10.3547947Z [265/725] [firefox] › tests/browser/editor.spec.ts:207:1 › preserves code endings through source recovery and reader handoff
2026-10-07T23:21:10.6243479Z [266/725] [firefox] › tests/browser/editor.spec.ts:211:1 › edits definition lists and reopens a glossary in a reader
2026-10-07T23:21:13.9926492Z [267/725] [firefox] › tests/browser/editor.spec.ts:215:1 › edits registered HTML wrappers after Markdown source recovery
2026-10-07T23:21:16.3216106Z [268/725] [firefox] › tests/browser/editor.spec.ts:219:1 › retains the complete document through pointer and keyboard output-format changes
2026-10-07T23:21:17.0830604Z [269/725] [firefox] › tests/browser/editor.spec.ts:223:1 › recovers nested Markdown lists and quotes through an editor and reader
2026-10-07T23:21:23.9793778Z [270/725] [firefox] › tests/browser/editor.spec.ts:227:1 › edits opaque code labels and reopens them safely in a reader
2026-10-07T23:21:25.4337562Z [271/725] [firefox] › tests/browser/editor.spec.ts:232:1 › guards editor actions against page reloads without suppressing failures
2026-10-07T23:21:26.9690935Z [272/725] [firefox] › tests/browser/editor.spec.ts:242:1 › recovers paragraph HTML into editable blocks and a reopened reader
2026-10-07T23:21:28.1013721Z [273/725] [firefox] › tests/browser/editor.spec.ts:246:1 › reads separate retired paragraphs after Markdown HTML scope conversion and handoff
2026-10-07T23:21:31.2306153Z [274/725] [firefox] › tests/browser/editor.spec.ts:250:1 › preserves headerless and mixed tables through source and file handoff
2026-10-07T23:21:34.2991138Z [275/725] [firefox] › tests/browser/editor.spec.ts:254:1 › retains HTML block formatting through server import, paste and draft handoff
2026-10-07T23:21:38.3906630Z [276/725] [firefox] › tests/browser/editor.spec.ts:258:1 › discovers product workflows and preserves separate task drafts and histories
2026-10-07T23:21:39.3881718Z [277/725] [firefox] › tests/browser/editor.spec.ts:262:1 › retains escaped pipes and strikethrough through table edits and Markdown handoff
2026-10-07T23:21:42.2814038Z [278/725] [firefox] › tests/browser/editor.spec.ts:266:1 › retains literal text lines through editing and Markdown handoff
2026-10-07T23:21:45.0032241Z [279/725] [firefox] › tests/browser/editor.spec.ts:270:1 › keeps literal syntax unformatted through visual edits and Markdown reopen
2026-10-07T23:21:45.1217983Z [280/725] [firefox] › tests/browser/editor.spec.ts:274:1 › chooses literal address import and retains links through DOCX handoff
2026-10-07T23:21:47.8941344Z [281/725] [firefox] › tests/browser/editor.spec.ts:278:1 › writes and reopens an issue with visual Markdown source fidelity and reader preview
2026-10-07T23:21:49.9465236Z [282/725] [firefox] › tests/browser/editor.spec.ts:282:1 › issue workflow preserves root references and validates local image files
2026-10-07T23:21:51.1225171Z [283/725] [firefox] › tests/browser/editor.spec.ts:314:1 › issue workflow preserves reference prefixes and reports container fallback
2026-10-07T23:21:52.3416170Z [284/725] [firefox] › tests/browser/editor.spec.ts:338:1 › reopens a full HTML report without promoting page metadata into editor content
2026-10-07T23:21:53.6304538Z [285/725] [firefox] › tests/browser/editor.spec.ts:342:1 › matches native document parsing for HTML envelopes, recovery, and noscript
2026-10-07T23:21:55.0647085Z [286/725] [firefox] › tests/browser/editor.spec.ts:356:1 › aligns selected paragraphs using backward selection, toolbar, history and HTML export
2026-10-07T23:21:55.7747397Z [287/725] [firefox] › tests/browser/editor.spec.ts:360:1 › exports independent DOCX list starts and renders the same procedure beside the editor
2026-10-07T23:21:58.7876499Z [288/725] [firefox] › tests/browser/editor.spec.ts:364:1 › retains zero-based list numbers through keyboard outdent history and export
2026-10-07T23:22:00.2741453Z [289/725] [firefox] › tests/browser/editor.spec.ts:368:1 › imports ordered-list starts like the native browser integer parser
2026-10-07T23:22:01.7698941Z [290/725] [firefox] › tests/browser/editor.spec.ts:382:1 › uses first-party Angular signals and directive for campaign editing and owner cleanup
2026-10-07T23:22:02.3556509Z [291/725] [firefox] › tests/browser/editor.spec.ts:386:1 › disposes Svelte custom block views before their owned engine
2026-10-07T23:22:03.9879187Z [292/725] [firefox] › tests/browser/editor.spec.ts:395:1 › uses first-party Svelte bindings for table editing, history, stores and owner disposal
2026-10-07T23:22:07.7416689Z [293/725] [firefox] › tests/browser/editor.spec.ts:399:1 › uses first-party Vue bindings for editing, reactive state, history and view remounts
2026-10-07T23:22:08.0178724Z [294/725] [firefox] › tests/browser/editor.spec.ts:403:1 › keeps real SVG equation links inside paged snapshots across editing and rebuilding
2026-10-07T23:22:12.1635223Z [295/725] [firefox] › tests/browser/editor.spec.ts:407:1 › saves and reopens equation files with source, references and history intact
2026-10-07T23:22:13.4967009Z [296/725] [firefox] › tests/browser/editor.spec.ts:411:1 › recovers from textless replacement for native typing, lines and history
2026-10-07T23:22:15.4171009Z [297/725] [firefox] › tests/browser/editor.spec.ts:415:1 › renders labelled equations and reader links through real editing and recovery
2026-10-07T23:22:18.2231587Z [298/725] [firefox] › tests/browser/editor.spec.ts:419:1 › keeps moved math source attached to its formula through native editing, undo, and export
2026-10-07T23:22:20.8160817Z [299/725] [firefox] › tests/browser/editor.spec.ts:423:1 › imports the published TeX table with visible losses and editable numeric values
2026-10-07T23:22:21.0199525Z [300/725] [firefox] › tests/browser/editor.spec.ts:507:1 › keeps comparison names separate from their copy in a mobile desktop-site viewport
2026-10-07T23:22:22.7920570Z [301/725] [firefox] › tests/browser/editor.spec.ts:535:1 › renders, edits, and measures portable page intent in a real browser
2026-10-07T23:22:22.8135370Z [302/725] [firefox] › tests/browser/editor.spec.ts:604:1 › measures browser line boxes, list items, rowspan groups, and footnotes as legal page fragments
2026-10-07T23:22:23.8836360Z [303/725] [firefox] › tests/browser/editor.spec.ts:698:1 › continues measured long footnotes through editable and print page projections
2026-10-07T23:22:23.9801185Z [304/725] [firefox] › tests/browser/editor.spec.ts:806:1 › prints a mixed repeated-footnote, merged-table, and manual-break document without loss
2026-10-07T23:22:25.7130161Z [305/725] [firefox] › tests/browser/editor.spec.ts:914:1 › paginates imported styled semantic HTML without structural or PDF text loss
2026-10-07T23:22:27.0835040Z [306/725] [firefox] › tests/browser/editor.spec.ts:1059:1 › uses a host print renderer without moving or exposing live custom DOM
2026-10-07T23:22:27.6056307Z [307/725] [firefox] › tests/browser/editor.spec.ts:1082:1 › projects exact A4 and Letter print sheets in every browser engine
2026-10-07T23:22:29.7925364Z [308/725] [firefox] › tests/browser/editor.spec.ts:1199:1 › emits exact A4 and Letter PDF pages for every projected sheet in Chromium
2026-10-07T23:22:30.0904013Z [309/725] [firefox] › tests/browser/editor.spec.ts:1239:1 › keeps 1,000-block pagination reflow local to the changed block
2026-10-07T23:22:30.2525742Z [310/725] [firefox] › tests/browser/editor.spec.ts:1251:1 › bounds alternating edge reflow across 5,000 rendered page blocks
2026-10-07T23:22:31.3659769Z [311/725] [firefox] › tests/browser/editor.spec.ts:1274:1 › keeps 5,000 unchanged page blocks cached through leading insertion and removal
2026-10-07T23:22:32.4194989Z [312/725] [firefox] › tests/browser/editor.spec.ts:1300:1 › edits, selects, and composes across guarded page shells in one contenteditable
2026-10-07T23:22:33.3419091Z [313/725] [firefox] › tests/browser/editor.spec.ts:1376:1 › keeps one paragraph editable when its measured lines span page shells
2026-10-07T23:22:33.9893461Z [314/725] [firefox] › tests/browser/editor.spec.ts:1503:1 › maps carets, ranges, and composition around injected paragraph page gaps
2026-10-07T23:22:35.0915801Z [315/725] [firefox] › tests/browser/editor.spec.ts:1607:1 › keeps one canonical ordered list editable and numbered across page shells
2026-10-07T23:22:35.7029056Z [316/725] [firefox] › tests/browser/editor.spec.ts:1742:52 › honours explicit table repetition independently of cell roles (ordinary)
2026-10-07T23:22:36.9625458Z [317/725] [firefox] › tests/browser/editor.spec.ts:1742:52 › honours explicit table repetition independently of cell roles (off)
2026-10-07T23:22:37.8620396Z [318/725] [firefox] › tests/browser/editor.spec.ts:1775:1 › keeps one canonical table editable with repeated headers across page shells
2026-10-07T23:22:38.8140762Z [319/725] [firefox] › tests/browser/editor.spec.ts:1925:1 › keeps merged header and body rowspans intact across editable table pages
2026-10-07T23:22:40.1316257Z [320/725] [firefox] › tests/browser/editor.spec.ts:1991:1 › reports an oversized table row without clipping or splitting its editable model
2026-10-07T23:22:40.3435031Z [321/725] [firefox] › tests/browser/editor.spec.ts:2033:1 › keeps canonical page furniture and footnotes editable while projecting every page copy
2026-10-07T23:22:41.9998861Z [322/725] [firefox] › tests/browser/editor.spec.ts:2118:1 › keeps code, media, disclosures, and custom atoms canonical across editable pages
2026-10-07T23:22:42.3682436Z [323/725] [firefox] › tests/browser/editor.spec.ts:2253:1 › keeps tracked review and Yjs live between list items split across pages
2026-10-07T23:22:44.1267492Z [324/725] [firefox] › tests/browser/editor.spec.ts:2319:1 › keeps tracked review and Yjs live between table rows split across pages
2026-10-07T23:22:44.5556568Z [325/725] [firefox] › tests/browser/editor.spec.ts:2396:13 › keeps comments attached and synchronized inside a continued list
2026-10-07T23:22:46.1197335Z [326/725] [firefox] › tests/browser/editor.spec.ts:2396:13 › keeps comments attached and synchronized inside a continued table
2026-10-07T23:22:48.1508017Z [327/725] [firefox] › tests/browser/editor.spec.ts:2450:1 › keeps tracked review and Yjs live inside a paragraph split across pages
2026-10-07T23:22:49.2075733Z [328/725] [firefox] › tests/browser/editor.spec.ts:2511:1 › keeps tracked review and Yjs collaboration live across automatic page boundaries
2026-10-07T23:22:50.9872940Z [329/725] [firefox] › tests/browser/editor.spec.ts:2586:1 › tracks real browser insertion and replacement with reversible review decisions
2026-10-07T23:22:51.6172506Z [330/725] [firefox] › tests/browser/editor.spec.ts:2615:1 › runs the package-backed full-text tracked review panel
2026-10-07T23:22:51.8655431Z [331/725] [firefox] › tests/browser/editor.spec.ts:2633:1 › runs package-backed named versions, exact comparison, preview, and guarded restoration
2026-10-07T23:22:53.7700662Z [332/725] [firefox] › tests/browser/editor.spec.ts:2663:1 › edits and persists package-backed collapsible details in the public playground
2026-10-07T23:22:54.1321207Z [333/725] [firefox] › tests/browser/editor.spec.ts:2689:1 › edits semantic ruby annotations through the package-backed public playground
2026-10-07T23:22:56.3169184Z [334/725] [firefox] › tests/browser/editor.spec.ts:2719:1 › converges live and offline Yjs edits and keeps collaborative undo author-local
2026-10-07T23:22:56.7695046Z [335/725] [firefox] › tests/browser/editor.spec.ts:2748:1 › runs reference links, recursive blocks, rich tables, and loss reports in a real browser
2026-10-07T23:22:57.4725534Z [336/725] [firefox] › tests/browser/editor.spec.ts:2773:1 › round-trips variable-delimiter Markdown code spans in the browser package
2026-10-07T23:22:57.5174389Z [337/725] [firefox] › tests/browser/editor.spec.ts:3341:1 › types, deletes, and undoes inside imported empty documents, quotes, and list items
2026-10-07T23:22:58.5423234Z [338/725] [firefox] › tests/browser/editor.spec.ts:3371:1 › round-trips marker-relative list containers and exact code whitespace
2026-10-07T23:22:59.3486552Z [339/725] [firefox] › tests/browser/editor.spec.ts:3415:1 › preserves raw Markdown and inert frontmatter through the browser package
2026-10-07T23:23:00.0774799Z [340/725] [firefox] › tests/browser/editor.spec.ts:3441:1 › edits through real beforeinput events and undoes a Markdown input rule
2026-10-07T23:23:00.9254677Z [341/725] [firefox] › tests/browser/editor.spec.ts:3455:1 › groups adjacent browser typing and respects explicit undo boundaries
2026-10-07T23:23:01.7634733Z [342/725] [firefox] › tests/browser/editor.spec.ts:3476:3 › preserves replacement formatting across subsequent typing input
2026-10-07T23:23:01.8685019Z [343/725] [firefox] › tests/browser/editor.spec.ts:3476:3 › preserves replacement formatting across subsequent composition input
2026-10-07T23:23:02.8834786Z [344/725] [firefox] › tests/browser/editor.spec.ts:3507:1 › commits cross-browser composition sequences once and supports replacement input
2026-10-07T23:23:02.9493964Z [345/725] [firefox] › tests/browser/editor.spec.ts:3539:1 › maps decorations through typing without persisting widget content
2026-10-07T23:23:03.9714693Z [346/725] [firefox] › tests/browser/editor.spec.ts:3554:1 › highlights editable code and updates language metadata through public commands
2026-10-07T23:23:04.8747335Z [347/725] [firefox] › tests/browser/editor.spec.ts:3584:1 › runs a view-focused chain and checks it without preview side effects
2026-10-07T23:23:05.6760346Z [348/725] [firefox] › tests/browser/editor.spec.ts:3605:1 › applies every configured paste-rule match through a browser paste event
2026-10-07T23:23:06.6379677Z [349/725] [firefox] › tests/browser/editor.spec.ts:3623:1 › autolinks, safely activates, edits, and removes links in a real browser
2026-10-07T23:23:07.0593125Z [350/725] [firefox] › tests/browser/editor.spec.ts:3654:1 › preserves structured rich HTML from a real browser clipboard event
2026-10-07T23:23:07.8626904Z [351/725] [firefox] › tests/browser/editor.spec.ts:3675:1 › pastes unwrapped inline HTML without dropping surrounding text or formatting
2026-10-07T23:23:08.2314315Z [352/725] [firefox] › tests/browser/editor.spec.ts:3696:1 › honors strict raw HTML token boundaries in the public Markdown pipeline
2026-10-07T23:23:08.8897478Z [353/725] [firefox] › tests/browser/editor.spec.ts:3713:1 › pastes unfamiliar HTML wrappers without flattening headings, paragraphs, or lists
2026-10-07T23:23:10.1905062Z [354/725] [firefox] › tests/browser/editor.spec.ts:3733:1 › pastes structured table cells and edits separate paragraphs without flattening nested blocks
2026-10-07T23:23:10.3460722Z [355/725] [firefox] › tests/browser/editor.spec.ts:3756:1 › retains standalone non-collapsible Unicode text during rich paste
2026-10-07T23:23:11.5590118Z [356/725] [firefox] › tests/browser/editor.spec.ts:3773:1 › pastes empty formatting and applies it to subsequently typed text
2026-10-07T23:23:11.6298009Z [357/725] [firefox] › tests/browser/editor.spec.ts:3797:57 › pastes and edits list-first code without inventing a blank paragraph
2026-10-07T23:23:12.8237127Z [358/725] [firefox] › tests/browser/editor.spec.ts:3797:57 › pastes and edits list-first code without inventing a blank paragraph from its label area
2026-10-07T23:23:13.7601293Z [359/725] [firefox] › tests/browser/editor.spec.ts:3825:1 › normalizes representative Word, Docs, and Excel clipboard payloads in every browser engine
2026-10-07T23:23:13.8591607Z [360/725] [firefox] › tests/browser/editor.spec.ts:3878:1 › imports an extension-defined HTML node through the schema contract
2026-10-07T23:23:14.8618574Z [361/725] [firefox] › tests/browser/editor.spec.ts:3903:1 › pastes mixed nested HTML lists without flattening their hierarchy
2026-10-07T23:23:15.4985939Z [362/725] [firefox] › tests/browser/editor.spec.ts:3926:1 › wraps, indents, lifts, and exits lists through browser-visible commands and keys
2026-10-07T23:23:15.9444844Z [363/725] [firefox] › tests/browser/editor.spec.ts:3956:1 › edits bidirectional and deeply nested text by logical document positions
2026-10-07T23:23:16.5018202Z [364/725] [firefox] › tests/browser/editor.spec.ts:3983:1 › moves a selected top-level block through native drag data
2026-10-07T23:23:17.1565624Z [365/725] [firefox] › tests/browser/editor.spec.ts:4001:1 › shows a host-replaceable drop cursor for inline text and atomic block targets
2026-10-07T23:23:17.6557443Z [366/725] [firefox] › tests/browser/editor.spec.ts:4062:1 › reorders nested blocks with accessible controls, drop indicators, drag, and undo
2026-10-07T23:23:18.8449542Z [367/725] [firefox] › tests/browser/editor.spec.ts:4137:1 › shows one structural block target across paragraphs, headings, lists, tables, media, and custom nodes
2026-10-07T23:23:20.1385776Z [368/725] [firefox] › tests/browser/editor.spec.ts:4233:1 › replaces a DOM selection that crosses block boundaries
2026-10-07T23:23:21.1500185Z [369/725] [firefox] › tests/browser/editor.spec.ts:4272:1 › keeps a visible editable paragraph after a terminal non-text block
2026-10-07T23:23:22.0514856Z [370/725] [firefox] › tests/browser/editor.spec.ts:4294:1 › uses Ctrl+A as an explicit all-document selection and replaces the document
2026-10-07T23:23:22.8456161Z [371/725] [firefox] › tests/browser/editor.spec.ts:4306:1 › selects and deletes a block image through real pointer and keyboard input
2026-10-07T23:23:22.8721697Z [372/725] [firefox] › tests/browser/editor.spec.ts:4329:1 › edits, aligns, resizes, and undoes a production image through accessible controls
2026-10-07T23:23:24.1058387Z [373/725] [firefox] › tests/browser/editor.spec.ts:4385:1 › inserts and removes a true inline image without breaking surrounding text
2026-10-07T23:23:24.2662922Z [374/725] [firefox] › tests/browser/editor.spec.ts:4403:1 › tracks and cancels browser-native image upload tasks
2026-10-07T23:23:25.0531033Z [375/725] [firefox] › tests/browser/editor.spec.ts:4443:1 › extends and replaces a rectangular cell selection through real pointer input
2026-10-07T23:23:25.3033049Z [376/725] [firefox] › tests/browser/editor.spec.ts:4471:1 › keeps mixed-format links intact through backward selection typing and history
2026-10-07T23:23:26.1904707Z [377/725] [firefox] › tests/browser/editor.spec.ts:4503:1 › reaches overflowing code by keyboard and leaves it without modifying the document
2026-10-07T23:23:26.3819245Z [378/725] [firefox] › tests/browser/editor.spec.ts:4549:1 › pastes into tab-focused code through Chromium clipboard without changing the previous paragraph
2026-10-07T23:23:26.8000786Z [379/725] [firefox] › tests/browser/editor.spec.ts:4573:1 › announces table resize values through real keyboard, pointer and history workflows
2026-10-07T23:23:27.7013537Z [380/725] [firefox] › tests/browser/editor.spec.ts:4626:1 › edits merged tables, resizes columns, toggles headers, and exchanges spreadsheet grids
2026-10-07T23:23:28.4745712Z [381/725] [firefox] › tests/browser/editor.spec.ts:4699:1 › keeps normal paste while offering bounded editor-local clipboard slots
2026-10-07T23:23:28.7855227Z [382/725] [firefox] › tests/browser/editor.spec.ts:4738:1 › renders and types into a structural gap as a new block
2026-10-07T23:23:29.5029989Z [383/725] [firefox] › tests/browser/editor.spec.ts:4750:1 › edits Lean without a mandatory server and renders transient provider diagnostics
2026-10-07T23:23:29.7271941Z [384/725] [firefox] › tests/browser/editor.spec.ts:4777:1 › keeps custom NodeViews live across updates and mapped moves while containing their DOM
2026-10-07T23:23:30.5425582Z [385/725] [firefox] › tests/browser/editor.spec.ts:4814:1 › loads the public React playground without console or page errors
2026-10-07T23:23:32.0216238Z [386/725] [firefox] › tests/browser/editor.spec.ts:4839:1 › publishes actionable extension authoring, conformance, and doctor guidance
2026-10-07T23:23:32.8291888Z [387/725] [firefox] › tests/browser/editor.spec.ts:4857:1 › pairs the optional AI demo with developer recipes for every public workflow
2026-10-07T23:23:33.4393173Z [388/725] [firefox] › tests/browser/editor.spec.ts:4878:1 › runs the public two-editor collaboration demo with presence and author-local undo
2026-10-07T23:23:34.7017950Z [389/725] [firefox] › tests/browser/editor.spec.ts:4945:1 › replaces both live collaboration documents without remounting the public editors
2026-10-07T23:23:37.1505105Z [390/725] [firefox] › tests/browser/editor.spec.ts:5004:1 › merges nested collaborative settings through the public two-editor demo
2026-10-07T23:23:37.5134882Z [391/725] [firefox] › tests/browser/editor.spec.ts:5023:1 › keeps headline phrases together and makes full-page navigation explicit
2026-10-07T23:23:39.5067494Z [392/725] [firefox] › tests/browser/editor.spec.ts:5048:1 › runs shared threaded comments through the public provider-neutral review panel
2026-10-07T23:23:40.4393281Z [393/725] [firefox] › tests/browser/editor.spec.ts:5105:1 › uses package-backed mentions, emoji, typography, and live counting in the public React playground
2026-10-07T23:23:42.7036575Z [394/725] [firefox] › tests/browser/editor.spec.ts:5166:1 › runs grouped default and product slash commands in the public React playground
2026-10-07T23:23:44.0043519Z [395/725] [firefox] › tests/browser/editor.spec.ts:5197:1 › runs accessible bubble and floating menus in the public React playground
2026-10-07T23:23:46.8908314Z [396/725] [firefox] › tests/browser/editor.spec.ts:5239:1 › composes and keyboard-navigates the public toolbar by stable group and action IDs
2026-10-07T23:23:46.9628887Z [397/725] [firefox] › tests/browser/editor.spec.ts:5276:1 › applies the complete text-style suite through the public React toolbar
2026-10-07T23:23:49.4479967Z [398/725] [firefox] › tests/browser/editor.spec.ts:5337:1 › uses the public React image workflow for metadata, alignment, and replacement
2026-10-07T23:23:51.2495352Z [399/725] [firefox] › tests/browser/editor.spec.ts:5381:1 › opens and cancels public configuration panels with keyboard focus and exact document retention
2026-10-07T23:23:53.2909142Z [400/725] [firefox] › tests/browser/editor.spec.ts:5499:1 › keeps the public native colour field focused while formatting selected text and allows undo in the editor
2026-10-07T23:23:55.2801064Z [401/725] [firefox] › tests/browser/editor.spec.ts:5526:1 › keeps table configuration labels legible on pointer hover
2026-10-07T23:23:58.0495775Z [402/725] [firefox] › tests/browser/editor.spec.ts:5565:1 › creates and edits a link through the public React toolbar
2026-10-07T23:24:01.2907214Z [403/725] [firefox] › tests/browser/editor.spec.ts:5596:1 › toggles a selected block through the public React list controls
2026-10-07T23:24:01.5004808Z [404/725] [firefox] › tests/browser/editor.spec.ts:5611:1 › edits code language and line numbers through the public React toolbar
2026-10-07T23:24:03.9964825Z [405/725] [firefox] › tests/browser/editor.spec.ts:5630:1 › opens the searchable clipboard-history picker in the public React toolbar
2026-10-07T23:24:04.5406656Z [406/725] [firefox] › tests/browser/editor.spec.ts:5663:1 › keeps the public outline stable, hierarchical, active, and navigable
2026-10-07T23:24:07.1695841Z [407/725] [firefox] › tests/browser/editor.spec.ts:5688:1 › exposes and explicitly cleans invisible text in the public playground
2026-10-07T23:24:08.8689991Z [408/725] [firefox] › tests/browser/editor.spec.ts:5729:1 › runs the public plain-DOM first-class widget demo
2026-10-07T23:24:11.3219667Z [409/725] [firefox] › tests/browser/editor.spec.ts:5776:1 › runs the public React first-class widget demo without losing control focus
2026-10-07T23:24:12.0062429Z [410/725] [firefox] › tests/browser/editor.spec.ts:5814:1 › makes the quote control discoverable and toggles an existing quote in the Java workflow demo
2026-10-07T23:24:13.4676971Z [411/725] [firefox] › tests/browser/editor.spec.ts:5828:1 › retains table captions and reports their projected association in the conversion demo
2026-10-07T23:24:14.6054510Z [412/725] [firefox] › tests/browser/editor.spec.ts:5845:1 › preserves complex figure content in the public Markdown conversion demo
2026-10-07T23:24:15.9825088Z [413/725] [firefox] › tests/browser/editor.spec.ts:5863:1 › runs the public headless Markdown, LaTeX, and server HTML pipeline
2026-10-07T23:24:17.0534866Z [414/725] [firefox] › tests/browser/editor.spec.ts:5934:1 › records native DOCX viewer disagreements without certifying math fidelity
2026-10-07T23:24:19.9247694Z [415/725] [firefox] › tests/browser/editor.spec.ts:5939:1 › checks actual DOCX retention beside an independent viewer without hiding its header omission
2026-10-07T23:24:22.4734868Z [416/725] [firefox] › tests/browser/editor.spec.ts:6055:1 › renders real KaTeX while reporting published-equation and trust failures without source loss
2026-10-07T23:24:23.7505123Z [417/725] [firefox] › tests/browser/editor.spec.ts:6086:1 › edits multiline math without losing line breaks, descriptions, or undo history
2026-10-07T23:24:24.2168424Z [418/725] [firefox] › tests/browser/editor.spec.ts:6123:1 › renders and inserts native math in the public DOM integration
2026-10-07T23:24:26.5491240Z [419/725] [firefox] › tests/browser/editor.spec.ts:6180:1 › makes table sizing, complete deletion, insertion gaps, and highlight colours explicit in the public demo
2026-10-07T23:24:26.6126782Z [420/725] [firefox] › tests/browser/editor.spec.ts:6228:1 › keeps rich and multiline paste structurally predictable in the public editor
2026-10-07T23:24:29.0204889Z [421/725] [firefox] › tests/browser/editor.spec.ts:6301:1 › round-trips a Fountain multi-block selection through Chromium clipboard HTML
2026-10-07T23:24:29.3490768Z [422/725] [firefox] › tests/browser/editor.spec.ts:6368:1 › round-trips an extension-owned Fountain atom through the Chromium clipboard
2026-10-07T23:24:29.5093354Z [423/725] [firefox] › tests/browser/editor.spec.ts:6417:1 › round-trips a complex whole Fountain document through the Chromium clipboard exactly
2026-10-07T23:24:30.5113283Z [424/725] [firefox] › tests/browser/editor.spec.ts:6504:1 › copies clean semantic Fountain HTML into an external browser editor
2026-10-07T23:24:30.6120749Z [425/725] [firefox] › tests/browser/editor.spec.ts:6559:1 › copies readable Fountain text into a plain-text external editor
2026-10-07T23:24:31.0173293Z [426/725] [firefox] › tests/browser/editor.spec.ts:6618:1 › copies math to external rich and plain-text editors without renderer controls
2026-10-07T23:24:31.0188186Z [427/725] [firefox] › tests/browser/editor.spec.ts:6663:1 › renders repeated empty paragraphs and removes each visible line
2026-10-07T23:24:33.2268866Z [428/725] [firefox] › tests/browser/editor.spec.ts:6693:1 › undoes and redoes real typing with both common browser keyboard chords
2026-10-07T23:24:34.3444719Z [429/725] [firefox] › tests/browser/editor.spec.ts:6710:1 › keeps a backward DOM selection backward after model synchronization
2026-10-07T23:24:34.7796995Z [430/725] [firefox] › tests/browser/editor.spec.ts:6734:1 › preserves a backward selection made with real keyboard input
2026-10-07T23:24:35.2657158Z [431/725] [firefox] › tests/browser/editor.spec.ts:6749:1 › replaces a backward selection made by a real reverse pointer drag
2026-10-07T23:24:36.1827774Z [432/725] [firefox] › tests/browser/editor.spec.ts:6785:1 › turns multi-format and multi-block selections into visible paragraph boundaries
2026-10-07T23:24:36.5719049Z [433/725] [firefox] › tests/browser/editor.spec.ts:6843:1 › visibly splits and joins ordinary paragraphs with both deletion directions
2026-10-07T23:24:37.8222122Z [434/725] [firefox] › tests/browser/editor.spec.ts:6868:1 › deletes an adjacent inline atom without eating surrounding text
2026-10-07T23:24:37.8689322Z [435/725] [firefox] › tests/browser/editor.spec.ts:6898:1 › unwraps and exits an inserted quote with ordinary browser keys
2026-10-07T23:24:39.1286199Z [436/725] [firefox] › tests/browser/editor.spec.ts:6927:1 › publishes semantic selection controls and table interaction in the demo gallery
2026-10-07T23:24:40.7415093Z [437/725] [firefox] › tests/browser/editor.spec.ts:6944:1 › runs campaign images, native media and safe embeds through Angular with honest upload boundaries
2026-10-07T23:24:41.2615304Z [438/725] [firefox] › tests/browser/editor.spec.ts:7021:1 › uses the public React media workflow for native playback, provider-gated embeds, and asset uploads
2026-10-07T23:24:44.4428790Z [439/725] [firefox] › tests/browser/editor.spec.ts:7066:1 › streams an optional AI proposal outside the document until review is ready
2026-10-07T23:24:46.3991659Z [440/725] [firefox] › tests/browser/editor.spec.ts:7091:1 › preserves whitespace when an AI proposal ends at a formatting boundary
2026-10-07T23:24:47.3008766Z [441/725] [firefox] › tests/browser/editor.spec.ts:7106:1 › runs a host-owned multi-turn AI conversation with reusable prompts and clear confirmation
2026-10-07T23:24:49.8299658Z [442/725] [firefox] › tests/browser/editor.spec.ts:7134:1 › reviews generated media before the normal host upload inserts one undoable node
2026-10-07T23:24:50.7992905Z [443/725] [firefox] › tests/browser/editor.spec.ts:7160:1 › reviews a schema-aware agent tool proposal before one-step apply and undo
2026-10-07T23:24:53.2944829Z [444/725] [firefox] › tests/browser/editor.spec.ts:7185:1 › keeps a 1,000-block input update local and paints within budget
2026-10-07T23:24:53.3304777Z [445/725] [firefox] › tests/browser/editor.spec.ts:7206:1 › virtualizes 100,000 blocks while preserving scrolling, distant selection, IME, and copy
2026-10-07T23:24:54.6917731Z [446/725] [firefox] › tests/browser/editor.spec.ts:7264:1 › exports rich tables as HTML Markdown and exposes the compatibility note
2026-10-07T23:24:56.6384685Z [447/725] [firefox] › tests/browser/editor.spec.ts:7286:1 › HTML comments do not insert phantom paragraphs in converted Markdown
2026-10-07T23:24:57.0095761Z [448/725] [firefox] › tests/browser/editor.spec.ts:7298:1 › imported table section order matches the physically rendered source table
2026-10-07T23:24:59.1032484Z [449/725] [firefox] › tests/browser/editor.spec.ts:7329:1 › imports zero-rowspan cells with the same row-group geometry in server and browser
2026-10-07T23:25:01.4619650Z [450/725] [firefox] › tests/browser/editor.spec.ts:7360:1 › reconstructs HTML tables across Markdown block boundaries
2026-10-07T23:25:02.2284231Z [451/725] [firefox] › tests/browser/editor.spec.ts:7381:1 › applies surrounding HTML formatting without replacing Markdown block content
2026-10-07T23:25:03.8634889Z [452/725] [firefox] › tests/browser/editor.spec.ts:7394:1 › converts raw HTML blocks only when the headless demo option is enabled
2026-10-07T23:25:04.6143509Z [453/725] [firefox] › tests/browser/editor.spec.ts:7410:1 › projects inline HTML around Markdown nodes only with explicit opt-in and visible fallback
2026-10-07T23:25:06.1975378Z [454/725] [firefox] › tests/browser/editor.spec.ts:7435:1 › shows specific discarded HTML and rejected URL losses in both conversion surfaces
2026-10-07T23:25:09.4646561Z [455/725] [webkit] › tests/browser/editor.spec.ts:42:3 › inserts table columns on the physical left and right: ltr
2026-10-07T23:25:10.9557092Z [456/725] [webkit] › tests/browser/editor.spec.ts:42:3 › inserts table columns on the physical left and right: rtl-cell-ltr
2026-10-07T23:25:14.6006672Z [457/725] [webkit] › tests/browser/editor.spec.ts:42:3 › inserts table columns on the physical left and right: auto
2026-10-07T23:25:16.5606864Z [458/725] [webkit] › tests/browser/editor.spec.ts:42:3 › inserts table columns on the physical left and right: host-css
2026-10-07T23:25:20.0381195Z [459/725] [webkit] › tests/browser/editor.spec.ts:42:3 › inserts table columns on the physical left and right: rtl-spans
2026-10-07T23:25:21.9341043Z [460/725] [webkit] › tests/browser/editor.spec.ts:47:1 › retains structural RTL against native source through author controls, physical table editing and downloaded HTML
2026-10-07T23:25:25.2321771Z [461/725] [webkit] › tests/browser/editor.spec.ts:51:1 › imports inherited inline alignment against a native surface and keeps it through real editing and downloaded HTML
2026-10-07T23:25:28.8877213Z [462/725] [webkit] › tests/browser/editor.spec.ts:55:1 › compares list-first code text-click focus and editing to a plain native surface
2026-10-07T23:25:30.5097954Z [463/725] [webkit] › tests/browser/editor.spec.ts:59:1 › retains a shared automatic section direction through first-strong-text editing, history and reader preview
2026-10-07T23:25:31.7310918Z [464/725] [webkit] › tests/browser/editor.spec.ts:63:1 › authors physical-left alignment under an RTL host and inherited-auto reader with history
2026-10-07T23:25:37.3356350Z [465/725] [webkit] › tests/browser/editor.spec.ts:67:1 › edits RTL blocks with native keyboard selection, direction controls, Enter history and HTML reader export
2026-10-07T23:25:37.4614590Z [466/725] [webkit] › tests/browser/editor.spec.ts:71:1 › separates the homepage framework descenders from the italic extend line
2026-10-07T23:25:42.2655639Z [467/725] [webkit] › tests/browser/editor.spec.ts:90:1 › keeps consecutive marked quoted and table blank lines visible in reader and saved HTML
2026-10-07T23:25:44.2656127Z [468/725] [webkit] › tests/browser/editor.spec.ts:94:1 › fills and reopens a retained childless paragraph using real pointer typing Enter Backspace and undo
2026-10-07T23:25:51.7634390Z [469/725] [webkit] › tests/browser/editor.spec.ts:98:1 › edits structured inert block wrappers with actual table navigation Enter Backspace history and safe reopening
2026-10-07T23:25:53.0684399Z [470/725] [webkit] › tests/browser/editor.spec.ts:102:1 › retains HTML link navigation and literal Markdown data through real editing and reopening
2026-10-07T23:26:05.6502391Z [471/725] [webkit] › tests/browser/editor.spec.ts:106:1 › edits inert script style textarea source with real Enter Backspace history and safe reader reopening
2026-10-07T23:26:10.7917076Z [472/725] [webkit] › tests/browser/editor.spec.ts:110:1 › retains unfinished raw HTML as editable Markdown source and discloses direct HTML omissions
2026-10-07T23:26:16.1772956Z [473/725] [webkit] › tests/browser/editor.spec.ts:114:1 › preserves registered inert inline source through real typing history and Markdown HTML JSON reopening
2026-10-07T23:26:18.6400624Z [474/725] [webkit] › tests/browser/editor.spec.ts:118:1 › preserves immutable snapshots and owned attributes through real typing Enter history and JSON reopening
2026-10-07T23:26:20.4381202Z [475/725] [webkit] › tests/browser/editor.spec.ts:122:1 › imports private files in the conversion lab with reports and export reopen
2026-10-07T23:26:27.5648455Z [476/725] [webkit] › tests/browser/editor.spec.ts:126:1 › resolves unequal Markdown runs through actual selection editing history download and reader reopen
2026-10-07T23:26:27.8434979Z [477/725] [webkit] › tests/browser/editor.spec.ts:131:3 › retains partial Markdown em scope through real typing history and canonical reopening
2026-10-07T23:26:29.7955415Z [478/725] [webkit] › tests/browser/editor.spec.ts:131:3 › retains partial Markdown strong scope through real typing history and canonical reopening
2026-10-07T23:26:31.7019330Z [479/725] [webkit] › tests/browser/editor.spec.ts:136:1 › submits resets and disables a native form-associated Web Component
2026-10-07T23:26:33.4425030Z [480/725] [webkit] › tests/browser/editor.spec.ts:140:1 › converts document-wide HTML scopes with source edit undo and explicit layout differences
2026-10-07T23:26:35.9383221Z [481/725] [webkit] › tests/browser/editor.spec.ts:144:1 › preserves inert HTML comments through human editing source and reader output
2026-10-07T23:26:39.6266573Z [482/725] [webkit] › tests/browser/editor.spec.ts:148:1 › copies anonymous flow internally and into an external plain-text editor through real clipboard
2026-10-07T23:26:43.7065050Z [483/725] [webkit] › tests/browser/editor.spec.ts:153:1 › retains cleared anonymous flow through real cut save reopen and continued editing
2026-10-07T23:26:49.4005629Z [484/725] [webkit] › tests/browser/editor.spec.ts:157:1 › retains anonymous HTML flow without extra spacing through real typing Enter deletion and reader output
2026-10-07T23:26:50.6912017Z [485/725] [webkit] › tests/browser/editor.spec.ts:161:1 › retains literal flow newlines through actual Markdown export and source reimport
2026-10-07T23:26:55.9061875Z [486/725] [webkit] › tests/browser/editor.spec.ts:165:1 › edits protected Markdown images and dividers inside HTML sections through history and reopening
2026-10-07T23:26:58.7898212Z [487/725] [webkit] › tests/browser/editor.spec.ts:169:1 › edits protected Markdown tables inside HTML sections through cell navigation history and reopening
2026-10-07T23:27:03.6254745Z [488/725] [webkit] › tests/browser/editor.spec.ts:173:1 › authors sections with properties, empty content, undo and reader preview
2026-10-07T23:27:07.9438182Z [489/725] [webkit] › tests/browser/editor.spec.ts:177:1 › preserves optional section containers through real editing and reader output
2026-10-07T23:27:12.3274592Z [490/725] [webkit] › tests/browser/editor.spec.ts:181:1 › edits and reopens a Word glossary with term and description roles
2026-10-07T23:27:14.1396464Z [491/725] [webkit] › tests/browser/editor.spec.ts:185:1 › imports and edits Word content controls without losing visible content
2026-10-07T23:27:20.1265431Z [492/725] [webkit] › tests/browser/editor.spec.ts:207:1 › preserves code endings through source recovery and reader handoff
2026-10-07T23:27:21.6608165Z [493/725] [webkit] › tests/browser/editor.spec.ts:211:1 › edits definition lists and reopens a glossary in a reader
2026-10-07T23:27:27.3101064Z [494/725] [webkit] › tests/browser/editor.spec.ts:215:1 › edits registered HTML wrappers after Markdown source recovery
2026-10-07T23:27:27.8054959Z [495/725] [webkit] › tests/browser/editor.spec.ts:219:1 › retains the complete document through pointer and keyboard output-format changes
2026-10-07T23:27:29.3902089Z [496/725] [webkit] › tests/browser/editor.spec.ts:223:1 › recovers nested Markdown lists and quotes through an editor and reader
2026-10-07T23:27:38.8544759Z [497/725] [webkit] › tests/browser/editor.spec.ts:227:1 › edits opaque code labels and reopens them safely in a reader
2026-10-07T23:27:44.7607126Z [498/725] [webkit] › tests/browser/editor.spec.ts:232:1 › guards editor actions against page reloads without suppressing failures
2026-10-07T23:27:44.8267252Z [499/725] [webkit] › tests/browser/editor.spec.ts:242:1 › recovers paragraph HTML into editable blocks and a reopened reader
2026-10-07T23:27:46.0824924Z [500/725] [webkit] › tests/browser/editor.spec.ts:246:1 › reads separate retired paragraphs after Markdown HTML scope conversion and handoff
2026-10-07T23:27:51.3220421Z [501/725] [webkit] › tests/browser/editor.spec.ts:250:1 › preserves headerless and mixed tables through source and file handoff
2026-10-07T23:27:56.8368752Z [502/725] [webkit] › tests/browser/editor.spec.ts:254:1 › retains HTML block formatting through server import, paste and draft handoff
2026-10-07T23:28:04.6908567Z [503/725] [webkit] › tests/browser/editor.spec.ts:258:1 › discovers product workflows and preserves separate task drafts and histories
2026-10-07T23:28:10.2588860Z [504/725] [webkit] › tests/browser/editor.spec.ts:262:1 › retains escaped pipes and strikethrough through table edits and Markdown handoff
2026-10-07T23:28:15.6550591Z [505/725] [webkit] › tests/browser/editor.spec.ts:266:1 › retains literal text lines through editing and Markdown handoff
2026-10-07T23:28:17.2223514Z [506/725] [webkit] › tests/browser/editor.spec.ts:270:1 › keeps literal syntax unformatted through visual edits and Markdown reopen
2026-10-07T23:28:20.1157661Z [507/725] [webkit] › tests/browser/editor.spec.ts:274:1 › chooses literal address import and retains links through DOCX handoff
2026-10-07T23:28:21.3417713Z [508/725] [webkit] › tests/browser/editor.spec.ts:278:1 › writes and reopens an issue with visual Markdown source fidelity and reader preview
2026-10-07T23:28:27.9088919Z [509/725] [webkit] › tests/browser/editor.spec.ts:282:1 › issue workflow preserves root references and validates local image files
2026-10-07T23:28:31.1404765Z [510/725] [webkit] › tests/browser/editor.spec.ts:314:1 › issue workflow preserves reference prefixes and reports container fallback
2026-10-07T23:28:31.8290837Z [511/725] [webkit] › tests/browser/editor.spec.ts:338:1 › reopens a full HTML report without promoting page metadata into editor content
2026-10-07T23:28:34.2702000Z [512/725] [webkit] › tests/browser/editor.spec.ts:342:1 › matches native document parsing for HTML envelopes, recovery, and noscript
2026-10-07T23:28:35.7966820Z [513/725] [webkit] › tests/browser/editor.spec.ts:356:1 › aligns selected paragraphs using backward selection, toolbar, history and HTML export
2026-10-07T23:28:37.0411631Z [514/725] [webkit] › tests/browser/editor.spec.ts:360:1 › exports independent DOCX list starts and renders the same procedure beside the editor
2026-10-07T23:28:39.2614367Z [515/725] [webkit] › tests/browser/editor.spec.ts:364:1 › retains zero-based list numbers through keyboard outdent history and export
2026-10-07T23:28:42.3689497Z [516/725] [webkit] › tests/browser/editor.spec.ts:368:1 › imports ordered-list starts like the native browser integer parser
2026-10-07T23:28:44.2570324Z [517/725] [webkit] › tests/browser/editor.spec.ts:382:1 › uses first-party Angular signals and directive for campaign editing and owner cleanup
2026-10-07T23:28:45.0596172Z [518/725] [webkit] › tests/browser/editor.spec.ts:386:1 › disposes Svelte custom block views before their owned engine
2026-10-07T23:28:46.5662490Z [519/725] [webkit] › tests/browser/editor.spec.ts:395:1 › uses first-party Svelte bindings for table editing, history, stores and owner disposal
2026-10-07T23:28:54.1854941Z [520/725] [webkit] › tests/browser/editor.spec.ts:399:1 › uses first-party Vue bindings for editing, reactive state, history and view remounts
2026-10-07T23:28:54.2289246Z [521/725] [webkit] › tests/browser/editor.spec.ts:403:1 › keeps real SVG equation links inside paged snapshots across editing and rebuilding
2026-10-07T23:28:59.2225804Z [522/725] [webkit] › tests/browser/editor.spec.ts:407:1 › saves and reopens equation files with source, references and history intact
2026-10-07T23:29:02.9494313Z [523/725] [webkit] › tests/browser/editor.spec.ts:411:1 › recovers from textless replacement for native typing, lines and history
2026-10-07T23:29:05.0240960Z [524/725] [webkit] › tests/browser/editor.spec.ts:415:1 › renders labelled equations and reader links through real editing and recovery
2026-10-07T23:29:06.2304936Z [525/725] [webkit] › tests/browser/editor.spec.ts:419:1 › keeps moved math source attached to its formula through native editing, undo, and export
2026-10-07T23:29:09.7092396Z [526/725] [webkit] › tests/browser/editor.spec.ts:423:1 › imports the published TeX table with visible losses and editable numeric values
2026-10-07T23:29:12.0271117Z [527/725] [webkit] › tests/browser/editor.spec.ts:507:1 › keeps comparison names separate from their copy in a mobile desktop-site viewport
2026-10-07T23:29:13.1074922Z [528/725] [webkit] › tests/browser/editor.spec.ts:535:1 › renders, edits, and measures portable page intent in a real browser
2026-10-07T23:29:14.0865042Z [529/725] [webkit] › tests/browser/editor.spec.ts:604:1 › measures browser line boxes, list items, rowspan groups, and footnotes as legal page fragments
2026-10-07T23:29:14.2409076Z [530/725] [webkit] › tests/browser/editor.spec.ts:698:1 › continues measured long footnotes through editable and print page projections
2026-10-07T23:29:15.1868758Z [531/725] [webkit] › tests/browser/editor.spec.ts:806:1 › prints a mixed repeated-footnote, merged-table, and manual-break document without loss
2026-10-07T23:29:16.7259447Z [532/725] [webkit] › tests/browser/editor.spec.ts:914:1 › paginates imported styled semantic HTML without structural or PDF text loss
2026-10-07T23:29:17.5653805Z [533/725] [webkit] › tests/browser/editor.spec.ts:1059:1 › uses a host print renderer without moving or exposing live custom DOM
2026-10-07T23:29:18.1309690Z [534/725] [webkit] › tests/browser/editor.spec.ts:1082:1 › projects exact A4 and Letter print sheets in every browser engine
2026-10-07T23:29:18.6962809Z [535/725] [webkit] › tests/browser/editor.spec.ts:1199:1 › emits exact A4 and Letter PDF pages for every projected sheet in Chromium
2026-10-07T23:29:19.1069639Z [536/725] [webkit] › tests/browser/editor.spec.ts:1239:1 › keeps 1,000-block pagination reflow local to the changed block
2026-10-07T23:29:19.6435003Z [537/725] [webkit] › tests/browser/editor.spec.ts:1251:1 › bounds alternating edge reflow across 5,000 rendered page blocks
2026-10-07T23:29:20.4589989Z [538/725] [webkit] › tests/browser/editor.spec.ts:1274:1 › keeps 5,000 unchanged page blocks cached through leading insertion and removal
2026-10-07T23:29:22.2109724Z [539/725] [webkit] › tests/browser/editor.spec.ts:1300:1 › edits, selects, and composes across guarded page shells in one contenteditable
2026-10-07T23:29:22.6259021Z [540/725] [webkit] › tests/browser/editor.spec.ts:1376:1 › keeps one paragraph editable when its measured lines span page shells
2026-10-07T23:29:23.8100962Z [541/725] [webkit] › tests/browser/editor.spec.ts:1503:1 › maps carets, ranges, and composition around injected paragraph page gaps
2026-10-07T23:29:24.4534975Z [542/725] [webkit] › tests/browser/editor.spec.ts:1607:1 › keeps one canonical ordered list editable and numbered across page shells
2026-10-07T23:29:25.3724771Z [543/725] [webkit] › tests/browser/editor.spec.ts:1742:52 › honours explicit table repetition independently of cell roles (ordinary)
2026-10-07T23:29:26.4859833Z [544/725] [webkit] › tests/browser/editor.spec.ts:1742:52 › honours explicit table repetition independently of cell roles (off)
2026-10-07T23:29:28.2607956Z [545/725] [webkit] › tests/browser/editor.spec.ts:1775:1 › keeps one canonical table editable with repeated headers across page shells
2026-10-07T23:29:28.7795287Z [546/725] [webkit] › tests/browser/editor.spec.ts:1925:1 › keeps merged header and body rowspans intact across editable table pages
2026-10-07T23:29:30.5541659Z [547/725] [webkit] › tests/browser/editor.spec.ts:1991:1 › reports an oversized table row without clipping or splitting its editable model
2026-10-07T23:29:30.8724828Z [548/725] [webkit] › tests/browser/editor.spec.ts:2033:1 › keeps canonical page furniture and footnotes editable while projecting every page copy
2026-10-07T23:29:32.2635115Z [549/725] [webkit] › tests/browser/editor.spec.ts:2118:1 › keeps code, media, disclosures, and custom atoms canonical across editable pages
2026-10-07T23:29:33.4713274Z [550/725] [webkit] › tests/browser/editor.spec.ts:2253:1 › keeps tracked review and Yjs live between list items split across pages
2026-10-07T23:29:34.7512588Z [551/725] [webkit] › tests/browser/editor.spec.ts:2319:1 › keeps tracked review and Yjs live between table rows split across pages
2026-10-07T23:29:35.9884723Z [552/725] [webkit] › tests/browser/editor.spec.ts:2396:13 › keeps comments attached and synchronized inside a continued list
2026-10-07T23:29:37.5064911Z [553/725] [webkit] › tests/browser/editor.spec.ts:2396:13 › keeps comments attached and synchronized inside a continued table
2026-10-07T23:29:38.3145959Z [554/725] [webkit] › tests/browser/editor.spec.ts:2450:1 › keeps tracked review and Yjs live inside a paragraph split across pages
2026-10-07T23:29:39.4524051Z [555/725] [webkit] › tests/browser/editor.spec.ts:2511:1 › keeps tracked review and Yjs collaboration live across automatic page boundaries
2026-10-07T23:29:40.9959009Z [556/725] [webkit] › tests/browser/editor.spec.ts:2586:1 › tracks real browser insertion and replacement with reversible review decisions
2026-10-07T23:29:41.5738045Z [557/725] [webkit] › tests/browser/editor.spec.ts:2615:1 › runs the package-backed full-text tracked review panel
2026-10-07T23:29:42.1875625Z [558/725] [webkit] › tests/browser/editor.spec.ts:2633:1 › runs package-backed named versions, exact comparison, preview, and guarded restoration
2026-10-07T23:29:44.3590271Z [559/725] [webkit] › tests/browser/editor.spec.ts:2663:1 › edits and persists package-backed collapsible details in the public playground
2026-10-07T23:29:45.7279327Z [560/725] [webkit] › tests/browser/editor.spec.ts:2689:1 › edits semantic ruby annotations through the package-backed public playground
2026-10-07T23:29:48.1539331Z [561/725] [webkit] › tests/browser/editor.spec.ts:2719:1 › converges live and offline Yjs edits and keeps collaborative undo author-local
2026-10-07T23:29:49.5135019Z [562/725] [webkit] › tests/browser/editor.spec.ts:2748:1 › runs reference links, recursive blocks, rich tables, and loss reports in a real browser
2026-10-07T23:29:49.7274048Z [563/725] [webkit] › tests/browser/editor.spec.ts:2773:1 › round-trips variable-delimiter Markdown code spans in the browser package
2026-10-07T23:29:50.5665353Z [564/725] [webkit] › tests/browser/editor.spec.ts:3341:1 › types, deletes, and undoes inside imported empty documents, quotes, and list items
2026-10-07T23:29:50.8571884Z [565/725] [webkit] › tests/browser/editor.spec.ts:3371:1 › round-trips marker-relative list containers and exact code whitespace
2026-10-07T23:29:51.8160849Z [566/725] [webkit] › tests/browser/editor.spec.ts:3415:1 › preserves raw Markdown and inert frontmatter through the browser package
2026-10-07T23:29:52.7260812Z [567/725] [webkit] › tests/browser/editor.spec.ts:3441:1 › edits through real beforeinput events and undoes a Markdown input rule
2026-10-07T23:29:53.8068333Z [568/725] [webkit] › tests/browser/editor.spec.ts:3455:1 › groups adjacent browser typing and respects explicit undo boundaries
2026-10-07T23:29:55.0148591Z [569/725] [webkit] › tests/browser/editor.spec.ts:3476:3 › preserves replacement formatting across subsequent typing input
2026-10-07T23:29:56.1583614Z [570/725] [webkit] › tests/browser/editor.spec.ts:3476:3 › preserves replacement formatting across subsequent composition input
2026-10-07T23:29:56.6475234Z [571/725] [webkit] › tests/browser/editor.spec.ts:3507:1 › commits cross-browser composition sequences once and supports replacement input
2026-10-07T23:29:57.2058342Z [572/725] [webkit] › tests/browser/editor.spec.ts:3539:1 › maps decorations through typing without persisting widget content
2026-10-07T23:29:57.6287548Z [573/725] [webkit] › tests/browser/editor.spec.ts:3554:1 › highlights editable code and updates language metadata through public commands
2026-10-07T23:29:58.2696765Z [574/725] [webkit] › tests/browser/editor.spec.ts:3584:1 › runs a view-focused chain and checks it without preview side effects
2026-10-07T23:29:58.6361959Z [575/725] [webkit] › tests/browser/editor.spec.ts:3605:1 › applies every configured paste-rule match through a browser paste event
2026-10-07T23:29:59.1943342Z [576/725] [webkit] › tests/browser/editor.spec.ts:3623:1 › autolinks, safely activates, edits, and removes links in a real browser
2026-10-07T23:29:59.6684540Z [577/725] [webkit] › tests/browser/editor.spec.ts:3654:1 › preserves structured rich HTML from a real browser clipboard event
2026-10-07T23:30:00.4885129Z [578/725] [webkit] › tests/browser/editor.spec.ts:3675:1 › pastes unwrapped inline HTML without dropping surrounding text or formatting
2026-10-07T23:30:00.5944172Z [579/725] [webkit] › tests/browser/editor.spec.ts:3696:1 › honors strict raw HTML token boundaries in the public Markdown pipeline
2026-10-07T23:30:01.4424837Z [580/725] [webkit] › tests/browser/editor.spec.ts:3713:1 › pastes unfamiliar HTML wrappers without flattening headings, paragraphs, or lists
2026-10-07T23:30:02.7096954Z [581/725] [webkit] › tests/browser/editor.spec.ts:3733:1 › pastes structured table cells and edits separate paragraphs without flattening nested blocks
2026-10-07T23:30:03.2273083Z [582/725] [webkit] › tests/browser/editor.spec.ts:3756:1 › retains standalone non-collapsible Unicode text during rich paste
2026-10-07T23:30:04.2105955Z [583/725] [webkit] › tests/browser/editor.spec.ts:3773:1 › pastes empty formatting and applies it to subsequently typed text
2026-10-07T23:30:04.3074803Z [584/725] [webkit] › tests/browser/editor.spec.ts:3797:57 › pastes and edits list-first code without inventing a blank paragraph
2026-10-07T23:30:05.3414622Z [585/725] [webkit] › tests/browser/editor.spec.ts:3797:57 › pastes and edits list-first code without inventing a blank paragraph from its label area
2026-10-07T23:30:06.4908543Z [586/725] [webkit] › tests/browser/editor.spec.ts:3825:1 › normalizes representative Word, Docs, and Excel clipboard payloads in every browser engine
2026-10-07T23:30:06.8635696Z [587/725] [webkit] › tests/browser/editor.spec.ts:3878:1 › imports an extension-defined HTML node through the schema contract
2026-10-07T23:30:07.8488320Z [588/725] [webkit] › tests/browser/editor.spec.ts:3903:1 › pastes mixed nested HTML lists without flattening their hierarchy
2026-10-07T23:30:07.9942423Z [589/725] [webkit] › tests/browser/editor.spec.ts:3926:1 › wraps, indents, lifts, and exits lists through browser-visible commands and keys
2026-10-07T23:30:08.7367849Z [590/725] [webkit] › tests/browser/editor.spec.ts:3956:1 › edits bidirectional and deeply nested text by logical document positions
2026-10-07T23:30:09.0163801Z [591/725] [webkit] › tests/browser/editor.spec.ts:3983:1 › moves a selected top-level block through native drag data
2026-10-07T23:30:09.7014821Z [592/725] [webkit] › tests/browser/editor.spec.ts:4001:1 › shows a host-replaceable drop cursor for inline text and atomic block targets
2026-10-07T23:30:10.1115508Z [593/725] [webkit] › tests/browser/editor.spec.ts:4062:1 › reorders nested blocks with accessible controls, drop indicators, drag, and undo
2026-10-07T23:30:10.5531103Z [594/725] [webkit] › tests/browser/editor.spec.ts:4137:1 › shows one structural block target across paragraphs, headings, lists, tables, media, and custom nodes
2026-10-07T23:30:11.5568151Z [595/725] [webkit] › tests/browser/editor.spec.ts:4233:1 › replaces a DOM selection that crosses block boundaries
2026-10-07T23:30:12.3914822Z [596/725] [webkit] › tests/browser/editor.spec.ts:4272:1 › keeps a visible editable paragraph after a terminal non-text block
2026-10-07T23:30:13.4238139Z [597/725] [webkit] › tests/browser/editor.spec.ts:4294:1 › uses Ctrl+A as an explicit all-document selection and replaces the document
2026-10-07T23:30:13.4248990Z [598/725] [webkit] › tests/browser/editor.spec.ts:4306:1 › selects and deletes a block image through real pointer and keyboard input
2026-10-07T23:30:14.4824523Z [599/725] [webkit] › tests/browser/editor.spec.ts:4329:1 › edits, aligns, resizes, and undoes a production image through accessible controls
2026-10-07T23:30:15.1805031Z [600/725] [webkit] › tests/browser/editor.spec.ts:4385:1 › inserts and removes a true inline image without breaking surrounding text
2026-10-07T23:30:16.1423287Z [601/725] [webkit] › tests/browser/editor.spec.ts:4403:1 › tracks and cancels browser-native image upload tasks
2026-10-07T23:30:16.2391804Z [602/725] [webkit] › tests/browser/editor.spec.ts:4443:1 › extends and replaces a rectangular cell selection through real pointer input
2026-10-07T23:30:17.1018060Z [603/725] [webkit] › tests/browser/editor.spec.ts:4471:1 › keeps mixed-format links intact through backward selection typing and history
2026-10-07T23:30:17.6555147Z [604/725] [webkit] › tests/browser/editor.spec.ts:4503:1 › reaches overflowing code by keyboard and leaves it without modifying the document
2026-10-07T23:30:18.5070322Z [605/725] [webkit] › tests/browser/editor.spec.ts:4549:1 › pastes into tab-focused code through Chromium clipboard without changing the previous paragraph
2026-10-07T23:30:18.8536414Z [606/725] [webkit] › tests/browser/editor.spec.ts:4573:1 › announces table resize values through real keyboard, pointer and history workflows
2026-10-07T23:30:18.8540285Z [607/725] [webkit] › tests/browser/editor.spec.ts:4626:1 › edits merged tables, resizes columns, toggles headers, and exchanges spreadsheet grids
2026-10-07T23:30:19.9891040Z [608/725] [webkit] › tests/browser/editor.spec.ts:4699:1 › keeps normal paste while offering bounded editor-local clipboard slots
2026-10-07T23:30:20.7257202Z [609/725] [webkit] › tests/browser/editor.spec.ts:4738:1 › renders and types into a structural gap as a new block
2026-10-07T23:30:21.1938511Z [610/725] [webkit] › tests/browser/editor.spec.ts:4750:1 › edits Lean without a mandatory server and renders transient provider diagnostics
2026-10-07T23:30:21.6773601Z [611/725] [webkit] › tests/browser/editor.spec.ts:4777:1 › keeps custom NodeViews live across updates and mapped moves while containing their DOM
2026-10-07T23:30:22.2174707Z [612/725] [webkit] › tests/browser/editor.spec.ts:4814:1 › loads the public React playground without console or page errors
2026-10-07T23:30:22.8388777Z [613/725] [webkit] › tests/browser/editor.spec.ts:4839:1 › publishes actionable extension authoring, conformance, and doctor guidance
2026-10-07T23:30:24.1397742Z [614/725] [webkit] › tests/browser/editor.spec.ts:4857:1 › pairs the optional AI demo with developer recipes for every public workflow
2026-10-07T23:30:24.3565130Z [615/725] [webkit] › tests/browser/editor.spec.ts:4878:1 › runs the public two-editor collaboration demo with presence and author-local undo
2026-10-07T23:30:25.9437069Z [616/725] [webkit] › tests/browser/editor.spec.ts:4945:1 › replaces both live collaboration documents without remounting the public editors
2026-10-07T23:30:27.2557577Z [617/725] [webkit] › tests/browser/editor.spec.ts:5004:1 › merges nested collaborative settings through the public two-editor demo
2026-10-07T23:30:29.7127707Z [618/725] [webkit] › tests/browser/editor.spec.ts:5023:1 › keeps headline phrases together and makes full-page navigation explicit
2026-10-07T23:30:30.8616239Z [619/725] [webkit] › tests/browser/editor.spec.ts:5048:1 › runs shared threaded comments through the public provider-neutral review panel
2026-10-07T23:30:32.8024562Z [620/725] [webkit] › tests/browser/editor.spec.ts:5105:1 › uses package-backed mentions, emoji, typography, and live counting in the public React playground
2026-10-07T23:30:36.0919290Z [621/725] [webkit] › tests/browser/editor.spec.ts:5166:1 › runs grouped default and product slash commands in the public React playground
2026-10-07T23:30:36.2795233Z [622/725] [webkit] › tests/browser/editor.spec.ts:5197:1 › runs accessible bubble and floating menus in the public React playground
2026-10-07T23:30:40.9738657Z [623/725] [webkit] › tests/browser/editor.spec.ts:5239:1 › composes and keyboard-navigates the public toolbar by stable group and action IDs
2026-10-07T23:30:41.1860608Z [624/725] [webkit] › tests/browser/editor.spec.ts:5276:1 › applies the complete text-style suite through the public React toolbar
2026-10-07T23:30:44.4923792Z [625/725] [webkit] › tests/browser/editor.spec.ts:5337:1 › uses the public React image workflow for metadata, alignment, and replacement
2026-10-07T23:30:48.5413811Z [626/725] [webkit] › tests/browser/editor.spec.ts:5381:1 › opens and cancels public configuration panels with keyboard focus and exact document retention
2026-10-07T23:30:50.2386779Z [627/725] [webkit] › tests/browser/editor.spec.ts:5499:1 › keeps the public native colour field focused while formatting selected text and allows undo in the editor
2026-10-07T23:30:53.7323784Z [628/725] [webkit] › tests/browser/editor.spec.ts:5526:1 › keeps table configuration labels legible on pointer hover
2026-10-07T23:30:59.6099105Z [629/725] [webkit] › tests/browser/editor.spec.ts:5565:1 › creates and edits a link through the public React toolbar
2026-10-07T23:31:05.1107286Z [630/725] [webkit] › tests/browser/editor.spec.ts:5596:1 › toggles a selected block through the public React list controls
2026-10-07T23:31:05.3146101Z [631/725] [webkit] › tests/browser/editor.spec.ts:5611:1 › edits code language and line numbers through the public React toolbar
2026-10-07T23:31:08.4664454Z [632/725] [webkit] › tests/browser/editor.spec.ts:5630:1 › opens the searchable clipboard-history picker in the public React toolbar
2026-10-07T23:31:09.6699243Z [633/725] [webkit] › tests/browser/editor.spec.ts:5663:1 › keeps the public outline stable, hierarchical, active, and navigable
2026-10-07T23:31:11.6369034Z [634/725] [webkit] › tests/browser/editor.spec.ts:5688:1 › exposes and explicitly cleans invisible text in the public playground
2026-10-07T23:31:12.7711874Z [635/725] [webkit] › tests/browser/editor.spec.ts:5729:1 › runs the public plain-DOM first-class widget demo
2026-10-07T23:31:15.7370244Z [636/725] [webkit] › tests/browser/editor.spec.ts:5776:1 › runs the public React first-class widget demo without losing control focus
2026-10-07T23:31:17.2519790Z [637/725] [webkit] › tests/browser/editor.spec.ts:5814:1 › makes the quote control discoverable and toggles an existing quote in the Java workflow demo
2026-10-07T23:31:18.7611133Z [638/725] [webkit] › tests/browser/editor.spec.ts:5828:1 › retains table captions and reports their projected association in the conversion demo
2026-10-07T23:31:20.1954735Z [639/725] [webkit] › tests/browser/editor.spec.ts:5845:1 › preserves complex figure content in the public Markdown conversion demo
2026-10-07T23:31:22.5519033Z [640/725] [webkit] › tests/browser/editor.spec.ts:5863:1 › runs the public headless Markdown, LaTeX, and server HTML pipeline
2026-10-07T23:31:23.8776491Z [641/725] [webkit] › tests/browser/editor.spec.ts:5934:1 › records native DOCX viewer disagreements without certifying math fidelity
2026-10-07T23:31:29.3783778Z [642/725] [webkit] › tests/browser/editor.spec.ts:5939:1 › checks actual DOCX retention beside an independent viewer without hiding its header omission
2026-10-07T23:31:31.9908227Z [643/725] [webkit] › tests/browser/editor.spec.ts:6055:1 › renders real KaTeX while reporting published-equation and trust failures without source loss
2026-10-07T23:31:33.1244818Z [644/725] [webkit] › tests/browser/editor.spec.ts:6086:1 › edits multiline math without losing line breaks, descriptions, or undo history
2026-10-07T23:31:33.7984669Z [645/725] [webkit] › tests/browser/editor.spec.ts:6123:1 › renders and inserts native math in the public DOM integration
2026-10-07T23:31:36.2053886Z [646/725] [webkit] › tests/browser/editor.spec.ts:6180:1 › makes table sizing, complete deletion, insertion gaps, and highlight colours explicit in the public demo
2026-10-07T23:31:37.0606671Z [647/725] [webkit] › tests/browser/editor.spec.ts:6228:1 › keeps rich and multiline paste structurally predictable in the public editor
2026-10-07T23:31:39.4604639Z [648/725] [webkit] › tests/browser/editor.spec.ts:6301:1 › round-trips a Fountain multi-block selection through Chromium clipboard HTML
2026-10-07T23:31:39.9530750Z [649/725] [webkit] › tests/browser/editor.spec.ts:6368:1 › round-trips an extension-owned Fountain atom through the Chromium clipboard
2026-10-07T23:31:40.7554207Z [650/725] [webkit] › tests/browser/editor.spec.ts:6417:1 › round-trips a complex whole Fountain document through the Chromium clipboard exactly
2026-10-07T23:31:41.1603219Z [651/725] [webkit] › tests/browser/editor.spec.ts:6504:1 › copies clean semantic Fountain HTML into an external browser editor
2026-10-07T23:31:41.5412836Z [652/725] [webkit] › tests/browser/editor.spec.ts:6559:1 › copies readable Fountain text into a plain-text external editor
2026-10-07T23:31:41.6351482Z [653/725] [webkit] › tests/browser/editor.spec.ts:6618:1 › copies math to external rich and plain-text editors without renderer controls
2026-10-07T23:31:41.9627563Z [654/725] [webkit] › tests/browser/editor.spec.ts:6663:1 › renders repeated empty paragraphs and removes each visible line
2026-10-07T23:31:41.9667064Z [655/725] [webkit] › tests/browser/editor.spec.ts:6693:1 › undoes and redoes real typing with both common browser keyboard chords
2026-10-07T23:31:43.0450823Z [656/725] [webkit] › tests/browser/editor.spec.ts:6710:1 › keeps a backward DOM selection backward after model synchronization
2026-10-07T23:31:44.0080294Z [657/725] [webkit] › tests/browser/editor.spec.ts:6734:1 › preserves a backward selection made with real keyboard input
2026-10-07T23:31:44.0164604Z [658/725] [webkit] › tests/browser/editor.spec.ts:6749:1 › replaces a backward selection made by a real reverse pointer drag
2026-10-07T23:31:45.0954752Z [659/725] [webkit] › tests/browser/editor.spec.ts:6785:1 › turns multi-format and multi-block selections into visible paragraph boundaries
2026-10-07T23:31:45.1757319Z [660/725] [webkit] › tests/browser/editor.spec.ts:6843:1 › visibly splits and joins ordinary paragraphs with both deletion directions
2026-10-07T23:31:46.4229198Z [661/725] [webkit] › tests/browser/editor.spec.ts:6868:1 › deletes an adjacent inline atom without eating surrounding text
2026-10-07T23:31:46.4829545Z [662/725] [webkit] › tests/browser/editor.spec.ts:6898:1 › unwraps and exits an inserted quote with ordinary browser keys
2026-10-07T23:31:47.3017670Z [663/725] [webkit] › tests/browser/editor.spec.ts:6927:1 › publishes semantic selection controls and table interaction in the demo gallery
2026-10-07T23:31:49.4695354Z [664/725] [webkit] › tests/browser/editor.spec.ts:6944:1 › runs campaign images, native media and safe embeds through Angular with honest upload boundaries
2026-10-07T23:31:50.0785319Z [665/725] [webkit] › tests/browser/editor.spec.ts:7021:1 › uses the public React media workflow for native playback, provider-gated embeds, and asset uploads
2026-10-07T23:31:54.1376797Z [666/725] [webkit] › tests/browser/editor.spec.ts:7066:1 › streams an optional AI proposal outside the document until review is ready
2026-10-07T23:31:58.3097132Z [667/725] [webkit] › tests/browser/editor.spec.ts:7091:1 › preserves whitespace when an AI proposal ends at a formatting boundary
2026-10-07T23:31:58.5943814Z [668/725] [webkit] › tests/browser/editor.spec.ts:7106:1 › runs a host-owned multi-turn AI conversation with reusable prompts and clear confirmation
2026-10-07T23:32:03.0294441Z [669/725] [webkit] › tests/browser/editor.spec.ts:7134:1 › reviews generated media before the normal host upload inserts one undoable node
2026-10-07T23:32:04.6390957Z [670/725] [webkit] › tests/browser/editor.spec.ts:7160:1 › reviews a schema-aware agent tool proposal before one-step apply and undo
2026-10-07T23:32:08.1764196Z [671/725] [webkit] › tests/browser/editor.spec.ts:7185:1 › keeps a 1,000-block input update local and paints within budget
2026-10-07T23:32:08.8115271Z [672/725] [webkit] › tests/browser/editor.spec.ts:7206:1 › virtualizes 100,000 blocks while preserving scrolling, distant selection, IME, and copy
2026-10-07T23:32:09.6674215Z [673/725] [webkit] › tests/browser/editor.spec.ts:7264:1 › exports rich tables as HTML Markdown and exposes the compatibility note
2026-10-07T23:32:11.3880307Z [674/725] [webkit] › tests/browser/editor.spec.ts:7286:1 › HTML comments do not insert phantom paragraphs in converted Markdown
2026-10-07T23:32:13.2077758Z [675/725] [webkit] › tests/browser/editor.spec.ts:7298:1 › imported table section order matches the physically rendered source table
2026-10-07T23:32:14.0575687Z [676/725] [webkit] › tests/browser/editor.spec.ts:7329:1 › imports zero-rowspan cells with the same row-group geometry in server and browser
2026-10-07T23:32:16.5424850Z [677/725] [webkit] › tests/browser/editor.spec.ts:7360:1 › reconstructs HTML tables across Markdown block boundaries
2026-10-07T23:32:17.7476858Z [678/725] [webkit] › tests/browser/editor.spec.ts:7381:1 › applies surrounding HTML formatting without replacing Markdown block content
2026-10-07T23:32:19.6605236Z [679/725] [webkit] › tests/browser/editor.spec.ts:7394:1 › converts raw HTML blocks only when the headless demo option is enabled
2026-10-07T23:32:20.5577363Z [680/725] [webkit] › tests/browser/editor.spec.ts:7410:1 › projects inline HTML around Markdown nodes only with explicit opt-in and visible fallback
2026-10-07T23:32:22.8981893Z [681/725] [webkit] › tests/browser/editor.spec.ts:7435:1 › shows specific discarded HTML and rejected URL losses in both conversion surfaces
2026-10-07T23:32:25.1406619Z [682/725] [mobile-chrome] › tests/browser/mobile.spec.ts:4:1 › submits resets and disables a native form-associated Web Component on mobile
2026-10-07T23:32:27.0945026Z [683/725] [mobile-chrome] › tests/browser/mobile.spec.ts:9:1 › uses Angular campaign controls on a touch viewport and preserves history across view remount
2026-10-07T23:32:27.1234219Z [684/725] [mobile-chrome] › tests/browser/mobile.spec.ts:36:1 › uses the real Svelte report on a touch viewport with retained edits and history
2026-10-07T23:32:28.9191417Z [685/725] [mobile-chrome] › tests/browser/mobile.spec.ts:66:1 › uses the real Vue runbook on a touch viewport without losing task state
2026-10-07T23:32:30.4337312Z [686/725] [mobile-chrome] › tests/browser/mobile.spec.ts:89:1 › handles virtual-keyboard replacement, composition, deletion, and history input
2026-10-07T23:32:31.2933838Z [687/725] [mobile-chrome] › tests/browser/mobile.spec.ts:128:1 › shows every empty line created and removed by repeated mobile Enter and Backspace
2026-10-07T23:32:31.3615646Z [688/725] [mobile-chrome] › tests/browser/mobile.spec.ts:155:1 › inserts and updates native math from the phone controls
2026-10-07T23:32:32.5804981Z [689/725] [mobile-chrome] › tests/browser/mobile.spec.ts:169:1 › keeps Word export and re-import understandable on a phone viewport
2026-10-07T23:32:32.6759548Z [690/725] [mobile-chrome] › tests/browser/mobile.spec.ts:190:1 › keeps editable page content continuous on a narrow screen
2026-10-07T23:32:33.5054363Z [691/725] [mobile-chrome] › tests/browser/mobile.spec.ts:213:1 › preserves split-paragraph selection and composition through mobile page fallback
2026-10-07T23:32:34.1356703Z [692/725] [mobile-chrome] › tests/browser/mobile.spec.ts:321:1 › keeps the public editor usable without horizontal overflow at a phone viewport
2026-10-07T23:32:34.4354698Z [693/725] [mobile-chrome] › tests/browser/mobile.spec.ts:343:1 › keeps the closing promise in four intentional mobile phrases
2026-10-07T23:32:35.5349795Z [694/725] [mobile-chrome] › tests/browser/mobile.spec.ts:376:1 › keeps tracked review complete and touch-operable on a phone viewport
2026-10-07T23:32:35.5556065Z [695/725] [mobile-chrome] › tests/browser/mobile.spec.ts:394:1 › keeps complete version names and guarded restore touch-operable on a phone
2026-10-07T23:32:36.9186564Z [696/725] [mobile-chrome] › tests/browser/mobile.spec.ts:413:1 › keeps native collapsible details readable and touch-operable on a phone
2026-10-07T23:32:37.0147941Z [697/725] [mobile-chrome] › tests/browser/mobile.spec.ts:428:1 › keeps ruby annotation editing touch-operable and inside the phone viewport
2026-10-07T23:32:38.2593919Z [698/725] [mobile-chrome] › tests/browser/mobile.spec.ts:449:1 › keeps the suggestion picker visible and touch-selectable on a phone viewport
2026-10-07T23:32:38.6546637Z [699/725] [mobile-chrome] › tests/browser/mobile.spec.ts:496:1 › keeps contextual menus reachable and touch-selectable on a phone viewport
2026-10-07T23:32:40.6375235Z [700/725] [mobile-chrome] › tests/browser/mobile.spec.ts:546:1 › keeps a composed icon toolbar reachable and touch-operable on a phone viewport
2026-10-07T23:32:40.6790862Z [701/725] [mobile-chrome] › tests/browser/mobile.spec.ts:568:1 › keeps the complete text-style panel usable without mobile page overflow
2026-10-07T23:32:42.3067133Z [702/725] [mobile-chrome] › tests/browser/mobile.spec.ts:590:1 › exposes touch-sized block movement controls without page overflow
2026-10-07T23:32:42.4058814Z [703/725] [mobile-chrome] › tests/browser/mobile.spec.ts:607:1 › keeps a 100,000-block virtual document bounded on mobile engines
2026-10-07T23:32:44.0904983Z [704/725] [mobile-safari] › tests/browser/mobile.spec.ts:4:1 › submits resets and disables a native form-associated Web Component on mobile
2026-10-07T23:32:44.2195276Z [705/725] [mobile-safari] › tests/browser/mobile.spec.ts:9:1 › uses Angular campaign controls on a touch viewport and preserves history across view remount
2026-10-07T23:32:47.9189264Z [706/725] [mobile-safari] › tests/browser/mobile.spec.ts:36:1 › uses the real Svelte report on a touch viewport with retained edits and history
2026-10-07T23:32:50.2152946Z [707/725] [mobile-safari] › tests/browser/mobile.spec.ts:66:1 › uses the real Vue runbook on a touch viewport without losing task state
2026-10-07T23:32:51.7047059Z [708/725] [mobile-safari] › tests/browser/mobile.spec.ts:89:1 › handles virtual-keyboard replacement, composition, deletion, and history input
2026-10-07T23:32:52.6370264Z [709/725] [mobile-safari] › tests/browser/mobile.spec.ts:128:1 › shows every empty line created and removed by repeated mobile Enter and Backspace
2026-10-07T23:32:53.1736972Z [710/725] [mobile-safari] › tests/browser/mobile.spec.ts:155:1 › inserts and updates native math from the phone controls
2026-10-07T23:32:54.2121474Z [711/725] [mobile-safari] › tests/browser/mobile.spec.ts:169:1 › keeps Word export and re-import understandable on a phone viewport
2026-10-07T23:32:55.0046100Z [712/725] [mobile-safari] › tests/browser/mobile.spec.ts:190:1 › keeps editable page content continuous on a narrow screen
2026-10-07T23:32:56.0413463Z [713/725] [mobile-safari] › tests/browser/mobile.spec.ts:213:1 › preserves split-paragraph selection and composition through mobile page fallback
2026-10-07T23:32:56.7612912Z [714/725] [mobile-safari] › tests/browser/mobile.spec.ts:321:1 › keeps the public editor usable without horizontal overflow at a phone viewport
2026-10-07T23:32:57.4584271Z [715/725] [mobile-safari] › tests/browser/mobile.spec.ts:343:1 › keeps the closing promise in four intentional mobile phrases
2026-10-07T23:32:59.0824179Z [716/725] [mobile-safari] › tests/browser/mobile.spec.ts:376:1 › keeps tracked review complete and touch-operable on a phone viewport
2026-10-07T23:32:59.1856242Z [717/725] [mobile-safari] › tests/browser/mobile.spec.ts:394:1 › keeps complete version names and guarded restore touch-operable on a phone
2026-10-07T23:33:01.5470800Z [718/725] [mobile-safari] › tests/browser/mobile.spec.ts:413:1 › keeps native collapsible details readable and touch-operable on a phone
2026-10-07T23:33:01.5568251Z [719/725] [mobile-safari] › tests/browser/mobile.spec.ts:428:1 › keeps ruby annotation editing touch-operable and inside the phone viewport
2026-10-07T23:33:03.5676933Z [720/725] [mobile-safari] › tests/browser/mobile.spec.ts:449:1 › keeps the suggestion picker visible and touch-selectable on a phone viewport
2026-10-07T23:33:04.5958555Z [721/725] [mobile-safari] › tests/browser/mobile.spec.ts:496:1 › keeps contextual menus reachable and touch-selectable on a phone viewport
2026-10-07T23:33:07.6113853Z [722/725] [mobile-safari] › tests/browser/mobile.spec.ts:546:1 › keeps a composed icon toolbar reachable and touch-operable on a phone viewport
2026-10-07T23:33:09.3652241Z [723/725] [mobile-safari] › tests/browser/mobile.spec.ts:568:1 › keeps the complete text-style panel usable without mobile page overflow
2026-10-07T23:33:10.7057848Z [724/725] [mobile-safari] › tests/browser/mobile.spec.ts:590:1 › exposes touch-sized block movement controls without page overflow
2026-10-07T23:33:13.0138727Z [725/725] [mobile-safari] › tests/browser/mobile.spec.ts:607:1 › keeps a 100,000-block virtual document bounded on mobile engines
2026-10-07T23:33:15.1643560Z   16 skipped
2026-10-07T23:33:15.1643816Z   709 passed (17.7m)
2026-10-07T23:33:15.8001457Z ##[group]Run actions/upload-artifact@v4
2026-10-07T23:33:15.8001637Z with:
2026-10-07T23:33:15.8001781Z   name: direction-and-document-focus-evidence
2026-10-07T23:33:15.8004784Z   path: test-results/**/rtl-*.png
test-results/**/comment-editor-*.png
test-results/**/comment-reader-*.png
test-results/**/native-colour-mapped-selection.png
test-results/**/native-rtl-selection-baseline.json
test-results/**/inherited-auto-explicit-left-reader.png
test-results/**/word-reopened-explicit-left-reader.png
test-results/**/explicit-left.docx
test-results/**/auto-container-*.png
test-results/**/code-click-*.png
test-results/**/code-click-native-focus.json
test-results/**/code-click-native-baseline.json
test-results/**/inherited-alignment-*.png
test-results/**/native-inline-alignment.json
test-results/**/rtl-structural-observations.json
test-results/**/table-side-*.png
test-results/**/table-side-observations.json
structural-direction-preflight-results/**/rtl-*.png
structural-direction-preflight-results/**/rtl-structural-observations.json
structural-direction-preflight-results/**/inherited-alignment-*.png
structural-direction-preflight-results/**/native-inline-alignment.json
structural-direction-preflight-results/**/auto-container-*.png
structural-direction-preflight-results/**/table-side-*.png
structural-direction-preflight-results/**/table-side-observations.json

2026-10-07T23:33:15.8007149Z   if-no-files-found: ignore
2026-10-07T23:33:15.8007284Z   retention-days: 7
2026-10-07T23:33:15.8007404Z   compression-level: 6
2026-10-07T23:33:15.8007530Z   overwrite: false
2026-10-07T23:33:15.8007658Z   include-hidden-files: false
2026-10-07T23:33:15.8007800Z env:
2026-10-07T23:33:15.8007943Z   PNPM_HOME: /home/runner/setup-pnpm/node_modules/.bin
2026-10-07T23:33:15.8008113Z ##[endgroup]
2026-10-07T23:33:15.9183770Z (node:36221) [DEP0040] DeprecationWarning: The `punycode` module is deprecated. Please use a userland alternative instead.
2026-10-07T23:33:15.9184486Z (Use `node --trace-deprecation ...` to show where the warning was created)
2026-10-07T23:33:16.0612554Z Multiple search paths detected. Calculating the least common ancestor of all paths
2026-10-07T23:33:16.0614293Z The least common ancestor is /home/runner/work/fountainjs/fountainjs. This will be the root directory of the artifact
2026-10-07T23:33:16.0614862Z With the provided path, there will be 273 files uploaded
2026-10-07T23:33:16.0618140Z Artifact name is valid!
2026-10-07T23:33:16.0618543Z Root directory input is valid!
2026-10-07T23:33:16.3355645Z Beginning upload of artifact content to blob storage
2026-10-07T23:33:16.5577889Z (node:36221) [DEP0169] DeprecationWarning: `url.parse()` behavior is not standardized and prone to errors that have security implications. Use the WHATWG URL API instead. CVEs are not issued for `url.parse()` vulnerabilities.
2026-10-07T23:33:17.0543295Z Uploaded bytes 5295877
2026-10-07T23:33:17.0998740Z Finished uploading artifact content to blob storage!
2026-10-07T23:33:17.0999583Z SHA256 digest of uploaded artifact zip is 49c239372ea177221dd2d00c59277918aa5e107dc7db4b194b16d09bf53ab699
2026-10-07T23:33:17.1000079Z Finalizing artifact upload
2026-10-07T23:33:17.3413856Z Artifact direction-and-document-focus-evidence.zip successfully finalized. Artifact ID 11517957529
2026-10-07T23:33:17.3414490Z Artifact direction-and-document-focus-evidence has been successfully uploaded! Final size is 5295877 bytes. Artifact ID is 11517957529
2026-10-07T23:33:17.3415017Z Artifact download URL: https://github.com/eddolo/fountainjs/actions/runs/37700907927/artifacts/11517957529
2026-10-07T23:33:17.3617210Z ##[group]Run actions/upload-artifact@v4
2026-10-07T23:33:17.3617400Z with:
2026-10-07T23:33:17.3617530Z   name: docx-math-viewer-diagnostics
2026-10-07T23:33:17.3618754Z   path: test-results/**/viewer-observations.json
test-results/**/equations-side-by-side.png
test-results/**/edited-equations.png
test-results/**/edited-compound-equations.png
test-results/**/fallback-equations.png
test-results/**/restored-equations.png
test-results/**/experimental-equations.docx
test-results/**/edited-equations.docx
test-results/**/edited-compound-equations.docx
test-results/**/fallback-equations.docx
test-results/**/restored-equations.docx
test-results/**/reopened-equations.png
test-results/**/changed-equation-refused.png
test-results/**/externally-changed-equations.docx

2026-10-07T23:33:17.3619929Z   if-no-files-found: ignore
2026-10-07T23:33:17.3620067Z   retention-days: 7
2026-10-07T23:33:17.3620195Z   compression-level: 6
2026-10-07T23:33:17.3620330Z   overwrite: false
2026-10-07T23:33:17.3620513Z   include-hidden-files: false
2026-10-07T23:33:17.3620655Z env:
2026-10-07T23:33:17.3620798Z   PNPM_HOME: /home/runner/setup-pnpm/node_modules/.bin
2026-10-07T23:33:17.3620982Z ##[endgroup]
2026-10-07T23:33:17.4756611Z (node:36233) [DEP0040] DeprecationWarning: The `punycode` module is deprecated. Please use a userland alternative instead.
2026-10-07T23:33:17.4757072Z (Use `node --trace-deprecation ...` to show where the warning was created)
2026-10-07T23:33:17.5779811Z With the provided path, there will be 42 files uploaded
2026-10-07T23:33:17.5783802Z Artifact name is valid!
2026-10-07T23:33:17.5784431Z Root directory input is valid!
2026-10-07T23:33:17.8455676Z Beginning upload of artifact content to blob storage
2026-10-07T23:33:17.9938324Z (node:36233) [DEP0169] DeprecationWarning: `url.parse()` behavior is not standardized and prone to errors that have security implications. Use the WHATWG URL API instead. CVEs are not issued for `url.parse()` vulnerabilities.
2026-10-07T23:33:18.4515332Z Uploaded bytes 5145568
2026-10-07T23:33:18.4938508Z Finished uploading artifact content to blob storage!
2026-10-07T23:33:18.4939191Z SHA256 digest of uploaded artifact zip is 3e8124794b390b4be843c4bb381cbda75890e05f07e154f2f9b5b099b897aefd
2026-10-07T23:33:18.4939895Z Finalizing artifact upload
2026-10-07T23:33:18.7148324Z Artifact docx-math-viewer-diagnostics.zip successfully finalized. Artifact ID 11518706122
2026-10-07T23:33:18.7149197Z Artifact docx-math-viewer-diagnostics has been successfully uploaded! Final size is 5145568 bytes. Artifact ID is 11518706122
2026-10-07T23:33:18.7153258Z Artifact download URL: https://github.com/eddolo/fountainjs/actions/runs/37700907927/artifacts/11518706122
2026-10-07T23:33:18.7301253Z Post job cleanup.
2026-10-07T23:33:18.8128396Z (node:36246) [DEP0040] DeprecationWarning: The `punycode` module is deprecated. Please use a userland alternative instead.
2026-10-07T23:33:18.8128860Z (Use `node --trace-deprecation ...` to show where the warning was created)
2026-10-07T23:33:18.8130398Z Cache hit occurred on the primary key node-cache-Linux-x64-pnpm-fd849381c36c47c9fa715e7759caf3b24b3c25e63e57449d26448df099a8c870, not saving cache.
2026-10-07T23:33:18.8232374Z Post job cleanup.
2026-10-07T23:33:18.9157838Z Pruning is unnecessary.
2026-10-07T23:33:18.9267186Z Post job cleanup.
2026-10-07T23:33:18.9839245Z [command]/usr/bin/git version
2026-10-07T23:33:18.9869649Z git version 2.55.0
2026-10-07T23:33:18.9892109Z Temporarily overriding HOME='/home/runner/work/_temp/6a51b45f-5e5a-4988-b35c-b2131c123d5a' before making global git config changes
2026-10-07T23:33:18.9892950Z Adding repository directory to the temporary git global config as a safe directory
2026-10-07T23:33:18.9895975Z [command]/usr/bin/git config --global --add safe.directory /home/runner/work/fountainjs/fountainjs
2026-10-07T23:33:18.9930088Z [command]/usr/bin/git config --local --name-only --get-regexp core\.sshCommand
2026-10-07T23:33:18.9953552Z [command]/usr/bin/git submodule foreach --recursive sh -c "git config --local --name-only --get-regexp 'core\.sshCommand' && git config --local --unset-all 'core.sshCommand' || :"
2026-10-07T23:33:19.0138177Z [command]/usr/bin/git config --local --name-only --get-regexp http\.https\:\/\/github\.com\/\.extraheader
2026-10-07T23:33:19.0165368Z http.https://github.com/.extraheader
2026-10-07T23:33:19.0176789Z [command]/usr/bin/git config --local --unset-all http.https://github.com/.extraheader
2026-10-07T23:33:19.0207187Z [command]/usr/bin/git submodule foreach --recursive sh -c "git config --local --name-only --get-regexp 'http\.https\:\/\/github\.com\/\.extraheader' && git config --local --unset-all 'http.https://github.com/.extraheader' || :"
2026-10-07T23:33:19.0410322Z [command]/usr/bin/git config --local --name-only --get-regexp ^includeIf\.gitdir:
2026-10-07T23:33:19.0442276Z [command]/usr/bin/git submodule foreach --recursive git config --local --show-origin --name-only --get-regexp remote.origin.url
2026-10-07T23:33:19.0767763Z Cleaning up orphan processes
2026-10-07T23:33:19.1015625Z ##[warning]Node.js 20 is deprecated. The following actions target Node.js 20 but are being forced to run on Node.js 24: actions/checkout@v4, actions/setup-node@v4, actions/upload-artifact@v4, pnpm/action-setup@v4. For more information see: https://github.blog/changelog/2025-09-19-deprecation-of-node-20-on-github-actions-runners/
