2026-10-07T23:42:32.3791371Z Current runner version: '2.337.0'
2026-10-07T23:42:32.3817109Z ##[group]Runner Image Provisioner
2026-10-07T23:42:32.3818252Z Hosted Compute Agent
2026-10-07T23:42:32.3818849Z Version: 20260901.588
2026-10-07T23:42:32.3819523Z Commit: f88ec8081b781fac6c440065ac7ff9e710ce3d0b
2026-10-07T23:42:32.3820342Z Build Date: 2026-09-01T19:56:44Z
2026-10-07T23:42:32.3821076Z Worker ID: {fde1ba11-010c-4c7c-818d-eb3db7caa756}
2026-10-07T23:42:32.3821840Z Azure Region: westus
2026-10-07T23:42:32.3822709Z ##[endgroup]
2026-10-07T23:42:32.3824764Z ##[group]Operating System
2026-10-07T23:42:32.3825493Z Ubuntu
2026-10-07T23:42:32.3826021Z 24.04.5
2026-10-07T23:42:32.3826580Z LTS
2026-10-07T23:42:32.3827095Z ##[endgroup]
2026-10-07T23:42:32.3827640Z ##[group]Runner Image
2026-10-07T23:42:32.3828345Z Image: ubuntu-24.04
2026-10-07T23:42:32.3829002Z Version: 20260927.320.1
2026-10-07T23:42:32.3830313Z Included Software: https://github.com/actions/runner-images/blob/ubuntu24/20260927.320/images/ubuntu/Ubuntu2404-Readme.md
2026-10-07T23:42:32.3831840Z Image Release: https://github.com/actions/runner-images/releases/tag/ubuntu24%2F20260927.320
2026-10-07T23:42:32.3833495Z ##[endgroup]
2026-10-07T23:42:32.3834608Z ##[group]GITHUB_TOKEN Permissions
2026-10-07T23:42:32.3836776Z Contents: read
2026-10-07T23:42:32.3837421Z Metadata: read
2026-10-07T23:42:32.3838094Z ##[endgroup]
2026-10-07T23:42:32.3840137Z Secret source: Actions
2026-10-07T23:42:32.3841118Z Cache mode: write
2026-10-07T23:42:32.3841823Z Prepare workflow directory
2026-10-07T23:42:32.4180484Z Prepare all required actions
2026-10-07T23:42:32.4234346Z Getting action download info
2026-10-07T23:42:32.8243220Z Download action repository 'actions/checkout@v4' (SHA:11d5960a326750d5838078e36cf38b85af677262)
2026-10-07T23:42:32.9389714Z Download action repository 'pnpm/action-setup@v4' (SHA:b906affcce14559ad1aafd4ab0e942779e9f58b1)
2026-10-07T23:42:33.3786251Z Download action repository 'actions/setup-node@v4' (SHA:49933ea5288caeca8642d1e84afbd3f7d6820020)
2026-10-07T23:42:33.4684101Z Download action repository 'actions/setup-python@v5' (SHA:a26af69be951a213d495a4c3e4e4022e16d87065)
2026-10-07T23:42:33.5859439Z Download action repository 'oven-sh/setup-bun@v2' (SHA:0c5077e51419868618aeaa5fe8019c62421857d6)
2026-10-07T23:42:33.9228124Z Download action repository 'denoland/setup-deno@v2' (SHA:22d081ff2d3a40755e97629de92e3bcbfa7cf2ed)
2026-10-07T23:42:34.4050285Z Complete job name: verify
2026-10-07T23:42:34.5215986Z ##[group]Run actions/checkout@v4
2026-10-07T23:42:34.5217384Z with:
2026-10-07T23:42:34.5218233Z   repository: eddolo/fountainjs
2026-10-07T23:42:34.5226553Z   token: ***
2026-10-07T23:42:34.5227400Z   ssh-strict: true
2026-10-07T23:42:34.5228253Z   ssh-user: git
2026-10-07T23:42:34.5229124Z   persist-credentials: true
2026-10-07T23:42:34.5230091Z   clean: true
2026-10-07T23:42:34.5230968Z   sparse-checkout-cone-mode: true
2026-10-07T23:42:34.5232045Z   fetch-depth: 1
2026-10-07T23:42:34.5233041Z   fetch-tags: false
2026-10-07T23:42:34.5233904Z   show-progress: true
2026-10-07T23:42:34.5234811Z   lfs: false
2026-10-07T23:42:34.5235613Z   submodules: false
2026-10-07T23:42:34.5236483Z   set-safe-directory: true
2026-10-07T23:42:34.5237481Z   allow-unsafe-pr-checkout: false
2026-10-07T23:42:34.5238799Z ##[endgroup]
2026-10-07T23:42:34.6238893Z Syncing repository: eddolo/fountainjs
2026-10-07T23:42:34.6241593Z ##[group]Getting Git version info
2026-10-07T23:42:34.6243521Z Working directory is '/home/runner/work/fountainjs/fountainjs'
2026-10-07T23:42:34.6245536Z [command]/usr/bin/git version
2026-10-07T23:42:34.6327623Z git version 2.55.0
2026-10-07T23:42:34.6348863Z ##[endgroup]
2026-10-07T23:42:34.6363829Z Temporarily overriding HOME='/home/runner/work/_temp/713423e6-c83e-4027-96f7-a1c4b15b03a0' before making global git config changes
2026-10-07T23:42:34.6366636Z Adding repository directory to the temporary git global config as a safe directory
2026-10-07T23:42:34.6369545Z [command]/usr/bin/git config --global --add safe.directory /home/runner/work/fountainjs/fountainjs
2026-10-07T23:42:34.6420963Z Deleting the contents of '/home/runner/work/fountainjs/fountainjs'
2026-10-07T23:42:34.6425954Z ##[group]Initializing the repository
2026-10-07T23:42:34.6429573Z [command]/usr/bin/git init /home/runner/work/fountainjs/fountainjs
2026-10-07T23:42:34.6544585Z hint: Using 'master' as the name for the initial branch. This default branch name
2026-10-07T23:42:34.6546742Z hint: will change to "main" in Git 3.0. To configure the initial branch name
2026-10-07T23:42:34.6549293Z hint: to use in all of your new repositories, which will suppress this warning,
2026-10-07T23:42:34.6551356Z hint: call:
2026-10-07T23:42:34.6553246Z hint:
2026-10-07T23:42:34.6554596Z hint: 	git config --global init.defaultBranch <name>
2026-10-07T23:42:34.6555825Z hint:
2026-10-07T23:42:34.6557042Z hint: Names commonly chosen instead of 'master' are 'main', 'trunk' and
2026-10-07T23:42:34.6559521Z hint: 'development'. The just-created branch can be renamed via this command:
2026-10-07T23:42:34.6561029Z hint:
2026-10-07T23:42:34.6561889Z hint: 	git branch -m <name>
2026-10-07T23:42:34.6563269Z hint:
2026-10-07T23:42:34.6564647Z hint: Disable this message with "git config set advice.defaultBranchName false"
2026-10-07T23:42:34.6566762Z Initialized empty Git repository in /home/runner/work/fountainjs/fountainjs/.git/
2026-10-07T23:42:34.6569922Z [command]/usr/bin/git remote add origin https://github.com/eddolo/fountainjs
2026-10-07T23:42:34.6608848Z ##[endgroup]
2026-10-07T23:42:34.6610584Z ##[group]Disabling automatic garbage collection
2026-10-07T23:42:34.6612442Z [command]/usr/bin/git config --local gc.auto 0
2026-10-07T23:42:34.6643903Z ##[endgroup]
2026-10-07T23:42:34.6645405Z ##[group]Setting up auth
2026-10-07T23:42:34.6649828Z [command]/usr/bin/git config --local --name-only --get-regexp core\.sshCommand
2026-10-07T23:42:34.6682054Z [command]/usr/bin/git submodule foreach --recursive sh -c "git config --local --name-only --get-regexp 'core\.sshCommand' && git config --local --unset-all 'core.sshCommand' || :"
2026-10-07T23:42:34.7081091Z [command]/usr/bin/git config --local --name-only --get-regexp http\.https\:\/\/github\.com\/\.extraheader
2026-10-07T23:42:34.7113136Z [command]/usr/bin/git submodule foreach --recursive sh -c "git config --local --name-only --get-regexp 'http\.https\:\/\/github\.com\/\.extraheader' && git config --local --unset-all 'http.https://github.com/.extraheader' || :"
2026-10-07T23:42:34.7331567Z [command]/usr/bin/git config --local --name-only --get-regexp ^includeIf\.gitdir:
2026-10-07T23:42:34.7361632Z [command]/usr/bin/git submodule foreach --recursive git config --local --show-origin --name-only --get-regexp remote.origin.url
2026-10-07T23:42:34.7581839Z [command]/usr/bin/git config --local http.https://github.com/.extraheader AUTHORIZATION: basic ***
2026-10-07T23:42:34.7619788Z ##[endgroup]
2026-10-07T23:42:34.7621286Z ##[group]Fetching the repository
2026-10-07T23:42:34.7629394Z [command]/usr/bin/git -c protocol.version=2 fetch --no-tags --prune --no-recurse-submodules --depth=1 origin +b614858c4525df761bf2c3a887b4f8c168ea04b2:refs/remotes/origin/master
2026-10-07T23:42:36.3604161Z From https://github.com/eddolo/fountainjs
2026-10-07T23:42:36.3605766Z  * [new ref]         b614858c4525df761bf2c3a887b4f8c168ea04b2 -> origin/master
2026-10-07T23:42:36.3609650Z ##[endgroup]
2026-10-07T23:42:36.3610724Z ##[group]Determining the checkout info
2026-10-07T23:42:36.3612006Z ##[endgroup]
2026-10-07T23:42:36.3618286Z [command]/usr/bin/git sparse-checkout disable
2026-10-07T23:42:36.3672590Z [command]/usr/bin/git config --local --unset-all extensions.worktreeConfig
2026-10-07T23:42:36.3703147Z ##[group]Checking out the ref
2026-10-07T23:42:36.3706670Z [command]/usr/bin/git checkout --progress --force -B master refs/remotes/origin/master
2026-10-07T23:42:36.7480078Z Reset branch 'master'
2026-10-07T23:42:36.7483708Z branch 'master' set up to track 'origin/master'.
2026-10-07T23:42:36.7500471Z ##[endgroup]
2026-10-07T23:42:36.7549531Z [command]/usr/bin/git log -1 --format=%H
2026-10-07T23:42:36.7574372Z b614858c4525df761bf2c3a887b4f8c168ea04b2
2026-10-07T23:42:36.7822995Z ##[group]Run pnpm/action-setup@v4
2026-10-07T23:42:36.7823319Z with:
2026-10-07T23:42:36.7823520Z   version: 11.19.0
2026-10-07T23:42:36.7823733Z   dest: ~/setup-pnpm
2026-10-07T23:42:36.7823944Z   run_install: null
2026-10-07T23:42:36.7824154Z   cache: false
2026-10-07T23:42:36.7824374Z   cache_dependency_path: pnpm-lock.yaml
2026-10-07T23:42:36.7824658Z   package_json_file: package.json
2026-10-07T23:42:36.7824904Z   standalone: false
2026-10-07T23:42:36.7825120Z ##[endgroup]
2026-10-07T23:42:36.9480074Z ##[group]Running self-installer...
2026-10-07T23:42:37.3819485Z (node:2259) [DEP0169] DeprecationWarning: `url.parse()` behavior is not standardized and prone to errors that have security implications. Use the WHATWG URL API instead. CVEs are not issued for `url.parse()` vulnerabilities.
2026-10-07T23:42:37.3821896Z (Use `node --trace-deprecation ...` to show where the warning was created)
2026-10-07T23:42:37.5464915Z Progress: resolved 1, reused 0, downloaded 0, added 0
2026-10-07T23:42:37.5558878Z Packages: +1
2026-10-07T23:42:37.5559976Z +
2026-10-07T23:42:37.9974770Z Progress: resolved 1, reused 0, downloaded 1, added 1, done
2026-10-07T23:42:38.0289768Z 
2026-10-07T23:42:38.0290270Z dependencies:
2026-10-07T23:42:38.0290918Z + pnpm 11.19.0 (12.10.1 is available)
2026-10-07T23:42:38.0291305Z 
2026-10-07T23:42:38.0316937Z Done in 911ms
2026-10-07T23:42:38.1513356Z ##[endgroup]
2026-10-07T23:42:38.1513654Z Installation Completed!
2026-10-07T23:42:38.1697980Z ##[group]Run actions/setup-node@v4
2026-10-07T23:42:38.1698299Z with:
2026-10-07T23:42:38.1698506Z   node-version: 24
2026-10-07T23:42:38.1698742Z   cache: pnpm
2026-10-07T23:42:38.1698947Z   always-auth: false
2026-10-07T23:42:38.1699173Z   check-latest: false
2026-10-07T23:42:38.1701510Z   token: ***
2026-10-07T23:42:38.1701719Z env:
2026-10-07T23:42:38.1701978Z   PNPM_HOME: /home/runner/setup-pnpm/node_modules/.bin
2026-10-07T23:42:38.1702667Z ##[endgroup]
2026-10-07T23:42:38.3169289Z (node:2274) [DEP0040] DeprecationWarning: The `punycode` module is deprecated. Please use a userland alternative instead.
2026-10-07T23:42:38.3170212Z (Use `node --trace-deprecation ...` to show where the warning was created)
2026-10-07T23:42:38.3173059Z Found in cache @ /opt/hostedtoolcache/node/24.21.0/x64
2026-10-07T23:42:38.3180317Z ##[group]Environment details
2026-10-07T23:42:38.7551145Z node: v24.21.0
2026-10-07T23:42:38.7551867Z npm: 11.19.0
2026-10-07T23:42:38.7553220Z yarn: 1.22.22
2026-10-07T23:42:38.7554605Z ##[endgroup]
2026-10-07T23:42:38.7602895Z [command]/home/runner/setup-pnpm/node_modules/.bin/pnpm store path --silent
2026-10-07T23:42:39.3965344Z /home/runner/setup-pnpm/node_modules/.bin/store/v11
2026-10-07T23:42:39.6630675Z Cache hit for: node-cache-Linux-x64-pnpm-fd849381c36c47c9fa715e7759caf3b24b3c25e63e57449d26448df099a8c870
2026-10-07T23:42:39.6748714Z (node:2274) [DEP0169] DeprecationWarning: `url.parse()` behavior is not standardized and prone to errors that have security implications. Use the WHATWG URL API instead. CVEs are not issued for `url.parse()` vulnerabilities.
2026-10-07T23:42:40.9773366Z Received 4194304 of 143139869 (2.9%), 4.0 MBs/sec
2026-10-07T23:42:41.9755282Z Received 134217728 of 143139869 (93.8%), 64.0 MBs/sec
2026-10-07T23:42:42.2325611Z Received 143139869 of 143139869 (100.0%), 60.5 MBs/sec
2026-10-07T23:42:42.2353061Z Cache Size: ~137 MB (143139869 B)
2026-10-07T23:42:42.2467304Z [command]/usr/bin/tar -xf /home/runner/work/_temp/0062e983-ad25-40d8-a51d-57bcb9dd6880/cache.tzst -P -C /home/runner/work/fountainjs/fountainjs --use-compress-program unzstd
2026-10-07T23:42:43.9327244Z Cache restored successfully
2026-10-07T23:42:43.9398589Z Cache restored from key: node-cache-Linux-x64-pnpm-fd849381c36c47c9fa715e7759caf3b24b3c25e63e57449d26448df099a8c870
2026-10-07T23:42:43.9572800Z ##[group]Run actions/setup-python@v5
2026-10-07T23:42:43.9573126Z with:
2026-10-07T23:42:43.9573336Z   python-version: 3.13
2026-10-07T23:42:43.9573571Z   check-latest: false
2026-10-07T23:42:43.9576046Z   token: ***
2026-10-07T23:42:43.9576263Z   update-environment: true
2026-10-07T23:42:43.9576510Z   allow-prereleases: false
2026-10-07T23:42:43.9576750Z   freethreaded: false
2026-10-07T23:42:43.9576960Z env:
2026-10-07T23:42:43.9577203Z   PNPM_HOME: /home/runner/setup-pnpm/node_modules/.bin
2026-10-07T23:42:43.9577507Z ##[endgroup]
2026-10-07T23:42:44.0969726Z ##[group]Installed versions
2026-10-07T23:42:44.1129091Z (node:2327) [DEP0040] DeprecationWarning: The `punycode` module is deprecated. Please use a userland alternative instead.
2026-10-07T23:42:44.1130087Z (Use `node --trace-deprecation ...` to show where the warning was created)
2026-10-07T23:42:44.1130733Z Successfully set up CPython (3.13.15)
2026-10-07T23:42:44.1131260Z ##[endgroup]
2026-10-07T23:42:44.1254055Z ##[group]Run oven-sh/setup-bun@v2
2026-10-07T23:42:44.1254361Z with:
2026-10-07T23:42:44.1254563Z   no-cache: false
2026-10-07T23:42:44.1256858Z   token: ***
2026-10-07T23:42:44.1257063Z env:
2026-10-07T23:42:44.1257314Z   PNPM_HOME: /home/runner/setup-pnpm/node_modules/.bin
2026-10-07T23:42:44.1257716Z   pythonLocation: /opt/hostedtoolcache/Python/3.13.15/x64
2026-10-07T23:42:44.1258163Z   PKG_CONFIG_PATH: /opt/hostedtoolcache/Python/3.13.15/x64/lib/pkgconfig
2026-10-07T23:42:44.1258593Z   Python_ROOT_DIR: /opt/hostedtoolcache/Python/3.13.15/x64
2026-10-07T23:42:44.1258971Z   Python2_ROOT_DIR: /opt/hostedtoolcache/Python/3.13.15/x64
2026-10-07T23:42:44.1259342Z   Python3_ROOT_DIR: /opt/hostedtoolcache/Python/3.13.15/x64
2026-10-07T23:42:44.1259730Z   LD_LIBRARY_PATH: /opt/hostedtoolcache/Python/3.13.15/x64/lib
2026-10-07T23:42:44.1260050Z ##[endgroup]
2026-10-07T23:42:44.6588083Z Downloading a new version of Bun: https://github.com/oven-sh/bun/releases/download/bun-v1.4.2/bun-linux-x64.zip
2026-10-07T23:42:44.9847685Z [command]/usr/bin/unzip -o -q /home/runner/work/_temp/e7d58aac-62ba-4991-9599-43375c15ce16.zip
2026-10-07T23:42:45.6026427Z [command]/home/runner/.bun/bin/bun --revision
2026-10-07T23:42:45.6073077Z 1.4.2+744846f84
2026-10-07T23:42:45.6261203Z ##[group]Run denoland/setup-deno@v2
2026-10-07T23:42:45.6261762Z with:
2026-10-07T23:42:45.6262382Z   deno-version: lts
2026-10-07T23:42:45.6262798Z   deno-binary-name: deno
2026-10-07T23:42:45.6263236Z   cache: false
2026-10-07T23:42:45.6263591Z env:
2026-10-07T23:42:45.6264005Z   PNPM_HOME: /home/runner/setup-pnpm/node_modules/.bin
2026-10-07T23:42:45.6264695Z   pythonLocation: /opt/hostedtoolcache/Python/3.13.15/x64
2026-10-07T23:42:45.6265461Z   PKG_CONFIG_PATH: /opt/hostedtoolcache/Python/3.13.15/x64/lib/pkgconfig
2026-10-07T23:42:45.6266240Z   Python_ROOT_DIR: /opt/hostedtoolcache/Python/3.13.15/x64
2026-10-07T23:42:45.6266955Z   Python2_ROOT_DIR: /opt/hostedtoolcache/Python/3.13.15/x64
2026-10-07T23:42:45.6267638Z   Python3_ROOT_DIR: /opt/hostedtoolcache/Python/3.13.15/x64
2026-10-07T23:42:45.6268355Z   LD_LIBRARY_PATH: /opt/hostedtoolcache/Python/3.13.15/x64/lib
2026-10-07T23:42:45.6268952Z ##[endgroup]
2026-10-07T23:42:45.8546700Z Going to install lts version 2.9.3.
2026-10-07T23:42:45.8584410Z Downloading Deno from https://github.com/denoland/deno/releases/download/v2.9.3/deno-x86_64-unknown-linux-gnu.zip.
2026-10-07T23:42:46.2885711Z [command]/usr/bin/unzip -o -q /home/runner/work/_temp/5f869793-ba23-409b-80ed-5396a0e8fb1e
2026-10-07T23:42:47.1155067Z Cached Deno to /opt/hostedtoolcache/deno/2.9.3/x64.
2026-10-07T23:42:47.1165854Z Installation complete.
2026-10-07T23:42:47.1451759Z ##[group]Run pnpm install --frozen-lockfile
2026-10-07T23:42:47.1452527Z [36;1mpnpm install --frozen-lockfile[0m
2026-10-07T23:42:47.1755542Z shell: /usr/bin/bash -e {0}
2026-10-07T23:42:47.1755928Z env:
2026-10-07T23:42:47.1756290Z   PNPM_HOME: /home/runner/setup-pnpm/node_modules/.bin
2026-10-07T23:42:47.1756853Z   pythonLocation: /opt/hostedtoolcache/Python/3.13.15/x64
2026-10-07T23:42:47.1757493Z   PKG_CONFIG_PATH: /opt/hostedtoolcache/Python/3.13.15/x64/lib/pkgconfig
2026-10-07T23:42:47.1758151Z   Python_ROOT_DIR: /opt/hostedtoolcache/Python/3.13.15/x64
2026-10-07T23:42:47.1758788Z   Python2_ROOT_DIR: /opt/hostedtoolcache/Python/3.13.15/x64
2026-10-07T23:42:47.1759620Z   Python3_ROOT_DIR: /opt/hostedtoolcache/Python/3.13.15/x64
2026-10-07T23:42:47.1760195Z   LD_LIBRARY_PATH: /opt/hostedtoolcache/Python/3.13.15/x64/lib
2026-10-07T23:42:47.1760672Z ##[endgroup]
2026-10-07T23:42:47.6611959Z Scope: all 3 workspace projects
2026-10-07T23:42:47.7399935Z ? Verifying lockfile against supply-chain policies (340 entries)...
2026-10-07T23:42:47.7541668Z Lockfile is up to date, resolution step is skipped
2026-10-07T23:42:47.8736629Z Progress: resolved 1, reused 0, downloaded 0, added 0
2026-10-07T23:42:47.9486160Z Packages: +281
2026-10-07T23:42:47.9493560Z ++++++++++++++++++++++++++++++++++++++++++++++++++++++++++++++++++++++++++++++++
2026-10-07T23:42:48.7316705Z Packages are hard linked from the content-addressable store to the virtual store.
2026-10-07T23:42:48.7376937Z   Content-addressable store is at: /home/runner/setup-pnpm/node_modules/.bin/store/v11
2026-10-07T23:42:48.7378244Z   Virtual store is at:             node_modules/.pnpm
2026-10-07T23:42:48.8780784Z Progress: resolved 281, reused 281, downloaded 0, added 13
2026-10-07T23:42:49.5791626Z Progress: resolved 281, reused 281, downloaded 0, added 281, done
2026-10-07T23:42:52.0093773Z ✓ Lockfile passes supply-chain policies (340 entries in 4.2s)
2026-10-07T23:42:52.1409712Z 
2026-10-07T23:42:52.1410410Z devDependencies:
2026-10-07T23:42:52.1410940Z + @angular/common 22.1.5
2026-10-07T23:42:52.1411590Z + @angular/compiler 22.1.5
2026-10-07T23:42:52.1412333Z + @angular/core 22.1.5
2026-10-07T23:42:52.1412850Z + @angular/platform-browser 22.1.5
2026-10-07T23:42:52.1413419Z + @angular/platform-server 22.1.5
2026-10-07T23:42:52.1413967Z + @mathjax/mathjax-tex-font 4.1.3
2026-10-07T23:42:52.1414442Z + @mathjax/src 4.1.3
2026-10-07T23:42:52.1414926Z + @playwright/test 1.62.1
2026-10-07T23:42:52.1415449Z + @sveltejs/vite-plugin-svelte 7.3.0
2026-10-07T23:42:52.1415951Z + @types/node 26.4.1
2026-10-07T23:42:52.1416357Z + @types/react 19.2.18
2026-10-07T23:42:52.1416801Z + @types/react-dom 19.2.7
2026-10-07T23:42:52.1417248Z + @vitejs/plugin-react 6.1.1
2026-10-07T23:42:52.1417985Z + commonmark 0.31.2
2026-10-07T23:42:52.1418406Z + commonmark-spec 0.31.2
2026-10-07T23:42:52.1418861Z + css-select 7.0.0
2026-10-07T23:42:52.1419264Z + docx-preview 0.4.0
2026-10-07T23:42:52.1419647Z + entities 8.0.0
2026-10-07T23:42:52.1419999Z + fflate 0.8.3
2026-10-07T23:42:52.1420343Z + jsdom 30.0.1
2026-10-07T23:42:52.1420679Z + katex 0.18.6
2026-10-07T23:42:52.1421063Z + miniflare 3.20250718.3
2026-10-07T23:42:52.1421451Z + parse5 8.0.1
2026-10-07T23:42:52.1421932Z + parse5-htmlparser2-tree-adapter 8.0.1
2026-10-07T23:42:52.1422710Z + pdfjs-dist 6.3.289
2026-10-07T23:42:52.1423112Z + react 19.2.8
2026-10-07T23:42:52.1423471Z + react-dom 19.2.8
2026-10-07T23:42:52.1423826Z + rxjs 7.8.2
2026-10-07T23:42:52.1424158Z + svelte 5.57.0
2026-10-07T23:42:52.1424529Z + typescript 7.0.2
2026-10-07T23:42:52.1424937Z + unicode-emoji-json 0.9.0
2026-10-07T23:42:52.1425340Z + vite 8.2.2
2026-10-07T23:42:52.1425683Z + vitest 5.0.0
2026-10-07T23:42:52.1426011Z + vue 3.5.42
2026-10-07T23:42:52.1426344Z + yjs 13.6.32
2026-10-07T23:42:52.1426537Z 
2026-10-07T23:42:52.1838619Z Done in 4.9s using pnpm v11.19.0
2026-10-07T23:42:52.2560366Z ##[group]Run python -m pip install --disable-pip-version-check python-docx==1.2.0
2026-10-07T23:42:52.2561401Z [36;1mpython -m pip install --disable-pip-version-check python-docx==1.2.0[0m
2026-10-07T23:42:52.2644421Z shell: /usr/bin/bash -e {0}
2026-10-07T23:42:52.2644821Z env:
2026-10-07T23:42:52.2645232Z   PNPM_HOME: /home/runner/setup-pnpm/node_modules/.bin
2026-10-07T23:42:52.2645887Z   pythonLocation: /opt/hostedtoolcache/Python/3.13.15/x64
2026-10-07T23:42:52.2646619Z   PKG_CONFIG_PATH: /opt/hostedtoolcache/Python/3.13.15/x64/lib/pkgconfig
2026-10-07T23:42:52.2647359Z   Python_ROOT_DIR: /opt/hostedtoolcache/Python/3.13.15/x64
2026-10-07T23:42:52.2648031Z   Python2_ROOT_DIR: /opt/hostedtoolcache/Python/3.13.15/x64
2026-10-07T23:42:52.2648697Z   Python3_ROOT_DIR: /opt/hostedtoolcache/Python/3.13.15/x64
2026-10-07T23:42:52.2649583Z   LD_LIBRARY_PATH: /opt/hostedtoolcache/Python/3.13.15/x64/lib
2026-10-07T23:42:52.2650143Z ##[endgroup]
2026-10-07T23:42:54.7732755Z Collecting python-docx==1.2.0
2026-10-07T23:42:54.8505204Z   Downloading python_docx-1.2.0-py3-none-any.whl.metadata (2.0 kB)
2026-10-07T23:42:55.1535414Z Collecting lxml>=3.1.0 (from python-docx==1.2.0)
2026-10-07T23:42:55.1673381Z   Downloading lxml-6.1.3-cp313-cp313-manylinux_2_26_x86_64.manylinux_2_28_x86_64.whl.metadata (3.3 kB)
2026-10-07T23:42:55.1921225Z Collecting typing_extensions>=4.9.0 (from python-docx==1.2.0)
2026-10-07T23:42:55.2058152Z   Downloading typing_extensions-4.16.0-py3-none-any.whl.metadata (3.3 kB)
2026-10-07T23:42:55.2229537Z Downloading python_docx-1.2.0-py3-none-any.whl (252 kB)
2026-10-07T23:42:55.2761399Z Downloading lxml-6.1.3-cp313-cp313-manylinux_2_26_x86_64.manylinux_2_28_x86_64.whl (5.2 MB)
2026-10-07T23:42:55.3760123Z    ━━━━━━━━━━━━━━━━━━━━━━━━━━━━━━━━━━━━━━━━ 5.2/5.2 MB 58.7 MB/s  0:00:00
2026-10-07T23:42:55.3897998Z Downloading typing_extensions-4.16.0-py3-none-any.whl (45 kB)
2026-10-07T23:42:55.5285753Z Installing collected packages: typing_extensions, lxml, python-docx
2026-10-07T23:42:55.8207102Z 
2026-10-07T23:42:55.8221917Z Successfully installed lxml-6.1.3 python-docx-1.2.0 typing_extensions-4.16.0
2026-10-07T23:42:55.8822766Z ##[group]Run pnpm build
2026-10-07T23:42:55.8823084Z [36;1mpnpm build[0m
2026-10-07T23:42:55.8885526Z shell: /usr/bin/bash -e {0}
2026-10-07T23:42:55.8885793Z env:
2026-10-07T23:42:55.8886058Z   PNPM_HOME: /home/runner/setup-pnpm/node_modules/.bin
2026-10-07T23:42:55.8886453Z   pythonLocation: /opt/hostedtoolcache/Python/3.13.15/x64
2026-10-07T23:42:55.8886887Z   PKG_CONFIG_PATH: /opt/hostedtoolcache/Python/3.13.15/x64/lib/pkgconfig
2026-10-07T23:42:55.8887312Z   Python_ROOT_DIR: /opt/hostedtoolcache/Python/3.13.15/x64
2026-10-07T23:42:55.8887703Z   Python2_ROOT_DIR: /opt/hostedtoolcache/Python/3.13.15/x64
2026-10-07T23:42:55.8888090Z   Python3_ROOT_DIR: /opt/hostedtoolcache/Python/3.13.15/x64
2026-10-07T23:42:55.8888490Z   LD_LIBRARY_PATH: /opt/hostedtoolcache/Python/3.13.15/x64/lib
2026-10-07T23:42:55.8888818Z ##[endgroup]
2026-10-07T23:42:56.3468455Z $ vite build -c vite.lib.config.ts && tsc -p tsconfig.build.json && node scripts/copy-assets.mjs && pnpm build:angular
2026-10-07T23:42:56.5643016Z [36mvite v8.2.2 [32mbuilding client environment for production...[36m[39m
2026-10-07T23:42:56.5803888Z transforming...
2026-10-07T23:42:56.7032704Z ✓ 303 modules transformed.
2026-10-07T23:42:56.7903653Z rendering chunks...
2026-10-07T23:42:56.8803652Z computing gzip size...
2026-10-07T23:42:56.8953128Z dist/step-doAGd4iU.js                       0.20 kB │ gzip:  0.18 kB │ map:   0.41 kB
2026-10-07T23:42:56.8954520Z dist/plugin-B0KSKRXJ.js                     0.39 kB │ gzip:  0.28 kB │ map:   3.23 kB
2026-10-07T23:42:56.8955739Z dist/node-spec-Dl5lMC1C.js                  0.64 kB │ gzip:  0.37 kB │ map:   8.05 kB
2026-10-07T23:42:56.8956788Z dist/text-style.js                          0.87 kB │ gzip:  0.39 kB
2026-10-07T23:42:56.8957937Z dist/url-sjMj-efj.js                        1.03 kB │ gzip:  0.52 kB │ map:   2.68 kB
2026-10-07T23:42:56.8959065Z dist/svelte.js                              1.08 kB │ gzip:  0.55 kB │ map:   3.58 kB
2026-10-07T23:42:56.8960282Z dist/useFountain-DQ8gXlvr.js                1.09 kB │ gzip:  0.57 kB │ map:   3.25 kB
2026-10-07T23:42:56.8961640Z dist/command-manager-CSDUCeVE.js            1.32 kB │ gzip:  0.62 kB │ map:   6.46 kB
2026-10-07T23:42:56.8963364Z dist/collaboration-BubriAbK.js              1.44 kB │ gzip:  0.71 kB │ map:   3.60 kB
2026-10-07T23:42:56.8964738Z dist/react-widgets.js                       1.57 kB │ gzip:  0.67 kB │ map:   5.52 kB
2026-10-07T23:42:56.8966048Z dist/vue.js                                 1.72 kB │ gzip:  0.86 kB │ map:   4.53 kB
2026-10-07T23:42:56.8967309Z dist/inline-atom-BLfPalX5.js                1.76 kB │ gzip:  0.78 kB │ map:   5.30 kB
2026-10-07T23:42:56.8968587Z dist/path-B7Cr90vg.js                       1.89 kB │ gzip:  0.89 kB │ map:   5.80 kB
2026-10-07T23:42:56.8970252Z dist/search-CLj2oPC9.js                     1.99 kB │ gzip:  0.95 kB │ map:   6.14 kB
2026-10-07T23:42:56.8971404Z dist/history-CluGKD04.js                    2.71 kB │ gzip:  1.12 kB │ map:   7.84 kB
2026-10-07T23:42:56.8972953Z dist/html-page-settings-C1un4UNO.js         2.80 kB │ gzip:  1.18 kB │ map:   8.40 kB
2026-10-07T23:42:56.8974295Z dist/content-expression-CuobUc-r.js         2.87 kB │ gzip:  1.12 kB │ map:   7.89 kB
2026-10-07T23:42:56.8975651Z dist/input-rules-EH0whXGW.js                2.99 kB │ gzip:  1.31 kB │ map:   9.02 kB
2026-10-07T23:42:56.8976904Z dist/decoration-CuT1b7BC.js                 3.14 kB │ gzip:  1.23 kB │ map:  10.15 kB
2026-10-07T23:42:56.8978200Z dist/extension-Cfbujo9B.js                  3.20 kB │ gzip:  1.27 kB │ map:  10.62 kB
2026-10-07T23:42:56.8979547Z dist/replace-text-range-step-DDj1wpRU.js    3.28 kB │ gzip:  1.21 kB │ map:   9.56 kB
2026-10-07T23:42:56.8980900Z dist/table-map-Du2VwT8u.js                  3.47 kB │ gzip:  1.41 kB │ map:  10.05 kB
2026-10-07T23:42:56.8982529Z dist/mark-range-step-Jo1iPQSu.js            3.48 kB │ gzip:  1.08 kB │ map:  10.32 kB
2026-10-07T23:42:56.8983857Z dist/node-CMohf4dR.js                       3.90 kB │ gzip:  1.36 kB │ map:  10.26 kB
2026-10-07T23:42:56.8985491Z dist/html-flow-BJslUvJk.js                  4.47 kB │ gzip:  1.85 kB │ map:  11.72 kB
2026-10-07T23:42:56.8986821Z dist/link-destination-M3zm_45f.js           4.56 kB │ gzip:  1.82 kB │ map:  12.96 kB
2026-10-07T23:42:56.8988248Z dist/widgets-dom.js                         4.74 kB │ gzip:  1.67 kB │ map:  13.70 kB
2026-10-07T23:42:56.8989554Z dist/text-style-BbuNJYhb.js                 4.82 kB │ gzip:  1.60 kB │ map:  15.05 kB
2026-10-07T23:42:56.8990947Z dist/integrity-dom.js                       5.07 kB │ gzip:  1.98 kB │ map:  14.22 kB
2026-10-07T23:42:56.8992450Z dist/table-of-contents.js                   5.69 kB │ gzip:  2.34 kB │ map:  17.63 kB
2026-10-07T23:42:56.8993610Z dist/html-inert.js                          6.16 kB │ gzip:  2.55 kB │ map:  13.93 kB
2026-10-07T23:42:56.8994725Z dist/testing.js                             6.49 kB │ gzip:  2.31 kB │ map:  18.97 kB
2026-10-07T23:42:56.8995937Z dist/selection-Du4v48EK.js                  6.52 kB │ gzip:  2.21 kB │ map:  19.93 kB
2026-10-07T23:42:56.8997152Z dist/migrations.js                          7.04 kB │ gzip:  2.23 kB │ map:  19.76 kB
2026-10-07T23:42:56.8998361Z dist/react-tracked-changes.js               7.65 kB │ gzip:  2.34 kB │ map:  13.99 kB
2026-10-07T23:42:56.8999599Z dist/details.js                             7.72 kB │ gzip:  2.65 kB │ map:  21.54 kB
2026-10-07T23:42:56.9000802Z dist/mapping-BbhEodcc.js                    7.76 kB │ gzip:  2.66 kB │ map:  24.89 kB
2026-10-07T23:42:56.9002003Z dist/react-integrity.js                     8.09 kB │ gzip:  2.42 kB │ map:  13.31 kB
2026-10-07T23:42:56.9003565Z dist/menu-position-Cz80Kz3v.js              8.23 kB │ gzip:  3.05 kB │ map:  25.35 kB
2026-10-07T23:42:56.9004833Z dist/node-ids.js                            8.74 kB │ gzip:  3.14 kB │ map:  28.06 kB
2026-10-07T23:42:56.9005973Z dist/widgets.js                             8.78 kB │ gzip:  3.21 kB │ map:  27.94 kB
2026-10-07T23:42:56.9007175Z dist/table-layout-wVT2Dkfh.js               8.97 kB │ gzip:  3.14 kB │ map:  26.45 kB
2026-10-07T23:42:56.9008330Z dist/core.js                                9.04 kB │ gzip:  3.16 kB
2026-10-07T23:42:56.9009474Z dist/react-comments.js                      9.78 kB │ gzip:  2.75 kB │ map:  17.76 kB
2026-10-07T23:42:56.9010753Z dist/structured-attributes.js              10.03 kB │ gzip:  2.96 kB │ map:  31.46 kB
2026-10-07T23:42:56.9011943Z dist/react-versions.js                     10.06 kB │ gzip:  2.75 kB │ map:  18.26 kB
2026-10-07T23:42:56.9013465Z dist/collaboration-core-B-I53ZbT.js        10.29 kB │ gzip:  3.23 kB │ map:  32.95 kB
2026-10-07T23:42:56.9014719Z dist/ai-generated-media.js                 10.71 kB │ gzip:  3.28 kB │ map:  27.57 kB
2026-10-07T23:42:56.9016239Z dist/ruby.js                               10.92 kB │ gzip:  3.49 kB │ map:  28.83 kB
2026-10-07T23:42:56.9017471Z dist/page-settings-Bqt82pEY.js             11.19 kB │ gzip:  3.73 kB │ map:  32.14 kB
2026-10-07T23:42:56.9018694Z dist/pages.js                              11.27 kB │ gzip:  3.60 kB │ map:  28.76 kB
2026-10-07T23:42:56.9019770Z dist/integrity.js                          11.46 kB │ gzip:  3.63 kB │ map:  30.86 kB
2026-10-07T23:42:56.9020925Z dist/pages-preview.js                      13.47 kB │ gzip:  4.45 kB │ map:  37.18 kB
2026-10-07T23:42:56.9022459Z dist/editor-CMX7ABLq.js                    15.16 kB │ gzip:  4.48 kB │ map:  43.81 kB
2026-10-07T23:42:56.9023873Z dist/ai-conversation.js                    15.96 kB │ gzip:  4.46 kB │ map:  41.86 kB
2026-10-07T23:42:56.9025144Z dist/ai-document-tools.js                  16.83 kB │ gzip:  4.71 kB │ map:  45.73 kB
2026-10-07T23:42:56.9026231Z dist/emoji-D9ueoMZm.js                     17.42 kB │ gzip:  5.72 kB │ map:  46.29 kB
2026-10-07T23:42:56.9027331Z dist/link-behavior-B1mK7PNq.js             18.29 kB │ gzip:  6.84 kB │ map:  48.24 kB
2026-10-07T23:42:56.9028255Z dist/presentation-_RsWq19D.js              21.37 kB │ gzip:  6.17 kB │ map:  64.52 kB
2026-10-07T23:42:56.9029342Z dist/document-utilities.js                 23.88 kB │ gzip:  7.49 kB │ map:  67.80 kB
2026-10-07T23:42:56.9030675Z dist/yjs.js                                27.47 kB │ gzip:  7.82 kB │ map:  75.97 kB
2026-10-07T23:42:56.9031820Z dist/tracked-changes.js                    28.57 kB │ gzip:  8.09 kB │ map:  85.58 kB
2026-10-07T23:42:56.9033249Z dist/versions.js                           29.34 kB │ gzip:  7.76 kB │ map:  80.63 kB
2026-10-07T23:42:56.9034489Z dist/comments.js                           29.77 kB │ gzip:  8.57 kB │ map:  87.59 kB
2026-10-07T23:42:56.9035739Z dist/extensions-Cd1PKsOE.js                33.96 kB │ gzip:  9.56 kB │ map:  89.42 kB
2026-10-07T23:42:56.9036974Z dist/media-xX7DlCgE.js                     42.71 kB │ gzip: 12.10 kB │ map: 110.37 kB
2026-10-07T23:42:56.9038224Z dist/markdown-html-83ZGjqmO.js             43.57 kB │ gzip: 23.96 kB │ map:  74.66 kB
2026-10-07T23:42:56.9039402Z dist/pages-dom.js                          53.72 kB │ gzip: 13.34 kB │ map: 147.72 kB
2026-10-07T23:42:56.9040519Z dist/index.js                              82.79 kB │ gzip: 24.38 kB │ map: 179.78 kB
2026-10-07T23:42:56.9041683Z dist/commands-TxmgMX7X.js                  84.50 kB │ gzip: 21.92 kB │ map: 243.24 kB
2026-10-07T23:42:56.9043167Z dist/text-exporter-C3uu5uQO.js             87.27 kB │ gzip: 25.35 kB │ map: 267.31 kB
2026-10-07T23:42:56.9044383Z dist/react.js                              93.66 kB │ gzip: 21.97 kB │ map: 186.06 kB
2026-10-07T23:42:56.9045510Z dist/view-BGYHcTCo.js                     118.60 kB │ gzip: 29.36 kB │ map: 305.76 kB
2026-10-07T23:42:56.9046644Z dist/docx.js                              188.21 kB │ gzip: 54.03 kB │ map: 517.71 kB
2026-10-07T23:42:56.9047724Z dist/html-server.js                       262.10 kB │ gzip: 59.55 kB │ map: 772.23 kB
2026-10-07T23:42:56.9048852Z dist/emoji-data.js                        331.40 kB │ gzip: 30.88 kB │ map: 467.62 kB
2026-10-07T23:42:56.9049372Z 
2026-10-07T23:42:56.9051321Z transforming...
2026-10-07T23:42:57.0327568Z ✓ 303 modules transformed.
2026-10-07T23:42:57.1040449Z rendering chunks...
2026-10-07T23:42:57.1873336Z computing gzip size...
2026-10-07T23:42:57.1964006Z dist/step-CICBu9Xg.cjs                       0.20 kB │ gzip:  0.18 kB │ map:   0.42 kB
2026-10-07T23:42:57.1965623Z dist/plugin-DlQkwKdU.cjs                     0.48 kB │ gzip:  0.27 kB │ map:   3.21 kB
2026-10-07T23:42:57.1967120Z dist/node-spec-owlJN_nc.cjs                  0.59 kB │ gzip:  0.36 kB │ map:   8.05 kB
2026-10-07T23:42:57.1968423Z dist/rolldown-runtime-Chgba0Kb.cjs           0.77 kB │ gzip:  0.41 kB
2026-10-07T23:42:57.1969201Z dist/text-style.cjs                          0.87 kB │ gzip:  0.36 kB
2026-10-07T23:42:57.1969983Z dist/svelte.cjs                              0.89 kB │ gzip:  0.51 kB │ map:   3.64 kB
2026-10-07T23:42:57.1971098Z dist/url-Co8QRAHd.cjs                        0.92 kB │ gzip:  0.51 kB │ map:   2.68 kB
2026-10-07T23:42:57.1971771Z dist/useFountain-C16zq9TV.cjs                0.96 kB │ gzip:  0.52 kB │ map:   3.30 kB
2026-10-07T23:42:57.1972896Z dist/command-manager-DU4ahU5C.cjs            1.06 kB │ gzip:  0.55 kB │ map:   6.45 kB
2026-10-07T23:42:57.1973625Z dist/collaboration-DHfWMt2l.cjs              1.26 kB │ gzip:  0.63 kB │ map:   3.61 kB
2026-10-07T23:42:57.1974305Z dist/react-widgets.cjs                       1.33 kB │ gzip:  0.63 kB │ map:   5.62 kB
2026-10-07T23:42:57.1974923Z dist/vue.cjs                                 1.45 kB │ gzip:  0.76 kB │ map:   4.76 kB
2026-10-07T23:42:57.1975554Z dist/inline-atom-Cg88XSNe.cjs                1.53 kB │ gzip:  0.70 kB │ map:   5.34 kB
2026-10-07T23:42:57.1976212Z dist/search-Cb5HWhnF.cjs                     1.76 kB │ gzip:  0.87 kB │ map:   6.15 kB
2026-10-07T23:42:57.1976857Z dist/path-DDY3uxw-.cjs                       1.98 kB │ gzip:  0.82 kB │ map:   5.79 kB
2026-10-07T23:42:57.1977542Z dist/content-expression-YXcFdjFU.cjs         2.15 kB │ gzip:  0.98 kB │ map:   7.85 kB
2026-10-07T23:42:57.1978251Z dist/html-page-settings-CYNBUfR_.cjs         2.53 kB │ gzip:  1.05 kB │ map:   8.37 kB
2026-10-07T23:42:57.1979113Z dist/table-map-Dbo_d2TT.cjs                  2.65 kB │ gzip:  1.23 kB │ map:  10.02 kB
2026-10-07T23:42:57.1979823Z dist/input-rules-HXvPuvbc.cjs                2.66 kB │ gzip:  1.16 kB │ map:   9.04 kB
2026-10-07T23:42:57.1980506Z dist/decoration-jVx4B2Pl.cjs                 2.68 kB │ gzip:  1.13 kB │ map:  10.14 kB
2026-10-07T23:42:57.1981220Z dist/replace-text-range-step-VHOaDNVn.cjs    2.69 kB │ gzip:  1.07 kB │ map:   9.63 kB
2026-10-07T23:42:57.1981915Z dist/history-C1iHQbdz.cjs                    2.76 kB │ gzip:  1.03 kB │ map:   7.85 kB
2026-10-07T23:42:57.1982756Z dist/extension-Sb4ErwsF.cjs                  2.86 kB │ gzip:  1.17 kB │ map:  10.59 kB
2026-10-07T23:42:57.1983436Z dist/mark-range-step-DOJDyOsP.cjs            3.02 kB │ gzip:  0.92 kB │ map:  10.34 kB
2026-10-07T23:42:57.1984096Z dist/node-D26sG_e5.cjs                       3.35 kB │ gzip:  1.25 kB │ map:  10.25 kB
2026-10-07T23:42:57.1984715Z dist/widgets-dom.cjs                         4.02 kB │ gzip:  1.53 kB │ map:  13.67 kB
2026-10-07T23:42:57.1985561Z dist/html-flow-0iqE4lWW.cjs                  4.18 kB │ gzip:  1.68 kB │ map:  11.78 kB
2026-10-07T23:42:57.1986414Z dist/integrity-dom.cjs                       4.36 kB │ gzip:  1.82 kB │ map:  14.27 kB
2026-10-07T23:42:57.1987091Z dist/link-destination-3p4Of17h.cjs           4.70 kB │ gzip:  1.53 kB │ map:  13.01 kB
2026-10-07T23:42:57.1987761Z dist/table-of-contents.cjs                   4.75 kB │ gzip:  2.12 kB │ map:  17.66 kB
2026-10-07T23:42:57.1988659Z dist/text-style-R-DtLD8o.cjs                 5.08 kB │ gzip:  1.44 kB │ map:  15.23 kB
2026-10-07T23:42:57.1989939Z dist/html-inert.cjs                          5.19 kB │ gzip:  2.36 kB │ map:  13.94 kB
2026-10-07T23:42:57.1990595Z dist/testing.cjs                             5.43 kB │ gzip:  2.08 kB │ map:  18.97 kB
2026-10-07T23:42:57.1991241Z dist/selection-DrO1gWsj.cjs                  5.65 kB │ gzip:  1.97 kB │ map:  19.95 kB
2026-10-07T23:42:57.1991916Z dist/react-tracked-changes.cjs               5.71 kB │ gzip:  2.01 kB │ map:  14.60 kB
2026-10-07T23:42:57.1992945Z dist/migrations.cjs                          6.10 kB │ gzip:  2.00 kB │ map:  19.78 kB
2026-10-07T23:42:57.1993587Z dist/react-integrity.cjs                     6.18 kB │ gzip:  2.18 kB │ map:  14.15 kB
2026-10-07T23:42:57.1994213Z dist/details.cjs                             6.35 kB │ gzip:  2.39 kB │ map:  21.62 kB
2026-10-07T23:42:57.1994844Z dist/mapping-LRwd6pqd.cjs                    6.55 kB │ gzip:  2.36 kB │ map:  24.97 kB
2026-10-07T23:42:57.1995489Z dist/react-comments.cjs                      7.05 kB │ gzip:  2.28 kB │ map:  18.76 kB
2026-10-07T23:42:57.1996113Z dist/node-ids.cjs                            7.18 kB │ gzip:  2.82 kB │ map:  28.03 kB
2026-10-07T23:42:57.1996762Z dist/menu-position-CPJUKm4O.cjs              7.21 kB │ gzip:  2.72 kB │ map:  25.43 kB
2026-10-07T23:42:57.1998319Z dist/widgets.cjs                             7.33 kB │ gzip:  2.88 kB │ map:  28.00 kB
2026-10-07T23:42:57.1999409Z dist/react-versions.cjs                      7.37 kB │ gzip:  2.35 kB │ map:  19.28 kB
2026-10-07T23:42:57.2000417Z dist/core.cjs                                8.24 kB │ gzip:  2.44 kB
2026-10-07T23:42:57.2001512Z dist/structured-attributes.cjs               8.41 kB │ gzip:  2.71 kB │ map:  31.45 kB
2026-10-07T23:42:57.2002605Z dist/table-layout-BlX6ZmrG.cjs               8.69 kB │ gzip:  2.84 kB │ map:  26.43 kB
2026-10-07T23:42:57.2003315Z dist/ai-generated-media.cjs                  9.11 kB │ gzip:  2.97 kB │ map:  27.49 kB
2026-10-07T23:42:57.2003946Z dist/ruby.cjs                                9.18 kB │ gzip:  3.14 kB │ map:  28.80 kB
2026-10-07T23:42:57.2004539Z dist/integrity.cjs                           9.36 kB │ gzip:  3.32 kB │ map:  30.88 kB
2026-10-07T23:42:57.2005172Z dist/pages.cjs                               9.36 kB │ gzip:  3.21 kB │ map:  28.86 kB
2026-10-07T23:42:57.2005846Z dist/collaboration-core-6QLxBCsv.cjs         9.37 kB │ gzip:  2.92 kB │ map:  32.93 kB
2026-10-07T23:42:57.2006543Z dist/page-settings-BTDzBnRH.cjs             10.15 kB │ gzip:  3.43 kB │ map:  32.11 kB
2026-10-07T23:42:57.2007399Z dist/pages-preview.cjs                      11.42 kB │ gzip:  4.10 kB │ map:  37.00 kB
2026-10-07T23:42:57.2008066Z dist/editor-Ce4QfnkJ.cjs                    13.24 kB │ gzip:  4.10 kB │ map:  43.90 kB
2026-10-07T23:42:57.2009173Z dist/ai-conversation.cjs                    13.42 kB │ gzip:  4.04 kB │ map:  41.75 kB
2026-10-07T23:42:57.2010248Z dist/ai-document-tools.cjs                  13.93 kB │ gzip:  4.22 kB │ map:  45.71 kB
2026-10-07T23:42:57.2011320Z dist/emoji-BvONuNlT.cjs                     14.66 kB │ gzip:  5.12 kB │ map:  46.33 kB
2026-10-07T23:42:57.2012647Z dist/link-behavior-CdJmNa0_.cjs             16.42 kB │ gzip:  6.30 kB │ map:  48.32 kB
2026-10-07T23:42:57.2013947Z dist/presentation-DrPDmb6z.cjs              17.92 kB │ gzip:  5.47 kB │ map:  64.36 kB
2026-10-07T23:42:57.2015211Z dist/document-utilities.cjs                 19.37 kB │ gzip:  6.71 kB │ map:  67.92 kB
2026-10-07T23:42:57.2016335Z dist/yjs.cjs                                22.89 kB │ gzip:  7.13 kB │ map:  75.74 kB
2026-10-07T23:42:57.2017408Z dist/tracked-changes.cjs                    23.66 kB │ gzip:  7.30 kB │ map:  85.59 kB
2026-10-07T23:42:57.2018523Z dist/comments.cjs                           24.18 kB │ gzip:  7.65 kB │ map:  87.59 kB
2026-10-07T23:42:57.2019548Z dist/versions.cjs                           24.36 kB │ gzip:  7.06 kB │ map:  80.44 kB
2026-10-07T23:42:57.2020635Z dist/extensions-BSFCxafO.cjs                31.54 kB │ gzip:  8.47 kB │ map:  89.87 kB
2026-10-07T23:42:57.2021842Z dist/media-C4Fb72p-.cjs                     35.23 kB │ gzip: 10.84 kB │ map: 110.51 kB
2026-10-07T23:42:57.2023309Z dist/markdown-html-DD8ATANg.cjs             41.42 kB │ gzip: 23.40 kB │ map:  74.55 kB
2026-10-07T23:42:57.2024437Z dist/pages-dom.cjs                          44.81 kB │ gzip: 12.13 kB │ map: 147.15 kB
2026-10-07T23:42:57.2025278Z dist/text-exporter-DIRpYKGc.cjs             68.24 kB │ gzip: 22.77 kB │ map: 266.66 kB
2026-10-07T23:42:57.2025988Z dist/index.cjs                              70.12 kB │ gzip: 21.12 kB │ map: 179.78 kB
2026-10-07T23:42:57.2026679Z dist/react.cjs                              70.26 kB │ gzip: 18.98 kB │ map: 195.00 kB
2026-10-07T23:42:57.2027356Z dist/commands-BL7GYuPi.cjs                  74.98 kB │ gzip: 20.19 kB │ map: 244.33 kB
2026-10-07T23:42:57.2028035Z dist/view-BG5rPynk.cjs                     101.15 kB │ gzip: 26.74 kB │ map: 305.05 kB
2026-10-07T23:42:57.2028695Z dist/docx.cjs                              152.13 kB │ gzip: 48.60 kB │ map: 516.62 kB
2026-10-07T23:42:57.2029345Z dist/html-server.cjs                       213.07 kB │ gzip: 54.35 kB │ map: 769.41 kB
2026-10-07T23:42:57.2029966Z dist/emoji-data.cjs                        274.54 kB │ gzip: 30.24 kB │ map: 451.98 kB
2026-10-07T23:42:57.2030459Z 
2026-10-07T23:42:57.2031092Z [32m✓ built in 635ms[39m
2026-10-07T23:42:58.8512012Z $ pnpm --dir tools/angular-build exec ngc -p ../../tsconfig.angular.json && pnpm build:angular-demo
2026-10-07T23:43:01.2606880Z $ pnpm --dir tools/angular-build exec ngc -p ../../tsconfig.angular-demo.json
2026-10-07T23:43:03.6670770Z ##[group]Run pnpm test:api
2026-10-07T23:43:03.6671117Z [36;1mpnpm test:api[0m
2026-10-07T23:43:03.6735049Z shell: /usr/bin/bash -e {0}
2026-10-07T23:43:03.6735314Z env:
2026-10-07T23:43:03.6735582Z   PNPM_HOME: /home/runner/setup-pnpm/node_modules/.bin
2026-10-07T23:43:03.6735978Z   pythonLocation: /opt/hostedtoolcache/Python/3.13.15/x64
2026-10-07T23:43:03.6736422Z   PKG_CONFIG_PATH: /opt/hostedtoolcache/Python/3.13.15/x64/lib/pkgconfig
2026-10-07T23:43:03.6736858Z   Python_ROOT_DIR: /opt/hostedtoolcache/Python/3.13.15/x64
2026-10-07T23:43:03.6737250Z   Python2_ROOT_DIR: /opt/hostedtoolcache/Python/3.13.15/x64
2026-10-07T23:43:03.6737651Z   Python3_ROOT_DIR: /opt/hostedtoolcache/Python/3.13.15/x64
2026-10-07T23:43:03.6738040Z   LD_LIBRARY_PATH: /opt/hostedtoolcache/Python/3.13.15/x64/lib
2026-10-07T23:43:03.6738361Z ##[endgroup]
2026-10-07T23:43:04.1346702Z $ node scripts/check-api-surface.mjs
2026-10-07T23:43:04.2172767Z Public API surface verified across 409 declaration files.
2026-10-07T23:43:04.2383744Z ##[group]Run pnpm test:server-runtimes
2026-10-07T23:43:04.2384117Z [36;1mpnpm test:server-runtimes[0m
2026-10-07T23:43:04.2448718Z shell: /usr/bin/bash -e {0}
2026-10-07T23:43:04.2448994Z env:
2026-10-07T23:43:04.2449269Z   PNPM_HOME: /home/runner/setup-pnpm/node_modules/.bin
2026-10-07T23:43:04.2449678Z   pythonLocation: /opt/hostedtoolcache/Python/3.13.15/x64
2026-10-07T23:43:04.2450121Z   PKG_CONFIG_PATH: /opt/hostedtoolcache/Python/3.13.15/x64/lib/pkgconfig
2026-10-07T23:43:04.2450585Z   Python_ROOT_DIR: /opt/hostedtoolcache/Python/3.13.15/x64
2026-10-07T23:43:04.2450993Z   Python2_ROOT_DIR: /opt/hostedtoolcache/Python/3.13.15/x64
2026-10-07T23:43:04.2451404Z   Python3_ROOT_DIR: /opt/hostedtoolcache/Python/3.13.15/x64
2026-10-07T23:43:04.2451802Z   LD_LIBRARY_PATH: /opt/hostedtoolcache/Python/3.13.15/x64/lib
2026-10-07T23:43:04.2452454Z ##[endgroup]
2026-10-07T23:43:04.7283589Z $ node scripts/smoke-server-html-runtime.mjs && node scripts/check-server-html-worker.mjs
2026-10-07T23:43:05.0806566Z Compiled runtime: 486 link normalization/security/history/destination contracts passed.
2026-10-07T23:43:05.0808425Z Compiled runtime: inert inline lexical data, full reopen, real transactions/history and altered-carrier refusal passed.
2026-10-07T23:43:05.0896803Z Compiled runtime: 576 owned-attribute checks plus immutable snapshots/history passed.
2026-10-07T23:43:05.1781236Z Compiled runtime: 140 native emphasis and partial-schema retention checks passed.
2026-10-07T23:43:05.1783335Z Compiled runtime: protected Markdown images/rules/tables, exact source, native/canonical reopen and refusal guards passed.
2026-10-07T23:43:05.1784811Z Compiled runtime: anonymous HTML flow, native/canonical reopening and exact source passed.
2026-10-07T23:43:05.1802070Z Node 24.21.0: DOM-free server HTML import/export passed.
2026-10-07T23:43:05.1847068Z Node 24.21.0: inert HTML comment retention, canonical reopen and breakout rejection passed.
2026-10-07T23:43:05.1848754Z Node 24.21.0: complete HTML page-settings retention and invalid/fragment boundaries passed.
2026-10-07T23:43:05.1864611Z Node 24.21.0: block-returning Markdown paragraph recovery passed.
2026-10-07T23:43:05.2035008Z Node 24.21.0: lazy Markdown flow paragraph sources passed.
2026-10-07T23:43:06.4277209Z Cloudflare workerd (Miniflare): 486 link normalization/security/history/destination contracts passed.
2026-10-07T23:43:06.4279016Z Cloudflare workerd (Miniflare): inert inline lexical data, complete reopen, transactions/history and carrier refusal passed.
2026-10-07T23:43:06.4280726Z Cloudflare workerd (Miniflare): 576 owned-attribute checks plus immutable snapshots/history passed.
2026-10-07T23:43:06.4282914Z Cloudflare workerd (Miniflare): 140 native emphasis and partial-schema retention checks passed.
2026-10-07T23:43:06.4283776Z Cloudflare workerd (Miniflare): protected Markdown images/rules/tables, full reopen and refusal guards passed.
2026-10-07T23:43:06.4284729Z Cloudflare workerd (Miniflare): anonymous HTML flow without synthetic paragraphs and native/canonical reopening passed.
2026-10-07T23:43:06.4285617Z Cloudflare workerd (Miniflare): inert HTML comment retention, canonical reopen and breakout rejection passed.
2026-10-07T23:43:06.4286315Z Cloudflare workerd (Miniflare): DOM-free server HTML import/export passed.
2026-10-07T23:43:06.4287058Z Cloudflare workerd (Miniflare): complete HTML page-settings retention and invalid/fragment boundaries passed.
2026-10-07T23:43:06.4802757Z ##[group]Run bun scripts/smoke-server-html-runtime.mjs
2026-10-07T23:43:06.4803529Z [36;1mbun scripts/smoke-server-html-runtime.mjs[0m
2026-10-07T23:43:06.4879686Z shell: /usr/bin/bash -e {0}
2026-10-07T23:43:06.4879999Z env:
2026-10-07T23:43:06.4880280Z   PNPM_HOME: /home/runner/setup-pnpm/node_modules/.bin
2026-10-07T23:43:06.4880698Z   pythonLocation: /opt/hostedtoolcache/Python/3.13.15/x64
2026-10-07T23:43:06.4881167Z   PKG_CONFIG_PATH: /opt/hostedtoolcache/Python/3.13.15/x64/lib/pkgconfig
2026-10-07T23:43:06.4881614Z   Python_ROOT_DIR: /opt/hostedtoolcache/Python/3.13.15/x64
2026-10-07T23:43:06.4882014Z   Python2_ROOT_DIR: /opt/hostedtoolcache/Python/3.13.15/x64
2026-10-07T23:43:06.4882738Z   Python3_ROOT_DIR: /opt/hostedtoolcache/Python/3.13.15/x64
2026-10-07T23:43:06.4883140Z   LD_LIBRARY_PATH: /opt/hostedtoolcache/Python/3.13.15/x64/lib
2026-10-07T23:43:06.4883476Z ##[endgroup]
2026-10-07T23:43:06.8421436Z Compiled runtime: 486 link normalization/security/history/destination contracts passed.
2026-10-07T23:43:06.8423278Z Compiled runtime: inert inline lexical data, full reopen, real transactions/history and altered-carrier refusal passed.
2026-10-07T23:43:06.8504094Z Compiled runtime: 576 owned-attribute checks plus immutable snapshots/history passed.
2026-10-07T23:43:06.9486701Z Compiled runtime: 140 native emphasis and partial-schema retention checks passed.
2026-10-07T23:43:06.9488263Z Compiled runtime: protected Markdown images/rules/tables, exact source, native/canonical reopen and refusal guards passed.
2026-10-07T23:43:06.9489746Z Compiled runtime: anonymous HTML flow, native/canonical reopening and exact source passed.
2026-10-07T23:43:06.9507076Z Bun 1.4.2: DOM-free server HTML import/export passed.
2026-10-07T23:43:06.9553276Z Bun 1.4.2: inert HTML comment retention, canonical reopen and breakout rejection passed.
2026-10-07T23:43:06.9554680Z Bun 1.4.2: complete HTML page-settings retention and invalid/fragment boundaries passed.
2026-10-07T23:43:06.9559901Z Bun 1.4.2: block-returning Markdown paragraph recovery passed.
2026-10-07T23:43:06.9747211Z Bun 1.4.2: lazy Markdown flow paragraph sources passed.
2026-10-07T23:43:06.9838322Z ##[group]Run deno run --allow-read scripts/smoke-server-html-runtime.mjs
2026-10-07T23:43:06.9838897Z [36;1mdeno run --allow-read scripts/smoke-server-html-runtime.mjs[0m
2026-10-07T23:43:06.9903886Z shell: /usr/bin/bash -e {0}
2026-10-07T23:43:06.9904168Z env:
2026-10-07T23:43:06.9904433Z   PNPM_HOME: /home/runner/setup-pnpm/node_modules/.bin
2026-10-07T23:43:06.9904826Z   pythonLocation: /opt/hostedtoolcache/Python/3.13.15/x64
2026-10-07T23:43:06.9905270Z   PKG_CONFIG_PATH: /opt/hostedtoolcache/Python/3.13.15/x64/lib/pkgconfig
2026-10-07T23:43:06.9905701Z   Python_ROOT_DIR: /opt/hostedtoolcache/Python/3.13.15/x64
2026-10-07T23:43:06.9906089Z   Python2_ROOT_DIR: /opt/hostedtoolcache/Python/3.13.15/x64
2026-10-07T23:43:06.9906479Z   Python3_ROOT_DIR: /opt/hostedtoolcache/Python/3.13.15/x64
2026-10-07T23:43:06.9906868Z   LD_LIBRARY_PATH: /opt/hostedtoolcache/Python/3.13.15/x64/lib
2026-10-07T23:43:06.9907206Z ##[endgroup]
2026-10-07T23:43:07.3998562Z Compiled runtime: 486 link normalization/security/history/destination contracts passed.
2026-10-07T23:43:07.3999793Z Compiled runtime: inert inline lexical data, full reopen, real transactions/history and altered-carrier refusal passed.
2026-10-07T23:43:07.4075463Z Compiled runtime: 576 owned-attribute checks plus immutable snapshots/history passed.
2026-10-07T23:43:07.4971583Z Compiled runtime: 140 native emphasis and partial-schema retention checks passed.
2026-10-07T23:43:07.4973872Z Compiled runtime: protected Markdown images/rules/tables, exact source, native/canonical reopen and refusal guards passed.
2026-10-07T23:43:07.4975618Z Compiled runtime: anonymous HTML flow, native/canonical reopening and exact source passed.
2026-10-07T23:43:07.4989519Z Deno 2.9.3: DOM-free server HTML import/export passed.
2026-10-07T23:43:07.5034662Z Deno 2.9.3: inert HTML comment retention, canonical reopen and breakout rejection passed.
2026-10-07T23:43:07.5036081Z Deno 2.9.3: complete HTML page-settings retention and invalid/fragment boundaries passed.
2026-10-07T23:43:07.5043722Z Deno 2.9.3: block-returning Markdown paragraph recovery passed.
2026-10-07T23:43:07.5217271Z Deno 2.9.3: lazy Markdown flow paragraph sources passed.
2026-10-07T23:43:07.5468539Z ##[group]Run pnpm test:package
2026-10-07T23:43:07.5469091Z [36;1mpnpm test:package[0m
2026-10-07T23:43:07.5546658Z shell: /usr/bin/bash -e {0}
2026-10-07T23:43:07.5546984Z env:
2026-10-07T23:43:07.5547261Z   PNPM_HOME: /home/runner/setup-pnpm/node_modules/.bin
2026-10-07T23:43:07.5547662Z   pythonLocation: /opt/hostedtoolcache/Python/3.13.15/x64
2026-10-07T23:43:07.5548111Z   PKG_CONFIG_PATH: /opt/hostedtoolcache/Python/3.13.15/x64/lib/pkgconfig
2026-10-07T23:43:07.5548598Z   Python_ROOT_DIR: /opt/hostedtoolcache/Python/3.13.15/x64
2026-10-07T23:43:07.5548990Z   Python2_ROOT_DIR: /opt/hostedtoolcache/Python/3.13.15/x64
2026-10-07T23:43:07.5549373Z   Python3_ROOT_DIR: /opt/hostedtoolcache/Python/3.13.15/x64
2026-10-07T23:43:07.5549759Z   LD_LIBRARY_PATH: /opt/hostedtoolcache/Python/3.13.15/x64/lib
2026-10-07T23:43:07.5550094Z ##[endgroup]
2026-10-07T23:43:08.0296609Z $ node scripts/smoke-package.mjs
2026-10-07T23:43:09.5365155Z Packed ESM: 486 link normalization/security/history/destination contracts passed.
2026-10-07T23:43:09.6035644Z Packed ESM: 140 native emphasis and partial-schema retention checks passed.
2026-10-07T23:43:09.6149701Z Packed ESM root/core: 576/576 owned-attribute checks plus immutable snapshots/history passed.
2026-10-07T23:43:09.6333512Z Packed ESM root/core: DOM-free direction/history/HTML/loss-report contracts passed.
2026-10-07T23:43:09.9763403Z Packed CommonJS: 486 link normalization/security/history/destination contracts passed.
2026-10-07T23:43:10.0395305Z Packed CommonJS: 140 native emphasis and partial-schema retention checks passed.
2026-10-07T23:43:10.0503745Z Packed CommonJS root/core: 576/576 owned-attribute checks plus immutable snapshots/history passed.
2026-10-07T23:43:10.0591656Z Packed CommonJS root/core: DOM-free direction/history/HTML/loss-report contracts passed.
2026-10-07T23:43:10.2788637Z ESM, CommonJS, headless core, AI document tools, conversations, generated media, DOCX interchange, document utilities, full emoji data, React, comments, tracked changes, versions, details, ruby, text style, extension testing, migrations, stable node IDs, table of contents, text integrity, integrity DOM, React integrity, structured attributes, pure-Node HTML, portable widgets, DOM widgets, React widgets, pages, DOM page measurement, page preview, document schema, Yjs, and Web Component package exports loaded successfully.
2026-10-07T23:43:10.3140499Z ##[group]Run pnpm test:headless
2026-10-07T23:43:10.3140833Z [36;1mpnpm test:headless[0m
2026-10-07T23:43:10.3204535Z shell: /usr/bin/bash -e {0}
2026-10-07T23:43:10.3204811Z env:
2026-10-07T23:43:10.3205098Z   PNPM_HOME: /home/runner/setup-pnpm/node_modules/.bin
2026-10-07T23:43:10.3205545Z   pythonLocation: /opt/hostedtoolcache/Python/3.13.15/x64
2026-10-07T23:43:10.3206035Z   PKG_CONFIG_PATH: /opt/hostedtoolcache/Python/3.13.15/x64/lib/pkgconfig
2026-10-07T23:43:10.3206529Z   Python_ROOT_DIR: /opt/hostedtoolcache/Python/3.13.15/x64
2026-10-07T23:43:10.3207213Z   Python2_ROOT_DIR: /opt/hostedtoolcache/Python/3.13.15/x64
2026-10-07T23:43:10.3207683Z   Python3_ROOT_DIR: /opt/hostedtoolcache/Python/3.13.15/x64
2026-10-07T23:43:10.3208158Z   LD_LIBRARY_PATH: /opt/hostedtoolcache/Python/3.13.15/x64/lib
2026-10-07T23:43:10.3208552Z ##[endgroup]
2026-10-07T23:43:10.7881304Z $ node scripts/check-headless-boundary.mjs && tsc -p tsconfig.headless.json
2026-10-07T23:43:10.8346049Z Headless source boundary verified across 98 modules.
2026-10-07T23:43:11.0764977Z ##[group]Run pnpm test:markdown-conformance
2026-10-07T23:43:11.0765388Z [36;1mpnpm test:markdown-conformance[0m
2026-10-07T23:43:11.0831603Z shell: /usr/bin/bash -e {0}
2026-10-07T23:43:11.0831868Z env:
2026-10-07T23:43:11.0832459Z   PNPM_HOME: /home/runner/setup-pnpm/node_modules/.bin
2026-10-07T23:43:11.0832879Z   pythonLocation: /opt/hostedtoolcache/Python/3.13.15/x64
2026-10-07T23:43:11.0833322Z   PKG_CONFIG_PATH: /opt/hostedtoolcache/Python/3.13.15/x64/lib/pkgconfig
2026-10-07T23:43:11.0833809Z   Python_ROOT_DIR: /opt/hostedtoolcache/Python/3.13.15/x64
2026-10-07T23:43:11.0834198Z   Python2_ROOT_DIR: /opt/hostedtoolcache/Python/3.13.15/x64
2026-10-07T23:43:11.0834592Z   Python3_ROOT_DIR: /opt/hostedtoolcache/Python/3.13.15/x64
2026-10-07T23:43:11.0834995Z   LD_LIBRARY_PATH: /opt/hostedtoolcache/Python/3.13.15/x64/lib
2026-10-07T23:43:11.0835321Z ##[endgroup]
2026-10-07T23:43:11.5442003Z $ node scripts/check-markdown-conformance.mjs
2026-10-07T23:43:13.2366002Z Delimiter neighbors: 6674 generated LF/CRLF reference-semantic, exact-source and complete native canonical contracts passed; not official-corpus matches.
2026-10-07T23:43:13.2605591Z Code labels: 34 LF/CRLF full reference-semantic, exact-source and canonical round-trip contracts passed.
2026-10-07T23:43:13.3292565Z Identity-preserving flow: 48 safe-fallback/source checks; 8 fixtures still declined on this route. Lazy paragraph context distinguishes the legacy collision.
2026-10-07T23:43:13.3511269Z Explicit paragraph-source flow: 8 LF/CRLF exact-code/source contracts; 2 full structural matches. Outer-div mismatches retained; 4 structural fixture kinds still declined.
2026-10-07T23:43:13.4155318Z Explicit structural source flow: 58 LF/CRLF reference-code/source contracts. Paragraphs, headings, code, plain hard breaks and list/quote nesting supported; outer-div mismatches remain. Separate contracts cover protected Markdown images/rules and pipe tables; specialized unsupported blocks still refuse conversion.
2026-10-07T23:43:13.4584355Z Structural source flow: 44 LF/CRLF full reference-structure and exact-source contracts outside pre.
2026-10-07T23:43:13.4604559Z Entity newlines: 12 reference text-character and canonical round-trip contracts passed.
2026-10-07T23:43:13.4706055Z Code origins: 20 LF/CRLF import/source contracts; identical-HTML provenance distinguished; 6 newline corruptions rejected.
2026-10-07T23:43:13.4730443Z Table projection: unit spans/cell wrappers equivalent; 14 structural/content corruptions rejected.
2026-10-07T23:43:13.4869062Z Formatting scopes: 20 reference semantic/source contracts; 10 corruptions rejected.
2026-10-07T23:43:13.4885782Z Inline block HTML: 2 existing literal fallbacks retained, explicitly not counted as conformance.
2026-10-07T23:43:13.5639590Z Paragraph recovery: 76 opt-in reference/source contracts; existing baselines unchanged.
2026-10-07T23:43:13.8013232Z Paragraph recovery: 1304 corpus source-retention checks; not full semantic conformance.
2026-10-07T23:43:14.0606885Z Reference parser reproduced all 652 official HTML outputs exactly.
2026-10-07T23:43:14.0608347Z Inert raw HTML: 72/72 semantic, 72/72 exact token contracts; 144/144 generated boundary/round-trip contracts.
2026-10-07T23:43:14.0610185Z Oracle sensitivity: 8 semantic and 2 literal-whitespace corruptions rejected; reference parser absent from 148 runtime source maps.
2026-10-07T23:43:14.0612590Z URL oracle sensitivity: 4 raw-control/backslash aliases rejected; 3 TAB/LF/CR preprocessing equivalences; 2 reviewed URI equivalents retained.
2026-10-07T23:43:14.1319056Z Literal-address import policy: 566/566 reference semantic contracts passed (default baseline unchanged).
2026-10-07T23:43:14.1349385Z CommonMark 0.31.2: 563/652 examples match Fountain's neutral semantic projection.
2026-10-07T23:43:14.1350560Z Baseline classifications: 563 matching, 72 pending, 17 intentional divergences.
2026-10-07T23:43:14.2674098Z Opt-in HTML flow: 1304 exact-source contracts passed (LF/CRLF); not semantic conformance.
2026-10-07T23:43:14.3758441Z Opt-in HTML block + inline semantics: 579/652 exact neutral-projection matches; remaining differences unresolved, not full conformance.
2026-10-07T23:43:14.4025655Z Optional HTML containers: 26 reference-semantic and 26 exact-source checks; existing schema/profile scores unchanged.
2026-10-07T23:43:14.7718006Z Opt-in source recovery: 580/652 neutral-projection matches on LF and CRLF; 1304 separate exact-source checks. Not full CommonMark conformance.
2026-10-07T23:43:15.1891601Z Whole-document optional-container profile: 601/652; 1304 separate exact-source checks.
2026-10-07T23:43:15.6413523Z Whole-document optional-container+comment profile: 613/652; 1304 separate exact-source checks.
2026-10-07T23:43:16.0609176Z Whole-document optional-container+comment+anonymous-flow profile: 613/652; 1304 separate exact-source checks.
2026-10-07T23:43:16.1036529Z ##[group]Run pnpm test:math-reference
2026-10-07T23:43:16.1036909Z [36;1mpnpm test:math-reference[0m
2026-10-07T23:43:16.1100752Z shell: /usr/bin/bash -e {0}
2026-10-07T23:43:16.1101037Z env:
2026-10-07T23:43:16.1101328Z   PNPM_HOME: /home/runner/setup-pnpm/node_modules/.bin
2026-10-07T23:43:16.1101768Z   pythonLocation: /opt/hostedtoolcache/Python/3.13.15/x64
2026-10-07T23:43:16.1102416Z   PKG_CONFIG_PATH: /opt/hostedtoolcache/Python/3.13.15/x64/lib/pkgconfig
2026-10-07T23:43:16.1102905Z   Python_ROOT_DIR: /opt/hostedtoolcache/Python/3.13.15/x64
2026-10-07T23:43:16.1103346Z   Python2_ROOT_DIR: /opt/hostedtoolcache/Python/3.13.15/x64
2026-10-07T23:43:16.1103796Z   Python3_ROOT_DIR: /opt/hostedtoolcache/Python/3.13.15/x64
2026-10-07T23:43:16.1104236Z   LD_LIBRARY_PATH: /opt/hostedtoolcache/Python/3.13.15/x64/lib
2026-10-07T23:43:16.1104604Z ##[endgroup]
2026-10-07T23:43:16.5707134Z $ node scripts/audit-math-labels.mjs
2026-10-07T23:43:16.8062675Z {
2026-10-07T23:43:16.8063409Z   "renderer": "MathJax 4.1.3",
2026-10-07T23:43:16.8064045Z   "status": "reference-semantics-verified",
2026-10-07T23:43:16.8065505Z   "fountainStatus": "document-context API and bounded host SVG/reader lab implemented; this script checks semantics only, not whole-paper or export parity",
2026-10-07T23:43:16.8066654Z   "equations": [
2026-10-07T23:43:16.8066972Z     {
2026-10-07T23:43:16.8067588Z       "sha256": "d43aafd64986470149793169e6c1f001eae2f66706335d4b5e6864ff4fc465b7",
2026-10-07T23:43:16.8068254Z       "tags": [
2026-10-07T23:43:16.8068566Z         {
2026-10-07T23:43:16.8068918Z           "id": "mjx-eqn:eq:dNFE",
2026-10-07T23:43:16.8069365Z           "text": "(1)",
2026-10-07T23:43:16.8069727Z           "row": 0
2026-10-07T23:43:16.8070021Z         }
2026-10-07T23:43:16.8070294Z       ]
2026-10-07T23:43:16.8070577Z     },
2026-10-07T23:43:16.8070862Z     {
2026-10-07T23:43:16.8071538Z       "sha256": "b8ae1e0dc1cbaf7c15846891804d22fa0581f45f54e14e4da7857061ab57d3ec",
2026-10-07T23:43:16.8072575Z       "tags": [
2026-10-07T23:43:16.8072913Z         {
2026-10-07T23:43:16.8073377Z           "id": "mjx-eqn:eq:dSNFE",
2026-10-07T23:43:16.8073802Z           "text": "(2)",
2026-10-07T23:43:16.8074175Z           "row": 1
2026-10-07T23:43:16.8074568Z         }
2026-10-07T23:43:16.8074885Z       ]
2026-10-07T23:43:16.8075166Z     }
2026-10-07T23:43:16.8075414Z   ],
2026-10-07T23:43:16.8075728Z   "backwardReferences": [
2026-10-07T23:43:16.8076157Z     [
2026-10-07T23:43:16.8076487Z       {
2026-10-07T23:43:16.8076780Z         "text": "(1)",
2026-10-07T23:43:16.8077233Z         "href": "#mjx-eqn%3Aeq%3AdNFE"
2026-10-07T23:43:16.8077698Z       }
2026-10-07T23:43:16.8077998Z     ],
2026-10-07T23:43:16.8078854Z     [
2026-10-07T23:43:16.8079153Z       {
2026-10-07T23:43:16.8079504Z         "text": "(2)",
2026-10-07T23:43:16.8079981Z         "href": "#mjx-eqn%3Aeq%3AdSNFE"
2026-10-07T23:43:16.8080460Z       }
2026-10-07T23:43:16.8080802Z     ]
2026-10-07T23:43:16.8081143Z   ],
2026-10-07T23:43:16.8081577Z   "reorderedForwardReferences": [
2026-10-07T23:43:16.8082038Z     [
2026-10-07T23:43:16.8082641Z       {
2026-10-07T23:43:16.8083004Z         "text": "(2)",
2026-10-07T23:43:16.8083515Z         "href": "#mjx-eqn%3Aeq%3AdNFE"
2026-10-07T23:43:16.8083983Z       }
2026-10-07T23:43:16.8084293Z     ],
2026-10-07T23:43:16.8084578Z     [
2026-10-07T23:43:16.8084860Z       {
2026-10-07T23:43:16.8085209Z         "text": "(1)",
2026-10-07T23:43:16.8085669Z         "href": "#mjx-eqn%3Aeq%3AdSNFE"
2026-10-07T23:43:16.8086116Z       }
2026-10-07T23:43:16.8086524Z     ]
2026-10-07T23:43:16.8086940Z   ],
2026-10-07T23:43:16.8087392Z   "deletedTarget": [
2026-10-07T23:43:16.8087866Z     {
2026-10-07T23:43:16.8088268Z       "text": "(???)",
2026-10-07T23:43:16.8088679Z       "href": "#"
2026-10-07T23:43:16.8089037Z     }
2026-10-07T23:43:16.8089373Z   ],
2026-10-07T23:43:16.8089684Z   "checks": [
2026-10-07T23:43:16.8090073Z     "unchanged source",
2026-10-07T23:43:16.8090620Z     "nonumber defers label to numbered row",
2026-10-07T23:43:16.8091505Z     "backward references",
2026-10-07T23:43:16.8091996Z     "forward references",
2026-10-07T23:43:16.8092888Z     "reorder renumbering",
2026-10-07T23:43:16.8093386Z     "fresh-snapshot repeatability",
2026-10-07T23:43:16.8093992Z     "deleted target remains unresolved",
2026-10-07T23:43:16.8094599Z     "duplicate labels rejected",
2026-10-07T23:43:16.8095215Z     "starred environments",
2026-10-07T23:43:16.8095748Z     "manual tags",
2026-10-07T23:43:16.8096253Z     "unsupported commands rejected"
2026-10-07T23:43:16.8096720Z   ]
2026-10-07T23:43:16.8097048Z }
2026-10-07T23:43:16.9125602Z ##[group]Run pnpm test:docx-interoperability
2026-10-07T23:43:16.9126197Z [36;1mpnpm test:docx-interoperability[0m
2026-10-07T23:43:16.9192283Z shell: /usr/bin/bash -e {0}
2026-10-07T23:43:16.9192560Z env:
2026-10-07T23:43:16.9192840Z   PNPM_HOME: /home/runner/setup-pnpm/node_modules/.bin
2026-10-07T23:43:16.9193262Z   pythonLocation: /opt/hostedtoolcache/Python/3.13.15/x64
2026-10-07T23:43:16.9193717Z   PKG_CONFIG_PATH: /opt/hostedtoolcache/Python/3.13.15/x64/lib/pkgconfig
2026-10-07T23:43:16.9194167Z   Python_ROOT_DIR: /opt/hostedtoolcache/Python/3.13.15/x64
2026-10-07T23:43:16.9194573Z   Python2_ROOT_DIR: /opt/hostedtoolcache/Python/3.13.15/x64
2026-10-07T23:43:16.9194976Z   Python3_ROOT_DIR: /opt/hostedtoolcache/Python/3.13.15/x64
2026-10-07T23:43:16.9195383Z   LD_LIBRARY_PATH: /opt/hostedtoolcache/Python/3.13.15/x64/lib
2026-10-07T23:43:16.9195722Z ##[endgroup]
2026-10-07T23:43:17.3906916Z $ node scripts/check-docx-interoperability.mjs && node scripts/check-docx-table-text.mjs && node scripts/check-docx-quote-appearance.mjs
2026-10-07T23:43:17.7204264Z python-docx opened Fountain media and edited a typed glossary; Fountain retained glossary roles and independent body/cell controls with two explicit behavior-loss warnings (49 additional style/interchange diagnostics retained).
2026-10-07T23:43:17.9181305Z ESM: DOM-free shipped DOCX table text, Word toggle resets, regional paragraph layout and native reopening passed.
2026-10-07T23:43:17.9489219Z CommonJS: DOM-free shipped DOCX table text, Word toggle resets, regional paragraph layout and native reopening passed.
2026-10-07T23:43:18.2055563Z ESM: complete bordered/borderless quote JSON, native Word styles, neutral HTML, core editing/history and Yjs local undo retain source-owned appearance without DOM.
2026-10-07T23:43:18.4047457Z CommonJS: complete bordered/borderless quote JSON, native Word styles, neutral HTML, core editing/history and Yjs local undo retain source-owned appearance without DOM.
2026-10-07T23:43:18.4331008Z ##[group]Run pnpm test:budget
2026-10-07T23:43:18.4331336Z [36;1mpnpm test:budget[0m
2026-10-07T23:43:18.4395271Z shell: /usr/bin/bash -e {0}
2026-10-07T23:43:18.4395760Z env:
2026-10-07T23:43:18.4396028Z   PNPM_HOME: /home/runner/setup-pnpm/node_modules/.bin
2026-10-07T23:43:18.4396448Z   pythonLocation: /opt/hostedtoolcache/Python/3.13.15/x64
2026-10-07T23:43:18.4396917Z   PKG_CONFIG_PATH: /opt/hostedtoolcache/Python/3.13.15/x64/lib/pkgconfig
2026-10-07T23:43:18.4397427Z   Python_ROOT_DIR: /opt/hostedtoolcache/Python/3.13.15/x64
2026-10-07T23:43:18.4397839Z   Python2_ROOT_DIR: /opt/hostedtoolcache/Python/3.13.15/x64
2026-10-07T23:43:18.4398253Z   Python3_ROOT_DIR: /opt/hostedtoolcache/Python/3.13.15/x64
2026-10-07T23:43:18.4398666Z   LD_LIBRARY_PATH: /opt/hostedtoolcache/Python/3.13.15/x64/lib
2026-10-07T23:43:18.4399013Z ##[endgroup]
2026-10-07T23:43:18.9023535Z $ node scripts/check-build-budgets.mjs
2026-10-07T23:43:18.9415261Z dist/index.js: 80.9 KiB / 111 KiB
2026-10-07T23:43:18.9417865Z dist/index.cjs: 68.5 KiB / 93 KiB
2026-10-07T23:43:18.9418641Z dist/core.js: 8.8 KiB / 9 KiB
2026-10-07T23:43:18.9419367Z dist/core.cjs: 8.0 KiB / 8.1 KiB
2026-10-07T23:43:18.9420207Z dist/ai-document-tools.js: 16.4 KiB / 18 KiB
2026-10-07T23:43:18.9421198Z dist/ai-document-tools.cjs: 13.6 KiB / 15 KiB
2026-10-07T23:43:18.9422442Z dist/ai-conversation.js: 15.6 KiB / 17 KiB
2026-10-07T23:43:18.9423333Z dist/ai-conversation.cjs: 13.1 KiB / 14 KiB
2026-10-07T23:43:18.9424206Z dist/ai-generated-media.js: 10.5 KiB / 11 KiB
2026-10-07T23:43:18.9425067Z dist/ai-generated-media.cjs: 8.9 KiB / 10 KiB
2026-10-07T23:43:18.9425868Z dist/docx.js: 183.8 KiB / 184 KiB
2026-10-07T23:43:18.9426566Z dist/docx.cjs: 148.6 KiB / 148.8 KiB
2026-10-07T23:43:18.9427356Z HTML5 entity decoder ESM: 42.6 KiB / 43 KiB
2026-10-07T23:43:18.9428189Z HTML5 entity decoder CommonJS: 40.4 KiB / 41 KiB
2026-10-07T23:43:18.9429023Z dist/document-utilities.js: 23.3 KiB / 36 KiB
2026-10-07T23:43:18.9429898Z dist/document-utilities.cjs: 18.9 KiB / 30 KiB
2026-10-07T23:43:18.9430769Z dist/emoji-data.js: 323.6 KiB / 340 KiB
2026-10-07T23:43:18.9431547Z dist/emoji-data.cjs: 268.1 KiB / 280 KiB
2026-10-07T23:43:18.9432487Z dist/react.js: 91.5 KiB / 91.5 KiB
2026-10-07T23:43:18.9433138Z dist/react.cjs: 68.6 KiB / 68.8 KiB
2026-10-07T23:43:18.9433720Z dist/vue.js: 1.7 KiB / 3 KiB
2026-10-07T23:43:18.9434329Z dist/vue.cjs: 1.4 KiB / 3 KiB
2026-10-07T23:43:18.9434935Z dist/svelte.js: 1.1 KiB / 2 KiB
2026-10-07T23:43:18.9435554Z dist/svelte.cjs: 0.9 KiB / 2 KiB
2026-10-07T23:43:18.9436283Z dist/angular/index.js: 4.1 KiB / 5 KiB
2026-10-07T23:43:18.9436973Z dist/yjs.js: 26.8 KiB / 30 KiB
2026-10-07T23:43:18.9437566Z dist/yjs.cjs: 22.4 KiB / 25 KiB
2026-10-07T23:43:18.9438195Z dist/comments.js: 29.1 KiB / 30 KiB
2026-10-07T23:43:18.9438858Z dist/comments.cjs: 23.6 KiB / 25 KiB
2026-10-07T23:43:18.9439607Z dist/react-comments.js: 9.6 KiB / 11 KiB
2026-10-07T23:43:18.9440326Z dist/react-comments.cjs: 6.9 KiB / 8 KiB
2026-10-07T23:43:18.9441160Z dist/tracked-changes.js: 27.9 KiB / 30 KiB
2026-10-07T23:43:18.9441994Z dist/tracked-changes.cjs: 23.1 KiB / 25 KiB
2026-10-07T23:43:18.9443499Z dist/react-tracked-changes.js: 7.5 KiB / 9 KiB
2026-10-07T23:43:18.9444290Z dist/react-tracked-changes.cjs: 5.6 KiB / 7 KiB
2026-10-07T23:43:18.9444988Z dist/versions.js: 28.7 KiB / 35 KiB
2026-10-07T23:43:18.9445603Z dist/versions.cjs: 23.8 KiB / 30 KiB
2026-10-07T23:43:18.9446229Z dist/react-versions.js: 9.8 KiB / 18 KiB
2026-10-07T23:43:18.9446889Z dist/react-versions.cjs: 7.2 KiB / 14 KiB
2026-10-07T23:43:18.9447474Z dist/details.js: 7.5 KiB / 10 KiB
2026-10-07T23:43:18.9448065Z dist/details.cjs: 6.2 KiB / 8 KiB
2026-10-07T23:43:18.9448619Z dist/ruby.js: 10.7 KiB / 12 KiB
2026-10-07T23:43:18.9449189Z dist/ruby.cjs: 9.0 KiB / 10 KiB
2026-10-07T23:43:18.9449804Z dist/text-style.js: 0.9 KiB / 2 KiB
2026-10-07T23:43:18.9450444Z dist/text-style.cjs: 0.9 KiB / 2 KiB
2026-10-07T23:43:18.9450994Z dist/testing.js: 6.3 KiB / 7 KiB
2026-10-07T23:43:18.9452287Z dist/testing.cjs: 5.3 KiB / 6 KiB
2026-10-07T23:43:18.9452971Z dist/migrations.js: 6.9 KiB / 8 KiB
2026-10-07T23:43:18.9453705Z dist/migrations.cjs: 6.0 KiB / 7 KiB
2026-10-07T23:43:18.9454461Z dist/node-ids.js: 8.5 KiB / 9 KiB
2026-10-07T23:43:18.9454788Z dist/node-ids.cjs: 7.0 KiB / 8 KiB
2026-10-07T23:43:18.9455141Z dist/table-of-contents.js: 5.6 KiB / 7 KiB
2026-10-07T23:43:18.9455518Z dist/table-of-contents.cjs: 4.6 KiB / 6 KiB
2026-10-07T23:43:18.9455871Z dist/integrity.js: 11.2 KiB / 13 KiB
2026-10-07T23:43:18.9456199Z dist/integrity.cjs: 9.1 KiB / 11 KiB
2026-10-07T23:43:18.9456519Z dist/integrity-dom.js: 5.0 KiB / 6 KiB
2026-10-07T23:43:18.9456851Z dist/integrity-dom.cjs: 4.3 KiB / 5 KiB
2026-10-07T23:43:18.9457191Z dist/react-integrity.js: 7.9 KiB / 12 KiB
2026-10-07T23:43:18.9457550Z dist/react-integrity.cjs: 6.0 KiB / 10 KiB
2026-10-07T23:43:18.9457923Z dist/structured-attributes.js: 9.8 KiB / 11 KiB
2026-10-07T23:43:18.9458309Z dist/structured-attributes.cjs: 8.2 KiB / 9 KiB
2026-10-07T23:43:18.9458682Z dist/html-server.js: 256.0 KiB / 270 KiB
2026-10-07T23:43:18.9459016Z dist/html-server.cjs: 208.1 KiB / 225 KiB
2026-10-07T23:43:18.9459338Z dist/html-inert.js: 6.0 KiB / 7 KiB
2026-10-07T23:43:18.9459659Z dist/html-inert.cjs: 5.1 KiB / 6 KiB
2026-10-07T23:43:18.9459963Z dist/widgets.js: 8.6 KiB / 9 KiB
2026-10-07T23:43:18.9460272Z dist/widgets.cjs: 7.2 KiB / 8 KiB
2026-10-07T23:43:18.9460606Z dist/widgets-dom.js: 4.6 KiB / 5 KiB
2026-10-07T23:43:18.9460939Z dist/widgets-dom.cjs: 3.9 KiB / 5 KiB
2026-10-07T23:43:18.9461263Z dist/react-widgets.js: 1.5 KiB / 2 KiB
2026-10-07T23:43:18.9461600Z dist/react-widgets.cjs: 1.3 KiB / 2 KiB
2026-10-07T23:43:18.9461925Z dist/pages.js: 11.0 KiB / 23 KiB
2026-10-07T23:43:18.9462566Z dist/pages.cjs: 9.1 KiB / 19 KiB
2026-10-07T23:43:18.9462926Z dist/pages-dom.js: 52.5 KiB / 54 KiB
2026-10-07T23:43:18.9463313Z dist/pages-dom.cjs: 43.8 KiB / 45 KiB
2026-10-07T23:43:18.9464016Z dist/pages-preview.js: 13.2 KiB / 14 KiB
2026-10-07T23:43:18.9464727Z dist/pages-preview.cjs: 11.2 KiB / 12 KiB
2026-10-07T23:43:18.9465268Z dist/styles.css: 86.6 KiB / 86.8 KiB
2026-10-07T23:43:18.9465794Z all ESM runtime code: 1590.0 KiB / 1590.3 KiB
2026-10-07T23:43:18.9466413Z all CommonJS runtime code: 1322.7 KiB / 1323 KiB
2026-10-07T23:43:18.9674257Z ##[group]Run pnpm typecheck
2026-10-07T23:43:18.9674780Z [36;1mpnpm typecheck[0m
2026-10-07T23:43:18.9742506Z shell: /usr/bin/bash -e {0}
2026-10-07T23:43:18.9742782Z env:
2026-10-07T23:43:18.9743041Z   PNPM_HOME: /home/runner/setup-pnpm/node_modules/.bin
2026-10-07T23:43:18.9743439Z   pythonLocation: /opt/hostedtoolcache/Python/3.13.15/x64
2026-10-07T23:43:18.9743888Z   PKG_CONFIG_PATH: /opt/hostedtoolcache/Python/3.13.15/x64/lib/pkgconfig
2026-10-07T23:43:18.9744334Z   Python_ROOT_DIR: /opt/hostedtoolcache/Python/3.13.15/x64
2026-10-07T23:43:18.9744722Z   Python2_ROOT_DIR: /opt/hostedtoolcache/Python/3.13.15/x64
2026-10-07T23:43:18.9745106Z   Python3_ROOT_DIR: /opt/hostedtoolcache/Python/3.13.15/x64
2026-10-07T23:43:18.9745492Z   LD_LIBRARY_PATH: /opt/hostedtoolcache/Python/3.13.15/x64/lib
2026-10-07T23:43:18.9745819Z ##[endgroup]
2026-10-07T23:43:19.4398519Z $ tsc --noEmit && pnpm test:svelte-types && pnpm test:angular-types
2026-10-07T23:43:22.2840652Z $ pnpm --dir tools/svelte-check exec svelte-check --workspace ../.. --tsconfig tsconfig.svelte.json --fail-on-warnings
2026-10-07T23:43:27.7505803Z Loading svelte-check in workspace: /home/runner/work/fountainjs/fountainjs
2026-10-07T23:43:27.7507142Z Getting Svelte diagnostics...
2026-10-07T23:43:27.7507661Z 
2026-10-07T23:43:27.7532987Z [32msvelte-check found 0 errors and 0 warnings
2026-10-07T23:43:28.2523128Z $ pnpm --dir tools/angular-build exec ngc -p ../../tsconfig.angular.json --noEmit && pnpm --dir tools/angular-build exec ngc -p ../../tsconfig.angular-demo.json --noEmit
2026-10-07T23:43:32.3790559Z [39m
2026-10-07T23:43:32.3822629Z ##[group]Run pnpm test
2026-10-07T23:43:32.3823112Z [36;1mpnpm test[0m
2026-10-07T23:43:32.3886334Z shell: /usr/bin/bash -e {0}
2026-10-07T23:43:32.3886598Z env:
2026-10-07T23:43:32.3886862Z   PNPM_HOME: /home/runner/setup-pnpm/node_modules/.bin
2026-10-07T23:43:32.3887280Z   pythonLocation: /opt/hostedtoolcache/Python/3.13.15/x64
2026-10-07T23:43:32.3887971Z   PKG_CONFIG_PATH: /opt/hostedtoolcache/Python/3.13.15/x64/lib/pkgconfig
2026-10-07T23:43:32.3888439Z   Python_ROOT_DIR: /opt/hostedtoolcache/Python/3.13.15/x64
2026-10-07T23:43:32.3888859Z   Python2_ROOT_DIR: /opt/hostedtoolcache/Python/3.13.15/x64
2026-10-07T23:43:32.3889266Z   Python3_ROOT_DIR: /opt/hostedtoolcache/Python/3.13.15/x64
2026-10-07T23:43:32.3889675Z   LD_LIBRARY_PATH: /opt/hostedtoolcache/Python/3.13.15/x64/lib
2026-10-07T23:43:32.3890018Z ##[endgroup]
2026-10-07T23:43:32.8569173Z $ vitest run
2026-10-07T23:43:33.1511226Z 
2026-10-07T23:43:33.1515384Z [1m[30m[46m RUN [49m[39m[22m [36mv5.0.0 [39m[90m/home/runner/work/fountainjs/fountainjs[39m
2026-10-07T23:43:33.1515906Z 
2026-10-07T23:43:35.2272438Z  [32m✓[39m tests/core.test.ts [2m([22m[2m55 tests[22m[2m)[22m[32m 138[2mms[22m[39m
2026-10-07T23:43:35.6918749Z  [32m✓[39m tests/markdown-format.test.ts [2m([22m[2m113 tests[22m[2m)[22m[33m 552[2mms[22m[39m
2026-10-07T23:43:35.6920470Z    [32m✓[39m Markdown interchange [2m(113)[22m
2026-10-07T23:43:35.6922724Z      [33m[2m✓[22m[39m bounds per-block provenance while retaining whole-source exactness[33m 306[2mms[22m[39m
2026-10-07T23:43:36.7894376Z  [32m✓[39m tests/pages-dom.test.ts [2m([22m[2m19 tests[22m[2m)[22m[33m 817[2mms[22m[39m
2026-10-07T23:43:37.4441427Z  [32m✓[39m tests/view.test.ts [2m([22m[2m45 tests[22m[2m)[22m[33m 894[2mms[22m[39m
2026-10-07T23:43:37.7365086Z  [32m✓[39m tests/pages-dom-preview.test.ts [2m([22m[2m16 tests[22m[2m)[22m[33m 529[2mms[22m[39m
2026-10-07T23:43:37.7594033Z  [32m✓[39m tests/docx.test.ts [2m([22m[2m17 tests[22m[2m)[22m[32m 231[2mms[22m[39m
2026-10-07T23:43:38.3626485Z  [32m✓[39m tests/server-html.test.ts [2m([22m[2m37 tests[22m[2m)[22m[32m 188[2mms[22m[39m
2026-10-07T23:43:39.2760948Z  [32m✓[39m tests/document-utilities.test.ts [2m([22m[2m42 tests[22m[2m)[22m[32m 164[2mms[22m[39m
2026-10-07T23:43:39.3434180Z  [32m✓[39m tests/media.test.ts [2m([22m[2m9 tests[22m[2m)[22m[33m 352[2mms[22m[39m
2026-10-07T23:43:41.7203373Z  [32m✓[39m tests/react-toolbar.test.tsx [2m([22m[2m9 tests[22m[2m)[22m[33m 732[2mms[22m[39m
2026-10-07T23:43:42.5523098Z  [32m✓[39m tests/server-html-parity.test.ts [2m([22m[2m83 tests[22m[2m)[22m[33m 1673[2mms[22m[39m
2026-10-07T23:43:43.0724303Z  [32m✓[39m tests/table.test.ts [2m([22m[2m13 tests[22m[2m)[22m[33m 3402[2mms[22m[39m
2026-10-07T23:43:43.0827146Z    [32m✓[39m production table editing [2m(13)[22m
2026-10-07T23:43:43.0859455Z      [33m[2m✓[22m[39m resizes the logical end of an RTL merged cell despite its own LTR text override[33m 414[2mms[22m[39m
2026-10-07T23:43:43.0884170Z      [33m[2m✓[22m[39m projects resize geometry once per immutable table, including movement and remote-row widths[33m 2658[2mms[22m[39m
2026-10-07T23:43:43.3394930Z  [32m✓[39m tests/yjs-collaboration.test.ts [2m([22m[2m12 tests[22m[2m)[22m[32m 237[2mms[22m[39m
2026-10-07T23:43:43.7565548Z  [32m✓[39m tests/versions.test.ts [2m([22m[2m10 tests[22m[2m)[22m[32m 93[2mms[22m[39m
2026-10-07T23:43:44.3617939Z  [32m✓[39m tests/math.test.ts [2m([22m[2m14 tests[22m[2m)[22m[33m 418[2mms[22m[39m
2026-10-07T23:43:45.0982622Z  [32m✓[39m tests/external-paste.test.ts [2m([22m[2m13 tests[22m[2m)[22m[33m 477[2mms[22m[39m
2026-10-07T23:43:45.3551497Z  [32m✓[39m tests/text-style.test.ts [2m([22m[2m26 tests[22m[2m)[22m[32m 232[2mms[22m[39m
2026-10-07T23:43:45.5625339Z  [32m✓[39m tests/markdown-html-flow-adapter.test.ts [2m([22m[2m30 tests[22m[2m)[22m[32m 108[2mms[22m[39m
2026-10-07T23:43:45.9337254Z  [32m✓[39m tests/model-integrity.test.ts [2m([22m[2m36 tests[22m[2m)[22m[32m 186[2mms[22m[39m
2026-10-07T23:43:46.0683435Z  [32m✓[39m tests/docx-table-styles.test.ts [2m([22m[2m14 tests[22m[2m)[22m[32m 148[2mms[22m[39m
2026-10-07T23:43:46.0964172Z  [32m✓[39m tests/lean.test.ts [2m([22m[2m12 tests[22m[2m)[22m[32m 290[2mms[22m[39m
2026-10-07T23:43:46.4454698Z  [32m✓[39m tests/pages.test.ts [2m([22m[2m10 tests[22m[2m)[22m[32m 75[2mms[22m[39m
2026-10-07T23:43:47.0474506Z  [32m✓[39m tests/docx-table-conditions.test.ts [2m([22m[2m18 tests[22m[2m)[22m[32m 253[2mms[22m[39m
2026-10-07T23:43:47.7006292Z  [32m✓[39m tests/comments.test.ts [2m([22m[2m7 tests[22m[2m)[22m[32m 233[2mms[22m[39m
2026-10-07T23:43:47.7804172Z  [32m✓[39m tests/image.test.ts [2m([22m[2m8 tests[22m[2m)[22m[33m 328[2mms[22m[39m
2026-10-07T23:43:48.5304137Z  [32m✓[39m tests/list.test.ts [2m([22m[2m14 tests[22m[2m)[22m[32m 135[2mms[22m[39m
2026-10-07T23:43:48.6374289Z  [32m✓[39m tests/docx-math-source.test.ts [2m([22m[2m24 tests[22m[2m)[22m[33m 466[2mms[22m[39m
2026-10-07T23:43:48.7436512Z  [32m✓[39m tests/docx-style-reader.test.ts [2m([22m[2m23 tests[22m[2m)[22m[32m 29[2mms[22m[39m
2026-10-07T23:43:49.3833761Z  [32m✓[39m tests/docx-paragraph-fonts.test.ts [2m([22m[2m12 tests[22m[2m)[22m[32m 180[2mms[22m[39m
2026-10-07T23:43:49.4613873Z  [32m✓[39m tests/tracked-changes.test.ts [2m([22m[2m12 tests[22m[2m)[22m[32m 255[2mms[22m[39m
2026-10-07T23:43:49.8864087Z  [32m✓[39m tests/selection.test.ts [2m([22m[2m10 tests[22m[2m)[22m[32m 74[2mms[22m[39m
2026-10-07T23:43:50.0324609Z  [32m✓[39m tests/html-flow.test.ts [2m([22m[2m20 tests[22m[2m)[22m[32m 180[2mms[22m[39m
2026-10-07T23:43:50.0784470Z  [32m✓[39m tests/collaboration.test.ts [2m([22m[2m9 tests[22m[2m)[22m[32m 212[2mms[22m[39m
2026-10-07T23:43:50.4332754Z  [32m✓[39m tests/docx-table-text.test.ts [2m([22m[2m16 tests[22m[2m)[22m[32m 141[2mms[22m[39m
2026-10-07T23:43:50.6664299Z  [32m✓[39m tests/docx-math.test.ts [2m([22m[2m20 tests[22m[2m)[22m[32m 183[2mms[22m[39m
2026-10-07T23:43:50.9399304Z  [32m✓[39m tests/docx-table-widths.test.ts [2m([22m[2m18 tests[22m[2m)[22m[32m 134[2mms[22m[39m
2026-10-07T23:43:51.3203554Z  [32m✓[39m tests/extensions.test.ts [2m([22m[2m16 tests[22m[2m)[22m[32m 47[2mms[22m[39m
2026-10-07T23:43:51.6609653Z  [32m✓[39m tests/markdown-reference-source.test.ts [2m([22m[2m18 tests[22m[2m)[22m[33m 594[2mms[22m[39m
2026-10-07T23:43:51.6623957Z    [32m✓[39m reference-definition source provenance [2m(18)[22m
2026-10-07T23:43:51.6625842Z      [33m[2m✓[22m[39m shares a large definition context without losing unrelated source when moving blocks[33m 499[2mms[22m[39m
2026-10-07T23:43:51.7374157Z  [32m✓[39m tests/block-reordering.test.ts [2m([22m[2m8 tests[22m[2m)[22m[33m 353[2mms[22m[39m
2026-10-07T23:43:51.9220781Z  [32m✓[39m tests/docx-style-cascade.test.ts [2m([22m[2m26 tests[22m[2m)[22m[32m 52[2mms[22m[39m
2026-10-07T23:43:51.9570173Z  [32m✓[39m tests/text-direction.test.ts [2m([22m[2m13 tests[22m[2m)[22m[32m 99[2mms[22m[39m
2026-10-07T23:43:53.1844179Z  [32m✓[39m tests/details.test.ts [2m([22m[2m7 tests[22m[2m)[22m[32m 216[2mms[22m[39m
2026-10-07T23:43:53.6157715Z  [32m✓[39m tests/ruby.test.ts [2m([22m[2m7 tests[22m[2m)[22m[33m 312[2mms[22m[39m
2026-10-07T23:43:53.7141785Z  [32m✓[39m tests/markdown-html-inline-adapter.test.ts [2m([22m[2m34 tests[22m[2m)[22m[32m 114[2mms[22m[39m
2026-10-07T23:43:54.0070077Z  [32m✓[39m tests/list-direction-transforms.test.ts [2m([22m[2m19 tests[22m[2m)[22m[32m 44[2mms[22m[39m
2026-10-07T23:43:54.0170765Z  [32m✓[39m tests/quote-appearance.test.ts [2m([22m[2m8 tests[22m[2m)[22m[32m 268[2mms[22m[39m
2026-10-07T23:43:54.2282781Z  [32m✓[39m tests/markdown-document-flow.test.ts [2m([22m[2m21 tests[22m[2m)[22m[32m 120[2mms[22m[39m
2026-10-07T23:43:54.6573817Z  [32m✓[39m tests/html-inert-block.test.ts [2m([22m[2m20 tests[22m[2m)[22m[32m 189[2mms[22m[39m
2026-10-07T23:43:55.1174092Z  [32m✓[39m tests/node-ids.test.ts [2m([22m[2m12 tests[22m[2m)[22m[33m 722[2mms[22m[39m
2026-10-07T23:43:55.1263770Z    [32m✓[39m stable node identities [2m(12)[22m
2026-10-07T23:43:55.1293881Z      [33m[2m✓[22m[39m normalizes and maintains a 10,000-block live index within explicit budgets[33m 456[2mms[22m[39m
2026-10-07T23:43:55.5364184Z  [32m✓[39m tests/widgets.test.ts [2m([22m[2m7 tests[22m[2m)[22m[32m 35[2mms[22m[39m
2026-10-07T23:43:55.7629053Z  [32m✓[39m tests/page-layout.test.ts [2m([22m[2m11 tests[22m[2m)[22m[32m 20[2mms[22m[39m
2026-10-07T23:43:55.8814491Z  [32m✓[39m tests/selection-view.test.ts [2m([22m[2m9 tests[22m[2m)[22m[33m 416[2mms[22m[39m
2026-10-07T23:43:57.5887872Z  [32m✓[39m tests/link.test.ts [2m([22m[2m9 tests[22m[2m)[22m[33m 406[2mms[22m[39m
2026-10-07T23:43:57.7934333Z  [32m✓[39m tests/html-link-controls.test.ts [2m([22m[2m20 tests[22m[2m)[22m[33m 1720[2mms[22m[39m
2026-10-07T23:43:57.7935941Z    [32m✓[39m literal control data in imported HTML link destinations [2m(20)[22m
2026-10-07T23:43:57.7938055Z      [33m[2m✓[22m[39m still rejects unsafe schemes, network paths, other controls and broken authorities: inserted controls in "javascript:alert(…[33m 303[2mms[22m[39m
2026-10-07T23:43:57.7940664Z      [33m[2m✓[22m[39m still rejects unsafe schemes, network paths, other controls and broken authorities: inserted controls in "//evil.test/path"[32m 300[2mms[22m[39m
2026-10-07T23:43:57.9134744Z  [32m✓[39m tests/html-link-origin.test.ts [2m([22m[2m16 tests[22m[2m)[22m[33m 691[2mms[22m[39m
2026-10-07T23:43:58.1778832Z  [32m✓[39m tests/docx-footnotes.test.ts [2m([22m[2m11 tests[22m[2m)[22m[32m 137[2mms[22m[39m
2026-10-07T23:43:58.4244210Z  [32m✓[39m tests/ai.test.ts [2m([22m[2m13 tests[22m[2m)[22m[32m 139[2mms[22m[39m
2026-10-07T23:43:58.9959480Z  [32m✓[39m tests/markdown-html-block-adapter.test.ts [2m([22m[2m28 tests[22m[2m)[22m[32m 87[2mms[22m[39m
2026-10-07T23:43:59.0701171Z  [32m✓[39m tests/ai-generated-media.test.ts [2m([22m[2m7 tests[22m[2m)[22m[32m 42[2mms[22m[39m
2026-10-07T23:43:59.7634269Z  [32m✓[39m tests/docx-character-spacing.test.ts [2m([22m[2m25 tests[22m[2m)[22m[32m 161[2mms[22m[39m
2026-10-07T23:44:00.4006249Z  [32m✓[39m tests/docx-page-settings.test.ts [2m([22m[2m19 tests[22m[2m)[22m[32m 192[2mms[22m[39m
2026-10-07T23:44:00.5544319Z  [32m✓[39m tests/html-format.test.ts [2m([22m[2m9 tests[22m[2m)[22m[32m 251[2mms[22m[39m
2026-10-07T23:44:00.8845526Z  [32m✓[39m tests/docx-table-appearance.test.ts [2m([22m[2m9 tests[22m[2m)[22m[32m 133[2mms[22m[39m
2026-10-07T23:44:01.0374651Z  [32m✓[39m tests/ai-conversation.test.ts [2m([22m[2m10 tests[22m[2m)[22m[32m 130[2mms[22m[39m
2026-10-07T23:44:01.3873921Z  [32m✓[39m tests/markdown-text-block-flow.test.ts [2m([22m[2m29 tests[22m[2m)[22m[32m 149[2mms[22m[39m
2026-10-07T23:44:01.8474699Z  [32m✓[39m tests/markdown-html-flow-sources.test.ts [2m([22m[2m15 tests[22m[2m)[22m[32m 58[2mms[22m[39m
2026-10-07T23:44:02.3138557Z  [32m✓[39m tests/markdown-html-paragraph.test.ts [2m([22m[2m35 tests[22m[2m)[22m[32m 123[2mms[22m[39m
2026-10-07T23:44:03.0105857Z  [32m✓[39m tests/virtual-view.test.ts [2m([22m[2m9 tests[22m[2m)[22m[33m 1977[2mms[22m[39m
2026-10-07T23:44:03.0106691Z    [32m✓[39m virtual EditorView [2m(9)[22m
2026-10-07T23:44:03.0107540Z      [33m[2m✓[22m[39m mounts a bounded viewport while retaining the full scroll geometry[33m 1252[2mms[22m[39m
2026-10-07T23:44:03.0108617Z      [33m[2m✓[22m[39m offers explicit and print-time full rendering without changing document state[33m 304[2mms[22m[39m
2026-10-07T23:44:03.0109908Z  [32m✓[39m tests/html-inert-raw-text.test.ts [2m([22m[2m24 tests[22m[2m)[22m[32m 171[2mms[22m[39m
2026-10-07T23:44:03.8659745Z  [32m✓[39m tests/docx-definition-lists.test.ts [2m([22m[2m16 tests[22m[2m)[22m[33m 358[2mms[22m[39m
2026-10-07T23:44:05.2076851Z  [32m✓[39m tests/headless-docx-demo.test.tsx [2m([22m[2m9 tests[22m[2m)[22m[33m 1071[2mms[22m[39m
2026-10-07T23:44:05.2093568Z    [32m✓[39m headless DOCX file ownership and readiness [2m(9)[22m
2026-10-07T23:44:05.2193917Z      [33m[2m✓[22m[39m does not announce an undefined document as valid[33m 371[2mms[22m[39m
2026-10-07T23:44:05.4459349Z  [32m✓[39m tests/yjs-structured-attributes.test.ts [2m([22m[2m7 tests[22m[2m)[22m[32m 108[2mms[22m[39m
2026-10-07T23:44:05.9423694Z  [32m✓[39m tests/react-toolbar-panels.test.tsx [2m([22m[2m17 tests[22m[2m)[22m[33m 1654[2mms[22m[39m
2026-10-07T23:44:05.9484430Z    [32m✓[39m toolbar configuration panel keyboard ownership [2m(11)[22m
2026-10-07T23:44:05.9503034Z      [33m[2m✓[22m[39m follows a separately mounted focused table view and disables ambiguous/unmounted physical controls[33m 731[2mms[22m[39m
2026-10-07T23:44:06.0669133Z  [32m✓[39m tests/explicit-text-alignment.test.ts [2m([22m[2m8 tests[22m[2m)[22m[32m 127[2mms[22m[39m
2026-10-07T23:44:06.5059090Z  [32m✓[39m tests/markdown-html-block-atoms.test.ts [2m([22m[2m15 tests[22m[2m)[22m[32m 134[2mms[22m[39m
2026-10-07T23:44:06.6502649Z  [32m✓[39m tests/markdown-protected-table-flow.test.ts [2m([22m[2m17 tests[22m[2m)[22m[32m 217[2mms[22m[39m
2026-10-07T23:44:07.0396297Z  [32m✓[39m tests/ai-document-tools.test.ts [2m([22m[2m10 tests[22m[2m)[22m[32m 49[2mms[22m[39m
2026-10-07T23:44:07.0513491Z  [32m✓[39m tests/docx-math-import.test.ts [2m([22m[2m9 tests[22m[2m)[22m[32m 84[2mms[22m[39m
2026-10-07T23:44:07.3294443Z  [32m✓[39m tests/math-document-context.test.ts [2m([22m[2m6 tests[22m[2m)[22m[33m 641[2mms[22m[39m
2026-10-07T23:44:07.3313662Z    [32m✓[39m document-aware math view context [2m(6)[22m
2026-10-07T23:44:07.3324507Z      [33m[2m✓[22m[39m compiles unchanged published source and forward references once per snapshot, including reorder/undo/redo[33m 369[2mms[22m[39m
2026-10-07T23:44:07.5588738Z  [32m✓[39m tests/docx-page-templates.test.ts [2m([22m[2m8 tests[22m[2m)[22m[32m 155[2mms[22m[39m
2026-10-07T23:44:07.5864237Z  [32m✓[39m tests/html-inert-inline.test.ts [2m([22m[2m25 tests[22m[2m)[22m[32m 126[2mms[22m[39m
2026-10-07T23:44:09.2067048Z  [32m✓[39m tests/html-inert-browser.test.ts [2m([22m[2m8 tests[22m[2m)[22m[33m 558[2mms[22m[39m
2026-10-07T23:44:09.2081432Z  [32m✓[39m tests/widgets-dom.test.ts [2m([22m[2m4 tests[22m[2m)[22m[32m 242[2mms[22m[39m
2026-10-07T23:44:09.6739479Z  [32m✓[39m tests/markdown-empty-paragraphs.test.ts [2m([22m[2m22 tests[22m[2m)[22m[32m 74[2mms[22m[39m
2026-10-07T23:44:09.7144583Z  [32m✓[39m tests/trailing-editable-block.test.ts [2m([22m[2m8 tests[22m[2m)[22m[32m 50[2mms[22m[39m
2026-10-07T23:44:10.4322804Z  [32m✓[39m tests/html-structural-direction.test.ts [2m([22m[2m18 tests[22m[2m)[22m[32m 171[2mms[22m[39m
2026-10-07T23:44:10.9318148Z  [32m✓[39m tests/mathjax-document-renderer.test.ts [2m([22m[2m12 tests[22m[2m)[22m[33m 1902[2mms[22m[39m
2026-10-07T23:44:10.9320034Z    [32m✓[39m optional host MathJax SVG integration [2m(12)[22m
2026-10-07T23:44:10.9322714Z      [33m[2m✓[22m[39m typesets exact published equations and resolves namespaced forward links to actual SVG anchors[33m 467[2mms[22m[39m
2026-10-07T23:44:10.9325437Z      [33m[2m✓[22m[39m refreshes real SVG labels/references after moving/deleting equations and restores them on undo[33m 573[2mms[22m[39m
2026-10-07T23:44:11.4805198Z  [32m✓[39m tests/docx-paragraph-layout.test.ts [2m([22m[2m9 tests[22m[2m)[22m[32m 127[2mms[22m[39m
2026-10-07T23:44:11.5227450Z  [32m✓[39m tests/vue-lifecycle.test.ts [2m([22m[2m7 tests[22m[2m)[22m[33m 373[2mms[22m[39m
2026-10-07T23:44:11.9280000Z  [32m✓[39m tests/markdown-html.test.ts [2m([22m[2m32 tests[22m[2m)[22m[32m 87[2mms[22m[39m
2026-10-07T23:44:12.0764678Z  [32m✓[39m tests/markdown-preformatted.test.ts [2m([22m[2m38 tests[22m[2m)[22m[32m 167[2mms[22m[39m
2026-10-07T23:44:12.1411331Z  [32m✓[39m tests/view-external-focus.test.ts [2m([22m[2m12 tests[22m[2m)[22m[33m 440[2mms[22m[39m
2026-10-07T23:44:12.6011084Z  [32m✓[39m tests/text-alignment.test.ts [2m([22m[2m8 tests[22m[2m)[22m[32m 81[2mms[22m[39m
2026-10-07T23:44:12.6546287Z  [32m✓[39m tests/html-source-tokens.test.ts [2m([22m[2m22 tests[22m[2m)[22m[32m 157[2mms[22m[39m
2026-10-07T23:44:12.9927788Z  [32m✓[39m tests/structured-attributes.test.ts [2m([22m[2m4 tests[22m[2m)[22m[32m 34[2mms[22m[39m
2026-10-07T23:44:13.1651652Z  [32m✓[39m tests/docx-theme-fonts.test.ts [2m([22m[2m15 tests[22m[2m)[22m[32m 140[2mms[22m[39m
2026-10-07T23:44:13.6154508Z  [32m✓[39m tests/docx-inherited-styles.test.ts [2m([22m[2m8 tests[22m[2m)[22m[32m 95[2mms[22m[39m
2026-10-07T23:44:13.7154321Z  [32m✓[39m tests/html-figure-retention.test.ts [2m([22m[2m20 tests[22m[2m)[22m[33m 455[2mms[22m[39m
2026-10-07T23:44:14.0577831Z  [32m✓[39m tests/markdown-schema-html.test.ts [2m([22m[2m15 tests[22m[2m)[22m[32m 87[2mms[22m[39m
2026-10-07T23:44:14.1320737Z  [32m✓[39m tests/migrations.test.ts [2m([22m[2m5 tests[22m[2m)[22m[32m 20[2mms[22m[39m
2026-10-07T23:44:14.8176336Z  [32m✓[39m tests/table-appearance.test.ts [2m([22m[2m16 tests[22m[2m)[22m[33m 463[2mms[22m[39m
2026-10-07T23:44:15.2094381Z  [32m✓[39m tests/docx-content-controls.test.ts [2m([22m[2m12 tests[22m[2m)[22m[32m 97[2mms[22m[39m
2026-10-07T23:44:15.7754327Z  [32m✓[39m tests/react-node-view.test.tsx [2m([22m[2m3 tests[22m[2m)[22m[33m 363[2mms[22m[39m
2026-10-07T23:44:15.8620529Z  [32m✓[39m tests/syntax-highlight.test.ts [2m([22m[2m10 tests[22m[2m)[22m[33m 306[2mms[22m[39m
2026-10-07T23:44:16.1357205Z  [32m✓[39m tests/server-html-loss-report.test.ts [2m([22m[2m21 tests[22m[2m)[22m[33m 508[2mms[22m[39m
2026-10-07T23:44:16.4150095Z  [32m✓[39m tests/html-container-editing.test.ts [2m([22m[2m16 tests[22m[2m)[22m[32m 77[2mms[22m[39m
2026-10-07T23:44:17.2829620Z  [32m✓[39m tests/drop-cursor.test.ts [2m([22m[2m4 tests[22m[2m)[22m[32m 233[2mms[22m[39m
2026-10-07T23:44:17.7707174Z  [32m✓[39m tests/inline-link-view.test.ts [2m([22m[2m6 tests[22m[2m)[22m[32m 259[2mms[22m[39m
2026-10-07T23:44:17.7934249Z  [32m✓[39m tests/docx-page-breaks.test.ts [2m([22m[2m11 tests[22m[2m)[22m[32m 148[2mms[22m[39m
2026-10-07T23:44:17.8997352Z  [32m✓[39m tests/explicit-emphasis.test.ts [2m([22m[2m7 tests[22m[2m)[22m[32m 130[2mms[22m[39m
2026-10-07T23:44:18.1695491Z  [32m✓[39m tests/lean-loopback.test.ts [2m([22m[2m4 tests[22m[2m)[22m[32m 59[2mms[22m[39m
2026-10-07T23:44:18.3322063Z  [32m✓[39m tests/docx-preferred-table-width.test.ts [2m([22m[2m18 tests[22m[2m)[22m[32m 214[2mms[22m[39m
2026-10-07T23:44:18.6664309Z  [32m✓[39m tests/integrity.test.ts [2m([22m[2m7 tests[22m[2m)[22m[32m 25[2mms[22m[39m
2026-10-07T23:44:19.1824014Z  [32m✓[39m tests/mcp.test.ts [2m([22m[2m3 tests[22m[2m)[22m[32m 98[2mms[22m[39m
2026-10-07T23:44:19.6048610Z  [32m✓[39m tests/react-document-utilities.test.tsx [2m([22m[2m2 tests[22m[2m)[22m[33m 359[2mms[22m[39m
2026-10-07T23:44:19.8793108Z  [32m✓[39m tests/pages-html.test.ts [2m([22m[2m4 tests[22m[2m)[22m[32m 292[2mms[22m[39m
2026-10-07T23:44:20.0118546Z  [32m✓[39m tests/docx-package-inventory.test.ts [2m([22m[2m7 tests[22m[2m)[22m[32m 43[2mms[22m[39m
2026-10-07T23:44:20.4080998Z  [32m✓[39m tests/markdown-html-tables.test.ts [2m([22m[2m9 tests[22m[2m)[22m[32m 105[2mms[22m[39m
2026-10-07T23:44:20.4956588Z  [32m✓[39m tests/markdown-paragraph-flow.test.ts [2m([22m[2m18 tests[22m[2m)[22m[32m 93[2mms[22m[39m
2026-10-07T23:44:20.7134359Z  [32m✓[39m tests/table-direction-view.test.ts [2m([22m[2m9 tests[22m[2m)[22m[33m 316[2mms[22m[39m
2026-10-07T23:44:21.0399281Z  [32m✓[39m tests/html-comments.test.ts [2m([22m[2m27 tests[22m[2m)[22m[32m 114[2mms[22m[39m
2026-10-07T23:44:21.4829706Z  [32m✓[39m tests/markdown-tex-tables.test.ts [2m([22m[2m16 tests[22m[2m)[22m[32m 43[2mms[22m[39m
2026-10-07T23:44:21.9234049Z  [32m✓[39m tests/definition-list-editing.test.ts [2m([22m[2m13 tests[22m[2m)[22m[32m 208[2mms[22m[39m
2026-10-07T23:44:22.0569243Z  [32m✓[39m tests/definition-lists.test.ts [2m([22m[2m10 tests[22m[2m)[22m[32m 103[2mms[22m[39m
2026-10-07T23:44:22.2519749Z  [32m✓[39m tests/clipboard-history.test.ts [2m([22m[2m3 tests[22m[2m)[22m[32m 257[2mms[22m[39m
2026-10-07T23:44:22.3233493Z  [32m✓[39m tests/selection-no-text.test.ts [2m([22m[2m9 tests[22m[2m)[22m[32m 41[2mms[22m[39m
2026-10-07T23:44:22.8329745Z  [32m✓[39m tests/markdown-flow-tasks.test.ts [2m([22m[2m17 tests[22m[2m)[22m[32m 182[2mms[22m[39m
2026-10-07T23:44:22.8567988Z  [32m✓[39m tests/server-html-selectors.test.ts [2m([22m[2m3 tests[22m[2m)[22m[33m 352[2mms[22m[39m
2026-10-07T23:44:22.8901482Z  [32m✓[39m tests/markdown-tex.test.ts [2m([22m[2m24 tests[22m[2m)[22m[32m 179[2mms[22m[39m
2026-10-07T23:44:23.4314713Z  [32m✓[39m tests/markdown-flow-inline-nodes.test.ts [2m([22m[2m12 tests[22m[2m)[22m[32m 133[2mms[22m[39m
2026-10-07T23:44:23.5797652Z  [32m✓[39m tests/content-expression.test.ts [2m([22m[2m5 tests[22m[2m)[22m[33m 377[2mms[22m[39m
2026-10-07T23:44:23.8784231Z  [32m✓[39m tests/html-containers.test.ts [2m([22m[2m15 tests[22m[2m)[22m[32m 86[2mms[22m[39m
2026-10-07T23:44:24.8174382Z  [32m✓[39m tests/angular-lifecycle.test.ts [2m([22m[2m3 tests[22m[2m)[22m[33m 354[2mms[22m[39m
2026-10-07T23:44:25.1564082Z  [32m✓[39m tests/code-region-keyboard.test.ts [2m([22m[2m7 tests[22m[2m)[22m[32m 297[2mms[22m[39m
2026-10-07T23:44:25.4844983Z  [32m✓[39m tests/node-view-context.test.ts [2m([22m[2m5 tests[22m[2m)[22m[32m 238[2mms[22m[39m
2026-10-07T23:44:26.0437726Z  [32m✓[39m tests/stream-text-point.test.ts [2m([22m[2m4 tests[22m[2m)[22m[33m 306[2mms[22m[39m
2026-10-07T23:44:26.0615159Z  [32m✓[39m tests/mathjax-docx.test.ts [2m([22m[2m28 tests[22m[2m)[22m[33m 386[2mms[22m[39m
2026-10-07T23:44:26.4424673Z  [32m✓[39m tests/paragraph-layout.test.ts [2m([22m[2m4 tests[22m[2m)[22m[32m 145[2mms[22m[39m
2026-10-07T23:44:26.5357286Z  [32m✓[39m tests/docx-fonts.test.ts [2m([22m[2m15 tests[22m[2m)[22m[32m 130[2mms[22m[39m
2026-10-07T23:44:26.5864727Z  [32m✓[39m tests/docx-table-headers.test.ts [2m([22m[2m11 tests[22m[2m)[22m[32m 192[2mms[22m[39m
2026-10-07T23:44:26.9383212Z  [32m✓[39m tests/markdown-structural-flow.test.ts [2m([22m[2m9 tests[22m[2m)[22m[32m 75[2mms[22m[39m
2026-10-07T23:44:27.0120437Z  [32m✓[39m tests/release.test.ts [2m([22m[2m10 tests[22m[2m)[22m[32m 250[2mms[22m[39m
2026-10-07T23:44:27.4428975Z  [32m✓[39m tests/markdown-emphasis-runs.test.ts [2m([22m[2m18 tests[22m[2m)[22m[32m 85[2mms[22m[39m
2026-10-07T23:44:28.1467716Z  [32m✓[39m tests/web-component-forms.test.ts [2m([22m[2m8 tests[22m[2m)[22m[32m 286[2mms[22m[39m
2026-10-07T23:44:28.4744678Z  [32m✓[39m tests/headless-core.test.ts [2m([22m[2m3 tests[22m[2m)[22m[32m 36[2mms[22m[39m
2026-10-07T23:44:28.6794454Z  [32m✓[39m tests/html-table-caption.test.ts [2m([22m[2m10 tests[22m[2m)[22m[32m 254[2mms[22m[39m
2026-10-07T23:44:28.6843841Z  [32m✓[39m tests/floating-menu.test.ts [2m([22m[2m4 tests[22m[2m)[22m[32m 30[2mms[22m[39m
2026-10-07T23:44:29.0147069Z  [32m✓[39m tests/markdown-html-incomplete-source.test.ts [2m([22m[2m17 tests[22m[2m)[22m[32m 93[2mms[22m[39m
2026-10-07T23:44:29.0473794Z  [32m✓[39m tests/pages-presentation.test.ts [2m([22m[2m3 tests[22m[2m)[22m[32m 22[2mms[22m[39m
2026-10-07T23:44:29.3584175Z  [32m✓[39m tests/conversion-lab.test.ts [2m([22m[2m13 tests[22m[2m)[22m[32m 146[2mms[22m[39m
2026-10-07T23:44:29.5230973Z  [32m✓[39m tests/docx-cell-shading.test.ts [2m([22m[2m9 tests[22m[2m)[22m[32m 103[2mms[22m[39m
2026-10-07T23:44:29.7252395Z  [32m✓[39m tests/table-of-contents.test.ts [2m([22m[2m4 tests[22m[2m)[22m[32m 20[2mms[22m[39m
2026-10-07T23:44:29.9222911Z  [32m✓[39m tests/markdown-text-newlines.test.ts [2m([22m[2m19 tests[22m[2m)[22m[32m 67[2mms[22m[39m
2026-10-07T23:44:30.4767242Z  [32m✓[39m tests/markdown-combination-retention.test.ts [2m([22m[2m41 tests[22m[2m)[22m[32m 297[2mms[22m[39m
2026-10-07T23:44:30.5319797Z [90mstderr[2m | tests/react-widgets.test.tsx
2026-10-07T23:44:30.5329622Z  [32m✓[39m tests/react-widgets.test.tsx [2m([22m[2m2 tests[22m[2m)[22m[32m 219[2mms[22m[39m
2026-10-07T23:44:30.5353811Z [22m[39mAn update to Root inside a test was not wrapped in act(...).
2026-10-07T23:44:30.5358347Z 
2026-10-07T23:44:30.5359216Z When testing, code that causes React state updates should be wrapped into act(...):
2026-10-07T23:44:30.5359991Z 
2026-10-07T23:44:30.5360298Z act(() => {
2026-10-07T23:44:30.5360895Z   /* fire events that update state */
2026-10-07T23:44:30.5361527Z });
2026-10-07T23:44:30.5362059Z /* assert on the output */
2026-10-07T23:44:30.5362824Z 
2026-10-07T23:44:30.5364013Z This ensures that you're testing the behavior the user would see in the browser. Learn more at https://react.dev/link/wrap-tests-with-act
2026-10-07T23:44:30.5365203Z 
2026-10-07T23:44:30.9564331Z  [32m✓[39m tests/markdown-flow-custom-wrappers.test.ts [2m([22m[2m7 tests[22m[2m)[22m[32m 67[2mms[22m[39m
2026-10-07T23:44:31.3118180Z  [32m✓[39m tests/html-page-settings.test.ts [2m([22m[2m18 tests[22m[2m)[22m[32m 90[2mms[22m[39m
2026-10-07T23:44:31.5164606Z  [32m✓[39m tests/table-row-repetition.test.ts [2m([22m[2m13 tests[22m[2m)[22m[33m 332[2mms[22m[39m
2026-10-07T23:44:32.7495286Z  [32m✓[39m tests/table-layout.test.ts [2m([22m[2m7 tests[22m[2m)[22m[33m 398[2mms[22m[39m
2026-10-07T23:44:33.0111982Z  [32m✓[39m tests/svelte-action.test.ts [2m([22m[2m3 tests[22m[2m)[22m[32m 273[2mms[22m[39m
2026-10-07T23:44:33.0660546Z  [32m✓[39m tests/react-versions.test.tsx [2m([22m[2m1 test[22m[2m)[22m[32m 169[2mms[22m[39m
2026-10-07T23:44:33.2305215Z  [32m✓[39m tests/html-structural-direction-report.test.ts [2m([22m[2m10 tests[22m[2m)[22m[32m 60[2mms[22m[39m
2026-10-07T23:44:33.4314374Z  [32m✓[39m tests/node-size-sharing.test.ts [2m([22m[2m6 tests[22m[2m)[22m[32m 44[2mms[22m[39m
2026-10-07T23:44:34.7096922Z  [32m✓[39m tests/html-block-mark-inheritance.test.ts [2m([22m[2m22 tests[22m[2m)[22m[33m 336[2mms[22m[39m
2026-10-07T23:44:34.8181420Z  [32m✓[39m tests/react-floating-menu.test.tsx [2m([22m[2m1 test[22m[2m)[22m[32m 281[2mms[22m[39m
2026-10-07T23:44:34.9732658Z  [32m✓[39m tests/react-comments.test.tsx [2m([22m[2m1 test[22m[2m)[22m[32m 132[2mms[22m[39m
2026-10-07T23:44:35.1832554Z  [32m✓[39m tests/markdown-autolink-policy.test.ts [2m([22m[2m15 tests[22m[2m)[22m[32m 64[2mms[22m[39m
2026-10-07T23:44:35.6021021Z  [32m✓[39m tests/markdown-tables-gfm.test.ts [2m([22m[2m11 tests[22m[2m)[22m[32m 44[2mms[22m[39m
2026-10-07T23:44:36.3710187Z  [32m✓[39m tests/table-background.test.ts [2m([22m[2m3 tests[22m[2m)[22m[33m 338[2mms[22m[39m
2026-10-07T23:44:36.7944425Z  [32m✓[39m tests/html-flow-browser.test.ts [2m([22m[2m16 tests[22m[2m)[22m[33m 463[2mms[22m[39m
2026-10-07T23:44:37.1918007Z  [32m✓[39m tests/html-inherited-alignment.test.ts [2m([22m[2m9 tests[22m[2m)[22m[32m 158[2mms[22m[39m
2026-10-07T23:44:37.2783457Z  [32m✓[39m tests/docx-explicit-emphasis.test.ts [2m([22m[2m5 tests[22m[2m)[22m[32m 87[2mms[22m[39m
2026-10-07T23:44:38.0791554Z  [32m✓[39m tests/react-lifecycle.test.tsx [2m([22m[2m2 tests[22m[2m)[22m[33m 324[2mms[22m[39m
2026-10-07T23:44:38.5972704Z  [32m✓[39m tests/markdown-html-lexical.test.ts [2m([22m[2m37 tests[22m[2m)[22m[32m 93[2mms[22m[39m
2026-10-07T23:44:38.7774378Z  [32m✓[39m tests/text-direction-dom.test.ts [2m([22m[2m3 tests[22m[2m)[22m[32m 293[2mms[22m[39m
2026-10-07T23:44:38.8739935Z  [32m✓[39m tests/table-preferred-width.test.ts [2m([22m[2m15 tests[22m[2m)[22m[33m 312[2mms[22m[39m
2026-10-07T23:44:39.0152578Z  [32m✓[39m tests/document-replacement.test.ts [2m([22m[2m5 tests[22m[2m)[22m[32m 18[2mms[22m[39m
2026-10-07T23:44:39.3283250Z  [32m✓[39m tests/auto-container-direction.test.ts [2m([22m[2m3 tests[22m[2m)[22m[32m 35[2mms[22m[39m
2026-10-07T23:44:39.4468402Z  [32m✓[39m tests/html-empty-paragraph.test.ts [2m([22m[2m12 tests[22m[2m)[22m[32m 67[2mms[22m[39m
2026-10-07T23:44:39.8144289Z  [32m✓[39m tests/virtual-layout.test.ts [2m([22m[2m4 tests[22m[2m)[22m[33m 633[2mms[22m[39m
2026-10-07T23:44:39.8163505Z    [32m✓[39m virtual block layout [2m(4)[22m
2026-10-07T23:44:39.8168125Z      [33m[2m✓[22m[39m plans a small visible window plus distant selection islands[33m 627[2mms[22m[39m
2026-10-07T23:44:39.8504616Z  [32m✓[39m tests/markdown-flow-code-endings.test.ts [2m([22m[2m16 tests[22m[2m)[22m[32m 85[2mms[22m[39m
2026-10-07T23:44:40.8450211Z  [32m✓[39m tests/react-ai-conversation.test.tsx [2m([22m[2m1 test[22m[2m)[22m[32m 110[2mms[22m[39m
2026-10-07T23:44:41.3557830Z  [32m✓[39m tests/view-native-selection.test.ts [2m([22m[2m4 tests[22m[2m)[22m[32m 213[2mms[22m[39m
2026-10-07T23:44:41.5204939Z  [32m✓[39m tests/html-comment-workshop.test.tsx [2m([22m[2m1 test[22m[2m)[22m[33m 349[2mms[22m[39m
2026-10-07T23:44:41.5206923Z    [32m✓[39m HTML comment reader snapshot lifecycle [2m(1)[22m
2026-10-07T23:44:41.5208957Z      [33m[2m✓[22m[39m replaces changed snapshots without navigating a retired iframe, but keeps unchanged snapshots mounted[33m 347[2mms[22m[39m
2026-10-07T23:44:41.8213504Z  [32m✓[39m tests/extension-scaffold.test.ts [2m([22m[2m2 tests[22m[2m)[22m[32m 230[2mms[22m[39m
2026-10-07T23:44:41.8991790Z  [32m✓[39m tests/markdown-literal-export.test.ts [2m([22m[2m15 tests[22m[2m)[22m[32m 35[2mms[22m[39m
2026-10-07T23:44:42.2883615Z  [32m✓[39m tests/widgets-yjs.test.ts [2m([22m[2m1 test[22m[2m)[22m[32m 53[2mms[22m[39m
2026-10-07T23:44:42.5590060Z  [32m✓[39m tests/html-comments-browser.test.ts [2m([22m[2m7 tests[22m[2m)[22m[32m 288[2mms[22m[39m
2026-10-07T23:44:42.6493840Z  [32m✓[39m tests/math-document-files.test.ts [2m([22m[2m9 tests[22m[2m)[22m[32m 23[2mms[22m[39m
2026-10-07T23:44:42.9714177Z  [32m✓[39m tests/node-ids-yjs.test.ts [2m([22m[2m1 test[22m[2m)[22m[32m 37[2mms[22m[39m
2026-10-07T23:44:43.2774110Z  [32m✓[39m tests/react-ai-generated-media.test.tsx [2m([22m[2m1 test[22m[2m)[22m[32m 116[2mms[22m[39m
2026-10-07T23:44:43.3989695Z  [32m✓[39m tests/math-expression.test.ts [2m([22m[2m16 tests[22m[2m)[22m[32m 14[2mms[22m[39m
2026-10-07T23:44:43.8954942Z  [32m✓[39m tests/markdown-code-labels.test.ts [2m([22m[2m20 tests[22m[2m)[22m[32m 65[2mms[22m[39m
2026-10-07T23:44:44.0706450Z [90mstderr[2m | tests/react-tracked-changes.test.tsx[2m > [22m[2mFountainTrackedChanges[2m > [22m[2mshows full review information and drives selection, discussion, and decisions
2026-10-07T23:44:44.0709242Z [22m[39mThe current testing environment is not configured to support act(...)
2026-10-07T23:44:44.0710053Z 
2026-10-07T23:44:44.1505224Z [90mstderr[2m | tests/react-tracked-changes.test.tsx[2m > [22m[2mFountainTrackedChanges[2m > [22m[2mshows full review information and drives selection, discussion, and decisions
2026-10-07T23:44:44.1507553Z [22m[39mThe current testing environment is not configured to support act(...)
2026-10-07T23:44:44.1508511Z 
2026-10-07T23:44:44.1618274Z [90mstderr[2m | tests/react-tracked-changes.test.tsx[2m > [22m[2mFountainTrackedChanges[2m > [22m[2mshows full review information and drives selection, discussion, and decisions
2026-10-07T23:44:44.1620550Z [22m[39mThe current testing environment is not configured to support act(...)
2026-10-07T23:44:44.1621359Z 
2026-10-07T23:44:44.1669617Z [90mstderr[2m | tests/react-tracked-changes.test.tsx[2m > [22m[2mFountainTrackedChanges[2m > [22m[2mshows full review information and drives selection, discussion, and decisions
2026-10-07T23:44:44.1678697Z [22m[39mThe current testing environment is not configured to support act(...)
2026-10-07T23:44:44.1679580Z 
2026-10-07T23:44:44.1773702Z [90mstderr[2m | tests/react-tracked-changes.test.tsx[2m > [22m[2mFountainTrackedChanges[2m > [22m[2mshows full review information and drives selection, discussion, and decisions
2026-10-07T23:44:44.1783565Z [22m[39mThe current testing environment is not configured to support act(...)
2026-10-07T23:44:44.1784794Z The current testing environment is not configured to support act(...)
2026-10-07T23:44:44.1785817Z 
2026-10-07T23:44:44.1787642Z [90mstderr[2m | tests/react-tracked-changes.test.tsx[2m > [22m[2mFountainTrackedChanges[2m > [22m[2mshows full review information and drives selection, discussion, and decisions
2026-10-07T23:44:44.1789638Z [22m[39mThe current testing environment is not configured to support act(...)
2026-10-07T23:44:44.1790408Z 
2026-10-07T23:44:44.1801992Z [90mstderr[2m | tests/react-tracked-changes.test.tsx[2m > [22m[2mFountainTrackedChanges[2m > [22m[2mshows full review information and drives selection, discussion, and decisions
2026-10-07T23:44:44.1805487Z [22m[39mThe current testing environment is not configured to support act(...)
2026-10-07T23:44:44.1806375Z 
2026-10-07T23:44:44.1823954Z  [32m✓[39m tests/react-tracked-changes.test.tsx [2m([22m[2m1 test[22m[2m)[22m[32m 143[2mms[22m[39m
2026-10-07T23:44:44.2849912Z  [32m✓[39m tests/issue-markdown-tables.test.ts [2m([22m[2m8 tests[22m[2m)[22m[32m 62[2mms[22m[39m
2026-10-07T23:44:44.5995329Z [90mstderr[2m | tests/react-ai-review.test.tsx[2m > [22m[2mFountainAIReview streaming UI[2m > [22m[2mshows partial output and a stop action, then enables review only after completion
2026-10-07T23:44:44.6013748Z [22m[39mAn update to FountainAIReview inside a test was not wrapped in act(...).
2026-10-07T23:44:44.6023059Z 
2026-10-07T23:44:44.6053938Z When testing, code that causes React state updates should be wrapped into act(...):
2026-10-07T23:44:44.6077837Z 
2026-10-07T23:44:44.6092076Z act(() => {
2026-10-07T23:44:44.6109707Z   /* fire events that update state */
2026-10-07T23:44:44.6110442Z });
2026-10-07T23:44:44.6111128Z /* assert on the output */
2026-10-07T23:44:44.6113344Z 
2026-10-07T23:44:44.6114625Z This ensures that you're testing the behavior the user would see in the browser. Learn more at https://react.dev/link/wrap-tests-with-act
2026-10-07T23:44:44.6116344Z An update to FountainAIReview inside a test was not wrapped in act(...).
2026-10-07T23:44:44.6117148Z 
2026-10-07T23:44:44.6117988Z When testing, code that causes React state updates should be wrapped into act(...):
2026-10-07T23:44:44.6120096Z 
2026-10-07T23:44:44.6120476Z act(() => {
2026-10-07T23:44:44.6121131Z   /* fire events that update state */
2026-10-07T23:44:44.6121864Z });
2026-10-07T23:44:44.6123087Z /* assert on the output */
2026-10-07T23:44:44.6124272Z 
2026-10-07T23:44:44.6125539Z This ensures that you're testing the behavior the user would see in the browser. Learn more at https://react.dev/link/wrap-tests-with-act
2026-10-07T23:44:44.6126820Z 
2026-10-07T23:44:44.6234324Z  [32m✓[39m tests/text-style-node.test.ts [2m([22m[2m2 tests[22m[2m)[22m[32m 30[2mms[22m[39m
2026-10-07T23:44:44.6321368Z  [32m✓[39m tests/react-ai-review.test.tsx [2m([22m[2m1 test[22m[2m)[22m[32m 85[2mms[22m[39m
2026-10-07T23:44:44.6341433Z  [32m✓[39m tests/text-boundary-mapping.test.ts [2m([22m[2m6 tests[22m[2m)[22m[32m 11[2mms[22m[39m
2026-10-07T23:44:45.0497782Z  [32m✓[39m tests/html-inherited-alignment-node.test.ts [2m([22m[2m2 tests[22m[2m)[22m[32m 39[2mms[22m[39m
2026-10-07T23:44:46.1234245Z  [32m✓[39m tests/html-code-language.test.ts [2m([22m[2m13 tests[22m[2m)[22m[32m 174[2mms[22m[39m
2026-10-07T23:44:46.1554441Z  [32m✓[39m tests/html-containers-browser.test.ts [2m([22m[2m6 tests[22m[2m)[22m[32m 178[2mms[22m[39m
2026-10-07T23:44:46.3614451Z  [32m✓[39m tests/html-page-settings-browser.test.ts [2m([22m[2m6 tests[22m[2m)[22m[32m 145[2mms[22m[39m
2026-10-07T23:44:46.3889344Z  [32m✓[39m tests/stable-document-guard.test.ts [2m([22m[2m4 tests[22m[2m)[22m[32m 9[2mms[22m[39m
2026-10-07T23:44:46.7644952Z  [32m✓[39m tests/markdown-url-destinations.test.ts [2m([22m[2m3 tests[22m[2m)[22m[32m 89[2mms[22m[39m
2026-10-07T23:44:47.0658065Z  [32m✓[39m tests/svelte-ssr.test.ts [2m([22m[2m1 test[22m[2m)[22m[32m 90[2mms[22m[39m
2026-10-07T23:44:47.5770941Z [90mstdout[2m | tests/angular-ssr.test.ts[2m > [22m[2mkeeps the Angular editor inert during real Angular server rendering
2026-10-07T23:44:47.5772924Z [22m[39mAngular is running in development mode.
2026-10-07T23:44:47.5773411Z 
2026-10-07T23:44:47.5777393Z  [32m✓[39m tests/angular-ssr.test.ts [2m([22m[2m1 test[22m[2m)[22m[32m 87[2mms[22m[39m
2026-10-07T23:44:47.5937914Z  [32m✓[39m tests/vue-ssr.test.ts [2m([22m[2m1 test[22m[2m)[22m[32m 15[2mms[22m[39m
2026-10-07T23:44:47.6404613Z  [32m✓[39m tests/emoji-data.test.ts [2m([22m[2m2 tests[22m[2m)[22m[32m 12[2mms[22m[39m
2026-10-07T23:44:47.8561456Z  [32m✓[39m examples/extensions/callout-extension.test.ts [2m([22m[2m1 test[22m[2m)[22m[32m 17[2mms[22m[39m
2026-10-07T23:44:47.8639560Z 
2026-10-07T23:44:47.8647297Z [2m Test Files [22m [1m[32m209 passed[39m[22m[90m (209)[39m
2026-10-07T23:44:47.8661335Z [2m      Tests [22m [1m[32m2753 passed[39m[22m[90m (2753)[39m
2026-10-07T23:44:47.8662638Z [2m   Start at [22m 23:43:33
2026-10-07T23:44:47.8671125Z [2m   Duration [22m 74.69s[2m (environment 41%, tests 28%, import 24%, transform 7%, worker 1%)[22m
2026-10-07T23:44:47.8690864Z 
2026-10-07T23:44:47.8692029Z [2m    Isolate [22m [33m209 workers spawned[39m[2m · ~512ms startup each (spawn + environment, per file)[22m
2026-10-07T23:44:47.8694283Z [2m            [22m [2mat least ~35.16s faster with [22m[33misolate: false[39m[2m — reuses workers across files instead of one per file[22m
2026-10-07T23:44:47.8695206Z 
2026-10-07T23:44:47.9480811Z ##[group]Run pnpm dlx publint@0.3.24
2026-10-07T23:44:47.9481152Z [36;1mpnpm dlx publint@0.3.24[0m
2026-10-07T23:44:47.9543125Z shell: /usr/bin/bash -e {0}
2026-10-07T23:44:47.9543385Z env:
2026-10-07T23:44:47.9543638Z   PNPM_HOME: /home/runner/setup-pnpm/node_modules/.bin
2026-10-07T23:44:47.9544029Z   pythonLocation: /opt/hostedtoolcache/Python/3.13.15/x64
2026-10-07T23:44:47.9544466Z   PKG_CONFIG_PATH: /opt/hostedtoolcache/Python/3.13.15/x64/lib/pkgconfig
2026-10-07T23:44:47.9544899Z   Python_ROOT_DIR: /opt/hostedtoolcache/Python/3.13.15/x64
2026-10-07T23:44:47.9545282Z   Python2_ROOT_DIR: /opt/hostedtoolcache/Python/3.13.15/x64
2026-10-07T23:44:47.9545666Z   Python3_ROOT_DIR: /opt/hostedtoolcache/Python/3.13.15/x64
2026-10-07T23:44:47.9546052Z   LD_LIBRARY_PATH: /opt/hostedtoolcache/Python/3.13.15/x64/lib
2026-10-07T23:44:47.9546380Z ##[endgroup]
2026-10-07T23:44:48.6031757Z Progress: resolved 1, reused 0, downloaded 0, added 0
2026-10-07T23:44:48.7459390Z Packages: +7
2026-10-07T23:44:48.7460283Z +++++++
2026-10-07T23:44:48.7740864Z Progress: resolved 7, reused 3, downloaded 4, added 7, done
2026-10-07T23:44:48.8687029Z Running [1mpublint v0.3.24[22m for [1mfountainjs-editor[22m...
2026-10-07T23:44:48.8724304Z Packing files with `pnpm pack`...
2026-10-07T23:44:50.2471898Z Linting...
2026-10-07T23:44:50.3581057Z [1m[32mAll good![39m[22m
2026-10-07T23:44:50.3998683Z ##[group]Run pnpm dlx @arethetypeswrong/cli@0.18.5 --pack . --entrypoints . ./core ./ai/document-tools ./ai/conversation ./ai/generated-media ./docx ./document-utilities ./emoji-data ./react ./vue ./svelte ./yjs ./comments ./react/comments ./tracked-changes ./react/tracked-changes ./versions ./react/versions ./details ./ruby ./text-style ./testing ./migrations ./node-ids ./structured-attributes ./html/server ./widgets ./widgets/dom ./react/widgets ./pages ./pages/dom ./pages/preview
2026-10-07T23:44:50.4002046Z [36;1mpnpm dlx @arethetypeswrong/cli@0.18.5 --pack . --entrypoints . ./core ./ai/document-tools ./ai/conversation ./ai/generated-media ./docx ./document-utilities ./emoji-data ./react ./vue ./svelte ./yjs ./comments ./react/comments ./tracked-changes ./react/tracked-changes ./versions ./react/versions ./details ./ruby ./text-style ./testing ./migrations ./node-ids ./structured-attributes ./html/server ./widgets ./widgets/dom ./react/widgets ./pages ./pages/dom ./pages/preview[0m
2026-10-07T23:44:50.4065961Z shell: /usr/bin/bash -e {0}
2026-10-07T23:44:50.4066207Z env:
2026-10-07T23:44:50.4066458Z   PNPM_HOME: /home/runner/setup-pnpm/node_modules/.bin
2026-10-07T23:44:50.4066841Z   pythonLocation: /opt/hostedtoolcache/Python/3.13.15/x64
2026-10-07T23:44:50.4067278Z   PKG_CONFIG_PATH: /opt/hostedtoolcache/Python/3.13.15/x64/lib/pkgconfig
2026-10-07T23:44:50.4067699Z   Python_ROOT_DIR: /opt/hostedtoolcache/Python/3.13.15/x64
2026-10-07T23:44:50.4068078Z   Python2_ROOT_DIR: /opt/hostedtoolcache/Python/3.13.15/x64
2026-10-07T23:44:50.4068468Z   Python3_ROOT_DIR: /opt/hostedtoolcache/Python/3.13.15/x64
2026-10-07T23:44:50.4068853Z   LD_LIBRARY_PATH: /opt/hostedtoolcache/Python/3.13.15/x64/lib
2026-10-07T23:44:50.4069173Z ##[endgroup]
2026-10-07T23:44:51.0259062Z Progress: resolved 1, reused 0, downloaded 0, added 0
2026-10-07T23:44:51.8652697Z Packages: +56
2026-10-07T23:44:51.8653348Z ++++++++++++++++++++++++++++++++++++++++++++++++++++++++
2026-10-07T23:44:51.9304160Z Progress: resolved 56, reused 5, downloaded 51, added 56, done
2026-10-07T23:45:01.7210259Z 
2026-10-07T23:45:01.7714383Z fountainjs-editor v0.4.0-beta.2
2026-10-07T23:45:01.7714691Z 
2026-10-07T23:45:01.7714797Z Build tools:
2026-10-07T23:45:01.7715051Z - typescript@^7.0.2
2026-10-07T23:45:01.7715294Z - vite@^8.2.2
2026-10-07T23:45:01.7715423Z 
2026-10-07T23:45:01.7715741Z  No problems found 🌟
2026-10-07T23:45:01.7715888Z 
2026-10-07T23:45:01.7715896Z 
2026-10-07T23:45:01.7716369Z ┌───────────────────────────────────────────┬────────┬───────────────────┬───────────────────┬─────────┐
2026-10-07T23:45:01.7717111Z │                                           │ node10 │ node16 (from CJS) │ node16 (from ESM) │ bundler │
2026-10-07T23:45:01.7717836Z ├───────────────────────────────────────────┼────────┼───────────────────┼───────────────────┼─────────┤
2026-10-07T23:45:01.7718534Z │ "fountainjs-editor"                       │ 🟢     │ 🟢 (CJS)          │ 🟢 (ESM)          │ 🟢      │
2026-10-07T23:45:01.7719340Z ├───────────────────────────────────────────┼────────┼───────────────────┼───────────────────┼─────────┤
2026-10-07T23:45:01.7720070Z │ "fountainjs-editor/core"                  │ 🟢     │ 🟢 (CJS)          │ 🟢 (ESM)          │ 🟢      │
2026-10-07T23:45:01.7720814Z ├───────────────────────────────────────────┼────────┼───────────────────┼───────────────────┼─────────┤
2026-10-07T23:45:01.7721545Z │ "fountainjs-editor/ai/document-tools"     │ 🟢     │ 🟢 (CJS)          │ 🟢 (ESM)          │ 🟢      │
2026-10-07T23:45:01.7722930Z ├───────────────────────────────────────────┼────────┼───────────────────┼───────────────────┼─────────┤
2026-10-07T23:45:01.7724624Z │ "fountainjs-editor/ai/conversation"       │ 🟢     │ 🟢 (CJS)          │ 🟢 (ESM)          │ 🟢      │
2026-10-07T23:45:01.7726064Z ├───────────────────────────────────────────┼────────┼───────────────────┼───────────────────┼─────────┤
2026-10-07T23:45:01.7727801Z │ "fountainjs-editor/ai/generated-media"    │ 🟢     │ 🟢 (CJS)          │ 🟢 (ESM)          │ 🟢      │
2026-10-07T23:45:01.7728723Z ├───────────────────────────────────────────┼────────┼───────────────────┼───────────────────┼─────────┤
2026-10-07T23:45:01.7729439Z │ "fountainjs-editor/docx"                  │ 🟢     │ 🟢 (CJS)          │ 🟢 (ESM)          │ 🟢      │
2026-10-07T23:45:01.7730181Z ├───────────────────────────────────────────┼────────┼───────────────────┼───────────────────┼─────────┤
2026-10-07T23:45:01.7730906Z │ "fountainjs-editor/document-utilities"    │ 🟢     │ 🟢 (CJS)          │ 🟢 (ESM)          │ 🟢      │
2026-10-07T23:45:01.7731709Z ├───────────────────────────────────────────┼────────┼───────────────────┼───────────────────┼─────────┤
2026-10-07T23:45:01.7732810Z │ "fountainjs-editor/emoji-data"            │ 🟢     │ 🟢 (CJS)          │ 🟢 (ESM)          │ 🟢      │
2026-10-07T23:45:01.7733593Z ├───────────────────────────────────────────┼────────┼───────────────────┼───────────────────┼─────────┤
2026-10-07T23:45:01.7734341Z │ "fountainjs-editor/react"                 │ 🟢     │ 🟢 (CJS)          │ 🟢 (ESM)          │ 🟢      │
2026-10-07T23:45:01.7735088Z ├───────────────────────────────────────────┼────────┼───────────────────┼───────────────────┼─────────┤
2026-10-07T23:45:01.7735769Z │ "fountainjs-editor/vue"                   │ 🟢     │ 🟢 (CJS)          │ 🟢 (ESM)          │ 🟢      │
2026-10-07T23:45:01.7736502Z ├───────────────────────────────────────────┼────────┼───────────────────┼───────────────────┼─────────┤
2026-10-07T23:45:01.7737190Z │ "fountainjs-editor/svelte"                │ 🟢     │ 🟢 (CJS)          │ 🟢 (ESM)          │ 🟢      │
2026-10-07T23:45:01.7738122Z ├───────────────────────────────────────────┼────────┼───────────────────┼───────────────────┼─────────┤
2026-10-07T23:45:01.7738830Z │ "fountainjs-editor/yjs"                   │ 🟢     │ 🟢 (CJS)          │ 🟢 (ESM)          │ 🟢      │
2026-10-07T23:45:01.7739570Z ├───────────────────────────────────────────┼────────┼───────────────────┼───────────────────┼─────────┤
2026-10-07T23:45:01.7740496Z │ "fountainjs-editor/comments"              │ 🟢     │ 🟢 (CJS)          │ 🟢 (ESM)          │ 🟢      │
2026-10-07T23:45:01.7741263Z ├───────────────────────────────────────────┼────────┼───────────────────┼───────────────────┼─────────┤
2026-10-07T23:45:01.7741976Z │ "fountainjs-editor/react/comments"        │ 🟢     │ 🟢 (CJS)          │ 🟢 (ESM)          │ 🟢      │
2026-10-07T23:45:01.7743088Z ├───────────────────────────────────────────┼────────┼───────────────────┼───────────────────┼─────────┤
2026-10-07T23:45:01.7743845Z │ "fountainjs-editor/tracked-changes"       │ 🟢     │ 🟢 (CJS)          │ 🟢 (ESM)          │ 🟢      │
2026-10-07T23:45:01.7744612Z ├───────────────────────────────────────────┼────────┼───────────────────┼───────────────────┼─────────┤
2026-10-07T23:45:01.7745346Z │ "fountainjs-editor/react/tracked-changes" │ 🟢     │ 🟢 (CJS)          │ 🟢 (ESM)          │ 🟢      │
2026-10-07T23:45:01.7746138Z ├───────────────────────────────────────────┼────────┼───────────────────┼───────────────────┼─────────┤
2026-10-07T23:45:01.7746838Z │ "fountainjs-editor/versions"              │ 🟢     │ 🟢 (CJS)          │ 🟢 (ESM)          │ 🟢      │
2026-10-07T23:45:01.7747601Z ├───────────────────────────────────────────┼────────┼───────────────────┼───────────────────┼─────────┤
2026-10-07T23:45:01.7748309Z │ "fountainjs-editor/react/versions"        │ 🟢     │ 🟢 (CJS)          │ 🟢 (ESM)          │ 🟢      │
2026-10-07T23:45:01.7749069Z ├───────────────────────────────────────────┼────────┼───────────────────┼───────────────────┼─────────┤
2026-10-07T23:45:01.7749925Z │ "fountainjs-editor/details"               │ 🟢     │ 🟢 (CJS)          │ 🟢 (ESM)          │ 🟢      │
2026-10-07T23:45:01.7750772Z ├───────────────────────────────────────────┼────────┼───────────────────┼───────────────────┼─────────┤
2026-10-07T23:45:01.7751527Z │ "fountainjs-editor/ruby"                  │ 🟢     │ 🟢 (CJS)          │ 🟢 (ESM)          │ 🟢      │
2026-10-07T23:45:01.7752872Z ├───────────────────────────────────────────┼────────┼───────────────────┼───────────────────┼─────────┤
2026-10-07T23:45:01.7753678Z │ "fountainjs-editor/text-style"            │ 🟢     │ 🟢 (CJS)          │ 🟢 (ESM)          │ 🟢      │
2026-10-07T23:45:01.7754508Z ├───────────────────────────────────────────┼────────┼───────────────────┼───────────────────┼─────────┤
2026-10-07T23:45:01.7755231Z │ "fountainjs-editor/testing"               │ 🟢     │ 🟢 (CJS)          │ 🟢 (ESM)          │ 🟢      │
2026-10-07T23:45:01.7755991Z ├───────────────────────────────────────────┼────────┼───────────────────┼───────────────────┼─────────┤
2026-10-07T23:45:01.7756764Z │ "fountainjs-editor/migrations"            │ 🟢     │ 🟢 (CJS)          │ 🟢 (ESM)          │ 🟢      │
2026-10-07T23:45:01.7757614Z ├───────────────────────────────────────────┼────────┼───────────────────┼───────────────────┼─────────┤
2026-10-07T23:45:01.7758358Z │ "fountainjs-editor/node-ids"              │ 🟢     │ 🟢 (CJS)          │ 🟢 (ESM)          │ 🟢      │
2026-10-07T23:45:01.7759186Z ├───────────────────────────────────────────┼────────┼───────────────────┼───────────────────┼─────────┤
2026-10-07T23:45:01.7759962Z │ "fountainjs-editor/structured-attributes" │ 🟢     │ 🟢 (CJS)          │ 🟢 (ESM)          │ 🟢      │
2026-10-07T23:45:01.7760809Z ├───────────────────────────────────────────┼────────┼───────────────────┼───────────────────┼─────────┤
2026-10-07T23:45:01.7761566Z │ "fountainjs-editor/html/server"           │ 🟢     │ 🟢 (CJS)          │ 🟢 (ESM)          │ 🟢      │
2026-10-07T23:45:01.7762858Z ├───────────────────────────────────────────┼────────┼───────────────────┼───────────────────┼─────────┤
2026-10-07T23:45:01.7763629Z │ "fountainjs-editor/widgets"               │ 🟢     │ 🟢 (CJS)          │ 🟢 (ESM)          │ 🟢      │
2026-10-07T23:45:01.7764444Z ├───────────────────────────────────────────┼────────┼───────────────────┼───────────────────┼─────────┤
2026-10-07T23:45:01.7765398Z │ "fountainjs-editor/widgets/dom"           │ 🟢     │ 🟢 (CJS)          │ 🟢 (ESM)          │ 🟢      │
2026-10-07T23:45:01.7766248Z ├───────────────────────────────────────────┼────────┼───────────────────┼───────────────────┼─────────┤
2026-10-07T23:45:01.7767002Z │ "fountainjs-editor/react/widgets"         │ 🟢     │ 🟢 (CJS)          │ 🟢 (ESM)          │ 🟢      │
2026-10-07T23:45:01.7767838Z ├───────────────────────────────────────────┼────────┼───────────────────┼───────────────────┼─────────┤
2026-10-07T23:45:01.7768594Z │ "fountainjs-editor/pages"                 │ 🟢     │ 🟢 (CJS)          │ 🟢 (ESM)          │ 🟢      │
2026-10-07T23:45:01.7769419Z ├───────────────────────────────────────────┼────────┼───────────────────┼───────────────────┼─────────┤
2026-10-07T23:45:01.7770151Z │ "fountainjs-editor/pages/dom"             │ 🟢     │ 🟢 (CJS)          │ 🟢 (ESM)          │ 🟢      │
2026-10-07T23:45:01.7770980Z ├───────────────────────────────────────────┼────────┼───────────────────┼───────────────────┼─────────┤
2026-10-07T23:45:01.7771762Z │ "fountainjs-editor/pages/preview"         │ 🟢     │ 🟢 (CJS)          │ 🟢 (ESM)          │ 🟢      │
2026-10-07T23:45:01.7772830Z └───────────────────────────────────────────┴────────┴───────────────────┴───────────────────┴─────────┘
2026-10-07T23:45:01.8955770Z ##[group]Run pnpm dlx @arethetypeswrong/cli@0.18.5 --pack . --entrypoints ./angular --profile esm-only
2026-10-07T23:45:01.8957096Z [36;1mpnpm dlx @arethetypeswrong/cli@0.18.5 --pack . --entrypoints ./angular --profile esm-only[0m
2026-10-07T23:45:01.9039421Z shell: /usr/bin/bash -e {0}
2026-10-07T23:45:01.9039745Z env:
2026-10-07T23:45:01.9040026Z   PNPM_HOME: /home/runner/setup-pnpm/node_modules/.bin
2026-10-07T23:45:01.9040419Z   pythonLocation: /opt/hostedtoolcache/Python/3.13.15/x64
2026-10-07T23:45:01.9040857Z   PKG_CONFIG_PATH: /opt/hostedtoolcache/Python/3.13.15/x64/lib/pkgconfig
2026-10-07T23:45:01.9041291Z   Python_ROOT_DIR: /opt/hostedtoolcache/Python/3.13.15/x64
2026-10-07T23:45:01.9041680Z   Python2_ROOT_DIR: /opt/hostedtoolcache/Python/3.13.15/x64
2026-10-07T23:45:01.9042359Z   Python3_ROOT_DIR: /opt/hostedtoolcache/Python/3.13.15/x64
2026-10-07T23:45:01.9042783Z   LD_LIBRARY_PATH: /opt/hostedtoolcache/Python/3.13.15/x64/lib
2026-10-07T23:45:01.9043154Z ##[endgroup]
2026-10-07T23:45:05.7848296Z 
2026-10-07T23:45:05.8062478Z fountainjs-editor v0.4.0-beta.2
2026-10-07T23:45:05.8063064Z 
2026-10-07T23:45:05.8063278Z Build tools:
2026-10-07T23:45:05.8063720Z - typescript@^7.0.2
2026-10-07T23:45:05.8064146Z - vite@^8.2.2
2026-10-07T23:45:05.8064373Z 
2026-10-07T23:45:05.8064667Z  (ignoring resolutions: 'node10', 'node16-cjs')
2026-10-07T23:45:05.8065363Z 
2026-10-07T23:45:05.8066977Z (ignored per resolution) ⚠️ A require call resolved to an ESM JavaScript file, which is an error in Node and some bundlers. CommonJS consumers will need to use a dynamic import. https://github.com/arethetypeswrong/arethetypeswrong.github.io/blob/main/docs/problems/CJSResolvesToESM.md
2026-10-07T23:45:05.8068630Z 
2026-10-07T23:45:05.8068641Z 
2026-10-07T23:45:05.8069174Z ┌───────────────────┬────────────────────────────────────────┐
2026-10-07T23:45:05.8069933Z │                   │ "fountainjs-editor/angular"            │
2026-10-07T23:45:05.8070792Z ├───────────────────┼────────────────────────────────────────┤
2026-10-07T23:45:05.8071598Z │ node16 (from ESM) │ 🟢 (ESM)                               │
2026-10-07T23:45:05.8072668Z ├───────────────────┼────────────────────────────────────────┤
2026-10-07T23:45:05.8073579Z │ bundler           │ 🟢                                     │
2026-10-07T23:45:05.8074504Z ├───────────────────┼────────────────────────────────────────┤
2026-10-07T23:45:05.8075289Z │ node10            │ (ignored) 🟢                           │
2026-10-07T23:45:05.8076088Z ├───────────────────┼────────────────────────────────────────┤
2026-10-07T23:45:05.8076981Z │ node16 (from CJS) │ (ignored) ⚠️ ESM (dynamic import only) │
2026-10-07T23:45:05.8077894Z └───────────────────┴────────────────────────────────────────┘
2026-10-07T23:45:05.8513530Z ##[group]Run pnpm exec vite build --base /fountainjs/
2026-10-07T23:45:05.8514264Z [36;1mpnpm exec vite build --base /fountainjs/[0m
2026-10-07T23:45:05.8578462Z shell: /usr/bin/bash -e {0}
2026-10-07T23:45:05.8578720Z env:
2026-10-07T23:45:05.8578990Z   PNPM_HOME: /home/runner/setup-pnpm/node_modules/.bin
2026-10-07T23:45:05.8579384Z   pythonLocation: /opt/hostedtoolcache/Python/3.13.15/x64
2026-10-07T23:45:05.8579821Z   PKG_CONFIG_PATH: /opt/hostedtoolcache/Python/3.13.15/x64/lib/pkgconfig
2026-10-07T23:45:05.8580250Z   Python_ROOT_DIR: /opt/hostedtoolcache/Python/3.13.15/x64
2026-10-07T23:45:05.8580670Z   Python2_ROOT_DIR: /opt/hostedtoolcache/Python/3.13.15/x64
2026-10-07T23:45:05.8581054Z   Python3_ROOT_DIR: /opt/hostedtoolcache/Python/3.13.15/x64
2026-10-07T23:45:05.8581442Z   LD_LIBRARY_PATH: /opt/hostedtoolcache/Python/3.13.15/x64/lib
2026-10-07T23:45:05.8595360Z ##[endgroup]
2026-10-07T23:45:07.3911983Z [36mvite v8.2.2 [32mbuilding client environment for production...[36m[39m
2026-10-07T23:45:07.4040980Z transforming...
2026-10-07T23:45:08.5399094Z ✓ 769 modules transformed.
2026-10-07T23:45:08.6917799Z rendering chunks...
2026-10-07T23:45:08.9065580Z computing gzip size...
2026-10-07T23:45:08.9424281Z examples/react-app/dist/workflows.html                                       0.75 kB │ gzip:   0.42 kB
2026-10-07T23:45:08.9426004Z examples/react-app/dist/developers.html                                      0.80 kB │ gzip:   0.42 kB
2026-10-07T23:45:08.9427005Z examples/react-app/dist/demos.html                                           0.98 kB │ gzip:   0.46 kB
2026-10-07T23:45:08.9428383Z examples/react-app/dist/task-workflow.html                                   1.01 kB │ gzip:   0.46 kB
2026-10-07T23:45:08.9429241Z examples/react-app/dist/issue-editor.html                                    1.14 kB │ gzip:   0.47 kB
2026-10-07T23:45:08.9430088Z examples/react-app/dist/math-renderer.html                                   1.21 kB │ gzip:   0.48 kB
2026-10-07T23:45:08.9430936Z examples/react-app/dist/index.html                                           1.27 kB │ gzip:   0.51 kB
2026-10-07T23:45:08.9431774Z examples/react-app/dist/math-references.html                                 1.36 kB │ gzip:   0.53 kB
2026-10-07T23:45:08.9432887Z examples/react-app/dist/demos/vue-runbook.html                               1.57 kB │ gzip:   0.51 kB
2026-10-07T23:45:08.9433759Z examples/react-app/dist/demos/svelte-report.html                             1.57 kB │ gzip:   0.51 kB
2026-10-07T23:45:08.9434645Z examples/react-app/dist/demos/angular-media.html                             1.57 kB │ gzip:   0.51 kB
2026-10-07T23:45:08.9435523Z examples/react-app/dist/demos/react-article.html                             1.58 kB │ gzip:   0.51 kB
2026-10-07T23:45:08.9436408Z examples/react-app/dist/demos/python-content-api.html                        1.58 kB │ gzip:   0.51 kB
2026-10-07T23:45:08.9437317Z examples/react-app/dist/demos/go-docs-service.html                           1.59 kB │ gzip:   0.51 kB
2026-10-07T23:45:08.9438275Z examples/react-app/dist/demos/node-markdown.html                             1.59 kB │ gzip:   0.51 kB
2026-10-07T23:45:08.9439664Z examples/react-app/dist/demos/web-component-cms.html                         1.59 kB │ gzip:   0.51 kB
2026-10-07T23:45:08.9440617Z examples/react-app/dist/demos/plain-dom-notes.html                           1.59 kB │ gzip:   0.52 kB
2026-10-07T23:45:08.9441673Z examples/react-app/dist/demos/java-approval-workflow.html                    1.59 kB │ gzip:   0.51 kB
2026-10-07T23:45:08.9442847Z examples/react-app/dist/conversion-lab.html                                  1.96 kB │ gzip:   0.73 kB
2026-10-07T23:45:08.9443555Z examples/react-app/dist/assets/KaTeX_Size3-Regular-CTq5MqoE.woff             4.42 kB
2026-10-07T23:45:08.9444214Z examples/react-app/dist/assets/KaTeX_Size4-Regular-Dl5lxZxV.woff2            4.92 kB
2026-10-07T23:45:08.9444859Z examples/react-app/dist/assets/KaTeX_Size2-Regular-Dy4dx90m.woff2            5.20 kB
2026-10-07T23:45:08.9445761Z examples/react-app/dist/assets/KaTeX_Size1-Regular-mCD8mA8B.woff2            5.46 kB
2026-10-07T23:45:08.9446434Z examples/react-app/dist/assets/KaTeX_Size4-Regular-BF-4gkZK.woff             5.98 kB
2026-10-07T23:45:08.9447073Z examples/react-app/dist/assets/KaTeX_Size2-Regular-oD1tc_U0.woff             6.18 kB
2026-10-07T23:45:08.9448209Z examples/react-app/dist/assets/KaTeX_Size1-Regular-C195tn64.woff             6.49 kB
2026-10-07T23:45:08.9449138Z examples/react-app/dist/assets/KaTeX_Caligraphic-Regular-Di6jR-x-.woff2      6.90 kB
2026-10-07T23:45:08.9449798Z examples/react-app/dist/assets/KaTeX_Caligraphic-Bold-Dq_IR9rO.woff2         6.91 kB
2026-10-07T23:45:08.9450487Z examples/react-app/dist/assets/KaTeX_Size3-Regular-DgpXs0kz.ttf              7.58 kB
2026-10-07T23:45:08.9451134Z examples/react-app/dist/assets/KaTeX_Caligraphic-Regular-CTRA-rTL.woff       7.65 kB
2026-10-07T23:45:08.9451787Z examples/react-app/dist/assets/KaTeX_Caligraphic-Bold-BEiXGLvX.woff          7.71 kB
2026-10-07T23:45:08.9452641Z examples/react-app/dist/assets/KaTeX_Script-Regular-D3wIWfF6.woff2           9.64 kB
2026-10-07T23:45:08.9453293Z examples/react-app/dist/assets/KaTeX_SansSerif-Regular-DDBCnlJ7.woff2       10.34 kB
2026-10-07T23:45:08.9453939Z examples/react-app/dist/assets/KaTeX_Size4-Regular-DWFBv043.ttf             10.36 kB
2026-10-07T23:45:08.9454575Z examples/react-app/dist/assets/KaTeX_Script-Regular-D5yQViql.woff           10.58 kB
2026-10-07T23:45:08.9455215Z examples/react-app/dist/assets/KaTeX_Fraktur-Regular-CTYiF6lA.woff2         11.31 kB
2026-10-07T23:45:08.9456057Z examples/react-app/dist/assets/KaTeX_Fraktur-Bold-CL6g_b3V.woff2            11.34 kB
2026-10-07T23:45:08.9456692Z examples/react-app/dist/assets/KaTeX_Size2-Regular-B7gKUWhC.ttf             11.50 kB
2026-10-07T23:45:08.9457325Z examples/react-app/dist/assets/KaTeX_SansSerif-Italic-C3H0VqGB.woff2        12.02 kB
2026-10-07T23:45:08.9458151Z examples/react-app/dist/assets/KaTeX_SansSerif-Bold-D1sUS0GD.woff2          12.21 kB
2026-10-07T23:45:08.9459134Z examples/react-app/dist/assets/KaTeX_Size1-Regular-Dbsnue_I.ttf             12.22 kB
2026-10-07T23:45:08.9460061Z examples/react-app/dist/assets/KaTeX_SansSerif-Regular-CS6fqUqJ.woff        12.31 kB
2026-10-07T23:45:08.9460968Z examples/react-app/dist/assets/KaTeX_Caligraphic-Regular-wX97UBjC.ttf       12.34 kB
2026-10-07T23:45:08.9461874Z examples/react-app/dist/assets/KaTeX_Caligraphic-Bold-ATXxdsX0.ttf          12.36 kB
2026-10-07T23:45:08.9463696Z examples/react-app/dist/assets/KaTeX_Fraktur-Regular-Dxdc4cR9.woff          13.20 kB
2026-10-07T23:45:08.9464634Z examples/react-app/dist/assets/KaTeX_Fraktur-Bold-BsDP51OF.woff             13.29 kB
2026-10-07T23:45:08.9465554Z examples/react-app/dist/assets/KaTeX_Typewriter-Regular-CO6r4hn1.woff2      13.56 kB
2026-10-07T23:45:08.9466468Z examples/react-app/dist/assets/KaTeX_SansSerif-Italic-DN2j7dab.woff         14.11 kB
2026-10-07T23:45:08.9467377Z examples/react-app/dist/assets/KaTeX_SansSerif-Bold-DbIhKOiC.woff           14.40 kB
2026-10-07T23:45:08.9468334Z examples/react-app/dist/assets/KaTeX_Typewriter-Regular-C0xS9mPB.woff       16.02 kB
2026-10-07T23:45:08.9469291Z examples/react-app/dist/assets/KaTeX_Math-BoldItalic-CZnvNsCZ.woff2         16.40 kB
2026-10-07T23:45:08.9470389Z examples/react-app/dist/assets/KaTeX_Math-Italic-t53AETM-.woff2             16.44 kB
2026-10-07T23:45:08.9471299Z examples/react-app/dist/assets/KaTeX_Script-Regular-C5JkGWo-.ttf            16.64 kB
2026-10-07T23:45:08.9472470Z examples/react-app/dist/assets/KaTeX_Main-BoldItalic-DxDJ3AOS.woff2         16.78 kB
2026-10-07T23:45:08.9473406Z examples/react-app/dist/assets/KaTeX_Main-Italic-NWA7e6Wa.woff2             16.98 kB
2026-10-07T23:45:08.9474311Z examples/react-app/dist/assets/KaTeX_Math-BoldItalic-iY-2wyZ7.woff          18.66 kB
2026-10-07T23:45:08.9475203Z examples/react-app/dist/assets/KaTeX_Math-Italic-DA0__PXp.woff              18.74 kB
2026-10-07T23:45:08.9476090Z examples/react-app/dist/assets/KaTeX_Main-BoldItalic-SpSLRI95.woff          19.41 kB
2026-10-07T23:45:08.9477245Z examples/react-app/dist/assets/KaTeX_SansSerif-Regular-BNo7hRIc.ttf         19.43 kB
2026-10-07T23:45:08.9478174Z examples/react-app/dist/assets/KaTeX_Fraktur-Regular-CB_wures.ttf           19.57 kB
2026-10-07T23:45:08.9479064Z examples/react-app/dist/assets/KaTeX_Fraktur-Bold-BdnERNNW.ttf              19.58 kB
2026-10-07T23:45:08.9479968Z examples/react-app/dist/assets/KaTeX_Main-Italic-BMLOBm91.woff              19.67 kB
2026-10-07T23:45:08.9480909Z examples/react-app/dist/assets/KaTeX_SansSerif-Italic-YYjJ1zSn.ttf          22.36 kB
2026-10-07T23:45:08.9481949Z examples/react-app/dist/assets/KaTeX_SansSerif-Bold-CFMepnvq.ttf            24.50 kB
2026-10-07T23:45:08.9482894Z examples/react-app/dist/assets/KaTeX_Main-Bold-Cx986IdX.woff2               25.32 kB
2026-10-07T23:45:08.9483541Z examples/react-app/dist/assets/KaTeX_Main-Regular-B22Nviop.woff2            26.27 kB
2026-10-07T23:45:08.9484183Z examples/react-app/dist/assets/KaTeX_Typewriter-Regular-D3Ib7_Hf.ttf        27.55 kB
2026-10-07T23:45:08.9484823Z examples/react-app/dist/assets/KaTeX_AMS-Regular-BQhdFMY1.woff2             28.07 kB
2026-10-07T23:45:08.9485447Z examples/react-app/dist/assets/KaTeX_Main-Bold-Jm3AIy58.woff                29.91 kB
2026-10-07T23:45:08.9486073Z examples/react-app/dist/assets/KaTeX_Main-Regular-Dr94JaBh.woff             30.77 kB
2026-10-07T23:45:08.9486714Z examples/react-app/dist/assets/KaTeX_Math-BoldItalic-B3XSjfu4.ttf           31.19 kB
2026-10-07T23:45:08.9487344Z examples/react-app/dist/assets/KaTeX_Math-Italic-flOr_0UB.ttf               31.30 kB
2026-10-07T23:45:08.9488162Z examples/react-app/dist/assets/KaTeX_Main-BoldItalic-DzxPMmG6.ttf           32.96 kB
2026-10-07T23:45:08.9488799Z examples/react-app/dist/assets/KaTeX_AMS-Regular-DMm9YOAa.woff              33.51 kB
2026-10-07T23:45:08.9489423Z examples/react-app/dist/assets/KaTeX_Main-Italic-3WenGoN9.ttf               33.58 kB
2026-10-07T23:45:08.9490056Z examples/react-app/dist/assets/KaTeX_Main-Bold-waoOVXN0.ttf                 51.33 kB
2026-10-07T23:45:08.9490729Z examples/react-app/dist/assets/KaTeX_Main-Regular-ypZvNtVU.ttf              53.58 kB
2026-10-07T23:45:08.9491356Z examples/react-app/dist/assets/KaTeX_AMS-Regular-DRggAlZN.ttf               63.63 kB
2026-10-07T23:45:08.9492565Z examples/react-app/dist/assets/mathReferences-DZkUsBC7.css                   1.44 kB │ gzip:   0.49 kB
2026-10-07T23:45:08.9493456Z examples/react-app/dist/assets/math-renderer-Bzeyzs68.css                    1.92 kB │ gzip:   0.78 kB
2026-10-07T23:45:08.9494300Z examples/react-app/dist/assets/issueEditor-BvOhe8Ue.css                      2.93 kB │ gzip:   1.07 kB
2026-10-07T23:45:08.9495141Z examples/react-app/dist/assets/demo-main-C6B5dMq3.css                        3.51 kB │ gzip:   1.14 kB
2026-10-07T23:45:08.9495967Z examples/react-app/dist/assets/conversionLab-D1_ybtx_.css                    4.49 kB │ gzip:   1.42 kB
2026-10-07T23:45:08.9496784Z examples/react-app/dist/assets/workflows-CUVZY_k3.css                        5.28 kB │ gzip:   1.55 kB
2026-10-07T23:45:08.9497635Z examples/react-app/dist/assets/developers-oZ5wSwzo.css                       7.85 kB │ gzip:   2.20 kB
2026-10-07T23:45:08.9498457Z examples/react-app/dist/assets/demos-8OEply4J.css                           20.89 kB │ gzip:   4.69 kB
2026-10-07T23:45:08.9499255Z examples/react-app/dist/assets/src-B23quapa.css                             28.26 kB │ gzip:   6.30 kB
2026-10-07T23:45:08.9500055Z examples/react-app/dist/assets/katex-QAR1SwR3.css                           30.38 kB │ gzip:   7.96 kB
2026-10-07T23:45:08.9500857Z examples/react-app/dist/assets/styles-D9W2rEJG.css                          80.10 kB │ gzip:  12.22 kB
2026-10-07T23:45:08.9501703Z examples/react-app/dist/assets/math-renderer-D9snoi-1.js                     0.95 kB │ gzip:   0.36 kB
2026-10-07T23:45:08.9502856Z examples/react-app/dist/assets/inline-atom-BLfPalX5-CPwxZ4s_.js              1.31 kB │ gzip:   0.61 kB
2026-10-07T23:45:08.9503847Z examples/react-app/dist/assets/workflows-B0fiELdy.js                         4.50 kB │ gzip:   1.58 kB
2026-10-07T23:45:08.9504681Z examples/react-app/dist/assets/node-ids-y5-2ZFm7.js                          6.12 kB │ gzip:   2.44 kB
2026-10-07T23:45:08.9505503Z examples/react-app/dist/assets/mathRenderer-C9rwuhp2.js                      6.51 kB │ gzip:   2.77 kB
2026-10-07T23:45:08.9506315Z examples/react-app/dist/assets/demos-CuWppJEq.js                             6.93 kB │ gzip:   2.51 kB
2026-10-07T23:45:08.9507125Z examples/react-app/dist/assets/taskWorkflow-B3HmLHTP.js                      7.47 kB │ gzip:   2.99 kB
2026-10-07T23:45:08.9507949Z examples/react-app/dist/assets/issueEditor-BGJpTXCJ.js                      11.05 kB │ gzip:   4.37 kB
2026-10-07T23:45:08.9508768Z examples/react-app/dist/assets/demos-Bs5m_CXW.js                            20.73 kB │ gzip:   7.89 kB
2026-10-07T23:45:08.9509583Z examples/react-app/dist/assets/svelte-report-Bf-KAvyS.js                    46.00 kB │ gzip:  18.16 kB
2026-10-07T23:45:08.9510400Z examples/react-app/dist/assets/dist-9yr5Jbzm.js                             46.27 kB │ gzip:  13.90 kB
2026-10-07T23:45:08.9511201Z examples/react-app/dist/assets/vue-runbook-DDEbur84.js                      59.35 kB │ gzip:  23.63 kB
2026-10-07T23:45:08.9512276Z examples/react-app/dist/assets/conversionLab-C6VOPhKJ.js                    59.82 kB │ gzip:  19.67 kB
2026-10-07T23:45:08.9513176Z examples/react-app/dist/assets/demo-main-BMN303Pc.js                        91.15 kB │ gzip:  28.13 kB
2026-10-07T23:45:08.9513981Z examples/react-app/dist/assets/react-DCoBe0bZ.js                            92.69 kB │ gzip:  26.28 kB
2026-10-07T23:45:08.9514947Z examples/react-app/dist/assets/developers--j-vqihE.js                      105.23 kB │ gzip:  29.79 kB
2026-10-07T23:45:08.9515755Z examples/react-app/dist/assets/docx-C4vHp_ZJ.js                            151.98 kB │ gzip:  48.44 kB
2026-10-07T23:45:08.9516572Z examples/react-app/dist/assets/SitePageLink-F6rtmo3i.js                    191.26 kB │ gzip:  60.33 kB
2026-10-07T23:45:08.9517403Z examples/react-app/dist/assets/html-server-B_3Lhcn6.js                     212.93 kB │ gzip:  54.31 kB
2026-10-07T23:45:08.9518233Z examples/react-app/dist/assets/AmsConfiguration-B11q3I7v.js                243.82 kB │ gzip:  75.29 kB
2026-10-07T23:45:08.9519059Z examples/react-app/dist/assets/katex.min-C7iIJkK6.js                       258.39 kB │ gzip:  77.55 kB
2026-10-07T23:45:08.9519846Z examples/react-app/dist/assets/main-B1WN_xNh.js                            346.21 kB │ gzip:  98.67 kB
2026-10-07T23:45:08.9520630Z examples/react-app/dist/assets/styles-C_PtpprG.js                          422.53 kB │ gzip: 134.74 kB
2026-10-07T23:45:08.9521443Z examples/react-app/dist/assets/campaign-BWTAlcFT.js                        471.28 kB │ gzip: 153.44 kB
2026-10-07T23:45:08.9522537Z examples/react-app/dist/assets/mathReferences-BiDPL_jb.js                1,613.86 kB │ gzip: 627.29 kB
2026-10-07T23:45:08.9522935Z 
2026-10-07T23:45:08.9523254Z [33m[plugin builtin:vite-reporter] 
2026-10-07T23:45:08.9523710Z (!) Some chunks are larger than 500 kB after minification. Consider:
2026-10-07T23:45:08.9524186Z - Using dynamic import() to code-split the application
2026-10-07T23:45:08.9524974Z - Use build.rolldownOptions.output.codeSplitting to improve chunking: https://rolldown.rs/reference/OutputOptions.codeSplitting
2026-10-07T23:45:08.9525852Z - Adjust chunk size limit for this warning via build.chunkSizeWarningLimit.[39m
2026-10-07T23:45:08.9526332Z [32m✓ built in 1.55s[39m
2026-10-07T23:45:09.0866053Z ##[group]Run pnpm pack --dry-run
2026-10-07T23:45:09.0866623Z [36;1mpnpm pack --dry-run[0m
2026-10-07T23:45:09.0958141Z shell: /usr/bin/bash -e {0}
2026-10-07T23:45:09.0958598Z env:
2026-10-07T23:45:09.0959042Z   PNPM_HOME: /home/runner/setup-pnpm/node_modules/.bin
2026-10-07T23:45:09.0959740Z   pythonLocation: /opt/hostedtoolcache/Python/3.13.15/x64
2026-10-07T23:45:09.0960523Z   PKG_CONFIG_PATH: /opt/hostedtoolcache/Python/3.13.15/x64/lib/pkgconfig
2026-10-07T23:45:09.0961339Z   Python_ROOT_DIR: /opt/hostedtoolcache/Python/3.13.15/x64
2026-10-07T23:45:09.0962460Z   Python2_ROOT_DIR: /opt/hostedtoolcache/Python/3.13.15/x64
2026-10-07T23:45:09.0963240Z   Python3_ROOT_DIR: /opt/hostedtoolcache/Python/3.13.15/x64
2026-10-07T23:45:09.0963961Z   LD_LIBRARY_PATH: /opt/hostedtoolcache/Python/3.13.15/x64/lib
2026-10-07T23:45:09.0964544Z ##[endgroup]
2026-10-07T23:45:09.9079167Z package: fountainjs-editor@0.4.0-beta.2
2026-10-07T23:45:09.9080328Z Tarball Contents
2026-10-07T23:45:09.9081208Z api-surface.json
2026-10-07T23:45:09.9081636Z CHANGELOG.md
2026-10-07T23:45:09.9082356Z dist/ai-conversation.cjs
2026-10-07T23:45:09.9082900Z dist/ai-conversation.cjs.map
2026-10-07T23:45:09.9083401Z dist/ai-conversation.js
2026-10-07T23:45:09.9083721Z dist/ai-conversation.js.map
2026-10-07T23:45:09.9084177Z dist/ai-document-tools.cjs
2026-10-07T23:45:09.9084746Z dist/ai-document-tools.cjs.map
2026-10-07T23:45:09.9085292Z dist/ai-document-tools.js
2026-10-07T23:45:09.9085815Z dist/ai-document-tools.js.map
2026-10-07T23:45:09.9086395Z dist/ai-generated-media.cjs
2026-10-07T23:45:09.9086965Z dist/ai-generated-media.cjs.map
2026-10-07T23:45:09.9087489Z dist/ai-generated-media.js
2026-10-07T23:45:09.9088052Z dist/ai-generated-media.js.map
2026-10-07T23:45:09.9088608Z dist/ai/controller.d.cts
2026-10-07T23:45:09.9089060Z dist/ai/controller.d.ts
2026-10-07T23:45:09.9089506Z dist/ai/conversation.d.cts
2026-10-07T23:45:09.9089956Z dist/ai/conversation.d.ts
2026-10-07T23:45:09.9090424Z dist/ai/document-tools.d.cts
2026-10-07T23:45:09.9090901Z dist/ai/document-tools.d.ts
2026-10-07T23:45:09.9091368Z dist/ai/generated-media.d.cts
2026-10-07T23:45:09.9092506Z dist/ai/generated-media.d.ts
2026-10-07T23:45:09.9092999Z dist/ai/index.d.cts
2026-10-07T23:45:09.9093428Z dist/ai/index.d.ts
2026-10-07T23:45:09.9093867Z dist/ai/mcp-adapter.d.cts
2026-10-07T23:45:09.9094343Z dist/ai/mcp-adapter.d.ts
2026-10-07T23:45:09.9094776Z dist/ai/types.d.cts
2026-10-07T23:45:09.9095158Z dist/ai/types.d.ts
2026-10-07T23:45:09.9095552Z dist/angular/index.d.ts
2026-10-07T23:45:09.9095979Z dist/angular/index.js
2026-10-07T23:45:09.9096501Z dist/angular/index.js.map
2026-10-07T23:45:09.9096874Z dist/collaboration-BubriAbK.js
2026-10-07T23:45:09.9097210Z dist/collaboration-BubriAbK.js.map
2026-10-07T23:45:09.9097571Z dist/collaboration-core-6QLxBCsv.cjs
2026-10-07T23:45:09.9097955Z dist/collaboration-core-6QLxBCsv.cjs.map
2026-10-07T23:45:09.9098329Z dist/collaboration-core-B-I53ZbT.js
2026-10-07T23:45:09.9098700Z dist/collaboration-core-B-I53ZbT.js.map
2026-10-07T23:45:09.9099068Z dist/collaboration-DHfWMt2l.cjs
2026-10-07T23:45:09.9099409Z dist/collaboration-DHfWMt2l.cjs.map
2026-10-07T23:45:09.9099767Z dist/command-manager-CSDUCeVE.js
2026-10-07T23:45:09.9100112Z dist/command-manager-CSDUCeVE.js.map
2026-10-07T23:45:09.9100458Z dist/command-manager-DU4ahU5C.cjs
2026-10-07T23:45:09.9100829Z dist/command-manager-DU4ahU5C.cjs.map
2026-10-07T23:45:09.9101136Z dist/commands-BL7GYuPi.cjs
2026-10-07T23:45:09.9101451Z dist/commands-BL7GYuPi.cjs.map
2026-10-07T23:45:09.9101754Z dist/commands-TxmgMX7X.js
2026-10-07T23:45:09.9102046Z dist/commands-TxmgMX7X.js.map
2026-10-07T23:45:09.9102750Z dist/comments.cjs
2026-10-07T23:45:09.9103035Z dist/comments.cjs.map
2026-10-07T23:45:09.9103286Z dist/comments.js
2026-10-07T23:45:09.9103533Z dist/comments.js.map
2026-10-07T23:45:09.9103797Z dist/comments/index.d.cts
2026-10-07T23:45:09.9104054Z dist/comments/index.d.ts
2026-10-07T23:45:09.9104369Z dist/content-expression-CuobUc-r.js
2026-10-07T23:45:09.9105037Z dist/content-expression-CuobUc-r.js.map
2026-10-07T23:45:09.9105450Z dist/content-expression-YXcFdjFU.cjs
2026-10-07T23:45:09.9105829Z dist/content-expression-YXcFdjFU.cjs.map
2026-10-07T23:45:09.9106151Z dist/core.cjs
2026-10-07T23:45:09.9106354Z dist/core.js
2026-10-07T23:45:09.9106592Z dist/core/commands.d.cts
2026-10-07T23:45:09.9106865Z dist/core/commands.d.ts
2026-10-07T23:45:09.9107140Z dist/core/decoration.d.cts
2026-10-07T23:45:09.9107483Z dist/core/decoration.d.ts
2026-10-07T23:45:09.9107756Z dist/core/editor.d.cts
2026-10-07T23:45:09.9108017Z dist/core/editor.d.ts
2026-10-07T23:45:09.9108314Z dist/core/explicit-emphasis.d.cts
2026-10-07T23:45:09.9108650Z dist/core/explicit-emphasis.d.ts
2026-10-07T23:45:09.9109010Z dist/core/exporters/html-exporter.d.cts
2026-10-07T23:45:09.9109372Z dist/core/exporters/html-exporter.d.ts
2026-10-07T23:45:09.9109721Z dist/core/exporters/json-exporter.d.cts
2026-10-07T23:45:09.9110070Z dist/core/exporters/json-exporter.d.ts
2026-10-07T23:45:09.9110469Z dist/core/exporters/markdown-exporter.d.cts
2026-10-07T23:45:09.9110872Z dist/core/exporters/markdown-exporter.d.ts
2026-10-07T23:45:09.9111261Z dist/core/exporters/text-exporter.d.cts
2026-10-07T23:45:09.9111614Z dist/core/exporters/text-exporter.d.ts
2026-10-07T23:45:09.9111936Z dist/core/html-comment.d.cts
2026-10-07T23:45:09.9112539Z dist/core/html-comment.d.ts
2026-10-07T23:45:09.9112835Z dist/core/html-flow.d.cts
2026-10-07T23:45:09.9113122Z dist/core/html-flow.d.ts
2026-10-07T23:45:09.9113405Z dist/core/image-caption.d.cts
2026-10-07T23:45:09.9113717Z dist/core/image-caption.d.ts
2026-10-07T23:45:09.9113990Z dist/core/image.d.cts
2026-10-07T23:45:09.9114247Z dist/core/image.d.ts
2026-10-07T23:45:09.9114596Z dist/core/importers/html-definition-list.d.cts
2026-10-07T23:45:09.9115007Z dist/core/importers/html-definition-list.d.ts
2026-10-07T23:45:09.9115395Z dist/core/importers/html-importer.d.cts
2026-10-07T23:45:09.9115744Z dist/core/importers/html-importer.d.ts
2026-10-07T23:45:09.9116123Z dist/core/importers/html-link-url.d.cts
2026-10-07T23:45:09.9116478Z dist/core/importers/html-link-url.d.ts
2026-10-07T23:45:09.9116818Z dist/core/importers/html-list.d.cts
2026-10-07T23:45:09.9117364Z dist/core/importers/html-list.d.ts
2026-10-07T23:45:09.9117738Z dist/core/importers/html-page-settings.d.cts
2026-10-07T23:45:09.9118129Z dist/core/importers/html-page-settings.d.ts
2026-10-07T23:45:09.9118511Z dist/core/importers/html-table.d.cts
2026-10-07T23:45:09.9118854Z dist/core/importers/html-table.d.ts
2026-10-07T23:45:09.9119207Z dist/core/importers/markdown-importer.d.cts
2026-10-07T23:45:09.9119603Z dist/core/importers/markdown-importer.d.ts
2026-10-07T23:45:09.9119926Z dist/core/index.d.cts
2026-10-07T23:45:09.9120158Z dist/core/index.d.ts
2026-10-07T23:45:09.9120457Z dist/core/link-destination.d.cts
2026-10-07T23:45:09.9120780Z dist/core/link-destination.d.ts
2026-10-07T23:45:09.9121111Z dist/core/markdown-entities.d.cts
2026-10-07T23:45:09.9121444Z dist/core/markdown-entities.d.ts
2026-10-07T23:45:09.9121750Z dist/core/markdown-html.d.cts
2026-10-07T23:45:09.9122284Z dist/core/markdown-html.d.ts
2026-10-07T23:45:09.9122681Z dist/core/markdown-tex.d.cts
2026-10-07T23:45:09.9122982Z dist/core/markdown-tex.d.ts
2026-10-07T23:45:09.9123299Z dist/core/math-expression.d.cts
2026-10-07T23:45:09.9123619Z dist/core/math-expression.d.ts
2026-10-07T23:45:09.9123916Z dist/core/page-settings.d.cts
2026-10-07T23:45:09.9124217Z dist/core/page-settings.d.ts
2026-10-07T23:45:09.9124529Z dist/core/paragraph-layout.d.cts
2026-10-07T23:45:09.9124854Z dist/core/paragraph-layout.d.ts
2026-10-07T23:45:09.9125148Z dist/core/platform.d.cts
2026-10-07T23:45:09.9125428Z dist/core/platform.d.ts
2026-10-07T23:45:09.9125691Z dist/core/plugin.d.cts
2026-10-07T23:45:09.9125951Z dist/core/plugin.d.ts
2026-10-07T23:45:09.9126266Z dist/core/schema/content-expression.d.cts
2026-10-07T23:45:09.9126659Z dist/core/schema/content-expression.d.ts
2026-10-07T23:45:09.9126984Z dist/core/schema/index.d.cts
2026-10-07T23:45:09.9127270Z dist/core/schema/index.d.ts
2026-10-07T23:45:09.9127724Z dist/core/schema/mark-spec.d.cts
2026-10-07T23:45:09.9128076Z dist/core/schema/mark-spec.d.ts
2026-10-07T23:45:09.9128379Z dist/core/schema/mark.d.cts
2026-10-07T23:45:09.9128654Z dist/core/schema/mark.d.ts
2026-10-07T23:45:09.9128954Z dist/core/schema/node-spec.d.cts
2026-10-07T23:45:09.9129271Z dist/core/schema/node-spec.d.ts
2026-10-07T23:45:09.9129565Z dist/core/schema/node.d.cts
2026-10-07T23:45:09.9129842Z dist/core/schema/node.d.ts
2026-10-07T23:45:09.9130121Z dist/core/schema/schema.d.cts
2026-10-07T23:45:09.9130420Z dist/core/schema/schema.d.ts
2026-10-07T23:45:09.9130694Z dist/core/search.d.cts
2026-10-07T23:45:09.9130948Z dist/core/search.d.ts
2026-10-07T23:45:09.9131213Z dist/core/selection.d.cts
2026-10-07T23:45:09.9131485Z dist/core/selection.d.ts
2026-10-07T23:45:09.9131728Z dist/core/state.d.cts
2026-10-07T23:45:09.9131976Z dist/core/state.d.ts
2026-10-07T23:45:09.9132614Z dist/core/structure-commands.d.cts
2026-10-07T23:45:09.9132959Z dist/core/structure-commands.d.ts
2026-10-07T23:45:09.9133299Z dist/core/table-appearance.d.cts
2026-10-07T23:45:09.9133627Z dist/core/table-appearance.d.ts
2026-10-07T23:45:09.9133950Z dist/core/table-background.d.cts
2026-10-07T23:45:09.9134269Z dist/core/table-background.d.ts
2026-10-07T23:45:09.9134609Z dist/core/table-commands.d.cts
2026-10-07T23:45:09.9134909Z dist/core/table-commands.d.ts
2026-10-07T23:45:09.9135199Z dist/core/table-layout.d.cts
2026-10-07T23:45:09.9135490Z dist/core/table-layout.d.ts
2026-10-07T23:45:09.9135773Z dist/core/table-map.d.cts
2026-10-07T23:45:09.9136049Z dist/core/table-map.d.ts
2026-10-07T23:45:09.9136322Z dist/core/table-width.d.cts
2026-10-07T23:45:09.9136607Z dist/core/table-width.d.ts
2026-10-07T23:45:09.9136880Z dist/core/tex-table.d.cts
2026-10-07T23:45:09.9137131Z dist/core/tex-table.d.ts
2026-10-07T23:45:09.9137435Z dist/core/text-direction.d.cts
2026-10-07T23:45:09.9137732Z dist/core/text-direction.d.ts
2026-10-07T23:45:09.9138093Z dist/core/text-replacement-selection.d.cts
2026-10-07T23:45:09.9138494Z dist/core/text-replacement-selection.d.ts
2026-10-07T23:45:09.9138871Z dist/core/transaction/add-mark-step.d.cts
2026-10-07T23:45:09.9139421Z dist/core/transaction/add-mark-step.d.ts
2026-10-07T23:45:09.9139792Z dist/core/transaction/index.d.cts
2026-10-07T23:45:09.9140114Z dist/core/transaction/index.d.ts
2026-10-07T23:45:09.9140473Z dist/core/transaction/insert-text-step.d.cts
2026-10-07T23:45:09.9140863Z dist/core/transaction/insert-text-step.d.ts
2026-10-07T23:45:09.9141230Z dist/core/transaction/mapping.d.cts
2026-10-07T23:45:09.9141583Z dist/core/transaction/mapping.d.ts
2026-10-07T23:45:09.9141936Z dist/core/transaction/mark-range-step.d.cts
2026-10-07T23:45:09.9142567Z dist/core/transaction/mark-range-step.d.ts
2026-10-07T23:45:09.9142931Z dist/core/transaction/path.d.cts
2026-10-07T23:45:09.9143258Z dist/core/transaction/path.d.ts
2026-10-07T23:45:09.9143632Z dist/core/transaction/remove-mark-step.d.cts
2026-10-07T23:45:09.9144013Z dist/core/transaction/remove-mark-step.d.ts
2026-10-07T23:45:09.9144424Z dist/core/transaction/replace-document-step.d.cts
2026-10-07T23:45:09.9144890Z dist/core/transaction/replace-document-step.d.ts
2026-10-07T23:45:09.9145314Z dist/core/transaction/replace-node-step.d.cts
2026-10-07T23:45:09.9145745Z dist/core/transaction/replace-node-step.d.ts
2026-10-07T23:45:09.9146133Z dist/core/transaction/replace-step.d.cts
2026-10-07T23:45:09.9146499Z dist/core/transaction/replace-step.d.ts
2026-10-07T23:45:09.9146922Z dist/core/transaction/replace-text-range-step.d.cts
2026-10-07T23:45:09.9147353Z dist/core/transaction/replace-text-range-step.d.ts
2026-10-07T23:45:09.9147794Z dist/core/transaction/replace-text-step.d.cts
2026-10-07T23:45:09.9148189Z dist/core/transaction/replace-text-step.d.ts
2026-10-07T23:45:09.9148600Z dist/core/transaction/set-node-attrs-step.d.cts
2026-10-07T23:45:09.9149017Z dist/core/transaction/set-node-attrs-step.d.ts
2026-10-07T23:45:09.9149400Z dist/core/transaction/step.d.cts
2026-10-07T23:45:09.9149720Z dist/core/transaction/step.d.ts
2026-10-07T23:45:09.9150293Z dist/core/transaction/transaction.d.cts
2026-10-07T23:45:09.9150673Z dist/core/transaction/transaction.d.ts
2026-10-07T23:45:09.9151049Z dist/core/transaction/transform.d.cts
2026-10-07T23:45:09.9151395Z dist/core/transaction/transform.d.ts
2026-10-07T23:45:09.9151741Z dist/core/unicode-case-fold-data.d.cts
2026-10-07T23:45:09.9152345Z dist/core/unicode-case-fold-data.d.ts
2026-10-07T23:45:09.9152742Z dist/core/unicode-case-fold.d.cts
2026-10-07T23:45:09.9153053Z dist/core/unicode-case-fold.d.ts
2026-10-07T23:45:09.9153338Z dist/core/url.d.cts
2026-10-07T23:45:09.9153592Z dist/core/url.d.ts
2026-10-07T23:45:09.9153860Z dist/decoration-CuT1b7BC.js
2026-10-07T23:45:09.9154182Z dist/decoration-CuT1b7BC.js.map
2026-10-07T23:45:09.9154491Z dist/decoration-jVx4B2Pl.cjs
2026-10-07T23:45:09.9154834Z dist/decoration-jVx4B2Pl.cjs.map
2026-10-07T23:45:09.9155108Z dist/details.cjs
2026-10-07T23:45:09.9155334Z dist/details.cjs.map
2026-10-07T23:45:09.9155561Z dist/details.js
2026-10-07T23:45:09.9155813Z dist/details.js.map
2026-10-07T23:45:09.9156071Z dist/details/index.d.cts
2026-10-07T23:45:09.9156354Z dist/details/index.d.ts
2026-10-07T23:45:09.9156634Z dist/document-utilities.cjs
2026-10-07T23:45:09.9156944Z dist/document-utilities.cjs.map
2026-10-07T23:45:09.9157246Z dist/document-utilities.d.cts
2026-10-07T23:45:09.9157547Z dist/document-utilities.d.ts
2026-10-07T23:45:09.9157855Z dist/document-utilities.js
2026-10-07T23:45:09.9158161Z dist/document-utilities.js.map
2026-10-07T23:45:09.9158431Z dist/docx.cjs
2026-10-07T23:45:09.9158663Z dist/docx.cjs.map
2026-10-07T23:45:09.9158872Z dist/docx.js
2026-10-07T23:45:09.9159095Z dist/docx.js.map
2026-10-07T23:45:09.9159337Z dist/docx/index.d.cts
2026-10-07T23:45:09.9159592Z dist/docx/index.d.ts
2026-10-07T23:45:09.9159862Z dist/docx/math-parser.d.cts
2026-10-07T23:45:09.9160153Z dist/docx/math-parser.d.ts
2026-10-07T23:45:09.9160423Z dist/docx/math.d.cts
2026-10-07T23:45:09.9160671Z dist/docx/math.d.ts
2026-10-07T23:45:09.9160967Z dist/docx/paragraph-style.d.cts
2026-10-07T23:45:09.9161290Z dist/docx/paragraph-style.d.ts
2026-10-07T23:45:09.9161589Z dist/docx/style-cascade.d.cts
2026-10-07T23:45:09.9162310Z dist/docx/style-cascade.d.ts
2026-10-07T23:45:09.9162712Z dist/docx/style-projection.d.cts
2026-10-07T23:45:09.9163061Z dist/docx/style-projection.d.ts
2026-10-07T23:45:09.9163358Z dist/docx/style-reader.d.cts
2026-10-07T23:45:09.9163651Z dist/docx/style-reader.d.ts
2026-10-07T23:45:09.9163961Z dist/docx/table-appearance.d.cts
2026-10-07T23:45:09.9164285Z dist/docx/table-appearance.d.ts
2026-10-07T23:45:09.9164580Z dist/docx/table-style.d.cts
2026-10-07T23:45:09.9164863Z dist/docx/table-style.d.ts
2026-10-07T23:45:09.9165164Z dist/docx/table-text.d.cts
2026-10-07T23:45:09.9165442Z dist/docx/table-text.d.ts
2026-10-07T23:45:09.9165719Z dist/docx/table-width.d.cts
2026-10-07T23:45:09.9165982Z dist/docx/table-width.d.ts
2026-10-07T23:45:09.9166266Z dist/docx/theme-fonts.d.cts
2026-10-07T23:45:09.9166544Z dist/docx/theme-fonts.d.ts
2026-10-07T23:45:09.9166831Z dist/docx/xml-parser.d.cts
2026-10-07T23:45:09.9167110Z dist/docx/xml-parser.d.ts
2026-10-07T23:45:09.9167402Z dist/docx/xml-types.d.cts
2026-10-07T23:45:09.9167681Z dist/docx/xml-types.d.ts
2026-10-07T23:45:09.9167956Z dist/editor-Ce4QfnkJ.cjs
2026-10-07T23:45:09.9168245Z dist/editor-Ce4QfnkJ.cjs.map
2026-10-07T23:45:09.9168530Z dist/editor-CMX7ABLq.js
2026-10-07T23:45:09.9168809Z dist/editor-CMX7ABLq.js.map
2026-10-07T23:45:09.9169119Z dist/emoji-BvONuNlT.cjs
2026-10-07T23:45:09.9169392Z dist/emoji-BvONuNlT.cjs.map
2026-10-07T23:45:09.9169669Z dist/emoji-D9ueoMZm.js
2026-10-07T23:45:09.9169952Z dist/emoji-D9ueoMZm.js.map
2026-10-07T23:45:09.9170261Z dist/emoji-data.cjs
2026-10-07T23:45:09.9170546Z dist/emoji-data.cjs.map
2026-10-07T23:45:09.9170844Z dist/emoji-data.d.cts
2026-10-07T23:45:09.9171138Z dist/emoji-data.d.ts
2026-10-07T23:45:09.9171395Z dist/emoji-data.js
2026-10-07T23:45:09.9171631Z dist/emoji-data.js.map
2026-10-07T23:45:09.9171881Z dist/extension-Cfbujo9B.js
2026-10-07T23:45:09.9172640Z dist/extension-Cfbujo9B.js.map
2026-10-07T23:45:09.9172961Z dist/extension-Sb4ErwsF.cjs
2026-10-07T23:45:09.9173283Z dist/extension-Sb4ErwsF.cjs.map
2026-10-07T23:45:09.9173583Z dist/extensions-BSFCxafO.cjs
2026-10-07T23:45:09.9174096Z dist/extensions-BSFCxafO.cjs.map
2026-10-07T23:45:09.9174685Z dist/extensions-Cd1PKsOE.js
2026-10-07T23:45:09.9175279Z dist/extensions-Cd1PKsOE.js.map
2026-10-07T23:45:09.9175883Z dist/extensions/character-count.d.cts
2026-10-07T23:45:09.9176525Z dist/extensions/character-count.d.ts
2026-10-07T23:45:09.9176975Z dist/extensions/clipboard-history.d.cts
2026-10-07T23:45:09.9177342Z dist/extensions/clipboard-history.d.ts
2026-10-07T23:45:09.9177710Z dist/extensions/collaboration-core.d.cts
2026-10-07T23:45:09.9178057Z dist/extensions/collaboration-core.d.ts
2026-10-07T23:45:09.9178383Z dist/extensions/collaboration.d.cts
2026-10-07T23:45:09.9178696Z dist/extensions/collaboration.d.ts
2026-10-07T23:45:09.9179017Z dist/extensions/command-manager.d.cts
2026-10-07T23:45:09.9179344Z dist/extensions/command-manager.d.ts
2026-10-07T23:45:09.9179634Z dist/extensions/emoji.d.cts
2026-10-07T23:45:09.9179891Z dist/extensions/emoji.d.ts
2026-10-07T23:45:09.9180186Z dist/extensions/extension.d.cts
2026-10-07T23:45:09.9180478Z dist/extensions/extension.d.ts
2026-10-07T23:45:09.9180776Z dist/extensions/floating-menu.d.cts
2026-10-07T23:45:09.9181088Z dist/extensions/floating-menu.d.ts
2026-10-07T23:45:09.9181395Z dist/extensions/html-comments.d.cts
2026-10-07T23:45:09.9181702Z dist/extensions/html-comments.d.ts
2026-10-07T23:45:09.9182019Z dist/extensions/html-containers.d.cts
2026-10-07T23:45:09.9182752Z dist/extensions/html-containers.d.ts
2026-10-07T23:45:09.9183065Z dist/extensions/html-flow.d.cts
2026-10-07T23:45:09.9183361Z dist/extensions/html-flow.d.ts
2026-10-07T23:45:09.9183630Z dist/extensions/index.d.cts
2026-10-07T23:45:09.9183886Z dist/extensions/index.d.ts
2026-10-07T23:45:09.9184170Z dist/extensions/inline-atom.d.cts
2026-10-07T23:45:09.9184479Z dist/extensions/inline-atom.d.ts
2026-10-07T23:45:09.9184758Z dist/extensions/lean.d.cts
2026-10-07T23:45:09.9185015Z dist/extensions/lean.d.ts
2026-10-07T23:45:09.9185304Z dist/extensions/link-behavior.d.cts
2026-10-07T23:45:09.9185817Z dist/extensions/link-behavior.d.ts
2026-10-07T23:45:09.9186120Z dist/extensions/marks/code.d.cts
2026-10-07T23:45:09.9186414Z dist/extensions/marks/code.d.ts
2026-10-07T23:45:09.9186700Z dist/extensions/marks/em.d.cts
2026-10-07T23:45:09.9186965Z dist/extensions/marks/em.d.ts
2026-10-07T23:45:09.9187271Z dist/extensions/marks/font-family.d.cts
2026-10-07T23:45:09.9187600Z dist/extensions/marks/font-family.d.ts
2026-10-07T23:45:09.9187923Z dist/extensions/marks/font-size.d.cts
2026-10-07T23:45:09.9188234Z dist/extensions/marks/font-size.d.ts
2026-10-07T23:45:09.9188552Z dist/extensions/marks/highlight.d.cts
2026-10-07T23:45:09.9188867Z dist/extensions/marks/highlight.d.ts
2026-10-07T23:45:09.9189202Z dist/extensions/marks/letter-spacing.d.cts
2026-10-07T23:45:09.9189558Z dist/extensions/marks/letter-spacing.d.ts
2026-10-07T23:45:09.9189911Z dist/extensions/marks/line-height.d.cts
2026-10-07T23:45:09.9190335Z dist/extensions/marks/line-height.d.ts
2026-10-07T23:45:09.9191270Z dist/extensions/marks/link.d.cts
2026-10-07T23:45:09.9191731Z dist/extensions/marks/link.d.ts
2026-10-07T23:45:09.9192451Z dist/extensions/marks/strike.d.cts
2026-10-07T23:45:09.9192982Z dist/extensions/marks/strike.d.ts
2026-10-07T23:45:09.9193488Z dist/extensions/marks/strong.d.cts
2026-10-07T23:45:09.9193999Z dist/extensions/marks/strong.d.ts
2026-10-07T23:45:09.9194521Z dist/extensions/marks/subscript.d.cts
2026-10-07T23:45:09.9195075Z dist/extensions/marks/subscript.d.ts
2026-10-07T23:45:09.9195652Z dist/extensions/marks/superscript.d.cts
2026-10-07T23:45:09.9196232Z dist/extensions/marks/superscript.d.ts
2026-10-07T23:45:09.9196807Z dist/extensions/marks/text-color.d.cts
2026-10-07T23:45:09.9197365Z dist/extensions/marks/text-color.d.ts
2026-10-07T23:45:09.9197930Z dist/extensions/marks/underline.d.cts
2026-10-07T23:45:09.9198666Z dist/extensions/marks/underline.d.ts
2026-10-07T23:45:09.9199170Z dist/extensions/math.d.cts
2026-10-07T23:45:09.9199606Z dist/extensions/math.d.ts
2026-10-07T23:45:09.9200050Z dist/extensions/media.d.cts
2026-10-07T23:45:09.9200500Z dist/extensions/media.d.ts
2026-10-07T23:45:09.9200945Z dist/extensions/mention.d.cts
2026-10-07T23:45:09.9201409Z dist/extensions/mention.d.ts
2026-10-07T23:45:09.9201935Z dist/extensions/nodes/blockquote.d.cts
2026-10-07T23:45:09.9202696Z dist/extensions/nodes/blockquote.d.ts
2026-10-07T23:45:09.9203269Z dist/extensions/nodes/bullet-list.d.cts
2026-10-07T23:45:09.9203856Z dist/extensions/nodes/bullet-list.d.ts
2026-10-07T23:45:09.9204499Z dist/extensions/nodes/code-block.d.cts
2026-10-07T23:45:09.9205205Z dist/extensions/nodes/code-block.d.ts
2026-10-07T23:45:09.9205945Z dist/extensions/nodes/definition-list.d.cts
2026-10-07T23:45:09.9206960Z dist/extensions/nodes/definition-list.d.ts
2026-10-07T23:45:09.9207749Z dist/extensions/nodes/doc.d.cts
2026-10-07T23:45:09.9208480Z dist/extensions/nodes/doc.d.ts
2026-10-07T23:45:09.9209187Z dist/extensions/nodes/figcaption.d.cts
2026-10-07T23:45:09.9209971Z dist/extensions/nodes/figcaption.d.ts
2026-10-07T23:45:09.9227818Z dist/extensions/nodes/hard-break.d.cts
2026-10-07T23:45:09.9228516Z dist/extensions/nodes/hard-break.d.ts
2026-10-07T23:45:09.9229098Z dist/extensions/nodes/heading.d.cts
2026-10-07T23:45:09.9229610Z dist/extensions/nodes/heading.d.ts
2026-10-07T23:45:09.9230159Z dist/extensions/nodes/horizontal-rule.d.cts
2026-10-07T23:45:09.9230802Z dist/extensions/nodes/horizontal-rule.d.ts
2026-10-07T23:45:09.9231453Z dist/extensions/nodes/image-attributes.d.cts
2026-10-07T23:45:09.9232301Z dist/extensions/nodes/image-attributes.d.ts
2026-10-07T23:45:09.9232861Z dist/extensions/nodes/image-node-view.d.cts
2026-10-07T23:45:09.9233403Z dist/extensions/nodes/image-node-view.d.ts
2026-10-07T23:45:09.9233965Z dist/extensions/nodes/image-super.d.cts
2026-10-07T23:45:09.9234576Z dist/extensions/nodes/image-super.d.ts
2026-10-07T23:45:09.9235195Z dist/extensions/nodes/inline-image.d.cts
2026-10-07T23:45:09.9235794Z dist/extensions/nodes/inline-image.d.ts
2026-10-07T23:45:09.9236377Z dist/extensions/nodes/list-item.d.cts
2026-10-07T23:45:09.9237182Z dist/extensions/nodes/list-item.d.ts
2026-10-07T23:45:09.9237776Z dist/extensions/nodes/ordered-list.d.cts
2026-10-07T23:45:09.9238312Z dist/extensions/nodes/ordered-list.d.ts
2026-10-07T23:45:09.9238826Z dist/extensions/nodes/paragraph.d.cts
2026-10-07T23:45:09.9239356Z dist/extensions/nodes/paragraph.d.ts
2026-10-07T23:45:09.9239896Z dist/extensions/nodes/table-cell-view.d.cts
2026-10-07T23:45:09.9240481Z dist/extensions/nodes/table-cell-view.d.ts
2026-10-07T23:45:09.9241088Z dist/extensions/nodes/table-cell.d.cts
2026-10-07T23:45:09.9241657Z dist/extensions/nodes/table-cell.d.ts
2026-10-07T23:45:09.9242459Z dist/extensions/nodes/table-header.d.cts
2026-10-07T23:45:09.9243089Z dist/extensions/nodes/table-header.d.ts
2026-10-07T23:45:09.9243660Z dist/extensions/nodes/table-row.d.cts
2026-10-07T23:45:09.9244241Z dist/extensions/nodes/table-row.d.ts
2026-10-07T23:45:09.9244613Z dist/extensions/nodes/table.d.cts
2026-10-07T23:45:09.9244929Z dist/extensions/nodes/table.d.ts
2026-10-07T23:45:09.9245247Z dist/extensions/nodes/task-item.d.cts
2026-10-07T23:45:09.9245568Z dist/extensions/nodes/task-item.d.ts
2026-10-07T23:45:09.9245895Z dist/extensions/nodes/task-list.d.cts
2026-10-07T23:45:09.9246249Z dist/extensions/nodes/task-list.d.ts
2026-10-07T23:45:09.9246562Z dist/extensions/nodes/text.d.cts
2026-10-07T23:45:09.9247081Z dist/extensions/nodes/text.d.ts
2026-10-07T23:45:09.9247637Z dist/extensions/plugins/history.d.cts
2026-10-07T23:45:09.9248204Z dist/extensions/plugins/history.d.ts
2026-10-07T23:45:09.9248791Z dist/extensions/plugins/input-rules.d.cts
2026-10-07T23:45:09.9249212Z dist/extensions/plugins/input-rules.d.ts
2026-10-07T23:45:09.9249608Z dist/extensions/plugins/markdown-shortcuts.d.cts
2026-10-07T23:45:09.9250028Z dist/extensions/plugins/markdown-shortcuts.d.ts
2026-10-07T23:45:09.9250622Z dist/extensions/plugins/mcp-integration.d.cts
2026-10-07T23:45:09.9251028Z dist/extensions/plugins/mcp-integration.d.ts
2026-10-07T23:45:09.9251405Z dist/extensions/plugins/paste-rules.d.cts
2026-10-07T23:45:09.9251758Z dist/extensions/plugins/paste-rules.d.ts
2026-10-07T23:45:09.9252421Z dist/extensions/plugins/syntax-highlight.d.cts
2026-10-07T23:45:09.9252858Z dist/extensions/plugins/syntax-highlight.d.ts
2026-10-07T23:45:09.9253240Z dist/extensions/plugins/table-editing.d.cts
2026-10-07T23:45:09.9253608Z dist/extensions/plugins/table-editing.d.ts
2026-10-07T23:45:09.9253955Z dist/extensions/slash-command.d.cts
2026-10-07T23:45:09.9254272Z dist/extensions/slash-command.d.ts
2026-10-07T23:45:09.9254587Z dist/extensions/suggestion.d.cts
2026-10-07T23:45:09.9254893Z dist/extensions/suggestion.d.ts
2026-10-07T23:45:09.9255242Z dist/extensions/trailing-editable-block.d.cts
2026-10-07T23:45:09.9255622Z dist/extensions/trailing-editable-block.d.ts
2026-10-07T23:45:09.9255976Z dist/extensions/typography.d.cts
2026-10-07T23:45:09.9256303Z dist/extensions/typography.d.ts
2026-10-07T23:45:09.9256582Z dist/headless/index.d.cts
2026-10-07T23:45:09.9256842Z dist/headless/index.d.ts
2026-10-07T23:45:09.9257109Z dist/history-C1iHQbdz.cjs
2026-10-07T23:45:09.9257374Z dist/history-C1iHQbdz.cjs.map
2026-10-07T23:45:09.9257647Z dist/history-CluGKD04.js
2026-10-07T23:45:09.9257912Z dist/history-CluGKD04.js.map
2026-10-07T23:45:09.9258183Z dist/html-flow-0iqE4lWW.cjs
2026-10-07T23:45:09.9258474Z dist/html-flow-0iqE4lWW.cjs.map
2026-10-07T23:45:09.9258748Z dist/html-flow-BJslUvJk.js
2026-10-07T23:45:09.9259040Z dist/html-flow-BJslUvJk.js.map
2026-10-07T23:45:09.9259305Z dist/html-inert.cjs
2026-10-07T23:45:09.9259539Z dist/html-inert.cjs.map
2026-10-07T23:45:09.9259783Z dist/html-inert.js
2026-10-07T23:45:09.9260012Z dist/html-inert.js.map
2026-10-07T23:45:09.9260300Z dist/html-page-settings-C1un4UNO.js
2026-10-07T23:45:09.9260651Z dist/html-page-settings-C1un4UNO.js.map
2026-10-07T23:45:09.9261003Z dist/html-page-settings-CYNBUfR_.cjs
2026-10-07T23:45:09.9261353Z dist/html-page-settings-CYNBUfR_.cjs.map
2026-10-07T23:45:09.9261655Z dist/html-server.cjs
2026-10-07T23:45:09.9261895Z dist/html-server.cjs.map
2026-10-07T23:45:09.9262648Z dist/html-server.js
2026-10-07T23:45:09.9262896Z dist/html-server.js.map
2026-10-07T23:45:09.9263151Z dist/html/inert.d.cts
2026-10-07T23:45:09.9263386Z dist/html/inert.d.ts
2026-10-07T23:45:09.9263621Z dist/html/server.d.cts
2026-10-07T23:45:09.9263863Z dist/html/server.d.ts
2026-10-07T23:45:09.9264078Z dist/index.cjs
2026-10-07T23:45:09.9264296Z dist/index.cjs.map
2026-10-07T23:45:09.9264514Z dist/index.d.cts
2026-10-07T23:45:09.9264721Z dist/index.d.ts
2026-10-07T23:45:09.9264924Z dist/index.js
2026-10-07T23:45:09.9265138Z dist/index.js.map
2026-10-07T23:45:09.9265391Z dist/inline-atom-BLfPalX5.js
2026-10-07T23:45:09.9265703Z dist/inline-atom-BLfPalX5.js.map
2026-10-07T23:45:09.9265998Z dist/inline-atom-Cg88XSNe.cjs
2026-10-07T23:45:09.9266305Z dist/inline-atom-Cg88XSNe.cjs.map
2026-10-07T23:45:09.9266600Z dist/input-rules-EH0whXGW.js
2026-10-07T23:45:09.9266898Z dist/input-rules-EH0whXGW.js.map
2026-10-07T23:45:09.9267183Z dist/input-rules-HXvPuvbc.cjs
2026-10-07T23:45:09.9267487Z dist/input-rules-HXvPuvbc.cjs.map
2026-10-07T23:45:09.9267765Z dist/integrity-dom.cjs
2026-10-07T23:45:09.9268013Z dist/integrity-dom.cjs.map
2026-10-07T23:45:09.9268275Z dist/integrity-dom.js
2026-10-07T23:45:09.9268522Z dist/integrity-dom.js.map
2026-10-07T23:45:09.9268768Z dist/integrity.cjs
2026-10-07T23:45:09.9269000Z dist/integrity.cjs.map
2026-10-07T23:45:09.9269230Z dist/integrity.js
2026-10-07T23:45:09.9269457Z dist/integrity.js.map
2026-10-07T23:45:09.9269701Z dist/integrity/dom.d.cts
2026-10-07T23:45:09.9269945Z dist/integrity/dom.d.ts
2026-10-07T23:45:09.9270202Z dist/integrity/index.d.cts
2026-10-07T23:45:09.9270457Z dist/integrity/index.d.ts
2026-10-07T23:45:09.9270708Z dist/lean/controller.d.cts
2026-10-07T23:45:09.9270964Z dist/lean/controller.d.ts
2026-10-07T23:45:09.9271217Z dist/lean/diagnostics.d.cts
2026-10-07T23:45:09.9271611Z dist/lean/diagnostics.d.ts
2026-10-07T23:45:09.9271879Z dist/lean/index.d.cts
2026-10-07T23:45:09.9272351Z dist/lean/index.d.ts
2026-10-07T23:45:09.9272616Z dist/lean/info-view.d.cts
2026-10-07T23:45:09.9272868Z dist/lean/info-view.d.ts
2026-10-07T23:45:09.9273158Z dist/lean/loopback-provider.d.cts
2026-10-07T23:45:09.9273469Z dist/lean/loopback-provider.d.ts
2026-10-07T23:45:09.9273742Z dist/lean/types.d.cts
2026-10-07T23:45:09.9273980Z dist/lean/types.d.ts
2026-10-07T23:45:09.9274246Z dist/link-behavior-B1mK7PNq.js
2026-10-07T23:45:09.9274555Z dist/link-behavior-B1mK7PNq.js.map
2026-10-07T23:45:09.9274876Z dist/link-behavior-CdJmNa0_.cjs
2026-10-07T23:45:09.9275182Z dist/link-behavior-CdJmNa0_.cjs.map
2026-10-07T23:45:09.9275504Z dist/link-destination-3p4Of17h.cjs
2026-10-07T23:45:09.9275830Z dist/link-destination-3p4Of17h.cjs.map
2026-10-07T23:45:09.9276164Z dist/link-destination-M3zm_45f.js
2026-10-07T23:45:09.9276493Z dist/link-destination-M3zm_45f.js.map
2026-10-07T23:45:09.9276786Z dist/mapping-BbhEodcc.js
2026-10-07T23:45:09.9277067Z dist/mapping-BbhEodcc.js.map
2026-10-07T23:45:09.9277339Z dist/mapping-LRwd6pqd.cjs
2026-10-07T23:45:09.9277610Z dist/mapping-LRwd6pqd.cjs.map
2026-10-07T23:45:09.9277916Z dist/mark-range-step-DOJDyOsP.cjs
2026-10-07T23:45:09.9278237Z dist/mark-range-step-DOJDyOsP.cjs.map
2026-10-07T23:45:09.9278564Z dist/mark-range-step-Jo1iPQSu.js
2026-10-07T23:45:09.9278885Z dist/mark-range-step-Jo1iPQSu.js.map
2026-10-07T23:45:09.9279203Z dist/markdown-html-83ZGjqmO.js
2026-10-07T23:45:09.9279506Z dist/markdown-html-83ZGjqmO.js.map
2026-10-07T23:45:09.9279819Z dist/markdown-html-DD8ATANg.cjs
2026-10-07T23:45:09.9280135Z dist/markdown-html-DD8ATANg.cjs.map
2026-10-07T23:45:09.9280423Z dist/media-C4Fb72p-.cjs
2026-10-07T23:45:09.9280678Z dist/media-C4Fb72p-.cjs.map
2026-10-07T23:45:09.9280939Z dist/media-xX7DlCgE.js
2026-10-07T23:45:09.9281189Z dist/media-xX7DlCgE.js.map
2026-10-07T23:45:09.9281477Z dist/menu-position-CPJUKm4O.cjs
2026-10-07T23:45:09.9281794Z dist/menu-position-CPJUKm4O.cjs.map
2026-10-07T23:45:09.9282346Z dist/menu-position-Cz80Kz3v.js
2026-10-07T23:45:09.9282674Z dist/menu-position-Cz80Kz3v.js.map
2026-10-07T23:45:09.9283097Z dist/migrations.cjs
2026-10-07T23:45:09.9283332Z dist/migrations.cjs.map
2026-10-07T23:45:09.9283573Z dist/migrations.js
2026-10-07T23:45:09.9283803Z dist/migrations.js.map
2026-10-07T23:45:09.9284060Z dist/migrations/index.d.cts
2026-10-07T23:45:09.9284320Z dist/migrations/index.d.ts
2026-10-07T23:45:09.9284568Z dist/node-CMohf4dR.js
2026-10-07T23:45:09.9284818Z dist/node-CMohf4dR.js.map
2026-10-07T23:45:09.9285066Z dist/node-D26sG_e5.cjs
2026-10-07T23:45:09.9285302Z dist/node-D26sG_e5.cjs.map
2026-10-07T23:45:09.9285546Z dist/node-ids.cjs
2026-10-07T23:45:09.9285774Z dist/node-ids.cjs.map
2026-10-07T23:45:09.9286001Z dist/node-ids.js
2026-10-07T23:45:09.9286225Z dist/node-ids.js.map
2026-10-07T23:45:09.9286466Z dist/node-ids/index.d.cts
2026-10-07T23:45:09.9286715Z dist/node-ids/index.d.ts
2026-10-07T23:45:09.9286968Z dist/node-spec-Dl5lMC1C.js
2026-10-07T23:45:09.9287263Z dist/node-spec-Dl5lMC1C.js.map
2026-10-07T23:45:09.9287549Z dist/node-spec-owlJN_nc.cjs
2026-10-07T23:45:09.9287843Z dist/node-spec-owlJN_nc.cjs.map
2026-10-07T23:45:09.9288148Z dist/page-settings-Bqt82pEY.js
2026-10-07T23:45:09.9288458Z dist/page-settings-Bqt82pEY.js.map
2026-10-07T23:45:09.9288776Z dist/page-settings-BTDzBnRH.cjs
2026-10-07T23:45:09.9289094Z dist/page-settings-BTDzBnRH.cjs.map
2026-10-07T23:45:09.9289379Z dist/pages-dom.cjs
2026-10-07T23:45:09.9289612Z dist/pages-dom.cjs.map
2026-10-07T23:45:09.9289847Z dist/pages-dom.js
2026-10-07T23:45:09.9290083Z dist/pages-dom.js.map
2026-10-07T23:45:09.9290323Z dist/pages-preview.cjs
2026-10-07T23:45:09.9290574Z dist/pages-preview.cjs.map
2026-10-07T23:45:09.9290835Z dist/pages-preview.js
2026-10-07T23:45:09.9291080Z dist/pages-preview.js.map
2026-10-07T23:45:09.9291316Z dist/pages.cjs
2026-10-07T23:45:09.9291540Z dist/pages.cjs.map
2026-10-07T23:45:09.9291755Z dist/pages.js
2026-10-07T23:45:09.9291969Z dist/pages.js.map
2026-10-07T23:45:09.9292708Z dist/pages/dom-preview.d.cts
2026-10-07T23:45:09.9293005Z dist/pages/dom-preview.d.ts
2026-10-07T23:45:09.9293263Z dist/pages/dom.d.cts
2026-10-07T23:45:09.9293496Z dist/pages/dom.d.ts
2026-10-07T23:45:09.9293729Z dist/pages/index.d.cts
2026-10-07T23:45:09.9293964Z dist/pages/index.d.ts
2026-10-07T23:45:09.9294202Z dist/pages/layout.d.cts
2026-10-07T23:45:09.9294449Z dist/pages/layout.d.ts
2026-10-07T23:45:09.9294698Z dist/pages/presentation.d.cts
2026-10-07T23:45:09.9294977Z dist/pages/presentation.d.ts
2026-10-07T23:45:09.9295241Z dist/pages/preview.d.cts
2026-10-07T23:45:09.9295499Z dist/pages/preview.d.ts
2026-10-07T23:45:09.9295744Z dist/pages/settings.d.cts
2026-10-07T23:45:09.9295996Z dist/pages/settings.d.ts
2026-10-07T23:45:09.9296252Z dist/pages/templates.d.cts
2026-10-07T23:45:09.9296511Z dist/pages/templates.d.ts
2026-10-07T23:45:09.9296757Z dist/path-B7Cr90vg.js
2026-10-07T23:45:09.9297005Z dist/path-B7Cr90vg.js.map
2026-10-07T23:45:09.9297255Z dist/path-DDY3uxw-.cjs
2026-10-07T23:45:09.9297508Z dist/path-DDY3uxw-.cjs.map
2026-10-07T23:45:09.9297767Z dist/plugin-B0KSKRXJ.js
2026-10-07T23:45:09.9298025Z dist/plugin-B0KSKRXJ.js.map
2026-10-07T23:45:09.9298294Z dist/plugin-DlQkwKdU.cjs
2026-10-07T23:45:09.9298552Z dist/plugin-DlQkwKdU.cjs.map
2026-10-07T23:45:09.9298833Z dist/presentation-_RsWq19D.js
2026-10-07T23:45:09.9299131Z dist/presentation-_RsWq19D.js.map
2026-10-07T23:45:09.9299437Z dist/presentation-DrPDmb6z.cjs
2026-10-07T23:45:09.9299758Z dist/presentation-DrPDmb6z.cjs.map
2026-10-07T23:45:09.9300043Z dist/react-comments.cjs
2026-10-07T23:45:09.9300296Z dist/react-comments.cjs.map
2026-10-07T23:45:09.9300563Z dist/react-comments.js
2026-10-07T23:45:09.9300813Z dist/react-comments.js.map
2026-10-07T23:45:09.9301077Z dist/react-integrity.cjs
2026-10-07T23:45:09.9301337Z dist/react-integrity.cjs.map
2026-10-07T23:45:09.9301607Z dist/react-integrity.js
2026-10-07T23:45:09.9301863Z dist/react-integrity.js.map
2026-10-07T23:45:09.9302465Z dist/react-tracked-changes.cjs
2026-10-07T23:45:09.9302803Z dist/react-tracked-changes.cjs.map
2026-10-07T23:45:09.9303104Z dist/react-tracked-changes.js
2026-10-07T23:45:09.9303555Z dist/react-tracked-changes.js.map
2026-10-07T23:45:09.9303839Z dist/react-versions.cjs
2026-10-07T23:45:09.9304087Z dist/react-versions.cjs.map
2026-10-07T23:45:09.9304342Z dist/react-versions.js
2026-10-07T23:45:09.9304587Z dist/react-versions.js.map
2026-10-07T23:45:09.9304847Z dist/react-widgets.cjs
2026-10-07T23:45:09.9305092Z dist/react-widgets.cjs.map
2026-10-07T23:45:09.9305344Z dist/react-widgets.js
2026-10-07T23:45:09.9305590Z dist/react-widgets.js.map
2026-10-07T23:45:09.9305825Z dist/react.cjs
2026-10-07T23:45:09.9306044Z dist/react.cjs.map
2026-10-07T23:45:09.9306259Z dist/react.js
2026-10-07T23:45:09.9306482Z dist/react.js.map
2026-10-07T23:45:09.9306756Z dist/react/ClipboardHistoryMenu.d.cts
2026-10-07T23:45:09.9307094Z dist/react/ClipboardHistoryMenu.d.ts
2026-10-07T23:45:09.9307385Z dist/react/comments.d.cts
2026-10-07T23:45:09.9307698Z dist/react/comments.d.ts
2026-10-07T23:45:09.9307997Z dist/react/FountainAIConversation.d.cts
2026-10-07T23:45:09.9308342Z dist/react/FountainAIConversation.d.ts
2026-10-07T23:45:09.9308699Z dist/react/FountainAIGeneratedMedia.d.cts
2026-10-07T23:45:09.9309056Z dist/react/FountainAIGeneratedMedia.d.ts
2026-10-07T23:45:09.9309386Z dist/react/FountainAIReview.d.cts
2026-10-07T23:45:09.9309696Z dist/react/FountainAIReview.d.ts
2026-10-07T23:45:09.9310017Z dist/react/FountainCharacterCount.d.cts
2026-10-07T23:45:09.9310352Z dist/react/FountainCharacterCount.d.ts
2026-10-07T23:45:09.9310678Z dist/react/FountainComments.d.cts
2026-10-07T23:45:09.9310981Z dist/react/FountainComments.d.ts
2026-10-07T23:45:09.9311284Z dist/react/FountainComposer.d.cts
2026-10-07T23:45:09.9311591Z dist/react/FountainComposer.d.ts
2026-10-07T23:45:09.9311888Z dist/react/FountainEditor.d.cts
2026-10-07T23:45:09.9312549Z dist/react/FountainEditor.d.ts
2026-10-07T23:45:09.9313082Z dist/react/FountainFloatingMenu.d.cts
2026-10-07T23:45:09.9313602Z dist/react/FountainFloatingMenu.d.ts
2026-10-07T23:45:09.9313973Z dist/react/FountainIntegrityInspector.d.cts
2026-10-07T23:45:09.9314351Z dist/react/FountainIntegrityInspector.d.ts
2026-10-07T23:45:09.9314721Z dist/react/FountainSlashCommandMenu.d.cts
2026-10-07T23:45:09.9315075Z dist/react/FountainSlashCommandMenu.d.ts
2026-10-07T23:45:09.9315417Z dist/react/FountainSuggestionMenu.d.cts
2026-10-07T23:45:09.9315756Z dist/react/FountainSuggestionMenu.d.ts
2026-10-07T23:45:09.9316070Z dist/react/FountainToolbar.d.cts
2026-10-07T23:45:09.9316372Z dist/react/FountainToolbar.d.ts
2026-10-07T23:45:09.9316700Z dist/react/FountainToolbarPrimitives.d.cts
2026-10-07T23:45:09.9317055Z dist/react/FountainToolbarPrimitives.d.ts
2026-10-07T23:45:09.9317401Z dist/react/FountainTrackedChanges.d.cts
2026-10-07T23:45:09.9317743Z dist/react/FountainTrackedChanges.d.ts
2026-10-07T23:45:09.9318064Z dist/react/FountainVersions.d.cts
2026-10-07T23:45:09.9318371Z dist/react/FountainVersions.d.ts
2026-10-07T23:45:09.9318648Z dist/react/index.d.cts
2026-10-07T23:45:09.9318893Z dist/react/index.d.ts
2026-10-07T23:45:09.9319140Z dist/react/integrity.d.cts
2026-10-07T23:45:09.9319406Z dist/react/integrity.d.ts
2026-10-07T23:45:09.9319666Z dist/react/Navigator.d.cts
2026-10-07T23:45:09.9319922Z dist/react/Navigator.d.ts
2026-10-07T23:45:09.9320198Z dist/react/ReactNodeView.d.cts
2026-10-07T23:45:09.9320485Z dist/react/ReactNodeView.d.ts
2026-10-07T23:45:09.9320781Z dist/react/tracked-changes.d.cts
2026-10-07T23:45:09.9321086Z dist/react/tracked-changes.d.ts
2026-10-07T23:45:09.9321362Z dist/react/useFountain.d.cts
2026-10-07T23:45:09.9321628Z dist/react/useFountain.d.ts
2026-10-07T23:45:09.9321930Z dist/react/useNavigatorState.d.cts
2026-10-07T23:45:09.9322505Z dist/react/useNavigatorState.d.ts
2026-10-07T23:45:09.9322782Z dist/react/versions.d.cts
2026-10-07T23:45:09.9323031Z dist/react/versions.d.ts
2026-10-07T23:45:09.9323287Z dist/react/widgets.d.cts
2026-10-07T23:45:09.9323531Z dist/react/widgets.d.ts
2026-10-07T23:45:09.9323836Z dist/replace-text-range-step-DDj1wpRU.js
2026-10-07T23:45:09.9324220Z dist/replace-text-range-step-DDj1wpRU.js.map
2026-10-07T23:45:09.9324599Z dist/replace-text-range-step-VHOaDNVn.cjs
2026-10-07T23:45:09.9325172Z dist/replace-text-range-step-VHOaDNVn.cjs.map
2026-10-07T23:45:09.9325541Z dist/rolldown-runtime-Chgba0Kb.cjs
2026-10-07T23:45:09.9325801Z dist/ruby.cjs
2026-10-07T23:45:09.9326013Z dist/ruby.cjs.map
2026-10-07T23:45:09.9326223Z dist/ruby.js
2026-10-07T23:45:09.9326420Z dist/ruby.js.map
2026-10-07T23:45:09.9326655Z dist/ruby/index.d.cts
2026-10-07T23:45:09.9326888Z dist/ruby/index.d.ts
2026-10-07T23:45:09.9327132Z dist/search-Cb5HWhnF.cjs
2026-10-07T23:45:09.9327394Z dist/search-Cb5HWhnF.cjs.map
2026-10-07T23:45:09.9327661Z dist/search-CLj2oPC9.js
2026-10-07T23:45:09.9327922Z dist/search-CLj2oPC9.js.map
2026-10-07T23:45:09.9328187Z dist/selection-DrO1gWsj.cjs
2026-10-07T23:45:09.9328472Z dist/selection-DrO1gWsj.cjs.map
2026-10-07T23:45:09.9328751Z dist/selection-Du4v48EK.js
2026-10-07T23:45:09.9329040Z dist/selection-Du4v48EK.js.map
2026-10-07T23:45:09.9329310Z dist/step-CICBu9Xg.cjs
2026-10-07T23:45:09.9329558Z dist/step-CICBu9Xg.cjs.map
2026-10-07T23:45:09.9329823Z dist/step-doAGd4iU.js
2026-10-07T23:45:09.9330067Z dist/step-doAGd4iU.js.map
2026-10-07T23:45:09.9330348Z dist/structured-attributes.cjs
2026-10-07T23:45:09.9330658Z dist/structured-attributes.cjs.map
2026-10-07T23:45:09.9330951Z dist/structured-attributes.js
2026-10-07T23:45:09.9331254Z dist/structured-attributes.js.map
2026-10-07T23:45:09.9331583Z dist/structured-attributes/index.d.cts
2026-10-07T23:45:09.9331920Z dist/structured-attributes/index.d.ts
2026-10-07T23:45:09.9332590Z dist/styles.css
2026-10-07T23:45:09.9332815Z dist/svelte.cjs
2026-10-07T23:45:09.9333034Z dist/svelte.cjs.map
2026-10-07T23:45:09.9333249Z dist/svelte.js
2026-10-07T23:45:09.9333466Z dist/svelte.js.map
2026-10-07T23:45:09.9333700Z dist/svelte/index.d.cts
2026-10-07T23:45:09.9333942Z dist/svelte/index.d.ts
2026-10-07T23:45:09.9334210Z dist/table-layout-BlX6ZmrG.cjs
2026-10-07T23:45:09.9334660Z dist/table-layout-BlX6ZmrG.cjs.map
2026-10-07T23:45:09.9334965Z dist/table-layout-wVT2Dkfh.js
2026-10-07T23:45:09.9335270Z dist/table-layout-wVT2Dkfh.js.map
2026-10-07T23:45:09.9335560Z dist/table-map-Dbo_d2TT.cjs
2026-10-07T23:45:09.9335844Z dist/table-map-Dbo_d2TT.cjs.map
2026-10-07T23:45:09.9336113Z dist/table-map-Du2VwT8u.js
2026-10-07T23:45:09.9336394Z dist/table-map-Du2VwT8u.js.map
2026-10-07T23:45:09.9336669Z dist/table-of-contents.cjs
2026-10-07T23:45:09.9336949Z dist/table-of-contents.cjs.map
2026-10-07T23:45:09.9337217Z dist/table-of-contents.js
2026-10-07T23:45:09.9337678Z dist/table-of-contents.js.map
2026-10-07T23:45:09.9337994Z dist/table-of-contents/index.d.cts
2026-10-07T23:45:09.9338303Z dist/table-of-contents/index.d.ts
2026-10-07T23:45:09.9338558Z dist/testing.cjs
2026-10-07T23:45:09.9338938Z dist/testing.cjs.map
2026-10-07T23:45:09.9339163Z dist/testing.js
2026-10-07T23:45:09.9339383Z dist/testing.js.map
2026-10-07T23:45:09.9339617Z dist/testing/index.d.cts
2026-10-07T23:45:09.9339979Z dist/testing/index.d.ts
2026-10-07T23:45:09.9340309Z dist/text-exporter-C3uu5uQO.js
2026-10-07T23:45:09.9340620Z dist/text-exporter-C3uu5uQO.js.map
2026-10-07T23:45:09.9340939Z dist/text-exporter-DIRpYKGc.cjs
2026-10-07T23:45:09.9341430Z dist/text-exporter-DIRpYKGc.cjs.map
2026-10-07T23:45:09.9341734Z dist/text-style-BbuNJYhb.js
2026-10-07T23:45:09.9342023Z dist/text-style-BbuNJYhb.js.map
2026-10-07T23:45:09.9342689Z dist/text-style-R-DtLD8o.cjs
2026-10-07T23:45:09.9342999Z dist/text-style-R-DtLD8o.cjs.map
2026-10-07T23:45:09.9343270Z dist/text-style.cjs
2026-10-07T23:45:09.9343660Z dist/text-style.js
2026-10-07T23:45:09.9344095Z dist/text-style/commands.d.cts
2026-10-07T23:45:09.9344556Z dist/text-style/commands.d.ts
2026-10-07T23:45:09.9345047Z dist/text-style/index.d.cts
2026-10-07T23:45:09.9345374Z dist/text-style/index.d.ts
2026-10-07T23:45:09.9345647Z dist/text-style/values.d.cts
2026-10-07T23:45:09.9345909Z dist/text-style/values.d.ts
2026-10-07T23:45:09.9346166Z dist/tracked-changes.cjs
2026-10-07T23:45:09.9346449Z dist/tracked-changes.cjs.map
2026-10-07T23:45:09.9346714Z dist/tracked-changes.js
2026-10-07T23:45:09.9347156Z dist/tracked-changes.js.map
2026-10-07T23:45:09.9347453Z dist/tracked-changes/index.d.cts
2026-10-07T23:45:09.9347753Z dist/tracked-changes/index.d.ts
2026-10-07T23:45:09.9348049Z dist/tracked-changes/model.d.cts
2026-10-07T23:45:09.9348344Z dist/tracked-changes/model.d.ts
2026-10-07T23:45:09.9348608Z dist/url-Co8QRAHd.cjs
2026-10-07T23:45:09.9348852Z dist/url-Co8QRAHd.cjs.map
2026-10-07T23:45:09.9349104Z dist/url-sjMj-efj.js
2026-10-07T23:45:09.9349349Z dist/url-sjMj-efj.js.map
2026-10-07T23:45:09.9349613Z dist/useFountain-C16zq9TV.cjs
2026-10-07T23:45:09.9349919Z dist/useFountain-C16zq9TV.cjs.map
2026-10-07T23:45:09.9350211Z dist/useFountain-DQ8gXlvr.js
2026-10-07T23:45:09.9350503Z dist/useFountain-DQ8gXlvr.js.map
2026-10-07T23:45:09.9350771Z dist/versions.cjs
2026-10-07T23:45:09.9350998Z dist/versions.cjs.map
2026-10-07T23:45:09.9351222Z dist/versions.js
2026-10-07T23:45:09.9351452Z dist/versions.js.map
2026-10-07T23:45:09.9351688Z dist/versions/diff.d.cts
2026-10-07T23:45:09.9351937Z dist/versions/diff.d.ts
2026-10-07T23:45:09.9352666Z dist/versions/index.d.cts
2026-10-07T23:45:09.9353085Z dist/versions/index.d.ts
2026-10-07T23:45:09.9353384Z dist/versions/model.d.cts
2026-10-07T23:45:09.9353637Z dist/versions/model.d.ts
2026-10-07T23:45:09.9353890Z dist/view-BG5rPynk.cjs
2026-10-07T23:45:09.9354152Z dist/view-BG5rPynk.cjs.map
2026-10-07T23:45:09.9354406Z dist/view-BGYHcTCo.js
2026-10-07T23:45:09.9354648Z dist/view-BGYHcTCo.js.map
2026-10-07T23:45:09.9354908Z dist/view/block-handles.d.cts
2026-10-07T23:45:09.9355183Z dist/view/block-handles.d.ts
2026-10-07T23:45:09.9355448Z dist/view/dom-renderer.d.cts
2026-10-07T23:45:09.9355710Z dist/view/dom-renderer.d.ts
2026-10-07T23:45:09.9355973Z dist/view/drop-cursor.d.cts
2026-10-07T23:45:09.9356235Z dist/view/drop-cursor.d.ts
2026-10-07T23:45:09.9356527Z dist/view/generated-media.d.cts
2026-10-07T23:45:09.9356981Z dist/view/generated-media.d.ts
2026-10-07T23:45:09.9357257Z dist/view/index.d.cts
2026-10-07T23:45:09.9357487Z dist/view/index.d.ts
2026-10-07T23:45:09.9357721Z dist/view/input.d.cts
2026-10-07T23:45:09.9357958Z dist/view/input.d.ts
2026-10-07T23:45:09.9358185Z dist/view/media.d.cts
2026-10-07T23:45:09.9358411Z dist/view/media.d.ts
2026-10-07T23:45:09.9358655Z dist/view/menu-position.d.cts
2026-10-07T23:45:09.9358929Z dist/view/menu-position.d.ts
2026-10-07T23:45:09.9359187Z dist/view/node-view.d.cts
2026-10-07T23:45:09.9359441Z dist/view/node-view.d.ts
2026-10-07T23:45:09.9359684Z dist/view/paste.d.cts
2026-10-07T23:45:09.9359914Z dist/view/paste.d.ts
2026-10-07T23:45:09.9360180Z dist/view/selection-handler.d.cts
2026-10-07T23:45:09.9360491Z dist/view/selection-handler.d.ts
2026-10-07T23:45:09.9360789Z dist/view/table-direction.d.cts
2026-10-07T23:45:09.9361082Z dist/view/table-direction.d.ts
2026-10-07T23:45:09.9361344Z dist/view/view.d.cts
2026-10-07T23:45:09.9361567Z dist/view/view.d.ts
2026-10-07T23:45:09.9361834Z dist/view/virtual-layout.d.cts
2026-10-07T23:45:09.9362365Z dist/view/virtual-layout.d.ts
2026-10-07T23:45:09.9362665Z dist/view/web-component.d.cts
2026-10-07T23:45:09.9362947Z dist/view/web-component.d.ts
2026-10-07T23:45:09.9363188Z dist/vue.cjs
2026-10-07T23:45:09.9363387Z dist/vue.cjs.map
2026-10-07T23:45:09.9363592Z dist/vue.js
2026-10-07T23:45:09.9363785Z dist/vue.js.map
2026-10-07T23:45:09.9364057Z dist/vue/index.d.cts
2026-10-07T23:45:09.9364284Z dist/vue/index.d.ts
2026-10-07T23:45:09.9364508Z dist/widgets-dom.cjs
2026-10-07T23:45:09.9364748Z dist/widgets-dom.cjs.map
2026-10-07T23:45:09.9364990Z dist/widgets-dom.js
2026-10-07T23:45:09.9365221Z dist/widgets-dom.js.map
2026-10-07T23:45:09.9365452Z dist/widgets.cjs
2026-10-07T23:45:09.9365676Z dist/widgets.cjs.map
2026-10-07T23:45:09.9365888Z dist/widgets.js
2026-10-07T23:45:09.9366104Z dist/widgets.js.map
2026-10-07T23:45:09.9366339Z dist/widgets/dom.d.cts
2026-10-07T23:45:09.9366575Z dist/widgets/dom.d.ts
2026-10-07T23:45:09.9366814Z dist/widgets/index.d.cts
2026-10-07T23:45:09.9367063Z dist/widgets/index.d.ts
2026-10-07T23:45:09.9367283Z dist/yjs.cjs
2026-10-07T23:45:09.9367479Z dist/yjs.cjs.map
2026-10-07T23:45:09.9367824Z dist/yjs.js
2026-10-07T23:45:09.9368023Z dist/yjs.js.map
2026-10-07T23:45:09.9368239Z dist/yjs/index.d.cts
2026-10-07T23:45:09.9368460Z dist/yjs/index.d.ts
2026-10-07T23:45:09.9368736Z dist/yjs/structured-attributes.d.cts
2026-10-07T23:45:09.9369065Z dist/yjs/structured-attributes.d.ts
2026-10-07T23:45:09.9369347Z docs/AI_CONVERSATIONS.md
2026-10-07T23:45:09.9369599Z docs/AI_DOCUMENT_TOOLS.md
2026-10-07T23:45:09.9369852Z docs/AI_GENERATED_MEDIA.md
2026-10-07T23:45:09.9370081Z docs/ANGULAR.md
2026-10-07T23:45:09.9370283Z docs/API.md
2026-10-07T23:45:09.9370489Z docs/ARCHITECTURE.md
2026-10-07T23:45:09.9370721Z docs/BLOCK_REORDERING.md
2026-10-07T23:45:09.9370970Z docs/BROWSER_AUDIT_RELOADS.md
2026-10-07T23:45:09.9371235Z docs/COLLABORATION.md
2026-10-07T23:45:09.9371465Z docs/COMMENTS.md
2026-10-07T23:45:09.9371691Z docs/CONTEXTUAL_MENUS.md
2026-10-07T23:45:09.9371948Z docs/CONVERSION_LAB.md
2026-10-07T23:45:09.9372474Z docs/CONVERSION_REAL_DOCUMENT_AUDIT.md
2026-10-07T23:45:09.9372775Z docs/DEFINITION_LISTS.md
2026-10-07T23:45:09.9373010Z docs/DETAILS.md
2026-10-07T23:45:09.9373236Z docs/DOCUMENT_UTILITIES.md
2026-10-07T23:45:09.9373500Z docs/DOCX_CONTENT_CONTROLS.md
2026-10-07T23:45:09.9373789Z docs/DOCX_FIDELITY_CHECKPOINT.md
2026-10-07T23:45:09.9374064Z docs/DOCX_GLOSSARIES.md
2026-10-07T23:45:09.9374282Z docs/DOCX.md
2026-10-07T23:45:09.9374491Z docs/EXTENSIONS.md
2026-10-07T23:45:09.9374731Z docs/FORMAT_BRIDGE_PLAN.md
2026-10-07T23:45:09.9374963Z docs/FORMATS.md
2026-10-07T23:45:09.9375181Z docs/HEADLESS_CORE.md
2026-10-07T23:45:09.9375425Z docs/HTML_CONTAINERS.md
2026-10-07T23:45:09.9375669Z docs/HTML_INERT_SOURCE.md
2026-10-07T23:45:09.9375921Z docs/ISSUE_EDITOR_DEMO.md
2026-10-07T23:45:09.9376145Z docs/LEAN.md
2026-10-07T23:45:09.9376396Z docs/MARKDOWN_DOCUMENT_FLOW.md
2026-10-07T23:45:09.9376688Z docs/MARKDOWN_FLOW_PROVENANCE.md
2026-10-07T23:45:09.9377093Z docs/MARKDOWN_SOURCE.md
2026-10-07T23:45:09.9377330Z docs/MCP.md
2026-10-07T23:45:09.9377537Z docs/MIGRATIONS.md
2026-10-07T23:45:09.9377807Z docs/NATIVE_RENDERER_FEASIBILITY.md
2026-10-07T23:45:09.9378073Z docs/NODE_IDS.md
2026-10-07T23:45:09.9378295Z docs/PAGINATION.md
2026-10-07T23:45:09.9378531Z docs/PERFORMANCE.md
2026-10-07T23:45:09.9378769Z docs/PORTABILITY_AUDIT.md
2026-10-07T23:45:09.9379056Z docs/PROSEMIRROR_COMPARISON.md
2026-10-07T23:45:09.9379352Z docs/REFERENCE_DOCUMENT_AUDIT.md
2026-10-07T23:45:09.9379627Z docs/RELEASE_0_4_0_BETA_2.md
2026-10-07T23:45:09.9379869Z docs/RELEASES.md
2026-10-07T23:45:09.9380076Z docs/ROADMAP.md
2026-10-07T23:45:09.9380278Z docs/RUBY.md
2026-10-07T23:45:09.9380490Z docs/SERVER_HTML.md
2026-10-07T23:45:09.9380717Z docs/SLASH_COMMANDS.md
2026-10-07T23:45:09.9380967Z docs/STRUCTURED_ATTRIBUTES.md
2026-10-07T23:45:09.9381207Z docs/SVELTE.md
2026-10-07T23:45:09.9381435Z docs/TABLE_OF_CONTENTS.md
2026-10-07T23:45:09.9381683Z docs/TEXT_INTEGRITY.md
2026-10-07T23:45:09.9381919Z docs/TEXT_STYLE.md
2026-10-07T23:45:09.9382423Z docs/TIPTAP_PARITY.md
2026-10-07T23:45:09.9382658Z docs/TOOLBAR.md
2026-10-07T23:45:09.9382894Z docs/TRACKED_CHANGES.md
2026-10-07T23:45:09.9383171Z docs/TRAILING_EDITABLE_BLOCK.md
2026-10-07T23:45:09.9383420Z docs/VERSIONS.md
2026-10-07T23:45:09.9383645Z docs/VIRTUALIZATION.md
2026-10-07T23:45:09.9383862Z docs/VUE.md
2026-10-07T23:45:09.9384087Z docs/WEB_COMPONENT_FORMS.md
2026-10-07T23:45:09.9384324Z docs/WIDGETS.md
2026-10-07T23:45:09.9384544Z docs/WORKFLOW_DEMOS.md
2026-10-07T23:45:09.9384767Z LICENSE
2026-10-07T23:45:09.9384962Z package.json
2026-10-07T23:45:09.9385160Z README.md
2026-10-07T23:45:09.9385432Z schemas/fountain-document.schema.json
2026-10-07T23:45:09.9385750Z scripts/check-api-surface.mjs
2026-10-07T23:45:09.9386054Z scripts/check-build-budgets.mjs
2026-10-07T23:45:09.9386376Z scripts/check-performance-budgets.mjs
2026-10-07T23:45:09.9386682Z scripts/check-release.mjs
2026-10-07T23:45:09.9386958Z scripts/create-extension.mjs
2026-10-07T23:45:09.9387259Z scripts/lean-loopback-bridge.mjs
2026-10-07T23:45:09.9387548Z scripts/smoke-package.mjs
2026-10-07T23:45:09.9387975Z THIRD_PARTY_NOTICES.md
2026-10-07T23:45:09.9388195Z Tarball Details
2026-10-07T23:45:09.9388467Z fountainjs-editor-0.4.0-beta.2.tgz
2026-10-07T23:45:09.9456594Z Post job cleanup.
2026-10-07T23:45:10.0708751Z Caching is not enabled. Caching is skipped.
2026-10-07T23:45:10.0843545Z Post job cleanup.
2026-10-07T23:45:10.2698956Z Post job cleanup.
2026-10-07T23:45:10.3942696Z (node:5088) [DEP0040] DeprecationWarning: The `punycode` module is deprecated. Please use a userland alternative instead.
2026-10-07T23:45:10.3943664Z (Use `node --trace-deprecation ...` to show where the warning was created)
2026-10-07T23:45:10.4069156Z Post job cleanup.
2026-10-07T23:45:10.5299728Z (node:5096) [DEP0040] DeprecationWarning: The `punycode` module is deprecated. Please use a userland alternative instead.
2026-10-07T23:45:10.5300675Z (Use `node --trace-deprecation ...` to show where the warning was created)
2026-10-07T23:45:10.5304524Z Cache hit occurred on the primary key node-cache-Linux-x64-pnpm-fd849381c36c47c9fa715e7759caf3b24b3c25e63e57449d26448df099a8c870, not saving cache.
2026-10-07T23:45:10.5404750Z Post job cleanup.
2026-10-07T23:45:10.6996714Z Pruning is unnecessary.
2026-10-07T23:45:10.7142001Z Post job cleanup.
2026-10-07T23:45:10.7992872Z [command]/usr/bin/git version
2026-10-07T23:45:10.8031316Z git version 2.55.0
2026-10-07T23:45:10.8071735Z Temporarily overriding HOME='/home/runner/work/_temp/20d49f2e-78af-4579-81f9-5ab31b67ca3a' before making global git config changes
2026-10-07T23:45:10.8072968Z Adding repository directory to the temporary git global config as a safe directory
2026-10-07T23:45:10.8077417Z [command]/usr/bin/git config --global --add safe.directory /home/runner/work/fountainjs/fountainjs
2026-10-07T23:45:10.8115480Z [command]/usr/bin/git config --local --name-only --get-regexp core\.sshCommand
2026-10-07T23:45:10.8149608Z [command]/usr/bin/git submodule foreach --recursive sh -c "git config --local --name-only --get-regexp 'core\.sshCommand' && git config --local --unset-all 'core.sshCommand' || :"
2026-10-07T23:45:10.8386335Z [command]/usr/bin/git config --local --name-only --get-regexp http\.https\:\/\/github\.com\/\.extraheader
2026-10-07T23:45:10.8412536Z http.https://github.com/.extraheader
2026-10-07T23:45:10.8423084Z [command]/usr/bin/git config --local --unset-all http.https://github.com/.extraheader
2026-10-07T23:45:10.8456133Z [command]/usr/bin/git submodule foreach --recursive sh -c "git config --local --name-only --get-regexp 'http\.https\:\/\/github\.com\/\.extraheader' && git config --local --unset-all 'http.https://github.com/.extraheader' || :"
2026-10-07T23:45:10.8685268Z [command]/usr/bin/git config --local --name-only --get-regexp ^includeIf\.gitdir:
2026-10-07T23:45:10.8717556Z [command]/usr/bin/git submodule foreach --recursive git config --local --show-origin --name-only --get-regexp remote.origin.url
2026-10-07T23:45:10.9095722Z Cleaning up orphan processes
2026-10-07T23:45:10.9413366Z ##[warning]Node.js 20 is deprecated. The following actions target Node.js 20 but are being forced to run on Node.js 24: actions/checkout@v4, actions/setup-node@v4, actions/setup-python@v5, pnpm/action-setup@v4. For more information see: https://github.blog/changelog/2025-09-19-deprecation-of-node-20-on-github-actions-runners/
