2026-10-07T23:42:32.1895434Z Current runner version: '2.337.0'
2026-10-07T23:42:32.1920280Z ##[group]Runner Image Provisioner
2026-10-07T23:42:32.1921179Z Hosted Compute Agent
2026-10-07T23:42:32.1921865Z Version: 20260901.588
2026-10-07T23:42:32.1922532Z Commit: f88ec8081b781fac6c440065ac7ff9e710ce3d0b
2026-10-07T23:42:32.1923299Z Build Date: 2026-09-01T19:56:44Z
2026-10-07T23:42:32.1924026Z Worker ID: {feb52b2b-5f30-4309-8fd4-15227af61ee0}
2026-10-07T23:42:32.1924739Z Azure Region: westus2
2026-10-07T23:42:32.1925293Z ##[endgroup]
2026-10-07T23:42:32.1926990Z ##[group]Operating System
2026-10-07T23:42:32.1928010Z Ubuntu
2026-10-07T23:42:32.1928973Z 24.04.5
2026-10-07T23:42:32.1929592Z LTS
2026-10-07T23:42:32.1930148Z ##[endgroup]
2026-10-07T23:42:32.1930866Z ##[group]Runner Image
2026-10-07T23:42:32.1931517Z Image: ubuntu-24.04
2026-10-07T23:42:32.1932117Z Version: 20260927.320.1
2026-10-07T23:42:32.1933483Z Included Software: https://github.com/actions/runner-images/blob/ubuntu24/20260927.320/images/ubuntu/Ubuntu2404-Readme.md
2026-10-07T23:42:32.1935125Z Image Release: https://github.com/actions/runner-images/releases/tag/ubuntu24%2F20260927.320
2026-10-07T23:42:32.1936085Z ##[endgroup]
2026-10-07T23:42:32.1937344Z ##[group]GITHUB_TOKEN Permissions
2026-10-07T23:42:32.1939523Z Contents: read
2026-10-07T23:42:32.1940204Z Metadata: read
2026-10-07T23:42:32.1940827Z ##[endgroup]
2026-10-07T23:42:32.1942897Z Secret source: Actions
2026-10-07T23:42:32.1943966Z Cache mode: write
2026-10-07T23:42:32.1944648Z Prepare workflow directory
2026-10-07T23:42:32.2336336Z Prepare all required actions
2026-10-07T23:42:32.2384358Z Getting action download info
2026-10-07T23:42:32.5841281Z Download action repository 'actions/checkout@v4' (SHA:11d5960a326750d5838078e36cf38b85af677262)
2026-10-07T23:42:32.7064119Z Download action repository 'pnpm/action-setup@v4' (SHA:b906affcce14559ad1aafd4ab0e942779e9f58b1)
2026-10-07T23:42:32.9943717Z Download action repository 'actions/setup-node@v4' (SHA:49933ea5288caeca8642d1e84afbd3f7d6820020)
2026-10-07T23:42:33.0804366Z Download action repository 'actions/upload-artifact@v4' (SHA:ea165f8d65b6e75b540449e92b4886f43607fa02)
2026-10-07T23:42:33.3137584Z Complete job name: browser
2026-10-07T23:42:33.4093102Z ##[group]Run actions/checkout@v4
2026-10-07T23:42:33.4094078Z with:
2026-10-07T23:42:33.4094563Z   repository: eddolo/fountainjs
2026-10-07T23:42:33.4098980Z   token: ***
2026-10-07T23:42:33.4099458Z   ssh-strict: true
2026-10-07T23:42:33.4099925Z   ssh-user: git
2026-10-07T23:42:33.4100408Z   persist-credentials: true
2026-10-07T23:42:33.4100923Z   clean: true
2026-10-07T23:42:33.4101408Z   sparse-checkout-cone-mode: true
2026-10-07T23:42:33.4101965Z   fetch-depth: 1
2026-10-07T23:42:33.4102423Z   fetch-tags: false
2026-10-07T23:42:33.4102907Z   show-progress: true
2026-10-07T23:42:33.4103413Z   lfs: false
2026-10-07T23:42:33.4103857Z   submodules: false
2026-10-07T23:42:33.4104335Z   set-safe-directory: true
2026-10-07T23:42:33.4104879Z   allow-unsafe-pr-checkout: false
2026-10-07T23:42:33.4105719Z ##[endgroup]
2026-10-07T23:42:33.5085520Z Syncing repository: eddolo/fountainjs
2026-10-07T23:42:33.5087702Z ##[group]Getting Git version info
2026-10-07T23:42:33.5088709Z Working directory is '/home/runner/work/fountainjs/fountainjs'
2026-10-07T23:42:33.5089839Z [command]/usr/bin/git version
2026-10-07T23:42:33.5169062Z git version 2.55.0
2026-10-07T23:42:33.5189629Z ##[endgroup]
2026-10-07T23:42:33.5205789Z Temporarily overriding HOME='/home/runner/work/_temp/5a16d463-a8aa-4fa9-bcfe-3f7e6410a55d' before making global git config changes
2026-10-07T23:42:33.5208921Z Adding repository directory to the temporary git global config as a safe directory
2026-10-07T23:42:33.5211906Z [command]/usr/bin/git config --global --add safe.directory /home/runner/work/fountainjs/fountainjs
2026-10-07T23:42:33.5262086Z Deleting the contents of '/home/runner/work/fountainjs/fountainjs'
2026-10-07T23:42:33.5266169Z ##[group]Initializing the repository
2026-10-07T23:42:33.5270929Z [command]/usr/bin/git init /home/runner/work/fountainjs/fountainjs
2026-10-07T23:42:33.5470306Z hint: Using 'master' as the name for the initial branch. This default branch name
2026-10-07T23:42:33.5473373Z hint: will change to "main" in Git 3.0. To configure the initial branch name
2026-10-07T23:42:33.5474937Z hint: to use in all of your new repositories, which will suppress this warning,
2026-10-07T23:42:33.5475748Z hint: call:
2026-10-07T23:42:33.5476180Z hint:
2026-10-07T23:42:33.5476741Z hint: 	git config --global init.defaultBranch <name>
2026-10-07T23:42:33.5477705Z hint:
2026-10-07T23:42:33.5478428Z hint: Names commonly chosen instead of 'master' are 'main', 'trunk' and
2026-10-07T23:42:33.5480051Z hint: 'development'. The just-created branch can be renamed via this command:
2026-10-07T23:42:33.5481698Z hint:
2026-10-07T23:42:33.5482263Z hint: 	git branch -m <name>
2026-10-07T23:42:33.5482800Z hint:
2026-10-07T23:42:33.5483492Z hint: Disable this message with "git config set advice.defaultBranchName false"
2026-10-07T23:42:33.5484595Z Initialized empty Git repository in /home/runner/work/fountainjs/fountainjs/.git/
2026-10-07T23:42:33.5486475Z [command]/usr/bin/git remote add origin https://github.com/eddolo/fountainjs
2026-10-07T23:42:33.5488940Z ##[endgroup]
2026-10-07T23:42:33.5490126Z ##[group]Disabling automatic garbage collection
2026-10-07T23:42:33.5490894Z [command]/usr/bin/git config --local gc.auto 0
2026-10-07T23:42:33.5498701Z ##[endgroup]
2026-10-07T23:42:33.5500257Z ##[group]Setting up auth
2026-10-07T23:42:33.5506383Z [command]/usr/bin/git config --local --name-only --get-regexp core\.sshCommand
2026-10-07T23:42:33.5538517Z [command]/usr/bin/git submodule foreach --recursive sh -c "git config --local --name-only --get-regexp 'core\.sshCommand' && git config --local --unset-all 'core.sshCommand' || :"
2026-10-07T23:42:33.5911018Z [command]/usr/bin/git config --local --name-only --get-regexp http\.https\:\/\/github\.com\/\.extraheader
2026-10-07T23:42:33.5942510Z [command]/usr/bin/git submodule foreach --recursive sh -c "git config --local --name-only --get-regexp 'http\.https\:\/\/github\.com\/\.extraheader' && git config --local --unset-all 'http.https://github.com/.extraheader' || :"
2026-10-07T23:42:33.6163835Z [command]/usr/bin/git config --local --name-only --get-regexp ^includeIf\.gitdir:
2026-10-07T23:42:33.6193483Z [command]/usr/bin/git submodule foreach --recursive git config --local --show-origin --name-only --get-regexp remote.origin.url
2026-10-07T23:42:33.6408713Z [command]/usr/bin/git config --local http.https://github.com/.extraheader AUTHORIZATION: basic ***
2026-10-07T23:42:33.6444841Z ##[endgroup]
2026-10-07T23:42:33.6445768Z ##[group]Fetching the repository
2026-10-07T23:42:33.6454149Z [command]/usr/bin/git -c protocol.version=2 fetch --no-tags --prune --no-recurse-submodules --depth=1 origin +b614858c4525df761bf2c3a887b4f8c168ea04b2:refs/remotes/origin/master
2026-10-07T23:42:34.9361265Z From https://github.com/eddolo/fountainjs
2026-10-07T23:42:34.9363504Z  * [new ref]         b614858c4525df761bf2c3a887b4f8c168ea04b2 -> origin/master
2026-10-07T23:42:34.9368953Z ##[endgroup]
2026-10-07T23:42:34.9370895Z ##[group]Determining the checkout info
2026-10-07T23:42:34.9373001Z ##[endgroup]
2026-10-07T23:42:34.9379038Z [command]/usr/bin/git sparse-checkout disable
2026-10-07T23:42:34.9434056Z [command]/usr/bin/git config --local --unset-all extensions.worktreeConfig
2026-10-07T23:42:34.9466468Z ##[group]Checking out the ref
2026-10-07T23:42:34.9470715Z [command]/usr/bin/git checkout --progress --force -B master refs/remotes/origin/master
2026-10-07T23:42:35.3186016Z Reset branch 'master'
2026-10-07T23:42:35.3199596Z branch 'master' set up to track 'origin/master'.
2026-10-07T23:42:35.3211357Z ##[endgroup]
2026-10-07T23:42:35.3255228Z [command]/usr/bin/git log -1 --format=%H
2026-10-07T23:42:35.3278406Z b614858c4525df761bf2c3a887b4f8c168ea04b2
2026-10-07T23:42:35.3618368Z ##[group]Run pnpm/action-setup@v4
2026-10-07T23:42:35.3619596Z with:
2026-10-07T23:42:35.3620438Z   version: 11.19.0
2026-10-07T23:42:35.3621387Z   dest: ~/setup-pnpm
2026-10-07T23:42:35.3622593Z   run_install: null
2026-10-07T23:42:35.3623527Z   cache: false
2026-10-07T23:42:35.3624508Z   cache_dependency_path: pnpm-lock.yaml
2026-10-07T23:42:35.3625851Z   package_json_file: package.json
2026-10-07T23:42:35.3627001Z   standalone: false
2026-10-07T23:42:35.3628238Z ##[endgroup]
2026-10-07T23:42:35.5086418Z ##[group]Running self-installer...
2026-10-07T23:42:35.9018433Z (node:2316) [DEP0169] DeprecationWarning: `url.parse()` behavior is not standardized and prone to errors that have security implications. Use the WHATWG URL API instead. CVEs are not issued for `url.parse()` vulnerabilities.
2026-10-07T23:42:36.1151017Z (Use `node --trace-deprecation ...` to show where the warning was created)
2026-10-07T23:42:36.1152007Z Progress: resolved 1, reused 0, downloaded 0, added 0
2026-10-07T23:42:36.1264836Z Packages: +1
2026-10-07T23:42:36.1265525Z +
2026-10-07T23:42:36.5972550Z Progress: resolved 1, reused 0, downloaded 1, added 1, done
2026-10-07T23:42:36.6256759Z 
2026-10-07T23:42:36.6257385Z dependencies:
2026-10-07T23:42:36.6258041Z + pnpm 11.19.0 (12.10.1 is available)
2026-10-07T23:42:36.6258401Z 
2026-10-07T23:42:36.6281599Z Done in 952ms
2026-10-07T23:42:36.7462526Z ##[endgroup]
2026-10-07T23:42:36.7462968Z Installation Completed!
2026-10-07T23:42:36.7659353Z ##[group]Run actions/setup-node@v4
2026-10-07T23:42:36.7659676Z with:
2026-10-07T23:42:36.7659886Z   node-version: 24
2026-10-07T23:42:36.7660092Z   cache: pnpm
2026-10-07T23:42:36.7660298Z   always-auth: false
2026-10-07T23:42:36.7660514Z   check-latest: false
2026-10-07T23:42:36.7663002Z   token: ***
2026-10-07T23:42:36.7663202Z env:
2026-10-07T23:42:36.7663462Z   PNPM_HOME: /home/runner/setup-pnpm/node_modules/.bin
2026-10-07T23:42:36.7663777Z ##[endgroup]
2026-10-07T23:42:36.9125075Z Found in cache @ /opt/hostedtoolcache/node/24.21.0/x64
2026-10-07T23:42:36.9130371Z (node:2331) [DEP0040] DeprecationWarning: The `punycode` module is deprecated. Please use a userland alternative instead.
2026-10-07T23:42:36.9131691Z (Use `node --trace-deprecation ...` to show where the warning was created)
2026-10-07T23:42:36.9133639Z ##[group]Environment details
2026-10-07T23:42:37.3607560Z node: v24.21.0
2026-10-07T23:42:37.3608090Z npm: 11.19.0
2026-10-07T23:42:37.3608378Z yarn: 1.22.22
2026-10-07T23:42:37.3609147Z ##[endgroup]
2026-10-07T23:42:37.3649042Z [command]/home/runner/setup-pnpm/node_modules/.bin/pnpm store path --silent
2026-10-07T23:42:37.9879108Z /home/runner/setup-pnpm/node_modules/.bin/store/v11
2026-10-07T23:42:38.2535932Z Cache hit for: node-cache-Linux-x64-pnpm-fd849381c36c47c9fa715e7759caf3b24b3c25e63e57449d26448df099a8c870
2026-10-07T23:42:38.2643142Z (node:2331) [DEP0169] DeprecationWarning: `url.parse()` behavior is not standardized and prone to errors that have security implications. Use the WHATWG URL API instead. CVEs are not issued for `url.parse()` vulnerabilities.
2026-10-07T23:42:39.5667568Z Received 0 of 143139869 (0.0%), 0.0 MBs/sec
2026-10-07T23:42:40.5671434Z Received 125829120 of 143139869 (87.9%), 60.0 MBs/sec
2026-10-07T23:42:40.8628725Z Received 143139869 of 143139869 (100.0%), 59.5 MBs/sec
2026-10-07T23:42:40.8637838Z Cache Size: ~137 MB (143139869 B)
2026-10-07T23:42:40.8718798Z [command]/usr/bin/tar -xf /home/runner/work/_temp/b3bdaecd-5f2f-4a3f-8932-3aae2669d6a6/cache.tzst -P -C /home/runner/work/fountainjs/fountainjs --use-compress-program unzstd
2026-10-07T23:42:42.3689818Z Cache restored successfully
2026-10-07T23:42:42.3780499Z Cache restored from key: node-cache-Linux-x64-pnpm-fd849381c36c47c9fa715e7759caf3b24b3c25e63e57449d26448df099a8c870
2026-10-07T23:42:42.3976728Z ##[group]Run pnpm install --frozen-lockfile
2026-10-07T23:42:42.3977142Z [36;1mpnpm install --frozen-lockfile[0m
2026-10-07T23:42:42.4488850Z shell: /usr/bin/bash -e {0}
2026-10-07T23:42:42.4489178Z env:
2026-10-07T23:42:42.4489483Z   PNPM_HOME: /home/runner/setup-pnpm/node_modules/.bin
2026-10-07T23:42:42.4489869Z ##[endgroup]
2026-10-07T23:42:42.9096975Z Scope: all 3 workspace projects
2026-10-07T23:42:42.9692551Z ? Verifying lockfile against supply-chain policies (340 entries)...
2026-10-07T23:42:42.9787752Z Lockfile is up to date, resolution step is skipped
2026-10-07T23:42:43.0857376Z Progress: resolved 1, reused 0, downloaded 0, added 0
2026-10-07T23:42:43.1628387Z Packages: +281
2026-10-07T23:42:43.1629314Z ++++++++++++++++++++++++++++++++++++++++++++++++++++++++++++++++++++++++++++++++
2026-10-07T23:42:43.9048717Z Packages are hard linked from the content-addressable store to the virtual store.
2026-10-07T23:42:43.9050502Z   Content-addressable store is at: /home/runner/setup-pnpm/node_modules/.bin/store/v11
2026-10-07T23:42:43.9052894Z   Virtual store is at:             node_modules/.pnpm
2026-10-07T23:42:44.0882130Z Progress: resolved 281, reused 281, downloaded 0, added 16
2026-10-07T23:42:44.7171185Z Progress: resolved 281, reused 281, downloaded 0, added 281, done
2026-10-07T23:42:46.8786136Z ✓ Lockfile passes supply-chain policies (340 entries in 3.9s)
2026-10-07T23:42:46.9577077Z 
2026-10-07T23:42:46.9577970Z devDependencies:
2026-10-07T23:42:46.9578564Z + @angular/common 22.1.5
2026-10-07T23:42:46.9579081Z + @angular/compiler 22.1.5
2026-10-07T23:42:46.9579578Z + @angular/core 22.1.5
2026-10-07T23:42:46.9580106Z + @angular/platform-browser 22.1.5
2026-10-07T23:42:46.9580732Z + @angular/platform-server 22.1.5
2026-10-07T23:42:46.9581324Z + @mathjax/mathjax-tex-font 4.1.3
2026-10-07T23:42:46.9581841Z + @mathjax/src 4.1.3
2026-10-07T23:42:46.9582296Z + @playwright/test 1.62.1
2026-10-07T23:42:46.9582854Z + @sveltejs/vite-plugin-svelte 7.3.0
2026-10-07T23:42:46.9583446Z + @types/node 26.4.1
2026-10-07T23:42:46.9583868Z + @types/react 19.2.18
2026-10-07T23:42:46.9584321Z + @types/react-dom 19.2.7
2026-10-07T23:42:46.9584815Z + @vitejs/plugin-react 6.1.1
2026-10-07T23:42:46.9585347Z + commonmark 0.31.2
2026-10-07T23:42:46.9585798Z + commonmark-spec 0.31.2
2026-10-07T23:42:46.9586295Z + css-select 7.0.0
2026-10-07T23:42:46.9586739Z + docx-preview 0.4.0
2026-10-07T23:42:46.9587167Z + entities 8.0.0
2026-10-07T23:42:46.9587858Z + fflate 0.8.3
2026-10-07T23:42:46.9588282Z + jsdom 30.0.1
2026-10-07T23:42:46.9588719Z + katex 0.18.6
2026-10-07T23:42:46.9589139Z + miniflare 3.20250718.3
2026-10-07T23:42:46.9589596Z + parse5 8.0.1
2026-10-07T23:42:46.9590157Z + parse5-htmlparser2-tree-adapter 8.0.1
2026-10-07T23:42:46.9590749Z + pdfjs-dist 6.3.289
2026-10-07T23:42:46.9591181Z + react 19.2.8
2026-10-07T23:42:46.9591617Z + react-dom 19.2.8
2026-10-07T23:42:46.9592025Z + rxjs 7.8.2
2026-10-07T23:42:46.9592406Z + svelte 5.57.0
2026-10-07T23:42:46.9592817Z + typescript 7.0.2
2026-10-07T23:42:46.9593282Z + unicode-emoji-json 0.9.0
2026-10-07T23:42:46.9593750Z + vite 8.2.2
2026-10-07T23:42:46.9594131Z + vitest 5.0.0
2026-10-07T23:42:46.9594518Z + vue 3.5.42
2026-10-07T23:42:46.9594874Z + yjs 13.6.32
2026-10-07T23:42:46.9595089Z 
2026-10-07T23:42:46.9933467Z Done in 4.5s using pnpm v11.19.0
2026-10-07T23:42:47.0452939Z ##[group]Run pnpm exec playwright install --with-deps
2026-10-07T23:42:47.0453386Z [36;1mpnpm exec playwright install --with-deps[0m
2026-10-07T23:42:47.0515646Z shell: /usr/bin/bash -e {0}
2026-10-07T23:42:47.0515902Z env:
2026-10-07T23:42:47.0516163Z   PNPM_HOME: /home/runner/setup-pnpm/node_modules/.bin
2026-10-07T23:42:47.0516497Z ##[endgroup]
2026-10-07T23:42:48.0259451Z Installing dependencies...
2026-10-07T23:42:48.0356076Z Switching to root user to install dependencies...
2026-10-07T23:42:48.1435570Z Get:1 file:/etc/apt/apt-mirrors.txt Mirrorlist [144 B]
2026-10-07T23:42:48.1706062Z Get:6 https://packages.microsoft.com/ubuntu/24.04/prod noble InRelease [3600 B]
2026-10-07T23:42:48.1834961Z Hit:2 http://azure.archive.ubuntu.com/ubuntu noble InRelease
2026-10-07T23:42:48.1842975Z Get:3 http://azure.archive.ubuntu.com/ubuntu noble-updates InRelease [126 kB]
2026-10-07T23:42:48.1873132Z Get:4 http://azure.archive.ubuntu.com/ubuntu noble-backports InRelease [126 kB]
2026-10-07T23:42:48.1918580Z Get:5 http://azure.archive.ubuntu.com/ubuntu noble-security InRelease [126 kB]
2026-10-07T23:42:48.2554111Z Get:7 https://packages.microsoft.com/ubuntu/24.04/prod noble/main amd64 Packages [519 kB]
2026-10-07T23:42:48.2683277Z Get:8 https://packages.microsoft.com/ubuntu/24.04/prod noble/main armhf Packages [12.6 kB]
2026-10-07T23:42:48.2706819Z Get:9 https://packages.microsoft.com/ubuntu/24.04/prod noble/main arm64 Packages [463 kB]
2026-10-07T23:42:48.3634965Z Get:10 http://azure.archive.ubuntu.com/ubuntu noble-updates/main amd64 Packages [1375 kB]
2026-10-07T23:42:48.3708619Z Get:11 http://azure.archive.ubuntu.com/ubuntu noble-updates/main Translation-en [306 kB]
2026-10-07T23:42:48.3725600Z Get:12 http://azure.archive.ubuntu.com/ubuntu noble-updates/main amd64 Components [181 kB]
2026-10-07T23:42:48.3740427Z Get:13 http://azure.archive.ubuntu.com/ubuntu noble-updates/universe amd64 Packages [1702 kB]
2026-10-07T23:42:48.3844841Z Get:14 http://azure.archive.ubuntu.com/ubuntu noble-updates/universe Translation-en [341 kB]
2026-10-07T23:42:48.3850450Z Get:15 http://azure.archive.ubuntu.com/ubuntu noble-updates/universe amd64 Components [388 kB]
2026-10-07T23:42:48.3874764Z Get:16 http://azure.archive.ubuntu.com/ubuntu noble-updates/restricted amd64 Packages [1730 kB]
2026-10-07T23:42:48.3956745Z Get:17 http://azure.archive.ubuntu.com/ubuntu noble-updates/restricted Translation-en [396 kB]
2026-10-07T23:42:48.3982465Z Get:18 http://azure.archive.ubuntu.com/ubuntu noble-updates/multiverse Translation-en [13.3 kB]
2026-10-07T23:42:48.3987459Z Get:19 http://azure.archive.ubuntu.com/ubuntu noble-updates/multiverse amd64 Components [940 B]
2026-10-07T23:42:48.4625077Z Get:20 http://azure.archive.ubuntu.com/ubuntu noble-backports/main amd64 Components [5752 B]
2026-10-07T23:42:48.4640768Z Get:21 http://azure.archive.ubuntu.com/ubuntu noble-backports/universe amd64 Components [12.6 kB]
2026-10-07T23:42:48.4740755Z Get:22 http://azure.archive.ubuntu.com/ubuntu noble-security/main amd64 Packages [1073 kB]
2026-10-07T23:42:48.4800903Z Get:23 http://azure.archive.ubuntu.com/ubuntu noble-security/main Translation-en [223 kB]
2026-10-07T23:42:48.4816693Z Get:24 http://azure.archive.ubuntu.com/ubuntu noble-security/main amd64 Components [46.4 kB]
2026-10-07T23:42:48.4826367Z Get:25 http://azure.archive.ubuntu.com/ubuntu noble-security/universe amd64 Packages [1218 kB]
2026-10-07T23:42:48.4895519Z Get:26 http://azure.archive.ubuntu.com/ubuntu noble-security/universe Translation-en [245 kB]
2026-10-07T23:42:48.4913189Z Get:27 http://azure.archive.ubuntu.com/ubuntu noble-security/universe amd64 Components [76.3 kB]
2026-10-07T23:42:48.4925248Z Get:28 http://azure.archive.ubuntu.com/ubuntu noble-security/restricted amd64 Packages [1566 kB]
2026-10-07T23:42:48.5005761Z Get:29 http://azure.archive.ubuntu.com/ubuntu noble-security/restricted Translation-en [361 kB]
2026-10-07T23:42:48.5030612Z Get:30 http://azure.archive.ubuntu.com/ubuntu noble-security/multiverse Translation-en [11.6 kB]
2026-10-07T23:42:53.1122234Z Fetched 12.6 MB in 1s (9299 kB/s)
2026-10-07T23:42:53.9538820Z Reading package lists...
2026-10-07T23:42:53.9784391Z Reading package lists...
2026-10-07T23:42:54.1674422Z Building dependency tree...
2026-10-07T23:42:54.1682170Z Reading state information...
2026-10-07T23:42:54.1838918Z libasound2t64 is already the newest version (1.2.11-1ubuntu0.3).
2026-10-07T23:42:54.1839875Z libasound2t64 set to manually installed.
2026-10-07T23:42:54.1840496Z libatk-bridge2.0-0t64 is already the newest version (2.52.0-1build1).
2026-10-07T23:42:54.1841105Z libatk-bridge2.0-0t64 set to manually installed.
2026-10-07T23:42:54.1841682Z libatk1.0-0t64 is already the newest version (2.52.0-1build1).
2026-10-07T23:42:54.1842198Z libatk1.0-0t64 set to manually installed.
2026-10-07T23:42:54.1842737Z libatspi2.0-0t64 is already the newest version (2.52.0-1build1).
2026-10-07T23:42:54.1843262Z libatspi2.0-0t64 set to manually installed.
2026-10-07T23:42:54.1843820Z libcairo2 is already the newest version (1.18.0-3build1).
2026-10-07T23:42:54.1844330Z libcairo2 set to manually installed.
2026-10-07T23:42:54.1844852Z libcups2t64 is already the newest version (2.4.7-1.2ubuntu7.14).
2026-10-07T23:42:54.1845783Z libcups2t64 set to manually installed.
2026-10-07T23:42:54.1846263Z libdbus-1-3 is already the newest version (1.14.10-4ubuntu4.1).
2026-10-07T23:42:54.1846726Z libdbus-1-3 set to manually installed.
2026-10-07T23:42:54.1847534Z libdrm2 is already the newest version (2.4.125-1ubuntu0.1~24.04.2).
2026-10-07T23:42:54.1848075Z libdrm2 set to manually installed.
2026-10-07T23:42:54.1848568Z libglib2.0-0t64 is already the newest version (2.80.0-6ubuntu3.9).
2026-10-07T23:42:54.1849066Z libglib2.0-0t64 set to manually installed.
2026-10-07T23:42:54.1849545Z libnspr4 is already the newest version (2:4.35-1.1build1).
2026-10-07T23:42:54.1849981Z libnspr4 set to manually installed.
2026-10-07T23:42:54.1850433Z libnss3 is already the newest version (2:3.98-1ubuntu0.2).
2026-10-07T23:42:54.1850861Z libnss3 set to manually installed.
2026-10-07T23:42:54.1851334Z libpango-1.0-0 is already the newest version (1.52.1+ds-1build1).
2026-10-07T23:42:54.1851815Z libpango-1.0-0 set to manually installed.
2026-10-07T23:42:54.1852274Z libx11-6 is already the newest version (2:1.8.7-1build1).
2026-10-07T23:42:54.1852695Z libx11-6 set to manually installed.
2026-10-07T23:42:54.1853133Z libxcb1 is already the newest version (1.15-1ubuntu2).
2026-10-07T23:42:54.1853551Z libxcb1 set to manually installed.
2026-10-07T23:42:54.1854017Z libxcomposite1 is already the newest version (1:0.4.5-1build3).
2026-10-07T23:42:54.1854491Z libxcomposite1 set to manually installed.
2026-10-07T23:42:54.1854979Z libxdamage1 is already the newest version (1:1.1.6-1build1).
2026-10-07T23:42:54.1855422Z libxdamage1 set to manually installed.
2026-10-07T23:42:54.1855892Z libxext6 is already the newest version (2:1.3.4-1build2).
2026-10-07T23:42:54.1856320Z libxext6 set to manually installed.
2026-10-07T23:42:54.1856731Z libxfixes3 is already the newest version (1:6.0.0-2build1).
2026-10-07T23:42:54.1857118Z libxfixes3 set to manually installed.
2026-10-07T23:42:54.1857793Z libxkbcommon0 is already the newest version (1.6.0-1build1).
2026-10-07T23:42:54.1858209Z libxkbcommon0 set to manually installed.
2026-10-07T23:42:54.1858624Z libxrandr2 is already the newest version (2:1.5.2-2build1).
2026-10-07T23:42:54.1859024Z libxrandr2 set to manually installed.
2026-10-07T23:42:54.1859451Z libcairo-gobject2 is already the newest version (1.18.0-3build1).
2026-10-07T23:42:54.1859885Z libcairo-gobject2 set to manually installed.
2026-10-07T23:42:54.1860326Z libfontconfig1 is already the newest version (2.15.0-1.1ubuntu2).
2026-10-07T23:42:54.1860746Z libfontconfig1 set to manually installed.
2026-10-07T23:42:54.1861229Z libgdk-pixbuf-2.0-0 is already the newest version (2.42.10+dfsg-3ubuntu3.3).
2026-10-07T23:42:54.1861711Z libgdk-pixbuf-2.0-0 set to manually installed.
2026-10-07T23:42:54.1862165Z libgtk-3-0t64 is already the newest version (3.24.41-4ubuntu1.3).
2026-10-07T23:42:54.1862757Z libgtk-3-0t64 set to manually installed.
2026-10-07T23:42:54.1863221Z libpangocairo-1.0-0 is already the newest version (1.52.1+ds-1build1).
2026-10-07T23:42:54.1863683Z libpangocairo-1.0-0 set to manually installed.
2026-10-07T23:42:54.1864114Z libx11-xcb1 is already the newest version (2:1.8.7-1build1).
2026-10-07T23:42:54.1864500Z libx11-xcb1 set to manually installed.
2026-10-07T23:42:54.1864893Z libxcb-shm0 is already the newest version (1.15-1ubuntu2).
2026-10-07T23:42:54.1865270Z libxcb-shm0 set to manually installed.
2026-10-07T23:42:54.1865674Z libxcursor1 is already the newest version (1:1.2.1-1build1).
2026-10-07T23:42:54.1866062Z libxcursor1 set to manually installed.
2026-10-07T23:42:54.1866436Z libxi6 is already the newest version (2:1.8.1-1build1).
2026-10-07T23:42:54.1866793Z libxi6 set to manually installed.
2026-10-07T23:42:54.1867386Z libxrender1 is already the newest version (1:0.9.10-1.1build1).
2026-10-07T23:42:54.1867802Z libxrender1 set to manually installed.
2026-10-07T23:42:54.1868193Z libicu74 is already the newest version (74.2-1ubuntu3.1).
2026-10-07T23:42:54.1868666Z libatomic1 is already the newest version (14.2.0-4ubuntu2~24.04.1).
2026-10-07T23:42:54.1869216Z libatomic1 set to manually installed.
2026-10-07T23:42:54.1869741Z libenchant-2-2 is already the newest version (2.3.3-2build2).
2026-10-07T23:42:54.1870188Z libenchant-2-2 set to manually installed.
2026-10-07T23:42:54.1870582Z libepoxy0 is already the newest version (1.5.10-1build1).
2026-10-07T23:42:54.1870953Z libepoxy0 set to manually installed.
2026-10-07T23:42:54.1871382Z libgstreamer1.0-0 is already the newest version (1.24.2-1ubuntu0.1).
2026-10-07T23:42:54.1871815Z libgstreamer1.0-0 set to manually installed.
2026-10-07T23:42:54.1872231Z libharfbuzz0b is already the newest version (8.3.0-2build2).
2026-10-07T23:42:54.1872630Z libharfbuzz0b set to manually installed.
2026-10-07T23:42:54.1873043Z libjpeg-turbo8 is already the newest version (2.1.5-2ubuntu2).
2026-10-07T23:42:54.1873449Z libjpeg-turbo8 set to manually installed.
2026-10-07T23:42:54.1873862Z liblcms2-2 is already the newest version (2.14-2ubuntu0.1).
2026-10-07T23:42:54.1874248Z liblcms2-2 set to manually installed.
2026-10-07T23:42:54.1874668Z libpng16-16t64 is already the newest version (1.6.43-5ubuntu0.6).
2026-10-07T23:42:54.1875074Z libpng16-16t64 set to manually installed.
2026-10-07T23:42:54.1875514Z libwayland-client0 is already the newest version (1.22.0-2.1build1).
2026-10-07T23:42:54.3136388Z libwayland-client0 set to manually installed.
2026-10-07T23:42:54.3137819Z libwayland-egl1 is already the newest version (1.22.0-2.1build1).
2026-10-07T23:42:54.3138319Z libwayland-egl1 set to manually installed.
2026-10-07T23:42:54.3139012Z libwebp7 is already the newest version (1.3.2-0.4build3).
2026-10-07T23:42:54.3139585Z libwebp7 set to manually installed.
2026-10-07T23:42:54.3140046Z libwebpdemux2 is already the newest version (1.3.2-0.4build3).
2026-10-07T23:42:54.3140688Z libwebpdemux2 set to manually installed.
2026-10-07T23:42:54.3141192Z libxml2 is already the newest version (2.9.14+dfsg-1.3ubuntu3.9).
2026-10-07T23:42:54.3141721Z libxml2 set to manually installed.
2026-10-07T23:42:54.3142337Z libxslt1.1 is already the newest version (1.1.39-0exp1ubuntu0.24.04.3).
2026-10-07T23:42:54.3142834Z libxslt1.1 set to manually installed.
2026-10-07T23:42:54.3143282Z xvfb is already the newest version (2:21.1.12-1ubuntu1.8).
2026-10-07T23:42:54.3143876Z fonts-noto-color-emoji is already the newest version (2.047-0ubuntu0.24.04.1).
2026-10-07T23:42:54.3144474Z fonts-liberation is already the newest version (1:2.1.5-3).
2026-10-07T23:42:54.3144920Z fonts-liberation set to manually installed.
2026-10-07T23:42:54.3145348Z The following additional packages will be installed:
2026-10-07T23:42:54.3145847Z   glib-networking glib-networking-common glib-networking-services
2026-10-07T23:42:54.3146433Z   gsettings-desktop-schemas libaa1 libabsl20220623t64 libass9 libasyncns0
2026-10-07T23:42:54.3147014Z   libavc1394-0 libavfilter9 libavformat60 libavtp0 libavutil58 libblas3
2026-10-07T23:42:54.3148128Z   libbluray2 libbs2b0 libcaca0 libcairo-script-interpreter2 libcdparanoia0
2026-10-07T23:42:54.3149039Z   libchromaprint1 libcjson1 libcodec2-1.2 libdav1d7 libdc1394-25 libdca0
2026-10-07T23:42:54.3149647Z   libde265-0 libdecor-0-0 libdirectfb-1.7-7t64 libdv4t64 libdvdnav4
2026-10-07T23:42:54.3150184Z   libdvdread8t64 libegl-mesa0 libegl1 libevent-core-2.1-7t64
2026-10-07T23:42:54.3150784Z   libevent-pthreads-2.1-7t64 libfaad2 libflac12t64 libfluidsynth3 libfreeaptx0
2026-10-07T23:42:54.3151440Z   libgav1-1 libgl1-mesa-dri libglx-mesa0 libgme0 libgraphene-1.0-0 libgsm1
2026-10-07T23:42:54.3152091Z   libgssdp-1.6-0 libgstreamer-plugins-good1.0-0 libgtk-4-common libgupnp-1.6-0
2026-10-07T23:42:54.3152695Z   libgupnp-igd-1.6-0 libhwy1t64 libiec61883-0 libimath-3-1-29t64
2026-10-07T23:42:54.3153248Z   libinstpatch-1.0-2 libjack-jackd2-0 libjxl0.7 liblapack3 liblc3-1
2026-10-07T23:42:54.3153856Z   libldacbt-enc2 liblilv-0-0 liblrdf0 libltc11 libmbedcrypto7t64 libmfx1
2026-10-07T23:42:54.3154418Z   libmjpegutils-2.1-0t64 libmodplug1 libmp3lame0 libmpcdec6
2026-10-07T23:42:54.3154973Z   libmpeg2encpp-2.1-0t64 libmpg123-0t64 libmplex2-2.1-0t64 libmysofa1
2026-10-07T23:42:54.3155720Z   libneon27t64 libnice10 libopenal-data libopenal1 libopenexr-3-1-30
2026-10-07T23:42:54.3156260Z   libopenh264-7 libopenmpt0t64 libopenni2-0 liborc-0.4-0t64
2026-10-07T23:42:54.3156798Z   libpipewire-0.3-0t64 libplacebo338 libpocketsphinx3 libpostproc57
2026-10-07T23:42:54.3157531Z   libproxy1v5 libpulse0 libqrencode4 libraptor2-0 librav1e0 libraw1394-11
2026-10-07T23:42:54.3158156Z   librist4 librsvg2-2 librubberband2 libsamplerate0 libsbc1 libsdl2-2.0-0
2026-10-07T23:42:54.3158782Z   libsecret-common libserd-0-0 libshine3 libshout3 libsndfile1 libsndio7.0
2026-10-07T23:42:54.3159326Z   libsord-0-0 libsoundtouch1 libsoup-3.0-0 libsoup-3.0-common libsoxr0
2026-10-07T23:42:54.3159860Z   libspa-0.2-modules libspandsp2t64 libspeex1 libsphinxbase3t64 libsratom-0-0
2026-10-07T23:42:54.3160451Z   libsrt1.5-gnutls libsrtp2-1 libssh-gcrypt-4 libsvtav1enc1d1 libswresample4
2026-10-07T23:42:54.3161028Z   libswscale7 libtag1v5 libtag1v5-vanilla libtheora0 libtwolame0 libudfread0
2026-10-07T23:42:54.3161574Z   libunibreak5 libv4l-0t64 libv4lconvert0t64 libva-drm2 libva-x11-2 libva2
2026-10-07T23:42:54.3162111Z   libvdpau1 libvidstab1.1 libvisual-0.4-0 libvo-aacenc0 libvo-amrwbenc0
2026-10-07T23:42:54.3162652Z   libvorbisenc2 libvpl2 libwavpack1 libwebrtc-audio-processing1 libwildmidi2
2026-10-07T23:42:54.3163220Z   libx265-199 libxcb-xkb1 libxkbcommon-x11-0 libxvidcore4 libyuv0 libzbar0t64
2026-10-07T23:42:54.3163754Z   libzimg2 libzix-0-0 libzvbi-common libzvbi0t64 libzxing3 mesa-libgallium
2026-10-07T23:42:54.3164305Z   ocl-icd-libopencl1 session-migration timgm6mb-soundfont xfonts-encodings
2026-10-07T23:42:54.3164716Z   xfonts-utils
2026-10-07T23:42:54.3164954Z Suggested packages:
2026-10-07T23:42:54.3165333Z   frei0r-plugins gvfs libcuda1 libnvcuvid1 libnvidia-encode1 libbluray-bdj
2026-10-07T23:42:54.3165888Z   libdirectfb-extra libdv-bin oss-compat libdvdcss2 libvisual-0.4-plugins
2026-10-07T23:42:54.3166409Z   jackd2 liblrdf0-dev libportaudio2 opus-tools pipewire pulseaudio
2026-10-07T23:42:54.3166908Z   raptor2-utils libraw1394-doc librsvg2-bin serdi sndiod sordi speex
2026-10-07T23:42:54.3167478Z   libwildmidi-config opencl-icd fluid-soundfont-gm
2026-10-07T23:42:54.3167804Z Recommended packages:
2026-10-07T23:42:54.3168154Z   fonts-ipafont-mincho fonts-tlwg-loma gstreamer1.0-x libaacs0
2026-10-07T23:42:54.3168648Z   default-libdecor-0-plugin-1 | libdecor-0-plugin-1 gstreamer1.0-gl
2026-10-07T23:42:54.3169202Z   libgtk-4-bin librsvg2-common libgtk-4-media-gstreamer libpipewire-0.3-common
2026-10-07T23:42:54.3169780Z   pocketsphinx-en-us va-driver-all | va-driver vdpau-driver-all | vdpau-driver
2026-10-07T23:42:54.3170202Z   libmagickcore-6.q16-7-extra
2026-10-07T23:42:54.3809864Z The following NEW packages will be installed:
2026-10-07T23:42:54.3811160Z   fonts-freefont-ttf fonts-ipafont-gothic fonts-tlwg-loma-otf fonts-unifont
2026-10-07T23:42:54.3812249Z   fonts-wqy-zenhei glib-networking glib-networking-common
2026-10-07T23:42:54.3812918Z   glib-networking-services gsettings-desktop-schemas gstreamer1.0-libav
2026-10-07T23:42:54.3813623Z   gstreamer1.0-plugins-bad gstreamer1.0-plugins-base gstreamer1.0-plugins-good
2026-10-07T23:42:54.3814468Z   libaa1 libabsl20220623t64 libass9 libasyncns0 libavc1394-0 libavcodec60
2026-10-07T23:42:54.3815392Z   libavfilter9 libavformat60 libavif16 libavtp0 libavutil58 libblas3
2026-10-07T23:42:54.3816017Z   libbluray2 libbs2b0 libcaca0 libcairo-script-interpreter2 libcdparanoia0
2026-10-07T23:42:54.3816832Z   libchromaprint1 libcjson1 libcodec2-1.2 libdav1d7 libdc1394-25 libdca0
2026-10-07T23:42:54.3817674Z   libde265-0 libdecor-0-0 libdirectfb-1.7-7t64 libdv4t64 libdvdnav4
2026-10-07T23:42:54.3818450Z   libdvdread8t64 libegl-mesa0 libegl1 libevent-2.1-7t64 libfaad2 libflac12t64
2026-10-07T23:42:54.3819104Z   libflite1 libfluidsynth3 libfreeaptx0 libgav1-1 libgles2 libgme0
2026-10-07T23:42:54.3819666Z   libgraphene-1.0-0 libgsm1 libgssdp-1.6-0 libgstreamer-gl1.0-0
2026-10-07T23:42:54.3820223Z   libgstreamer-plugins-bad1.0-0 libgstreamer-plugins-base1.0-0
2026-10-07T23:42:54.3821041Z   libgstreamer-plugins-good1.0-0 libgtk-4-1 libgtk-4-common libgupnp-1.6-0
2026-10-07T23:42:54.3821685Z   libgupnp-igd-1.6-0 libharfbuzz-icu0 libhwy1t64 libhyphen0 libiec61883-0
2026-10-07T23:42:54.3822330Z   libimath-3-1-29t64 libinstpatch-1.0-2 libjack-jackd2-0 libjxl0.7 liblapack3
2026-10-07T23:42:54.3823234Z   liblc3-1 libldacbt-enc2 liblilv-0-0 liblrdf0 libltc11 libmanette-0.2-0
2026-10-07T23:42:54.3823856Z   libmbedcrypto7t64 libmfx1 libmjpegutils-2.1-0t64 libmodplug1 libmp3lame0
2026-10-07T23:42:54.3824472Z   libmpcdec6 libmpeg2encpp-2.1-0t64 libmpg123-0t64 libmplex2-2.1-0t64
2026-10-07T23:42:54.3825022Z   libmysofa1 libneon27t64 libnice10 libopenal-data libopenal1
2026-10-07T23:42:54.3825573Z   libopenexr-3-1-30 libopenh264-7 libopenmpt0t64 libopenni2-0 libopus0
2026-10-07T23:42:54.3826169Z   liborc-0.4-0t64 libpipewire-0.3-0t64 libplacebo338 libpocketsphinx3
2026-10-07T23:42:54.3826767Z   libpostproc57 libproxy1v5 libpulse0 libqrencode4 libraptor2-0 librav1e0
2026-10-07T23:42:54.3827737Z   libraw1394-11 librist4 librsvg2-2 librubberband2 libsamplerate0 libsbc1
2026-10-07T23:42:54.3828375Z   libsdl2-2.0-0 libsecret-1-0 libsecret-common libserd-0-0 libshine3 libshout3
2026-10-07T23:42:54.3828985Z   libsndfile1 libsndio7.0 libsord-0-0 libsoundtouch1 libsoup-3.0-0
2026-10-07T23:42:54.3829592Z   libsoup-3.0-common libsoxr0 libspa-0.2-modules libspandsp2t64 libspeex1
2026-10-07T23:42:54.3830230Z   libsphinxbase3t64 libsratom-0-0 libsrt1.5-gnutls libsrtp2-1 libssh-gcrypt-4
2026-10-07T23:42:54.3830777Z   libsvtav1enc1d1 libswresample4 libswscale7 libtag1v5 libtag1v5-vanilla
2026-10-07T23:42:54.3831274Z   libtheora0 libtwolame0 libudfread0 libunibreak5 libv4l-0t64
2026-10-07T23:42:54.3831760Z   libv4lconvert0t64 libva-drm2 libva-x11-2 libva2 libvdpau1 libvidstab1.1
2026-10-07T23:42:54.3832303Z   libvisual-0.4-0 libvo-aacenc0 libvo-amrwbenc0 libvorbisenc2 libvpl2 libvpx9
2026-10-07T23:42:54.3832856Z   libwavpack1 libwayland-server0 libwebrtc-audio-processing1 libwildmidi2
2026-10-07T23:42:54.3833424Z   libwoff1 libx264-164 libx265-199 libxcb-xkb1 libxkbcommon-x11-0 libxvidcore4
2026-10-07T23:42:54.3833968Z   libyuv0 libzbar0t64 libzimg2 libzix-0-0 libzvbi-common libzvbi0t64 libzxing3
2026-10-07T23:42:54.3834530Z   ocl-icd-libopencl1 session-migration timgm6mb-soundfont xfonts-cyrillic
2026-10-07T23:42:54.3834981Z   xfonts-encodings xfonts-scalable xfonts-utils
2026-10-07T23:42:54.3835361Z The following packages will be upgraded:
2026-10-07T23:42:54.3835789Z   libevent-core-2.1-7t64 libevent-pthreads-2.1-7t64 libfreetype6 libgbm1
2026-10-07T23:42:54.3836231Z   libgl1-mesa-dri libglx-mesa0 mesa-libgallium
2026-10-07T23:42:54.4044037Z 7 upgraded, 181 newly installed, 0 to remove and 23 not upgraded.
2026-10-07T23:42:54.4044817Z Need to get 126 MB of archives.
2026-10-07T23:42:54.4045889Z After this operation, 364 MB of additional disk space will be used.
2026-10-07T23:42:54.4046792Z Get:1 file:/etc/apt/apt-mirrors.txt Mirrorlist [144 B]
2026-10-07T23:42:54.6977414Z Get:2 http://azure.archive.ubuntu.com/ubuntu noble/universe amd64 fonts-ipafont-gothic all 00303-21ubuntu1 [3513 kB]
2026-10-07T23:42:55.0665602Z Get:3 http://azure.archive.ubuntu.com/ubuntu noble/main amd64 fonts-freefont-ttf all 20211204+svn4273-2 [5641 kB]
2026-10-07T23:42:55.3968359Z Get:4 http://azure.archive.ubuntu.com/ubuntu noble/universe amd64 fonts-tlwg-loma-otf all 1:0.7.3-1 [107 kB]
2026-10-07T23:42:55.5325865Z Get:5 http://azure.archive.ubuntu.com/ubuntu noble/universe amd64 fonts-unifont all 1:15.1.01-1build1 [2993 kB]
2026-10-07T23:42:55.7124679Z Get:6 http://azure.archive.ubuntu.com/ubuntu noble/universe amd64 fonts-wqy-zenhei all 0.9.45-8 [7472 kB]
2026-10-07T23:42:56.1377056Z Get:7 http://azure.archive.ubuntu.com/ubuntu noble/main amd64 libproxy1v5 amd64 0.5.4-4build1 [26.5 kB]
2026-10-07T23:42:56.2733493Z Get:8 http://azure.archive.ubuntu.com/ubuntu noble/main amd64 glib-networking-common all 2.80.0-1build1 [6702 B]
2026-10-07T23:42:56.4089149Z Get:9 http://azure.archive.ubuntu.com/ubuntu noble/main amd64 glib-networking-services amd64 2.80.0-1build1 [12.8 kB]
2026-10-07T23:42:56.5439410Z Get:10 http://azure.archive.ubuntu.com/ubuntu noble/main amd64 session-migration amd64 0.3.9build1 [9034 B]
2026-10-07T23:42:56.6793566Z Get:11 http://azure.archive.ubuntu.com/ubuntu noble-updates/main amd64 gsettings-desktop-schemas all 46.1-0ubuntu1 [35.6 kB]
2026-10-07T23:42:56.8148954Z Get:12 http://azure.archive.ubuntu.com/ubuntu noble/main amd64 glib-networking amd64 2.80.0-1build1 [64.1 kB]
2026-10-07T23:42:56.9504830Z Get:13 http://azure.archive.ubuntu.com/ubuntu noble-updates/universe amd64 libva2 amd64 2.20.0-2ubuntu0.2 [66.4 kB]
2026-10-07T23:42:57.0867806Z Get:14 http://azure.archive.ubuntu.com/ubuntu noble-updates/universe amd64 libva-drm2 amd64 2.20.0-2ubuntu0.2 [7124 B]
2026-10-07T23:42:57.2226185Z Get:15 http://azure.archive.ubuntu.com/ubuntu noble-updates/universe amd64 libva-x11-2 amd64 2.20.0-2ubuntu0.2 [12.0 kB]
2026-10-07T23:42:57.3579621Z Get:16 http://azure.archive.ubuntu.com/ubuntu noble/main amd64 libvdpau1 amd64 1.5-2build1 [27.8 kB]
2026-10-07T23:42:57.4934003Z Get:17 http://azure.archive.ubuntu.com/ubuntu noble/universe amd64 libvpl2 amd64 2023.3.0-1build1 [99.8 kB]
2026-10-07T23:42:57.7721240Z Get:18 http://azure.archive.ubuntu.com/ubuntu noble/universe amd64 ocl-icd-libopencl1 amd64 2.3.2-1build1 [38.5 kB]
2026-10-07T23:42:58.1230062Z Get:19 http://azure.archive.ubuntu.com/ubuntu noble/universe amd64 libavutil58 amd64 7:6.1.1-3ubuntu5 [401 kB]
2026-10-07T23:42:58.7854571Z Get:20 http://azure.archive.ubuntu.com/ubuntu noble/universe amd64 libcodec2-1.2 amd64 1.2.0-2build1 [8998 kB]
2026-10-07T23:42:59.3566454Z Get:21 http://azure.archive.ubuntu.com/ubuntu noble/universe amd64 libdav1d7 amd64 1.4.1-1build1 [604 kB]
2026-10-07T23:42:59.4994045Z Get:22 http://azure.archive.ubuntu.com/ubuntu noble/universe amd64 libgsm1 amd64 1.0.22-1build1 [27.8 kB]
2026-10-07T23:42:59.6351466Z Get:23 http://azure.archive.ubuntu.com/ubuntu noble/universe amd64 libhwy1t64 amd64 1.0.7-8.1build1 [584 kB]
2026-10-07T23:42:59.7798009Z Get:24 http://azure.archive.ubuntu.com/ubuntu noble-updates/universe amd64 libjxl0.7 amd64 0.7.0-10.2ubuntu6.1 [1001 kB]
2026-10-07T23:42:59.9284952Z Get:25 http://azure.archive.ubuntu.com/ubuntu noble/main amd64 libmp3lame0 amd64 3.100-6build1 [142 kB]
2026-10-07T23:43:00.0652042Z Get:26 http://azure.archive.ubuntu.com/ubuntu noble/main amd64 libopus0 amd64 1.4-1build1 [208 kB]
2026-10-07T23:43:00.2023575Z Get:27 http://azure.archive.ubuntu.com/ubuntu noble/universe amd64 librav1e0 amd64 0.7.1-2 [1022 kB]
2026-10-07T23:43:00.3512459Z Get:28 http://azure.archive.ubuntu.com/ubuntu noble-updates/main amd64 librsvg2-2 amd64 2.58.0+dfsg-1ubuntu0.1 [2141 kB]
2026-10-07T23:43:00.5163490Z Get:29 http://azure.archive.ubuntu.com/ubuntu noble/universe amd64 libshine3 amd64 3.1.1-2build1 [23.2 kB]
2026-10-07T23:43:00.6576789Z Get:30 http://azure.archive.ubuntu.com/ubuntu noble-updates/main amd64 libspeex1 amd64 1.2.1-2ubuntu2.24.04.1 [59.6 kB]
2026-10-07T23:43:00.8001165Z Get:31 http://azure.archive.ubuntu.com/ubuntu noble/universe amd64 libsvtav1enc1d1 amd64 1.7.0+dfsg-2build1 [2425 kB]
2026-10-07T23:43:01.0493322Z Get:32 http://azure.archive.ubuntu.com/ubuntu noble/universe amd64 libsoxr0 amd64 0.1.3-4build3 [80.0 kB]
2026-10-07T23:43:01.1946301Z Get:33 http://azure.archive.ubuntu.com/ubuntu noble/universe amd64 libswresample4 amd64 7:6.1.1-3ubuntu5 [63.8 kB]
2026-10-07T23:43:01.3333200Z Get:34 http://azure.archive.ubuntu.com/ubuntu noble/main amd64 libtheora0 amd64 1.1.1+dfsg.1-16.1build3 [211 kB]
2026-10-07T23:43:01.4701909Z Get:35 http://azure.archive.ubuntu.com/ubuntu noble/main amd64 libtwolame0 amd64 0.4.0-2build3 [52.3 kB]
2026-10-07T23:43:01.6055629Z Get:36 http://azure.archive.ubuntu.com/ubuntu noble/main amd64 libvorbisenc2 amd64 1.3.7-1build3 [80.8 kB]
2026-10-07T23:43:01.7410092Z Get:37 http://azure.archive.ubuntu.com/ubuntu noble-updates/main amd64 libvpx9 amd64 1.14.0-1ubuntu2.3 [1143 kB]
2026-10-07T23:43:01.8918572Z Get:38 http://azure.archive.ubuntu.com/ubuntu noble/universe amd64 libx264-164 amd64 2:0.164.3108+git31e19f9-1 [604 kB]
2026-10-07T23:43:02.0352338Z Get:39 http://azure.archive.ubuntu.com/ubuntu noble/universe amd64 libx265-199 amd64 3.5-2build1 [1226 kB]
2026-10-07T23:43:02.1874138Z Get:40 http://azure.archive.ubuntu.com/ubuntu noble/universe amd64 libxvidcore4 amd64 2:1.3.7-1build1 [219 kB]
2026-10-07T23:43:02.3245849Z Get:41 http://azure.archive.ubuntu.com/ubuntu noble/universe amd64 libzvbi-common all 0.2.42-2 [42.4 kB]
2026-10-07T23:43:02.4600733Z Get:42 http://azure.archive.ubuntu.com/ubuntu noble/universe amd64 libzvbi0t64 amd64 0.2.42-2 [261 kB]
2026-10-07T23:43:02.5981589Z Get:43 http://azure.archive.ubuntu.com/ubuntu noble/universe amd64 libavcodec60 amd64 7:6.1.1-3ubuntu5 [5851 kB]
2026-10-07T23:43:02.9108272Z Get:44 http://azure.archive.ubuntu.com/ubuntu noble-updates/main amd64 libfreetype6 amd64 2.13.2+dfsg-1ubuntu0.2 [403 kB]
2026-10-07T23:43:03.0617586Z Get:45 http://azure.archive.ubuntu.com/ubuntu noble/universe amd64 libunibreak5 amd64 5.1-2build1 [25.0 kB]
2026-10-07T23:43:03.1972205Z Get:46 http://azure.archive.ubuntu.com/ubuntu noble/universe amd64 libass9 amd64 1:0.17.1-2build1 [104 kB]
2026-10-07T23:43:03.3354798Z Get:47 http://azure.archive.ubuntu.com/ubuntu noble/universe amd64 libudfread0 amd64 1.1.2-1build1 [19.0 kB]
2026-10-07T23:43:03.4705876Z Get:48 http://azure.archive.ubuntu.com/ubuntu noble/universe amd64 libbluray2 amd64 1:1.3.4-1build1 [159 kB]
2026-10-07T23:43:03.6116634Z Get:49 http://azure.archive.ubuntu.com/ubuntu noble/universe amd64 libchromaprint1 amd64 1.5.1-5 [30.5 kB]
2026-10-07T23:43:03.7481313Z Get:50 http://azure.archive.ubuntu.com/ubuntu noble/universe amd64 libgme0 amd64 0.6.3-7build1 [134 kB]
2026-10-07T23:43:03.8881499Z Get:51 http://azure.archive.ubuntu.com/ubuntu noble-updates/main amd64 libmpg123-0t64 amd64 1.32.5-1ubuntu1.1 [169 kB]
2026-10-07T23:43:04.0300781Z Get:52 http://azure.archive.ubuntu.com/ubuntu noble/universe amd64 libopenmpt0t64 amd64 0.7.3-1.1build3 [647 kB]
2026-10-07T23:43:04.1919943Z Get:53 http://azure.archive.ubuntu.com/ubuntu noble/universe amd64 libcjson1 amd64 1.7.17-1 [24.8 kB]
2026-10-07T23:43:04.3271928Z Get:54 http://azure.archive.ubuntu.com/ubuntu noble/universe amd64 libmbedcrypto7t64 amd64 2.28.8-1 [209 kB]
2026-10-07T23:43:04.4697703Z Get:55 http://azure.archive.ubuntu.com/ubuntu noble/universe amd64 librist4 amd64 0.2.10+dfsg-2 [74.9 kB]
2026-10-07T23:43:04.6068868Z Get:56 http://azure.archive.ubuntu.com/ubuntu noble/universe amd64 libsrt1.5-gnutls amd64 1.5.3-1build2 [316 kB]
2026-10-07T23:43:04.7543481Z Get:57 http://azure.archive.ubuntu.com/ubuntu noble-updates/main amd64 libssh-gcrypt-4 amd64 0.10.6-2ubuntu0.5 [226 kB]
2026-10-07T23:43:04.8985073Z Get:58 http://azure.archive.ubuntu.com/ubuntu noble/universe amd64 libavformat60 amd64 7:6.1.1-3ubuntu5 [1153 kB]
2026-10-07T23:43:05.0820832Z Get:59 http://azure.archive.ubuntu.com/ubuntu noble/universe amd64 libbs2b0 amd64 3.1.0+dfsg-7build1 [10.6 kB]
2026-10-07T23:43:05.2171500Z Get:60 http://azure.archive.ubuntu.com/ubuntu noble/universe amd64 libflite1 amd64 2.2-6build3 [13.6 MB]
2026-10-07T23:43:05.9341700Z Get:61 http://azure.archive.ubuntu.com/ubuntu noble/universe amd64 libserd-0-0 amd64 0.32.2-1 [43.6 kB]
2026-10-07T23:43:06.0712139Z Get:62 http://azure.archive.ubuntu.com/ubuntu noble/universe amd64 libzix-0-0 amd64 0.4.2-2build1 [23.6 kB]
2026-10-07T23:43:06.2066434Z Get:63 http://azure.archive.ubuntu.com/ubuntu noble/universe amd64 libsord-0-0 amd64 0.16.16-2build1 [15.8 kB]
2026-10-07T23:43:06.3418559Z Get:64 http://azure.archive.ubuntu.com/ubuntu noble/universe amd64 libsratom-0-0 amd64 0.6.16-1build1 [17.3 kB]
2026-10-07T23:43:06.4782048Z Get:65 http://azure.archive.ubuntu.com/ubuntu noble/universe amd64 liblilv-0-0 amd64 0.24.22-1build1 [41.0 kB]
2026-10-07T23:43:06.6134498Z Get:66 http://azure.archive.ubuntu.com/ubuntu noble/universe amd64 libmysofa1 amd64 1.3.2+dfsg-2ubuntu2 [1158 kB]
2026-10-07T23:43:06.7963018Z Get:67 http://azure.archive.ubuntu.com/ubuntu noble/universe amd64 libplacebo338 amd64 6.338.2-2build1 [2654 kB]
2026-10-07T23:43:07.0423071Z Get:68 http://azure.archive.ubuntu.com/ubuntu noble-updates/main amd64 libblas3 amd64 3.12.0-3build1.1 [238 kB]
2026-10-07T23:43:07.1858919Z Get:69 http://azure.archive.ubuntu.com/ubuntu noble-updates/main amd64 liblapack3 amd64 3.12.0-3build1.1 [2646 kB]
2026-10-07T23:43:07.4316930Z Get:70 http://azure.archive.ubuntu.com/ubuntu noble/main amd64 libasyncns0 amd64 0.8-6build4 [11.3 kB]
2026-10-07T23:43:07.5670516Z Get:71 http://azure.archive.ubuntu.com/ubuntu noble/main amd64 libflac12t64 amd64 1.4.3+ds-2.1ubuntu2 [197 kB]
2026-10-07T23:43:07.7092067Z Get:72 http://azure.archive.ubuntu.com/ubuntu noble-updates/main amd64 libsndfile1 amd64 1.2.2-1ubuntu5.24.04.1 [209 kB]
2026-10-07T23:43:07.8519133Z Get:73 http://azure.archive.ubuntu.com/ubuntu noble-updates/main amd64 libpulse0 amd64 1:16.1+dfsg1-2ubuntu10.1 [292 kB]
2026-10-07T23:43:07.9981886Z Get:74 http://azure.archive.ubuntu.com/ubuntu noble/universe amd64 libsphinxbase3t64 amd64 0.8+5prealpha+1-17build2 [126 kB]
2026-10-07T23:43:08.1384671Z Get:75 http://azure.archive.ubuntu.com/ubuntu noble/universe amd64 libpocketsphinx3 amd64 0.8.0+real5prealpha+1-15ubuntu5 [133 kB]
2026-10-07T23:43:08.2789244Z Get:76 http://azure.archive.ubuntu.com/ubuntu noble/universe amd64 libpostproc57 amd64 7:6.1.1-3ubuntu5 [49.9 kB]
2026-10-07T23:43:08.4148431Z Get:77 http://azure.archive.ubuntu.com/ubuntu noble/main amd64 libsamplerate0 amd64 0.2.2-4build1 [1344 kB]
2026-10-07T23:43:08.7397887Z Get:78 http://azure.archive.ubuntu.com/ubuntu noble/universe amd64 librubberband2 amd64 3.3.0+dfsg-2build1 [130 kB]
2026-10-07T23:43:09.3430185Z Get:79 http://azure.archive.ubuntu.com/ubuntu noble/universe amd64 libswscale7 amd64 7:6.1.1-3ubuntu5 [193 kB]
2026-10-07T23:43:09.6461517Z Get:80 http://azure.archive.ubuntu.com/ubuntu noble/universe amd64 libvidstab1.1 amd64 1.1.0-2build1 [38.5 kB]
2026-10-07T23:43:09.7928845Z Get:81 http://azure.archive.ubuntu.com/ubuntu noble/universe amd64 libzimg2 amd64 3.0.5+ds1-1build1 [254 kB]
2026-10-07T23:43:10.0080174Z Get:82 http://azure.archive.ubuntu.com/ubuntu noble/universe amd64 libavfilter9 amd64 7:6.1.1-3ubuntu5 [4235 kB]
2026-10-07T23:43:10.6684864Z Get:83 http://azure.archive.ubuntu.com/ubuntu noble-updates/main amd64 liborc-0.4-0t64 amd64 1:0.4.38-1ubuntu0.1 [207 kB]
2026-10-07T23:43:10.8089675Z Get:84 http://azure.archive.ubuntu.com/ubuntu noble-updates/main amd64 libgstreamer-plugins-base1.0-0 amd64 1.24.2-1ubuntu0.5 [862 kB]
2026-10-07T23:43:10.9614476Z Get:85 http://azure.archive.ubuntu.com/ubuntu noble/universe amd64 gstreamer1.0-libav amd64 1.24.1-1build1 [103 kB]
2026-10-07T23:43:11.0989046Z Get:86 http://azure.archive.ubuntu.com/ubuntu noble/main amd64 libcdparanoia0 amd64 3.10.2+debian-14build3 [48.5 kB]
2026-10-07T23:43:11.2342599Z Get:87 http://azure.archive.ubuntu.com/ubuntu noble/main amd64 libvisual-0.4-0 amd64 0.4.2-2build1 [115 kB]
2026-10-07T23:43:11.3710004Z Get:88 http://azure.archive.ubuntu.com/ubuntu noble-updates/main amd64 gstreamer1.0-plugins-base amd64 1.24.2-1ubuntu0.5 [721 kB]
2026-10-07T23:43:11.5217634Z Get:89 http://azure.archive.ubuntu.com/ubuntu noble/main amd64 libaa1 amd64 1.4p5-51.1 [49.9 kB]
2026-10-07T23:43:11.6592441Z Get:90 http://azure.archive.ubuntu.com/ubuntu noble/main amd64 libraw1394-11 amd64 2.1.2-2build3 [26.2 kB]
2026-10-07T23:43:11.7942939Z Get:91 http://azure.archive.ubuntu.com/ubuntu noble/main amd64 libavc1394-0 amd64 0.5.4-5build3 [15.4 kB]
2026-10-07T23:43:11.9371961Z Get:92 http://azure.archive.ubuntu.com/ubuntu noble-updates/main amd64 libcaca0 amd64 0.99.beta20-4ubuntu0.2 [209 kB]
2026-10-07T23:43:12.0753003Z Get:93 http://azure.archive.ubuntu.com/ubuntu noble/main amd64 libdv4t64 amd64 1.0.0-17.1build1 [63.2 kB]
2026-10-07T23:43:12.2125937Z Get:94 http://azure.archive.ubuntu.com/ubuntu noble-updates/main amd64 libgstreamer-plugins-good1.0-0 amd64 1.24.2-1ubuntu1.8 [34.3 kB]
2026-10-07T23:43:12.3483629Z Get:95 http://azure.archive.ubuntu.com/ubuntu noble/main amd64 libiec61883-0 amd64 1.2.0-6build1 [24.5 kB]
2026-10-07T23:43:12.4835468Z Get:96 http://azure.archive.ubuntu.com/ubuntu noble/main amd64 libshout3 amd64 2.4.6-1build2 [50.3 kB]
2026-10-07T23:43:12.6199687Z Get:97 http://azure.archive.ubuntu.com/ubuntu noble/main amd64 libtag1v5-vanilla amd64 1.13.1-1build1 [326 kB]
2026-10-07T23:43:12.7612047Z Get:98 http://azure.archive.ubuntu.com/ubuntu noble/main amd64 libtag1v5 amd64 1.13.1-1build1 [11.7 kB]
2026-10-07T23:43:12.8965119Z Get:99 http://azure.archive.ubuntu.com/ubuntu noble/main amd64 libv4lconvert0t64 amd64 1.26.1-4build3 [87.6 kB]
2026-10-07T23:43:13.0324583Z Get:100 http://azure.archive.ubuntu.com/ubuntu noble/main amd64 libv4l-0t64 amd64 1.26.1-4build3 [46.9 kB]
2026-10-07T23:43:13.1682120Z Get:101 http://azure.archive.ubuntu.com/ubuntu noble/main amd64 libwavpack1 amd64 5.6.0-1build1 [84.6 kB]
2026-10-07T23:43:13.3042351Z Get:102 http://azure.archive.ubuntu.com/ubuntu noble-updates/main amd64 libsoup-3.0-common all 3.4.4-5ubuntu0.9 [12.3 kB]
2026-10-07T23:43:13.3764468Z Get:103 http://azure.archive.ubuntu.com/ubuntu noble-updates/main amd64 libsoup-3.0-0 amd64 3.4.4-5ubuntu0.9 [291 kB]
2026-10-07T23:43:13.7190234Z Get:104 http://azure.archive.ubuntu.com/ubuntu noble-updates/main amd64 gstreamer1.0-plugins-good amd64 1.24.2-1ubuntu1.8 [2236 kB]
2026-10-07T23:43:13.9158768Z Get:105 http://azure.archive.ubuntu.com/ubuntu noble-updates/main amd64 libabsl20220623t64 amd64 20220623.1-3.1ubuntu3.2 [423 kB]
2026-10-07T23:43:14.3717882Z Get:106 http://azure.archive.ubuntu.com/ubuntu noble/universe amd64 libgav1-1 amd64 0.18.0-1build3 [357 kB]
2026-10-07T23:43:14.4469146Z Get:107 http://azure.archive.ubuntu.com/ubuntu noble/universe amd64 libyuv0 amd64 0.0~git202401110.af6ac82-1 [178 kB]
2026-10-07T23:43:14.5195501Z Get:108 http://azure.archive.ubuntu.com/ubuntu noble/universe amd64 libavif16 amd64 1.0.4-1ubuntu3 [91.2 kB]
2026-10-07T23:43:14.5911442Z Get:109 http://azure.archive.ubuntu.com/ubuntu noble/universe amd64 libavtp0 amd64 0.2.0-1build1 [6414 B]
2026-10-07T23:43:14.6618682Z Get:110 http://azure.archive.ubuntu.com/ubuntu noble/main amd64 libcairo-script-interpreter2 amd64 1.18.0-3build1 [60.3 kB]
2026-10-07T23:43:14.7331179Z Get:111 http://azure.archive.ubuntu.com/ubuntu noble/universe amd64 libdc1394-25 amd64 2.2.6-4build1 [90.1 kB]
2026-10-07T23:43:14.8043807Z Get:112 http://azure.archive.ubuntu.com/ubuntu noble-updates/main amd64 libde265-0 amd64 1.0.15-1ubuntu0.1 [167 kB]
2026-10-07T23:43:14.8778931Z Get:113 http://azure.archive.ubuntu.com/ubuntu noble/main amd64 libdecor-0-0 amd64 0.2.2-1build2 [16.5 kB]
2026-10-07T23:43:14.9536706Z Get:114 http://azure.archive.ubuntu.com/ubuntu noble/main amd64 libgles2 amd64 1.7.0-1build1 [17.1 kB]
2026-10-07T23:43:15.0264266Z Get:115 http://azure.archive.ubuntu.com/ubuntu noble/universe amd64 libdirectfb-1.7-7t64 amd64 1.7.7-11.1ubuntu2 [1035 kB]
2026-10-07T23:43:15.1195813Z Get:116 http://azure.archive.ubuntu.com/ubuntu noble/universe amd64 libdvdread8t64 amd64 6.1.3-1.1build1 [54.7 kB]
2026-10-07T23:43:15.1909169Z Get:117 http://azure.archive.ubuntu.com/ubuntu noble/universe amd64 libdvdnav4 amd64 6.1.1-3build1 [39.5 kB]
2026-10-07T23:43:15.2618921Z Get:118 http://azure.archive.ubuntu.com/ubuntu noble-updates/main amd64 libgl1-mesa-dri amd64 25.2.8-0ubuntu0.24.04.4 [38.0 kB]
2026-10-07T23:43:15.3329978Z Get:119 http://azure.archive.ubuntu.com/ubuntu noble-updates/main amd64 libglx-mesa0 amd64 25.2.8-0ubuntu0.24.04.4 [110 kB]
2026-10-07T23:43:15.4052461Z Get:120 http://azure.archive.ubuntu.com/ubuntu noble-updates/main amd64 libgbm1 amd64 25.2.8-0ubuntu0.24.04.4 [34.2 kB]
2026-10-07T23:43:15.4764737Z Get:121 http://azure.archive.ubuntu.com/ubuntu noble-updates/main amd64 mesa-libgallium amd64 25.2.8-0ubuntu0.24.04.4 [10.8 MB]
2026-10-07T23:43:15.7938790Z Get:122 http://azure.archive.ubuntu.com/ubuntu noble-updates/main amd64 libegl-mesa0 amd64 25.2.8-0ubuntu0.24.04.4 [117 kB]
2026-10-07T23:43:15.8681620Z Get:123 http://azure.archive.ubuntu.com/ubuntu noble-updates/main amd64 libevent-2.1-7t64 amd64 2.1.12-stable-9ubuntu2.2 [146 kB]
2026-10-07T23:43:15.9468154Z Get:124 http://azure.archive.ubuntu.com/ubuntu noble-updates/main amd64 libevent-pthreads-2.1-7t64 amd64 2.1.12-stable-9ubuntu2.2 [7988 B]
2026-10-07T23:43:16.0195282Z Get:125 http://azure.archive.ubuntu.com/ubuntu noble-updates/main amd64 libevent-core-2.1-7t64 amd64 2.1.12-stable-9ubuntu2.2 [91.9 kB]
2026-10-07T23:43:16.0927569Z Get:126 http://azure.archive.ubuntu.com/ubuntu noble/universe amd64 libfaad2 amd64 2.11.1-1build1 [207 kB]
2026-10-07T23:43:16.1674501Z Get:127 http://azure.archive.ubuntu.com/ubuntu noble/universe amd64 libinstpatch-1.0-2 amd64 1.1.6-1build2 [251 kB]
2026-10-07T23:43:16.2428041Z Get:128 http://azure.archive.ubuntu.com/ubuntu noble/main amd64 libjack-jackd2-0 amd64 1.9.21~dfsg-3ubuntu3 [289 kB]
2026-10-07T23:43:16.3232257Z Get:129 http://azure.archive.ubuntu.com/ubuntu noble/main amd64 libwebrtc-audio-processing1 amd64 0.3.1-0ubuntu6 [290 kB]
2026-10-07T23:43:16.3970325Z Get:130 http://azure.archive.ubuntu.com/ubuntu noble-updates/main amd64 libspa-0.2-modules amd64 1.0.5-1ubuntu3.3 [628 kB]
2026-10-07T23:43:16.4811106Z Get:131 http://azure.archive.ubuntu.com/ubuntu noble-updates/main amd64 libpipewire-0.3-0t64 amd64 1.0.5-1ubuntu3.3 [252 kB]
2026-10-07T23:43:16.5568785Z Get:132 http://azure.archive.ubuntu.com/ubuntu noble-updates/main amd64 libsdl2-2.0-0 amd64 2.30.0+dfsg-1ubuntu3.1 [686 kB]
2026-10-07T23:43:16.6478989Z Get:133 http://azure.archive.ubuntu.com/ubuntu noble/universe amd64 timgm6mb-soundfont all 1.3-5 [5427 kB]
2026-10-07T23:43:16.8489624Z Get:134 http://azure.archive.ubuntu.com/ubuntu noble/universe amd64 libfluidsynth3 amd64 2.3.4-1build3 [249 kB]
2026-10-07T23:43:16.9212572Z Get:135 http://azure.archive.ubuntu.com/ubuntu noble/main amd64 libfreeaptx0 amd64 0.1.1-2build1 [13.5 kB]
2026-10-07T23:43:16.9920763Z Get:136 http://azure.archive.ubuntu.com/ubuntu noble/main amd64 libgraphene-1.0-0 amd64 1.10.8-3build2 [46.2 kB]
2026-10-07T23:43:17.0721755Z Get:137 http://azure.archive.ubuntu.com/ubuntu noble/main amd64 libgssdp-1.6-0 amd64 1.6.3-1build3 [40.4 kB]
2026-10-07T23:43:17.1433686Z Get:138 http://azure.archive.ubuntu.com/ubuntu noble/main amd64 libegl1 amd64 1.7.0-1build1 [28.7 kB]
2026-10-07T23:43:17.2148708Z Get:139 http://azure.archive.ubuntu.com/ubuntu noble-updates/main amd64 libgstreamer-gl1.0-0 amd64 1.24.2-1ubuntu0.5 [214 kB]
2026-10-07T23:43:17.2870654Z Get:140 http://azure.archive.ubuntu.com/ubuntu noble-updates/main amd64 libgtk-4-common all 4.14.5+ds-0ubuntu0.10 [1497 kB]
2026-10-07T23:43:17.3713816Z Get:141 http://azure.archive.ubuntu.com/ubuntu noble-updates/main amd64 libgtk-4-1 amd64 4.14.5+ds-0ubuntu0.10 [3295 kB]
2026-10-07T23:43:17.5139991Z Get:142 http://azure.archive.ubuntu.com/ubuntu noble/main amd64 libgupnp-1.6-0 amd64 1.6.6-1build3 [92.7 kB]
2026-10-07T23:43:17.5868072Z Get:143 http://azure.archive.ubuntu.com/ubuntu noble/universe amd64 libgupnp-igd-1.6-0 amd64 1.6.0-3build3 [16.5 kB]
2026-10-07T23:43:17.6600045Z Get:144 http://azure.archive.ubuntu.com/ubuntu noble/main amd64 libharfbuzz-icu0 amd64 8.3.0-2build2 [13.3 kB]
2026-10-07T23:43:17.7328080Z Get:145 http://azure.archive.ubuntu.com/ubuntu noble/main amd64 libhyphen0 amd64 2.8.8-7build3 [26.5 kB]
2026-10-07T23:43:17.8042310Z Get:146 http://azure.archive.ubuntu.com/ubuntu noble/universe amd64 libimath-3-1-29t64 amd64 3.1.9-3.1ubuntu2 [72.2 kB]
2026-10-07T23:43:17.8753498Z Get:147 http://azure.archive.ubuntu.com/ubuntu noble/main amd64 liblc3-1 amd64 1.0.4-3build1 [69.7 kB]
2026-10-07T23:43:17.9468367Z Get:148 http://azure.archive.ubuntu.com/ubuntu noble/main amd64 libldacbt-enc2 amd64 2.0.2.3+git20200429+ed310a0-4ubuntu2 [27.1 kB]
2026-10-07T23:43:18.0176439Z Get:149 http://azure.archive.ubuntu.com/ubuntu noble-updates/main amd64 libraptor2-0 amd64 2.0.16-3ubuntu0.1 [165 kB]
2026-10-07T23:43:18.0905784Z Get:150 http://azure.archive.ubuntu.com/ubuntu noble/universe amd64 liblrdf0 amd64 0.6.1-4build1 [18.5 kB]
2026-10-07T23:43:18.1617830Z Get:151 http://azure.archive.ubuntu.com/ubuntu noble/universe amd64 libltc11 amd64 1.3.2-1build1 [13.0 kB]
2026-10-07T23:43:18.2327610Z Get:152 http://azure.archive.ubuntu.com/ubuntu noble/main amd64 libmanette-0.2-0 amd64 0.2.7-1build2 [30.6 kB]
2026-10-07T23:43:18.3044838Z Get:153 http://azure.archive.ubuntu.com/ubuntu noble/universe amd64 libmfx1 amd64 22.5.4-1 [3124 kB]
2026-10-07T23:43:18.3989148Z Get:154 http://azure.archive.ubuntu.com/ubuntu noble/universe amd64 libmjpegutils-2.1-0t64 amd64 1:2.1.0+debian-8.1build1 [25.5 kB]
2026-10-07T23:43:18.4697486Z Get:155 http://azure.archive.ubuntu.com/ubuntu noble/universe amd64 libmodplug1 amd64 1:0.8.9.0-3build1 [166 kB]
2026-10-07T23:43:18.5418835Z Get:156 http://azure.archive.ubuntu.com/ubuntu noble/universe amd64 libmpcdec6 amd64 2:0.1~r495-2build1 [32.7 kB]
2026-10-07T23:43:18.6137710Z Get:157 http://azure.archive.ubuntu.com/ubuntu noble/universe amd64 libmpeg2encpp-2.1-0t64 amd64 1:2.1.0+debian-8.1build1 [75.6 kB]
2026-10-07T23:43:18.6872319Z Get:158 http://azure.archive.ubuntu.com/ubuntu noble/universe amd64 libmplex2-2.1-0t64 amd64 1:2.1.0+debian-8.1build1 [46.1 kB]
2026-10-07T23:43:18.7585678Z Get:159 http://azure.archive.ubuntu.com/ubuntu noble/universe amd64 libneon27t64 amd64 0.33.0-1.1build3 [102 kB]
2026-10-07T23:43:18.8298235Z Get:160 http://azure.archive.ubuntu.com/ubuntu noble/universe amd64 libnice10 amd64 0.1.21-2build3 [157 kB]
2026-10-07T23:43:18.9024862Z Get:161 http://azure.archive.ubuntu.com/ubuntu noble/universe amd64 libopenal-data all 1:1.23.1-4build1 [161 kB]
2026-10-07T23:43:18.9791066Z Get:162 http://azure.archive.ubuntu.com/ubuntu noble/universe amd64 libopenexr-3-1-30 amd64 3.1.5-5.1build3 [1004 kB]
2026-10-07T23:43:19.0750916Z Get:163 http://azure.archive.ubuntu.com/ubuntu noble/universe amd64 libopenh264-7 amd64 2.4.1+dfsg-1 [409 kB]
2026-10-07T23:43:19.1575697Z Get:164 http://azure.archive.ubuntu.com/ubuntu noble/universe amd64 libopenni2-0 amd64 2.2.0.33+dfsg-18 [370 kB]
2026-10-07T23:43:19.2385136Z Get:165 http://azure.archive.ubuntu.com/ubuntu noble/universe amd64 libqrencode4 amd64 4.1.1-1build2 [25.0 kB]
2026-10-07T23:43:19.5292186Z Get:166 http://azure.archive.ubuntu.com/ubuntu noble/main amd64 libsecret-common all 0.21.4-1build3 [4962 B]
2026-10-07T23:43:19.6024062Z Get:167 http://azure.archive.ubuntu.com/ubuntu noble/main amd64 libsecret-1-0 amd64 0.21.4-1build3 [116 kB]
2026-10-07T23:43:19.6780669Z Get:168 http://azure.archive.ubuntu.com/ubuntu noble/universe amd64 libsndio7.0 amd64 1.9.0-0.3build3 [29.6 kB]
2026-10-07T23:43:19.7518867Z Get:169 http://azure.archive.ubuntu.com/ubuntu noble/universe amd64 libsoundtouch1 amd64 2.3.2+ds1-1build1 [60.5 kB]
2026-10-07T23:43:19.8351234Z Get:170 http://azure.archive.ubuntu.com/ubuntu noble/universe amd64 libspandsp2t64 amd64 0.0.6+dfsg-2.1build1 [311 kB]
2026-10-07T23:43:19.9761534Z Get:171 http://azure.archive.ubuntu.com/ubuntu noble/universe amd64 libsrtp2-1 amd64 2.5.0-3build1 [41.9 kB]
2026-10-07T23:43:20.0496872Z Get:172 http://azure.archive.ubuntu.com/ubuntu noble/main amd64 libwayland-server0 amd64 1.22.0-2.1build1 [33.9 kB]
2026-10-07T23:43:20.1237942Z Get:173 http://azure.archive.ubuntu.com/ubuntu noble/universe amd64 libwildmidi2 amd64 0.4.3-1build3 [68.5 kB]
2026-10-07T23:43:20.2635846Z Get:174 http://azure.archive.ubuntu.com/ubuntu noble/main amd64 libwoff1 amd64 1.0.2-2build1 [45.3 kB]
2026-10-07T23:43:20.4748279Z Get:175 http://azure.archive.ubuntu.com/ubuntu noble/main amd64 libxcb-xkb1 amd64 1.15-1ubuntu2 [32.3 kB]
2026-10-07T23:43:20.5691185Z Get:176 http://azure.archive.ubuntu.com/ubuntu noble/main amd64 libxkbcommon-x11-0 amd64 1.6.0-1build1 [14.5 kB]
2026-10-07T23:43:20.6488732Z Get:177 http://azure.archive.ubuntu.com/ubuntu noble/universe amd64 libzbar0t64 amd64 0.23.93-4build3 [123 kB]
2026-10-07T23:43:20.8201428Z Get:178 http://azure.archive.ubuntu.com/ubuntu noble/universe amd64 libzxing3 amd64 2.2.1-3 [583 kB]
2026-10-07T23:43:21.0509587Z Get:179 http://azure.archive.ubuntu.com/ubuntu noble/main amd64 xfonts-encodings all 1:1.0.5-0ubuntu2 [578 kB]
2026-10-07T23:43:21.1649681Z Get:180 http://azure.archive.ubuntu.com/ubuntu noble/main amd64 xfonts-utils amd64 1:7.7+6build3 [94.4 kB]
2026-10-07T23:43:21.2408834Z Get:181 http://azure.archive.ubuntu.com/ubuntu noble/universe amd64 xfonts-cyrillic all 1:1.0.5+nmu1 [384 kB]
2026-10-07T23:43:21.3363608Z Get:182 http://azure.archive.ubuntu.com/ubuntu noble/main amd64 xfonts-scalable all 1:1.0.3-1.3 [304 kB]
2026-10-07T23:43:21.4265059Z Get:183 http://azure.archive.ubuntu.com/ubuntu noble/universe amd64 libgstreamer-plugins-bad1.0-0 amd64 1.24.2-1ubuntu4 [797 kB]
2026-10-07T23:43:21.5507370Z Get:184 http://azure.archive.ubuntu.com/ubuntu noble/universe amd64 libdca0 amd64 0.0.7-2build1 [93.8 kB]
2026-10-07T23:43:21.6253759Z Get:185 http://azure.archive.ubuntu.com/ubuntu noble/universe amd64 libopenal1 amd64 1:1.23.1-4build1 [540 kB]
2026-10-07T23:43:21.7255554Z Get:186 http://azure.archive.ubuntu.com/ubuntu noble/main amd64 libsbc1 amd64 2.0-1build1 [33.9 kB]
2026-10-07T23:43:21.7971951Z Get:187 http://azure.archive.ubuntu.com/ubuntu noble/universe amd64 libvo-aacenc0 amd64 0.1.3-2build1 [67.8 kB]
2026-10-07T23:43:21.8711795Z Get:188 http://azure.archive.ubuntu.com/ubuntu noble/universe amd64 libvo-amrwbenc0 amd64 0.1.3-2build1 [76.7 kB]
2026-10-07T23:43:21.9451597Z Get:189 http://azure.archive.ubuntu.com/ubuntu noble/universe amd64 gstreamer1.0-plugins-bad amd64 1.24.2-1ubuntu4 [3081 kB]
2026-10-07T23:43:22.4950630Z Fetched 126 MB in 28s (4535 kB/s)
2026-10-07T23:43:22.5206216Z Selecting previously unselected package fonts-ipafont-gothic.
2026-10-07T23:43:22.5511653Z (Reading database ... 
2026-10-07T23:43:22.5512325Z (Reading database ... 5%
2026-10-07T23:43:22.5512646Z (Reading database ... 10%
2026-10-07T23:43:22.5512916Z (Reading database ... 15%
2026-10-07T23:43:22.5513166Z (Reading database ... 20%
2026-10-07T23:43:22.5513415Z (Reading database ... 25%
2026-10-07T23:43:22.5513660Z (Reading database ... 30%
2026-10-07T23:43:22.5513915Z (Reading database ... 35%
2026-10-07T23:43:22.5514270Z (Reading database ... 40%
2026-10-07T23:43:22.5514695Z (Reading database ... 45%
2026-10-07T23:43:22.5515136Z (Reading database ... 50%
2026-10-07T23:43:22.5563018Z (Reading database ... 55%
2026-10-07T23:43:22.6917314Z (Reading database ... 60%
2026-10-07T23:43:22.9011897Z (Reading database ... 65%
2026-10-07T23:43:23.0879554Z (Reading database ... 70%
2026-10-07T23:43:23.2545195Z (Reading database ... 75%
2026-10-07T23:43:23.4484370Z (Reading database ... 80%
2026-10-07T23:43:23.5958682Z (Reading database ... 85%
2026-10-07T23:43:23.8065774Z (Reading database ... 90%
2026-10-07T23:43:23.9465759Z (Reading database ... 95%
2026-10-07T23:43:23.9466449Z (Reading database ... 100%
2026-10-07T23:43:23.9467711Z (Reading database ... 202296 files and directories currently installed.)
2026-10-07T23:43:23.9508454Z Preparing to unpack .../000-fonts-ipafont-gothic_00303-21ubuntu1_all.deb ...
2026-10-07T23:43:23.9595472Z Unpacking fonts-ipafont-gothic (00303-21ubuntu1) ...
2026-10-07T23:43:24.1838174Z Selecting previously unselected package fonts-freefont-ttf.
2026-10-07T23:43:24.1962495Z Preparing to unpack .../001-fonts-freefont-ttf_20211204+svn4273-2_all.deb ...
2026-10-07T23:43:24.1968854Z Unpacking fonts-freefont-ttf (20211204+svn4273-2) ...
2026-10-07T23:43:24.2715096Z Selecting previously unselected package fonts-tlwg-loma-otf.
2026-10-07T23:43:24.2838655Z Preparing to unpack .../002-fonts-tlwg-loma-otf_1%3a0.7.3-1_all.deb ...
2026-10-07T23:43:24.2846619Z Unpacking fonts-tlwg-loma-otf (1:0.7.3-1) ...
2026-10-07T23:43:24.3340500Z Selecting previously unselected package fonts-unifont.
2026-10-07T23:43:24.3467631Z Preparing to unpack .../003-fonts-unifont_1%3a15.1.01-1build1_all.deb ...
2026-10-07T23:43:24.3474551Z Unpacking fonts-unifont (1:15.1.01-1build1) ...
2026-10-07T23:43:24.4505714Z Selecting previously unselected package fonts-wqy-zenhei.
2026-10-07T23:43:24.4631232Z Preparing to unpack .../004-fonts-wqy-zenhei_0.9.45-8_all.deb ...
2026-10-07T23:43:24.4730141Z Unpacking fonts-wqy-zenhei (0.9.45-8) ...
2026-10-07T23:43:24.9348804Z Selecting previously unselected package libproxy1v5:amd64.
2026-10-07T23:43:24.9474336Z Preparing to unpack .../005-libproxy1v5_0.5.4-4build1_amd64.deb ...
2026-10-07T23:43:24.9491836Z Unpacking libproxy1v5:amd64 (0.5.4-4build1) ...
2026-10-07T23:43:24.9698755Z Selecting previously unselected package glib-networking-common.
2026-10-07T23:43:24.9826866Z Preparing to unpack .../006-glib-networking-common_2.80.0-1build1_all.deb ...
2026-10-07T23:43:24.9833188Z Unpacking glib-networking-common (2.80.0-1build1) ...
2026-10-07T23:43:25.0033326Z Selecting previously unselected package glib-networking-services.
2026-10-07T23:43:25.0159617Z Preparing to unpack .../007-glib-networking-services_2.80.0-1build1_amd64.deb ...
2026-10-07T23:43:25.0165103Z Unpacking glib-networking-services (2.80.0-1build1) ...
2026-10-07T23:43:25.0355534Z Selecting previously unselected package session-migration.
2026-10-07T23:43:25.0480629Z Preparing to unpack .../008-session-migration_0.3.9build1_amd64.deb ...
2026-10-07T23:43:25.0487077Z Unpacking session-migration (0.3.9build1) ...
2026-10-07T23:43:25.0727463Z Selecting previously unselected package gsettings-desktop-schemas.
2026-10-07T23:43:25.0854027Z Preparing to unpack .../009-gsettings-desktop-schemas_46.1-0ubuntu1_all.deb ...
2026-10-07T23:43:25.0862293Z Unpacking gsettings-desktop-schemas (46.1-0ubuntu1) ...
2026-10-07T23:43:25.1283605Z Selecting previously unselected package glib-networking:amd64.
2026-10-07T23:43:25.1409217Z Preparing to unpack .../010-glib-networking_2.80.0-1build1_amd64.deb ...
2026-10-07T23:43:25.1415804Z Unpacking glib-networking:amd64 (2.80.0-1build1) ...
2026-10-07T23:43:25.1623618Z Selecting previously unselected package libva2:amd64.
2026-10-07T23:43:25.1749109Z Preparing to unpack .../011-libva2_2.20.0-2ubuntu0.2_amd64.deb ...
2026-10-07T23:43:25.1756590Z Unpacking libva2:amd64 (2.20.0-2ubuntu0.2) ...
2026-10-07T23:43:25.1955702Z Selecting previously unselected package libva-drm2:amd64.
2026-10-07T23:43:25.2080436Z Preparing to unpack .../012-libva-drm2_2.20.0-2ubuntu0.2_amd64.deb ...
2026-10-07T23:43:25.2087800Z Unpacking libva-drm2:amd64 (2.20.0-2ubuntu0.2) ...
2026-10-07T23:43:25.2290934Z Selecting previously unselected package libva-x11-2:amd64.
2026-10-07T23:43:25.2416167Z Preparing to unpack .../013-libva-x11-2_2.20.0-2ubuntu0.2_amd64.deb ...
2026-10-07T23:43:25.2423388Z Unpacking libva-x11-2:amd64 (2.20.0-2ubuntu0.2) ...
2026-10-07T23:43:25.2616219Z Selecting previously unselected package libvdpau1:amd64.
2026-10-07T23:43:25.2740401Z Preparing to unpack .../014-libvdpau1_1.5-2build1_amd64.deb ...
2026-10-07T23:43:25.2747953Z Unpacking libvdpau1:amd64 (1.5-2build1) ...
2026-10-07T23:43:25.2947773Z Selecting previously unselected package libvpl2.
2026-10-07T23:43:25.3074480Z Preparing to unpack .../015-libvpl2_2023.3.0-1build1_amd64.deb ...
2026-10-07T23:43:25.3081635Z Unpacking libvpl2 (2023.3.0-1build1) ...
2026-10-07T23:43:25.3292513Z Selecting previously unselected package ocl-icd-libopencl1:amd64.
2026-10-07T23:43:25.3416838Z Preparing to unpack .../016-ocl-icd-libopencl1_2.3.2-1build1_amd64.deb ...
2026-10-07T23:43:25.3423728Z Unpacking ocl-icd-libopencl1:amd64 (2.3.2-1build1) ...
2026-10-07T23:43:25.3687432Z Selecting previously unselected package libavutil58:amd64.
2026-10-07T23:43:25.3812200Z Preparing to unpack .../017-libavutil58_7%3a6.1.1-3ubuntu5_amd64.deb ...
2026-10-07T23:43:25.3819206Z Unpacking libavutil58:amd64 (7:6.1.1-3ubuntu5) ...
2026-10-07T23:43:25.4060126Z Selecting previously unselected package libcodec2-1.2:amd64.
2026-10-07T23:43:25.4185960Z Preparing to unpack .../018-libcodec2-1.2_1.2.0-2build1_amd64.deb ...
2026-10-07T23:43:25.4192761Z Unpacking libcodec2-1.2:amd64 (1.2.0-2build1) ...
2026-10-07T23:43:25.4898879Z Selecting previously unselected package libdav1d7:amd64.
2026-10-07T23:43:25.5024194Z Preparing to unpack .../019-libdav1d7_1.4.1-1build1_amd64.deb ...
2026-10-07T23:43:25.5031295Z Unpacking libdav1d7:amd64 (1.4.1-1build1) ...
2026-10-07T23:43:25.5300088Z Selecting previously unselected package libgsm1:amd64.
2026-10-07T23:43:25.5424909Z Preparing to unpack .../020-libgsm1_1.0.22-1build1_amd64.deb ...
2026-10-07T23:43:25.5431822Z Unpacking libgsm1:amd64 (1.0.22-1build1) ...
2026-10-07T23:43:25.5630212Z Selecting previously unselected package libhwy1t64:amd64.
2026-10-07T23:43:25.5757626Z Preparing to unpack .../021-libhwy1t64_1.0.7-8.1build1_amd64.deb ...
2026-10-07T23:43:25.5766290Z Unpacking libhwy1t64:amd64 (1.0.7-8.1build1) ...
2026-10-07T23:43:25.6073101Z Selecting previously unselected package libjxl0.7:amd64.
2026-10-07T23:43:25.6199561Z Preparing to unpack .../022-libjxl0.7_0.7.0-10.2ubuntu6.1_amd64.deb ...
2026-10-07T23:43:25.6205768Z Unpacking libjxl0.7:amd64 (0.7.0-10.2ubuntu6.1) ...
2026-10-07T23:43:25.6531679Z Selecting previously unselected package libmp3lame0:amd64.
2026-10-07T23:43:25.6658295Z Preparing to unpack .../023-libmp3lame0_3.100-6build1_amd64.deb ...
2026-10-07T23:43:25.6666925Z Unpacking libmp3lame0:amd64 (3.100-6build1) ...
2026-10-07T23:43:25.6879903Z Selecting previously unselected package libopus0:amd64.
2026-10-07T23:43:25.7009580Z Preparing to unpack .../024-libopus0_1.4-1build1_amd64.deb ...
2026-10-07T23:43:25.7016584Z Unpacking libopus0:amd64 (1.4-1build1) ...
2026-10-07T23:43:25.7232711Z Selecting previously unselected package librav1e0:amd64.
2026-10-07T23:43:25.7357572Z Preparing to unpack .../025-librav1e0_0.7.1-2_amd64.deb ...
2026-10-07T23:43:25.7365258Z Unpacking librav1e0:amd64 (0.7.1-2) ...
2026-10-07T23:43:25.7687443Z Selecting previously unselected package librsvg2-2:amd64.
2026-10-07T23:43:25.7812166Z Preparing to unpack .../026-librsvg2-2_2.58.0+dfsg-1ubuntu0.1_amd64.deb ...
2026-10-07T23:43:25.7819401Z Unpacking librsvg2-2:amd64 (2.58.0+dfsg-1ubuntu0.1) ...
2026-10-07T23:43:25.8260112Z Selecting previously unselected package libshine3:amd64.
2026-10-07T23:43:25.8385266Z Preparing to unpack .../027-libshine3_3.1.1-2build1_amd64.deb ...
2026-10-07T23:43:25.8392414Z Unpacking libshine3:amd64 (3.1.1-2build1) ...
2026-10-07T23:43:25.8578206Z Selecting previously unselected package libspeex1:amd64.
2026-10-07T23:43:25.8703414Z Preparing to unpack .../028-libspeex1_1.2.1-2ubuntu2.24.04.1_amd64.deb ...
2026-10-07T23:43:25.8711415Z Unpacking libspeex1:amd64 (1.2.1-2ubuntu2.24.04.1) ...
2026-10-07T23:43:25.8930676Z Selecting previously unselected package libsvtav1enc1d1:amd64.
2026-10-07T23:43:25.9055935Z Preparing to unpack .../029-libsvtav1enc1d1_1.7.0+dfsg-2build1_amd64.deb ...
2026-10-07T23:43:25.9062728Z Unpacking libsvtav1enc1d1:amd64 (1.7.0+dfsg-2build1) ...
2026-10-07T23:43:25.9521270Z Selecting previously unselected package libsoxr0:amd64.
2026-10-07T23:43:25.9646174Z Preparing to unpack .../030-libsoxr0_0.1.3-4build3_amd64.deb ...
2026-10-07T23:43:25.9653984Z Unpacking libsoxr0:amd64 (0.1.3-4build3) ...
2026-10-07T23:43:25.9857561Z Selecting previously unselected package libswresample4:amd64.
2026-10-07T23:43:25.9983581Z Preparing to unpack .../031-libswresample4_7%3a6.1.1-3ubuntu5_amd64.deb ...
2026-10-07T23:43:25.9991988Z Unpacking libswresample4:amd64 (7:6.1.1-3ubuntu5) ...
2026-10-07T23:43:26.0196163Z Selecting previously unselected package libtheora0:amd64.
2026-10-07T23:43:26.0322802Z Preparing to unpack .../032-libtheora0_1.1.1+dfsg.1-16.1build3_amd64.deb ...
2026-10-07T23:43:26.0330025Z Unpacking libtheora0:amd64 (1.1.1+dfsg.1-16.1build3) ...
2026-10-07T23:43:26.0554901Z Selecting previously unselected package libtwolame0:amd64.
2026-10-07T23:43:26.0680287Z Preparing to unpack .../033-libtwolame0_0.4.0-2build3_amd64.deb ...
2026-10-07T23:43:26.0689775Z Unpacking libtwolame0:amd64 (0.4.0-2build3) ...
2026-10-07T23:43:26.0888617Z Selecting previously unselected package libvorbisenc2:amd64.
2026-10-07T23:43:26.1014794Z Preparing to unpack .../034-libvorbisenc2_1.3.7-1build3_amd64.deb ...
2026-10-07T23:43:26.1023671Z Unpacking libvorbisenc2:amd64 (1.3.7-1build3) ...
2026-10-07T23:43:26.1242214Z Selecting previously unselected package libvpx9:amd64.
2026-10-07T23:43:26.1367351Z Preparing to unpack .../035-libvpx9_1.14.0-1ubuntu2.3_amd64.deb ...
2026-10-07T23:43:26.1374428Z Unpacking libvpx9:amd64 (1.14.0-1ubuntu2.3) ...
2026-10-07T23:43:26.1692739Z Selecting previously unselected package libx264-164:amd64.
2026-10-07T23:43:26.1818645Z Preparing to unpack .../036-libx264-164_2%3a0.164.3108+git31e19f9-1_amd64.deb ...
2026-10-07T23:43:26.1825894Z Unpacking libx264-164:amd64 (2:0.164.3108+git31e19f9-1) ...
2026-10-07T23:43:26.2112409Z Selecting previously unselected package libx265-199:amd64.
2026-10-07T23:43:26.2237694Z Preparing to unpack .../037-libx265-199_3.5-2build1_amd64.deb ...
2026-10-07T23:43:26.2246953Z Unpacking libx265-199:amd64 (3.5-2build1) ...
2026-10-07T23:43:26.2871273Z Selecting previously unselected package libxvidcore4:amd64.
2026-10-07T23:43:26.2995376Z Preparing to unpack .../038-libxvidcore4_2%3a1.3.7-1build1_amd64.deb ...
2026-10-07T23:43:26.3002844Z Unpacking libxvidcore4:amd64 (2:1.3.7-1build1) ...
2026-10-07T23:43:26.3222692Z Selecting previously unselected package libzvbi-common.
2026-10-07T23:43:26.3348899Z Preparing to unpack .../039-libzvbi-common_0.2.42-2_all.deb ...
2026-10-07T23:43:26.3357569Z Unpacking libzvbi-common (0.2.42-2) ...
2026-10-07T23:43:26.3802936Z Selecting previously unselected package libzvbi0t64:amd64.
2026-10-07T23:43:26.3928003Z Preparing to unpack .../040-libzvbi0t64_0.2.42-2_amd64.deb ...
2026-10-07T23:43:26.3935381Z Unpacking libzvbi0t64:amd64 (0.2.42-2) ...
2026-10-07T23:43:26.4166814Z Selecting previously unselected package libavcodec60:amd64.
2026-10-07T23:43:26.4293371Z Preparing to unpack .../041-libavcodec60_7%3a6.1.1-3ubuntu5_amd64.deb ...
2026-10-07T23:43:26.4301087Z Unpacking libavcodec60:amd64 (7:6.1.1-3ubuntu5) ...
2026-10-07T23:43:26.5244174Z Preparing to unpack .../042-libfreetype6_2.13.2+dfsg-1ubuntu0.2_amd64.deb ...
2026-10-07T23:43:26.5268371Z Unpacking libfreetype6:amd64 (2.13.2+dfsg-1ubuntu0.2) over (2.13.2+dfsg-1ubuntu0.1) ...
2026-10-07T23:43:26.5522117Z Selecting previously unselected package libunibreak5:amd64.
2026-10-07T23:43:26.5647932Z Preparing to unpack .../043-libunibreak5_5.1-2build1_amd64.deb ...
2026-10-07T23:43:26.5655131Z Unpacking libunibreak5:amd64 (5.1-2build1) ...
2026-10-07T23:43:26.5859874Z Selecting previously unselected package libass9:amd64.
2026-10-07T23:43:26.5986613Z Preparing to unpack .../044-libass9_1%3a0.17.1-2build1_amd64.deb ...
2026-10-07T23:43:26.5993465Z Unpacking libass9:amd64 (1:0.17.1-2build1) ...
2026-10-07T23:43:26.6197757Z Selecting previously unselected package libudfread0:amd64.
2026-10-07T23:43:26.6321800Z Preparing to unpack .../045-libudfread0_1.1.2-1build1_amd64.deb ...
2026-10-07T23:43:26.6328768Z Unpacking libudfread0:amd64 (1.1.2-1build1) ...
2026-10-07T23:43:26.6538133Z Selecting previously unselected package libbluray2:amd64.
2026-10-07T23:43:26.6662786Z Preparing to unpack .../046-libbluray2_1%3a1.3.4-1build1_amd64.deb ...
2026-10-07T23:43:26.6669973Z Unpacking libbluray2:amd64 (1:1.3.4-1build1) ...
2026-10-07T23:43:26.6880845Z Selecting previously unselected package libchromaprint1:amd64.
2026-10-07T23:43:26.7006849Z Preparing to unpack .../047-libchromaprint1_1.5.1-5_amd64.deb ...
2026-10-07T23:43:26.7014530Z Unpacking libchromaprint1:amd64 (1.5.1-5) ...
2026-10-07T23:43:26.7209457Z Selecting previously unselected package libgme0:amd64.
2026-10-07T23:43:26.7333624Z Preparing to unpack .../048-libgme0_0.6.3-7build1_amd64.deb ...
2026-10-07T23:43:26.7341299Z Unpacking libgme0:amd64 (0.6.3-7build1) ...
2026-10-07T23:43:26.7545927Z Selecting previously unselected package libmpg123-0t64:amd64.
2026-10-07T23:43:26.7672032Z Preparing to unpack .../049-libmpg123-0t64_1.32.5-1ubuntu1.1_amd64.deb ...
2026-10-07T23:43:26.7680684Z Unpacking libmpg123-0t64:amd64 (1.32.5-1ubuntu1.1) ...
2026-10-07T23:43:26.7893769Z Selecting previously unselected package libopenmpt0t64:amd64.
2026-10-07T23:43:26.8019188Z Preparing to unpack .../050-libopenmpt0t64_0.7.3-1.1build3_amd64.deb ...
2026-10-07T23:43:26.8027523Z Unpacking libopenmpt0t64:amd64 (0.7.3-1.1build3) ...
2026-10-07T23:43:26.8287818Z Selecting previously unselected package libcjson1:amd64.
2026-10-07T23:43:26.8412942Z Preparing to unpack .../051-libcjson1_1.7.17-1_amd64.deb ...
2026-10-07T23:43:26.8420471Z Unpacking libcjson1:amd64 (1.7.17-1) ...
2026-10-07T23:43:26.8619110Z Selecting previously unselected package libmbedcrypto7t64:amd64.
2026-10-07T23:43:26.8745596Z Preparing to unpack .../052-libmbedcrypto7t64_2.28.8-1_amd64.deb ...
2026-10-07T23:43:26.8757553Z Unpacking libmbedcrypto7t64:amd64 (2.28.8-1) ...
2026-10-07T23:43:26.8973239Z Selecting previously unselected package librist4:amd64.
2026-10-07T23:43:26.9098070Z Preparing to unpack .../053-librist4_0.2.10+dfsg-2_amd64.deb ...
2026-10-07T23:43:26.9105314Z Unpacking librist4:amd64 (0.2.10+dfsg-2) ...
2026-10-07T23:43:26.9299864Z Selecting previously unselected package libsrt1.5-gnutls:amd64.
2026-10-07T23:43:26.9424682Z Preparing to unpack .../054-libsrt1.5-gnutls_1.5.3-1build2_amd64.deb ...
2026-10-07T23:43:26.9432687Z Unpacking libsrt1.5-gnutls:amd64 (1.5.3-1build2) ...
2026-10-07T23:43:26.9662728Z Selecting previously unselected package libssh-gcrypt-4:amd64.
2026-10-07T23:43:26.9788151Z Preparing to unpack .../055-libssh-gcrypt-4_0.10.6-2ubuntu0.5_amd64.deb ...
2026-10-07T23:43:26.9794779Z Unpacking libssh-gcrypt-4:amd64 (0.10.6-2ubuntu0.5) ...
2026-10-07T23:43:27.0030587Z Selecting previously unselected package libavformat60:amd64.
2026-10-07T23:43:27.0155846Z Preparing to unpack .../056-libavformat60_7%3a6.1.1-3ubuntu5_amd64.deb ...
2026-10-07T23:43:27.0163781Z Unpacking libavformat60:amd64 (7:6.1.1-3ubuntu5) ...
2026-10-07T23:43:27.0463053Z Selecting previously unselected package libbs2b0:amd64.
2026-10-07T23:43:27.0588357Z Preparing to unpack .../057-libbs2b0_3.1.0+dfsg-7build1_amd64.deb ...
2026-10-07T23:43:27.0595626Z Unpacking libbs2b0:amd64 (3.1.0+dfsg-7build1) ...
2026-10-07T23:43:27.0823417Z Selecting previously unselected package libflite1:amd64.
2026-10-07T23:43:27.0951042Z Preparing to unpack .../058-libflite1_2.2-6build3_amd64.deb ...
2026-10-07T23:43:27.0973544Z Unpacking libflite1:amd64 (2.2-6build3) ...
2026-10-07T23:43:27.2037448Z Selecting previously unselected package libserd-0-0:amd64.
2026-10-07T23:43:27.2163722Z Preparing to unpack .../059-libserd-0-0_0.32.2-1_amd64.deb ...
2026-10-07T23:43:27.2171933Z Unpacking libserd-0-0:amd64 (0.32.2-1) ...
2026-10-07T23:43:27.2372916Z Selecting previously unselected package libzix-0-0:amd64.
2026-10-07T23:43:27.2497704Z Preparing to unpack .../060-libzix-0-0_0.4.2-2build1_amd64.deb ...
2026-10-07T23:43:27.2506039Z Unpacking libzix-0-0:amd64 (0.4.2-2build1) ...
2026-10-07T23:43:27.2708199Z Selecting previously unselected package libsord-0-0:amd64.
2026-10-07T23:43:27.2831741Z Preparing to unpack .../061-libsord-0-0_0.16.16-2build1_amd64.deb ...
2026-10-07T23:43:27.2839512Z Unpacking libsord-0-0:amd64 (0.16.16-2build1) ...
2026-10-07T23:43:27.3031659Z Selecting previously unselected package libsratom-0-0:amd64.
2026-10-07T23:43:27.3156262Z Preparing to unpack .../062-libsratom-0-0_0.6.16-1build1_amd64.deb ...
2026-10-07T23:43:27.3163174Z Unpacking libsratom-0-0:amd64 (0.6.16-1build1) ...
2026-10-07T23:43:27.3361319Z Selecting previously unselected package liblilv-0-0:amd64.
2026-10-07T23:43:27.3485751Z Preparing to unpack .../063-liblilv-0-0_0.24.22-1build1_amd64.deb ...
2026-10-07T23:43:27.3492967Z Unpacking liblilv-0-0:amd64 (0.24.22-1build1) ...
2026-10-07T23:43:27.3692108Z Selecting previously unselected package libmysofa1:amd64.
2026-10-07T23:43:27.3815138Z Preparing to unpack .../064-libmysofa1_1.3.2+dfsg-2ubuntu2_amd64.deb ...
2026-10-07T23:43:27.3823177Z Unpacking libmysofa1:amd64 (1.3.2+dfsg-2ubuntu2) ...
2026-10-07T23:43:27.4055175Z Selecting previously unselected package libplacebo338:amd64.
2026-10-07T23:43:27.4178605Z Preparing to unpack .../065-libplacebo338_6.338.2-2build1_amd64.deb ...
2026-10-07T23:43:27.4185846Z Unpacking libplacebo338:amd64 (6.338.2-2build1) ...
2026-10-07T23:43:27.4703500Z Selecting previously unselected package libblas3:amd64.
2026-10-07T23:43:27.4829177Z Preparing to unpack .../066-libblas3_3.12.0-3build1.1_amd64.deb ...
2026-10-07T23:43:27.4856702Z Unpacking libblas3:amd64 (3.12.0-3build1.1) ...
2026-10-07T23:43:27.5086025Z Selecting previously unselected package liblapack3:amd64.
2026-10-07T23:43:27.5210990Z Preparing to unpack .../067-liblapack3_3.12.0-3build1.1_amd64.deb ...
2026-10-07T23:43:27.5238689Z Unpacking liblapack3:amd64 (3.12.0-3build1.1) ...
2026-10-07T23:43:27.5707018Z Selecting previously unselected package libasyncns0:amd64.
2026-10-07T23:43:27.5834836Z Preparing to unpack .../068-libasyncns0_0.8-6build4_amd64.deb ...
2026-10-07T23:43:27.5843708Z Unpacking libasyncns0:amd64 (0.8-6build4) ...
2026-10-07T23:43:27.6046043Z Selecting previously unselected package libflac12t64:amd64.
2026-10-07T23:43:27.6170925Z Preparing to unpack .../069-libflac12t64_1.4.3+ds-2.1ubuntu2_amd64.deb ...
2026-10-07T23:43:27.6178051Z Unpacking libflac12t64:amd64 (1.4.3+ds-2.1ubuntu2) ...
2026-10-07T23:43:27.6395195Z Selecting previously unselected package libsndfile1:amd64.
2026-10-07T23:43:27.6521860Z Preparing to unpack .../070-libsndfile1_1.2.2-1ubuntu5.24.04.1_amd64.deb ...
2026-10-07T23:43:27.6530854Z Unpacking libsndfile1:amd64 (1.2.2-1ubuntu5.24.04.1) ...
2026-10-07T23:43:27.6762336Z Selecting previously unselected package libpulse0:amd64.
2026-10-07T23:43:27.6886687Z Preparing to unpack .../071-libpulse0_1%3a16.1+dfsg1-2ubuntu10.1_amd64.deb ...
2026-10-07T23:43:27.6946984Z Unpacking libpulse0:amd64 (1:16.1+dfsg1-2ubuntu10.1) ...
2026-10-07T23:43:27.7185670Z Selecting previously unselected package libsphinxbase3t64:amd64.
2026-10-07T23:43:27.7311343Z Preparing to unpack .../072-libsphinxbase3t64_0.8+5prealpha+1-17build2_amd64.deb ...
2026-10-07T23:43:27.7318965Z Unpacking libsphinxbase3t64:amd64 (0.8+5prealpha+1-17build2) ...
2026-10-07T23:43:27.7561911Z Selecting previously unselected package libpocketsphinx3:amd64.
2026-10-07T23:43:27.7687601Z Preparing to unpack .../073-libpocketsphinx3_0.8.0+real5prealpha+1-15ubuntu5_amd64.deb ...
2026-10-07T23:43:27.7696213Z Unpacking libpocketsphinx3:amd64 (0.8.0+real5prealpha+1-15ubuntu5) ...
2026-10-07T23:43:27.7909696Z Selecting previously unselected package libpostproc57:amd64.
2026-10-07T23:43:27.8034739Z Preparing to unpack .../074-libpostproc57_7%3a6.1.1-3ubuntu5_amd64.deb ...
2026-10-07T23:43:27.8042794Z Unpacking libpostproc57:amd64 (7:6.1.1-3ubuntu5) ...
2026-10-07T23:43:27.8250536Z Selecting previously unselected package libsamplerate0:amd64.
2026-10-07T23:43:27.8375879Z Preparing to unpack .../075-libsamplerate0_0.2.2-4build1_amd64.deb ...
2026-10-07T23:43:27.8386741Z Unpacking libsamplerate0:amd64 (0.2.2-4build1) ...
2026-10-07T23:43:27.8633662Z Selecting previously unselected package librubberband2:amd64.
2026-10-07T23:43:27.8759029Z Preparing to unpack .../076-librubberband2_3.3.0+dfsg-2build1_amd64.deb ...
2026-10-07T23:43:27.8766733Z Unpacking librubberband2:amd64 (3.3.0+dfsg-2build1) ...
2026-10-07T23:43:27.8976036Z Selecting previously unselected package libswscale7:amd64.
2026-10-07T23:43:27.9100563Z Preparing to unpack .../077-libswscale7_7%3a6.1.1-3ubuntu5_amd64.deb ...
2026-10-07T23:43:27.9107614Z Unpacking libswscale7:amd64 (7:6.1.1-3ubuntu5) ...
2026-10-07T23:43:27.9325477Z Selecting previously unselected package libvidstab1.1:amd64.
2026-10-07T23:43:27.9451177Z Preparing to unpack .../078-libvidstab1.1_1.1.0-2build1_amd64.deb ...
2026-10-07T23:43:27.9458285Z Unpacking libvidstab1.1:amd64 (1.1.0-2build1) ...
2026-10-07T23:43:27.9656129Z Selecting previously unselected package libzimg2:amd64.
2026-10-07T23:43:27.9782668Z Preparing to unpack .../079-libzimg2_3.0.5+ds1-1build1_amd64.deb ...
2026-10-07T23:43:27.9790507Z Unpacking libzimg2:amd64 (3.0.5+ds1-1build1) ...
2026-10-07T23:43:28.0038149Z Selecting previously unselected package libavfilter9:amd64.
2026-10-07T23:43:28.0164298Z Preparing to unpack .../080-libavfilter9_7%3a6.1.1-3ubuntu5_amd64.deb ...
2026-10-07T23:43:28.0171253Z Unpacking libavfilter9:amd64 (7:6.1.1-3ubuntu5) ...
2026-10-07T23:43:28.1076944Z Selecting previously unselected package liborc-0.4-0t64:amd64.
2026-10-07T23:43:28.1203125Z Preparing to unpack .../081-liborc-0.4-0t64_1%3a0.4.38-1ubuntu0.1_amd64.deb ...
2026-10-07T23:43:28.1209788Z Unpacking liborc-0.4-0t64:amd64 (1:0.4.38-1ubuntu0.1) ...
2026-10-07T23:43:28.1465069Z Selecting previously unselected package libgstreamer-plugins-base1.0-0:amd64.
2026-10-07T23:43:28.1591150Z Preparing to unpack .../082-libgstreamer-plugins-base1.0-0_1.24.2-1ubuntu0.5_amd64.deb ...
2026-10-07T23:43:28.1597906Z Unpacking libgstreamer-plugins-base1.0-0:amd64 (1.24.2-1ubuntu0.5) ...
2026-10-07T23:43:28.1902756Z Selecting previously unselected package gstreamer1.0-libav:amd64.
2026-10-07T23:43:28.2030013Z Preparing to unpack .../083-gstreamer1.0-libav_1.24.1-1build1_amd64.deb ...
2026-10-07T23:43:28.2037491Z Unpacking gstreamer1.0-libav:amd64 (1.24.1-1build1) ...
2026-10-07T23:43:28.2242293Z Selecting previously unselected package libcdparanoia0:amd64.
2026-10-07T23:43:28.2369433Z Preparing to unpack .../084-libcdparanoia0_3.10.2+debian-14build3_amd64.deb ...
2026-10-07T23:43:28.2376522Z Unpacking libcdparanoia0:amd64 (3.10.2+debian-14build3) ...
2026-10-07T23:43:28.2585934Z Selecting previously unselected package libvisual-0.4-0:amd64.
2026-10-07T23:43:28.2712005Z Preparing to unpack .../085-libvisual-0.4-0_0.4.2-2build1_amd64.deb ...
2026-10-07T23:43:28.2718521Z Unpacking libvisual-0.4-0:amd64 (0.4.2-2build1) ...
2026-10-07T23:43:28.2938827Z Selecting previously unselected package gstreamer1.0-plugins-base:amd64.
2026-10-07T23:43:28.3063764Z Preparing to unpack .../086-gstreamer1.0-plugins-base_1.24.2-1ubuntu0.5_amd64.deb ...
2026-10-07T23:43:28.3071188Z Unpacking gstreamer1.0-plugins-base:amd64 (1.24.2-1ubuntu0.5) ...
2026-10-07T23:43:28.3397994Z Selecting previously unselected package libaa1:amd64.
2026-10-07T23:43:28.3522689Z Preparing to unpack .../087-libaa1_1.4p5-51.1_amd64.deb ...
2026-10-07T23:43:28.3529278Z Unpacking libaa1:amd64 (1.4p5-51.1) ...
2026-10-07T23:43:28.3730529Z Selecting previously unselected package libraw1394-11:amd64.
2026-10-07T23:43:28.3855439Z Preparing to unpack .../088-libraw1394-11_2.1.2-2build3_amd64.deb ...
2026-10-07T23:43:28.3868174Z Unpacking libraw1394-11:amd64 (2.1.2-2build3) ...
2026-10-07T23:43:28.4067486Z Selecting previously unselected package libavc1394-0:amd64.
2026-10-07T23:43:28.4191951Z Preparing to unpack .../089-libavc1394-0_0.5.4-5build3_amd64.deb ...
2026-10-07T23:43:28.4198827Z Unpacking libavc1394-0:amd64 (0.5.4-5build3) ...
2026-10-07T23:43:28.4393441Z Selecting previously unselected package libcaca0:amd64.
2026-10-07T23:43:28.4518008Z Preparing to unpack .../090-libcaca0_0.99.beta20-4ubuntu0.2_amd64.deb ...
2026-10-07T23:43:28.4526191Z Unpacking libcaca0:amd64 (0.99.beta20-4ubuntu0.2) ...
2026-10-07T23:43:28.4758905Z Selecting previously unselected package libdv4t64:amd64.
2026-10-07T23:43:28.4882795Z Preparing to unpack .../091-libdv4t64_1.0.0-17.1build1_amd64.deb ...
2026-10-07T23:43:28.4889947Z Unpacking libdv4t64:amd64 (1.0.0-17.1build1) ...
2026-10-07T23:43:28.5098802Z Selecting previously unselected package libgstreamer-plugins-good1.0-0:amd64.
2026-10-07T23:43:28.5223218Z Preparing to unpack .../092-libgstreamer-plugins-good1.0-0_1.24.2-1ubuntu1.8_amd64.deb ...
2026-10-07T23:43:28.5230032Z Unpacking libgstreamer-plugins-good1.0-0:amd64 (1.24.2-1ubuntu1.8) ...
2026-10-07T23:43:28.5455255Z Selecting previously unselected package libiec61883-0:amd64.
2026-10-07T23:43:28.5578779Z Preparing to unpack .../093-libiec61883-0_1.2.0-6build1_amd64.deb ...
2026-10-07T23:43:28.5585617Z Unpacking libiec61883-0:amd64 (1.2.0-6build1) ...
2026-10-07T23:43:28.5798347Z Selecting previously unselected package libshout3:amd64.
2026-10-07T23:43:28.5923507Z Preparing to unpack .../094-libshout3_2.4.6-1build2_amd64.deb ...
2026-10-07T23:43:28.5931015Z Unpacking libshout3:amd64 (2.4.6-1build2) ...
2026-10-07T23:43:28.6140505Z Selecting previously unselected package libtag1v5-vanilla:amd64.
2026-10-07T23:43:28.6264814Z Preparing to unpack .../095-libtag1v5-vanilla_1.13.1-1build1_amd64.deb ...
2026-10-07T23:43:28.6271295Z Unpacking libtag1v5-vanilla:amd64 (1.13.1-1build1) ...
2026-10-07T23:43:28.6492976Z Selecting previously unselected package libtag1v5:amd64.
2026-10-07T23:43:28.6616891Z Preparing to unpack .../096-libtag1v5_1.13.1-1build1_amd64.deb ...
2026-10-07T23:43:28.6623073Z Unpacking libtag1v5:amd64 (1.13.1-1build1) ...
2026-10-07T23:43:28.6811366Z Selecting previously unselected package libv4lconvert0t64:amd64.
2026-10-07T23:43:28.6935173Z Preparing to unpack .../097-libv4lconvert0t64_1.26.1-4build3_amd64.deb ...
2026-10-07T23:43:28.6941945Z Unpacking libv4lconvert0t64:amd64 (1.26.1-4build3) ...
2026-10-07T23:43:28.7149771Z Selecting previously unselected package libv4l-0t64:amd64.
2026-10-07T23:43:28.7274816Z Preparing to unpack .../098-libv4l-0t64_1.26.1-4build3_amd64.deb ...
2026-10-07T23:43:28.7281464Z Unpacking libv4l-0t64:amd64 (1.26.1-4build3) ...
2026-10-07T23:43:28.7497610Z Selecting previously unselected package libwavpack1:amd64.
2026-10-07T23:43:28.7622833Z Preparing to unpack .../099-libwavpack1_5.6.0-1build1_amd64.deb ...
2026-10-07T23:43:28.7631040Z Unpacking libwavpack1:amd64 (5.6.0-1build1) ...
2026-10-07T23:43:28.7819815Z Selecting previously unselected package libsoup-3.0-common.
2026-10-07T23:43:28.7944344Z Preparing to unpack .../100-libsoup-3.0-common_3.4.4-5ubuntu0.9_all.deb ...
2026-10-07T23:43:28.7955278Z Unpacking libsoup-3.0-common (3.4.4-5ubuntu0.9) ...
2026-10-07T23:43:28.8146876Z Selecting previously unselected package libsoup-3.0-0:amd64.
2026-10-07T23:43:28.8273282Z Preparing to unpack .../101-libsoup-3.0-0_3.4.4-5ubuntu0.9_amd64.deb ...
2026-10-07T23:43:28.8279779Z Unpacking libsoup-3.0-0:amd64 (3.4.4-5ubuntu0.9) ...
2026-10-07T23:43:28.8506960Z Selecting previously unselected package gstreamer1.0-plugins-good:amd64.
2026-10-07T23:43:28.8634269Z Preparing to unpack .../102-gstreamer1.0-plugins-good_1.24.2-1ubuntu1.8_amd64.deb ...
2026-10-07T23:43:28.8640969Z Unpacking gstreamer1.0-plugins-good:amd64 (1.24.2-1ubuntu1.8) ...
2026-10-07T23:43:28.9190385Z Selecting previously unselected package libabsl20220623t64:amd64.
2026-10-07T23:43:28.9315823Z Preparing to unpack .../103-libabsl20220623t64_20220623.1-3.1ubuntu3.2_amd64.deb ...
2026-10-07T23:43:28.9322284Z Unpacking libabsl20220623t64:amd64 (20220623.1-3.1ubuntu3.2) ...
2026-10-07T23:43:28.9730468Z Selecting previously unselected package libgav1-1:amd64.
2026-10-07T23:43:28.9861026Z Preparing to unpack .../104-libgav1-1_0.18.0-1build3_amd64.deb ...
2026-10-07T23:43:28.9870439Z Unpacking libgav1-1:amd64 (0.18.0-1build3) ...
2026-10-07T23:43:29.0121819Z Selecting previously unselected package libyuv0:amd64.
2026-10-07T23:43:29.0250943Z Preparing to unpack .../105-libyuv0_0.0~git202401110.af6ac82-1_amd64.deb ...
2026-10-07T23:43:29.0259472Z Unpacking libyuv0:amd64 (0.0~git202401110.af6ac82-1) ...
2026-10-07T23:43:29.0490078Z Selecting previously unselected package libavif16:amd64.
2026-10-07T23:43:29.0620748Z Preparing to unpack .../106-libavif16_1.0.4-1ubuntu3_amd64.deb ...
2026-10-07T23:43:29.0629326Z Unpacking libavif16:amd64 (1.0.4-1ubuntu3) ...
2026-10-07T23:43:29.0849879Z Selecting previously unselected package libavtp0:amd64.
2026-10-07T23:43:29.0981414Z Preparing to unpack .../107-libavtp0_0.2.0-1build1_amd64.deb ...
2026-10-07T23:43:29.0989908Z Unpacking libavtp0:amd64 (0.2.0-1build1) ...
2026-10-07T23:43:29.1205882Z Selecting previously unselected package libcairo-script-interpreter2:amd64.
2026-10-07T23:43:29.1333141Z Preparing to unpack .../108-libcairo-script-interpreter2_1.18.0-3build1_amd64.deb ...
2026-10-07T23:43:29.1339935Z Unpacking libcairo-script-interpreter2:amd64 (1.18.0-3build1) ...
2026-10-07T23:43:29.1550092Z Selecting previously unselected package libdc1394-25:amd64.
2026-10-07T23:43:29.1676290Z Preparing to unpack .../109-libdc1394-25_2.2.6-4build1_amd64.deb ...
2026-10-07T23:43:29.1682981Z Unpacking libdc1394-25:amd64 (2.2.6-4build1) ...
2026-10-07T23:43:29.1895719Z Selecting previously unselected package libde265-0:amd64.
2026-10-07T23:43:29.2022346Z Preparing to unpack .../110-libde265-0_1.0.15-1ubuntu0.1_amd64.deb ...
2026-10-07T23:43:29.2029413Z Unpacking libde265-0:amd64 (1.0.15-1ubuntu0.1) ...
2026-10-07T23:43:29.2251546Z Selecting previously unselected package libdecor-0-0:amd64.
2026-10-07T23:43:29.2377093Z Preparing to unpack .../111-libdecor-0-0_0.2.2-1build2_amd64.deb ...
2026-10-07T23:43:29.2383435Z Unpacking libdecor-0-0:amd64 (0.2.2-1build2) ...
2026-10-07T23:43:29.2582853Z Selecting previously unselected package libgles2:amd64.
2026-10-07T23:43:29.2707650Z Preparing to unpack .../112-libgles2_1.7.0-1build1_amd64.deb ...
2026-10-07T23:43:29.2714333Z Unpacking libgles2:amd64 (1.7.0-1build1) ...
2026-10-07T23:43:29.2916990Z Selecting previously unselected package libdirectfb-1.7-7t64:amd64.
2026-10-07T23:43:29.3042424Z Preparing to unpack .../113-libdirectfb-1.7-7t64_1.7.7-11.1ubuntu2_amd64.deb ...
2026-10-07T23:43:29.3064525Z Unpacking libdirectfb-1.7-7t64:amd64 (1.7.7-11.1ubuntu2) ...
2026-10-07T23:43:29.3459626Z Selecting previously unselected package libdvdread8t64:amd64.
2026-10-07T23:43:29.3584884Z Preparing to unpack .../114-libdvdread8t64_6.1.3-1.1build1_amd64.deb ...
2026-10-07T23:43:29.3593803Z Unpacking libdvdread8t64:amd64 (6.1.3-1.1build1) ...
2026-10-07T23:43:29.3804796Z Selecting previously unselected package libdvdnav4:amd64.
2026-10-07T23:43:29.3929417Z Preparing to unpack .../115-libdvdnav4_6.1.1-3build1_amd64.deb ...
2026-10-07T23:43:29.3935463Z Unpacking libdvdnav4:amd64 (6.1.1-3build1) ...
2026-10-07T23:43:29.4302580Z Preparing to unpack .../116-libgl1-mesa-dri_25.2.8-0ubuntu0.24.04.4_amd64.deb ...
2026-10-07T23:43:29.4441023Z Unpacking libgl1-mesa-dri:amd64 (25.2.8-0ubuntu0.24.04.4) over (25.2.8-0ubuntu0.24.04.2) ...
2026-10-07T23:43:29.4914078Z Preparing to unpack .../117-libglx-mesa0_25.2.8-0ubuntu0.24.04.4_amd64.deb ...
2026-10-07T23:43:29.4941852Z Unpacking libglx-mesa0:amd64 (25.2.8-0ubuntu0.24.04.4) over (25.2.8-0ubuntu0.24.04.2) ...
2026-10-07T23:43:29.5296155Z Preparing to unpack .../118-libgbm1_25.2.8-0ubuntu0.24.04.4_amd64.deb ...
2026-10-07T23:43:29.5318518Z Unpacking libgbm1:amd64 (25.2.8-0ubuntu0.24.04.4) over (25.2.8-0ubuntu0.24.04.2) ...
2026-10-07T23:43:29.5673751Z Preparing to unpack .../119-mesa-libgallium_25.2.8-0ubuntu0.24.04.4_amd64.deb ...
2026-10-07T23:43:29.5693779Z Unpacking mesa-libgallium:amd64 (25.2.8-0ubuntu0.24.04.4) over (25.2.8-0ubuntu0.24.04.2) ...
2026-10-07T23:43:29.7323132Z Selecting previously unselected package libegl-mesa0:amd64.
2026-10-07T23:43:29.7450751Z Preparing to unpack .../120-libegl-mesa0_25.2.8-0ubuntu0.24.04.4_amd64.deb ...
2026-10-07T23:43:29.7496101Z Unpacking libegl-mesa0:amd64 (25.2.8-0ubuntu0.24.04.4) ...
2026-10-07T23:43:29.7712316Z Selecting previously unselected package libevent-2.1-7t64:amd64.
2026-10-07T23:43:29.7837473Z Preparing to unpack .../121-libevent-2.1-7t64_2.1.12-stable-9ubuntu2.2_amd64.deb ...
2026-10-07T23:43:29.7846296Z Unpacking libevent-2.1-7t64:amd64 (2.1.12-stable-9ubuntu2.2) ...
2026-10-07T23:43:29.8202323Z Preparing to unpack .../122-libevent-pthreads-2.1-7t64_2.1.12-stable-9ubuntu2.2_amd64.deb ...
2026-10-07T23:43:29.8225351Z Unpacking libevent-pthreads-2.1-7t64:amd64 (2.1.12-stable-9ubuntu2.2) over (2.1.12-stable-9ubuntu2.1) ...
2026-10-07T23:43:29.8580572Z Preparing to unpack .../123-libevent-core-2.1-7t64_2.1.12-stable-9ubuntu2.2_amd64.deb ...
2026-10-07T23:43:29.8600069Z Unpacking libevent-core-2.1-7t64:amd64 (2.1.12-stable-9ubuntu2.2) over (2.1.12-stable-9ubuntu2.1) ...
2026-10-07T23:43:29.8814925Z Selecting previously unselected package libfaad2:amd64.
2026-10-07T23:43:29.8941218Z Preparing to unpack .../124-libfaad2_2.11.1-1build1_amd64.deb ...
2026-10-07T23:43:29.8949254Z Unpacking libfaad2:amd64 (2.11.1-1build1) ...
2026-10-07T23:43:29.9177529Z Selecting previously unselected package libinstpatch-1.0-2:amd64.
2026-10-07T23:43:29.9302593Z Preparing to unpack .../125-libinstpatch-1.0-2_1.1.6-1build2_amd64.deb ...
2026-10-07T23:43:29.9311314Z Unpacking libinstpatch-1.0-2:amd64 (1.1.6-1build2) ...
2026-10-07T23:43:29.9528737Z Selecting previously unselected package libjack-jackd2-0:amd64.
2026-10-07T23:43:29.9653762Z Preparing to unpack .../126-libjack-jackd2-0_1.9.21~dfsg-3ubuntu3_amd64.deb ...
2026-10-07T23:43:29.9662451Z Unpacking libjack-jackd2-0:amd64 (1.9.21~dfsg-3ubuntu3) ...
2026-10-07T23:43:29.9896453Z Selecting previously unselected package libwebrtc-audio-processing1:amd64.
2026-10-07T23:43:30.0020071Z Preparing to unpack .../127-libwebrtc-audio-processing1_0.3.1-0ubuntu6_amd64.deb ...
2026-10-07T23:43:30.0027524Z Unpacking libwebrtc-audio-processing1:amd64 (0.3.1-0ubuntu6) ...
2026-10-07T23:43:30.0240120Z Selecting previously unselected package libspa-0.2-modules:amd64.
2026-10-07T23:43:30.0362072Z Preparing to unpack .../128-libspa-0.2-modules_1.0.5-1ubuntu3.3_amd64.deb ...
2026-10-07T23:43:30.0369095Z Unpacking libspa-0.2-modules:amd64 (1.0.5-1ubuntu3.3) ...
2026-10-07T23:43:30.0664944Z Selecting previously unselected package libpipewire-0.3-0t64:amd64.
2026-10-07T23:43:30.0791618Z Preparing to unpack .../129-libpipewire-0.3-0t64_1.0.5-1ubuntu3.3_amd64.deb ...
2026-10-07T23:43:30.0800053Z Unpacking libpipewire-0.3-0t64:amd64 (1.0.5-1ubuntu3.3) ...
2026-10-07T23:43:30.1037049Z Selecting previously unselected package libsdl2-2.0-0:amd64.
2026-10-07T23:43:30.1162291Z Preparing to unpack .../130-libsdl2-2.0-0_2.30.0+dfsg-1ubuntu3.1_amd64.deb ...
2026-10-07T23:43:30.1169240Z Unpacking libsdl2-2.0-0:amd64 (2.30.0+dfsg-1ubuntu3.1) ...
2026-10-07T23:43:30.1439871Z Selecting previously unselected package timgm6mb-soundfont.
2026-10-07T23:43:30.1565609Z Preparing to unpack .../131-timgm6mb-soundfont_1.3-5_all.deb ...
2026-10-07T23:43:30.1572886Z Unpacking timgm6mb-soundfont (1.3-5) ...
2026-10-07T23:43:30.4956189Z Selecting previously unselected package libfluidsynth3:amd64.
2026-10-07T23:43:30.5081879Z Preparing to unpack .../132-libfluidsynth3_2.3.4-1build3_amd64.deb ...
2026-10-07T23:43:30.5089065Z Unpacking libfluidsynth3:amd64 (2.3.4-1build3) ...
2026-10-07T23:43:30.5312658Z Selecting previously unselected package libfreeaptx0:amd64.
2026-10-07T23:43:30.5447524Z Preparing to unpack .../133-libfreeaptx0_0.1.1-2build1_amd64.deb ...
2026-10-07T23:43:30.5454159Z Unpacking libfreeaptx0:amd64 (0.1.1-2build1) ...
2026-10-07T23:43:30.5654700Z Selecting previously unselected package libgraphene-1.0-0:amd64.
2026-10-07T23:43:30.5779366Z Preparing to unpack .../134-libgraphene-1.0-0_1.10.8-3build2_amd64.deb ...
2026-10-07T23:43:30.5786054Z Unpacking libgraphene-1.0-0:amd64 (1.10.8-3build2) ...
2026-10-07T23:43:30.5990464Z Selecting previously unselected package libgssdp-1.6-0:amd64.
2026-10-07T23:43:30.6115021Z Preparing to unpack .../135-libgssdp-1.6-0_1.6.3-1build3_amd64.deb ...
2026-10-07T23:43:30.6121540Z Unpacking libgssdp-1.6-0:amd64 (1.6.3-1build3) ...
2026-10-07T23:43:30.6323201Z Selecting previously unselected package libegl1:amd64.
2026-10-07T23:43:30.6446446Z Preparing to unpack .../136-libegl1_1.7.0-1build1_amd64.deb ...
2026-10-07T23:43:30.6453093Z Unpacking libegl1:amd64 (1.7.0-1build1) ...
2026-10-07T23:43:30.6660081Z Selecting previously unselected package libgstreamer-gl1.0-0:amd64.
2026-10-07T23:43:30.6783030Z Preparing to unpack .../137-libgstreamer-gl1.0-0_1.24.2-1ubuntu0.5_amd64.deb ...
2026-10-07T23:43:30.6793574Z Unpacking libgstreamer-gl1.0-0:amd64 (1.24.2-1ubuntu0.5) ...
2026-10-07T23:43:30.7002255Z Selecting previously unselected package libgtk-4-common.
2026-10-07T23:43:30.7124787Z Preparing to unpack .../138-libgtk-4-common_4.14.5+ds-0ubuntu0.10_all.deb ...
2026-10-07T23:43:30.7131948Z Unpacking libgtk-4-common (4.14.5+ds-0ubuntu0.10) ...
2026-10-07T23:43:30.7590618Z Selecting previously unselected package libgtk-4-1:amd64.
2026-10-07T23:43:30.7716436Z Preparing to unpack .../139-libgtk-4-1_4.14.5+ds-0ubuntu0.10_amd64.deb ...
2026-10-07T23:43:30.7723154Z Unpacking libgtk-4-1:amd64 (4.14.5+ds-0ubuntu0.10) ...
2026-10-07T23:43:30.8360397Z Selecting previously unselected package libgupnp-1.6-0:amd64.
2026-10-07T23:43:30.8486369Z Preparing to unpack .../140-libgupnp-1.6-0_1.6.6-1build3_amd64.deb ...
2026-10-07T23:43:30.8513952Z Unpacking libgupnp-1.6-0:amd64 (1.6.6-1build3) ...
2026-10-07T23:43:30.8724630Z Selecting previously unselected package libgupnp-igd-1.6-0:amd64.
2026-10-07T23:43:30.8848910Z Preparing to unpack .../141-libgupnp-igd-1.6-0_1.6.0-3build3_amd64.deb ...
2026-10-07T23:43:30.8857805Z Unpacking libgupnp-igd-1.6-0:amd64 (1.6.0-3build3) ...
2026-10-07T23:43:30.9054140Z Selecting previously unselected package libharfbuzz-icu0:amd64.
2026-10-07T23:43:30.9175497Z Preparing to unpack .../142-libharfbuzz-icu0_8.3.0-2build2_amd64.deb ...
2026-10-07T23:43:30.9183089Z Unpacking libharfbuzz-icu0:amd64 (8.3.0-2build2) ...
2026-10-07T23:43:30.9375536Z Selecting previously unselected package libhyphen0:amd64.
2026-10-07T23:43:30.9495885Z Preparing to unpack .../143-libhyphen0_2.8.8-7build3_amd64.deb ...
2026-10-07T23:43:30.9503259Z Unpacking libhyphen0:amd64 (2.8.8-7build3) ...
2026-10-07T23:43:30.9721823Z Selecting previously unselected package libimath-3-1-29t64:amd64.
2026-10-07T23:43:30.9843088Z Preparing to unpack .../144-libimath-3-1-29t64_3.1.9-3.1ubuntu2_amd64.deb ...
2026-10-07T23:43:30.9850195Z Unpacking libimath-3-1-29t64:amd64 (3.1.9-3.1ubuntu2) ...
2026-10-07T23:43:31.0062005Z Selecting previously unselected package liblc3-1:amd64.
2026-10-07T23:43:31.0185193Z Preparing to unpack .../145-liblc3-1_1.0.4-3build1_amd64.deb ...
2026-10-07T23:43:31.0192703Z Unpacking liblc3-1:amd64 (1.0.4-3build1) ...
2026-10-07T23:43:31.0403174Z Selecting previously unselected package libldacbt-enc2:amd64.
2026-10-07T23:43:31.0525322Z Preparing to unpack .../146-libldacbt-enc2_2.0.2.3+git20200429+ed310a0-4ubuntu2_amd64.deb ...
2026-10-07T23:43:31.0535520Z Unpacking libldacbt-enc2:amd64 (2.0.2.3+git20200429+ed310a0-4ubuntu2) ...
2026-10-07T23:43:31.0737719Z Selecting previously unselected package libraptor2-0:amd64.
2026-10-07T23:43:31.0861687Z Preparing to unpack .../147-libraptor2-0_2.0.16-3ubuntu0.1_amd64.deb ...
2026-10-07T23:43:31.0874809Z Unpacking libraptor2-0:amd64 (2.0.16-3ubuntu0.1) ...
2026-10-07T23:43:31.1090226Z Selecting previously unselected package liblrdf0:amd64.
2026-10-07T23:43:31.1213647Z Preparing to unpack .../148-liblrdf0_0.6.1-4build1_amd64.deb ...
2026-10-07T23:43:31.1224116Z Unpacking liblrdf0:amd64 (0.6.1-4build1) ...
2026-10-07T23:43:31.1424409Z Selecting previously unselected package libltc11:amd64.
2026-10-07T23:43:31.1547372Z Preparing to unpack .../149-libltc11_1.3.2-1build1_amd64.deb ...
2026-10-07T23:43:31.1554529Z Unpacking libltc11:amd64 (1.3.2-1build1) ...
2026-10-07T23:43:31.1748522Z Selecting previously unselected package libmanette-0.2-0:amd64.
2026-10-07T23:43:31.1871133Z Preparing to unpack .../150-libmanette-0.2-0_0.2.7-1build2_amd64.deb ...
2026-10-07T23:43:31.1881641Z Unpacking libmanette-0.2-0:amd64 (0.2.7-1build2) ...
2026-10-07T23:43:31.2093442Z Selecting previously unselected package libmfx1:amd64.
2026-10-07T23:43:31.2214934Z Preparing to unpack .../151-libmfx1_22.5.4-1_amd64.deb ...
2026-10-07T23:43:31.2222386Z Unpacking libmfx1:amd64 (22.5.4-1) ...
2026-10-07T23:43:31.3127981Z Selecting previously unselected package libmjpegutils-2.1-0t64:amd64.
2026-10-07T23:43:31.3254477Z Preparing to unpack .../152-libmjpegutils-2.1-0t64_1%3a2.1.0+debian-8.1build1_amd64.deb ...
2026-10-07T23:43:31.3262180Z Unpacking libmjpegutils-2.1-0t64:amd64 (1:2.1.0+debian-8.1build1) ...
2026-10-07T23:43:31.3471902Z Selecting previously unselected package libmodplug1:amd64.
2026-10-07T23:43:31.3596860Z Preparing to unpack .../153-libmodplug1_1%3a0.8.9.0-3build1_amd64.deb ...
2026-10-07T23:43:31.3603898Z Unpacking libmodplug1:amd64 (1:0.8.9.0-3build1) ...
2026-10-07T23:43:31.3823350Z Selecting previously unselected package libmpcdec6:amd64.
2026-10-07T23:43:31.3945493Z Preparing to unpack .../154-libmpcdec6_2%3a0.1~r495-2build1_amd64.deb ...
2026-10-07T23:43:31.3954316Z Unpacking libmpcdec6:amd64 (2:0.1~r495-2build1) ...
2026-10-07T23:43:31.4156233Z Selecting previously unselected package libmpeg2encpp-2.1-0t64:amd64.
2026-10-07T23:43:31.4278846Z Preparing to unpack .../155-libmpeg2encpp-2.1-0t64_1%3a2.1.0+debian-8.1build1_amd64.deb ...
2026-10-07T23:43:31.4286184Z Unpacking libmpeg2encpp-2.1-0t64:amd64 (1:2.1.0+debian-8.1build1) ...
2026-10-07T23:43:31.4490370Z Selecting previously unselected package libmplex2-2.1-0t64:amd64.
2026-10-07T23:43:31.4611995Z Preparing to unpack .../156-libmplex2-2.1-0t64_1%3a2.1.0+debian-8.1build1_amd64.deb ...
2026-10-07T23:43:31.4621059Z Unpacking libmplex2-2.1-0t64:amd64 (1:2.1.0+debian-8.1build1) ...
2026-10-07T23:43:31.4826145Z Selecting previously unselected package libneon27t64:amd64.
2026-10-07T23:43:31.4949494Z Preparing to unpack .../157-libneon27t64_0.33.0-1.1build3_amd64.deb ...
2026-10-07T23:43:31.4959807Z Unpacking libneon27t64:amd64 (0.33.0-1.1build3) ...
2026-10-07T23:43:31.5428868Z Selecting previously unselected package libnice10:amd64.
2026-10-07T23:43:31.5551836Z Preparing to unpack .../158-libnice10_0.1.21-2build3_amd64.deb ...
2026-10-07T23:43:31.5562587Z Unpacking libnice10:amd64 (0.1.21-2build3) ...
2026-10-07T23:43:31.5769718Z Selecting previously unselected package libopenal-data.
2026-10-07T23:43:31.5894711Z Preparing to unpack .../159-libopenal-data_1%3a1.23.1-4build1_all.deb ...
2026-10-07T23:43:31.5901661Z Unpacking libopenal-data (1:1.23.1-4build1) ...
2026-10-07T23:43:31.6122175Z Selecting previously unselected package libopenexr-3-1-30:amd64.
2026-10-07T23:43:31.6247926Z Preparing to unpack .../160-libopenexr-3-1-30_3.1.5-5.1build3_amd64.deb ...
2026-10-07T23:43:31.6255633Z Unpacking libopenexr-3-1-30:amd64 (3.1.5-5.1build3) ...
2026-10-07T23:43:31.6602861Z Selecting previously unselected package libopenh264-7:amd64.
2026-10-07T23:43:31.6727668Z Preparing to unpack .../161-libopenh264-7_2.4.1+dfsg-1_amd64.deb ...
2026-10-07T23:43:31.6735727Z Unpacking libopenh264-7:amd64 (2.4.1+dfsg-1) ...
2026-10-07T23:43:31.6987562Z Selecting previously unselected package libopenni2-0:amd64.
2026-10-07T23:43:31.7112182Z Preparing to unpack .../162-libopenni2-0_2.2.0.33+dfsg-18_amd64.deb ...
2026-10-07T23:43:31.7140566Z Unpacking libopenni2-0:amd64 (2.2.0.33+dfsg-18) ...
2026-10-07T23:43:31.7397624Z Selecting previously unselected package libqrencode4:amd64.
2026-10-07T23:43:31.7522878Z Preparing to unpack .../163-libqrencode4_4.1.1-1build2_amd64.deb ...
2026-10-07T23:43:31.7530030Z Unpacking libqrencode4:amd64 (4.1.1-1build2) ...
2026-10-07T23:43:31.7721507Z Selecting previously unselected package libsecret-common.
2026-10-07T23:43:31.7845966Z Preparing to unpack .../164-libsecret-common_0.21.4-1build3_all.deb ...
2026-10-07T23:43:31.7852191Z Unpacking libsecret-common (0.21.4-1build3) ...
2026-10-07T23:43:31.8043579Z Selecting previously unselected package libsecret-1-0:amd64.
2026-10-07T23:43:31.8169015Z Preparing to unpack .../165-libsecret-1-0_0.21.4-1build3_amd64.deb ...
2026-10-07T23:43:31.8176772Z Unpacking libsecret-1-0:amd64 (0.21.4-1build3) ...
2026-10-07T23:43:31.8398041Z Selecting previously unselected package libsndio7.0:amd64.
2026-10-07T23:43:31.8525113Z Preparing to unpack .../166-libsndio7.0_1.9.0-0.3build3_amd64.deb ...
2026-10-07T23:43:31.8532060Z Unpacking libsndio7.0:amd64 (1.9.0-0.3build3) ...
2026-10-07T23:43:31.8730229Z Selecting previously unselected package libsoundtouch1:amd64.
2026-10-07T23:43:31.8854654Z Preparing to unpack .../167-libsoundtouch1_2.3.2+ds1-1build1_amd64.deb ...
2026-10-07T23:43:31.8861946Z Unpacking libsoundtouch1:amd64 (2.3.2+ds1-1build1) ...
2026-10-07T23:43:31.9066245Z Selecting previously unselected package libspandsp2t64:amd64.
2026-10-07T23:43:31.9189521Z Preparing to unpack .../168-libspandsp2t64_0.0.6+dfsg-2.1build1_amd64.deb ...
2026-10-07T23:43:31.9196011Z Unpacking libspandsp2t64:amd64 (0.0.6+dfsg-2.1build1) ...
2026-10-07T23:43:31.9422713Z Selecting previously unselected package libsrtp2-1:amd64.
2026-10-07T23:43:31.9549176Z Preparing to unpack .../169-libsrtp2-1_2.5.0-3build1_amd64.deb ...
2026-10-07T23:43:31.9557501Z Unpacking libsrtp2-1:amd64 (2.5.0-3build1) ...
2026-10-07T23:43:31.9788883Z Selecting previously unselected package libwayland-server0:amd64.
2026-10-07T23:43:31.9918380Z Preparing to unpack .../170-libwayland-server0_1.22.0-2.1build1_amd64.deb ...
2026-10-07T23:43:31.9923221Z Unpacking libwayland-server0:amd64 (1.22.0-2.1build1) ...
2026-10-07T23:43:32.0123713Z Selecting previously unselected package libwildmidi2:amd64.
2026-10-07T23:43:32.0248938Z Preparing to unpack .../171-libwildmidi2_0.4.3-1build3_amd64.deb ...
2026-10-07T23:43:32.0255813Z Unpacking libwildmidi2:amd64 (0.4.3-1build3) ...
2026-10-07T23:43:32.0456052Z Selecting previously unselected package libwoff1:amd64.
2026-10-07T23:43:32.0581116Z Preparing to unpack .../172-libwoff1_1.0.2-2build1_amd64.deb ...
2026-10-07T23:43:32.0587606Z Unpacking libwoff1:amd64 (1.0.2-2build1) ...
2026-10-07T23:43:32.0812535Z Selecting previously unselected package libxcb-xkb1:amd64.
2026-10-07T23:43:32.0939171Z Preparing to unpack .../173-libxcb-xkb1_1.15-1ubuntu2_amd64.deb ...
2026-10-07T23:43:32.0945973Z Unpacking libxcb-xkb1:amd64 (1.15-1ubuntu2) ...
2026-10-07T23:43:32.1148412Z Selecting previously unselected package libxkbcommon-x11-0:amd64.
2026-10-07T23:43:32.1273749Z Preparing to unpack .../174-libxkbcommon-x11-0_1.6.0-1build1_amd64.deb ...
2026-10-07T23:43:32.1283187Z Unpacking libxkbcommon-x11-0:amd64 (1.6.0-1build1) ...
2026-10-07T23:43:32.1476780Z Selecting previously unselected package libzbar0t64:amd64.
2026-10-07T23:43:32.1599567Z Preparing to unpack .../175-libzbar0t64_0.23.93-4build3_amd64.deb ...
2026-10-07T23:43:32.1606481Z Unpacking libzbar0t64:amd64 (0.23.93-4build3) ...
2026-10-07T23:43:32.1823711Z Selecting previously unselected package libzxing3:amd64.
2026-10-07T23:43:32.1948029Z Preparing to unpack .../176-libzxing3_2.2.1-3_amd64.deb ...
2026-10-07T23:43:32.1954273Z Unpacking libzxing3:amd64 (2.2.1-3) ...
2026-10-07T23:43:32.2195370Z Selecting previously unselected package xfonts-encodings.
2026-10-07T23:43:32.2318877Z Preparing to unpack .../177-xfonts-encodings_1%3a1.0.5-0ubuntu2_all.deb ...
2026-10-07T23:43:32.2325586Z Unpacking xfonts-encodings (1:1.0.5-0ubuntu2) ...
2026-10-07T23:43:32.2599784Z Selecting previously unselected package xfonts-utils.
2026-10-07T23:43:32.2723144Z Preparing to unpack .../178-xfonts-utils_1%3a7.7+6build3_amd64.deb ...
2026-10-07T23:43:32.2730135Z Unpacking xfonts-utils (1:7.7+6build3) ...
2026-10-07T23:43:32.3085212Z Selecting previously unselected package xfonts-cyrillic.
2026-10-07T23:43:32.3210406Z Preparing to unpack .../179-xfonts-cyrillic_1%3a1.0.5+nmu1_all.deb ...
2026-10-07T23:43:32.3219257Z Unpacking xfonts-cyrillic (1:1.0.5+nmu1) ...
2026-10-07T23:43:32.3551354Z Selecting previously unselected package xfonts-scalable.
2026-10-07T23:43:32.3676729Z Preparing to unpack .../180-xfonts-scalable_1%3a1.0.3-1.3_all.deb ...
2026-10-07T23:43:32.3685521Z Unpacking xfonts-scalable (1:1.0.3-1.3) ...
2026-10-07T23:43:32.3913908Z Selecting previously unselected package libgstreamer-plugins-bad1.0-0:amd64.
2026-10-07T23:43:32.4039134Z Preparing to unpack .../181-libgstreamer-plugins-bad1.0-0_1.24.2-1ubuntu4_amd64.deb ...
2026-10-07T23:43:32.4047714Z Unpacking libgstreamer-plugins-bad1.0-0:amd64 (1.24.2-1ubuntu4) ...
2026-10-07T23:43:32.4399458Z Selecting previously unselected package libdca0:amd64.
2026-10-07T23:43:32.4524714Z Preparing to unpack .../182-libdca0_0.0.7-2build1_amd64.deb ...
2026-10-07T23:43:32.4531345Z Unpacking libdca0:amd64 (0.0.7-2build1) ...
2026-10-07T23:43:32.4733343Z Selecting previously unselected package libopenal1:amd64.
2026-10-07T23:43:32.4859184Z Preparing to unpack .../183-libopenal1_1%3a1.23.1-4build1_amd64.deb ...
2026-10-07T23:43:32.4866082Z Unpacking libopenal1:amd64 (1:1.23.1-4build1) ...
2026-10-07T23:43:32.5111738Z Selecting previously unselected package libsbc1:amd64.
2026-10-07T23:43:32.5236136Z Preparing to unpack .../184-libsbc1_2.0-1build1_amd64.deb ...
2026-10-07T23:43:32.5243112Z Unpacking libsbc1:amd64 (2.0-1build1) ...
2026-10-07T23:43:32.5439712Z Selecting previously unselected package libvo-aacenc0:amd64.
2026-10-07T23:43:32.5564466Z Preparing to unpack .../185-libvo-aacenc0_0.1.3-2build1_amd64.deb ...
2026-10-07T23:43:32.5571275Z Unpacking libvo-aacenc0:amd64 (0.1.3-2build1) ...
2026-10-07T23:43:32.5768347Z Selecting previously unselected package libvo-amrwbenc0:amd64.
2026-10-07T23:43:32.5892766Z Preparing to unpack .../186-libvo-amrwbenc0_0.1.3-2build1_amd64.deb ...
2026-10-07T23:43:32.5899670Z Unpacking libvo-amrwbenc0:amd64 (0.1.3-2build1) ...
2026-10-07T23:43:32.6095566Z Selecting previously unselected package gstreamer1.0-plugins-bad:amd64.
2026-10-07T23:43:32.6220750Z Preparing to unpack .../187-gstreamer1.0-plugins-bad_1.24.2-1ubuntu4_amd64.deb ...
2026-10-07T23:43:32.6231857Z Unpacking gstreamer1.0-plugins-bad:amd64 (1.24.2-1ubuntu4) ...
2026-10-07T23:43:32.7804585Z Setting up libgme0:amd64 (0.6.3-7build1) ...
2026-10-07T23:43:32.7824984Z Setting up libchromaprint1:amd64 (1.5.1-5) ...
2026-10-07T23:43:32.7842544Z Setting up libssh-gcrypt-4:amd64 (0.10.6-2ubuntu0.5) ...
2026-10-07T23:43:32.7860061Z Setting up libhwy1t64:amd64 (1.0.7-8.1build1) ...
2026-10-07T23:43:32.7878283Z Setting up libfreeaptx0:amd64 (0.1.1-2build1) ...
2026-10-07T23:43:32.7898766Z Setting up libdvdread8t64:amd64 (6.1.3-1.1build1) ...
2026-10-07T23:43:32.7917663Z Setting up libudfread0:amd64 (1.1.2-1build1) ...
2026-10-07T23:43:32.7935028Z Setting up libmodplug1:amd64 (1:0.8.9.0-3build1) ...
2026-10-07T23:43:32.7953870Z Setting up libcdparanoia0:amd64 (3.10.2+debian-14build3) ...
2026-10-07T23:43:32.7971619Z Setting up libwayland-server0:amd64 (1.22.0-2.1build1) ...
2026-10-07T23:43:32.7989906Z Setting up libvo-amrwbenc0:amd64 (0.1.3-2build1) ...
2026-10-07T23:43:32.8005840Z Setting up mesa-libgallium:amd64 (25.2.8-0ubuntu0.24.04.4) ...
2026-10-07T23:43:32.8023028Z Setting up session-migration (0.3.9build1) ...
2026-10-07T23:43:32.9313569Z Created symlink /etc/systemd/user/graphical-session-pre.target.wants/session-migration.service → /usr/lib/systemd/user/session-migration.service.
2026-10-07T23:43:32.9314672Z 
2026-10-07T23:43:32.9339274Z Setting up libraw1394-11:amd64 (2.1.2-2build3) ...
2026-10-07T23:43:32.9361413Z Setting up libsbc1:amd64 (2.0-1build1) ...
2026-10-07T23:43:32.9380977Z Setting up libproxy1v5:amd64 (0.5.4-4build1) ...
2026-10-07T23:43:32.9397765Z Setting up libneon27t64:amd64 (0.33.0-1.1build3) ...
2026-10-07T23:43:32.9416185Z Setting up libtag1v5-vanilla:amd64 (1.13.1-1build1) ...
2026-10-07T23:43:32.9434254Z Setting up libharfbuzz-icu0:amd64 (8.3.0-2build2) ...
2026-10-07T23:43:32.9450890Z Setting up libopenni2-0:amd64 (2.2.0.33+dfsg-18) ...
2026-10-07T23:43:32.9629845Z Setting up libspeex1:amd64 (1.2.1-2ubuntu2.24.04.1) ...
2026-10-07T23:43:32.9649569Z Setting up libshine3:amd64 (3.1.1-2build1) ...
2026-10-07T23:43:32.9670838Z Setting up libcaca0:amd64 (0.99.beta20-4ubuntu0.2) ...
2026-10-07T23:43:32.9691493Z Setting up libvpl2 (2023.3.0-1build1) ...
2026-10-07T23:43:32.9709003Z Setting up libv4lconvert0t64:amd64 (1.26.1-4build3) ...
2026-10-07T23:43:32.9731367Z Setting up libx264-164:amd64 (2:0.164.3108+git31e19f9-1) ...
2026-10-07T23:43:32.9750016Z Setting up libtwolame0:amd64 (0.4.0-2build3) ...
2026-10-07T23:43:32.9768210Z Setting up libmbedcrypto7t64:amd64 (2.28.8-1) ...
2026-10-07T23:43:32.9785875Z Setting up libwoff1:amd64 (1.0.2-2build1) ...
2026-10-07T23:43:32.9810154Z Setting up liblc3-1:amd64 (1.0.4-3build1) ...
2026-10-07T23:43:32.9827994Z Setting up libqrencode4:amd64 (4.1.1-1build2) ...
2026-10-07T23:43:32.9844543Z Setting up libhyphen0:amd64 (2.8.8-7build3) ...
2026-10-07T23:43:32.9865010Z Setting up libgbm1:amd64 (25.2.8-0ubuntu0.24.04.4) ...
2026-10-07T23:43:32.9883551Z Setting up libgsm1:amd64 (1.0.22-1build1) ...
2026-10-07T23:43:32.9903664Z Setting up libvisual-0.4-0:amd64 (0.4.2-2build1) ...
2026-10-07T23:43:32.9921238Z Setting up libsoxr0:amd64 (0.1.3-4build3) ...
2026-10-07T23:43:32.9940100Z Setting up libzix-0-0:amd64 (0.4.2-2build1) ...
2026-10-07T23:43:32.9962346Z Setting up libcodec2-1.2:amd64 (1.2.0-2build1) ...
2026-10-07T23:43:32.9985648Z Setting up libmanette-0.2-0:amd64 (0.2.7-1build2) ...
2026-10-07T23:43:33.0003794Z Setting up libsrtp2-1:amd64 (2.5.0-3build1) ...
2026-10-07T23:43:33.0024112Z Setting up libgl1-mesa-dri:amd64 (25.2.8-0ubuntu0.24.04.4) ...
2026-10-07T23:43:33.0094258Z Setting up libmysofa1:amd64 (1.3.2+dfsg-2ubuntu2) ...
2026-10-07T23:43:33.0115482Z Setting up libraptor2-0:amd64 (2.0.16-3ubuntu0.1) ...
2026-10-07T23:43:33.0135202Z Setting up libldacbt-enc2:amd64 (2.0.2.3+git20200429+ed310a0-4ubuntu2) ...
2026-10-07T23:43:33.0152712Z Setting up fonts-wqy-zenhei (0.9.45-8) ...
2026-10-07T23:43:33.0267912Z Setting up libwebrtc-audio-processing1:amd64 (0.3.1-0ubuntu6) ...
2026-10-07T23:43:33.0292910Z Setting up fonts-freefont-ttf (20211204+svn4273-2) ...
2026-10-07T23:43:33.0315441Z Setting up libevent-2.1-7t64:amd64 (2.1.12-stable-9ubuntu2.2) ...
2026-10-07T23:43:33.0332646Z Setting up libsvtav1enc1d1:amd64 (1.7.0+dfsg-2build1) ...
2026-10-07T23:43:33.0350913Z Setting up libsoup-3.0-common (3.4.4-5ubuntu0.9) ...
2026-10-07T23:43:33.0370179Z Setting up libmpg123-0t64:amd64 (1.32.5-1ubuntu1.1) ...
2026-10-07T23:43:33.0391288Z Setting up libcjson1:amd64 (1.7.17-1) ...
2026-10-07T23:43:33.0408520Z Setting up libxvidcore4:amd64 (2:1.3.7-1build1) ...
2026-10-07T23:43:33.0430772Z Setting up libmpcdec6:amd64 (2:0.1~r495-2build1) ...
2026-10-07T23:43:33.0451624Z Setting up libmjpegutils-2.1-0t64:amd64 (1:2.1.0+debian-8.1build1) ...
2026-10-07T23:43:33.0468643Z Setting up librav1e0:amd64 (0.7.1-2) ...
2026-10-07T23:43:33.0488085Z Setting up liborc-0.4-0t64:amd64 (1:0.4.38-1ubuntu0.1) ...
2026-10-07T23:43:33.0505461Z Setting up libxcb-xkb1:amd64 (1.15-1ubuntu2) ...
2026-10-07T23:43:33.0526071Z Setting up libvo-aacenc0:amd64 (0.1.3-2build1) ...
2026-10-07T23:43:33.0547862Z Setting up librist4:amd64 (0.2.10+dfsg-2) ...
2026-10-07T23:43:33.0565074Z Setting up librsvg2-2:amd64 (2.58.0+dfsg-1ubuntu0.1) ...
2026-10-07T23:43:33.0605175Z Setting up libblas3:amd64 (3.12.0-3build1.1) ...
2026-10-07T23:43:33.0667579Z update-alternatives: using /usr/lib/x86_64-linux-gnu/blas/libblas.so.3 to provide /usr/lib/x86_64-linux-gnu/libblas.so.3 (libblas.so.3-x86_64-linux-gnu) in auto mode
2026-10-07T23:43:33.0688942Z Setting up libegl-mesa0:amd64 (25.2.8-0ubuntu0.24.04.4) ...
2026-10-07T23:43:33.0708076Z Setting up libsoundtouch1:amd64 (2.3.2+ds1-1build1) ...
2026-10-07T23:43:33.0725545Z Setting up libplacebo338:amd64 (6.338.2-2build1) ...
2026-10-07T23:43:33.0748353Z Setting up libgles2:amd64 (1.7.0-1build1) ...
2026-10-07T23:43:33.0769361Z Setting up fonts-tlwg-loma-otf (1:0.7.3-1) ...
2026-10-07T23:43:33.0787500Z Setting up libva2:amd64 (2.20.0-2ubuntu0.2) ...
2026-10-07T23:43:33.0809389Z Setting up libfreetype6:amd64 (2.13.2+dfsg-1ubuntu0.2) ...
2026-10-07T23:43:33.0828358Z Setting up libspa-0.2-modules:amd64 (1.0.5-1ubuntu3.3) ...
2026-10-07T23:43:33.0850030Z Setting up libzxing3:amd64 (2.2.1-3) ...
2026-10-07T23:43:33.0869558Z Setting up xfonts-encodings (1:1.0.5-0ubuntu2) ...
2026-10-07T23:43:33.0886401Z Setting up libopus0:amd64 (1.4-1build1) ...
2026-10-07T23:43:33.0913503Z Setting up libfaad2:amd64 (2.11.1-1build1) ...
2026-10-07T23:43:33.0933623Z Setting up libxkbcommon-x11-0:amd64 (1.6.0-1build1) ...
2026-10-07T23:43:33.0955998Z Setting up libdc1394-25:amd64 (2.2.6-4build1) ...
2026-10-07T23:43:33.0977495Z Setting up libimath-3-1-29t64:amd64 (3.1.9-3.1ubuntu2) ...
2026-10-07T23:43:33.0997106Z Setting up libunibreak5:amd64 (5.1-2build1) ...
2026-10-07T23:43:33.1020674Z Setting up libdv4t64:amd64 (1.0.0-17.1build1) ...
2026-10-07T23:43:33.1039956Z Setting up libjxl0.7:amd64 (0.7.0-10.2ubuntu6.1) ...
2026-10-07T23:43:33.1063031Z Setting up libopenh264-7:amd64 (2.4.1+dfsg-1) ...
2026-10-07T23:43:33.1081085Z Setting up libltc11:amd64 (1.3.2-1build1) ...
2026-10-07T23:43:33.1098776Z Setting up libx265-199:amd64 (3.5-2build1) ...
2026-10-07T23:43:33.1361894Z Setting up libv4l-0t64:amd64 (1.26.1-4build3) ...
2026-10-07T23:43:33.1383756Z Setting up libavtp0:amd64 (0.2.0-1build1) ...
2026-10-07T23:43:33.1402296Z Setting up libsndio7.0:amd64 (1.9.0-0.3build3) ...
2026-10-07T23:43:33.1427049Z Setting up libdirectfb-1.7-7t64:amd64 (1.7.7-11.1ubuntu2) ...
2026-10-07T23:43:33.1441905Z Setting up libspandsp2t64:amd64 (0.0.6+dfsg-2.1build1) ...
2026-10-07T23:43:33.1458064Z Setting up libvidstab1.1:amd64 (1.1.0-2build1) ...
2026-10-07T23:43:33.1477493Z Setting up libvpx9:amd64 (1.14.0-1ubuntu2.3) ...
2026-10-07T23:43:33.1498958Z Setting up libsrt1.5-gnutls:amd64 (1.5.3-1build2) ...
2026-10-07T23:43:33.1516281Z Setting up libtag1v5:amd64 (1.13.1-1build1) ...
2026-10-07T23:43:33.1539307Z Setting up libflite1:amd64 (2.2-6build3) ...
2026-10-07T23:43:33.1556484Z Setting up libdav1d7:amd64 (1.4.1-1build1) ...
2026-10-07T23:43:33.1573813Z Setting up libva-drm2:amd64 (2.20.0-2ubuntu0.2) ...
2026-10-07T23:43:33.1595659Z Setting up fonts-ipafont-gothic (00303-21ubuntu1) ...
2026-10-07T23:43:33.1660223Z update-alternatives: using /usr/share/fonts/opentype/ipafont-gothic/ipag.ttf to provide /usr/share/fonts/truetype/fonts-japanese-gothic.ttf (fonts-japanese-gothic.ttf) in auto mode
2026-10-07T23:43:33.1676601Z Setting up ocl-icd-libopencl1:amd64 (2.3.2-1build1) ...
2026-10-07T23:43:33.1712243Z Setting up libasyncns0:amd64 (0.8-6build4) ...
2026-10-07T23:43:33.1730623Z Setting up libwildmidi2:amd64 (0.4.3-1build3) ...
2026-10-07T23:43:33.1755412Z Setting up libvdpau1:amd64 (1.5-2build1) ...
2026-10-07T23:43:33.1776693Z Setting up libwavpack1:amd64 (5.6.0-1build1) ...
2026-10-07T23:43:33.1795837Z Setting up libbs2b0:amd64 (3.1.0+dfsg-7build1) ...
2026-10-07T23:43:33.1812726Z Setting up libtheora0:amd64 (1.1.1+dfsg.1-16.1build3) ...
2026-10-07T23:43:33.1830746Z Setting up libegl1:amd64 (1.7.0-1build1) ...
2026-10-07T23:43:33.1849744Z Setting up libdecor-0-0:amd64 (0.2.2-1build2) ...
2026-10-07T23:43:33.1867732Z Setting up libdca0:amd64 (0.0.7-2build1) ...
2026-10-07T23:43:33.1888618Z Setting up libzimg2:amd64 (3.0.5+ds1-1build1) ...
2026-10-07T23:43:33.1905630Z Setting up libopenal-data (1:1.23.1-4build1) ...
2026-10-07T23:43:33.1930230Z Setting up libevent-core-2.1-7t64:amd64 (2.1.12-stable-9ubuntu2.2) ...
2026-10-07T23:43:33.1946656Z Setting up libabsl20220623t64:amd64 (20220623.1-3.1ubuntu3.2) ...
2026-10-07T23:43:33.1964734Z Setting up libflac12t64:amd64 (1.4.3+ds-2.1ubuntu2) ...
2026-10-07T23:43:33.1982602Z Setting up libgtk-4-common (4.14.5+ds-0ubuntu0.10) ...
2026-10-07T23:43:33.2001737Z Setting up libmpeg2encpp-2.1-0t64:amd64 (1:2.1.0+debian-8.1build1) ...
2026-10-07T23:43:33.2021096Z Setting up glib-networking-common (2.80.0-1build1) ...
2026-10-07T23:43:33.2039586Z Setting up libmfx1:amd64 (22.5.4-1) ...
2026-10-07T23:43:33.2056371Z Setting up libbluray2:amd64 (1:1.3.4-1build1) ...
2026-10-07T23:43:33.2074925Z Setting up libde265-0:amd64 (1.0.15-1ubuntu0.1) ...
2026-10-07T23:43:33.2092345Z Setting up libsamplerate0:amd64 (0.2.2-4build1) ...
2026-10-07T23:43:33.2112345Z Setting up timgm6mb-soundfont (1.3-5) ...
2026-10-07T23:43:33.2190922Z update-alternatives: using /usr/share/sounds/sf2/TimGM6mb.sf2 to provide /usr/share/sounds/sf2/default-GM.sf2 (default-GM.sf2) in auto mode
2026-10-07T23:43:33.2234138Z update-alternatives: using /usr/share/sounds/sf2/TimGM6mb.sf2 to provide /usr/share/sounds/sf3/default-GM.sf3 (default-GM.sf3) in auto mode
2026-10-07T23:43:33.2250024Z Setting up libva-x11-2:amd64 (2.20.0-2ubuntu0.2) ...
2026-10-07T23:43:33.2268081Z Setting up libyuv0:amd64 (0.0~git202401110.af6ac82-1) ...
2026-10-07T23:43:33.2285991Z Setting up libmplex2-2.1-0t64:amd64 (1:2.1.0+debian-8.1build1) ...
2026-10-07T23:43:33.2305417Z Setting up libpipewire-0.3-0t64:amd64 (1.0.5-1ubuntu3.3) ...
2026-10-07T23:43:33.2334905Z Setting up libopenmpt0t64:amd64 (0.7.3-1.1build3) ...
2026-10-07T23:43:33.2354364Z Setting up libzvbi-common (0.2.42-2) ...
2026-10-07T23:43:33.2371780Z Setting up libsecret-common (0.21.4-1build3) ...
2026-10-07T23:43:33.2389794Z Setting up libmp3lame0:amd64 (3.100-6build1) ...
2026-10-07T23:43:33.2409949Z Setting up libgraphene-1.0-0:amd64 (1.10.8-3build2) ...
2026-10-07T23:43:33.2427539Z Setting up libvorbisenc2:amd64 (1.3.7-1build3) ...
2026-10-07T23:43:33.2448347Z Setting up libdvdnav4:amd64 (6.1.1-3build1) ...
2026-10-07T23:43:33.2465507Z Setting up fonts-unifont (1:15.1.01-1build1) ...
2026-10-07T23:43:33.2487407Z Setting up libaa1:amd64 (1.4p5-51.1) ...
2026-10-07T23:43:33.2505349Z Setting up libiec61883-0:amd64 (1.2.0-6build1) ...
2026-10-07T23:43:33.2528289Z Setting up libserd-0-0:amd64 (0.32.2-1) ...
2026-10-07T23:43:33.2545713Z Setting up libavc1394-0:amd64 (0.5.4-5build3) ...
2026-10-07T23:43:33.2563372Z Setting up libcairo-script-interpreter2:amd64 (1.18.0-3build1) ...
2026-10-07T23:43:33.2585350Z Setting up gsettings-desktop-schemas (46.1-0ubuntu1) ...
2026-10-07T23:43:33.2602995Z Setting up glib-networking-services (2.80.0-1build1) ...
2026-10-07T23:43:33.2624721Z Setting up liblapack3:amd64 (3.12.0-3build1.1) ...
2026-10-07T23:43:33.2682427Z update-alternatives: using /usr/lib/x86_64-linux-gnu/lapack/liblapack.so.3 to provide /usr/lib/x86_64-linux-gnu/liblapack.so.3 (liblapack.so.3-x86_64-linux-gnu) in auto mode
2026-10-07T23:43:33.2697133Z Setting up libglx-mesa0:amd64 (25.2.8-0ubuntu0.24.04.4) ...
2026-10-07T23:43:33.2719036Z Setting up libzvbi0t64:amd64 (0.2.42-2) ...
2026-10-07T23:43:33.2737397Z Setting up libevent-pthreads-2.1-7t64:amd64 (2.1.12-stable-9ubuntu2.2) ...
2026-10-07T23:43:33.2755325Z Setting up liblrdf0:amd64 (0.6.1-4build1) ...
2026-10-07T23:43:33.2777966Z Setting up libzbar0t64:amd64 (0.23.93-4build3) ...
2026-10-07T23:43:33.2815463Z Setting up libgstreamer-plugins-base1.0-0:amd64 (1.24.2-1ubuntu0.5) ...
2026-10-07T23:43:33.2833565Z Setting up libavutil58:amd64 (7:6.1.1-3ubuntu5) ...
2026-10-07T23:43:33.2854627Z Setting up libopenal1:amd64 (1:1.23.1-4build1) ...
2026-10-07T23:43:33.2873230Z Setting up xfonts-utils (1:7.7+6build3) ...
2026-10-07T23:43:33.2914110Z Setting up libsecret-1-0:amd64 (0.21.4-1build3) ...
2026-10-07T23:43:33.2933356Z Setting up libgstreamer-plugins-good1.0-0:amd64 (1.24.2-1ubuntu1.8) ...
2026-10-07T23:43:33.2951490Z Setting up libgstreamer-gl1.0-0:amd64 (1.24.2-1ubuntu0.5) ...
2026-10-07T23:43:33.2971333Z Setting up gstreamer1.0-plugins-base:amd64 (1.24.2-1ubuntu0.5) ...
2026-10-07T23:43:33.2988413Z Setting up libass9:amd64 (1:0.17.1-2build1) ...
2026-10-07T23:43:33.3008427Z Setting up libswresample4:amd64 (7:6.1.1-3ubuntu5) ...
2026-10-07T23:43:33.3025411Z Setting up libopenexr-3-1-30:amd64 (3.1.5-5.1build3) ...
2026-10-07T23:43:33.3043009Z Setting up libshout3:amd64 (2.4.6-1build2) ...
2026-10-07T23:43:33.3063124Z Setting up libgav1-1:amd64 (0.18.0-1build3) ...
2026-10-07T23:43:33.3080871Z Setting up libavcodec60:amd64 (7:6.1.1-3ubuntu5) ...
2026-10-07T23:43:33.3101164Z Setting up librubberband2:amd64 (3.3.0+dfsg-2build1) ...
2026-10-07T23:43:33.3121865Z Setting up libjack-jackd2-0:amd64 (1.9.21~dfsg-3ubuntu3) ...
2026-10-07T23:43:33.3139225Z Setting up libsord-0-0:amd64 (0.16.16-2build1) ...
2026-10-07T23:43:33.3161332Z Setting up xfonts-cyrillic (1:1.0.5+nmu1) ...
2026-10-07T23:43:33.3436792Z Setting up libpostproc57:amd64 (7:6.1.1-3ubuntu5) ...
2026-10-07T23:43:33.3462868Z Setting up libsratom-0-0:amd64 (0.6.16-1build1) ...
2026-10-07T23:43:33.3480083Z Setting up libsndfile1:amd64 (1.2.2-1ubuntu5.24.04.1) ...
2026-10-07T23:43:33.3728146Z Setting up liblilv-0-0:amd64 (0.24.22-1build1) ...
2026-10-07T23:43:33.3752264Z Setting up libinstpatch-1.0-2:amd64 (1.1.6-1build2) ...
2026-10-07T23:43:33.3771407Z Setting up xfonts-scalable (1:1.0.3-1.3) ...
2026-10-07T23:43:33.4031500Z Setting up libswscale7:amd64 (7:6.1.1-3ubuntu5) ...
2026-10-07T23:43:33.4054492Z Setting up libavif16:amd64 (1.0.4-1ubuntu3) ...
2026-10-07T23:43:33.4071217Z Setting up libpulse0:amd64 (1:16.1+dfsg1-2ubuntu10.1) ...
2026-10-07T23:43:33.4140056Z Setting up libavformat60:amd64 (7:6.1.1-3ubuntu5) ...
2026-10-07T23:43:33.4158677Z Setting up libsphinxbase3t64:amd64 (0.8+5prealpha+1-17build2) ...
2026-10-07T23:43:33.4176762Z Setting up libsdl2-2.0-0:amd64 (2.30.0+dfsg-1ubuntu3.1) ...
2026-10-07T23:43:33.4195839Z Setting up libfluidsynth3:amd64 (2.3.4-1build3) ...
2026-10-07T23:43:33.4218150Z Setting up libpocketsphinx3:amd64 (0.8.0+real5prealpha+1-15ubuntu5) ...
2026-10-07T23:43:33.4236682Z Setting up libavfilter9:amd64 (7:6.1.1-3ubuntu5) ...
2026-10-07T23:43:33.4253529Z Setting up gstreamer1.0-libav:amd64 (1.24.1-1build1) ...
2026-10-07T23:43:33.4541286Z Processing triggers for fontconfig (2.15.0-1.1ubuntu2) ...
2026-10-07T23:43:33.5399677Z Processing triggers for libc-bin (2.39-0ubuntu8.9) ...
2026-10-07T23:43:33.5889584Z Processing triggers for man-db (2.12.0-4build2) ...
2026-10-07T23:43:33.5911924Z Not building database; man-db/auto-update is not 'true'.
2026-10-07T23:43:33.5940938Z Processing triggers for libglib2.0-0t64:amd64 (2.80.0-6ubuntu3.9) ...
2026-10-07T23:43:33.6497963Z Setting up libgtk-4-1:amd64 (4.14.5+ds-0ubuntu0.10) ...
2026-10-07T23:43:33.8054824Z Setting up glib-networking:amd64 (2.80.0-1build1) ...
2026-10-07T23:43:33.8091857Z Setting up libsoup-3.0-0:amd64 (3.4.4-5ubuntu0.9) ...
2026-10-07T23:43:33.8119407Z Setting up libgssdp-1.6-0:amd64 (1.6.3-1build3) ...
2026-10-07T23:43:33.8189895Z Setting up gstreamer1.0-plugins-good:amd64 (1.24.2-1ubuntu1.8) ...
2026-10-07T23:43:33.8217818Z Setting up libgupnp-1.6-0:amd64 (1.6.6-1build3) ...
2026-10-07T23:43:33.8273871Z Setting up libgupnp-igd-1.6-0:amd64 (1.6.0-3build3) ...
2026-10-07T23:43:33.8310014Z Setting up libnice10:amd64 (0.1.21-2build3) ...
2026-10-07T23:43:33.8370892Z Setting up libgstreamer-plugins-bad1.0-0:amd64 (1.24.2-1ubuntu4) ...
2026-10-07T23:43:33.8412767Z Setting up gstreamer1.0-plugins-bad:amd64 (1.24.2-1ubuntu4) ...
2026-10-07T23:43:33.8437675Z Processing triggers for libc-bin (2.39-0ubuntu8.9) ...
2026-10-07T23:43:34.4991127Z 
2026-10-07T23:43:34.4991677Z Running kernel seems to be up-to-date.
2026-10-07T23:43:34.4991992Z 
2026-10-07T23:43:34.4992150Z Restarting services...
2026-10-07T23:43:34.5067991Z  systemctl restart php8.3-fpm.service
2026-10-07T23:43:34.6097940Z 
2026-10-07T23:43:34.6098756Z No containers need to be restarted.
2026-10-07T23:43:34.6099131Z 
2026-10-07T23:43:34.6099446Z No user sessions are running outdated binaries.
2026-10-07T23:43:34.6099802Z 
2026-10-07T23:43:34.6100282Z No VM guests are running outdated hypervisor (qemu) binaries on this host.
2026-10-07T23:43:35.4855749Z Downloading Chrome for Testing 151.0.7922.34 (playwright chromium v1234) from https://cdn.playwright.dev/builds/cft/151.0.7922.34/linux64/chrome-linux64.zip
2026-10-07T23:43:36.4790355Z |                                                                                |   0% of 184.3 MiB
2026-10-07T23:43:36.7019471Z |■■■■■■■■                                                                        |  10% of 184.3 MiB
2026-10-07T23:43:36.7903799Z |■■■■■■■■■■■■■■■■                                                                |  20% of 184.3 MiB
2026-10-07T23:43:36.8705431Z |■■■■■■■■■■■■■■■■■■■■■■■■                                                        |  30% of 184.3 MiB
2026-10-07T23:43:36.9536927Z |■■■■■■■■■■■■■■■■■■■■■■■■■■■■■■■■                                                |  40% of 184.3 MiB
2026-10-07T23:43:37.0326788Z |■■■■■■■■■■■■■■■■■■■■■■■■■■■■■■■■■■■■■■■■                                        |  50% of 184.3 MiB
2026-10-07T23:43:37.0947918Z |■■■■■■■■■■■■■■■■■■■■■■■■■■■■■■■■■■■■■■■■■■■■■■■■                                |  60% of 184.3 MiB
2026-10-07T23:43:37.1732674Z |■■■■■■■■■■■■■■■■■■■■■■■■■■■■■■■■■■■■■■■■■■■■■■■■■■■■■■■■                        |  70% of 184.3 MiB
2026-10-07T23:43:37.2716611Z |■■■■■■■■■■■■■■■■■■■■■■■■■■■■■■■■■■■■■■■■■■■■■■■■■■■■■■■■■■■■■■■■                |  80% of 184.3 MiB
2026-10-07T23:43:37.3761953Z |■■■■■■■■■■■■■■■■■■■■■■■■■■■■■■■■■■■■■■■■■■■■■■■■■■■■■■■■■■■■■■■■■■■■■■■■        |  90% of 184.3 MiB
2026-10-07T23:43:37.4441184Z |■■■■■■■■■■■■■■■■■■■■■■■■■■■■■■■■■■■■■■■■■■■■■■■■■■■■■■■■■■■■■■■■■■■■■■■■■■■■■■■■| 100% of 184.3 MiB
2026-10-07T23:43:40.7361703Z Chrome for Testing 151.0.7922.34 (playwright chromium v1234) downloaded to /home/runner/.cache/ms-playwright/chromium-1234
2026-10-07T23:43:40.7366744Z Downloading Chrome Headless Shell 151.0.7922.34 (playwright chromium-headless-shell v1234) from https://cdn.playwright.dev/builds/cft/151.0.7922.34/linux64/chrome-headless-shell-linux64.zip
2026-10-07T23:43:41.7515444Z |                                                                                |   0% of 114.7 MiB
2026-10-07T23:43:41.9360916Z |■■■■■■■■                                                                        |  10% of 114.7 MiB
2026-10-07T23:43:42.0373828Z |■■■■■■■■■■■■■■■■                                                                |  20% of 114.7 MiB
2026-10-07T23:43:42.0934114Z |■■■■■■■■■■■■■■■■■■■■■■■■                                                        |  30% of 114.7 MiB
2026-10-07T23:43:42.1587381Z |■■■■■■■■■■■■■■■■■■■■■■■■■■■■■■■■                                                |  40% of 114.7 MiB
2026-10-07T23:43:42.2382809Z |■■■■■■■■■■■■■■■■■■■■■■■■■■■■■■■■■■■■■■■■                                        |  50% of 114.7 MiB
2026-10-07T23:43:42.2858758Z |■■■■■■■■■■■■■■■■■■■■■■■■■■■■■■■■■■■■■■■■■■■■■■■■                                |  60% of 114.7 MiB
2026-10-07T23:43:42.3349121Z |■■■■■■■■■■■■■■■■■■■■■■■■■■■■■■■■■■■■■■■■■■■■■■■■■■■■■■■■                        |  70% of 114.7 MiB
2026-10-07T23:43:42.3991486Z |■■■■■■■■■■■■■■■■■■■■■■■■■■■■■■■■■■■■■■■■■■■■■■■■■■■■■■■■■■■■■■■■                |  80% of 114.7 MiB
2026-10-07T23:43:42.4406366Z |■■■■■■■■■■■■■■■■■■■■■■■■■■■■■■■■■■■■■■■■■■■■■■■■■■■■■■■■■■■■■■■■■■■■■■■■        |  90% of 114.7 MiB
2026-10-07T23:43:42.5071465Z |■■■■■■■■■■■■■■■■■■■■■■■■■■■■■■■■■■■■■■■■■■■■■■■■■■■■■■■■■■■■■■■■■■■■■■■■■■■■■■■■| 100% of 114.7 MiB
2026-10-07T23:43:44.8029324Z Chrome Headless Shell 151.0.7922.34 (playwright chromium-headless-shell v1234) downloaded to /home/runner/.cache/ms-playwright/chromium_headless_shell-1234
2026-10-07T23:43:44.8032798Z Downloading Firefox 153.0 (playwright firefox v1538) from https://cdn.playwright.dev/dbazure/download/playwright/builds/firefox/1538/firefox-ubuntu-24.04.zip
2026-10-07T23:43:45.7638104Z |                                                                                |   0% of 108.2 MiB
2026-10-07T23:43:45.8561168Z |■■■■■■■■                                                                        |  10% of 108.2 MiB
2026-10-07T23:43:45.9249821Z |■■■■■■■■■■■■■■■■                                                                |  20% of 108.2 MiB
2026-10-07T23:43:45.9754856Z |■■■■■■■■■■■■■■■■■■■■■■■■                                                        |  30% of 108.2 MiB
2026-10-07T23:43:46.0361819Z |■■■■■■■■■■■■■■■■■■■■■■■■■■■■■■■■                                                |  40% of 108.2 MiB
2026-10-07T23:43:46.1021875Z |■■■■■■■■■■■■■■■■■■■■■■■■■■■■■■■■■■■■■■■■                                        |  50% of 108.2 MiB
2026-10-07T23:43:46.1450641Z |■■■■■■■■■■■■■■■■■■■■■■■■■■■■■■■■■■■■■■■■■■■■■■■■                                |  60% of 108.2 MiB
2026-10-07T23:43:46.1906000Z |■■■■■■■■■■■■■■■■■■■■■■■■■■■■■■■■■■■■■■■■■■■■■■■■■■■■■■■■                        |  70% of 108.2 MiB
2026-10-07T23:43:46.2477975Z |■■■■■■■■■■■■■■■■■■■■■■■■■■■■■■■■■■■■■■■■■■■■■■■■■■■■■■■■■■■■■■■■                |  80% of 108.2 MiB
2026-10-07T23:43:46.2884105Z |■■■■■■■■■■■■■■■■■■■■■■■■■■■■■■■■■■■■■■■■■■■■■■■■■■■■■■■■■■■■■■■■■■■■■■■■        |  90% of 108.2 MiB
2026-10-07T23:43:46.3399569Z |■■■■■■■■■■■■■■■■■■■■■■■■■■■■■■■■■■■■■■■■■■■■■■■■■■■■■■■■■■■■■■■■■■■■■■■■■■■■■■■■| 100% of 108.2 MiB
2026-10-07T23:43:48.4177974Z Firefox 153.0 (playwright firefox v1538) downloaded to /home/runner/.cache/ms-playwright/firefox-1538
2026-10-07T23:43:48.4181754Z Downloading WebKit 26.5 (playwright webkit v2336) from https://cdn.playwright.dev/dbazure/download/playwright/builds/webkit/2336/webkit-ubuntu-24.04.zip
2026-10-07T23:43:49.3865145Z |                                                                                |   0% of 102 MiB
2026-10-07T23:43:49.4741526Z |■■■■■■■■                                                                        |  10% of 102 MiB
2026-10-07T23:43:49.5362834Z |■■■■■■■■■■■■■■■■                                                                |  20% of 102 MiB
2026-10-07T23:43:49.5945462Z |■■■■■■■■■■■■■■■■■■■■■■■■                                                        |  30% of 102 MiB
2026-10-07T23:43:49.6579365Z |■■■■■■■■■■■■■■■■■■■■■■■■■■■■■■■■                                                |  40% of 102 MiB
2026-10-07T23:43:49.7104284Z |■■■■■■■■■■■■■■■■■■■■■■■■■■■■■■■■■■■■■■■■                                        |  50% of 102 MiB
2026-10-07T23:43:49.7840942Z |■■■■■■■■■■■■■■■■■■■■■■■■■■■■■■■■■■■■■■■■■■■■■■■■                                |  60% of 102 MiB
2026-10-07T23:43:49.8257035Z |■■■■■■■■■■■■■■■■■■■■■■■■■■■■■■■■■■■■■■■■■■■■■■■■■■■■■■■■                        |  70% of 102 MiB
2026-10-07T23:43:49.8815369Z |■■■■■■■■■■■■■■■■■■■■■■■■■■■■■■■■■■■■■■■■■■■■■■■■■■■■■■■■■■■■■■■■                |  80% of 102 MiB
2026-10-07T23:43:49.9422246Z |■■■■■■■■■■■■■■■■■■■■■■■■■■■■■■■■■■■■■■■■■■■■■■■■■■■■■■■■■■■■■■■■■■■■■■■■        |  90% of 102 MiB
2026-10-07T23:43:50.0065431Z |■■■■■■■■■■■■■■■■■■■■■■■■■■■■■■■■■■■■■■■■■■■■■■■■■■■■■■■■■■■■■■■■■■■■■■■■■■■■■■■■| 100% of 102 MiB
2026-10-07T23:43:52.0361276Z WebKit 26.5 (playwright webkit v2336) downloaded to /home/runner/.cache/ms-playwright/webkit-2336
2026-10-07T23:43:52.0365100Z Downloading FFmpeg (playwright ffmpeg v1011) from https://cdn.playwright.dev/dbazure/download/playwright/builds/ffmpeg/1011/ffmpeg-linux.zip
2026-10-07T23:43:53.0068065Z |                                                                                |   0% of 2.3 MiB
2026-10-07T23:43:53.0172638Z |■■■■■■■■                                                                        |  10% of 2.3 MiB
2026-10-07T23:43:53.0241206Z |■■■■■■■■■■■■■■■■                                                                |  20% of 2.3 MiB
2026-10-07T23:43:53.0287597Z |■■■■■■■■■■■■■■■■■■■■■■■■                                                        |  30% of 2.3 MiB
2026-10-07T23:43:53.0323760Z |■■■■■■■■■■■■■■■■■■■■■■■■■■■■■■■■                                                |  40% of 2.3 MiB
2026-10-07T23:43:53.0335492Z |■■■■■■■■■■■■■■■■■■■■■■■■■■■■■■■■■■■■■■■■                                        |  50% of 2.3 MiB
2026-10-07T23:43:53.0369923Z |■■■■■■■■■■■■■■■■■■■■■■■■■■■■■■■■■■■■■■■■■■■■■■■■                                |  60% of 2.3 MiB
2026-10-07T23:43:53.0388134Z |■■■■■■■■■■■■■■■■■■■■■■■■■■■■■■■■■■■■■■■■■■■■■■■■■■■■■■■■                        |  70% of 2.3 MiB
2026-10-07T23:43:53.0405958Z |■■■■■■■■■■■■■■■■■■■■■■■■■■■■■■■■■■■■■■■■■■■■■■■■■■■■■■■■■■■■■■■■                |  80% of 2.3 MiB
2026-10-07T23:43:53.0423212Z |■■■■■■■■■■■■■■■■■■■■■■■■■■■■■■■■■■■■■■■■■■■■■■■■■■■■■■■■■■■■■■■■■■■■■■■■        |  90% of 2.3 MiB
2026-10-07T23:43:53.0436728Z |■■■■■■■■■■■■■■■■■■■■■■■■■■■■■■■■■■■■■■■■■■■■■■■■■■■■■■■■■■■■■■■■■■■■■■■■■■■■■■■■| 100% of 2.3 MiB
2026-10-07T23:43:53.1054838Z FFmpeg (playwright ffmpeg v1011) downloaded to /home/runner/.cache/ms-playwright/ffmpeg-1011
2026-10-07T23:43:53.4858813Z ##[group]Run pnpm exec playwright test --project=chromium --project=firefox --project=webkit --output=structural-direction-preflight-results --grep "retains structural RTL against native source|imports inherited inline alignment|retains a shared automatic section direction|inserts table columns on the physical left|preserves list direction through real transforms"
2026-10-07T23:43:53.4863783Z [36;1mpnpm exec playwright test --project=chromium --project=firefox --project=webkit --output=structural-direction-preflight-results --grep "retains structural RTL against native source|imports inherited inline alignment|retains a shared automatic section direction|inserts table columns on the physical left|preserves list direction through real transforms"[0m
2026-10-07T23:43:53.4944234Z shell: /usr/bin/bash -e {0}
2026-10-07T23:43:53.4944502Z env:
2026-10-07T23:43:53.4944763Z   PNPM_HOME: /home/runner/setup-pnpm/node_modules/.bin
2026-10-07T23:43:53.4945086Z ##[endgroup]
2026-10-07T23:43:55.0471653Z [WebServer] $ vite build -c vite.lib.config.ts && tsc -p tsconfig.build.json && node scripts/copy-assets.mjs && pnpm build:angular
2026-10-07T23:43:55.0477712Z 
2026-10-07T23:43:57.4572216Z [WebServer] $ pnpm --dir tools/angular-build exec ngc -p ../../tsconfig.angular.json && pnpm build:angular-demo
2026-10-07T23:43:57.4572776Z 
2026-10-07T23:43:59.8146774Z [WebServer] $ pnpm --dir tools/angular-build exec ngc -p ../../tsconfig.angular-demo.json
2026-10-07T23:43:59.8147822Z 
2026-10-07T23:44:08.4815844Z 
2026-10-07T23:44:08.4816505Z Running 36 tests using 2 workers
2026-10-07T23:44:08.4816792Z 
2026-10-07T23:44:09.4869181Z [1/36] [chromium] › tests/browser/editor.spec.ts:43:3 › preserves list direction through real transforms and downloaded HTML: unwrap
2026-10-07T23:44:09.5517059Z [2/36] [chromium] › tests/browser/editor.spec.ts:43:3 › preserves list direction through real transforms and downloaded HTML: indent
2026-10-07T23:44:14.7969849Z [3/36] [chromium] › tests/browser/editor.spec.ts:43:3 › preserves list direction through real transforms and downloaded HTML: nested-lift
2026-10-07T23:44:15.4350948Z [4/36] [chromium] › tests/browser/editor.spec.ts:43:3 › preserves list direction through real transforms and downloaded HTML: contained
2026-10-07T23:44:19.8479479Z [5/36] [chromium] › tests/browser/editor.spec.ts:49:3 › inserts table columns on the physical left and right: ltr
2026-10-07T23:44:20.7780019Z [6/36] [chromium] › tests/browser/editor.spec.ts:49:3 › inserts table columns on the physical left and right: rtl-cell-ltr
2026-10-07T23:44:24.9910622Z [7/36] [chromium] › tests/browser/editor.spec.ts:49:3 › inserts table columns on the physical left and right: auto
2026-10-07T23:44:25.7399679Z [8/36] [chromium] › tests/browser/editor.spec.ts:49:3 › inserts table columns on the physical left and right: host-css
2026-10-07T23:44:29.4460089Z [9/36] [chromium] › tests/browser/editor.spec.ts:49:3 › inserts table columns on the physical left and right: rtl-spans
2026-10-07T23:44:30.2214577Z [10/36] [chromium] › tests/browser/editor.spec.ts:54:1 › retains structural RTL against native source through author controls, physical table editing and downloaded HTML
2026-10-07T23:44:35.0836319Z [11/36] [chromium] › tests/browser/editor.spec.ts:58:1 › imports inherited inline alignment against a native surface and keeps it through real editing and downloaded HTML
2026-10-07T23:44:37.9050351Z [12/36] [chromium] › tests/browser/editor.spec.ts:66:1 › retains a shared automatic section direction through first-strong-text editing, history and reader preview
2026-10-07T23:44:40.3479625Z [13/36] [firefox] › tests/browser/editor.spec.ts:43:3 › preserves list direction through real transforms and downloaded HTML: unwrap
2026-10-07T23:44:43.1682911Z [14/36] [firefox] › tests/browser/editor.spec.ts:43:3 › preserves list direction through real transforms and downloaded HTML: indent
2026-10-07T23:44:47.2056050Z [15/36] [firefox] › tests/browser/editor.spec.ts:43:3 › preserves list direction through real transforms and downloaded HTML: nested-lift
2026-10-07T23:44:50.0086299Z [16/36] [firefox] › tests/browser/editor.spec.ts:43:3 › preserves list direction through real transforms and downloaded HTML: contained
2026-10-07T23:44:52.2169767Z [17/36] [firefox] › tests/browser/editor.spec.ts:49:3 › inserts table columns on the physical left and right: ltr
2026-10-07T23:44:55.1393130Z [18/36] [firefox] › tests/browser/editor.spec.ts:49:3 › inserts table columns on the physical left and right: rtl-cell-ltr
2026-10-07T23:44:56.8740804Z [19/36] [firefox] › tests/browser/editor.spec.ts:49:3 › inserts table columns on the physical left and right: auto
2026-10-07T23:44:59.8768093Z [20/36] [firefox] › tests/browser/editor.spec.ts:49:3 › inserts table columns on the physical left and right: host-css
2026-10-07T23:45:01.4609401Z [21/36] [firefox] › tests/browser/editor.spec.ts:49:3 › inserts table columns on the physical left and right: rtl-spans
2026-10-07T23:45:04.7365811Z [22/36] [firefox] › tests/browser/editor.spec.ts:54:1 › retains structural RTL against native source through author controls, physical table editing and downloaded HTML
2026-10-07T23:45:06.2427907Z [23/36] [firefox] › tests/browser/editor.spec.ts:58:1 › imports inherited inline alignment against a native surface and keeps it through real editing and downloaded HTML
2026-10-07T23:45:10.3391390Z [24/36] [firefox] › tests/browser/editor.spec.ts:66:1 › retains a shared automatic section direction through first-strong-text editing, history and reader preview
2026-10-07T23:45:14.1571771Z [25/36] [webkit] › tests/browser/editor.spec.ts:43:3 › preserves list direction through real transforms and downloaded HTML: unwrap
2026-10-07T23:45:16.3632771Z [26/36] [webkit] › tests/browser/editor.spec.ts:43:3 › preserves list direction through real transforms and downloaded HTML: indent
2026-10-07T23:45:29.4284746Z [27/36] [webkit] › tests/browser/editor.spec.ts:43:3 › preserves list direction through real transforms and downloaded HTML: nested-lift
2026-10-07T23:45:29.5680607Z [28/36] [webkit] › tests/browser/editor.spec.ts:43:3 › preserves list direction through real transforms and downloaded HTML: contained
2026-10-07T23:45:36.9862078Z [29/36] [webkit] › tests/browser/editor.spec.ts:49:3 › inserts table columns on the physical left and right: ltr
2026-10-07T23:45:37.7899793Z [30/36] [webkit] › tests/browser/editor.spec.ts:49:3 › inserts table columns on the physical left and right: rtl-cell-ltr
2026-10-07T23:45:45.7744757Z [31/36] [webkit] › tests/browser/editor.spec.ts:49:3 › inserts table columns on the physical left and right: auto
2026-10-07T23:45:46.6382260Z [32/36] [webkit] › tests/browser/editor.spec.ts:49:3 › inserts table columns on the physical left and right: host-css
2026-10-07T23:45:54.6029582Z [33/36] [webkit] › tests/browser/editor.spec.ts:49:3 › inserts table columns on the physical left and right: rtl-spans
2026-10-07T23:45:55.4332474Z [34/36] [webkit] › tests/browser/editor.spec.ts:54:1 › retains structural RTL against native source through author controls, physical table editing and downloaded HTML
2026-10-07T23:46:02.8018803Z [35/36] [webkit] › tests/browser/editor.spec.ts:58:1 › imports inherited inline alignment against a native surface and keeps it through real editing and downloaded HTML
2026-10-07T23:46:08.2901105Z [36/36] [webkit] › tests/browser/editor.spec.ts:66:1 › retains a shared automatic section direction through first-strong-text editing, history and reader preview
2026-10-07T23:46:15.5297913Z   36 passed (2.3m)
2026-10-07T23:46:15.7710487Z ##[group]Run pnpm exec playwright test --project=webkit --grep "opens and cancels public configuration panels|keeps the public native colour field|preserves inert HTML comments|edits RTL blocks|compares list-first code text-click"
2026-10-07T23:46:15.7713329Z [36;1mpnpm exec playwright test --project=webkit --grep "opens and cancels public configuration panels|keeps the public native colour field|preserves inert HTML comments|edits RTL blocks|compares list-first code text-click"[0m
2026-10-07T23:46:15.7779364Z shell: /usr/bin/bash -e {0}
2026-10-07T23:46:15.7779616Z env:
2026-10-07T23:46:15.7779879Z   PNPM_HOME: /home/runner/setup-pnpm/node_modules/.bin
2026-10-07T23:46:15.7780213Z ##[endgroup]
2026-10-07T23:46:17.2575069Z [WebServer] $ vite build -c vite.lib.config.ts && tsc -p tsconfig.build.json && node scripts/copy-assets.mjs && pnpm build:angular
2026-10-07T23:46:17.2576589Z 
2026-10-07T23:46:19.6470667Z [WebServer] $ pnpm --dir tools/angular-build exec ngc -p ../../tsconfig.angular.json && pnpm build:angular-demo
2026-10-07T23:46:19.6471498Z 
2026-10-07T23:46:22.0510334Z [WebServer] $ pnpm --dir tools/angular-build exec ngc -p ../../tsconfig.angular-demo.json
2026-10-07T23:46:22.0511061Z 
2026-10-07T23:46:26.3772458Z 
2026-10-07T23:46:26.3772910Z Running 5 tests using 2 workers
2026-10-07T23:46:26.3773167Z 
2026-10-07T23:46:27.4438633Z [1/5] [webkit] › tests/browser/editor.spec.ts:74:1 › edits RTL blocks with native keyboard selection, direction controls, Enter history and HTML reader export
2026-10-07T23:46:27.4756155Z [2/5] [webkit] › tests/browser/editor.spec.ts:62:1 › compares list-first code text-click focus and editing to a plain native surface
2026-10-07T23:46:32.1399217Z [3/5] [webkit] › tests/browser/editor.spec.ts:151:1 › preserves inert HTML comments through human editing source and reader output
2026-10-07T23:46:39.1339538Z [4/5] [webkit] › tests/browser/editor.spec.ts:5388:1 › opens and cancels public configuration panels with keyboard focus and exact document retention
2026-10-07T23:46:52.8695323Z [5/5] [webkit] › tests/browser/editor.spec.ts:5506:1 › keeps the public native colour field focused while formatting selected text and allows undo in the editor
2026-10-07T23:47:01.6772834Z   5 passed (44.9s)
2026-10-07T23:47:01.8971745Z ##[group]Run pnpm exec playwright test --project=firefox --grep "edits RTL blocks|compares list-first code text-click"
2026-10-07T23:47:01.8973286Z [36;1mpnpm exec playwright test --project=firefox --grep "edits RTL blocks|compares list-first code text-click"[0m
2026-10-07T23:47:01.9045408Z shell: /usr/bin/bash -e {0}
2026-10-07T23:47:01.9045673Z env:
2026-10-07T23:47:01.9045940Z   PNPM_HOME: /home/runner/setup-pnpm/node_modules/.bin
2026-10-07T23:47:01.9046477Z ##[endgroup]
2026-10-07T23:47:03.3603355Z [WebServer] $ vite build -c vite.lib.config.ts && tsc -p tsconfig.build.json && node scripts/copy-assets.mjs && pnpm build:angular
2026-10-07T23:47:03.3604326Z 
2026-10-07T23:47:05.9751132Z [WebServer] $ pnpm --dir tools/angular-build exec ngc -p ../../tsconfig.angular.json && pnpm build:angular-demo
2026-10-07T23:47:05.9752012Z 
2026-10-07T23:47:08.3486807Z [WebServer] $ pnpm --dir tools/angular-build exec ngc -p ../../tsconfig.angular-demo.json
2026-10-07T23:47:08.3487641Z 
2026-10-07T23:47:13.4467724Z 
2026-10-07T23:47:13.4468568Z Running 2 tests using 2 workers
2026-10-07T23:47:13.4470117Z 
2026-10-07T23:47:14.4450148Z [1/2] [firefox] › tests/browser/editor.spec.ts:62:1 › compares list-first code text-click focus and editing to a plain native surface
2026-10-07T23:47:14.4592362Z [2/2] [firefox] › tests/browser/editor.spec.ts:74:1 › edits RTL blocks with native keyboard selection, direction controls, Enter history and HTML reader export
2026-10-07T23:47:22.3864311Z   2 passed (19.5s)
2026-10-07T23:47:22.5503648Z ##[group]Run pnpm test:browser
2026-10-07T23:47:22.5503975Z [36;1mpnpm test:browser[0m
2026-10-07T23:47:22.5564340Z shell: /usr/bin/bash -e {0}
2026-10-07T23:47:22.5564595Z env:
2026-10-07T23:47:22.5564849Z   PNPM_HOME: /home/runner/setup-pnpm/node_modules/.bin
2026-10-07T23:47:22.5565195Z ##[endgroup]
2026-10-07T23:47:23.0089462Z $ playwright test
2026-10-07T23:47:24.0268020Z [WebServer] $ vite build -c vite.lib.config.ts && tsc -p tsconfig.build.json && node scripts/copy-assets.mjs && pnpm build:angular
2026-10-07T23:47:24.0269032Z 
2026-10-07T23:47:26.4840134Z [WebServer] $ pnpm --dir tools/angular-build exec ngc -p ../../tsconfig.angular.json && pnpm build:angular-demo
2026-10-07T23:47:26.4841006Z 
2026-10-07T23:47:28.8809448Z [WebServer] $ pnpm --dir tools/angular-build exec ngc -p ../../tsconfig.angular-demo.json
2026-10-07T23:47:28.8810087Z 
2026-10-07T23:47:34.3143364Z 
2026-10-07T23:47:34.3144063Z Running 737 tests using 2 workers
2026-10-07T23:47:34.3144495Z 
2026-10-07T23:47:35.3120549Z [1/737] [chromium] › tests/browser/editor.spec.ts:43:3 › preserves list direction through real transforms and downloaded HTML: indent
2026-10-07T23:47:35.4069477Z [2/737] [chromium] › tests/browser/editor.spec.ts:43:3 › preserves list direction through real transforms and downloaded HTML: unwrap
2026-10-07T23:47:39.9887024Z [3/737] [chromium] › tests/browser/editor.spec.ts:43:3 › preserves list direction through real transforms and downloaded HTML: nested-lift
2026-10-07T23:47:40.2184930Z [4/737] [chromium] › tests/browser/editor.spec.ts:43:3 › preserves list direction through real transforms and downloaded HTML: contained
2026-10-07T23:47:44.2439748Z [5/737] [chromium] › tests/browser/editor.spec.ts:49:3 › inserts table columns on the physical left and right: ltr
2026-10-07T23:47:44.7979552Z [6/737] [chromium] › tests/browser/editor.spec.ts:49:3 › inserts table columns on the physical left and right: rtl-cell-ltr
2026-10-07T23:47:48.6700808Z [7/737] [chromium] › tests/browser/editor.spec.ts:49:3 › inserts table columns on the physical left and right: auto
2026-10-07T23:47:49.5285742Z [8/737] [chromium] › tests/browser/editor.spec.ts:49:3 › inserts table columns on the physical left and right: host-css
2026-10-07T23:47:53.1362862Z [9/737] [chromium] › tests/browser/editor.spec.ts:49:3 › inserts table columns on the physical left and right: rtl-spans
2026-10-07T23:47:54.0927136Z [10/737] [chromium] › tests/browser/editor.spec.ts:54:1 › retains structural RTL against native source through author controls, physical table editing and downloaded HTML
2026-10-07T23:47:57.6483758Z [11/737] [chromium] › tests/browser/editor.spec.ts:58:1 › imports inherited inline alignment against a native surface and keeps it through real editing and downloaded HTML
2026-10-07T23:48:00.6834256Z [12/737] [chromium] › tests/browser/editor.spec.ts:62:1 › compares list-first code text-click focus and editing to a plain native surface
2026-10-07T23:48:01.3949115Z [13/737] [chromium] › tests/browser/editor.spec.ts:66:1 › retains a shared automatic section direction through first-strong-text editing, history and reader preview
2026-10-07T23:48:03.5654684Z [14/737] [chromium] › tests/browser/editor.spec.ts:70:1 › authors physical-left alignment under an RTL host and inherited-auto reader with history
2026-10-07T23:48:05.5840581Z [15/737] [chromium] › tests/browser/editor.spec.ts:74:1 › edits RTL blocks with native keyboard selection, direction controls, Enter history and HTML reader export
2026-10-07T23:48:07.3870070Z [16/737] [chromium] › tests/browser/editor.spec.ts:78:1 › separates the homepage framework descenders from the italic extend line
2026-10-07T23:48:09.8040996Z [17/737] [chromium] › tests/browser/editor.spec.ts:97:1 › keeps consecutive marked quoted and table blank lines visible in reader and saved HTML
2026-10-07T23:48:13.0760567Z [18/737] [chromium] › tests/browser/editor.spec.ts:101:1 › fills and reopens a retained childless paragraph using real pointer typing Enter Backspace and undo
2026-10-07T23:48:14.0321850Z [19/737] [chromium] › tests/browser/editor.spec.ts:105:1 › edits structured inert block wrappers with actual table navigation Enter Backspace history and safe reopening
2026-10-07T23:48:17.7230619Z [20/737] [chromium] › tests/browser/editor.spec.ts:109:1 › retains HTML link navigation and literal Markdown data through real editing and reopening
2026-10-07T23:48:21.2008794Z [21/737] [chromium] › tests/browser/editor.spec.ts:113:1 › edits inert script style textarea source with real Enter Backspace history and safe reader reopening
2026-10-07T23:48:26.8876888Z [22/737] [chromium] › tests/browser/editor.spec.ts:117:1 › retains unfinished raw HTML as editable Markdown source and discloses direct HTML omissions
2026-10-07T23:48:27.2124064Z [23/737] [chromium] › tests/browser/editor.spec.ts:121:1 › preserves registered inert inline source through real typing history and Markdown HTML JSON reopening
2026-10-07T23:48:31.4372912Z [24/737] [chromium] › tests/browser/editor.spec.ts:125:1 › preserves immutable snapshots and owned attributes through real typing Enter history and JSON reopening
2026-10-07T23:48:32.8858849Z [25/737] [chromium] › tests/browser/editor.spec.ts:129:1 › imports private files in the conversion lab with reports and export reopen
2026-10-07T23:48:33.4732138Z [26/737] [chromium] › tests/browser/editor.spec.ts:133:1 › resolves unequal Markdown runs through actual selection editing history download and reader reopen
2026-10-07T23:48:38.0572234Z [27/737] [chromium] › tests/browser/editor.spec.ts:138:3 › retains partial Markdown em scope through real typing history and canonical reopening
2026-10-07T23:48:39.9903215Z [28/737] [chromium] › tests/browser/editor.spec.ts:138:3 › retains partial Markdown strong scope through real typing history and canonical reopening
2026-10-07T23:48:40.8804151Z [29/737] [chromium] › tests/browser/editor.spec.ts:143:1 › submits resets and disables a native form-associated Web Component
2026-10-07T23:48:42.0802197Z [30/737] [chromium] › tests/browser/editor.spec.ts:147:1 › converts document-wide HTML scopes with source edit undo and explicit layout differences
2026-10-07T23:48:44.1750418Z [31/737] [chromium] › tests/browser/editor.spec.ts:151:1 › preserves inert HTML comments through human editing source and reader output
2026-10-07T23:48:47.4250982Z [32/737] [chromium] › tests/browser/editor.spec.ts:155:1 › copies anonymous flow internally and into an external plain-text editor through real clipboard
2026-10-07T23:48:50.1593381Z [33/737] [chromium] › tests/browser/editor.spec.ts:160:1 › retains cleared anonymous flow through real cut save reopen and continued editing
2026-10-07T23:48:51.2090247Z [34/737] [chromium] › tests/browser/editor.spec.ts:164:1 › retains anonymous HTML flow without extra spacing through real typing Enter deletion and reader output
2026-10-07T23:48:54.5370252Z [35/737] [chromium] › tests/browser/editor.spec.ts:168:1 › retains literal flow newlines through actual Markdown export and source reimport
2026-10-07T23:48:56.5961439Z [36/737] [chromium] › tests/browser/editor.spec.ts:172:1 › edits protected Markdown images and dividers inside HTML sections through history and reopening
2026-10-07T23:48:57.8399086Z [37/737] [chromium] › tests/browser/editor.spec.ts:176:1 › edits protected Markdown tables inside HTML sections through cell navigation history and reopening
2026-10-07T23:49:01.0990035Z [38/737] [chromium] › tests/browser/editor.spec.ts:180:1 › authors sections with properties, empty content, undo and reader preview
2026-10-07T23:49:02.8043004Z [39/737] [chromium] › tests/browser/editor.spec.ts:184:1 › preserves optional section containers through real editing and reader output
2026-10-07T23:49:05.8389437Z [40/737] [chromium] › tests/browser/editor.spec.ts:188:1 › edits and reopens a Word glossary with term and description roles
2026-10-07T23:49:08.0967761Z [41/737] [chromium] › tests/browser/editor.spec.ts:192:1 › imports and edits Word content controls without losing visible content
2026-10-07T23:49:11.6686278Z [42/737] [chromium] › tests/browser/editor.spec.ts:214:1 › preserves code endings through source recovery and reader handoff
2026-10-07T23:49:13.7312705Z [43/737] [chromium] › tests/browser/editor.spec.ts:218:1 › edits definition lists and reopens a glossary in a reader
2026-10-07T23:49:17.6426017Z [44/737] [chromium] › tests/browser/editor.spec.ts:222:1 › edits registered HTML wrappers after Markdown source recovery
2026-10-07T23:49:19.0114567Z [45/737] [chromium] › tests/browser/editor.spec.ts:226:1 › retains the complete document through pointer and keyboard output-format changes
2026-10-07T23:49:19.9919188Z [46/737] [chromium] › tests/browser/editor.spec.ts:230:1 › recovers nested Markdown lists and quotes through an editor and reader
2026-10-07T23:49:30.4080053Z [47/737] [chromium] › tests/browser/editor.spec.ts:234:1 › edits opaque code labels and reopens them safely in a reader
2026-10-07T23:49:30.7337648Z [48/737] [chromium] › tests/browser/editor.spec.ts:239:1 › guards editor actions against page reloads without suppressing failures
2026-10-07T23:49:32.7241329Z [49/737] [chromium] › tests/browser/editor.spec.ts:249:1 › recovers paragraph HTML into editable blocks and a reopened reader
2026-10-07T23:49:35.6623423Z [50/737] [chromium] › tests/browser/editor.spec.ts:253:1 › reads separate retired paragraphs after Markdown HTML scope conversion and handoff
2026-10-07T23:49:39.8595505Z [51/737] [chromium] › tests/browser/editor.spec.ts:257:1 › preserves headerless and mixed tables through source and file handoff
2026-10-07T23:49:44.0024912Z [52/737] [chromium] › tests/browser/editor.spec.ts:261:1 › retains HTML block formatting through server import, paste and draft handoff
2026-10-07T23:49:50.4002611Z [53/737] [chromium] › tests/browser/editor.spec.ts:265:1 › discovers product workflows and preserves separate task drafts and histories
2026-10-07T23:49:53.8877050Z [54/737] [chromium] › tests/browser/editor.spec.ts:269:1 › retains escaped pipes and strikethrough through table edits and Markdown handoff
2026-10-07T23:49:58.1781550Z [55/737] [chromium] › tests/browser/editor.spec.ts:273:1 › retains literal text lines through editing and Markdown handoff
2026-10-07T23:50:01.8353840Z [56/737] [chromium] › tests/browser/editor.spec.ts:277:1 › keeps literal syntax unformatted through visual edits and Markdown reopen
2026-10-07T23:50:01.9925693Z [57/737] [chromium] › tests/browser/editor.spec.ts:281:1 › chooses literal address import and retains links through DOCX handoff
2026-10-07T23:50:06.0161344Z [58/737] [chromium] › tests/browser/editor.spec.ts:285:1 › writes and reopens an issue with visual Markdown source fidelity and reader preview
2026-10-07T23:50:09.4953369Z [59/737] [chromium] › tests/browser/editor.spec.ts:289:1 › issue workflow preserves root references and validates local image files
2026-10-07T23:50:10.8474810Z [60/737] [chromium] › tests/browser/editor.spec.ts:321:1 › issue workflow preserves reference prefixes and reports container fallback
2026-10-07T23:50:12.9350877Z [61/737] [chromium] › tests/browser/editor.spec.ts:345:1 › reopens a full HTML report without promoting page metadata into editor content
2026-10-07T23:50:14.5057973Z [62/737] [chromium] › tests/browser/editor.spec.ts:349:1 › matches native document parsing for HTML envelopes, recovery, and noscript
2026-10-07T23:50:16.3453264Z [63/737] [chromium] › tests/browser/editor.spec.ts:363:1 › aligns selected paragraphs using backward selection, toolbar, history and HTML export
2026-10-07T23:50:17.5993622Z [64/737] [chromium] › tests/browser/editor.spec.ts:367:1 › exports independent DOCX list starts and renders the same procedure beside the editor
2026-10-07T23:50:19.5522483Z [65/737] [chromium] › tests/browser/editor.spec.ts:371:1 › retains zero-based list numbers through keyboard outdent history and export
2026-10-07T23:50:20.9083471Z [66/737] [chromium] › tests/browser/editor.spec.ts:375:1 › imports ordered-list starts like the native browser integer parser
2026-10-07T23:50:23.4180022Z [67/737] [chromium] › tests/browser/editor.spec.ts:389:1 › uses first-party Angular signals and directive for campaign editing and owner cleanup
2026-10-07T23:50:23.5603054Z [68/737] [chromium] › tests/browser/editor.spec.ts:393:1 › disposes Svelte custom block views before their owned engine
2026-10-07T23:50:26.0901845Z [69/737] [chromium] › tests/browser/editor.spec.ts:402:1 › uses first-party Svelte bindings for table editing, history, stores and owner disposal
2026-10-07T23:50:32.0275295Z [70/737] [chromium] › tests/browser/editor.spec.ts:406:1 › uses first-party Vue bindings for editing, reactive state, history and view remounts
2026-10-07T23:50:33.4690763Z [71/737] [chromium] › tests/browser/editor.spec.ts:410:1 › keeps real SVG equation links inside paged snapshots across editing and rebuilding
2026-10-07T23:50:38.4755370Z [72/737] [chromium] › tests/browser/editor.spec.ts:414:1 › saves and reopens equation files with source, references and history intact
2026-10-07T23:50:38.9821837Z [73/737] [chromium] › tests/browser/editor.spec.ts:418:1 › recovers from textless replacement for native typing, lines and history
2026-10-07T23:50:41.1249380Z [74/737] [chromium] › tests/browser/editor.spec.ts:422:1 › renders labelled equations and reader links through real editing and recovery
2026-10-07T23:50:47.1018173Z [75/737] [chromium] › tests/browser/editor.spec.ts:426:1 › keeps moved math source attached to its formula through native editing, undo, and export
2026-10-07T23:50:47.9316029Z [76/737] [chromium] › tests/browser/editor.spec.ts:430:1 › imports the published TeX table with visible losses and editable numeric values
2026-10-07T23:50:50.2964078Z [77/737] [chromium] › tests/browser/editor.spec.ts:514:1 › keeps comparison names separate from their copy in a mobile desktop-site viewport
2026-10-07T23:50:50.3766623Z [78/737] [chromium] › tests/browser/editor.spec.ts:542:1 › renders, edits, and measures portable page intent in a real browser
2026-10-07T23:50:51.7017020Z [79/737] [chromium] › tests/browser/editor.spec.ts:611:1 › measures browser line boxes, list items, rowspan groups, and footnotes as legal page fragments
2026-10-07T23:50:52.7981789Z [80/737] [chromium] › tests/browser/editor.spec.ts:705:1 › continues measured long footnotes through editable and print page projections
2026-10-07T23:50:53.0149950Z [81/737] [chromium] › tests/browser/editor.spec.ts:813:1 › prints a mixed repeated-footnote, merged-table, and manual-break document without loss
2026-10-07T23:50:55.2034943Z [82/737] [chromium] › tests/browser/editor.spec.ts:921:1 › paginates imported styled semantic HTML without structural or PDF text loss
2026-10-07T23:50:57.1608726Z [83/737] [chromium] › tests/browser/editor.spec.ts:1066:1 › uses a host print renderer without moving or exposing live custom DOM
2026-10-07T23:50:58.0813035Z [84/737] [chromium] › tests/browser/editor.spec.ts:1089:1 › projects exact A4 and Letter print sheets in every browser engine
2026-10-07T23:50:58.2660382Z [85/737] [chromium] › tests/browser/editor.spec.ts:1206:1 › emits exact A4 and Letter PDF pages for every projected sheet in Chromium
2026-10-07T23:51:00.0131485Z [86/737] [chromium] › tests/browser/editor.spec.ts:1246:1 › keeps 1,000-block pagination reflow local to the changed block
2026-10-07T23:51:00.2757965Z [87/737] [chromium] › tests/browser/editor.spec.ts:1258:1 › bounds alternating edge reflow across 5,000 rendered page blocks
2026-10-07T23:51:01.4974911Z [88/737] [chromium] › tests/browser/editor.spec.ts:1281:1 › keeps 5,000 unchanged page blocks cached through leading insertion and removal
2026-10-07T23:51:02.9812713Z [89/737] [chromium] › tests/browser/editor.spec.ts:1307:1 › edits, selects, and composes across guarded page shells in one contenteditable
2026-10-07T23:51:04.0685982Z [90/737] [chromium] › tests/browser/editor.spec.ts:1383:1 › keeps one paragraph editable when its measured lines span page shells
2026-10-07T23:51:04.9189605Z [91/737] [chromium] › tests/browser/editor.spec.ts:1510:1 › maps carets, ranges, and composition around injected paragraph page gaps
2026-10-07T23:51:06.2013917Z [92/737] [chromium] › tests/browser/editor.spec.ts:1614:1 › keeps one canonical ordered list editable and numbered across page shells
2026-10-07T23:51:06.8950858Z [93/737] [chromium] › tests/browser/editor.spec.ts:1749:52 › honours explicit table repetition independently of cell roles (ordinary)
2026-10-07T23:51:08.2166451Z [94/737] [chromium] › tests/browser/editor.spec.ts:1749:52 › honours explicit table repetition independently of cell roles (off)
2026-10-07T23:51:09.3110699Z [95/737] [chromium] › tests/browser/editor.spec.ts:1782:1 › keeps one canonical table editable with repeated headers across page shells
2026-10-07T23:51:10.4254869Z [96/737] [chromium] › tests/browser/editor.spec.ts:1932:1 › keeps merged header and body rowspans intact across editable table pages
2026-10-07T23:51:11.7936007Z [97/737] [chromium] › tests/browser/editor.spec.ts:1998:1 › reports an oversized table row without clipping or splitting its editable model
2026-10-07T23:51:12.4090163Z [98/737] [chromium] › tests/browser/editor.spec.ts:2040:1 › keeps canonical page furniture and footnotes editable while projecting every page copy
2026-10-07T23:51:13.5389457Z [99/737] [chromium] › tests/browser/editor.spec.ts:2125:1 › keeps code, media, disclosures, and custom atoms canonical across editable pages
2026-10-07T23:51:14.6831966Z [100/737] [chromium] › tests/browser/editor.spec.ts:2260:1 › keeps tracked review and Yjs live between list items split across pages
2026-10-07T23:51:15.8386928Z [101/737] [chromium] › tests/browser/editor.spec.ts:2326:1 › keeps tracked review and Yjs live between table rows split across pages
2026-10-07T23:51:17.1419084Z [102/737] [chromium] › tests/browser/editor.spec.ts:2403:13 › keeps comments attached and synchronized inside a continued list
2026-10-07T23:51:18.7639807Z [103/737] [chromium] › tests/browser/editor.spec.ts:2403:13 › keeps comments attached and synchronized inside a continued table
2026-10-07T23:51:19.8176710Z [104/737] [chromium] › tests/browser/editor.spec.ts:2457:1 › keeps tracked review and Yjs live inside a paragraph split across pages
2026-10-07T23:51:20.7989893Z [105/737] [chromium] › tests/browser/editor.spec.ts:2518:1 › keeps tracked review and Yjs collaboration live across automatic page boundaries
2026-10-07T23:51:22.6640592Z [106/737] [chromium] › tests/browser/editor.spec.ts:2593:1 › tracks real browser insertion and replacement with reversible review decisions
2026-10-07T23:51:23.0259640Z [107/737] [chromium] › tests/browser/editor.spec.ts:2622:1 › runs the package-backed full-text tracked review panel
2026-10-07T23:51:23.9516413Z [108/737] [chromium] › tests/browser/editor.spec.ts:2640:1 › runs package-backed named versions, exact comparison, preview, and guarded restoration
2026-10-07T23:51:25.8999762Z [109/737] [chromium] › tests/browser/editor.spec.ts:2670:1 › edits and persists package-backed collapsible details in the public playground
2026-10-07T23:51:27.1129770Z [110/737] [chromium] › tests/browser/editor.spec.ts:2696:1 › edits semantic ruby annotations through the package-backed public playground
2026-10-07T23:51:29.2499698Z [111/737] [chromium] › tests/browser/editor.spec.ts:2726:1 › converges live and offline Yjs edits and keeps collaborative undo author-local
2026-10-07T23:51:30.4146598Z [112/737] [chromium] › tests/browser/editor.spec.ts:2755:1 › runs reference links, recursive blocks, rich tables, and loss reports in a real browser
2026-10-07T23:51:30.5911947Z [113/737] [chromium] › tests/browser/editor.spec.ts:2780:1 › round-trips variable-delimiter Markdown code spans in the browser package
2026-10-07T23:51:31.5190648Z [114/737] [chromium] › tests/browser/editor.spec.ts:3348:1 › types, deletes, and undoes inside imported empty documents, quotes, and list items
2026-10-07T23:51:31.9720035Z [115/737] [chromium] › tests/browser/editor.spec.ts:3378:1 › round-trips marker-relative list containers and exact code whitespace
2026-10-07T23:51:33.0274667Z [116/737] [chromium] › tests/browser/editor.spec.ts:3422:1 › preserves raw Markdown and inert frontmatter through the browser package
2026-10-07T23:51:34.0980969Z [117/737] [chromium] › tests/browser/editor.spec.ts:3448:1 › edits through real beforeinput events and undoes a Markdown input rule
2026-10-07T23:51:35.2557919Z [118/737] [chromium] › tests/browser/editor.spec.ts:3462:1 › groups adjacent browser typing and respects explicit undo boundaries
2026-10-07T23:51:36.1185284Z [119/737] [chromium] › tests/browser/editor.spec.ts:3483:3 › preserves replacement formatting across subsequent typing input
2026-10-07T23:51:36.4675007Z [120/737] [chromium] › tests/browser/editor.spec.ts:3483:3 › preserves replacement formatting across subsequent composition input
2026-10-07T23:51:37.3292424Z [121/737] [chromium] › tests/browser/editor.spec.ts:3514:1 › commits cross-browser composition sequences once and supports replacement input
2026-10-07T23:51:37.6918771Z [122/737] [chromium] › tests/browser/editor.spec.ts:3546:1 › maps decorations through typing without persisting widget content
2026-10-07T23:51:38.5132817Z [123/737] [chromium] › tests/browser/editor.spec.ts:3561:1 › highlights editable code and updates language metadata through public commands
2026-10-07T23:51:38.8609712Z [124/737] [chromium] › tests/browser/editor.spec.ts:3591:1 › runs a view-focused chain and checks it without preview side effects
2026-10-07T23:51:39.7356943Z [125/737] [chromium] › tests/browser/editor.spec.ts:3612:1 › applies every configured paste-rule match through a browser paste event
2026-10-07T23:51:40.0550504Z [126/737] [chromium] › tests/browser/editor.spec.ts:3630:1 › autolinks, safely activates, edits, and removes links in a real browser
2026-10-07T23:51:40.8710138Z [127/737] [chromium] › tests/browser/editor.spec.ts:3661:1 › preserves structured rich HTML from a real browser clipboard event
2026-10-07T23:51:41.5154633Z [128/737] [chromium] › tests/browser/editor.spec.ts:3682:1 › pastes unwrapped inline HTML without dropping surrounding text or formatting
2026-10-07T23:51:42.0842882Z [129/737] [chromium] › tests/browser/editor.spec.ts:3703:1 › honors strict raw HTML token boundaries in the public Markdown pipeline
2026-10-07T23:51:42.8010728Z [130/737] [chromium] › tests/browser/editor.spec.ts:3720:1 › pastes unfamiliar HTML wrappers without flattening headings, paragraphs, or lists
2026-10-07T23:51:44.0202201Z [131/737] [chromium] › tests/browser/editor.spec.ts:3740:1 › pastes structured table cells and edits separate paragraphs without flattening nested blocks
2026-10-07T23:51:44.9146191Z [132/737] [chromium] › tests/browser/editor.spec.ts:3763:1 › retains standalone non-collapsible Unicode text during rich paste
2026-10-07T23:51:45.4421195Z [133/737] [chromium] › tests/browser/editor.spec.ts:3780:1 › pastes empty formatting and applies it to subsequently typed text
2026-10-07T23:51:46.2224285Z [134/737] [chromium] › tests/browser/editor.spec.ts:3804:57 › pastes and edits list-first code without inventing a blank paragraph
2026-10-07T23:51:46.6885148Z [135/737] [chromium] › tests/browser/editor.spec.ts:3804:57 › pastes and edits list-first code without inventing a blank paragraph from its label area
2026-10-07T23:51:47.8249817Z [136/737] [chromium] › tests/browser/editor.spec.ts:3832:1 › normalizes representative Word, Docs, and Excel clipboard payloads in every browser engine
2026-10-07T23:51:48.5348272Z [137/737] [chromium] › tests/browser/editor.spec.ts:3885:1 › imports an extension-defined HTML node through the schema contract
2026-10-07T23:51:49.5593987Z [138/737] [chromium] › tests/browser/editor.spec.ts:3910:1 › pastes mixed nested HTML lists without flattening their hierarchy
2026-10-07T23:51:49.5714177Z [139/737] [chromium] › tests/browser/editor.spec.ts:3933:1 › wraps, indents, lifts, and exits lists through browser-visible commands and keys
2026-10-07T23:51:50.7092718Z [140/737] [chromium] › tests/browser/editor.spec.ts:3963:1 › edits bidirectional and deeply nested text by logical document positions
2026-10-07T23:51:50.8320197Z [141/737] [chromium] › tests/browser/editor.spec.ts:3990:1 › moves a selected top-level block through native drag data
2026-10-07T23:51:51.9520734Z [142/737] [chromium] › tests/browser/editor.spec.ts:4008:1 › shows a host-replaceable drop cursor for inline text and atomic block targets
2026-10-07T23:51:52.2288250Z [143/737] [chromium] › tests/browser/editor.spec.ts:4069:1 › reorders nested blocks with accessible controls, drop indicators, drag, and undo
2026-10-07T23:51:53.0648169Z [144/737] [chromium] › tests/browser/editor.spec.ts:4144:1 › shows one structural block target across paragraphs, headings, lists, tables, media, and custom nodes
2026-10-07T23:51:53.7152696Z [145/737] [chromium] › tests/browser/editor.spec.ts:4240:1 › replaces a DOM selection that crosses block boundaries
2026-10-07T23:51:54.7974101Z [146/737] [chromium] › tests/browser/editor.spec.ts:4279:1 › keeps a visible editable paragraph after a terminal non-text block
2026-10-07T23:51:55.7784468Z [147/737] [chromium] › tests/browser/editor.spec.ts:4301:1 › uses Ctrl+A as an explicit all-document selection and replaces the document
2026-10-07T23:51:56.0654294Z [148/737] [chromium] › tests/browser/editor.spec.ts:4313:1 › selects and deletes a block image through real pointer and keyboard input
2026-10-07T23:51:57.1090159Z [149/737] [chromium] › tests/browser/editor.spec.ts:4336:1 › edits, aligns, resizes, and undoes a production image through accessible controls
2026-10-07T23:51:57.6514475Z [150/737] [chromium] › tests/browser/editor.spec.ts:4392:1 › inserts and removes a true inline image without breaking surrounding text
2026-10-07T23:51:58.6712412Z [151/737] [chromium] › tests/browser/editor.spec.ts:4410:1 › tracks and cancels browser-native image upload tasks
2026-10-07T23:51:58.7106346Z [152/737] [chromium] › tests/browser/editor.spec.ts:4450:1 › extends and replaces a rectangular cell selection through real pointer input
2026-10-07T23:51:59.9449560Z [153/737] [chromium] › tests/browser/editor.spec.ts:4478:1 › keeps mixed-format links intact through backward selection typing and history
2026-10-07T23:52:00.3858214Z [154/737] [chromium] › tests/browser/editor.spec.ts:4510:1 › reaches overflowing code by keyboard and leaves it without modifying the document
2026-10-07T23:52:01.3599518Z [155/737] [chromium] › tests/browser/editor.spec.ts:4556:1 › pastes into tab-focused code through Chromium clipboard without changing the previous paragraph
2026-10-07T23:52:01.9109897Z [156/737] [chromium] › tests/browser/editor.spec.ts:4580:1 › announces table resize values through real keyboard, pointer and history workflows
2026-10-07T23:52:02.7228181Z [157/737] [chromium] › tests/browser/editor.spec.ts:4633:1 › edits merged tables, resizes columns, toggles headers, and exchanges spreadsheet grids
2026-10-07T23:52:03.8203561Z [158/737] [chromium] › tests/browser/editor.spec.ts:4706:1 › keeps normal paste while offering bounded editor-local clipboard slots
2026-10-07T23:52:04.5766876Z [159/737] [chromium] › tests/browser/editor.spec.ts:4745:1 › renders and types into a structural gap as a new block
2026-10-07T23:52:04.9598664Z [160/737] [chromium] › tests/browser/editor.spec.ts:4757:1 › edits Lean without a mandatory server and renders transient provider diagnostics
2026-10-07T23:52:05.8279064Z [161/737] [chromium] › tests/browser/editor.spec.ts:4784:1 › keeps custom NodeViews live across updates and mapped moves while containing their DOM
2026-10-07T23:52:06.2919886Z [162/737] [chromium] › tests/browser/editor.spec.ts:4821:1 › loads the public React playground without console or page errors
2026-10-07T23:52:07.1067547Z [163/737] [chromium] › tests/browser/editor.spec.ts:4846:1 › publishes actionable extension authoring, conformance, and doctor guidance
2026-10-07T23:52:08.9429823Z [164/737] [chromium] › tests/browser/editor.spec.ts:4864:1 › pairs the optional AI demo with developer recipes for every public workflow
2026-10-07T23:52:09.0168640Z [165/737] [chromium] › tests/browser/editor.spec.ts:4885:1 › runs the public two-editor collaboration demo with presence and author-local undo
2026-10-07T23:52:10.8426048Z [166/737] [chromium] › tests/browser/editor.spec.ts:4952:1 › replaces both live collaboration documents without remounting the public editors
2026-10-07T23:52:12.1640670Z [167/737] [chromium] › tests/browser/editor.spec.ts:5011:1 › merges nested collaborative settings through the public two-editor demo
2026-10-07T23:52:14.2138174Z [168/737] [chromium] › tests/browser/editor.spec.ts:5030:1 › keeps headline phrases together and makes full-page navigation explicit
2026-10-07T23:52:15.2731220Z [169/737] [chromium] › tests/browser/editor.spec.ts:5055:1 › runs shared threaded comments through the public provider-neutral review panel
2026-10-07T23:52:18.2377622Z [170/737] [chromium] › tests/browser/editor.spec.ts:5112:1 › uses package-backed mentions, emoji, typography, and live counting in the public React playground
2026-10-07T23:52:18.7606895Z [171/737] [chromium] › tests/browser/editor.spec.ts:5173:1 › runs grouped default and product slash commands in the public React playground
2026-10-07T23:52:22.5426147Z [172/737] [chromium] › tests/browser/editor.spec.ts:5204:1 › runs accessible bubble and floating menus in the public React playground
2026-10-07T23:52:24.8356385Z [173/737] [chromium] › tests/browser/editor.spec.ts:5246:1 › composes and keyboard-navigates the public toolbar by stable group and action IDs
2026-10-07T23:52:26.3539998Z [174/737] [chromium] › tests/browser/editor.spec.ts:5283:1 › applies the complete text-style suite through the public React toolbar
2026-10-07T23:52:28.0099650Z [175/737] [chromium] › tests/browser/editor.spec.ts:5344:1 › uses the public React image workflow for metadata, alignment, and replacement
2026-10-07T23:52:30.8734737Z [176/737] [chromium] › tests/browser/editor.spec.ts:5388:1 › opens and cancels public configuration panels with keyboard focus and exact document retention
2026-10-07T23:52:32.0930169Z [177/737] [chromium] › tests/browser/editor.spec.ts:5506:1 › keeps the public native colour field focused while formatting selected text and allows undo in the editor
2026-10-07T23:52:34.8894799Z [178/737] [chromium] › tests/browser/editor.spec.ts:5533:1 › keeps table configuration labels legible on pointer hover
2026-10-07T23:52:38.0948897Z [179/737] [chromium] › tests/browser/editor.spec.ts:5572:1 › creates and edits a link through the public React toolbar
2026-10-07T23:52:41.4147082Z [180/737] [chromium] › tests/browser/editor.spec.ts:5603:1 › toggles a selected block through the public React list controls
2026-10-07T23:52:41.9469528Z [181/737] [chromium] › tests/browser/editor.spec.ts:5618:1 › edits code language and line numbers through the public React toolbar
2026-10-07T23:52:44.6319809Z [182/737] [chromium] › tests/browser/editor.spec.ts:5637:1 › opens the searchable clipboard-history picker in the public React toolbar
2026-10-07T23:52:45.2782309Z [183/737] [chromium] › tests/browser/editor.spec.ts:5670:1 › keeps the public outline stable, hierarchical, active, and navigable
2026-10-07T23:52:47.8410502Z [184/737] [chromium] › tests/browser/editor.spec.ts:5695:1 › exposes and explicitly cleans invisible text in the public playground
2026-10-07T23:52:48.8906069Z [185/737] [chromium] › tests/browser/editor.spec.ts:5736:1 › runs the public plain-DOM first-class widget demo
2026-10-07T23:52:51.5047685Z [186/737] [chromium] › tests/browser/editor.spec.ts:5783:1 › runs the public React first-class widget demo without losing control focus
2026-10-07T23:52:51.8256844Z [187/737] [chromium] › tests/browser/editor.spec.ts:5821:1 › makes the quote control discoverable and toggles an existing quote in the Java workflow demo
2026-10-07T23:52:54.0476665Z [188/737] [chromium] › tests/browser/editor.spec.ts:5835:1 › retains table captions and reports their projected association in the conversion demo
2026-10-07T23:52:54.2843225Z [189/737] [chromium] › tests/browser/editor.spec.ts:5852:1 › preserves complex figure content in the public Markdown conversion demo
2026-10-07T23:52:56.8970788Z [190/737] [chromium] › tests/browser/editor.spec.ts:5870:1 › runs the public headless Markdown, LaTeX, and server HTML pipeline
2026-10-07T23:52:57.3576031Z [191/737] [chromium] › tests/browser/editor.spec.ts:5941:1 › records native DOCX viewer disagreements without certifying math fidelity
2026-10-07T23:53:01.9870313Z [192/737] [chromium] › tests/browser/editor.spec.ts:5946:1 › checks actual DOCX retention beside an independent viewer without hiding its header omission
2026-10-07T23:53:03.8292797Z [193/737] [chromium] › tests/browser/editor.spec.ts:6062:1 › renders real KaTeX while reporting published-equation and trust failures without source loss
2026-10-07T23:53:06.0019131Z [194/737] [chromium] › tests/browser/editor.spec.ts:6093:1 › edits multiline math without losing line breaks, descriptions, or undo history
2026-10-07T23:53:08.7476251Z [195/737] [chromium] › tests/browser/editor.spec.ts:6130:1 › renders and inserts native math in the public DOM integration
2026-10-07T23:53:11.2173542Z [196/737] [chromium] › tests/browser/editor.spec.ts:6187:1 › makes table sizing, complete deletion, insertion gaps, and highlight colours explicit in the public demo
2026-10-07T23:53:11.6100041Z [197/737] [chromium] › tests/browser/editor.spec.ts:6235:1 › keeps rich and multiline paste structurally predictable in the public editor
2026-10-07T23:53:14.3095194Z [198/737] [chromium] › tests/browser/editor.spec.ts:6308:1 › round-trips a Fountain multi-block selection through Chromium clipboard HTML
2026-10-07T23:53:14.7802419Z [199/737] [chromium] › tests/browser/editor.spec.ts:6375:1 › round-trips an extension-owned Fountain atom through the Chromium clipboard
2026-10-07T23:53:16.0507123Z [200/737] [chromium] › tests/browser/editor.spec.ts:6424:1 › round-trips a complex whole Fountain document through the Chromium clipboard exactly
2026-10-07T23:53:16.5615127Z [201/737] [chromium] › tests/browser/editor.spec.ts:6511:1 › copies clean semantic Fountain HTML into an external browser editor
2026-10-07T23:53:17.8677524Z [202/737] [chromium] › tests/browser/editor.spec.ts:6566:1 › copies readable Fountain text into a plain-text external editor
2026-10-07T23:53:18.3689937Z [203/737] [chromium] › tests/browser/editor.spec.ts:6625:1 › copies math to external rich and plain-text editors without renderer controls
2026-10-07T23:53:19.7156366Z [204/737] [chromium] › tests/browser/editor.spec.ts:6670:1 › renders repeated empty paragraphs and removes each visible line
2026-10-07T23:53:20.9779777Z [205/737] [chromium] › tests/browser/editor.spec.ts:6700:1 › undoes and redoes real typing with both common browser keyboard chords
2026-10-07T23:53:22.0932001Z [206/737] [chromium] › tests/browser/editor.spec.ts:6717:1 › keeps a backward DOM selection backward after model synchronization
2026-10-07T23:53:22.2994379Z [207/737] [chromium] › tests/browser/editor.spec.ts:6741:1 › preserves a backward selection made with real keyboard input
2026-10-07T23:53:23.2749180Z [208/737] [chromium] › tests/browser/editor.spec.ts:6756:1 › replaces a backward selection made by a real reverse pointer drag
2026-10-07T23:53:23.5693858Z [209/737] [chromium] › tests/browser/editor.spec.ts:6792:1 › turns multi-format and multi-block selections into visible paragraph boundaries
2026-10-07T23:53:24.6896404Z [210/737] [chromium] › tests/browser/editor.spec.ts:6850:1 › visibly splits and joins ordinary paragraphs with both deletion directions
2026-10-07T23:53:25.5957511Z [211/737] [chromium] › tests/browser/editor.spec.ts:6875:1 › deletes an adjacent inline atom without eating surrounding text
2026-10-07T23:53:26.1116354Z [212/737] [chromium] › tests/browser/editor.spec.ts:6905:1 › unwraps and exits an inserted quote with ordinary browser keys
2026-10-07T23:53:26.8409013Z [213/737] [chromium] › tests/browser/editor.spec.ts:6934:1 › publishes semantic selection controls and table interaction in the demo gallery
2026-10-07T23:53:29.3982431Z [214/737] [chromium] › tests/browser/editor.spec.ts:6951:1 › runs campaign images, native media and safe embeds through Angular with honest upload boundaries
2026-10-07T23:53:29.8131930Z [215/737] [chromium] › tests/browser/editor.spec.ts:7028:1 › uses the public React media workflow for native playback, provider-gated embeds, and asset uploads
2026-10-07T23:53:34.3199222Z [216/737] [chromium] › tests/browser/editor.spec.ts:7073:1 › streams an optional AI proposal outside the document until review is ready
2026-10-07T23:53:35.9101998Z [217/737] [chromium] › tests/browser/editor.spec.ts:7098:1 › preserves whitespace when an AI proposal ends at a formatting boundary
2026-10-07T23:53:38.0935251Z [218/737] [chromium] › tests/browser/editor.spec.ts:7113:1 › runs a host-owned multi-turn AI conversation with reusable prompts and clear confirmation
2026-10-07T23:53:39.4474123Z [219/737] [chromium] › tests/browser/editor.spec.ts:7141:1 › reviews generated media before the normal host upload inserts one undoable node
2026-10-07T23:53:42.9537100Z [220/737] [chromium] › tests/browser/editor.spec.ts:7167:1 › reviews a schema-aware agent tool proposal before one-step apply and undo
2026-10-07T23:53:45.6871518Z [221/737] [chromium] › tests/browser/editor.spec.ts:7192:1 › keeps a 1,000-block input update local and paints within budget
2026-10-07T23:53:46.2939608Z [222/737] [chromium] › tests/browser/editor.spec.ts:7213:1 › virtualizes 100,000 blocks while preserving scrolling, distant selection, IME, and copy
2026-10-07T23:53:47.3209674Z [223/737] [chromium] › tests/browser/editor.spec.ts:7271:1 › exports rich tables as HTML Markdown and exposes the compatibility note
2026-10-07T23:53:48.4505525Z [224/737] [chromium] › tests/browser/editor.spec.ts:7293:1 › HTML comments do not insert phantom paragraphs in converted Markdown
2026-10-07T23:53:50.2939543Z [225/737] [chromium] › tests/browser/editor.spec.ts:7305:1 › imported table section order matches the physically rendered source table
2026-10-07T23:53:51.0396848Z [226/737] [chromium] › tests/browser/editor.spec.ts:7336:1 › imports zero-rowspan cells with the same row-group geometry in server and browser
2026-10-07T23:53:53.7354902Z [227/737] [chromium] › tests/browser/editor.spec.ts:7367:1 › reconstructs HTML tables across Markdown block boundaries
2026-10-07T23:53:54.6331226Z [228/737] [chromium] › tests/browser/editor.spec.ts:7388:1 › applies surrounding HTML formatting without replacing Markdown block content
2026-10-07T23:53:56.5410018Z [229/737] [chromium] › tests/browser/editor.spec.ts:7401:1 › converts raw HTML blocks only when the headless demo option is enabled
2026-10-07T23:53:57.3116188Z [230/737] [chromium] › tests/browser/editor.spec.ts:7417:1 › projects inline HTML around Markdown nodes only with explicit opt-in and visible fallback
2026-10-07T23:53:59.4949949Z [231/737] [chromium] › tests/browser/editor.spec.ts:7442:1 › shows specific discarded HTML and rejected URL losses in both conversion surfaces
2026-10-07T23:54:01.9771139Z [232/737] [firefox] › tests/browser/editor.spec.ts:43:3 › preserves list direction through real transforms and downloaded HTML: unwrap
2026-10-07T23:54:03.8925230Z [233/737] [firefox] › tests/browser/editor.spec.ts:43:3 › preserves list direction through real transforms and downloaded HTML: indent
2026-10-07T23:54:08.8330322Z [234/737] [firefox] › tests/browser/editor.spec.ts:43:3 › preserves list direction through real transforms and downloaded HTML: nested-lift
2026-10-07T23:54:11.1254678Z [235/737] [firefox] › tests/browser/editor.spec.ts:43:3 › preserves list direction through real transforms and downloaded HTML: contained
2026-10-07T23:54:13.9639816Z [236/737] [firefox] › tests/browser/editor.spec.ts:49:3 › inserts table columns on the physical left and right: ltr
2026-10-07T23:54:16.3682804Z [237/737] [firefox] › tests/browser/editor.spec.ts:49:3 › inserts table columns on the physical left and right: rtl-cell-ltr
2026-10-07T23:54:19.0087713Z [238/737] [firefox] › tests/browser/editor.spec.ts:49:3 › inserts table columns on the physical left and right: auto
2026-10-07T23:54:21.3188254Z [239/737] [firefox] › tests/browser/editor.spec.ts:49:3 › inserts table columns on the physical left and right: host-css
2026-10-07T23:54:24.0235036Z [240/737] [firefox] › tests/browser/editor.spec.ts:49:3 › inserts table columns on the physical left and right: rtl-spans
2026-10-07T23:54:26.3225941Z [241/737] [firefox] › tests/browser/editor.spec.ts:54:1 › retains structural RTL against native source through author controls, physical table editing and downloaded HTML
2026-10-07T23:54:28.8902407Z [242/737] [firefox] › tests/browser/editor.spec.ts:58:1 › imports inherited inline alignment against a native surface and keeps it through real editing and downloaded HTML
2026-10-07T23:54:32.8614937Z [243/737] [firefox] › tests/browser/editor.spec.ts:62:1 › compares list-first code text-click focus and editing to a plain native surface
2026-10-07T23:54:34.3380677Z [244/737] [firefox] › tests/browser/editor.spec.ts:66:1 › retains a shared automatic section direction through first-strong-text editing, history and reader preview
2026-10-07T23:54:36.8913088Z [245/737] [firefox] › tests/browser/editor.spec.ts:70:1 › authors physical-left alignment under an RTL host and inherited-auto reader with history
2026-10-07T23:54:39.4180801Z [246/737] [firefox] › tests/browser/editor.spec.ts:74:1 › edits RTL blocks with native keyboard selection, direction controls, Enter history and HTML reader export
2026-10-07T23:54:41.7301263Z [247/737] [firefox] › tests/browser/editor.spec.ts:78:1 › separates the homepage framework descenders from the italic extend line
2026-10-07T23:54:45.0424902Z [248/737] [firefox] › tests/browser/editor.spec.ts:97:1 › keeps consecutive marked quoted and table blank lines visible in reader and saved HTML
2026-10-07T23:54:47.1308376Z [249/737] [firefox] › tests/browser/editor.spec.ts:101:1 › fills and reopens a retained childless paragraph using real pointer typing Enter Backspace and undo
2026-10-07T23:54:50.4148701Z [250/737] [firefox] › tests/browser/editor.spec.ts:105:1 › edits structured inert block wrappers with actual table navigation Enter Backspace history and safe reopening
2026-10-07T23:54:54.3038431Z [251/737] [firefox] › tests/browser/editor.spec.ts:109:1 › retains HTML link navigation and literal Markdown data through real editing and reopening
2026-10-07T23:54:58.8243420Z [252/737] [firefox] › tests/browser/editor.spec.ts:113:1 › edits inert script style textarea source with real Enter Backspace history and safe reader reopening
2026-10-07T23:55:06.1699852Z [253/737] [firefox] › tests/browser/editor.spec.ts:117:1 › retains unfinished raw HTML as editable Markdown source and discloses direct HTML omissions
2026-10-07T23:55:07.1998271Z [254/737] [firefox] › tests/browser/editor.spec.ts:121:1 › preserves registered inert inline source through real typing history and Markdown HTML JSON reopening
2026-10-07T23:55:11.7429881Z [255/737] [firefox] › tests/browser/editor.spec.ts:125:1 › preserves immutable snapshots and owned attributes through real typing Enter history and JSON reopening
2026-10-07T23:55:13.3869639Z [256/737] [firefox] › tests/browser/editor.spec.ts:129:1 › imports private files in the conversion lab with reports and export reopen
2026-10-07T23:55:14.2524471Z [257/737] [firefox] › tests/browser/editor.spec.ts:133:1 › resolves unequal Markdown runs through actual selection editing history download and reader reopen
2026-10-07T23:55:19.7783856Z [258/737] [firefox] › tests/browser/editor.spec.ts:138:3 › retains partial Markdown em scope through real typing history and canonical reopening
2026-10-07T23:55:20.6149409Z [259/737] [firefox] › tests/browser/editor.spec.ts:138:3 › retains partial Markdown strong scope through real typing history and canonical reopening
2026-10-07T23:55:22.6473625Z [260/737] [firefox] › tests/browser/editor.spec.ts:143:1 › submits resets and disables a native form-associated Web Component
2026-10-07T23:55:23.4897518Z [261/737] [firefox] › tests/browser/editor.spec.ts:147:1 › converts document-wide HTML scopes with source edit undo and explicit layout differences
2026-10-07T23:55:26.3620169Z [262/737] [firefox] › tests/browser/editor.spec.ts:151:1 › preserves inert HTML comments through human editing source and reader output
2026-10-07T23:55:29.9897658Z [263/737] [firefox] › tests/browser/editor.spec.ts:155:1 › copies anonymous flow internally and into an external plain-text editor through real clipboard
2026-10-07T23:55:33.1529090Z [264/737] [firefox] › tests/browser/editor.spec.ts:160:1 › retains cleared anonymous flow through real cut save reopen and continued editing
2026-10-07T23:55:35.6051953Z [265/737] [firefox] › tests/browser/editor.spec.ts:164:1 › retains anonymous HTML flow without extra spacing through real typing Enter deletion and reader output
2026-10-07T23:55:39.0879239Z [266/737] [firefox] › tests/browser/editor.spec.ts:168:1 › retains literal flow newlines through actual Markdown export and source reimport
2026-10-07T23:55:42.4859547Z [267/737] [firefox] › tests/browser/editor.spec.ts:172:1 › edits protected Markdown images and dividers inside HTML sections through history and reopening
2026-10-07T23:55:42.6217541Z [268/737] [firefox] › tests/browser/editor.spec.ts:176:1 › edits protected Markdown tables inside HTML sections through cell navigation history and reopening
2026-10-07T23:55:49.1252466Z [269/737] [firefox] › tests/browser/editor.spec.ts:180:1 › authors sections with properties, empty content, undo and reader preview
2026-10-07T23:55:49.3389586Z [270/737] [firefox] › tests/browser/editor.spec.ts:184:1 › preserves optional section containers through real editing and reader output
2026-10-07T23:55:54.6485553Z [271/737] [firefox] › tests/browser/editor.spec.ts:188:1 › edits and reopens a Word glossary with term and description roles
2026-10-07T23:55:54.9062796Z [272/737] [firefox] › tests/browser/editor.spec.ts:192:1 › imports and edits Word content controls without losing visible content
2026-10-07T23:56:00.4497461Z [273/737] [firefox] › tests/browser/editor.spec.ts:214:1 › preserves code endings through source recovery and reader handoff
2026-10-07T23:56:00.7048401Z [274/737] [firefox] › tests/browser/editor.spec.ts:218:1 › edits definition lists and reopens a glossary in a reader
2026-10-07T23:56:07.1782664Z [275/737] [firefox] › tests/browser/editor.spec.ts:222:1 › edits registered HTML wrappers after Markdown source recovery
2026-10-07T23:56:07.4058311Z [276/737] [firefox] › tests/browser/editor.spec.ts:226:1 › retains the complete document through pointer and keyboard output-format changes
2026-10-07T23:56:10.2682260Z [277/737] [firefox] › tests/browser/editor.spec.ts:230:1 › recovers nested Markdown lists and quotes through an editor and reader
2026-10-07T23:56:20.8450453Z [278/737] [firefox] › tests/browser/editor.spec.ts:234:1 › edits opaque code labels and reopens them safely in a reader
2026-10-07T23:56:23.6685122Z [279/737] [firefox] › tests/browser/editor.spec.ts:239:1 › guards editor actions against page reloads without suppressing failures
2026-10-07T23:56:26.2241854Z [280/737] [firefox] › tests/browser/editor.spec.ts:249:1 › recovers paragraph HTML into editable blocks and a reopened reader
2026-10-07T23:56:26.3646892Z [281/737] [firefox] › tests/browser/editor.spec.ts:253:1 › reads separate retired paragraphs after Markdown HTML scope conversion and handoff
2026-10-07T23:56:31.3216145Z [282/737] [firefox] › tests/browser/editor.spec.ts:257:1 › preserves headerless and mixed tables through source and file handoff
2026-10-07T23:56:36.2239773Z [283/737] [firefox] › tests/browser/editor.spec.ts:261:1 › retains HTML block formatting through server import, paste and draft handoff
2026-10-07T23:56:42.2971200Z [284/737] [firefox] › tests/browser/editor.spec.ts:265:1 › discovers product workflows and preserves separate task drafts and histories
2026-10-07T23:56:45.5920024Z [285/737] [firefox] › tests/browser/editor.spec.ts:269:1 › retains escaped pipes and strikethrough through table edits and Markdown handoff
2026-10-07T23:56:49.9439427Z [286/737] [firefox] › tests/browser/editor.spec.ts:273:1 › retains literal text lines through editing and Markdown handoff
2026-10-07T23:56:53.3835920Z [287/737] [firefox] › tests/browser/editor.spec.ts:277:1 › keeps literal syntax unformatted through visual edits and Markdown reopen
2026-10-07T23:56:54.7704043Z [288/737] [firefox] › tests/browser/editor.spec.ts:281:1 › chooses literal address import and retains links through DOCX handoff
2026-10-07T23:56:57.4928913Z [289/737] [firefox] › tests/browser/editor.spec.ts:285:1 › writes and reopens an issue with visual Markdown source fidelity and reader preview
2026-10-07T23:57:02.3434191Z [290/737] [firefox] › tests/browser/editor.spec.ts:289:1 › issue workflow preserves root references and validates local image files
2026-10-07T23:57:02.7636675Z [291/737] [firefox] › tests/browser/editor.spec.ts:321:1 › issue workflow preserves reference prefixes and reports container fallback
2026-10-07T23:57:06.3059489Z [292/737] [firefox] › tests/browser/editor.spec.ts:345:1 › reopens a full HTML report without promoting page metadata into editor content
2026-10-07T23:57:06.5823797Z [293/737] [firefox] › tests/browser/editor.spec.ts:349:1 › matches native document parsing for HTML envelopes, recovery, and noscript
2026-10-07T23:57:09.3591336Z [294/737] [firefox] › tests/browser/editor.spec.ts:363:1 › aligns selected paragraphs using backward selection, toolbar, history and HTML export
2026-10-07T23:57:12.8882812Z [295/737] [firefox] › tests/browser/editor.spec.ts:367:1 › exports independent DOCX list starts and renders the same procedure beside the editor
2026-10-07T23:57:15.0896717Z [296/737] [firefox] › tests/browser/editor.spec.ts:371:1 › retains zero-based list numbers through keyboard outdent history and export
2026-10-07T23:57:15.4490545Z [297/737] [firefox] › tests/browser/editor.spec.ts:375:1 › imports ordered-list starts like the native browser integer parser
2026-10-07T23:57:18.4601487Z [298/737] [firefox] › tests/browser/editor.spec.ts:389:1 › uses first-party Angular signals and directive for campaign editing and owner cleanup
2026-10-07T23:57:19.9023168Z [299/737] [firefox] › tests/browser/editor.spec.ts:393:1 › disposes Svelte custom block views before their owned engine
2026-10-07T23:57:22.5870006Z [300/737] [firefox] › tests/browser/editor.spec.ts:402:1 › uses first-party Svelte bindings for table editing, history, stores and owner disposal
2026-10-07T23:57:28.0568384Z [301/737] [firefox] › tests/browser/editor.spec.ts:406:1 › uses first-party Vue bindings for editing, reactive state, history and view remounts
2026-10-07T23:57:28.4973988Z [302/737] [firefox] › tests/browser/editor.spec.ts:410:1 › keeps real SVG equation links inside paged snapshots across editing and rebuilding
2026-10-07T23:57:34.4020250Z [303/737] [firefox] › tests/browser/editor.spec.ts:414:1 › saves and reopens equation files with source, references and history intact
2026-10-07T23:57:35.3326218Z [304/737] [firefox] › tests/browser/editor.spec.ts:418:1 › recovers from textless replacement for native typing, lines and history
2026-10-07T23:57:38.7254222Z [305/737] [firefox] › tests/browser/editor.spec.ts:422:1 › renders labelled equations and reader links through real editing and recovery
2026-10-07T23:57:43.6839690Z [306/737] [firefox] › tests/browser/editor.spec.ts:426:1 › keeps moved math source attached to its formula through native editing, undo, and export
2026-10-07T23:57:46.9742479Z [307/737] [firefox] › tests/browser/editor.spec.ts:430:1 › imports the published TeX table with visible losses and editable numeric values
2026-10-07T23:57:47.1259770Z [308/737] [firefox] › tests/browser/editor.spec.ts:514:1 › keeps comparison names separate from their copy in a mobile desktop-site viewport
2026-10-07T23:57:49.8922073Z [309/737] [firefox] › tests/browser/editor.spec.ts:542:1 › renders, edits, and measures portable page intent in a real browser
2026-10-07T23:57:51.1793905Z [310/737] [firefox] › tests/browser/editor.spec.ts:611:1 › measures browser line boxes, list items, rowspan groups, and footnotes as legal page fragments
2026-10-07T23:57:51.3210373Z [311/737] [firefox] › tests/browser/editor.spec.ts:705:1 › continues measured long footnotes through editable and print page projections
2026-10-07T23:57:53.1050572Z [312/737] [firefox] › tests/browser/editor.spec.ts:813:1 › prints a mixed repeated-footnote, merged-table, and manual-break document without loss
2026-10-07T23:57:55.6078574Z [313/737] [firefox] › tests/browser/editor.spec.ts:921:1 › paginates imported styled semantic HTML without structural or PDF text loss
2026-10-07T23:57:57.8105601Z [314/737] [firefox] › tests/browser/editor.spec.ts:1066:1 › uses a host print renderer without moving or exposing live custom DOM
2026-10-07T23:57:57.8799337Z [315/737] [firefox] › tests/browser/editor.spec.ts:1089:1 › projects exact A4 and Letter print sheets in every browser engine
2026-10-07T23:57:59.5657454Z [316/737] [firefox] › tests/browser/editor.spec.ts:1206:1 › emits exact A4 and Letter PDF pages for every projected sheet in Chromium
2026-10-07T23:58:00.2941723Z [317/737] [firefox] › tests/browser/editor.spec.ts:1246:1 › keeps 1,000-block pagination reflow local to the changed block
2026-10-07T23:58:01.6758878Z [318/737] [firefox] › tests/browser/editor.spec.ts:1258:1 › bounds alternating edge reflow across 5,000 rendered page blocks
2026-10-07T23:58:01.8290617Z [319/737] [firefox] › tests/browser/editor.spec.ts:1281:1 › keeps 5,000 unchanged page blocks cached through leading insertion and removal
2026-10-07T23:58:04.9306581Z [320/737] [firefox] › tests/browser/editor.spec.ts:1307:1 › edits, selects, and composes across guarded page shells in one contenteditable
2026-10-07T23:58:05.0520865Z [321/737] [firefox] › tests/browser/editor.spec.ts:1383:1 › keeps one paragraph editable when its measured lines span page shells
2026-10-07T23:58:07.7741212Z [322/737] [firefox] › tests/browser/editor.spec.ts:1510:1 › maps carets, ranges, and composition around injected paragraph page gaps
2026-10-07T23:58:08.0473092Z [323/737] [firefox] › tests/browser/editor.spec.ts:1614:1 › keeps one canonical ordered list editable and numbered across page shells
2026-10-07T23:58:10.6289768Z [324/737] [firefox] › tests/browser/editor.spec.ts:1749:52 › honours explicit table repetition independently of cell roles (ordinary)
2026-10-07T23:58:11.2113789Z [325/737] [firefox] › tests/browser/editor.spec.ts:1749:52 › honours explicit table repetition independently of cell roles (off)
2026-10-07T23:58:14.1355229Z [326/737] [firefox] › tests/browser/editor.spec.ts:1782:1 › keeps one canonical table editable with repeated headers across page shells
2026-10-07T23:58:15.0636397Z [327/737] [firefox] › tests/browser/editor.spec.ts:1932:1 › keeps merged header and body rowspans intact across editable table pages
2026-10-07T23:58:17.6929118Z [328/737] [firefox] › tests/browser/editor.spec.ts:1998:1 › reports an oversized table row without clipping or splitting its editable model
2026-10-07T23:58:17.7320409Z [329/737] [firefox] › tests/browser/editor.spec.ts:2040:1 › keeps canonical page furniture and footnotes editable while projecting every page copy
2026-10-07T23:58:20.4293903Z [330/737] [firefox] › tests/browser/editor.spec.ts:2125:1 › keeps code, media, disclosures, and custom atoms canonical across editable pages
2026-10-07T23:58:21.2259860Z [331/737] [firefox] › tests/browser/editor.spec.ts:2260:1 › keeps tracked review and Yjs live between list items split across pages
2026-10-07T23:58:23.7129843Z [332/737] [firefox] › tests/browser/editor.spec.ts:2326:1 › keeps tracked review and Yjs live between table rows split across pages
2026-10-07T23:58:25.1869681Z [333/737] [firefox] › tests/browser/editor.spec.ts:2403:13 › keeps comments attached and synchronized inside a continued list
2026-10-07T23:58:27.3889676Z [334/737] [firefox] › tests/browser/editor.spec.ts:2403:13 › keeps comments attached and synchronized inside a continued table
2026-10-07T23:58:30.1504220Z [335/737] [firefox] › tests/browser/editor.spec.ts:2457:1 › keeps tracked review and Yjs live inside a paragraph split across pages
2026-10-07T23:58:30.2076728Z [336/737] [firefox] › tests/browser/editor.spec.ts:2518:1 › keeps tracked review and Yjs collaboration live across automatic page boundaries
2026-10-07T23:58:33.6696183Z [337/737] [firefox] › tests/browser/editor.spec.ts:2593:1 › tracks real browser insertion and replacement with reversible review decisions
2026-10-07T23:58:35.0052658Z [338/737] [firefox] › tests/browser/editor.spec.ts:2622:1 › runs the package-backed full-text tracked review panel
2026-10-07T23:58:35.3759817Z [339/737] [firefox] › tests/browser/editor.spec.ts:2640:1 › runs package-backed named versions, exact comparison, preview, and guarded restoration
2026-10-07T23:58:38.2346376Z [340/737] [firefox] › tests/browser/editor.spec.ts:2670:1 › edits and persists package-backed collapsible details in the public playground
2026-10-07T23:58:39.2501130Z [341/737] [firefox] › tests/browser/editor.spec.ts:2696:1 › edits semantic ruby annotations through the package-backed public playground
2026-10-07T23:58:42.4176596Z [342/737] [firefox] › tests/browser/editor.spec.ts:2726:1 › converges live and offline Yjs edits and keeps collaborative undo author-local
2026-10-07T23:58:43.3670045Z [343/737] [firefox] › tests/browser/editor.spec.ts:2755:1 › runs reference links, recursive blocks, rich tables, and loss reports in a real browser
2026-10-07T23:58:44.1913448Z [344/737] [firefox] › tests/browser/editor.spec.ts:2780:1 › round-trips variable-delimiter Markdown code spans in the browser package
2026-10-07T23:58:44.7660261Z [345/737] [firefox] › tests/browser/editor.spec.ts:3348:1 › types, deletes, and undoes inside imported empty documents, quotes, and list items
2026-10-07T23:58:46.8320122Z [346/737] [firefox] › tests/browser/editor.spec.ts:3378:1 › round-trips marker-relative list containers and exact code whitespace
2026-10-07T23:58:48.2424990Z [347/737] [firefox] › tests/browser/editor.spec.ts:3422:1 › preserves raw Markdown and inert frontmatter through the browser package
2026-10-07T23:58:49.4631817Z [348/737] [firefox] › tests/browser/editor.spec.ts:3448:1 › edits through real beforeinput events and undoes a Markdown input rule
2026-10-07T23:58:50.4951592Z [349/737] [firefox] › tests/browser/editor.spec.ts:3462:1 › groups adjacent browser typing and respects explicit undo boundaries
2026-10-07T23:58:51.0820902Z [350/737] [firefox] › tests/browser/editor.spec.ts:3483:3 › preserves replacement formatting across subsequent typing input
2026-10-07T23:58:52.2419652Z [351/737] [firefox] › tests/browser/editor.spec.ts:3483:3 › preserves replacement formatting across subsequent composition input
2026-10-07T23:58:52.8442177Z [352/737] [firefox] › tests/browser/editor.spec.ts:3514:1 › commits cross-browser composition sequences once and supports replacement input
2026-10-07T23:58:53.9092599Z [353/737] [firefox] › tests/browser/editor.spec.ts:3546:1 › maps decorations through typing without persisting widget content
2026-10-07T23:58:54.2695749Z [354/737] [firefox] › tests/browser/editor.spec.ts:3561:1 › highlights editable code and updates language metadata through public commands
2026-10-07T23:58:55.5230619Z [355/737] [firefox] › tests/browser/editor.spec.ts:3591:1 › runs a view-focused chain and checks it without preview side effects
2026-10-07T23:58:56.3308862Z [356/737] [firefox] › tests/browser/editor.spec.ts:3612:1 › applies every configured paste-rule match through a browser paste event
2026-10-07T23:58:56.9540415Z [357/737] [firefox] › tests/browser/editor.spec.ts:3630:1 › autolinks, safely activates, edits, and removes links in a real browser
2026-10-07T23:58:57.8204898Z [358/737] [firefox] › tests/browser/editor.spec.ts:3661:1 › preserves structured rich HTML from a real browser clipboard event
2026-10-07T23:58:59.0737155Z [359/737] [firefox] › tests/browser/editor.spec.ts:3682:1 › pastes unwrapped inline HTML without dropping surrounding text or formatting
2026-10-07T23:58:59.1389842Z [360/737] [firefox] › tests/browser/editor.spec.ts:3703:1 › honors strict raw HTML token boundaries in the public Markdown pipeline
2026-10-07T23:59:02.0320814Z [361/737] [firefox] › tests/browser/editor.spec.ts:3720:1 › pastes unfamiliar HTML wrappers without flattening headings, paragraphs, or lists
2026-10-07T23:59:02.5919401Z [362/737] [firefox] › tests/browser/editor.spec.ts:3740:1 › pastes structured table cells and edits separate paragraphs without flattening nested blocks
2026-10-07T23:59:04.4149634Z [363/737] [firefox] › tests/browser/editor.spec.ts:3763:1 › retains standalone non-collapsible Unicode text during rich paste
2026-10-07T23:59:05.4342149Z [364/737] [firefox] › tests/browser/editor.spec.ts:3780:1 › pastes empty formatting and applies it to subsequently typed text
2026-10-07T23:59:05.6669654Z [365/737] [firefox] › tests/browser/editor.spec.ts:3804:57 › pastes and edits list-first code without inventing a blank paragraph
2026-10-07T23:59:07.2959877Z [366/737] [firefox] › tests/browser/editor.spec.ts:3804:57 › pastes and edits list-first code without inventing a blank paragraph from its label area
2026-10-07T23:59:08.7412793Z [367/737] [firefox] › tests/browser/editor.spec.ts:3832:1 › normalizes representative Word, Docs, and Excel clipboard payloads in every browser engine
2026-10-07T23:59:08.7416721Z [368/737] [firefox] › tests/browser/editor.spec.ts:3885:1 › imports an extension-defined HTML node through the schema contract
2026-10-07T23:59:10.3449786Z [369/737] [firefox] › tests/browser/editor.spec.ts:3910:1 › pastes mixed nested HTML lists without flattening their hierarchy
2026-10-07T23:59:11.2659827Z [370/737] [firefox] › tests/browser/editor.spec.ts:3933:1 › wraps, indents, lifts, and exits lists through browser-visible commands and keys
2026-10-07T23:59:11.9377140Z [371/737] [firefox] › tests/browser/editor.spec.ts:3963:1 › edits bidirectional and deeply nested text by logical document positions
2026-10-07T23:59:12.8974711Z [372/737] [firefox] › tests/browser/editor.spec.ts:3990:1 › moves a selected top-level block through native drag data
2026-10-07T23:59:13.5828582Z [373/737] [firefox] › tests/browser/editor.spec.ts:4008:1 › shows a host-replaceable drop cursor for inline text and atomic block targets
2026-10-07T23:59:14.6644383Z [374/737] [firefox] › tests/browser/editor.spec.ts:4069:1 › reorders nested blocks with accessible controls, drop indicators, drag, and undo
2026-10-07T23:59:14.9630628Z [375/737] [firefox] › tests/browser/editor.spec.ts:4144:1 › shows one structural block target across paragraphs, headings, lists, tables, media, and custom nodes
2026-10-07T23:59:16.5329989Z [376/737] [firefox] › tests/browser/editor.spec.ts:4240:1 › replaces a DOM selection that crosses block boundaries
2026-10-07T23:59:18.0135094Z [377/737] [firefox] › tests/browser/editor.spec.ts:4279:1 › keeps a visible editable paragraph after a terminal non-text block
2026-10-07T23:59:18.9960511Z [378/737] [firefox] › tests/browser/editor.spec.ts:4301:1 › uses Ctrl+A as an explicit all-document selection and replaces the document
2026-10-07T23:59:19.5610456Z [379/737] [firefox] › tests/browser/editor.spec.ts:4313:1 › selects and deletes a block image through real pointer and keyboard input
2026-10-07T23:59:20.5938925Z [380/737] [firefox] › tests/browser/editor.spec.ts:4336:1 › edits, aligns, resizes, and undoes a production image through accessible controls
2026-10-07T23:59:22.4780159Z [381/737] [firefox] › tests/browser/editor.spec.ts:4392:1 › inserts and removes a true inline image without breaking surrounding text
2026-10-07T23:59:23.2572433Z [382/737] [firefox] › tests/browser/editor.spec.ts:4410:1 › tracks and cancels browser-native image upload tasks
2026-10-07T23:59:24.6675565Z [383/737] [firefox] › tests/browser/editor.spec.ts:4450:1 › extends and replaces a rectangular cell selection through real pointer input
2026-10-07T23:59:25.6389293Z [384/737] [firefox] › tests/browser/editor.spec.ts:4478:1 › keeps mixed-format links intact through backward selection typing and history
2026-10-07T23:59:26.3042333Z [385/737] [firefox] › tests/browser/editor.spec.ts:4510:1 › reaches overflowing code by keyboard and leaves it without modifying the document
2026-10-07T23:59:27.7199071Z [386/737] [firefox] › tests/browser/editor.spec.ts:4556:1 › pastes into tab-focused code through Chromium clipboard without changing the previous paragraph
2026-10-07T23:59:28.2101349Z [387/737] [firefox] › tests/browser/editor.spec.ts:4580:1 › announces table resize values through real keyboard, pointer and history workflows
2026-10-07T23:59:28.3703351Z [388/737] [firefox] › tests/browser/editor.spec.ts:4633:1 › edits merged tables, resizes columns, toggles headers, and exchanges spreadsheet grids
2026-10-07T23:59:30.1426257Z [389/737] [firefox] › tests/browser/editor.spec.ts:4706:1 › keeps normal paste while offering bounded editor-local clipboard slots
2026-10-07T23:59:31.3378733Z [390/737] [firefox] › tests/browser/editor.spec.ts:4745:1 › renders and types into a structural gap as a new block
2026-10-07T23:59:31.3708890Z [391/737] [firefox] › tests/browser/editor.spec.ts:4757:1 › edits Lean without a mandatory server and renders transient provider diagnostics
2026-10-07T23:59:33.1199947Z [392/737] [firefox] › tests/browser/editor.spec.ts:4784:1 › keeps custom NodeViews live across updates and mapped moves while containing their DOM
2026-10-07T23:59:33.1491759Z [393/737] [firefox] › tests/browser/editor.spec.ts:4821:1 › loads the public React playground without console or page errors
2026-10-07T23:59:35.0799821Z [394/737] [firefox] › tests/browser/editor.spec.ts:4846:1 › publishes actionable extension authoring, conformance, and doctor guidance
2026-10-07T23:59:36.1973262Z [395/737] [firefox] › tests/browser/editor.spec.ts:4864:1 › pairs the optional AI demo with developer recipes for every public workflow
2026-10-07T23:59:37.6346522Z [396/737] [firefox] › tests/browser/editor.spec.ts:4885:1 › runs the public two-editor collaboration demo with presence and author-local undo
2026-10-07T23:59:38.7930033Z [397/737] [firefox] › tests/browser/editor.spec.ts:4952:1 › replaces both live collaboration documents without remounting the public editors
2026-10-07T23:59:41.6024187Z [398/737] [firefox] › tests/browser/editor.spec.ts:5011:1 › merges nested collaborative settings through the public two-editor demo
2026-10-07T23:59:43.7782990Z [399/737] [firefox] › tests/browser/editor.spec.ts:5030:1 › keeps headline phrases together and makes full-page navigation explicit
2026-10-07T23:59:47.0100482Z [400/737] [firefox] › tests/browser/editor.spec.ts:5055:1 › runs shared threaded comments through the public provider-neutral review panel
2026-10-07T23:59:47.3800287Z [401/737] [firefox] › tests/browser/editor.spec.ts:5112:1 › uses package-backed mentions, emoji, typography, and live counting in the public React playground
2026-10-07T23:59:51.6991166Z [402/737] [firefox] › tests/browser/editor.spec.ts:5173:1 › runs grouped default and product slash commands in the public React playground
2026-10-07T23:59:53.1530431Z [403/737] [firefox] › tests/browser/editor.spec.ts:5204:1 › runs accessible bubble and floating menus in the public React playground
2026-10-07T23:59:58.4392023Z [404/737] [firefox] › tests/browser/editor.spec.ts:5246:1 › composes and keyboard-navigates the public toolbar by stable group and action IDs
2026-10-07T23:59:59.2988667Z [405/737] [firefox] › tests/browser/editor.spec.ts:5283:1 › applies the complete text-style suite through the public React toolbar
2026-10-08T00:00:02.2638771Z [406/737] [firefox] › tests/browser/editor.spec.ts:5344:1 › uses the public React image workflow for metadata, alignment, and replacement
2026-10-08T00:00:05.7284553Z [407/737] [firefox] › tests/browser/editor.spec.ts:5388:1 › opens and cancels public configuration panels with keyboard focus and exact document retention
2026-10-08T00:00:08.2040729Z [408/737] [firefox] › tests/browser/editor.spec.ts:5506:1 › keeps the public native colour field focused while formatting selected text and allows undo in the editor
2026-10-08T00:00:11.2993581Z [409/737] [firefox] › tests/browser/editor.spec.ts:5533:1 › keeps table configuration labels legible on pointer hover
2026-10-08T00:00:15.4711273Z [410/737] [firefox] › tests/browser/editor.spec.ts:5572:1 › creates and edits a link through the public React toolbar
2026-10-08T00:00:20.3459358Z [411/737] [firefox] › tests/browser/editor.spec.ts:5603:1 › toggles a selected block through the public React list controls
2026-10-08T00:00:21.1521011Z [412/737] [firefox] › tests/browser/editor.spec.ts:5618:1 › edits code language and line numbers through the public React toolbar
2026-10-08T00:00:24.7663662Z [413/737] [firefox] › tests/browser/editor.spec.ts:5637:1 › opens the searchable clipboard-history picker in the public React toolbar
2026-10-08T00:00:25.3895117Z [414/737] [firefox] › tests/browser/editor.spec.ts:5670:1 › keeps the public outline stable, hierarchical, active, and navigable
2026-10-08T00:00:29.2988689Z [415/737] [firefox] › tests/browser/editor.spec.ts:5695:1 › exposes and explicitly cleans invisible text in the public playground
2026-10-08T00:00:29.6182939Z [416/737] [firefox] › tests/browser/editor.spec.ts:5736:1 › runs the public plain-DOM first-class widget demo
2026-10-08T00:00:33.3403542Z [417/737] [firefox] › tests/browser/editor.spec.ts:5783:1 › runs the public React first-class widget demo without losing control focus
2026-10-08T00:00:36.4246445Z [418/737] [firefox] › tests/browser/editor.spec.ts:5821:1 › makes the quote control discoverable and toggles an existing quote in the Java workflow demo
2026-10-08T00:00:36.5714006Z [419/737] [firefox] › tests/browser/editor.spec.ts:5835:1 › retains table captions and reports their projected association in the conversion demo
2026-10-08T00:00:39.6428481Z [420/737] [firefox] › tests/browser/editor.spec.ts:5852:1 › preserves complex figure content in the public Markdown conversion demo
2026-10-08T00:00:41.1260005Z [421/737] [firefox] › tests/browser/editor.spec.ts:5870:1 › runs the public headless Markdown, LaTeX, and server HTML pipeline
2026-10-08T00:00:43.9841055Z [422/737] [firefox] › tests/browser/editor.spec.ts:5941:1 › records native DOCX viewer disagreements without certifying math fidelity
2026-10-08T00:00:47.6018803Z [423/737] [firefox] › tests/browser/editor.spec.ts:5946:1 › checks actual DOCX retention beside an independent viewer without hiding its header omission
2026-10-08T00:00:51.2060099Z [424/737] [firefox] › tests/browser/editor.spec.ts:6062:1 › renders real KaTeX while reporting published-equation and trust failures without source loss
2026-10-08T00:00:53.1789177Z [425/737] [firefox] › tests/browser/editor.spec.ts:6093:1 › edits multiline math without losing line breaks, descriptions, or undo history
2026-10-08T00:00:55.8639628Z [426/737] [firefox] › tests/browser/editor.spec.ts:6130:1 › renders and inserts native math in the public DOM integration
2026-10-08T00:00:56.6894493Z [427/737] [firefox] › tests/browser/editor.spec.ts:6187:1 › makes table sizing, complete deletion, insertion gaps, and highlight colours explicit in the public demo
2026-10-08T00:00:59.7732484Z [428/737] [firefox] › tests/browser/editor.spec.ts:6235:1 › keeps rich and multiline paste structurally predictable in the public editor
2026-10-08T00:01:01.4260002Z [429/737] [firefox] › tests/browser/editor.spec.ts:6308:1 › round-trips a Fountain multi-block selection through Chromium clipboard HTML
2026-10-08T00:01:02.0279704Z [430/737] [firefox] › tests/browser/editor.spec.ts:6375:1 › round-trips an extension-owned Fountain atom through the Chromium clipboard
2026-10-08T00:01:02.7208561Z [431/737] [firefox] › tests/browser/editor.spec.ts:6424:1 › round-trips a complex whole Fountain document through the Chromium clipboard exactly
2026-10-08T00:01:03.5280157Z [432/737] [firefox] › tests/browser/editor.spec.ts:6511:1 › copies clean semantic Fountain HTML into an external browser editor
2026-10-08T00:01:04.2001536Z [433/737] [firefox] › tests/browser/editor.spec.ts:6566:1 › copies readable Fountain text into a plain-text external editor
2026-10-08T00:01:04.2631498Z [434/737] [firefox] › tests/browser/editor.spec.ts:6625:1 › copies math to external rich and plain-text editors without renderer controls
2026-10-08T00:01:04.8785968Z [435/737] [firefox] › tests/browser/editor.spec.ts:6670:1 › renders repeated empty paragraphs and removes each visible line
2026-10-08T00:01:04.8788368Z [436/737] [firefox] › tests/browser/editor.spec.ts:6700:1 › undoes and redoes real typing with both common browser keyboard chords
2026-10-08T00:01:07.7627911Z [437/737] [firefox] › tests/browser/editor.spec.ts:6717:1 › keeps a backward DOM selection backward after model synchronization
2026-10-08T00:01:08.7834431Z [438/737] [firefox] › tests/browser/editor.spec.ts:6741:1 › preserves a backward selection made with real keyboard input
2026-10-08T00:01:09.1511842Z [439/737] [firefox] › tests/browser/editor.spec.ts:6756:1 › replaces a backward selection made by a real reverse pointer drag
2026-10-08T00:01:10.7224305Z [440/737] [firefox] › tests/browser/editor.spec.ts:6792:1 › turns multi-format and multi-block selections into visible paragraph boundaries
2026-10-08T00:01:11.1118879Z [441/737] [firefox] › tests/browser/editor.spec.ts:6850:1 › visibly splits and joins ordinary paragraphs with both deletion directions
2026-10-08T00:01:13.2450038Z [442/737] [firefox] › tests/browser/editor.spec.ts:6875:1 › deletes an adjacent inline atom without eating surrounding text
2026-10-08T00:01:13.5024281Z [443/737] [firefox] › tests/browser/editor.spec.ts:6905:1 › unwraps and exits an inserted quote with ordinary browser keys
2026-10-08T00:01:15.0789996Z [444/737] [firefox] › tests/browser/editor.spec.ts:6934:1 › publishes semantic selection controls and table interaction in the demo gallery
2026-10-08T00:01:18.3139563Z [445/737] [firefox] › tests/browser/editor.spec.ts:6951:1 › runs campaign images, native media and safe embeds through Angular with honest upload boundaries
2026-10-08T00:01:20.5174713Z [446/737] [firefox] › tests/browser/editor.spec.ts:7028:1 › uses the public React media workflow for native playback, provider-gated embeds, and asset uploads
2026-10-08T00:01:23.7089721Z [447/737] [firefox] › tests/browser/editor.spec.ts:7073:1 › streams an optional AI proposal outside the document until review is ready
2026-10-08T00:01:27.9942471Z [448/737] [firefox] › tests/browser/editor.spec.ts:7098:1 › preserves whitespace when an AI proposal ends at a formatting boundary
2026-10-08T00:01:28.0970597Z [449/737] [firefox] › tests/browser/editor.spec.ts:7113:1 › runs a host-owned multi-turn AI conversation with reusable prompts and clear confirmation
2026-10-08T00:01:32.8398932Z [450/737] [firefox] › tests/browser/editor.spec.ts:7141:1 › reviews generated media before the normal host upload inserts one undoable node
2026-10-08T00:01:33.5104040Z [451/737] [firefox] › tests/browser/editor.spec.ts:7167:1 › reviews a schema-aware agent tool proposal before one-step apply and undo
2026-10-08T00:01:37.2292391Z [452/737] [firefox] › tests/browser/editor.spec.ts:7192:1 › keeps a 1,000-block input update local and paints within budget
2026-10-08T00:01:39.3615255Z [453/737] [firefox] › tests/browser/editor.spec.ts:7213:1 › virtualizes 100,000 blocks while preserving scrolling, distant selection, IME, and copy
2026-10-08T00:01:39.6691678Z [454/737] [firefox] › tests/browser/editor.spec.ts:7271:1 › exports rich tables as HTML Markdown and exposes the compatibility note
2026-10-08T00:01:42.1909684Z [455/737] [firefox] › tests/browser/editor.spec.ts:7293:1 › HTML comments do not insert phantom paragraphs in converted Markdown
2026-10-08T00:01:43.6776781Z [456/737] [firefox] › tests/browser/editor.spec.ts:7305:1 › imported table section order matches the physically rendered source table
2026-10-08T00:01:47.4337603Z [457/737] [firefox] › tests/browser/editor.spec.ts:7336:1 › imports zero-rowspan cells with the same row-group geometry in server and browser
2026-10-08T00:01:47.5188458Z [458/737] [firefox] › tests/browser/editor.spec.ts:7367:1 › reconstructs HTML tables across Markdown block boundaries
2026-10-08T00:01:51.2079964Z [459/737] [firefox] › tests/browser/editor.spec.ts:7388:1 › applies surrounding HTML formatting without replacing Markdown block content
2026-10-08T00:01:51.8414211Z [460/737] [firefox] › tests/browser/editor.spec.ts:7401:1 › converts raw HTML blocks only when the headless demo option is enabled
2026-10-08T00:01:54.4805620Z [461/737] [firefox] › tests/browser/editor.spec.ts:7417:1 › projects inline HTML around Markdown nodes only with explicit opt-in and visible fallback
2026-10-08T00:01:55.6859943Z [462/737] [firefox] › tests/browser/editor.spec.ts:7442:1 › shows specific discarded HTML and rejected URL losses in both conversion surfaces
2026-10-08T00:02:01.4148769Z [463/737] [webkit] › tests/browser/editor.spec.ts:43:3 › preserves list direction through real transforms and downloaded HTML: unwrap
2026-10-08T00:02:02.6162333Z [464/737] [webkit] › tests/browser/editor.spec.ts:43:3 › preserves list direction through real transforms and downloaded HTML: indent
2026-10-08T00:02:08.6439388Z [465/737] [webkit] › tests/browser/editor.spec.ts:43:3 › preserves list direction through real transforms and downloaded HTML: nested-lift
2026-10-08T00:02:10.0007485Z [466/737] [webkit] › tests/browser/editor.spec.ts:43:3 › preserves list direction through real transforms and downloaded HTML: contained
2026-10-08T00:02:15.9466867Z [467/737] [webkit] › tests/browser/editor.spec.ts:49:3 › inserts table columns on the physical left and right: ltr
2026-10-08T00:02:18.0750355Z [468/737] [webkit] › tests/browser/editor.spec.ts:49:3 › inserts table columns on the physical left and right: rtl-cell-ltr
2026-10-08T00:02:24.5679213Z [469/737] [webkit] › tests/browser/editor.spec.ts:49:3 › inserts table columns on the physical left and right: auto
2026-10-08T00:02:26.8199354Z [470/737] [webkit] › tests/browser/editor.spec.ts:49:3 › inserts table columns on the physical left and right: host-css
2026-10-08T00:02:33.0718336Z [471/737] [webkit] › tests/browser/editor.spec.ts:49:3 › inserts table columns on the physical left and right: rtl-spans
2026-10-08T00:02:35.3792639Z [472/737] [webkit] › tests/browser/editor.spec.ts:54:1 › retains structural RTL against native source through author controls, physical table editing and downloaded HTML
2026-10-08T00:02:41.2115676Z [473/737] [webkit] › tests/browser/editor.spec.ts:58:1 › imports inherited inline alignment against a native surface and keeps it through real editing and downloaded HTML
2026-10-08T00:02:46.9108728Z [474/737] [webkit] › tests/browser/editor.spec.ts:62:1 › compares list-first code text-click focus and editing to a plain native surface
2026-10-08T00:02:48.8669953Z [475/737] [webkit] › tests/browser/editor.spec.ts:66:1 › retains a shared automatic section direction through first-strong-text editing, history and reader preview
2026-10-08T00:02:51.3595268Z [476/737] [webkit] › tests/browser/editor.spec.ts:70:1 › authors physical-left alignment under an RTL host and inherited-auto reader with history
2026-10-08T00:03:00.0086664Z [477/737] [webkit] › tests/browser/editor.spec.ts:74:1 › edits RTL blocks with native keyboard selection, direction controls, Enter history and HTML reader export
2026-10-08T00:03:00.1397991Z [478/737] [webkit] › tests/browser/editor.spec.ts:78:1 › separates the homepage framework descenders from the italic extend line
2026-10-08T00:03:07.0750625Z [479/737] [webkit] › tests/browser/editor.spec.ts:97:1 › keeps consecutive marked quoted and table blank lines visible in reader and saved HTML
2026-10-08T00:03:10.1383942Z [480/737] [webkit] › tests/browser/editor.spec.ts:101:1 › fills and reopens a retained childless paragraph using real pointer typing Enter Backspace and undo
2026-10-08T00:03:22.2570417Z [481/737] [webkit] › tests/browser/editor.spec.ts:105:1 › edits structured inert block wrappers with actual table navigation Enter Backspace history and safe reopening
2026-10-08T00:03:23.5768896Z [482/737] [webkit] › tests/browser/editor.spec.ts:109:1 › retains HTML link navigation and literal Markdown data through real editing and reopening
2026-10-08T00:03:43.8915573Z [483/737] [webkit] › tests/browser/editor.spec.ts:113:1 › edits inert script style textarea source with real Enter Backspace history and safe reader reopening
2026-10-08T00:03:51.7628291Z [484/737] [webkit] › tests/browser/editor.spec.ts:117:1 › retains unfinished raw HTML as editable Markdown source and discloses direct HTML omissions
2026-10-08T00:04:00.3418127Z [485/737] [webkit] › tests/browser/editor.spec.ts:121:1 › preserves registered inert inline source through real typing history and Markdown HTML JSON reopening
2026-10-08T00:04:03.2141980Z [486/737] [webkit] › tests/browser/editor.spec.ts:125:1 › preserves immutable snapshots and owned attributes through real typing Enter history and JSON reopening
2026-10-08T00:04:05.8821520Z [487/737] [webkit] › tests/browser/editor.spec.ts:129:1 › imports private files in the conversion lab with reports and export reopen
2026-10-08T00:04:16.4108252Z [488/737] [webkit] › tests/browser/editor.spec.ts:133:1 › resolves unequal Markdown runs through actual selection editing history download and reader reopen
2026-10-08T00:04:20.6319853Z [489/737] [webkit] › tests/browser/editor.spec.ts:138:3 › retains partial Markdown em scope through real typing history and canonical reopening
2026-10-08T00:04:23.3614540Z [490/737] [webkit] › tests/browser/editor.spec.ts:138:3 › retains partial Markdown strong scope through real typing history and canonical reopening
2026-10-08T00:04:25.2523365Z [491/737] [webkit] › tests/browser/editor.spec.ts:143:1 › submits resets and disables a native form-associated Web Component
2026-10-08T00:04:26.0026776Z [492/737] [webkit] › tests/browser/editor.spec.ts:147:1 › converts document-wide HTML scopes with source edit undo and explicit layout differences
2026-10-08T00:04:31.4691496Z [493/737] [webkit] › tests/browser/editor.spec.ts:151:1 › preserves inert HTML comments through human editing source and reader output
2026-10-08T00:04:35.1806514Z [494/737] [webkit] › tests/browser/editor.spec.ts:155:1 › copies anonymous flow internally and into an external plain-text editor through real clipboard
2026-10-08T00:04:41.5763341Z [495/737] [webkit] › tests/browser/editor.spec.ts:160:1 › retains cleared anonymous flow through real cut save reopen and continued editing
2026-10-08T00:04:52.0532963Z [496/737] [webkit] › tests/browser/editor.spec.ts:164:1 › retains anonymous HTML flow without extra spacing through real typing Enter deletion and reader output
2026-10-08T00:04:52.4548478Z [497/737] [webkit] › tests/browser/editor.spec.ts:168:1 › retains literal flow newlines through actual Markdown export and source reimport
2026-10-08T00:05:00.9228048Z [498/737] [webkit] › tests/browser/editor.spec.ts:172:1 › edits protected Markdown images and dividers inside HTML sections through history and reopening
2026-10-08T00:05:07.3729659Z [499/737] [webkit] › tests/browser/editor.spec.ts:176:1 › edits protected Markdown tables inside HTML sections through cell navigation history and reopening
2026-10-08T00:05:12.8454336Z [500/737] [webkit] › tests/browser/editor.spec.ts:180:1 › authors sections with properties, empty content, undo and reader preview
2026-10-08T00:05:21.7745631Z [501/737] [webkit] › tests/browser/editor.spec.ts:184:1 › preserves optional section containers through real editing and reader output
2026-10-08T00:05:27.5470205Z [502/737] [webkit] › tests/browser/editor.spec.ts:188:1 › edits and reopens a Word glossary with term and description roles
2026-10-08T00:05:31.8640317Z [503/737] [webkit] › tests/browser/editor.spec.ts:192:1 › imports and edits Word content controls without losing visible content
2026-10-08T00:05:40.5870421Z [504/737] [webkit] › tests/browser/editor.spec.ts:214:1 › preserves code endings through source recovery and reader handoff
2026-10-08T00:05:44.5703813Z [505/737] [webkit] › tests/browser/editor.spec.ts:218:1 › edits definition lists and reopens a glossary in a reader
2026-10-08T00:05:52.6089962Z [506/737] [webkit] › tests/browser/editor.spec.ts:222:1 › edits registered HTML wrappers after Markdown source recovery
2026-10-08T00:05:53.9815495Z [507/737] [webkit] › tests/browser/editor.spec.ts:226:1 › retains the complete document through pointer and keyboard output-format changes
2026-10-08T00:05:55.4340683Z [508/737] [webkit] › tests/browser/editor.spec.ts:230:1 › recovers nested Markdown lists and quotes through an editor and reader
2026-10-08T00:06:10.1127569Z [509/737] [webkit] › tests/browser/editor.spec.ts:234:1 › edits opaque code labels and reopens them safely in a reader
2026-10-08T00:06:18.8601695Z [510/737] [webkit] › tests/browser/editor.spec.ts:239:1 › guards editor actions against page reloads without suppressing failures
2026-10-08T00:06:19.2301938Z [511/737] [webkit] › tests/browser/editor.spec.ts:249:1 › recovers paragraph HTML into editable blocks and a reopened reader
2026-10-08T00:06:21.0136268Z [512/737] [webkit] › tests/browser/editor.spec.ts:253:1 › reads separate retired paragraphs after Markdown HTML scope conversion and handoff
2026-10-08T00:06:28.9549704Z [513/737] [webkit] › tests/browser/editor.spec.ts:257:1 › preserves headerless and mixed tables through source and file handoff
2026-10-08T00:06:36.5577456Z [514/737] [webkit] › tests/browser/editor.spec.ts:261:1 › retains HTML block formatting through server import, paste and draft handoff
2026-10-08T00:06:49.6386859Z [515/737] [webkit] › tests/browser/editor.spec.ts:265:1 › discovers product workflows and preserves separate task drafts and histories
2026-10-08T00:06:58.6123093Z [516/737] [webkit] › tests/browser/editor.spec.ts:269:1 › retains escaped pipes and strikethrough through table edits and Markdown handoff
2026-10-08T00:07:06.4569768Z [517/737] [webkit] › tests/browser/editor.spec.ts:273:1 › retains literal text lines through editing and Markdown handoff
2026-10-08T00:07:09.3066971Z [518/737] [webkit] › tests/browser/editor.spec.ts:277:1 › keeps literal syntax unformatted through visual edits and Markdown reopen
2026-10-08T00:07:12.9916322Z [519/737] [webkit] › tests/browser/editor.spec.ts:281:1 › chooses literal address import and retains links through DOCX handoff
2026-10-08T00:07:14.9770475Z [520/737] [webkit] › tests/browser/editor.spec.ts:285:1 › writes and reopens an issue with visual Markdown source fidelity and reader preview
2026-10-08T00:07:24.5000665Z [521/737] [webkit] › tests/browser/editor.spec.ts:289:1 › issue workflow preserves root references and validates local image files
2026-10-08T00:07:29.2195134Z [522/737] [webkit] › tests/browser/editor.spec.ts:321:1 › issue workflow preserves reference prefixes and reports container fallback
2026-10-08T00:07:31.7491623Z [523/737] [webkit] › tests/browser/editor.spec.ts:345:1 › reopens a full HTML report without promoting page metadata into editor content
2026-10-08T00:07:33.2950618Z [524/737] [webkit] › tests/browser/editor.spec.ts:349:1 › matches native document parsing for HTML envelopes, recovery, and noscript
2026-10-08T00:07:35.5630124Z [525/737] [webkit] › tests/browser/editor.spec.ts:363:1 › aligns selected paragraphs using backward selection, toolbar, history and HTML export
2026-10-08T00:07:40.3842545Z [526/737] [webkit] › tests/browser/editor.spec.ts:367:1 › exports independent DOCX list starts and renders the same procedure beside the editor
2026-10-08T00:07:43.7408891Z [527/737] [webkit] › tests/browser/editor.spec.ts:371:1 › retains zero-based list numbers through keyboard outdent history and export
2026-10-08T00:07:45.5909574Z [528/737] [webkit] › tests/browser/editor.spec.ts:375:1 › imports ordered-list starts like the native browser integer parser
2026-10-08T00:07:49.2330025Z [529/737] [webkit] › tests/browser/editor.spec.ts:389:1 › uses first-party Angular signals and directive for campaign editing and owner cleanup
2026-10-08T00:07:52.5070106Z [530/737] [webkit] › tests/browser/editor.spec.ts:393:1 › disposes Svelte custom block views before their owned engine
2026-10-08T00:07:54.5528852Z [531/737] [webkit] › tests/browser/editor.spec.ts:402:1 › uses first-party Svelte bindings for table editing, history, stores and owner disposal
2026-10-08T00:08:06.2989720Z [532/737] [webkit] › tests/browser/editor.spec.ts:406:1 › uses first-party Vue bindings for editing, reactive state, history and view remounts
2026-10-08T00:08:06.6275058Z [533/737] [webkit] › tests/browser/editor.spec.ts:410:1 › keeps real SVG equation links inside paged snapshots across editing and rebuilding
2026-10-08T00:08:14.0665775Z [534/737] [webkit] › tests/browser/editor.spec.ts:414:1 › saves and reopens equation files with source, references and history intact
2026-10-08T00:08:19.8799634Z [535/737] [webkit] › tests/browser/editor.spec.ts:418:1 › recovers from textless replacement for native typing, lines and history
2026-10-08T00:08:22.8879535Z [536/737] [webkit] › tests/browser/editor.spec.ts:422:1 › renders labelled equations and reader links through real editing and recovery
2026-10-08T00:08:25.3640562Z [537/737] [webkit] › tests/browser/editor.spec.ts:426:1 › keeps moved math source attached to its formula through native editing, undo, and export
2026-10-08T00:08:30.1495234Z [538/737] [webkit] › tests/browser/editor.spec.ts:430:1 › imports the published TeX table with visible losses and editable numeric values
2026-10-08T00:08:33.4678365Z [539/737] [webkit] › tests/browser/editor.spec.ts:514:1 › keeps comparison names separate from their copy in a mobile desktop-site viewport
2026-10-08T00:08:34.1281867Z [540/737] [webkit] › tests/browser/editor.spec.ts:542:1 › renders, edits, and measures portable page intent in a real browser
2026-10-08T00:08:35.8620175Z [541/737] [webkit] › tests/browser/editor.spec.ts:611:1 › measures browser line boxes, list items, rowspan groups, and footnotes as legal page fragments
2026-10-08T00:08:36.6279919Z [542/737] [webkit] › tests/browser/editor.spec.ts:705:1 › continues measured long footnotes through editable and print page projections
2026-10-08T00:08:37.6000685Z [543/737] [webkit] › tests/browser/editor.spec.ts:813:1 › prints a mixed repeated-footnote, merged-table, and manual-break document without loss
2026-10-08T00:08:40.1032871Z [544/737] [webkit] › tests/browser/editor.spec.ts:921:1 › paginates imported styled semantic HTML without structural or PDF text loss
2026-10-08T00:08:41.8632540Z [545/737] [webkit] › tests/browser/editor.spec.ts:1066:1 › uses a host print renderer without moving or exposing live custom DOM
2026-10-08T00:08:42.2382590Z [546/737] [webkit] › tests/browser/editor.spec.ts:1089:1 › projects exact A4 and Letter print sheets in every browser engine
2026-10-08T00:08:43.5529971Z [547/737] [webkit] › tests/browser/editor.spec.ts:1206:1 › emits exact A4 and Letter PDF pages for every projected sheet in Chromium
2026-10-08T00:08:44.1929562Z [548/737] [webkit] › tests/browser/editor.spec.ts:1246:1 › keeps 1,000-block pagination reflow local to the changed block
2026-10-08T00:08:44.5059720Z [549/737] [webkit] › tests/browser/editor.spec.ts:1258:1 › bounds alternating edge reflow across 5,000 rendered page blocks
2026-10-08T00:08:46.1219932Z [550/737] [webkit] › tests/browser/editor.spec.ts:1281:1 › keeps 5,000 unchanged page blocks cached through leading insertion and removal
2026-10-08T00:08:48.4653731Z [551/737] [webkit] › tests/browser/editor.spec.ts:1307:1 › edits, selects, and composes across guarded page shells in one contenteditable
2026-10-08T00:08:49.4129874Z [552/737] [webkit] › tests/browser/editor.spec.ts:1383:1 › keeps one paragraph editable when its measured lines span page shells
2026-10-08T00:08:50.8647600Z [553/737] [webkit] › tests/browser/editor.spec.ts:1510:1 › maps carets, ranges, and composition around injected paragraph page gaps
2026-10-08T00:08:52.2160076Z [554/737] [webkit] › tests/browser/editor.spec.ts:1614:1 › keeps one canonical ordered list editable and numbered across page shells
2026-10-08T00:08:53.3910876Z [555/737] [webkit] › tests/browser/editor.spec.ts:1749:52 › honours explicit table repetition independently of cell roles (ordinary)
2026-10-08T00:08:55.0251102Z [556/737] [webkit] › tests/browser/editor.spec.ts:1749:52 › honours explicit table repetition independently of cell roles (off)
2026-10-08T00:08:57.7729364Z [557/737] [webkit] › tests/browser/editor.spec.ts:1782:1 › keeps one canonical table editable with repeated headers across page shells
2026-10-08T00:08:58.6189799Z [558/737] [webkit] › tests/browser/editor.spec.ts:1932:1 › keeps merged header and body rowspans intact across editable table pages
2026-10-08T00:09:01.2205076Z [559/737] [webkit] › tests/browser/editor.spec.ts:1998:1 › reports an oversized table row without clipping or splitting its editable model
2026-10-08T00:09:01.5245073Z [560/737] [webkit] › tests/browser/editor.spec.ts:2040:1 › keeps canonical page furniture and footnotes editable while projecting every page copy
2026-10-08T00:09:03.8695239Z [561/737] [webkit] › tests/browser/editor.spec.ts:2125:1 › keeps code, media, disclosures, and custom atoms canonical across editable pages
2026-10-08T00:09:05.1428490Z [562/737] [webkit] › tests/browser/editor.spec.ts:2260:1 › keeps tracked review and Yjs live between list items split across pages
2026-10-08T00:09:07.6871183Z [563/737] [webkit] › tests/browser/editor.spec.ts:2326:1 › keeps tracked review and Yjs live between table rows split across pages
2026-10-08T00:09:08.8699667Z [564/737] [webkit] › tests/browser/editor.spec.ts:2403:13 › keeps comments attached and synchronized inside a continued list
2026-10-08T00:09:11.3906404Z [565/737] [webkit] › tests/browser/editor.spec.ts:2403:13 › keeps comments attached and synchronized inside a continued table
2026-10-08T00:09:12.7048815Z [566/737] [webkit] › tests/browser/editor.spec.ts:2457:1 › keeps tracked review and Yjs live inside a paragraph split across pages
2026-10-08T00:09:14.3405312Z [567/737] [webkit] › tests/browser/editor.spec.ts:2518:1 › keeps tracked review and Yjs collaboration live across automatic page boundaries
2026-10-08T00:09:16.9386218Z [568/737] [webkit] › tests/browser/editor.spec.ts:2593:1 › tracks real browser insertion and replacement with reversible review decisions
2026-10-08T00:09:17.6665130Z [569/737] [webkit] › tests/browser/editor.spec.ts:2622:1 › runs the package-backed full-text tracked review panel
2026-10-08T00:09:18.7241869Z [570/737] [webkit] › tests/browser/editor.spec.ts:2640:1 › runs package-backed named versions, exact comparison, preview, and guarded restoration
2026-10-08T00:09:22.2579724Z [571/737] [webkit] › tests/browser/editor.spec.ts:2670:1 › edits and persists package-backed collapsible details in the public playground
2026-10-08T00:09:24.0414769Z [572/737] [webkit] › tests/browser/editor.spec.ts:2696:1 › edits semantic ruby annotations through the package-backed public playground
2026-10-08T00:09:28.9159060Z [573/737] [webkit] › tests/browser/editor.spec.ts:2726:1 › converges live and offline Yjs edits and keeps collaborative undo author-local
2026-10-08T00:09:30.1445855Z [574/737] [webkit] › tests/browser/editor.spec.ts:2755:1 › runs reference links, recursive blocks, rich tables, and loss reports in a real browser
2026-10-08T00:09:30.6936642Z [575/737] [webkit] › tests/browser/editor.spec.ts:2780:1 › round-trips variable-delimiter Markdown code spans in the browser package
2026-10-08T00:09:31.5005368Z [576/737] [webkit] › tests/browser/editor.spec.ts:3348:1 › types, deletes, and undoes inside imported empty documents, quotes, and list items
2026-10-08T00:09:32.2056586Z [577/737] [webkit] › tests/browser/editor.spec.ts:3378:1 › round-trips marker-relative list containers and exact code whitespace
2026-10-08T00:09:33.7458821Z [578/737] [webkit] › tests/browser/editor.spec.ts:3422:1 › preserves raw Markdown and inert frontmatter through the browser package
2026-10-08T00:09:35.1968397Z [579/737] [webkit] › tests/browser/editor.spec.ts:3448:1 › edits through real beforeinput events and undoes a Markdown input rule
2026-10-08T00:09:36.9919707Z [580/737] [webkit] › tests/browser/editor.spec.ts:3462:1 › groups adjacent browser typing and respects explicit undo boundaries
2026-10-08T00:09:38.6526671Z [581/737] [webkit] › tests/browser/editor.spec.ts:3483:3 › preserves replacement formatting across subsequent typing input
2026-10-08T00:09:38.8642587Z [582/737] [webkit] › tests/browser/editor.spec.ts:3483:3 › preserves replacement formatting across subsequent composition input
2026-10-08T00:09:40.1736905Z [583/737] [webkit] › tests/browser/editor.spec.ts:3514:1 › commits cross-browser composition sequences once and supports replacement input
2026-10-08T00:09:40.4499646Z [584/737] [webkit] › tests/browser/editor.spec.ts:3546:1 › maps decorations through typing without persisting widget content
2026-10-08T00:09:41.6496423Z [585/737] [webkit] › tests/browser/editor.spec.ts:3561:1 › highlights editable code and updates language metadata through public commands
2026-10-08T00:09:41.9633886Z [586/737] [webkit] › tests/browser/editor.spec.ts:3591:1 › runs a view-focused chain and checks it without preview side effects
2026-10-08T00:09:43.4289508Z [587/737] [webkit] › tests/browser/editor.spec.ts:3612:1 › applies every configured paste-rule match through a browser paste event
2026-10-08T00:09:43.5482836Z [588/737] [webkit] › tests/browser/editor.spec.ts:3630:1 › autolinks, safely activates, edits, and removes links in a real browser
2026-10-08T00:09:44.9938833Z [589/737] [webkit] › tests/browser/editor.spec.ts:3661:1 › preserves structured rich HTML from a real browser clipboard event
2026-10-08T00:09:45.3419052Z [590/737] [webkit] › tests/browser/editor.spec.ts:3682:1 › pastes unwrapped inline HTML without dropping surrounding text or formatting
2026-10-08T00:09:46.3956165Z [591/737] [webkit] › tests/browser/editor.spec.ts:3703:1 › honors strict raw HTML token boundaries in the public Markdown pipeline
2026-10-08T00:09:46.9039235Z [592/737] [webkit] › tests/browser/editor.spec.ts:3720:1 › pastes unfamiliar HTML wrappers without flattening headings, paragraphs, or lists
2026-10-08T00:09:48.7569912Z [593/737] [webkit] › tests/browser/editor.spec.ts:3740:1 › pastes structured table cells and edits separate paragraphs without flattening nested blocks
2026-10-08T00:09:50.7182316Z [594/737] [webkit] › tests/browser/editor.spec.ts:3763:1 › retains standalone non-collapsible Unicode text during rich paste
2026-10-08T00:09:50.9980045Z [595/737] [webkit] › tests/browser/editor.spec.ts:3780:1 › pastes empty formatting and applies it to subsequently typed text
2026-10-08T00:09:52.4279794Z [596/737] [webkit] › tests/browser/editor.spec.ts:3804:57 › pastes and edits list-first code without inventing a blank paragraph
2026-10-08T00:09:52.7440764Z [597/737] [webkit] › tests/browser/editor.spec.ts:3804:57 › pastes and edits list-first code without inventing a blank paragraph from its label area
2026-10-08T00:09:54.5575025Z [598/737] [webkit] › tests/browser/editor.spec.ts:3832:1 › normalizes representative Word, Docs, and Excel clipboard payloads in every browser engine
2026-10-08T00:09:55.9530253Z [599/737] [webkit] › tests/browser/editor.spec.ts:3885:1 › imports an extension-defined HTML node through the schema contract
2026-10-08T00:09:56.7709720Z [600/737] [webkit] › tests/browser/editor.spec.ts:3910:1 › pastes mixed nested HTML lists without flattening their hierarchy
2026-10-08T00:09:57.3009554Z [601/737] [webkit] › tests/browser/editor.spec.ts:3933:1 › wraps, indents, lifts, and exits lists through browser-visible commands and keys
2026-10-08T00:09:58.2225730Z [602/737] [webkit] › tests/browser/editor.spec.ts:3963:1 › edits bidirectional and deeply nested text by logical document positions
2026-10-08T00:09:58.7337170Z [603/737] [webkit] › tests/browser/editor.spec.ts:3990:1 › moves a selected top-level block through native drag data
2026-10-08T00:09:59.7243599Z [604/737] [webkit] › tests/browser/editor.spec.ts:4008:1 › shows a host-replaceable drop cursor for inline text and atomic block targets
2026-10-08T00:10:00.4826221Z [605/737] [webkit] › tests/browser/editor.spec.ts:4069:1 › reorders nested blocks with accessible controls, drop indicators, drag, and undo
2026-10-08T00:10:01.0863271Z [606/737] [webkit] › tests/browser/editor.spec.ts:4144:1 › shows one structural block target across paragraphs, headings, lists, tables, media, and custom nodes
2026-10-08T00:10:02.7446965Z [607/737] [webkit] › tests/browser/editor.spec.ts:4240:1 › replaces a DOM selection that crosses block boundaries
2026-10-08T00:10:04.1569557Z [608/737] [webkit] › tests/browser/editor.spec.ts:4279:1 › keeps a visible editable paragraph after a terminal non-text block
2026-10-08T00:10:05.2900524Z [609/737] [webkit] › tests/browser/editor.spec.ts:4301:1 › uses Ctrl+A as an explicit all-document selection and replaces the document
2026-10-08T00:10:05.7305117Z [610/737] [webkit] › tests/browser/editor.spec.ts:4313:1 › selects and deletes a block image through real pointer and keyboard input
2026-10-08T00:10:06.8653629Z [611/737] [webkit] › tests/browser/editor.spec.ts:4336:1 › edits, aligns, resizes, and undoes a production image through accessible controls
2026-10-08T00:10:09.1649640Z [612/737] [webkit] › tests/browser/editor.spec.ts:4392:1 › inserts and removes a true inline image without breaking surrounding text
2026-10-08T00:10:09.4731503Z [613/737] [webkit] › tests/browser/editor.spec.ts:4410:1 › tracks and cancels browser-native image upload tasks
2026-10-08T00:10:10.7859867Z [614/737] [webkit] › tests/browser/editor.spec.ts:4450:1 › extends and replaces a rectangular cell selection through real pointer input
2026-10-08T00:10:11.0728643Z [615/737] [webkit] › tests/browser/editor.spec.ts:4478:1 › keeps mixed-format links intact through backward selection typing and history
2026-10-08T00:10:12.7669692Z [616/737] [webkit] › tests/browser/editor.spec.ts:4510:1 › reaches overflowing code by keyboard and leaves it without modifying the document
2026-10-08T00:10:13.1438371Z [617/737] [webkit] › tests/browser/editor.spec.ts:4556:1 › pastes into tab-focused code through Chromium clipboard without changing the previous paragraph
2026-10-08T00:10:13.7676657Z [618/737] [webkit] › tests/browser/editor.spec.ts:4580:1 › announces table resize values through real keyboard, pointer and history workflows
2026-10-08T00:10:14.5656928Z [619/737] [webkit] › tests/browser/editor.spec.ts:4633:1 › edits merged tables, resizes columns, toggles headers, and exchanges spreadsheet grids
2026-10-08T00:10:16.0369528Z [620/737] [webkit] › tests/browser/editor.spec.ts:4706:1 › keeps normal paste while offering bounded editor-local clipboard slots
2026-10-08T00:10:16.9700087Z [621/737] [webkit] › tests/browser/editor.spec.ts:4745:1 › renders and types into a structural gap as a new block
2026-10-08T00:10:17.4639714Z [622/737] [webkit] › tests/browser/editor.spec.ts:4757:1 › edits Lean without a mandatory server and renders transient provider diagnostics
2026-10-08T00:10:18.4879556Z [623/737] [webkit] › tests/browser/editor.spec.ts:4784:1 › keeps custom NodeViews live across updates and mapped moves while containing their DOM
2026-10-08T00:10:18.8794473Z [624/737] [webkit] › tests/browser/editor.spec.ts:4821:1 › loads the public React playground without console or page errors
2026-10-08T00:10:20.3879323Z [625/737] [webkit] › tests/browser/editor.spec.ts:4846:1 › publishes actionable extension authoring, conformance, and doctor guidance
2026-10-08T00:10:22.1649562Z [626/737] [webkit] › tests/browser/editor.spec.ts:4864:1 › pairs the optional AI demo with developer recipes for every public workflow
2026-10-08T00:10:22.7430364Z [627/737] [webkit] › tests/browser/editor.spec.ts:4885:1 › runs the public two-editor collaboration demo with presence and author-local undo
2026-10-08T00:10:24.9423958Z [628/737] [webkit] › tests/browser/editor.spec.ts:4952:1 › replaces both live collaboration documents without remounting the public editors
2026-10-08T00:10:27.2878442Z [629/737] [webkit] › tests/browser/editor.spec.ts:5011:1 › merges nested collaborative settings through the public two-editor demo
2026-10-08T00:10:30.8179586Z [630/737] [webkit] › tests/browser/editor.spec.ts:5030:1 › keeps headline phrases together and makes full-page navigation explicit
2026-10-08T00:10:32.8731668Z [631/737] [webkit] › tests/browser/editor.spec.ts:5055:1 › runs shared threaded comments through the public provider-neutral review panel
2026-10-08T00:10:35.3114099Z [632/737] [webkit] › tests/browser/editor.spec.ts:5112:1 › uses package-backed mentions, emoji, typography, and live counting in the public React playground
2026-10-08T00:10:40.3107798Z [633/737] [webkit] › tests/browser/editor.spec.ts:5173:1 › runs grouped default and product slash commands in the public React playground
2026-10-08T00:10:40.8109546Z [634/737] [webkit] › tests/browser/editor.spec.ts:5204:1 › runs accessible bubble and floating menus in the public React playground
2026-10-08T00:10:47.4649805Z [635/737] [webkit] › tests/browser/editor.spec.ts:5246:1 › composes and keyboard-navigates the public toolbar by stable group and action IDs
2026-10-08T00:10:48.0637974Z [636/737] [webkit] › tests/browser/editor.spec.ts:5283:1 › applies the complete text-style suite through the public React toolbar
2026-10-08T00:10:52.4161348Z [637/737] [webkit] › tests/browser/editor.spec.ts:5344:1 › uses the public React image workflow for metadata, alignment, and replacement
2026-10-08T00:10:59.9451065Z [638/737] [webkit] › tests/browser/editor.spec.ts:5388:1 › opens and cancels public configuration panels with keyboard focus and exact document retention
2026-10-08T00:11:01.6726974Z [639/737] [webkit] › tests/browser/editor.spec.ts:5506:1 › keeps the public native colour field focused while formatting selected text and allows undo in the editor
2026-10-08T00:11:06.8233782Z [640/737] [webkit] › tests/browser/editor.spec.ts:5533:1 › keeps table configuration labels legible on pointer hover
2026-10-08T00:11:15.6539131Z [641/737] [webkit] › tests/browser/editor.spec.ts:5572:1 › creates and edits a link through the public React toolbar
2026-10-08T00:11:23.7914406Z [642/737] [webkit] › tests/browser/editor.spec.ts:5603:1 › toggles a selected block through the public React list controls
2026-10-08T00:11:25.0209715Z [643/737] [webkit] › tests/browser/editor.spec.ts:5618:1 › edits code language and line numbers through the public React toolbar
2026-10-08T00:11:29.7079749Z [644/737] [webkit] › tests/browser/editor.spec.ts:5637:1 › opens the searchable clipboard-history picker in the public React toolbar
2026-10-08T00:11:31.7239830Z [645/737] [webkit] › tests/browser/editor.spec.ts:5670:1 › keeps the public outline stable, hierarchical, active, and navigable
2026-10-08T00:11:35.2859841Z [646/737] [webkit] › tests/browser/editor.spec.ts:5695:1 › exposes and explicitly cleans invisible text in the public playground
2026-10-08T00:11:36.3518776Z [647/737] [webkit] › tests/browser/editor.spec.ts:5736:1 › runs the public plain-DOM first-class widget demo
2026-10-08T00:11:40.7649762Z [648/737] [webkit] › tests/browser/editor.spec.ts:5783:1 › runs the public React first-class widget demo without losing control focus
2026-10-08T00:11:43.3820178Z [649/737] [webkit] › tests/browser/editor.spec.ts:5821:1 › makes the quote control discoverable and toggles an existing quote in the Java workflow demo
2026-10-08T00:11:45.2763118Z [650/737] [webkit] › tests/browser/editor.spec.ts:5835:1 › retains table captions and reports their projected association in the conversion demo
2026-10-08T00:11:47.7830791Z [651/737] [webkit] › tests/browser/editor.spec.ts:5852:1 › preserves complex figure content in the public Markdown conversion demo
2026-10-08T00:11:51.3475774Z [652/737] [webkit] › tests/browser/editor.spec.ts:5870:1 › runs the public headless Markdown, LaTeX, and server HTML pipeline
2026-10-08T00:11:53.3599492Z [653/737] [webkit] › tests/browser/editor.spec.ts:5941:1 › records native DOCX viewer disagreements without certifying math fidelity
2026-10-08T00:12:01.8764643Z [654/737] [webkit] › tests/browser/editor.spec.ts:5946:1 › checks actual DOCX retention beside an independent viewer without hiding its header omission
2026-10-08T00:12:05.5989419Z [655/737] [webkit] › tests/browser/editor.spec.ts:6062:1 › renders real KaTeX while reporting published-equation and trust failures without source loss
2026-10-08T00:12:07.8260119Z [656/737] [webkit] › tests/browser/editor.spec.ts:6093:1 › edits multiline math without losing line breaks, descriptions, or undo history
2026-10-08T00:12:08.3789670Z [657/737] [webkit] › tests/browser/editor.spec.ts:6130:1 › renders and inserts native math in the public DOM integration
2026-10-08T00:12:12.5700946Z [658/737] [webkit] › tests/browser/editor.spec.ts:6187:1 › makes table sizing, complete deletion, insertion gaps, and highlight colours explicit in the public demo
2026-10-08T00:12:13.1509791Z [659/737] [webkit] › tests/browser/editor.spec.ts:6235:1 › keeps rich and multiline paste structurally predictable in the public editor
2026-10-08T00:12:17.0794077Z [660/737] [webkit] › tests/browser/editor.spec.ts:6308:1 › round-trips a Fountain multi-block selection through Chromium clipboard HTML
2026-10-08T00:12:17.8050542Z [661/737] [webkit] › tests/browser/editor.spec.ts:6375:1 › round-trips an extension-owned Fountain atom through the Chromium clipboard
2026-10-08T00:12:19.0778662Z [662/737] [webkit] › tests/browser/editor.spec.ts:6424:1 › round-trips a complex whole Fountain document through the Chromium clipboard exactly
2026-10-08T00:12:20.3360913Z [663/737] [webkit] › tests/browser/editor.spec.ts:6511:1 › copies clean semantic Fountain HTML into an external browser editor
2026-10-08T00:12:20.5792450Z [664/737] [webkit] › tests/browser/editor.spec.ts:6566:1 › copies readable Fountain text into a plain-text external editor
2026-10-08T00:12:21.1620915Z [665/737] [webkit] › tests/browser/editor.spec.ts:6625:1 › copies math to external rich and plain-text editors without renderer controls
2026-10-08T00:12:21.2239007Z [666/737] [webkit] › tests/browser/editor.spec.ts:6670:1 › renders repeated empty paragraphs and removes each visible line
2026-10-08T00:12:21.8203696Z [667/737] [webkit] › tests/browser/editor.spec.ts:6700:1 › undoes and redoes real typing with both common browser keyboard chords
2026-10-08T00:12:23.5458963Z [668/737] [webkit] › tests/browser/editor.spec.ts:6717:1 › keeps a backward DOM selection backward after model synchronization
2026-10-08T00:12:24.2389478Z [669/737] [webkit] › tests/browser/editor.spec.ts:6741:1 › preserves a backward selection made with real keyboard input
2026-10-08T00:12:25.1549448Z [670/737] [webkit] › tests/browser/editor.spec.ts:6756:1 › replaces a backward selection made by a real reverse pointer drag
2026-10-08T00:12:25.9571981Z [671/737] [webkit] › tests/browser/editor.spec.ts:6792:1 › turns multi-format and multi-block selections into visible paragraph boundaries
2026-10-08T00:12:26.6419940Z [672/737] [webkit] › tests/browser/editor.spec.ts:6850:1 › visibly splits and joins ordinary paragraphs with both deletion directions
2026-10-08T00:12:28.2511425Z [673/737] [webkit] › tests/browser/editor.spec.ts:6875:1 › deletes an adjacent inline atom without eating surrounding text
2026-10-08T00:12:28.7533561Z [674/737] [webkit] › tests/browser/editor.spec.ts:6905:1 › unwraps and exits an inserted quote with ordinary browser keys
2026-10-08T00:12:29.6433244Z [675/737] [webkit] › tests/browser/editor.spec.ts:6934:1 › publishes semantic selection controls and table interaction in the demo gallery
2026-10-08T00:12:33.7700845Z [676/737] [webkit] › tests/browser/editor.spec.ts:6951:1 › runs campaign images, native media and safe embeds through Angular with honest upload boundaries
2026-10-08T00:12:34.2731067Z [677/737] [webkit] › tests/browser/editor.spec.ts:7028:1 › uses the public React media workflow for native playback, provider-gated embeds, and asset uploads
2026-10-08T00:12:40.8129572Z [678/737] [webkit] › tests/browser/editor.spec.ts:7073:1 › streams an optional AI proposal outside the document until review is ready
2026-10-08T00:12:46.6459548Z [679/737] [webkit] › tests/browser/editor.spec.ts:7098:1 › preserves whitespace when an AI proposal ends at a formatting boundary
2026-10-08T00:12:46.9840308Z [680/737] [webkit] › tests/browser/editor.spec.ts:7113:1 › runs a host-owned multi-turn AI conversation with reusable prompts and clear confirmation
2026-10-08T00:12:53.6992342Z [681/737] [webkit] › tests/browser/editor.spec.ts:7141:1 › reviews generated media before the normal host upload inserts one undoable node
2026-10-08T00:12:56.3159676Z [682/737] [webkit] › tests/browser/editor.spec.ts:7167:1 › reviews a schema-aware agent tool proposal before one-step apply and undo
2026-10-08T00:13:01.5720588Z [683/737] [webkit] › tests/browser/editor.spec.ts:7192:1 › keeps a 1,000-block input update local and paints within budget
2026-10-08T00:13:02.4934519Z [684/737] [webkit] › tests/browser/editor.spec.ts:7213:1 › virtualizes 100,000 blocks while preserving scrolling, distant selection, IME, and copy
2026-10-08T00:13:03.8163906Z [685/737] [webkit] › tests/browser/editor.spec.ts:7271:1 › exports rich tables as HTML Markdown and exposes the compatibility note
2026-10-08T00:13:06.1139481Z [686/737] [webkit] › tests/browser/editor.spec.ts:7293:1 › HTML comments do not insert phantom paragraphs in converted Markdown
2026-10-08T00:13:09.0411791Z [687/737] [webkit] › tests/browser/editor.spec.ts:7305:1 › imported table section order matches the physically rendered source table
2026-10-08T00:13:10.4449685Z [688/737] [webkit] › tests/browser/editor.spec.ts:7336:1 › imports zero-rowspan cells with the same row-group geometry in server and browser
2026-10-08T00:13:14.2199505Z [689/737] [webkit] › tests/browser/editor.spec.ts:7367:1 › reconstructs HTML tables across Markdown block boundaries
2026-10-08T00:13:15.9465342Z [690/737] [webkit] › tests/browser/editor.spec.ts:7388:1 › applies surrounding HTML formatting without replacing Markdown block content
2026-10-08T00:13:19.0193946Z [691/737] [webkit] › tests/browser/editor.spec.ts:7401:1 › converts raw HTML blocks only when the headless demo option is enabled
2026-10-08T00:13:20.3802294Z [692/737] [webkit] › tests/browser/editor.spec.ts:7417:1 › projects inline HTML around Markdown nodes only with explicit opt-in and visible fallback
2026-10-08T00:13:23.8273870Z [693/737] [webkit] › tests/browser/editor.spec.ts:7442:1 › shows specific discarded HTML and rejected URL losses in both conversion surfaces
2026-10-08T00:13:27.3079464Z [694/737] [mobile-chrome] › tests/browser/mobile.spec.ts:4:1 › submits resets and disables a native form-associated Web Component on mobile
2026-10-08T00:13:30.0157191Z [695/737] [mobile-chrome] › tests/browser/mobile.spec.ts:9:1 › uses Angular campaign controls on a touch viewport and preserves history across view remount
2026-10-08T00:13:30.3828824Z [696/737] [mobile-chrome] › tests/browser/mobile.spec.ts:36:1 › uses the real Svelte report on a touch viewport with retained edits and history
2026-10-08T00:13:33.0010644Z [697/737] [mobile-chrome] › tests/browser/mobile.spec.ts:66:1 › uses the real Vue runbook on a touch viewport without losing task state
2026-10-08T00:13:35.0949992Z [698/737] [mobile-chrome] › tests/browser/mobile.spec.ts:89:1 › handles virtual-keyboard replacement, composition, deletion, and history input
2026-10-08T00:13:36.2151640Z [699/737] [mobile-chrome] › tests/browser/mobile.spec.ts:128:1 › shows every empty line created and removed by repeated mobile Enter and Backspace
2026-10-08T00:13:36.2859822Z [700/737] [mobile-chrome] › tests/browser/mobile.spec.ts:155:1 › inserts and updates native math from the phone controls
2026-10-08T00:13:37.9469963Z [701/737] [mobile-chrome] › tests/browser/mobile.spec.ts:169:1 › keeps Word export and re-import understandable on a phone viewport
2026-10-08T00:13:37.9688144Z [702/737] [mobile-chrome] › tests/browser/mobile.spec.ts:190:1 › keeps editable page content continuous on a narrow screen
2026-10-08T00:13:39.1979923Z [703/737] [mobile-chrome] › tests/browser/mobile.spec.ts:213:1 › preserves split-paragraph selection and composition through mobile page fallback
2026-10-08T00:13:40.1971100Z [704/737] [mobile-chrome] › tests/browser/mobile.spec.ts:321:1 › keeps the public editor usable without horizontal overflow at a phone viewport
2026-10-08T00:13:40.4639098Z [705/737] [mobile-chrome] › tests/browser/mobile.spec.ts:343:1 › keeps the closing promise in four intentional mobile phrases
2026-10-08T00:13:42.1769088Z [706/737] [mobile-chrome] › tests/browser/mobile.spec.ts:376:1 › keeps tracked review complete and touch-operable on a phone viewport
2026-10-08T00:13:42.3289905Z [707/737] [mobile-chrome] › tests/browser/mobile.spec.ts:394:1 › keeps complete version names and guarded restore touch-operable on a phone
2026-10-08T00:13:44.1410477Z [708/737] [mobile-chrome] › tests/browser/mobile.spec.ts:413:1 › keeps native collapsible details readable and touch-operable on a phone
2026-10-08T00:13:44.3889122Z [709/737] [mobile-chrome] › tests/browser/mobile.spec.ts:428:1 › keeps ruby annotation editing touch-operable and inside the phone viewport
2026-10-08T00:13:46.0918540Z [710/737] [mobile-chrome] › tests/browser/mobile.spec.ts:449:1 › keeps the suggestion picker visible and touch-selectable on a phone viewport
2026-10-08T00:13:46.5602082Z [711/737] [mobile-chrome] › tests/browser/mobile.spec.ts:496:1 › keeps contextual menus reachable and touch-selectable on a phone viewport
2026-10-08T00:13:49.2325599Z [712/737] [mobile-chrome] › tests/browser/mobile.spec.ts:546:1 › keeps a composed icon toolbar reachable and touch-operable on a phone viewport
2026-10-08T00:13:49.5032260Z [713/737] [mobile-chrome] › tests/browser/mobile.spec.ts:568:1 › keeps the complete text-style panel usable without mobile page overflow
2026-10-08T00:13:51.5366642Z [714/737] [mobile-chrome] › tests/browser/mobile.spec.ts:590:1 › exposes touch-sized block movement controls without page overflow
2026-10-08T00:13:51.8459240Z [715/737] [mobile-chrome] › tests/browser/mobile.spec.ts:607:1 › keeps a 100,000-block virtual document bounded on mobile engines
2026-10-08T00:13:54.2061247Z [716/737] [mobile-safari] › tests/browser/mobile.spec.ts:4:1 › submits resets and disables a native form-associated Web Component on mobile
2026-10-08T00:13:54.2291486Z [717/737] [mobile-safari] › tests/browser/mobile.spec.ts:9:1 › uses Angular campaign controls on a touch viewport and preserves history across view remount
2026-10-08T00:14:00.2452613Z [718/737] [mobile-safari] › tests/browser/mobile.spec.ts:36:1 › uses the real Svelte report on a touch viewport with retained edits and history
2026-10-08T00:14:02.5737483Z [719/737] [mobile-safari] › tests/browser/mobile.spec.ts:66:1 › uses the real Vue runbook on a touch viewport without losing task state
2026-10-08T00:14:05.6271052Z [720/737] [mobile-safari] › tests/browser/mobile.spec.ts:89:1 › handles virtual-keyboard replacement, composition, deletion, and history input
2026-10-08T00:14:06.4790006Z [721/737] [mobile-safari] › tests/browser/mobile.spec.ts:128:1 › shows every empty line created and removed by repeated mobile Enter and Backspace
2026-10-08T00:14:06.9506305Z [722/737] [mobile-safari] › tests/browser/mobile.spec.ts:155:1 › inserts and updates native math from the phone controls
2026-10-08T00:14:08.6671916Z [723/737] [mobile-safari] › tests/browser/mobile.spec.ts:169:1 › keeps Word export and re-import understandable on a phone viewport
2026-10-08T00:14:09.7540112Z [724/737] [mobile-safari] › tests/browser/mobile.spec.ts:190:1 › keeps editable page content continuous on a narrow screen
2026-10-08T00:14:11.0627055Z [725/737] [mobile-safari] › tests/browser/mobile.spec.ts:213:1 › preserves split-paragraph selection and composition through mobile page fallback
2026-10-08T00:14:12.2102351Z [726/737] [mobile-safari] › tests/browser/mobile.spec.ts:321:1 › keeps the public editor usable without horizontal overflow at a phone viewport
2026-10-08T00:14:13.0376244Z [727/737] [mobile-safari] › tests/browser/mobile.spec.ts:343:1 › keeps the closing promise in four intentional mobile phrases
2026-10-08T00:14:15.4081884Z [728/737] [mobile-safari] › tests/browser/mobile.spec.ts:376:1 › keeps tracked review complete and touch-operable on a phone viewport
2026-10-08T00:14:15.5529126Z [729/737] [mobile-safari] › tests/browser/mobile.spec.ts:394:1 › keeps complete version names and guarded restore touch-operable on a phone
2026-10-08T00:14:18.7586747Z [730/737] [mobile-safari] › tests/browser/mobile.spec.ts:413:1 › keeps native collapsible details readable and touch-operable on a phone
2026-10-08T00:14:18.8507710Z [731/737] [mobile-safari] › tests/browser/mobile.spec.ts:428:1 › keeps ruby annotation editing touch-operable and inside the phone viewport
2026-10-08T00:14:21.6248260Z [732/737] [mobile-safari] › tests/browser/mobile.spec.ts:449:1 › keeps the suggestion picker visible and touch-selectable on a phone viewport
2026-10-08T00:14:22.9420503Z [733/737] [mobile-safari] › tests/browser/mobile.spec.ts:496:1 › keeps contextual menus reachable and touch-selectable on a phone viewport
2026-10-08T00:14:27.5534070Z [734/737] [mobile-safari] › tests/browser/mobile.spec.ts:546:1 › keeps a composed icon toolbar reachable and touch-operable on a phone viewport
2026-10-08T00:14:29.4810699Z [735/737] [mobile-safari] › tests/browser/mobile.spec.ts:568:1 › keeps the complete text-style panel usable without mobile page overflow
2026-10-08T00:14:31.9283197Z [736/737] [mobile-safari] › tests/browser/mobile.spec.ts:590:1 › exposes touch-sized block movement controls without page overflow
2026-10-08T00:14:35.3750982Z [737/737] [mobile-safari] › tests/browser/mobile.spec.ts:607:1 › keeps a 100,000-block virtual document bounded on mobile engines
2026-10-08T00:14:37.8252989Z   16 skipped
2026-10-08T00:14:37.8253376Z   721 passed (27.2m)
2026-10-08T00:14:38.7786827Z ##[group]Run actions/upload-artifact@v4
2026-10-08T00:14:38.7787155Z with:
2026-10-08T00:14:38.7787709Z   name: direction-and-document-focus-evidence
2026-10-08T00:14:38.7793095Z   path: test-results/**/rtl-*.png
test-results/**/comment-editor-*.png
test-results/**/comment-reader-*.png
test-results/**/native-colour-mapped-selection.png
test-results/**/native-rtl-selection-baseline.json
test-results/**/inherited-auto-explicit-left-reader.png
test-results/**/word-reopened-explicit-left-reader.png
test-results/**/explicit-left.docx
test-results/**/auto-container-*.png
test-results/**/code-click-*.png
test-results/**/code-click-native-focus.json
test-results/**/code-click-native-baseline.json
test-results/**/inherited-alignment-*.png
test-results/**/native-inline-alignment.json
test-results/**/rtl-structural-observations.json
test-results/**/table-side-*.png
test-results/**/table-side-observations.json
test-results/**/list-direction-*.png
test-results/**/list-direction-observations.json
structural-direction-preflight-results/**/rtl-*.png
structural-direction-preflight-results/**/rtl-structural-observations.json
structural-direction-preflight-results/**/inherited-alignment-*.png
structural-direction-preflight-results/**/native-inline-alignment.json
structural-direction-preflight-results/**/auto-container-*.png
structural-direction-preflight-results/**/table-side-*.png
structural-direction-preflight-results/**/table-side-observations.json
structural-direction-preflight-results/**/list-direction-*.png
structural-direction-preflight-results/**/list-direction-observations.json

2026-10-08T00:14:38.7799074Z   if-no-files-found: ignore
2026-10-08T00:14:38.7799329Z   retention-days: 7
2026-10-08T00:14:38.7799552Z   compression-level: 6
2026-10-08T00:14:38.7799784Z   overwrite: false
2026-10-08T00:14:38.7800010Z   include-hidden-files: false
2026-10-08T00:14:38.7800256Z env:
2026-10-08T00:14:38.7800502Z   PNPM_HOME: /home/runner/setup-pnpm/node_modules/.bin
2026-10-08T00:14:38.7800834Z ##[endgroup]
2026-10-08T00:14:38.9486530Z (node:38230) [DEP0040] DeprecationWarning: The `punycode` module is deprecated. Please use a userland alternative instead.
2026-10-08T00:14:38.9487668Z (Use `node --trace-deprecation ...` to show where the warning was created)
2026-10-08T00:14:39.2891272Z Multiple search paths detected. Calculating the least common ancestor of all paths
2026-10-08T00:14:39.2894130Z The least common ancestor is /home/runner/work/fountainjs/fountainjs. This will be the root directory of the artifact
2026-10-08T00:14:39.2895418Z With the provided path, there will be 393 files uploaded
2026-10-08T00:14:39.2903023Z Artifact name is valid!
2026-10-08T00:14:39.2903922Z Root directory input is valid!
2026-10-08T00:14:39.6658209Z Beginning upload of artifact content to blob storage
2026-10-08T00:14:40.1125443Z (node:38230) [DEP0169] DeprecationWarning: `url.parse()` behavior is not standardized and prone to errors that have security implications. Use the WHATWG URL API instead. CVEs are not issued for `url.parse()` vulnerabilities.
2026-10-08T00:14:40.9571931Z Uploaded bytes 6355069
2026-10-08T00:14:41.0313882Z Finished uploading artifact content to blob storage!
2026-10-08T00:14:41.0315454Z SHA256 digest of uploaded artifact zip is bea8102bd6adba61ed33ac3794929267b6b1f0f70f21d9ed36cc72c851dc1ad4
2026-10-08T00:14:41.0317075Z Finalizing artifact upload
2026-10-08T00:14:41.2899247Z Artifact direction-and-document-focus-evidence.zip successfully finalized. Artifact ID 11519534010
2026-10-08T00:14:41.2900603Z Artifact direction-and-document-focus-evidence has been successfully uploaded! Final size is 6355069 bytes. Artifact ID is 11519534010
2026-10-08T00:14:41.2906567Z Artifact download URL: https://github.com/eddolo/fountainjs/actions/runs/37703772902/artifacts/11519534010
2026-10-08T00:14:41.3099203Z ##[group]Run actions/upload-artifact@v4
2026-10-08T00:14:41.3099531Z with:
2026-10-08T00:14:41.3099753Z   name: docx-math-viewer-diagnostics
2026-10-08T00:14:41.3102045Z   path: test-results/**/viewer-observations.json
test-results/**/equations-side-by-side.png
test-results/**/edited-equations.png
test-results/**/edited-compound-equations.png
test-results/**/fallback-equations.png
test-results/**/restored-equations.png
test-results/**/experimental-equations.docx
test-results/**/edited-equations.docx
test-results/**/edited-compound-equations.docx
test-results/**/fallback-equations.docx
test-results/**/restored-equations.docx
test-results/**/reopened-equations.png
test-results/**/changed-equation-refused.png
test-results/**/externally-changed-equations.docx

2026-10-08T00:14:41.3104347Z   if-no-files-found: ignore
2026-10-08T00:14:41.3104597Z   retention-days: 7
2026-10-08T00:14:41.3104819Z   compression-level: 6
2026-10-08T00:14:41.3105049Z   overwrite: false
2026-10-08T00:14:41.3105303Z   include-hidden-files: false
2026-10-08T00:14:41.3105549Z env:
2026-10-08T00:14:41.3105795Z   PNPM_HOME: /home/runner/setup-pnpm/node_modules/.bin
2026-10-08T00:14:41.3106111Z ##[endgroup]
2026-10-08T00:14:41.4795794Z (node:38242) [DEP0040] DeprecationWarning: The `punycode` module is deprecated. Please use a userland alternative instead.
2026-10-08T00:14:41.4797623Z (Use `node --trace-deprecation ...` to show where the warning was created)
2026-10-08T00:14:41.6891897Z With the provided path, there will be 42 files uploaded
2026-10-08T00:14:41.6897670Z Artifact name is valid!
2026-10-08T00:14:41.6898598Z Root directory input is valid!
2026-10-08T00:14:42.0885725Z Beginning upload of artifact content to blob storage
2026-10-08T00:14:42.3162159Z (node:38242) [DEP0169] DeprecationWarning: `url.parse()` behavior is not standardized and prone to errors that have security implications. Use the WHATWG URL API instead. CVEs are not issued for `url.parse()` vulnerabilities.
2026-10-08T00:14:43.3138865Z Uploaded bytes 5145577
2026-10-08T00:14:43.3992756Z Finished uploading artifact content to blob storage!
2026-10-08T00:14:43.3993838Z SHA256 digest of uploaded artifact zip is a8a2ae66eefeb23dd055909112d4ed9b1ac3746b7c558aa268828671027a5dad
2026-10-08T00:14:43.3995822Z Finalizing artifact upload
2026-10-08T00:14:43.6698963Z Artifact docx-math-viewer-diagnostics.zip successfully finalized. Artifact ID 11519274677
2026-10-08T00:14:43.6700821Z Artifact docx-math-viewer-diagnostics has been successfully uploaded! Final size is 5145577 bytes. Artifact ID is 11519274677
2026-10-08T00:14:43.6702834Z Artifact download URL: https://github.com/eddolo/fountainjs/actions/runs/37703772902/artifacts/11519274677
2026-10-08T00:14:43.6887858Z Post job cleanup.
2026-10-08T00:14:43.8095833Z (node:38255) [DEP0040] DeprecationWarning: The `punycode` module is deprecated. Please use a userland alternative instead.
2026-10-08T00:14:43.8097024Z (Use `node --trace-deprecation ...` to show where the warning was created)
2026-10-08T00:14:43.8100583Z Cache hit occurred on the primary key node-cache-Linux-x64-pnpm-fd849381c36c47c9fa715e7759caf3b24b3c25e63e57449d26448df099a8c870, not saving cache.
2026-10-08T00:14:43.8208185Z Post job cleanup.
2026-10-08T00:14:43.9810564Z Pruning is unnecessary.
2026-10-08T00:14:43.9965369Z Post job cleanup.
2026-10-08T00:14:44.0824262Z [command]/usr/bin/git version
2026-10-08T00:14:44.0861028Z git version 2.55.0
2026-10-08T00:14:44.0897711Z Temporarily overriding HOME='/home/runner/work/_temp/3ff65071-f36b-41fa-ae31-73f780e1b27f' before making global git config changes
2026-10-08T00:14:44.0899071Z Adding repository directory to the temporary git global config as a safe directory
2026-10-08T00:14:44.0902849Z [command]/usr/bin/git config --global --add safe.directory /home/runner/work/fountainjs/fountainjs
2026-10-08T00:14:44.0939187Z [command]/usr/bin/git config --local --name-only --get-regexp core\.sshCommand
2026-10-08T00:14:44.0974105Z [command]/usr/bin/git submodule foreach --recursive sh -c "git config --local --name-only --get-regexp 'core\.sshCommand' && git config --local --unset-all 'core.sshCommand' || :"
2026-10-08T00:14:44.1209128Z [command]/usr/bin/git config --local --name-only --get-regexp http\.https\:\/\/github\.com\/\.extraheader
2026-10-08T00:14:44.1232768Z http.https://github.com/.extraheader
2026-10-08T00:14:44.1243787Z [command]/usr/bin/git config --local --unset-all http.https://github.com/.extraheader
2026-10-08T00:14:44.1281634Z [command]/usr/bin/git submodule foreach --recursive sh -c "git config --local --name-only --get-regexp 'http\.https\:\/\/github\.com\/\.extraheader' && git config --local --unset-all 'http.https://github.com/.extraheader' || :"
2026-10-08T00:14:44.1505080Z [command]/usr/bin/git config --local --name-only --get-regexp ^includeIf\.gitdir:
2026-10-08T00:14:44.1535511Z [command]/usr/bin/git submodule foreach --recursive git config --local --show-origin --name-only --get-regexp remote.origin.url
2026-10-08T00:14:44.1909464Z Cleaning up orphan processes
2026-10-08T00:14:44.2288091Z ##[warning]Node.js 20 is deprecated. The following actions target Node.js 20 but are being forced to run on Node.js 24: actions/checkout@v4, actions/setup-node@v4, actions/upload-artifact@v4, pnpm/action-setup@v4. For more information see: https://github.blog/changelog/2025-09-19-deprecation-of-node-20-on-github-actions-runners/
