verify	Set up job	﻿2026-10-08T02:42:12.9641778Z Current runner version: '2.337.0'
verify	Set up job	2026-10-08T02:42:12.9666653Z ##[group]Runner Image Provisioner
verify	Set up job	2026-10-08T02:42:12.9667695Z Hosted Compute Agent
verify	Set up job	2026-10-08T02:42:12.9668339Z Version: 20261002.596
verify	Set up job	2026-10-08T02:42:12.9669003Z Commit: c3d12f3313a95f25162a1503be624f3b0617f8c0
verify	Set up job	2026-10-08T02:42:12.9669753Z Build Date: 2026-10-02T22:28:27Z
verify	Set up job	2026-10-08T02:42:12.9670443Z Worker ID: {a1643ec5-e5ad-41da-88ff-57cc78404510}
verify	Set up job	2026-10-08T02:42:12.9671239Z Region: westus
verify	Set up job	2026-10-08T02:42:12.9671781Z Cloud: Azure
verify	Set up job	2026-10-08T02:42:12.9672552Z ##[endgroup]
verify	Set up job	2026-10-08T02:42:12.9674259Z ##[group]Operating System
verify	Set up job	2026-10-08T02:42:12.9674904Z Ubuntu
verify	Set up job	2026-10-08T02:42:12.9675877Z 24.04.5
verify	Set up job	2026-10-08T02:42:12.9676412Z LTS
verify	Set up job	2026-10-08T02:42:12.9676902Z ##[endgroup]
verify	Set up job	2026-10-08T02:42:12.9677512Z ##[group]Runner Image
verify	Set up job	2026-10-08T02:42:12.9678122Z Image: ubuntu-24.04
verify	Set up job	2026-10-08T02:42:12.9678800Z Version: 20261004.327.1
verify	Set up job	2026-10-08T02:42:12.9679966Z Included Software: https://github.com/actions/runner-images/blob/ubuntu24/20261004.327/images/ubuntu/Ubuntu2404-Readme.md
verify	Set up job	2026-10-08T02:42:12.9681884Z Image Release: https://github.com/actions/runner-images/releases/tag/ubuntu24%2F20261004.327
verify	Set up job	2026-10-08T02:42:12.9682921Z ##[endgroup]
verify	Set up job	2026-10-08T02:42:12.9684215Z ##[group]GITHUB_TOKEN Permissions
verify	Set up job	2026-10-08T02:42:12.9686474Z Contents: read
verify	Set up job	2026-10-08T02:42:12.9687157Z Metadata: read
verify	Set up job	2026-10-08T02:42:12.9687766Z ##[endgroup]
verify	Set up job	2026-10-08T02:42:12.9689748Z Secret source: Actions
verify	Set up job	2026-10-08T02:42:12.9690769Z Cache mode: write
verify	Set up job	2026-10-08T02:42:12.9691460Z Prepare workflow directory
verify	Set up job	2026-10-08T02:42:13.0026516Z Prepare all required actions
verify	Set up job	2026-10-08T02:42:13.0073139Z Getting action download info
verify	Set up job	2026-10-08T02:42:13.3774145Z Download action repository 'actions/checkout@v4' (SHA:11d5960a326750d5838078e36cf38b85af677262)
verify	Set up job	2026-10-08T02:42:13.4894407Z Download action repository 'pnpm/action-setup@v4' (SHA:b906affcce14559ad1aafd4ab0e942779e9f58b1)
verify	Set up job	2026-10-08T02:42:13.9185035Z Download action repository 'actions/setup-node@v4' (SHA:49933ea5288caeca8642d1e84afbd3f7d6820020)
verify	Set up job	2026-10-08T02:42:14.0051364Z Download action repository 'actions/setup-python@v5' (SHA:a26af69be951a213d495a4c3e4e4022e16d87065)
verify	Set up job	2026-10-08T02:42:14.0939767Z Download action repository 'oven-sh/setup-bun@v2' (SHA:0c5077e51419868618aeaa5fe8019c62421857d6)
verify	Set up job	2026-10-08T02:42:14.4305420Z Download action repository 'denoland/setup-deno@v2' (SHA:22d081ff2d3a40755e97629de92e3bcbfa7cf2ed)
verify	Set up job	2026-10-08T02:42:14.9353844Z Complete job name: verify
verify	Run actions/checkout@v4	﻿2026-10-08T02:42:15.0459092Z ##[group]Run actions/checkout@v4
verify	Run actions/checkout@v4	2026-10-08T02:42:15.0460490Z with:
verify	Run actions/checkout@v4	2026-10-08T02:42:15.0461328Z   repository: eddolo/fountainjs
verify	Run actions/checkout@v4	2026-10-08T02:42:15.0469721Z   token: ***
verify	Run actions/checkout@v4	2026-10-08T02:42:15.0470568Z   ssh-strict: true
verify	Run actions/checkout@v4	2026-10-08T02:42:15.0471421Z   ssh-user: git
verify	Run actions/checkout@v4	2026-10-08T02:42:15.0472287Z   persist-credentials: true
verify	Run actions/checkout@v4	2026-10-08T02:42:15.0473235Z   clean: true
verify	Run actions/checkout@v4	2026-10-08T02:42:15.0474125Z   sparse-checkout-cone-mode: true
verify	Run actions/checkout@v4	2026-10-08T02:42:15.0475381Z   fetch-depth: 1
verify	Run actions/checkout@v4	2026-10-08T02:42:15.0476253Z   fetch-tags: false
verify	Run actions/checkout@v4	2026-10-08T02:42:15.0477138Z   show-progress: true
verify	Run actions/checkout@v4	2026-10-08T02:42:15.0478009Z   lfs: false
verify	Run actions/checkout@v4	2026-10-08T02:42:15.0478832Z   submodules: false
verify	Run actions/checkout@v4	2026-10-08T02:42:15.0479715Z   set-safe-directory: true
verify	Run actions/checkout@v4	2026-10-08T02:42:15.0480733Z   allow-unsafe-pr-checkout: false
verify	Run actions/checkout@v4	2026-10-08T02:42:15.0482070Z ##[endgroup]
verify	Run actions/checkout@v4	2026-10-08T02:42:15.1488522Z Syncing repository: eddolo/fountainjs
verify	Run actions/checkout@v4	2026-10-08T02:42:15.1491120Z ##[group]Getting Git version info
verify	Run actions/checkout@v4	2026-10-08T02:42:15.1492526Z Working directory is '/home/runner/work/fountainjs/fountainjs'
verify	Run actions/checkout@v4	2026-10-08T02:42:15.1494634Z [command]/usr/bin/git version
verify	Run actions/checkout@v4	2026-10-08T02:42:15.1564443Z git version 2.55.0
verify	Run actions/checkout@v4	2026-10-08T02:42:15.1585634Z ##[endgroup]
verify	Run actions/checkout@v4	2026-10-08T02:42:15.1602437Z Temporarily overriding HOME='/home/runner/work/_temp/7c2cc71a-bf39-47b7-b057-6ed194163868' before making global git config changes
verify	Run actions/checkout@v4	2026-10-08T02:42:15.1607640Z Adding repository directory to the temporary git global config as a safe directory
verify	Run actions/checkout@v4	2026-10-08T02:42:15.1611627Z [command]/usr/bin/git config --global --add safe.directory /home/runner/work/fountainjs/fountainjs
verify	Run actions/checkout@v4	2026-10-08T02:42:15.1656600Z Deleting the contents of '/home/runner/work/fountainjs/fountainjs'
verify	Run actions/checkout@v4	2026-10-08T02:42:15.1663698Z ##[group]Initializing the repository
verify	Run actions/checkout@v4	2026-10-08T02:42:15.1668651Z [command]/usr/bin/git init /home/runner/work/fountainjs/fountainjs
verify	Run actions/checkout@v4	2026-10-08T02:42:15.1782714Z hint: Using 'master' as the name for the initial branch. This default branch name
verify	Run actions/checkout@v4	2026-10-08T02:42:15.1784675Z hint: will change to "main" in Git 3.0. To configure the initial branch name
verify	Run actions/checkout@v4	2026-10-08T02:42:15.1787681Z hint: to use in all of your new repositories, which will suppress this warning,
verify	Run actions/checkout@v4	2026-10-08T02:42:15.1789682Z hint: call:
verify	Run actions/checkout@v4	2026-10-08T02:42:15.1790663Z hint:
verify	Run actions/checkout@v4	2026-10-08T02:42:15.1791776Z hint: 	git config --global init.defaultBranch <name>
verify	Run actions/checkout@v4	2026-10-08T02:42:15.1793161Z hint:
verify	Run actions/checkout@v4	2026-10-08T02:42:15.1794298Z hint: Names commonly chosen instead of 'master' are 'main', 'trunk' and
verify	Run actions/checkout@v4	2026-10-08T02:42:15.1796818Z hint: 'development'. The just-created branch can be renamed via this command:
verify	Run actions/checkout@v4	2026-10-08T02:42:15.1798600Z hint:
verify	Run actions/checkout@v4	2026-10-08T02:42:15.1799430Z hint: 	git branch -m <name>
verify	Run actions/checkout@v4	2026-10-08T02:42:15.1800404Z hint:
verify	Run actions/checkout@v4	2026-10-08T02:42:15.1802067Z hint: Disable this message with "git config set advice.defaultBranchName false"
verify	Run actions/checkout@v4	2026-10-08T02:42:15.1806120Z Initialized empty Git repository in /home/runner/work/fountainjs/fountainjs/.git/
verify	Run actions/checkout@v4	2026-10-08T02:42:15.1811998Z [command]/usr/bin/git remote add origin https://github.com/eddolo/fountainjs
verify	Run actions/checkout@v4	2026-10-08T02:42:15.1852566Z ##[endgroup]
verify	Run actions/checkout@v4	2026-10-08T02:42:15.1854156Z ##[group]Disabling automatic garbage collection
verify	Run actions/checkout@v4	2026-10-08T02:42:15.1857880Z [command]/usr/bin/git config --local gc.auto 0
verify	Run actions/checkout@v4	2026-10-08T02:42:15.1891886Z ##[endgroup]
verify	Run actions/checkout@v4	2026-10-08T02:42:15.1894390Z ##[group]Setting up auth
verify	Run actions/checkout@v4	2026-10-08T02:42:15.1899060Z [command]/usr/bin/git config --local --name-only --get-regexp core\.sshCommand
verify	Run actions/checkout@v4	2026-10-08T02:42:15.1931844Z [command]/usr/bin/git submodule foreach --recursive sh -c "git config --local --name-only --get-regexp 'core\.sshCommand' && git config --local --unset-all 'core.sshCommand' || :"
verify	Run actions/checkout@v4	2026-10-08T02:42:15.2272917Z [command]/usr/bin/git config --local --name-only --get-regexp http\.https\:\/\/github\.com\/\.extraheader
verify	Run actions/checkout@v4	2026-10-08T02:42:15.2302795Z [command]/usr/bin/git submodule foreach --recursive sh -c "git config --local --name-only --get-regexp 'http\.https\:\/\/github\.com\/\.extraheader' && git config --local --unset-all 'http.https://github.com/.extraheader' || :"
verify	Run actions/checkout@v4	2026-10-08T02:42:15.2518334Z [command]/usr/bin/git config --local --name-only --get-regexp ^includeIf\.gitdir:
verify	Run actions/checkout@v4	2026-10-08T02:42:15.2547898Z [command]/usr/bin/git submodule foreach --recursive git config --local --show-origin --name-only --get-regexp remote.origin.url
verify	Run actions/checkout@v4	2026-10-08T02:42:15.2764923Z [command]/usr/bin/git config --local http.https://github.com/.extraheader AUTHORIZATION: basic ***
verify	Run actions/checkout@v4	2026-10-08T02:42:15.2799569Z ##[endgroup]
verify	Run actions/checkout@v4	2026-10-08T02:42:15.2801045Z ##[group]Fetching the repository
verify	Run actions/checkout@v4	2026-10-08T02:42:15.2808928Z [command]/usr/bin/git -c protocol.version=2 fetch --no-tags --prune --no-recurse-submodules --depth=1 origin +e68e41a2516908b05c094a2046525905fba253e5:refs/remotes/origin/master
verify	Run actions/checkout@v4	2026-10-08T02:42:16.6464002Z From https://github.com/eddolo/fountainjs
verify	Run actions/checkout@v4	2026-10-08T02:42:16.6464807Z  * [new ref]         e68e41a2516908b05c094a2046525905fba253e5 -> origin/master
verify	Run actions/checkout@v4	2026-10-08T02:42:16.6468433Z ##[endgroup]
verify	Run actions/checkout@v4	2026-10-08T02:42:16.6469117Z ##[group]Determining the checkout info
verify	Run actions/checkout@v4	2026-10-08T02:42:16.6471288Z ##[endgroup]
verify	Run actions/checkout@v4	2026-10-08T02:42:16.6477314Z [command]/usr/bin/git sparse-checkout disable
verify	Run actions/checkout@v4	2026-10-08T02:42:16.6527555Z [command]/usr/bin/git config --local --unset-all extensions.worktreeConfig
verify	Run actions/checkout@v4	2026-10-08T02:42:16.6554260Z ##[group]Checking out the ref
verify	Run actions/checkout@v4	2026-10-08T02:42:16.6558549Z [command]/usr/bin/git checkout --progress --force -B master refs/remotes/origin/master
verify	Run actions/checkout@v4	2026-10-08T02:42:17.0387555Z Reset branch 'master'
verify	Run actions/checkout@v4	2026-10-08T02:42:17.0392454Z branch 'master' set up to track 'origin/master'.
verify	Run actions/checkout@v4	2026-10-08T02:42:17.0408205Z ##[endgroup]
verify	Run actions/checkout@v4	2026-10-08T02:42:17.0458498Z [command]/usr/bin/git log -1 --format=%H
verify	Run actions/checkout@v4	2026-10-08T02:42:17.0482653Z e68e41a2516908b05c094a2046525905fba253e5
verify	Run pnpm/action-setup@v4	﻿2026-10-08T02:42:17.0728900Z ##[group]Run pnpm/action-setup@v4
verify	Run pnpm/action-setup@v4	2026-10-08T02:42:17.0729278Z with:
verify	Run pnpm/action-setup@v4	2026-10-08T02:42:17.0729533Z   version: 11.19.0
verify	Run pnpm/action-setup@v4	2026-10-08T02:42:17.0729799Z   dest: ~/setup-pnpm
verify	Run pnpm/action-setup@v4	2026-10-08T02:42:17.0730067Z   run_install: null
verify	Run pnpm/action-setup@v4	2026-10-08T02:42:17.0730323Z   cache: false
verify	Run pnpm/action-setup@v4	2026-10-08T02:42:17.0730605Z   cache_dependency_path: pnpm-lock.yaml
verify	Run pnpm/action-setup@v4	2026-10-08T02:42:17.0730965Z   package_json_file: package.json
verify	Run pnpm/action-setup@v4	2026-10-08T02:42:17.0731274Z   standalone: false
verify	Run pnpm/action-setup@v4	2026-10-08T02:42:17.0731540Z ##[endgroup]
verify	Run pnpm/action-setup@v4	2026-10-08T02:42:17.2194261Z ##[group]Running self-installer...
verify	Run pnpm/action-setup@v4	2026-10-08T02:42:17.6185392Z (node:2314) [DEP0169] DeprecationWarning: `url.parse()` behavior is not standardized and prone to errors that have security implications. Use the WHATWG URL API instead. CVEs are not issued for `url.parse()` vulnerabilities.
verify	Run pnpm/action-setup@v4	2026-10-08T02:42:17.6187421Z (Use `node --trace-deprecation ...` to show where the warning was created)
verify	Run pnpm/action-setup@v4	2026-10-08T02:42:17.7542822Z Progress: resolved 1, reused 0, downloaded 0, added 0
verify	Run pnpm/action-setup@v4	2026-10-08T02:42:17.7633106Z Packages: +1
verify	Run pnpm/action-setup@v4	2026-10-08T02:42:17.7633609Z +
verify	Run pnpm/action-setup@v4	2026-10-08T02:42:18.2221100Z Progress: resolved 1, reused 0, downloaded 1, added 1, done
verify	Run pnpm/action-setup@v4	2026-10-08T02:42:18.2495914Z 
verify	Run pnpm/action-setup@v4	2026-10-08T02:42:18.2496286Z dependencies:
verify	Run pnpm/action-setup@v4	2026-10-08T02:42:18.2496885Z + pnpm 11.19.0 (12.10.1 is available)
verify	Run pnpm/action-setup@v4	2026-10-08T02:42:18.2497246Z 
verify	Run pnpm/action-setup@v4	2026-10-08T02:42:18.2520457Z Done in 860ms
verify	Run pnpm/action-setup@v4	2026-10-08T02:42:18.3849922Z ##[endgroup]
verify	Run pnpm/action-setup@v4	2026-10-08T02:42:18.3850365Z Installation Completed!
verify	Run actions/setup-node@v4	﻿2026-10-08T02:42:18.4040233Z ##[group]Run actions/setup-node@v4
verify	Run actions/setup-node@v4	2026-10-08T02:42:18.4040567Z with:
verify	Run actions/setup-node@v4	2026-10-08T02:42:18.4040773Z   node-version: 24
verify	Run actions/setup-node@v4	2026-10-08T02:42:18.4041008Z   cache: pnpm
verify	Run actions/setup-node@v4	2026-10-08T02:42:18.4041209Z   always-auth: false
verify	Run actions/setup-node@v4	2026-10-08T02:42:18.4041424Z   check-latest: false
verify	Run actions/setup-node@v4	2026-10-08T02:42:18.4043631Z   token: ***
verify	Run actions/setup-node@v4	2026-10-08T02:42:18.4043834Z env:
verify	Run actions/setup-node@v4	2026-10-08T02:42:18.4044101Z   PNPM_HOME: /home/runner/setup-pnpm/node_modules/.bin
verify	Run actions/setup-node@v4	2026-10-08T02:42:18.4044419Z ##[endgroup]
verify	Run actions/setup-node@v4	2026-10-08T02:42:18.5449254Z Found in cache @ /opt/hostedtoolcache/node/24.21.0/x64
verify	Run actions/setup-node@v4	2026-10-08T02:42:18.5454637Z (node:2328) [DEP0040] DeprecationWarning: The `punycode` module is deprecated. Please use a userland alternative instead.
verify	Run actions/setup-node@v4	2026-10-08T02:42:18.5455999Z (Use `node --trace-deprecation ...` to show where the warning was created)
verify	Run actions/setup-node@v4	2026-10-08T02:42:18.5457248Z ##[group]Environment details
verify	Run actions/setup-node@v4	2026-10-08T02:42:18.9636352Z node: v24.21.0
verify	Run actions/setup-node@v4	2026-10-08T02:42:18.9637139Z npm: 11.19.0
verify	Run actions/setup-node@v4	2026-10-08T02:42:18.9637662Z yarn: 1.22.22
verify	Run actions/setup-node@v4	2026-10-08T02:42:18.9638821Z ##[endgroup]
verify	Run actions/setup-node@v4	2026-10-08T02:42:18.9666078Z [command]/home/runner/setup-pnpm/node_modules/.bin/pnpm store path --silent
verify	Run actions/setup-node@v4	2026-10-08T02:42:20.1283473Z /home/runner/setup-pnpm/node_modules/.bin/store/v11
verify	Run actions/setup-node@v4	2026-10-08T02:42:20.7846568Z Cache hit for: node-cache-Linux-x64-pnpm-fd849381c36c47c9fa715e7759caf3b24b3c25e63e57449d26448df099a8c870
verify	Run actions/setup-node@v4	2026-10-08T02:42:20.7984594Z (node:2328) [DEP0169] DeprecationWarning: `url.parse()` behavior is not standardized and prone to errors that have security implications. Use the WHATWG URL API instead. CVEs are not issued for `url.parse()` vulnerabilities.
verify	Run actions/setup-node@v4	2026-10-08T02:42:22.0693993Z Received 0 of 143139869 (0.0%), 0.0 MBs/sec
verify	Run actions/setup-node@v4	2026-10-08T02:42:23.0707067Z Received 130023424 of 143139869 (90.8%), 61.9 MBs/sec
verify	Run actions/setup-node@v4	2026-10-08T02:42:23.5323952Z Received 143139869 of 143139869 (100.0%), 55.4 MBs/sec
verify	Run actions/setup-node@v4	2026-10-08T02:42:23.5325597Z Cache Size: ~137 MB (143139869 B)
verify	Run actions/setup-node@v4	2026-10-08T02:42:23.5436831Z [command]/usr/bin/tar -xf /home/runner/work/_temp/943db1c3-27d6-40ac-b434-430f931764b2/cache.tzst -P -C /home/runner/work/fountainjs/fountainjs --use-compress-program unzstd
verify	Run actions/setup-node@v4	2026-10-08T02:42:24.9619212Z Cache restored successfully
verify	Run actions/setup-node@v4	2026-10-08T02:42:24.9688786Z Cache restored from key: node-cache-Linux-x64-pnpm-fd849381c36c47c9fa715e7759caf3b24b3c25e63e57449d26448df099a8c870
verify	Run actions/setup-python@v5	﻿2026-10-08T02:42:24.9861984Z ##[group]Run actions/setup-python@v5
verify	Run actions/setup-python@v5	2026-10-08T02:42:24.9862303Z with:
verify	Run actions/setup-python@v5	2026-10-08T02:42:24.9862523Z   python-version: 3.13
verify	Run actions/setup-python@v5	2026-10-08T02:42:24.9862765Z   check-latest: false
verify	Run actions/setup-python@v5	2026-10-08T02:42:24.9865317Z   token: ***
verify	Run actions/setup-python@v5	2026-10-08T02:42:24.9865555Z   update-environment: true
verify	Run actions/setup-python@v5	2026-10-08T02:42:24.9865804Z   allow-prereleases: false
verify	Run actions/setup-python@v5	2026-10-08T02:42:24.9866037Z   freethreaded: false
verify	Run actions/setup-python@v5	2026-10-08T02:42:24.9866249Z env:
verify	Run actions/setup-python@v5	2026-10-08T02:42:24.9866498Z   PNPM_HOME: /home/runner/setup-pnpm/node_modules/.bin
verify	Run actions/setup-python@v5	2026-10-08T02:42:24.9866809Z ##[endgroup]
verify	Run actions/setup-python@v5	2026-10-08T02:42:25.1200895Z ##[group]Installed versions
verify	Run actions/setup-python@v5	2026-10-08T02:42:25.1313863Z (node:2383) [DEP0040] DeprecationWarning: The `punycode` module is deprecated. Please use a userland alternative instead.
verify	Run actions/setup-python@v5	2026-10-08T02:42:25.1314791Z (Use `node --trace-deprecation ...` to show where the warning was created)
verify	Run actions/setup-python@v5	2026-10-08T02:42:25.1315717Z Successfully set up CPython (3.13.16)
verify	Run actions/setup-python@v5	2026-10-08T02:42:25.1316247Z ##[endgroup]
verify	Run oven-sh/setup-bun@v2	﻿2026-10-08T02:42:25.1434562Z ##[group]Run oven-sh/setup-bun@v2
verify	Run oven-sh/setup-bun@v2	2026-10-08T02:42:25.1434877Z with:
verify	Run oven-sh/setup-bun@v2	2026-10-08T02:42:25.1435490Z   no-cache: false
verify	Run oven-sh/setup-bun@v2	2026-10-08T02:42:25.1437729Z   token: ***
verify	Run oven-sh/setup-bun@v2	2026-10-08T02:42:25.1437929Z env:
verify	Run oven-sh/setup-bun@v2	2026-10-08T02:42:25.1438194Z   PNPM_HOME: /home/runner/setup-pnpm/node_modules/.bin
verify	Run oven-sh/setup-bun@v2	2026-10-08T02:42:25.1438584Z   pythonLocation: /opt/hostedtoolcache/Python/3.13.16/x64
verify	Run oven-sh/setup-bun@v2	2026-10-08T02:42:25.1439035Z   PKG_CONFIG_PATH: /opt/hostedtoolcache/Python/3.13.16/x64/lib/pkgconfig
verify	Run oven-sh/setup-bun@v2	2026-10-08T02:42:25.1439469Z   Python_ROOT_DIR: /opt/hostedtoolcache/Python/3.13.16/x64
verify	Run oven-sh/setup-bun@v2	2026-10-08T02:42:25.1439848Z   Python2_ROOT_DIR: /opt/hostedtoolcache/Python/3.13.16/x64
verify	Run oven-sh/setup-bun@v2	2026-10-08T02:42:25.1440228Z   Python3_ROOT_DIR: /opt/hostedtoolcache/Python/3.13.16/x64
verify	Run oven-sh/setup-bun@v2	2026-10-08T02:42:25.1440624Z   LD_LIBRARY_PATH: /opt/hostedtoolcache/Python/3.13.16/x64/lib
verify	Run oven-sh/setup-bun@v2	2026-10-08T02:42:25.1440954Z ##[endgroup]
verify	Run oven-sh/setup-bun@v2	2026-10-08T02:42:25.6789729Z Downloading a new version of Bun: https://github.com/oven-sh/bun/releases/download/bun-v1.4.2/bun-linux-x64.zip
verify	Run oven-sh/setup-bun@v2	2026-10-08T02:42:25.9848803Z [command]/usr/bin/unzip -o -q /home/runner/work/_temp/ea70af08-87a2-4b74-9dd4-9d67d7a28505.zip
verify	Run oven-sh/setup-bun@v2	2026-10-08T02:42:26.6025347Z [command]/home/runner/.bun/bin/bun --revision
verify	Run oven-sh/setup-bun@v2	2026-10-08T02:42:26.6080907Z 1.4.2+744846f84
verify	Run denoland/setup-deno@v2	﻿2026-10-08T02:42:26.6243050Z ##[group]Run denoland/setup-deno@v2
verify	Run denoland/setup-deno@v2	2026-10-08T02:42:26.6243356Z with:
verify	Run denoland/setup-deno@v2	2026-10-08T02:42:26.6243563Z   deno-version: lts
verify	Run denoland/setup-deno@v2	2026-10-08T02:42:26.6243784Z   deno-binary-name: deno
verify	Run denoland/setup-deno@v2	2026-10-08T02:42:26.6244014Z   cache: false
verify	Run denoland/setup-deno@v2	2026-10-08T02:42:26.6244205Z env:
verify	Run denoland/setup-deno@v2	2026-10-08T02:42:26.6244450Z   PNPM_HOME: /home/runner/setup-pnpm/node_modules/.bin
verify	Run denoland/setup-deno@v2	2026-10-08T02:42:26.6244839Z   pythonLocation: /opt/hostedtoolcache/Python/3.13.16/x64
verify	Run denoland/setup-deno@v2	2026-10-08T02:42:26.6245601Z   PKG_CONFIG_PATH: /opt/hostedtoolcache/Python/3.13.16/x64/lib/pkgconfig
verify	Run denoland/setup-deno@v2	2026-10-08T02:42:26.6246045Z   Python_ROOT_DIR: /opt/hostedtoolcache/Python/3.13.16/x64
verify	Run denoland/setup-deno@v2	2026-10-08T02:42:26.6246447Z   Python2_ROOT_DIR: /opt/hostedtoolcache/Python/3.13.16/x64
verify	Run denoland/setup-deno@v2	2026-10-08T02:42:26.6246835Z   Python3_ROOT_DIR: /opt/hostedtoolcache/Python/3.13.16/x64
verify	Run denoland/setup-deno@v2	2026-10-08T02:42:26.6247224Z   LD_LIBRARY_PATH: /opt/hostedtoolcache/Python/3.13.16/x64/lib
verify	Run denoland/setup-deno@v2	2026-10-08T02:42:26.6247552Z ##[endgroup]
verify	Run denoland/setup-deno@v2	2026-10-08T02:42:26.8325000Z Going to install lts version 2.9.3.
verify	Run denoland/setup-deno@v2	2026-10-08T02:42:26.8336030Z Downloading Deno from https://github.com/denoland/deno/releases/download/v2.9.3/deno-x86_64-unknown-linux-gnu.zip.
verify	Run denoland/setup-deno@v2	2026-10-08T02:42:27.2347092Z [command]/usr/bin/unzip -o -q /home/runner/work/_temp/aeb74306-7c4b-4406-9733-13d3d2d1bb0b
verify	Run denoland/setup-deno@v2	2026-10-08T02:42:28.0774341Z Cached Deno to /opt/hostedtoolcache/deno/2.9.3/x64.
verify	Run denoland/setup-deno@v2	2026-10-08T02:42:28.0783784Z Installation complete.
verify	Run pnpm install --frozen-lockfile	﻿2026-10-08T02:42:28.0950703Z ##[group]Run pnpm install --frozen-lockfile
verify	Run pnpm install --frozen-lockfile	2026-10-08T02:42:28.0951143Z ^[[36;1mpnpm install --frozen-lockfile^[[0m
verify	Run pnpm install --frozen-lockfile	2026-10-08T02:42:28.1285473Z shell: /usr/bin/bash -e {0}
verify	Run pnpm install --frozen-lockfile	2026-10-08T02:42:28.1285802Z env:
verify	Run pnpm install --frozen-lockfile	2026-10-08T02:42:28.1286104Z   PNPM_HOME: /home/runner/setup-pnpm/node_modules/.bin
verify	Run pnpm install --frozen-lockfile	2026-10-08T02:42:28.1286579Z   pythonLocation: /opt/hostedtoolcache/Python/3.13.16/x64
verify	Run pnpm install --frozen-lockfile	2026-10-08T02:42:28.1287111Z   PKG_CONFIG_PATH: /opt/hostedtoolcache/Python/3.13.16/x64/lib/pkgconfig
verify	Run pnpm install --frozen-lockfile	2026-10-08T02:42:28.1287648Z   Python_ROOT_DIR: /opt/hostedtoolcache/Python/3.13.16/x64
verify	Run pnpm install --frozen-lockfile	2026-10-08T02:42:28.1288326Z   Python2_ROOT_DIR: /opt/hostedtoolcache/Python/3.13.16/x64
verify	Run pnpm install --frozen-lockfile	2026-10-08T02:42:28.1288799Z   Python3_ROOT_DIR: /opt/hostedtoolcache/Python/3.13.16/x64
verify	Run pnpm install --frozen-lockfile	2026-10-08T02:42:28.1289247Z   LD_LIBRARY_PATH: /opt/hostedtoolcache/Python/3.13.16/x64/lib
verify	Run pnpm install --frozen-lockfile	2026-10-08T02:42:28.1289616Z ##[endgroup]
verify	Run pnpm install --frozen-lockfile	2026-10-08T02:42:28.5772133Z Scope: all 3 workspace projects
verify	Run pnpm install --frozen-lockfile	2026-10-08T02:42:28.6400476Z ? Verifying lockfile against supply-chain policies (340 entries)...
verify	Run pnpm install --frozen-lockfile	2026-10-08T02:42:28.6487565Z Lockfile is up to date, resolution step is skipped
verify	Run pnpm install --frozen-lockfile	2026-10-08T02:42:28.7526896Z Progress: resolved 1, reused 0, downloaded 0, added 0
verify	Run pnpm install --frozen-lockfile	2026-10-08T02:42:28.8264398Z Packages: +281
verify	Run pnpm install --frozen-lockfile	2026-10-08T02:42:28.8269842Z ++++++++++++++++++++++++++++++++++++++++++++++++++++++++++++++++++++++++++++++++
verify	Run pnpm install --frozen-lockfile	2026-10-08T02:42:29.5505998Z Packages are hard linked from the content-addressable store to the virtual store.
verify	Run pnpm install --frozen-lockfile	2026-10-08T02:42:29.5507295Z   Content-addressable store is at: /home/runner/setup-pnpm/node_modules/.bin/store/v11
verify	Run pnpm install --frozen-lockfile	2026-10-08T02:42:29.5508484Z   Virtual store is at:             node_modules/.pnpm
verify	Run pnpm install --frozen-lockfile	2026-10-08T02:42:29.7566853Z Progress: resolved 281, reused 281, downloaded 0, added 20
verify	Run pnpm install --frozen-lockfile	2026-10-08T02:42:30.2728807Z Progress: resolved 281, reused 281, downloaded 0, added 281, done
verify	Run pnpm install --frozen-lockfile	2026-10-08T02:42:32.6106846Z ✓ Lockfile passes supply-chain policies (340 entries in 3.9s)
verify	Run pnpm install --frozen-lockfile	2026-10-08T02:42:32.6972330Z 
verify	Run pnpm install --frozen-lockfile	2026-10-08T02:42:32.6983277Z devDependencies:
verify	Run pnpm install --frozen-lockfile	2026-10-08T02:42:32.6983799Z + @angular/common 22.1.5
verify	Run pnpm install --frozen-lockfile	2026-10-08T02:42:32.6984460Z + @angular/compiler 22.1.5
verify	Run pnpm install --frozen-lockfile	2026-10-08T02:42:32.6985007Z + @angular/core 22.1.5
verify	Run pnpm install --frozen-lockfile	2026-10-08T02:42:32.6985751Z + @angular/platform-browser 22.1.5
verify	Run pnpm install --frozen-lockfile	2026-10-08T02:42:32.6986326Z + @angular/platform-server 22.1.5
verify	Run pnpm install --frozen-lockfile	2026-10-08T02:42:32.6986969Z + @mathjax/mathjax-tex-font 4.1.3
verify	Run pnpm install --frozen-lockfile	2026-10-08T02:42:32.6987541Z + @mathjax/src 4.1.3
verify	Run pnpm install --frozen-lockfile	2026-10-08T02:42:32.6988185Z + @playwright/test 1.62.1
verify	Run pnpm install --frozen-lockfile	2026-10-08T02:42:32.6988778Z + @sveltejs/vite-plugin-svelte 7.3.0
verify	Run pnpm install --frozen-lockfile	2026-10-08T02:42:32.6989350Z + @types/node 26.4.1
verify	Run pnpm install --frozen-lockfile	2026-10-08T02:42:32.6989847Z + @types/react 19.2.18
verify	Run pnpm install --frozen-lockfile	2026-10-08T02:42:32.6990685Z + @types/react-dom 19.2.7
verify	Run pnpm install --frozen-lockfile	2026-10-08T02:42:32.6991228Z + @vitejs/plugin-react 6.1.1
verify	Run pnpm install --frozen-lockfile	2026-10-08T02:42:32.6991715Z + commonmark 0.31.2
verify	Run pnpm install --frozen-lockfile	2026-10-08T02:42:32.6992130Z + commonmark-spec 0.31.2
verify	Run pnpm install --frozen-lockfile	2026-10-08T02:42:32.6992550Z + css-select 7.0.0
verify	Run pnpm install --frozen-lockfile	2026-10-08T02:42:32.6992955Z + docx-preview 0.4.0
verify	Run pnpm install --frozen-lockfile	2026-10-08T02:42:32.6993336Z + entities 8.0.0
verify	Run pnpm install --frozen-lockfile	2026-10-08T02:42:32.6993721Z + fflate 0.8.3
verify	Run pnpm install --frozen-lockfile	2026-10-08T02:42:32.6994101Z + jsdom 30.0.1
verify	Run pnpm install --frozen-lockfile	2026-10-08T02:42:32.6994553Z + katex 0.18.6
verify	Run pnpm install --frozen-lockfile	2026-10-08T02:42:32.6994985Z + miniflare 3.20250718.3
verify	Run pnpm install --frozen-lockfile	2026-10-08T02:42:32.6995711Z + parse5 8.0.1
verify	Run pnpm install --frozen-lockfile	2026-10-08T02:42:32.6996220Z + parse5-htmlparser2-tree-adapter 8.0.1
verify	Run pnpm install --frozen-lockfile	2026-10-08T02:42:32.6996745Z + pdfjs-dist 6.3.289
verify	Run pnpm install --frozen-lockfile	2026-10-08T02:42:32.6997138Z + react 19.2.8
verify	Run pnpm install --frozen-lockfile	2026-10-08T02:42:32.6997524Z + react-dom 19.2.8
verify	Run pnpm install --frozen-lockfile	2026-10-08T02:42:32.6997923Z + rxjs 7.8.2
verify	Run pnpm install --frozen-lockfile	2026-10-08T02:42:32.6998297Z + svelte 5.57.0
verify	Run pnpm install --frozen-lockfile	2026-10-08T02:42:32.6998706Z + typescript 7.0.2
verify	Run pnpm install --frozen-lockfile	2026-10-08T02:42:32.6999163Z + unicode-emoji-json 0.9.0
verify	Run pnpm install --frozen-lockfile	2026-10-08T02:42:32.6999620Z + vite 8.2.2
verify	Run pnpm install --frozen-lockfile	2026-10-08T02:42:32.6999989Z + vitest 5.0.0
verify	Run pnpm install --frozen-lockfile	2026-10-08T02:42:32.7000357Z + vue 3.5.42
verify	Run pnpm install --frozen-lockfile	2026-10-08T02:42:32.7000744Z + yjs 13.6.32
verify	Run pnpm install --frozen-lockfile	2026-10-08T02:42:32.7000954Z 
verify	Run pnpm install --frozen-lockfile	2026-10-08T02:42:32.7368824Z Done in 4.5s using pnpm v11.19.0
verify	Run python -m pip install --disable-pip-version-check python-docx==1.2.0	﻿2026-10-08T02:42:32.7908149Z ##[group]Run python -m pip install --disable-pip-version-check python-docx==1.2.0
verify	Run python -m pip install --disable-pip-version-check python-docx==1.2.0	2026-10-08T02:42:32.7908806Z ^[[36;1mpython -m pip install --disable-pip-version-check python-docx==1.2.0^[[0m
verify	Run python -m pip install --disable-pip-version-check python-docx==1.2.0	2026-10-08T02:42:32.7971913Z shell: /usr/bin/bash -e {0}
verify	Run python -m pip install --disable-pip-version-check python-docx==1.2.0	2026-10-08T02:42:32.7972180Z env:
verify	Run python -m pip install --disable-pip-version-check python-docx==1.2.0	2026-10-08T02:42:32.7972455Z   PNPM_HOME: /home/runner/setup-pnpm/node_modules/.bin
verify	Run python -m pip install --disable-pip-version-check python-docx==1.2.0	2026-10-08T02:42:32.7972866Z   pythonLocation: /opt/hostedtoolcache/Python/3.13.16/x64
verify	Run python -m pip install --disable-pip-version-check python-docx==1.2.0	2026-10-08T02:42:32.7973321Z   PKG_CONFIG_PATH: /opt/hostedtoolcache/Python/3.13.16/x64/lib/pkgconfig
verify	Run python -m pip install --disable-pip-version-check python-docx==1.2.0	2026-10-08T02:42:32.7973778Z   Python_ROOT_DIR: /opt/hostedtoolcache/Python/3.13.16/x64
verify	Run python -m pip install --disable-pip-version-check python-docx==1.2.0	2026-10-08T02:42:32.7974193Z   Python2_ROOT_DIR: /opt/hostedtoolcache/Python/3.13.16/x64
verify	Run python -m pip install --disable-pip-version-check python-docx==1.2.0	2026-10-08T02:42:32.7974790Z   Python3_ROOT_DIR: /opt/hostedtoolcache/Python/3.13.16/x64
verify	Run python -m pip install --disable-pip-version-check python-docx==1.2.0	2026-10-08T02:42:32.7975546Z   LD_LIBRARY_PATH: /opt/hostedtoolcache/Python/3.13.16/x64/lib
verify	Run python -m pip install --disable-pip-version-check python-docx==1.2.0	2026-10-08T02:42:32.7975935Z ##[endgroup]
verify	Run python -m pip install --disable-pip-version-check python-docx==1.2.0	2026-10-08T02:42:35.4533286Z Collecting python-docx==1.2.0
verify	Run python -m pip install --disable-pip-version-check python-docx==1.2.0	2026-10-08T02:42:35.5289671Z   Downloading python_docx-1.2.0-py3-none-any.whl.metadata (2.0 kB)
verify	Run python -m pip install --disable-pip-version-check python-docx==1.2.0	2026-10-08T02:42:35.8400749Z Collecting lxml>=3.1.0 (from python-docx==1.2.0)
verify	Run python -m pip install --disable-pip-version-check python-docx==1.2.0	2026-10-08T02:42:35.8538366Z   Downloading lxml-6.1.3-cp313-cp313-manylinux_2_26_x86_64.manylinux_2_28_x86_64.whl.metadata (3.3 kB)
verify	Run python -m pip install --disable-pip-version-check python-docx==1.2.0	2026-10-08T02:42:35.8880215Z Collecting typing_extensions>=4.9.0 (from python-docx==1.2.0)
verify	Run python -m pip install --disable-pip-version-check python-docx==1.2.0	2026-10-08T02:42:35.9011968Z   Downloading typing_extensions-4.16.0-py3-none-any.whl.metadata (3.3 kB)
verify	Run python -m pip install --disable-pip-version-check python-docx==1.2.0	2026-10-08T02:42:35.9207682Z Downloading python_docx-1.2.0-py3-none-any.whl (252 kB)
verify	Run python -m pip install --disable-pip-version-check python-docx==1.2.0	2026-10-08T02:42:35.9696609Z Downloading lxml-6.1.3-cp313-cp313-manylinux_2_26_x86_64.manylinux_2_28_x86_64.whl (5.2 MB)
verify	Run python -m pip install --disable-pip-version-check python-docx==1.2.0	2026-10-08T02:42:36.0618812Z    ━━━━━━━━━━━━━━━━━━━━━━━━━━━━━━━━━━━━━━━━ 5.2/5.2 MB 63.6 MB/s  0:00:00
verify	Run python -m pip install --disable-pip-version-check python-docx==1.2.0	2026-10-08T02:42:36.0741678Z Downloading typing_extensions-4.16.0-py3-none-any.whl (45 kB)
verify	Run python -m pip install --disable-pip-version-check python-docx==1.2.0	2026-10-08T02:42:36.1906644Z Installing collected packages: typing_extensions, lxml, python-docx
verify	Run python -m pip install --disable-pip-version-check python-docx==1.2.0	2026-10-08T02:42:36.4815007Z 
verify	Run python -m pip install --disable-pip-version-check python-docx==1.2.0	2026-10-08T02:42:36.4828212Z Successfully installed lxml-6.1.3 python-docx-1.2.0 typing_extensions-4.16.0
verify	Run pnpm build	﻿2026-10-08T02:42:36.5361927Z ##[group]Run pnpm build
verify	Run pnpm build	2026-10-08T02:42:36.5362487Z ^[[36;1mpnpm build^[[0m
verify	Run pnpm build	2026-10-08T02:42:36.5449948Z shell: /usr/bin/bash -e {0}
verify	Run pnpm build	2026-10-08T02:42:36.5450213Z env:
verify	Run pnpm build	2026-10-08T02:42:36.5450471Z   PNPM_HOME: /home/runner/setup-pnpm/node_modules/.bin
verify	Run pnpm build	2026-10-08T02:42:36.5450872Z   pythonLocation: /opt/hostedtoolcache/Python/3.13.16/x64
verify	Run pnpm build	2026-10-08T02:42:36.5451330Z   PKG_CONFIG_PATH: /opt/hostedtoolcache/Python/3.13.16/x64/lib/pkgconfig
verify	Run pnpm build	2026-10-08T02:42:36.5451780Z   Python_ROOT_DIR: /opt/hostedtoolcache/Python/3.13.16/x64
verify	Run pnpm build	2026-10-08T02:42:36.5452161Z   Python2_ROOT_DIR: /opt/hostedtoolcache/Python/3.13.16/x64
verify	Run pnpm build	2026-10-08T02:42:36.5452568Z   Python3_ROOT_DIR: /opt/hostedtoolcache/Python/3.13.16/x64
verify	Run pnpm build	2026-10-08T02:42:36.5452953Z   LD_LIBRARY_PATH: /opt/hostedtoolcache/Python/3.13.16/x64/lib
verify	Run pnpm build	2026-10-08T02:42:36.5453281Z ##[endgroup]
verify	Run pnpm build	2026-10-08T02:42:36.9980286Z $ vite build -c vite.lib.config.ts && tsc -p tsconfig.build.json && node scripts/copy-assets.mjs && pnpm build:angular
verify	Run pnpm build	2026-10-08T02:42:37.2114383Z ^[[36mvite v8.2.2 ^[[32mbuilding client environment for production...^[[36m^[[39m
verify	Run pnpm build	2026-10-08T02:42:37.2238012Z transforming...
verify	Run pnpm build	2026-10-08T02:42:37.3488792Z ✓ 304 modules transformed.
verify	Run pnpm build	2026-10-08T02:42:37.4280013Z rendering chunks...
verify	Run pnpm build	2026-10-08T02:42:37.5137380Z computing gzip size...
verify	Run pnpm build	2026-10-08T02:42:37.5283967Z dist/step-doAGd4iU.js                       0.20 kB │ gzip:  0.18 kB │ map:   0.41 kB
verify	Run pnpm build	2026-10-08T02:42:37.5285026Z dist/plugin-B0KSKRXJ.js                     0.39 kB │ gzip:  0.28 kB │ map:   3.23 kB
verify	Run pnpm build	2026-10-08T02:42:37.5286076Z dist/node-spec-Dl5lMC1C.js                  0.64 kB │ gzip:  0.37 kB │ map:   8.05 kB
verify	Run pnpm build	2026-10-08T02:42:37.5286751Z dist/text-style.js                          0.87 kB │ gzip:  0.39 kB
verify	Run pnpm build	2026-10-08T02:42:37.5287409Z dist/url-sjMj-efj.js                        1.03 kB │ gzip:  0.52 kB │ map:   2.68 kB
verify	Run pnpm build	2026-10-08T02:42:37.5288052Z dist/svelte.js                              1.08 kB │ gzip:  0.55 kB │ map:   3.58 kB
verify	Run pnpm build	2026-10-08T02:42:37.5288754Z dist/useFountain-DQ8gXlvr.js                1.09 kB │ gzip:  0.57 kB │ map:   3.25 kB
verify	Run pnpm build	2026-10-08T02:42:37.5289485Z dist/command-manager-CSDUCeVE.js            1.32 kB │ gzip:  0.62 kB │ map:   6.46 kB
verify	Run pnpm build	2026-10-08T02:42:37.5290809Z dist/collaboration-BubriAbK.js              1.44 kB │ gzip:  0.71 kB │ map:   3.60 kB
verify	Run pnpm build	2026-10-08T02:42:37.5291941Z dist/react-widgets.js                       1.57 kB │ gzip:  0.67 kB │ map:   5.52 kB
verify	Run pnpm build	2026-10-08T02:42:37.5292593Z dist/vue.js                                 1.72 kB │ gzip:  0.86 kB │ map:   4.53 kB
verify	Run pnpm build	2026-10-08T02:42:37.5293246Z dist/inline-atom-BLfPalX5.js                1.76 kB │ gzip:  0.78 kB │ map:   5.30 kB
verify	Run pnpm build	2026-10-08T02:42:37.5294191Z dist/path-B7Cr90vg.js                       1.89 kB │ gzip:  0.89 kB │ map:   5.80 kB
verify	Run pnpm build	2026-10-08T02:42:37.5294858Z dist/search-CLj2oPC9.js                     1.99 kB │ gzip:  0.95 kB │ map:   6.14 kB
verify	Run pnpm build	2026-10-08T02:42:37.5295923Z dist/history-CluGKD04.js                    2.71 kB │ gzip:  1.12 kB │ map:   7.84 kB
verify	Run pnpm build	2026-10-08T02:42:37.5297123Z dist/html-page-settings-C1un4UNO.js         2.80 kB │ gzip:  1.18 kB │ map:   8.40 kB
verify	Run pnpm build	2026-10-08T02:42:37.5297926Z dist/content-expression-CuobUc-r.js         2.87 kB │ gzip:  1.12 kB │ map:   7.89 kB
verify	Run pnpm build	2026-10-08T02:42:37.5298642Z dist/input-rules-EH0whXGW.js                2.99 kB │ gzip:  1.31 kB │ map:   9.02 kB
verify	Run pnpm build	2026-10-08T02:42:37.5299328Z dist/decoration-CuT1b7BC.js                 3.14 kB │ gzip:  1.23 kB │ map:  10.15 kB
verify	Run pnpm build	2026-10-08T02:42:37.5300004Z dist/extension-Cfbujo9B.js                  3.20 kB │ gzip:  1.27 kB │ map:  10.62 kB
verify	Run pnpm build	2026-10-08T02:42:37.5300717Z dist/replace-text-range-step-DDj1wpRU.js    3.28 kB │ gzip:  1.21 kB │ map:   9.56 kB
verify	Run pnpm build	2026-10-08T02:42:37.5301435Z dist/table-map-Du2VwT8u.js                  3.47 kB │ gzip:  1.41 kB │ map:  10.05 kB
verify	Run pnpm build	2026-10-08T02:42:37.5302113Z dist/mark-range-step-Jo1iPQSu.js            3.48 kB │ gzip:  1.08 kB │ map:  10.32 kB
verify	Run pnpm build	2026-10-08T02:42:37.5302784Z dist/node-CMohf4dR.js                       3.90 kB │ gzip:  1.36 kB │ map:  10.26 kB
verify	Run pnpm build	2026-10-08T02:42:37.5303433Z dist/html-flow-BvdNyeD1.js                  4.47 kB │ gzip:  1.85 kB │ map:  11.72 kB
verify	Run pnpm build	2026-10-08T02:42:37.5304369Z dist/link-destination-BdayfYDr.js           4.56 kB │ gzip:  1.82 kB │ map:  12.96 kB
verify	Run pnpm build	2026-10-08T02:42:37.5305043Z dist/widgets-dom.js                         4.74 kB │ gzip:  1.67 kB │ map:  13.70 kB
verify	Run pnpm build	2026-10-08T02:42:37.5306031Z dist/text-style-BYl8otDw.js                 4.82 kB │ gzip:  1.60 kB │ map:  15.05 kB
verify	Run pnpm build	2026-10-08T02:42:37.5306698Z dist/integrity-dom.js                       5.07 kB │ gzip:  1.98 kB │ map:  14.22 kB
verify	Run pnpm build	2026-10-08T02:42:37.5307357Z dist/table-of-contents.js                   5.69 kB │ gzip:  2.34 kB │ map:  17.63 kB
verify	Run pnpm build	2026-10-08T02:42:37.5308006Z dist/html-inert.js                          6.16 kB │ gzip:  2.55 kB │ map:  13.93 kB
verify	Run pnpm build	2026-10-08T02:42:37.5308618Z dist/testing.js                             6.49 kB │ gzip:  2.31 kB │ map:  18.97 kB
verify	Run pnpm build	2026-10-08T02:42:37.5309264Z dist/selection-Du4v48EK.js                  6.52 kB │ gzip:  2.21 kB │ map:  19.93 kB
verify	Run pnpm build	2026-10-08T02:42:37.5309910Z dist/migrations.js                          7.04 kB │ gzip:  2.23 kB │ map:  19.76 kB
verify	Run pnpm build	2026-10-08T02:42:37.5310574Z dist/react-tracked-changes.js               7.65 kB │ gzip:  2.34 kB │ map:  13.99 kB
verify	Run pnpm build	2026-10-08T02:42:37.5311219Z dist/details.js                             7.72 kB │ gzip:  2.65 kB │ map:  21.54 kB
verify	Run pnpm build	2026-10-08T02:42:37.5311852Z dist/mapping-BbhEodcc.js                    7.76 kB │ gzip:  2.66 kB │ map:  24.89 kB
verify	Run pnpm build	2026-10-08T02:42:37.5312512Z dist/react-integrity.js                     8.09 kB │ gzip:  2.42 kB │ map:  13.31 kB
verify	Run pnpm build	2026-10-08T02:42:37.5313195Z dist/menu-position-6ofIW78-.js              8.23 kB │ gzip:  3.05 kB │ map:  25.35 kB
verify	Run pnpm build	2026-10-08T02:42:37.5313847Z dist/node-ids.js                            8.74 kB │ gzip:  3.14 kB │ map:  28.06 kB
verify	Run pnpm build	2026-10-08T02:42:37.5314455Z dist/widgets.js                             8.78 kB │ gzip:  3.21 kB │ map:  27.94 kB
verify	Run pnpm build	2026-10-08T02:42:37.5315014Z dist/core.js                                9.07 kB │ gzip:  3.18 kB
verify	Run pnpm build	2026-10-08T02:42:37.5315958Z dist/table-layout-DqQ0Ldl5.js               9.17 kB │ gzip:  3.19 kB │ map:  27.03 kB
verify	Run pnpm build	2026-10-08T02:42:37.5316647Z dist/react-comments.js                      9.78 kB │ gzip:  2.75 kB │ map:  17.76 kB
verify	Run pnpm build	2026-10-08T02:42:37.5317322Z dist/structured-attributes.js              10.03 kB │ gzip:  2.96 kB │ map:  31.46 kB
verify	Run pnpm build	2026-10-08T02:42:37.5318010Z dist/react-versions.js                     10.06 kB │ gzip:  2.75 kB │ map:  18.26 kB
verify	Run pnpm build	2026-10-08T02:42:37.5318706Z dist/collaboration-core-B-I53ZbT.js        10.29 kB │ gzip:  3.23 kB │ map:  32.95 kB
verify	Run pnpm build	2026-10-08T02:42:37.5319405Z dist/ai-generated-media.js                 10.71 kB │ gzip:  3.28 kB │ map:  27.57 kB
verify	Run pnpm build	2026-10-08T02:42:37.5320207Z dist/ruby.js                               10.92 kB │ gzip:  3.49 kB │ map:  28.83 kB
verify	Run pnpm build	2026-10-08T02:42:37.5320858Z dist/page-settings-Bqt82pEY.js             11.19 kB │ gzip:  3.73 kB │ map:  32.14 kB
verify	Run pnpm build	2026-10-08T02:42:37.5321508Z dist/pages.js                              11.27 kB │ gzip:  3.60 kB │ map:  28.76 kB
verify	Run pnpm build	2026-10-08T02:42:37.5322119Z dist/integrity.js                          11.46 kB │ gzip:  3.63 kB │ map:  30.86 kB
verify	Run pnpm build	2026-10-08T02:42:37.5322765Z dist/pages-preview.js                      13.47 kB │ gzip:  4.45 kB │ map:  37.18 kB
verify	Run pnpm build	2026-10-08T02:42:37.5323414Z dist/editor-CMX7ABLq.js                    15.16 kB │ gzip:  4.48 kB │ map:  43.81 kB
verify	Run pnpm build	2026-10-08T02:42:37.5324057Z dist/ai-conversation.js                    15.96 kB │ gzip:  4.46 kB │ map:  41.86 kB
verify	Run pnpm build	2026-10-08T02:42:37.5324714Z dist/ai-document-tools.js                  16.83 kB │ gzip:  4.71 kB │ map:  45.73 kB
verify	Run pnpm build	2026-10-08T02:42:37.5325664Z dist/emoji-DeLc3sks.js                     17.42 kB │ gzip:  5.72 kB │ map:  46.29 kB
verify	Run pnpm build	2026-10-08T02:42:37.5326366Z dist/link-behavior-CDZIdDvs.js             18.29 kB │ gzip:  6.84 kB │ map:  48.24 kB
verify	Run pnpm build	2026-10-08T02:42:37.5327064Z dist/presentation-_RsWq19D.js              21.37 kB │ gzip:  6.17 kB │ map:  64.52 kB
verify	Run pnpm build	2026-10-08T02:42:37.5327742Z dist/document-utilities.js                 23.88 kB │ gzip:  7.49 kB │ map:  67.80 kB
verify	Run pnpm build	2026-10-08T02:42:37.5328362Z dist/yjs.js                                27.47 kB │ gzip:  7.82 kB │ map:  75.97 kB
verify	Run pnpm build	2026-10-08T02:42:37.5329152Z dist/tracked-changes.js                    28.57 kB │ gzip:  8.09 kB │ map:  85.58 kB
verify	Run pnpm build	2026-10-08T02:42:37.5329843Z dist/versions.js                           29.34 kB │ gzip:  7.76 kB │ map:  80.63 kB
verify	Run pnpm build	2026-10-08T02:42:37.5330485Z dist/comments.js                           29.77 kB │ gzip:  8.57 kB │ map:  87.59 kB
verify	Run pnpm build	2026-10-08T02:42:37.5331123Z dist/extensions-hTJDUJ_9.js                34.03 kB │ gzip:  9.57 kB │ map:  89.78 kB
verify	Run pnpm build	2026-10-08T02:42:37.5331781Z dist/media-FwxHlzWz.js                     42.81 kB │ gzip: 12.13 kB │ map: 110.60 kB
verify	Run pnpm build	2026-10-08T02:42:37.5332786Z dist/markdown-html-83ZGjqmO.js             43.57 kB │ gzip: 23.96 kB │ map:  74.66 kB
verify	Run pnpm build	2026-10-08T02:42:37.5334084Z dist/pages-dom.js                          53.72 kB │ gzip: 13.34 kB │ map: 147.72 kB
verify	Run pnpm build	2026-10-08T02:42:37.5335620Z dist/index.js                              82.82 kB │ gzip: 24.40 kB │ map: 179.78 kB
verify	Run pnpm build	2026-10-08T02:42:37.5336986Z dist/commands-CbdzHnQ0.js                  86.46 kB │ gzip: 22.47 kB │ map: 249.52 kB
verify	Run pnpm build	2026-10-08T02:42:37.5338018Z dist/direction-scope-DBvkWtZm.js           87.84 kB │ gzip: 25.58 kB │ map: 268.75 kB
verify	Run pnpm build	2026-10-08T02:42:37.5338714Z dist/react.js                              94.79 kB │ gzip: 22.13 kB │ map: 187.55 kB
verify	Run pnpm build	2026-10-08T02:42:37.5339354Z dist/view-Ckw3IAxP.js                     118.90 kB │ gzip: 29.41 kB │ map: 306.74 kB
verify	Run pnpm build	2026-10-08T02:42:37.5339977Z dist/docx.js                              188.55 kB │ gzip: 54.10 kB │ map: 518.31 kB
verify	Run pnpm build	2026-10-08T02:42:37.5340588Z dist/html-server.js                       262.21 kB │ gzip: 59.59 kB │ map: 772.54 kB
verify	Run pnpm build	2026-10-08T02:42:37.5341223Z dist/emoji-data.js                        331.40 kB │ gzip: 30.88 kB │ map: 467.62 kB
verify	Run pnpm build	2026-10-08T02:42:37.5341500Z 
verify	Run pnpm build	2026-10-08T02:42:37.5353765Z transforming...
verify	Run pnpm build	2026-10-08T02:42:37.6546877Z ✓ 304 modules transformed.
verify	Run pnpm build	2026-10-08T02:42:37.7263517Z rendering chunks...
verify	Run pnpm build	2026-10-08T02:42:37.8196621Z computing gzip size...
verify	Run pnpm build	2026-10-08T02:42:37.8317748Z dist/step-CICBu9Xg.cjs                       0.20 kB │ gzip:  0.18 kB │ map:   0.42 kB
verify	Run pnpm build	2026-10-08T02:42:37.8318717Z dist/plugin-DlQkwKdU.cjs                     0.48 kB │ gzip:  0.27 kB │ map:   3.21 kB
verify	Run pnpm build	2026-10-08T02:42:37.8319426Z dist/node-spec-owlJN_nc.cjs                  0.59 kB │ gzip:  0.36 kB │ map:   8.05 kB
verify	Run pnpm build	2026-10-08T02:42:37.8320076Z dist/rolldown-runtime-Chgba0Kb.cjs           0.77 kB │ gzip:  0.41 kB
verify	Run pnpm build	2026-10-08T02:42:37.8320680Z dist/text-style.cjs                          0.87 kB │ gzip:  0.36 kB
verify	Run pnpm build	2026-10-08T02:42:37.8321293Z dist/svelte.cjs                              0.89 kB │ gzip:  0.51 kB │ map:   3.64 kB
verify	Run pnpm build	2026-10-08T02:42:37.8322207Z dist/url-Co8QRAHd.cjs                        0.92 kB │ gzip:  0.51 kB │ map:   2.68 kB
verify	Run pnpm build	2026-10-08T02:42:37.8322873Z dist/useFountain-C16zq9TV.cjs                0.96 kB │ gzip:  0.52 kB │ map:   3.30 kB
verify	Run pnpm build	2026-10-08T02:42:37.8323933Z dist/command-manager-DU4ahU5C.cjs            1.06 kB │ gzip:  0.55 kB │ map:   6.45 kB
verify	Run pnpm build	2026-10-08T02:42:37.8325533Z dist/collaboration-DHfWMt2l.cjs              1.26 kB │ gzip:  0.63 kB │ map:   3.61 kB
verify	Run pnpm build	2026-10-08T02:42:37.8326902Z dist/react-widgets.cjs                       1.33 kB │ gzip:  0.63 kB │ map:   5.62 kB
verify	Run pnpm build	2026-10-08T02:42:37.8328132Z dist/vue.cjs                                 1.45 kB │ gzip:  0.76 kB │ map:   4.76 kB
verify	Run pnpm build	2026-10-08T02:42:37.8329380Z dist/inline-atom-Cg88XSNe.cjs                1.53 kB │ gzip:  0.70 kB │ map:   5.34 kB
verify	Run pnpm build	2026-10-08T02:42:37.8330644Z dist/search-Cb5HWhnF.cjs                     1.76 kB │ gzip:  0.87 kB │ map:   6.15 kB
verify	Run pnpm build	2026-10-08T02:42:37.8331871Z dist/path-DDY3uxw-.cjs                       1.98 kB │ gzip:  0.82 kB │ map:   5.79 kB
verify	Run pnpm build	2026-10-08T02:42:37.8333190Z dist/content-expression-YXcFdjFU.cjs         2.15 kB │ gzip:  0.98 kB │ map:   7.85 kB
verify	Run pnpm build	2026-10-08T02:42:37.8334618Z dist/html-page-settings-CYNBUfR_.cjs         2.53 kB │ gzip:  1.05 kB │ map:   8.37 kB
verify	Run pnpm build	2026-10-08T02:42:37.8335779Z dist/table-map-Dbo_d2TT.cjs                  2.65 kB │ gzip:  1.23 kB │ map:  10.02 kB
verify	Run pnpm build	2026-10-08T02:42:37.8336721Z dist/input-rules-HXvPuvbc.cjs                2.66 kB │ gzip:  1.16 kB │ map:   9.04 kB
verify	Run pnpm build	2026-10-08T02:42:37.8337410Z dist/decoration-jVx4B2Pl.cjs                 2.68 kB │ gzip:  1.13 kB │ map:  10.14 kB
verify	Run pnpm build	2026-10-08T02:42:37.8338122Z dist/replace-text-range-step-VHOaDNVn.cjs    2.69 kB │ gzip:  1.07 kB │ map:   9.63 kB
verify	Run pnpm build	2026-10-08T02:42:37.8338821Z dist/history-C1iHQbdz.cjs                    2.76 kB │ gzip:  1.03 kB │ map:   7.85 kB
verify	Run pnpm build	2026-10-08T02:42:37.8339482Z dist/extension-Sb4ErwsF.cjs                  2.86 kB │ gzip:  1.17 kB │ map:  10.59 kB
verify	Run pnpm build	2026-10-08T02:42:37.8340161Z dist/mark-range-step-DOJDyOsP.cjs            3.02 kB │ gzip:  0.92 kB │ map:  10.34 kB
verify	Run pnpm build	2026-10-08T02:42:37.8340837Z dist/node-D26sG_e5.cjs                       3.35 kB │ gzip:  1.25 kB │ map:  10.25 kB
verify	Run pnpm build	2026-10-08T02:42:37.8341471Z dist/widgets-dom.cjs                         4.02 kB │ gzip:  1.53 kB │ map:  13.67 kB
verify	Run pnpm build	2026-10-08T02:42:37.8342128Z dist/html-flow-BELrbD1b.cjs                  4.18 kB │ gzip:  1.68 kB │ map:  11.78 kB
verify	Run pnpm build	2026-10-08T02:42:37.8342801Z dist/integrity-dom.cjs                       4.36 kB │ gzip:  1.82 kB │ map:  14.27 kB
verify	Run pnpm build	2026-10-08T02:42:37.8343470Z dist/link-destination-BqNBOBU2.cjs           4.70 kB │ gzip:  1.53 kB │ map:  13.01 kB
verify	Run pnpm build	2026-10-08T02:42:37.8344150Z dist/table-of-contents.cjs                   4.75 kB │ gzip:  2.12 kB │ map:  17.66 kB
verify	Run pnpm build	2026-10-08T02:42:37.8344828Z dist/text-style-BJlG2_Pk.cjs                 5.08 kB │ gzip:  1.44 kB │ map:  15.23 kB
verify	Run pnpm build	2026-10-08T02:42:37.8345689Z dist/html-inert.cjs                          5.19 kB │ gzip:  2.36 kB │ map:  13.94 kB
verify	Run pnpm build	2026-10-08T02:42:37.8346348Z dist/testing.cjs                             5.43 kB │ gzip:  2.08 kB │ map:  18.97 kB
verify	Run pnpm build	2026-10-08T02:42:37.8346991Z dist/selection-DrO1gWsj.cjs                  5.65 kB │ gzip:  1.97 kB │ map:  19.95 kB
verify	Run pnpm build	2026-10-08T02:42:37.8347671Z dist/react-tracked-changes.cjs               5.71 kB │ gzip:  2.01 kB │ map:  14.60 kB
verify	Run pnpm build	2026-10-08T02:42:37.8348663Z dist/migrations.cjs                          6.10 kB │ gzip:  2.00 kB │ map:  19.78 kB
verify	Run pnpm build	2026-10-08T02:42:37.8349768Z dist/react-integrity.cjs                     6.18 kB │ gzip:  2.18 kB │ map:  14.15 kB
verify	Run pnpm build	2026-10-08T02:42:37.8350446Z dist/details.cjs                             6.35 kB │ gzip:  2.39 kB │ map:  21.62 kB
verify	Run pnpm build	2026-10-08T02:42:37.8351594Z dist/mapping-LRwd6pqd.cjs                    6.55 kB │ gzip:  2.36 kB │ map:  24.97 kB
verify	Run pnpm build	2026-10-08T02:42:37.8352542Z dist/react-comments.cjs                      7.05 kB │ gzip:  2.28 kB │ map:  18.76 kB
verify	Run pnpm build	2026-10-08T02:42:37.8353735Z dist/node-ids.cjs                            7.18 kB │ gzip:  2.82 kB │ map:  28.03 kB
verify	Run pnpm build	2026-10-08T02:42:37.8355314Z dist/menu-position-BT80F8bN.cjs              7.21 kB │ gzip:  2.71 kB │ map:  25.43 kB
verify	Run pnpm build	2026-10-08T02:42:37.8356542Z dist/widgets.cjs                             7.33 kB │ gzip:  2.88 kB │ map:  28.00 kB
verify	Run pnpm build	2026-10-08T02:42:37.8357717Z dist/react-versions.cjs                      7.37 kB │ gzip:  2.35 kB │ map:  19.28 kB
verify	Run pnpm build	2026-10-08T02:42:37.8358789Z dist/core.cjs                                8.27 kB │ gzip:  2.45 kB
verify	Run pnpm build	2026-10-08T02:42:37.8359968Z dist/structured-attributes.cjs               8.41 kB │ gzip:  2.71 kB │ map:  31.45 kB
verify	Run pnpm build	2026-10-08T02:42:37.8361249Z dist/table-layout-y6mT4PpH.cjs               8.87 kB │ gzip:  2.89 kB │ map:  27.01 kB
verify	Run pnpm build	2026-10-08T02:42:37.8362500Z dist/ai-generated-media.cjs                  9.11 kB │ gzip:  2.97 kB │ map:  27.49 kB
verify	Run pnpm build	2026-10-08T02:42:37.8363665Z dist/ruby.cjs                                9.18 kB │ gzip:  3.14 kB │ map:  28.80 kB
verify	Run pnpm build	2026-10-08T02:42:37.8364742Z dist/integrity.cjs                           9.36 kB │ gzip:  3.32 kB │ map:  30.88 kB
verify	Run pnpm build	2026-10-08T02:42:37.8366110Z dist/pages.cjs                               9.36 kB │ gzip:  3.21 kB │ map:  28.86 kB
verify	Run pnpm build	2026-10-08T02:42:37.8366944Z dist/collaboration-core-6QLxBCsv.cjs         9.37 kB │ gzip:  2.92 kB │ map:  32.93 kB
verify	Run pnpm build	2026-10-08T02:42:37.8367775Z dist/page-settings-BTDzBnRH.cjs             10.15 kB │ gzip:  3.43 kB │ map:  32.11 kB
verify	Run pnpm build	2026-10-08T02:42:37.8368526Z dist/pages-preview.cjs                      11.42 kB │ gzip:  4.09 kB │ map:  37.00 kB
verify	Run pnpm build	2026-10-08T02:42:37.8369405Z dist/editor-Ce4QfnkJ.cjs                    13.24 kB │ gzip:  4.10 kB │ map:  43.90 kB
verify	Run pnpm build	2026-10-08T02:42:37.8370072Z dist/ai-conversation.cjs                    13.42 kB │ gzip:  4.04 kB │ map:  41.75 kB
verify	Run pnpm build	2026-10-08T02:42:37.8370733Z dist/ai-document-tools.cjs                  13.93 kB │ gzip:  4.22 kB │ map:  45.71 kB
verify	Run pnpm build	2026-10-08T02:42:37.8371429Z dist/emoji-ZL6uQ6Pb.cjs                     14.66 kB │ gzip:  5.12 kB │ map:  46.33 kB
verify	Run pnpm build	2026-10-08T02:42:37.8372092Z dist/link-behavior-gtg_HlTp.cjs             16.42 kB │ gzip:  6.30 kB │ map:  48.32 kB
verify	Run pnpm build	2026-10-08T02:42:37.8372786Z dist/presentation-DrPDmb6z.cjs              17.92 kB │ gzip:  5.47 kB │ map:  64.36 kB
verify	Run pnpm build	2026-10-08T02:42:37.8373462Z dist/document-utilities.cjs                 19.37 kB │ gzip:  6.71 kB │ map:  67.92 kB
verify	Run pnpm build	2026-10-08T02:42:37.8374088Z dist/yjs.cjs                                22.89 kB │ gzip:  7.13 kB │ map:  75.74 kB
verify	Run pnpm build	2026-10-08T02:42:37.8374701Z dist/tracked-changes.cjs                    23.66 kB │ gzip:  7.30 kB │ map:  85.59 kB
verify	Run pnpm build	2026-10-08T02:42:37.8375616Z dist/comments.cjs                           24.18 kB │ gzip:  7.65 kB │ map:  87.59 kB
verify	Run pnpm build	2026-10-08T02:42:37.8376287Z dist/versions.cjs                           24.36 kB │ gzip:  7.06 kB │ map:  80.44 kB
verify	Run pnpm build	2026-10-08T02:42:37.8376944Z dist/extensions-j3HKFbpV.cjs                31.59 kB │ gzip:  8.49 kB │ map:  90.24 kB
verify	Run pnpm build	2026-10-08T02:42:37.8377628Z dist/media-BQIZkruR.cjs                     35.32 kB │ gzip: 10.87 kB │ map: 110.74 kB
verify	Run pnpm build	2026-10-08T02:42:37.8378314Z dist/markdown-html-DD8ATANg.cjs             41.42 kB │ gzip: 23.40 kB │ map:  74.55 kB
verify	Run pnpm build	2026-10-08T02:42:37.8378985Z dist/pages-dom.cjs                          44.81 kB │ gzip: 12.13 kB │ map: 147.15 kB
verify	Run pnpm build	2026-10-08T02:42:37.8380053Z dist/direction-scope-BdkTLAa9.cjs           68.74 kB │ gzip: 22.96 kB │ map: 268.10 kB
verify	Run pnpm build	2026-10-08T02:42:37.8381083Z dist/index.cjs                              70.15 kB │ gzip: 21.13 kB │ map: 179.78 kB
verify	Run pnpm build	2026-10-08T02:42:37.8382025Z dist/react.cjs                              71.01 kB │ gzip: 19.12 kB │ map: 196.61 kB
verify	Run pnpm build	2026-10-08T02:42:37.8383015Z dist/commands-Dr-WPdEG.cjs                  76.43 kB │ gzip: 20.65 kB │ map: 250.60 kB
verify	Run pnpm build	2026-10-08T02:42:37.8384067Z dist/view-kQaagGVW.cjs                     101.44 kB │ gzip: 26.80 kB │ map: 306.03 kB
verify	Run pnpm build	2026-10-08T02:42:37.8385286Z dist/docx.cjs                              152.44 kB │ gzip: 48.67 kB │ map: 517.23 kB
verify	Run pnpm build	2026-10-08T02:42:37.8386303Z dist/html-server.cjs                       213.18 kB │ gzip: 54.38 kB │ map: 769.72 kB
verify	Run pnpm build	2026-10-08T02:42:37.8387387Z dist/emoji-data.cjs                        274.54 kB │ gzip: 30.25 kB │ map: 451.98 kB
verify	Run pnpm build	2026-10-08T02:42:37.8388115Z 
verify	Run pnpm build	2026-10-08T02:42:37.8388817Z ^[[32m✓ built in 622ms^[[39m
verify	Run pnpm build	2026-10-08T02:42:39.4342834Z $ pnpm --dir tools/angular-build exec ngc -p ../../tsconfig.angular.json && pnpm build:angular-demo
verify	Run pnpm build	2026-10-08T02:42:41.7951014Z $ pnpm --dir tools/angular-build exec ngc -p ../../tsconfig.angular-demo.json
verify	Run pnpm test:api	﻿2026-10-08T02:42:44.1347983Z ##[group]Run pnpm test:api
verify	Run pnpm test:api	2026-10-08T02:42:44.1348317Z ^[[36;1mpnpm test:api^[[0m
verify	Run pnpm test:api	2026-10-08T02:42:44.1409456Z shell: /usr/bin/bash -e {0}
verify	Run pnpm test:api	2026-10-08T02:42:44.1409726Z env:
verify	Run pnpm test:api	2026-10-08T02:42:44.1409995Z   PNPM_HOME: /home/runner/setup-pnpm/node_modules/.bin
verify	Run pnpm test:api	2026-10-08T02:42:44.1410408Z   pythonLocation: /opt/hostedtoolcache/Python/3.13.16/x64
verify	Run pnpm test:api	2026-10-08T02:42:44.1410877Z   PKG_CONFIG_PATH: /opt/hostedtoolcache/Python/3.13.16/x64/lib/pkgconfig
verify	Run pnpm test:api	2026-10-08T02:42:44.1411338Z   Python_ROOT_DIR: /opt/hostedtoolcache/Python/3.13.16/x64
verify	Run pnpm test:api	2026-10-08T02:42:44.1411746Z   Python2_ROOT_DIR: /opt/hostedtoolcache/Python/3.13.16/x64
verify	Run pnpm test:api	2026-10-08T02:42:44.1412169Z   Python3_ROOT_DIR: /opt/hostedtoolcache/Python/3.13.16/x64
verify	Run pnpm test:api	2026-10-08T02:42:44.1412578Z   LD_LIBRARY_PATH: /opt/hostedtoolcache/Python/3.13.16/x64/lib
verify	Run pnpm test:api	2026-10-08T02:42:44.1412926Z ##[endgroup]
verify	Run pnpm test:api	2026-10-08T02:42:44.5851166Z $ node scripts/check-api-surface.mjs
verify	Run pnpm test:api	2026-10-08T02:42:44.6558313Z Public API surface verified across 411 declaration files.
verify	Run pnpm test:server-runtimes	﻿2026-10-08T02:42:44.6773491Z ##[group]Run pnpm test:server-runtimes
verify	Run pnpm test:server-runtimes	2026-10-08T02:42:44.6774102Z ^[[36;1mpnpm test:server-runtimes^[[0m
verify	Run pnpm test:server-runtimes	2026-10-08T02:42:44.6864748Z shell: /usr/bin/bash -e {0}
verify	Run pnpm test:server-runtimes	2026-10-08T02:42:44.6865489Z env:
verify	Run pnpm test:server-runtimes	2026-10-08T02:42:44.6865972Z   PNPM_HOME: /home/runner/setup-pnpm/node_modules/.bin
verify	Run pnpm test:server-runtimes	2026-10-08T02:42:44.6866698Z   pythonLocation: /opt/hostedtoolcache/Python/3.13.16/x64
verify	Run pnpm test:server-runtimes	2026-10-08T02:42:44.6867476Z   PKG_CONFIG_PATH: /opt/hostedtoolcache/Python/3.13.16/x64/lib/pkgconfig
verify	Run pnpm test:server-runtimes	2026-10-08T02:42:44.6868263Z   Python_ROOT_DIR: /opt/hostedtoolcache/Python/3.13.16/x64
verify	Run pnpm test:server-runtimes	2026-10-08T02:42:44.6868979Z   Python2_ROOT_DIR: /opt/hostedtoolcache/Python/3.13.16/x64
verify	Run pnpm test:server-runtimes	2026-10-08T02:42:44.6870004Z   Python3_ROOT_DIR: /opt/hostedtoolcache/Python/3.13.16/x64
verify	Run pnpm test:server-runtimes	2026-10-08T02:42:44.6870753Z   LD_LIBRARY_PATH: /opt/hostedtoolcache/Python/3.13.16/x64/lib
verify	Run pnpm test:server-runtimes	2026-10-08T02:42:44.6871348Z ##[endgroup]
verify	Run pnpm test:server-runtimes	2026-10-08T02:42:45.1353721Z $ node scripts/smoke-server-html-runtime.mjs && node scripts/check-server-html-worker.mjs
verify	Run pnpm test:server-runtimes	2026-10-08T02:42:45.4786871Z Compiled runtime: 486 link normalization/security/history/destination contracts passed.
verify	Run pnpm test:server-runtimes	2026-10-08T02:42:45.4789039Z Compiled runtime: inert inline lexical data, full reopen, real transactions/history and altered-carrier refusal passed.
verify	Run pnpm test:server-runtimes	2026-10-08T02:42:45.4884479Z Compiled runtime: 576 owned-attribute checks plus immutable snapshots/history passed.
verify	Run pnpm test:server-runtimes	2026-10-08T02:42:45.5729828Z Compiled runtime: 140 native emphasis and partial-schema retention checks passed.
verify	Run pnpm test:server-runtimes	2026-10-08T02:42:45.5731449Z Compiled runtime: protected Markdown images/rules/tables, exact source, native/canonical reopen and refusal guards passed.
verify	Run pnpm test:server-runtimes	2026-10-08T02:42:45.5733043Z Compiled runtime: anonymous HTML flow, native/canonical reopening and exact source passed.
verify	Run pnpm test:server-runtimes	2026-10-08T02:42:45.5747388Z Node 24.21.0: DOM-free server HTML import/export passed.
verify	Run pnpm test:server-runtimes	2026-10-08T02:42:45.5793947Z Node 24.21.0: inert HTML comment retention, canonical reopen and breakout rejection passed.
verify	Run pnpm test:server-runtimes	2026-10-08T02:42:45.5795790Z Node 24.21.0: complete HTML page-settings retention and invalid/fragment boundaries passed.
verify	Run pnpm test:server-runtimes	2026-10-08T02:42:45.5802670Z Node 24.21.0: block-returning Markdown paragraph recovery passed.
verify	Run pnpm test:server-runtimes	2026-10-08T02:42:45.5985013Z Node 24.21.0: lazy Markdown flow paragraph sources passed.
verify	Run pnpm test:server-runtimes	2026-10-08T02:42:46.7801054Z Cloudflare workerd (Miniflare): 486 link normalization/security/history/destination contracts passed.
verify	Run pnpm test:server-runtimes	2026-10-08T02:42:46.7802886Z Cloudflare workerd (Miniflare): inert inline lexical data, complete reopen, transactions/history and carrier refusal passed.
verify	Run pnpm test:server-runtimes	2026-10-08T02:42:46.7804529Z Cloudflare workerd (Miniflare): 576 owned-attribute checks plus immutable snapshots/history passed.
verify	Run pnpm test:server-runtimes	2026-10-08T02:42:46.7806500Z Cloudflare workerd (Miniflare): 140 native emphasis and partial-schema retention checks passed.
verify	Run pnpm test:server-runtimes	2026-10-08T02:42:46.7807399Z Cloudflare workerd (Miniflare): protected Markdown images/rules/tables, full reopen and refusal guards passed.
verify	Run pnpm test:server-runtimes	2026-10-08T02:42:46.7808329Z Cloudflare workerd (Miniflare): anonymous HTML flow without synthetic paragraphs and native/canonical reopening passed.
verify	Run pnpm test:server-runtimes	2026-10-08T02:42:46.7809252Z Cloudflare workerd (Miniflare): inert HTML comment retention, canonical reopen and breakout rejection passed.
verify	Run pnpm test:server-runtimes	2026-10-08T02:42:46.7809962Z Cloudflare workerd (Miniflare): DOM-free server HTML import/export passed.
verify	Run pnpm test:server-runtimes	2026-10-08T02:42:46.7810697Z Cloudflare workerd (Miniflare): complete HTML page-settings retention and invalid/fragment boundaries passed.
verify	Run bun scripts/smoke-server-html-runtime.mjs	﻿2026-10-08T02:42:46.8281478Z ##[group]Run bun scripts/smoke-server-html-runtime.mjs
verify	Run bun scripts/smoke-server-html-runtime.mjs	2026-10-08T02:42:46.8281948Z ^[[36;1mbun scripts/smoke-server-html-runtime.mjs^[[0m
verify	Run bun scripts/smoke-server-html-runtime.mjs	2026-10-08T02:42:46.8344658Z shell: /usr/bin/bash -e {0}
verify	Run bun scripts/smoke-server-html-runtime.mjs	2026-10-08T02:42:46.8344975Z env:
verify	Run bun scripts/smoke-server-html-runtime.mjs	2026-10-08T02:42:46.8345559Z   PNPM_HOME: /home/runner/setup-pnpm/node_modules/.bin
verify	Run bun scripts/smoke-server-html-runtime.mjs	2026-10-08T02:42:46.8346023Z   pythonLocation: /opt/hostedtoolcache/Python/3.13.16/x64
verify	Run bun scripts/smoke-server-html-runtime.mjs	2026-10-08T02:42:46.8346520Z   PKG_CONFIG_PATH: /opt/hostedtoolcache/Python/3.13.16/x64/lib/pkgconfig
verify	Run bun scripts/smoke-server-html-runtime.mjs	2026-10-08T02:42:46.8347005Z   Python_ROOT_DIR: /opt/hostedtoolcache/Python/3.13.16/x64
verify	Run bun scripts/smoke-server-html-runtime.mjs	2026-10-08T02:42:46.8347445Z   Python2_ROOT_DIR: /opt/hostedtoolcache/Python/3.13.16/x64
verify	Run bun scripts/smoke-server-html-runtime.mjs	2026-10-08T02:42:46.8347897Z   Python3_ROOT_DIR: /opt/hostedtoolcache/Python/3.13.16/x64
verify	Run bun scripts/smoke-server-html-runtime.mjs	2026-10-08T02:42:46.8348352Z   LD_LIBRARY_PATH: /opt/hostedtoolcache/Python/3.13.16/x64/lib
verify	Run bun scripts/smoke-server-html-runtime.mjs	2026-10-08T02:42:46.8348725Z ##[endgroup]
verify	Run bun scripts/smoke-server-html-runtime.mjs	2026-10-08T02:42:47.1504137Z Compiled runtime: 486 link normalization/security/history/destination contracts passed.
verify	Run bun scripts/smoke-server-html-runtime.mjs	2026-10-08T02:42:47.1505583Z Compiled runtime: inert inline lexical data, full reopen, real transactions/history and altered-carrier refusal passed.
verify	Run bun scripts/smoke-server-html-runtime.mjs	2026-10-08T02:42:47.1571919Z Compiled runtime: 576 owned-attribute checks plus immutable snapshots/history passed.
verify	Run bun scripts/smoke-server-html-runtime.mjs	2026-10-08T02:42:47.2439243Z Compiled runtime: 140 native emphasis and partial-schema retention checks passed.
verify	Run bun scripts/smoke-server-html-runtime.mjs	2026-10-08T02:42:47.2440226Z Compiled runtime: protected Markdown images/rules/tables, exact source, native/canonical reopen and refusal guards passed.
verify	Run bun scripts/smoke-server-html-runtime.mjs	2026-10-08T02:42:47.2441080Z Compiled runtime: anonymous HTML flow, native/canonical reopening and exact source passed.
verify	Run bun scripts/smoke-server-html-runtime.mjs	2026-10-08T02:42:47.2457539Z Bun 1.4.2: DOM-free server HTML import/export passed.
verify	Run bun scripts/smoke-server-html-runtime.mjs	2026-10-08T02:42:47.2497839Z Bun 1.4.2: inert HTML comment retention, canonical reopen and breakout rejection passed.
verify	Run bun scripts/smoke-server-html-runtime.mjs	2026-10-08T02:42:47.2499210Z Bun 1.4.2: complete HTML page-settings retention and invalid/fragment boundaries passed.
verify	Run bun scripts/smoke-server-html-runtime.mjs	2026-10-08T02:42:47.2520131Z Bun 1.4.2: block-returning Markdown paragraph recovery passed.
verify	Run bun scripts/smoke-server-html-runtime.mjs	2026-10-08T02:42:47.2665840Z Bun 1.4.2: lazy Markdown flow paragraph sources passed.
verify	Run deno run --allow-read scripts/smoke-server-html-runtime.mjs	﻿2026-10-08T02:42:47.2761815Z ##[group]Run deno run --allow-read scripts/smoke-server-html-runtime.mjs
verify	Run deno run --allow-read scripts/smoke-server-html-runtime.mjs	2026-10-08T02:42:47.2762776Z ^[[36;1mdeno run --allow-read scripts/smoke-server-html-runtime.mjs^[[0m
verify	Run deno run --allow-read scripts/smoke-server-html-runtime.mjs	2026-10-08T02:42:47.2828108Z shell: /usr/bin/bash -e {0}
verify	Run deno run --allow-read scripts/smoke-server-html-runtime.mjs	2026-10-08T02:42:47.2828374Z env:
verify	Run deno run --allow-read scripts/smoke-server-html-runtime.mjs	2026-10-08T02:42:47.2828648Z   PNPM_HOME: /home/runner/setup-pnpm/node_modules/.bin
verify	Run deno run --allow-read scripts/smoke-server-html-runtime.mjs	2026-10-08T02:42:47.2829048Z   pythonLocation: /opt/hostedtoolcache/Python/3.13.16/x64
verify	Run deno run --allow-read scripts/smoke-server-html-runtime.mjs	2026-10-08T02:42:47.2829491Z   PKG_CONFIG_PATH: /opt/hostedtoolcache/Python/3.13.16/x64/lib/pkgconfig
verify	Run deno run --allow-read scripts/smoke-server-html-runtime.mjs	2026-10-08T02:42:47.2829921Z   Python_ROOT_DIR: /opt/hostedtoolcache/Python/3.13.16/x64
verify	Run deno run --allow-read scripts/smoke-server-html-runtime.mjs	2026-10-08T02:42:47.2830302Z   Python2_ROOT_DIR: /opt/hostedtoolcache/Python/3.13.16/x64
verify	Run deno run --allow-read scripts/smoke-server-html-runtime.mjs	2026-10-08T02:42:47.2830681Z   Python3_ROOT_DIR: /opt/hostedtoolcache/Python/3.13.16/x64
verify	Run deno run --allow-read scripts/smoke-server-html-runtime.mjs	2026-10-08T02:42:47.2831064Z   LD_LIBRARY_PATH: /opt/hostedtoolcache/Python/3.13.16/x64/lib
verify	Run deno run --allow-read scripts/smoke-server-html-runtime.mjs	2026-10-08T02:42:47.2831390Z ##[endgroup]
verify	Run deno run --allow-read scripts/smoke-server-html-runtime.mjs	2026-10-08T02:42:47.6542140Z Compiled runtime: 486 link normalization/security/history/destination contracts passed.
verify	Run deno run --allow-read scripts/smoke-server-html-runtime.mjs	2026-10-08T02:42:47.6563640Z Compiled runtime: inert inline lexical data, full reopen, real transactions/history and altered-carrier refusal passed.
verify	Run deno run --allow-read scripts/smoke-server-html-runtime.mjs	2026-10-08T02:42:47.6632610Z Compiled runtime: 576 owned-attribute checks plus immutable snapshots/history passed.
verify	Run deno run --allow-read scripts/smoke-server-html-runtime.mjs	2026-10-08T02:42:47.7418488Z Compiled runtime: 140 native emphasis and partial-schema retention checks passed.
verify	Run deno run --allow-read scripts/smoke-server-html-runtime.mjs	2026-10-08T02:42:47.7420116Z Compiled runtime: protected Markdown images/rules/tables, exact source, native/canonical reopen and refusal guards passed.
verify	Run deno run --allow-read scripts/smoke-server-html-runtime.mjs	2026-10-08T02:42:47.7421689Z Compiled runtime: anonymous HTML flow, native/canonical reopening and exact source passed.
verify	Run deno run --allow-read scripts/smoke-server-html-runtime.mjs	2026-10-08T02:42:47.7436695Z Deno 2.9.3: DOM-free server HTML import/export passed.
verify	Run deno run --allow-read scripts/smoke-server-html-runtime.mjs	2026-10-08T02:42:47.7473330Z Deno 2.9.3: inert HTML comment retention, canonical reopen and breakout rejection passed.
verify	Run deno run --allow-read scripts/smoke-server-html-runtime.mjs	2026-10-08T02:42:47.7474714Z Deno 2.9.3: complete HTML page-settings retention and invalid/fragment boundaries passed.
verify	Run deno run --allow-read scripts/smoke-server-html-runtime.mjs	2026-10-08T02:42:47.7480181Z Deno 2.9.3: block-returning Markdown paragraph recovery passed.
verify	Run deno run --allow-read scripts/smoke-server-html-runtime.mjs	2026-10-08T02:42:47.7634643Z Deno 2.9.3: lazy Markdown flow paragraph sources passed.
verify	Run pnpm test:package	﻿2026-10-08T02:42:47.7858662Z ##[group]Run pnpm test:package
verify	Run pnpm test:package	2026-10-08T02:42:47.7859024Z ^[[36;1mpnpm test:package^[[0m
verify	Run pnpm test:package	2026-10-08T02:42:47.7919886Z shell: /usr/bin/bash -e {0}
verify	Run pnpm test:package	2026-10-08T02:42:47.7920152Z env:
verify	Run pnpm test:package	2026-10-08T02:42:47.7920409Z   PNPM_HOME: /home/runner/setup-pnpm/node_modules/.bin
verify	Run pnpm test:package	2026-10-08T02:42:47.7920811Z   pythonLocation: /opt/hostedtoolcache/Python/3.13.16/x64
verify	Run pnpm test:package	2026-10-08T02:42:47.7921241Z   PKG_CONFIG_PATH: /opt/hostedtoolcache/Python/3.13.16/x64/lib/pkgconfig
verify	Run pnpm test:package	2026-10-08T02:42:47.7921684Z   Python_ROOT_DIR: /opt/hostedtoolcache/Python/3.13.16/x64
verify	Run pnpm test:package	2026-10-08T02:42:47.7922068Z   Python2_ROOT_DIR: /opt/hostedtoolcache/Python/3.13.16/x64
verify	Run pnpm test:package	2026-10-08T02:42:47.7922457Z   Python3_ROOT_DIR: /opt/hostedtoolcache/Python/3.13.16/x64
verify	Run pnpm test:package	2026-10-08T02:42:47.7922839Z   LD_LIBRARY_PATH: /opt/hostedtoolcache/Python/3.13.16/x64/lib
verify	Run pnpm test:package	2026-10-08T02:42:47.7923165Z ##[endgroup]
verify	Run pnpm test:package	2026-10-08T02:42:48.2344639Z $ node scripts/smoke-package.mjs
verify	Run pnpm test:package	2026-10-08T02:42:49.6740482Z Packed ESM: 486 link normalization/security/history/destination contracts passed.
verify	Run pnpm test:package	2026-10-08T02:42:49.7489890Z Packed ESM: 140 native emphasis and partial-schema retention checks passed.
verify	Run pnpm test:package	2026-10-08T02:42:49.7600809Z Packed ESM root/core: 576/576 owned-attribute checks plus immutable snapshots/history passed.
verify	Run pnpm test:package	2026-10-08T02:42:49.7777133Z Packed ESM root/core: DOM-free direction/history/HTML/loss-report contracts passed.
verify	Run pnpm test:package	2026-10-08T02:42:50.1161949Z Packed CommonJS: 486 link normalization/security/history/destination contracts passed.
verify	Run pnpm test:package	2026-10-08T02:42:50.1812976Z Packed CommonJS: 140 native emphasis and partial-schema retention checks passed.
verify	Run pnpm test:package	2026-10-08T02:42:50.1914589Z Packed CommonJS root/core: 576/576 owned-attribute checks plus immutable snapshots/history passed.
verify	Run pnpm test:package	2026-10-08T02:42:50.2083350Z Packed CommonJS root/core: DOM-free direction/history/HTML/loss-report contracts passed.
verify	Run pnpm test:package	2026-10-08T02:42:50.4221257Z ESM, CommonJS, headless core, AI document tools, conversations, generated media, DOCX interchange, document utilities, full emoji data, React, comments, tracked changes, versions, details, ruby, text style, extension testing, migrations, stable node IDs, table of contents, text integrity, integrity DOM, React integrity, structured attributes, pure-Node HTML, portable widgets, DOM widgets, React widgets, pages, DOM page measurement, page preview, document schema, Yjs, and Web Component package exports loaded successfully.
verify	Run pnpm test:headless	﻿2026-10-08T02:42:50.4562222Z ##[group]Run pnpm test:headless
verify	Run pnpm test:headless	2026-10-08T02:42:50.4562772Z ^[[36;1mpnpm test:headless^[[0m
verify	Run pnpm test:headless	2026-10-08T02:42:50.4651751Z shell: /usr/bin/bash -e {0}
verify	Run pnpm test:headless	2026-10-08T02:42:50.4652188Z env:
verify	Run pnpm test:headless	2026-10-08T02:42:50.4652627Z   PNPM_HOME: /home/runner/setup-pnpm/node_modules/.bin
verify	Run pnpm test:headless	2026-10-08T02:42:50.4653309Z   pythonLocation: /opt/hostedtoolcache/Python/3.13.16/x64
verify	Run pnpm test:headless	2026-10-08T02:42:50.4654070Z   PKG_CONFIG_PATH: /opt/hostedtoolcache/Python/3.13.16/x64/lib/pkgconfig
verify	Run pnpm test:headless	2026-10-08T02:42:50.4654871Z   Python_ROOT_DIR: /opt/hostedtoolcache/Python/3.13.16/x64
verify	Run pnpm test:headless	2026-10-08T02:42:50.4656156Z   Python2_ROOT_DIR: /opt/hostedtoolcache/Python/3.13.16/x64
verify	Run pnpm test:headless	2026-10-08T02:42:50.4656868Z   Python3_ROOT_DIR: /opt/hostedtoolcache/Python/3.13.16/x64
verify	Run pnpm test:headless	2026-10-08T02:42:50.4657594Z   LD_LIBRARY_PATH: /opt/hostedtoolcache/Python/3.13.16/x64/lib
verify	Run pnpm test:headless	2026-10-08T02:42:50.4658216Z ##[endgroup]
verify	Run pnpm test:headless	2026-10-08T02:42:50.9048597Z $ node scripts/check-headless-boundary.mjs && tsc -p tsconfig.headless.json
verify	Run pnpm test:headless	2026-10-08T02:42:50.9472967Z Headless source boundary verified across 99 modules.
verify	Run pnpm test:markdown-conformance	﻿2026-10-08T02:42:51.1637742Z ##[group]Run pnpm test:markdown-conformance
verify	Run pnpm test:markdown-conformance	2026-10-08T02:42:51.1638166Z ^[[36;1mpnpm test:markdown-conformance^[[0m
verify	Run pnpm test:markdown-conformance	2026-10-08T02:42:51.1699816Z shell: /usr/bin/bash -e {0}
verify	Run pnpm test:markdown-conformance	2026-10-08T02:42:51.1700080Z env:
verify	Run pnpm test:markdown-conformance	2026-10-08T02:42:51.1700358Z   PNPM_HOME: /home/runner/setup-pnpm/node_modules/.bin
verify	Run pnpm test:markdown-conformance	2026-10-08T02:42:51.1700795Z   pythonLocation: /opt/hostedtoolcache/Python/3.13.16/x64
verify	Run pnpm test:markdown-conformance	2026-10-08T02:42:51.1701227Z   PKG_CONFIG_PATH: /opt/hostedtoolcache/Python/3.13.16/x64/lib/pkgconfig
verify	Run pnpm test:markdown-conformance	2026-10-08T02:42:51.1701680Z   Python_ROOT_DIR: /opt/hostedtoolcache/Python/3.13.16/x64
verify	Run pnpm test:markdown-conformance	2026-10-08T02:42:51.1702066Z   Python2_ROOT_DIR: /opt/hostedtoolcache/Python/3.13.16/x64
verify	Run pnpm test:markdown-conformance	2026-10-08T02:42:51.1702455Z   Python3_ROOT_DIR: /opt/hostedtoolcache/Python/3.13.16/x64
verify	Run pnpm test:markdown-conformance	2026-10-08T02:42:51.1702843Z   LD_LIBRARY_PATH: /opt/hostedtoolcache/Python/3.13.16/x64/lib
verify	Run pnpm test:markdown-conformance	2026-10-08T02:42:51.1703177Z ##[endgroup]
verify	Run pnpm test:markdown-conformance	2026-10-08T02:42:51.6234543Z $ node scripts/check-markdown-conformance.mjs
verify	Run pnpm test:markdown-conformance	2026-10-08T02:42:53.2410760Z Delimiter neighbors: 6674 generated LF/CRLF reference-semantic, exact-source and complete native canonical contracts passed; not official-corpus matches.
verify	Run pnpm test:markdown-conformance	2026-10-08T02:42:53.2642378Z Code labels: 34 LF/CRLF full reference-semantic, exact-source and canonical round-trip contracts passed.
verify	Run pnpm test:markdown-conformance	2026-10-08T02:42:53.3353856Z Identity-preserving flow: 48 safe-fallback/source checks; 8 fixtures still declined on this route. Lazy paragraph context distinguishes the legacy collision.
verify	Run pnpm test:markdown-conformance	2026-10-08T02:42:53.3605371Z Explicit paragraph-source flow: 8 LF/CRLF exact-code/source contracts; 2 full structural matches. Outer-div mismatches retained; 4 structural fixture kinds still declined.
verify	Run pnpm test:markdown-conformance	2026-10-08T02:42:53.4303366Z Explicit structural source flow: 58 LF/CRLF reference-code/source contracts. Paragraphs, headings, code, plain hard breaks and list/quote nesting supported; outer-div mismatches remain. Separate contracts cover protected Markdown images/rules and pipe tables; specialized unsupported blocks still refuse conversion.
verify	Run pnpm test:markdown-conformance	2026-10-08T02:42:53.4726242Z Structural source flow: 44 LF/CRLF full reference-structure and exact-source contracts outside pre.
verify	Run pnpm test:markdown-conformance	2026-10-08T02:42:53.4746445Z Entity newlines: 12 reference text-character and canonical round-trip contracts passed.
verify	Run pnpm test:markdown-conformance	2026-10-08T02:42:53.4849934Z Code origins: 20 LF/CRLF import/source contracts; identical-HTML provenance distinguished; 6 newline corruptions rejected.
verify	Run pnpm test:markdown-conformance	2026-10-08T02:42:53.4869969Z Table projection: unit spans/cell wrappers equivalent; 14 structural/content corruptions rejected.
verify	Run pnpm test:markdown-conformance	2026-10-08T02:42:53.5010936Z Formatting scopes: 20 reference semantic/source contracts; 10 corruptions rejected.
verify	Run pnpm test:markdown-conformance	2026-10-08T02:42:53.5026283Z Inline block HTML: 2 existing literal fallbacks retained, explicitly not counted as conformance.
verify	Run pnpm test:markdown-conformance	2026-10-08T02:42:53.5686871Z Paragraph recovery: 76 opt-in reference/source contracts; existing baselines unchanged.
verify	Run pnpm test:markdown-conformance	2026-10-08T02:42:53.7930659Z Paragraph recovery: 1304 corpus source-retention checks; not full semantic conformance.
verify	Run pnpm test:markdown-conformance	2026-10-08T02:42:54.0478133Z Reference parser reproduced all 652 official HTML outputs exactly.
verify	Run pnpm test:markdown-conformance	2026-10-08T02:42:54.0479519Z Inert raw HTML: 72/72 semantic, 72/72 exact token contracts; 144/144 generated boundary/round-trip contracts.
verify	Run pnpm test:markdown-conformance	2026-10-08T02:42:54.0481820Z Oracle sensitivity: 8 semantic and 2 literal-whitespace corruptions rejected; reference parser absent from 148 runtime source maps.
verify	Run pnpm test:markdown-conformance	2026-10-08T02:42:54.0484990Z URL oracle sensitivity: 4 raw-control/backslash aliases rejected; 3 TAB/LF/CR preprocessing equivalences; 2 reviewed URI equivalents retained.
verify	Run pnpm test:markdown-conformance	2026-10-08T02:42:54.1111554Z Literal-address import policy: 566/566 reference semantic contracts passed (default baseline unchanged).
verify	Run pnpm test:markdown-conformance	2026-10-08T02:42:54.1139408Z CommonMark 0.31.2: 563/652 examples match Fountain's neutral semantic projection.
verify	Run pnpm test:markdown-conformance	2026-10-08T02:42:54.1140143Z Baseline classifications: 563 matching, 72 pending, 17 intentional divergences.
verify	Run pnpm test:markdown-conformance	2026-10-08T02:42:54.2356195Z Opt-in HTML flow: 1304 exact-source contracts passed (LF/CRLF); not semantic conformance.
verify	Run pnpm test:markdown-conformance	2026-10-08T02:42:54.3546972Z Opt-in HTML block + inline semantics: 579/652 exact neutral-projection matches; remaining differences unresolved, not full conformance.
verify	Run pnpm test:markdown-conformance	2026-10-08T02:42:54.3809900Z Optional HTML containers: 26 reference-semantic and 26 exact-source checks; existing schema/profile scores unchanged.
verify	Run pnpm test:markdown-conformance	2026-10-08T02:42:54.7259573Z Opt-in source recovery: 580/652 neutral-projection matches on LF and CRLF; 1304 separate exact-source checks. Not full CommonMark conformance.
verify	Run pnpm test:markdown-conformance	2026-10-08T02:42:55.1496815Z Whole-document optional-container profile: 601/652; 1304 separate exact-source checks.
verify	Run pnpm test:markdown-conformance	2026-10-08T02:42:55.5215394Z Whole-document optional-container+comment profile: 613/652; 1304 separate exact-source checks.
verify	Run pnpm test:markdown-conformance	2026-10-08T02:42:55.9391518Z Whole-document optional-container+comment+anonymous-flow profile: 613/652; 1304 separate exact-source checks.
verify	Run pnpm test:math-reference	﻿2026-10-08T02:42:55.9824319Z ##[group]Run pnpm test:math-reference
verify	Run pnpm test:math-reference	2026-10-08T02:42:55.9824713Z ^[[36;1mpnpm test:math-reference^[[0m
verify	Run pnpm test:math-reference	2026-10-08T02:42:55.9887295Z shell: /usr/bin/bash -e {0}
verify	Run pnpm test:math-reference	2026-10-08T02:42:55.9887570Z env:
verify	Run pnpm test:math-reference	2026-10-08T02:42:55.9887835Z   PNPM_HOME: /home/runner/setup-pnpm/node_modules/.bin
verify	Run pnpm test:math-reference	2026-10-08T02:42:55.9888236Z   pythonLocation: /opt/hostedtoolcache/Python/3.13.16/x64
verify	Run pnpm test:math-reference	2026-10-08T02:42:55.9888669Z   PKG_CONFIG_PATH: /opt/hostedtoolcache/Python/3.13.16/x64/lib/pkgconfig
verify	Run pnpm test:math-reference	2026-10-08T02:42:55.9889109Z   Python_ROOT_DIR: /opt/hostedtoolcache/Python/3.13.16/x64
verify	Run pnpm test:math-reference	2026-10-08T02:42:55.9889499Z   Python2_ROOT_DIR: /opt/hostedtoolcache/Python/3.13.16/x64
verify	Run pnpm test:math-reference	2026-10-08T02:42:55.9889901Z   Python3_ROOT_DIR: /opt/hostedtoolcache/Python/3.13.16/x64
verify	Run pnpm test:math-reference	2026-10-08T02:42:55.9890284Z   LD_LIBRARY_PATH: /opt/hostedtoolcache/Python/3.13.16/x64/lib
verify	Run pnpm test:math-reference	2026-10-08T02:42:55.9890613Z ##[endgroup]
verify	Run pnpm test:math-reference	2026-10-08T02:42:56.4337046Z $ node scripts/audit-math-labels.mjs
verify	Run pnpm test:math-reference	2026-10-08T02:42:56.6602583Z {
verify	Run pnpm test:math-reference	2026-10-08T02:42:56.6603290Z   "renderer": "MathJax 4.1.3",
verify	Run pnpm test:math-reference	2026-10-08T02:42:56.6604012Z   "status": "reference-semantics-verified",
verify	Run pnpm test:math-reference	2026-10-08T02:42:56.6605463Z   "fountainStatus": "document-context API and bounded host SVG/reader lab implemented; this script checks semantics only, not whole-paper or export parity",
verify	Run pnpm test:math-reference	2026-10-08T02:42:56.6606506Z   "equations": [
verify	Run pnpm test:math-reference	2026-10-08T02:42:56.6606811Z     {
verify	Run pnpm test:math-reference	2026-10-08T02:42:56.6607361Z       "sha256": "d43aafd64986470149793169e6c1f001eae2f66706335d4b5e6864ff4fc465b7",
verify	Run pnpm test:math-reference	2026-10-08T02:42:56.6607960Z       "tags": [
verify	Run pnpm test:math-reference	2026-10-08T02:42:56.6608246Z         {
verify	Run pnpm test:math-reference	2026-10-08T02:42:56.6608577Z           "id": "mjx-eqn:eq:dNFE",
verify	Run pnpm test:math-reference	2026-10-08T02:42:56.6608956Z           "text": "(1)",
verify	Run pnpm test:math-reference	2026-10-08T02:42:56.6609295Z           "row": 0
verify	Run pnpm test:math-reference	2026-10-08T02:42:56.6609583Z         }
verify	Run pnpm test:math-reference	2026-10-08T02:42:56.6609887Z       ]
verify	Run pnpm test:math-reference	2026-10-08T02:42:56.6610150Z     },
verify	Run pnpm test:math-reference	2026-10-08T02:42:56.6610403Z     {
verify	Run pnpm test:math-reference	2026-10-08T02:42:56.6610974Z       "sha256": "b8ae1e0dc1cbaf7c15846891804d22fa0581f45f54e14e4da7857061ab57d3ec",
verify	Run pnpm test:math-reference	2026-10-08T02:42:56.6611635Z       "tags": [
verify	Run pnpm test:math-reference	2026-10-08T02:42:56.6611965Z         {
verify	Run pnpm test:math-reference	2026-10-08T02:42:56.6612311Z           "id": "mjx-eqn:eq:dSNFE",
verify	Run pnpm test:math-reference	2026-10-08T02:42:56.6612703Z           "text": "(2)",
verify	Run pnpm test:math-reference	2026-10-08T02:42:56.6613061Z           "row": 1
verify	Run pnpm test:math-reference	2026-10-08T02:42:56.6613363Z         }
verify	Run pnpm test:math-reference	2026-10-08T02:42:56.6613649Z       ]
verify	Run pnpm test:math-reference	2026-10-08T02:42:56.6613923Z     }
verify	Run pnpm test:math-reference	2026-10-08T02:42:56.6614212Z   ],
verify	Run pnpm test:math-reference	2026-10-08T02:42:56.6614527Z   "backwardReferences": [
verify	Run pnpm test:math-reference	2026-10-08T02:42:56.6614877Z     [
verify	Run pnpm test:math-reference	2026-10-08T02:42:56.6615420Z       {
verify	Run pnpm test:math-reference	2026-10-08T02:42:56.6615747Z         "text": "(1)",
verify	Run pnpm test:math-reference	2026-10-08T02:42:56.6616178Z         "href": "#mjx-eqn%3Aeq%3AdNFE"
verify	Run pnpm test:math-reference	2026-10-08T02:42:56.6616595Z       }
verify	Run pnpm test:math-reference	2026-10-08T02:42:56.6617217Z     ],
verify	Run pnpm test:math-reference	2026-10-08T02:42:56.6617527Z     [
verify	Run pnpm test:math-reference	2026-10-08T02:42:56.6617784Z       {
verify	Run pnpm test:math-reference	2026-10-08T02:42:56.6618058Z         "text": "(2)",
verify	Run pnpm test:math-reference	2026-10-08T02:42:56.6618542Z         "href": "#mjx-eqn%3Aeq%3AdSNFE"
verify	Run pnpm test:math-reference	2026-10-08T02:42:56.6619019Z       }
verify	Run pnpm test:math-reference	2026-10-08T02:42:56.6619339Z     ]
verify	Run pnpm test:math-reference	2026-10-08T02:42:56.6619608Z   ],
verify	Run pnpm test:math-reference	2026-10-08T02:42:56.6619975Z   "reorderedForwardReferences": [
verify	Run pnpm test:math-reference	2026-10-08T02:42:56.6620373Z     [
verify	Run pnpm test:math-reference	2026-10-08T02:42:56.6620666Z       {
verify	Run pnpm test:math-reference	2026-10-08T02:42:56.6620957Z         "text": "(2)",
verify	Run pnpm test:math-reference	2026-10-08T02:42:56.6621338Z         "href": "#mjx-eqn%3Aeq%3AdNFE"
verify	Run pnpm test:math-reference	2026-10-08T02:42:56.6621742Z       }
verify	Run pnpm test:math-reference	2026-10-08T02:42:56.6622016Z     ],
verify	Run pnpm test:math-reference	2026-10-08T02:42:56.6622280Z     [
verify	Run pnpm test:math-reference	2026-10-08T02:42:56.6622549Z       {
verify	Run pnpm test:math-reference	2026-10-08T02:42:56.6622833Z         "text": "(1)",
verify	Run pnpm test:math-reference	2026-10-08T02:42:56.6623228Z         "href": "#mjx-eqn%3Aeq%3AdSNFE"
verify	Run pnpm test:math-reference	2026-10-08T02:42:56.6623664Z       }
verify	Run pnpm test:math-reference	2026-10-08T02:42:56.6623995Z     ]
verify	Run pnpm test:math-reference	2026-10-08T02:42:56.6624243Z   ],
verify	Run pnpm test:math-reference	2026-10-08T02:42:56.6624459Z   "deletedTarget": [
verify	Run pnpm test:math-reference	2026-10-08T02:42:56.6624699Z     {
verify	Run pnpm test:math-reference	2026-10-08T02:42:56.6624924Z       "text": "(???)",
verify	Run pnpm test:math-reference	2026-10-08T02:42:56.6625300Z       "href": "#"
verify	Run pnpm test:math-reference	2026-10-08T02:42:56.6625535Z     }
verify	Run pnpm test:math-reference	2026-10-08T02:42:56.6625747Z   ],
verify	Run pnpm test:math-reference	2026-10-08T02:42:56.6625960Z   "checks": [
verify	Run pnpm test:math-reference	2026-10-08T02:42:56.6626201Z     "unchanged source",
verify	Run pnpm test:math-reference	2026-10-08T02:42:56.6626517Z     "nonumber defers label to numbered row",
verify	Run pnpm test:math-reference	2026-10-08T02:42:56.6626869Z     "backward references",
verify	Run pnpm test:math-reference	2026-10-08T02:42:56.6627407Z     "forward references",
verify	Run pnpm test:math-reference	2026-10-08T02:42:56.6627680Z     "reorder renumbering",
verify	Run pnpm test:math-reference	2026-10-08T02:42:56.6627992Z     "fresh-snapshot repeatability",
verify	Run pnpm test:math-reference	2026-10-08T02:42:56.6628353Z     "deleted target remains unresolved",
verify	Run pnpm test:math-reference	2026-10-08T02:42:56.6628704Z     "duplicate labels rejected",
verify	Run pnpm test:math-reference	2026-10-08T02:42:56.6629006Z     "starred environments",
verify	Run pnpm test:math-reference	2026-10-08T02:42:56.6629277Z     "manual tags",
verify	Run pnpm test:math-reference	2026-10-08T02:42:56.6629556Z     "unsupported commands rejected"
verify	Run pnpm test:math-reference	2026-10-08T02:42:56.6629864Z   ]
verify	Run pnpm test:math-reference	2026-10-08T02:42:56.6630049Z }
verify	Run pnpm test:docx-interoperability	﻿2026-10-08T02:42:56.6835040Z ##[group]Run pnpm test:docx-interoperability
verify	Run pnpm test:docx-interoperability	2026-10-08T02:42:56.6835796Z ^[[36;1mpnpm test:docx-interoperability^[[0m
verify	Run pnpm test:docx-interoperability	2026-10-08T02:42:56.6898374Z shell: /usr/bin/bash -e {0}
verify	Run pnpm test:docx-interoperability	2026-10-08T02:42:56.6898645Z env:
verify	Run pnpm test:docx-interoperability	2026-10-08T02:42:56.6898913Z   PNPM_HOME: /home/runner/setup-pnpm/node_modules/.bin
verify	Run pnpm test:docx-interoperability	2026-10-08T02:42:56.6899328Z   pythonLocation: /opt/hostedtoolcache/Python/3.13.16/x64
verify	Run pnpm test:docx-interoperability	2026-10-08T02:42:56.6899798Z   PKG_CONFIG_PATH: /opt/hostedtoolcache/Python/3.13.16/x64/lib/pkgconfig
verify	Run pnpm test:docx-interoperability	2026-10-08T02:42:56.6900263Z   Python_ROOT_DIR: /opt/hostedtoolcache/Python/3.13.16/x64
verify	Run pnpm test:docx-interoperability	2026-10-08T02:42:56.6900678Z   Python2_ROOT_DIR: /opt/hostedtoolcache/Python/3.13.16/x64
verify	Run pnpm test:docx-interoperability	2026-10-08T02:42:56.6901086Z   Python3_ROOT_DIR: /opt/hostedtoolcache/Python/3.13.16/x64
verify	Run pnpm test:docx-interoperability	2026-10-08T02:42:56.6901496Z   LD_LIBRARY_PATH: /opt/hostedtoolcache/Python/3.13.16/x64/lib
verify	Run pnpm test:docx-interoperability	2026-10-08T02:42:56.6901841Z ##[endgroup]
verify	Run pnpm test:docx-interoperability	2026-10-08T02:42:57.1342287Z $ node scripts/check-docx-interoperability.mjs && node scripts/check-docx-table-text.mjs && node scripts/check-docx-quote-appearance.mjs
verify	Run pnpm test:docx-interoperability	2026-10-08T02:42:57.4454269Z python-docx opened Fountain media and edited a typed glossary; Fountain retained glossary roles and independent body/cell controls with two explicit behavior-loss warnings (49 additional style/interchange diagnostics retained).
verify	Run pnpm test:docx-interoperability	2026-10-08T02:42:57.6340489Z ESM: DOM-free shipped DOCX table text, Word toggle resets, regional paragraph layout and native reopening passed.
verify	Run pnpm test:docx-interoperability	2026-10-08T02:42:57.6641900Z CommonJS: DOM-free shipped DOCX table text, Word toggle resets, regional paragraph layout and native reopening passed.
verify	Run pnpm test:docx-interoperability	2026-10-08T02:42:57.9090970Z ESM: complete bordered/borderless quote JSON, native Word styles, neutral HTML, core editing/history and Yjs local undo retain source-owned appearance without DOM.
verify	Run pnpm test:docx-interoperability	2026-10-08T02:42:58.0989379Z CommonJS: complete bordered/borderless quote JSON, native Word styles, neutral HTML, core editing/history and Yjs local undo retain source-owned appearance without DOM.
verify	Run pnpm test:budget	﻿2026-10-08T02:42:58.1266589Z ##[group]Run pnpm test:budget
verify	Run pnpm test:budget	2026-10-08T02:42:58.1266903Z ^[[36;1mpnpm test:budget^[[0m
verify	Run pnpm test:budget	2026-10-08T02:42:58.1328117Z shell: /usr/bin/bash -e {0}
verify	Run pnpm test:budget	2026-10-08T02:42:58.1328383Z env:
verify	Run pnpm test:budget	2026-10-08T02:42:58.1328649Z   PNPM_HOME: /home/runner/setup-pnpm/node_modules/.bin
verify	Run pnpm test:budget	2026-10-08T02:42:58.1329056Z   pythonLocation: /opt/hostedtoolcache/Python/3.13.16/x64
verify	Run pnpm test:budget	2026-10-08T02:42:58.1329508Z   PKG_CONFIG_PATH: /opt/hostedtoolcache/Python/3.13.16/x64/lib/pkgconfig
verify	Run pnpm test:budget	2026-10-08T02:42:58.1329964Z   Python_ROOT_DIR: /opt/hostedtoolcache/Python/3.13.16/x64
verify	Run pnpm test:budget	2026-10-08T02:42:58.1330374Z   Python2_ROOT_DIR: /opt/hostedtoolcache/Python/3.13.16/x64
verify	Run pnpm test:budget	2026-10-08T02:42:58.1330780Z   Python3_ROOT_DIR: /opt/hostedtoolcache/Python/3.13.16/x64
verify	Run pnpm test:budget	2026-10-08T02:42:58.1331193Z   LD_LIBRARY_PATH: /opt/hostedtoolcache/Python/3.13.16/x64/lib
verify	Run pnpm test:budget	2026-10-08T02:42:58.1331538Z ##[endgroup]
verify	Run pnpm test:budget	2026-10-08T02:42:58.5829793Z $ node scripts/check-build-budgets.mjs
verify	Run pnpm test:budget	2026-10-08T02:42:58.6232477Z dist/index.js: 80.9 KiB / 111 KiB
verify	Run pnpm test:budget	2026-10-08T02:42:58.6235216Z dist/index.cjs: 68.5 KiB / 93 KiB
verify	Run pnpm test:budget	2026-10-08T02:42:58.6236121Z dist/core.js: 8.9 KiB / 9 KiB
verify	Run pnpm test:budget	2026-10-08T02:42:58.6236776Z dist/core.cjs: 8.1 KiB / 8.1 KiB
verify	Run pnpm test:budget	2026-10-08T02:42:58.6237552Z dist/ai-document-tools.js: 16.4 KiB / 18 KiB
verify	Run pnpm test:budget	2026-10-08T02:42:58.6238520Z dist/ai-document-tools.cjs: 13.6 KiB / 15 KiB
verify	Run pnpm test:budget	2026-10-08T02:42:58.6239457Z dist/ai-conversation.js: 15.6 KiB / 17 KiB
verify	Run pnpm test:budget	2026-10-08T02:42:58.6240344Z dist/ai-conversation.cjs: 13.1 KiB / 14 KiB
verify	Run pnpm test:budget	2026-10-08T02:42:58.6241114Z dist/ai-generated-media.js: 10.5 KiB / 11 KiB
verify	Run pnpm test:budget	2026-10-08T02:42:58.6241883Z dist/ai-generated-media.cjs: 8.9 KiB / 10 KiB
verify	Run pnpm test:budget	2026-10-08T02:42:58.6242579Z dist/docx.js: 184.1 KiB / 184.3 KiB
verify	Run pnpm test:budget	2026-10-08T02:42:58.6243204Z dist/docx.cjs: 148.9 KiB / 149 KiB
verify	Run pnpm test:budget	2026-10-08T02:42:58.6243889Z HTML5 entity decoder ESM: 42.6 KiB / 43 KiB
verify	Run pnpm test:budget	2026-10-08T02:42:58.6244664Z HTML5 entity decoder CommonJS: 40.4 KiB / 41 KiB
verify	Run pnpm test:budget	2026-10-08T02:42:58.6245674Z dist/document-utilities.js: 23.3 KiB / 36 KiB
verify	Run pnpm test:budget	2026-10-08T02:42:58.6246419Z dist/document-utilities.cjs: 18.9 KiB / 30 KiB
verify	Run pnpm test:budget	2026-10-08T02:42:58.6247065Z dist/emoji-data.js: 323.6 KiB / 340 KiB
verify	Run pnpm test:budget	2026-10-08T02:42:58.6247660Z dist/emoji-data.cjs: 268.1 KiB / 280 KiB
verify	Run pnpm test:budget	2026-10-08T02:42:58.6248218Z dist/react.js: 92.6 KiB / 92.8 KiB
verify	Run pnpm test:budget	2026-10-08T02:42:58.6248760Z dist/react.cjs: 69.4 KiB / 69.5 KiB
verify	Run pnpm test:budget	2026-10-08T02:42:58.6249245Z dist/vue.js: 1.7 KiB / 3 KiB
verify	Run pnpm test:budget	2026-10-08T02:42:58.6249711Z dist/vue.cjs: 1.4 KiB / 3 KiB
verify	Run pnpm test:budget	2026-10-08T02:42:58.6250210Z dist/svelte.js: 1.1 KiB / 2 KiB
verify	Run pnpm test:budget	2026-10-08T02:42:58.6250703Z dist/svelte.cjs: 0.9 KiB / 2 KiB
verify	Run pnpm test:budget	2026-10-08T02:42:58.6251224Z dist/angular/index.js: 4.1 KiB / 5 KiB
verify	Run pnpm test:budget	2026-10-08T02:42:58.6251589Z dist/yjs.js: 26.8 KiB / 30 KiB
verify	Run pnpm test:budget	2026-10-08T02:42:58.6251884Z dist/yjs.cjs: 22.4 KiB / 25 KiB
verify	Run pnpm test:budget	2026-10-08T02:42:58.6252183Z dist/comments.js: 29.1 KiB / 30 KiB
verify	Run pnpm test:budget	2026-10-08T02:42:58.6252502Z dist/comments.cjs: 23.6 KiB / 25 KiB
verify	Run pnpm test:budget	2026-10-08T02:42:58.6252928Z dist/react-comments.js: 9.6 KiB / 11 KiB
verify	Run pnpm test:budget	2026-10-08T02:42:58.6253560Z dist/react-comments.cjs: 6.9 KiB / 8 KiB
verify	Run pnpm test:budget	2026-10-08T02:42:58.6254196Z dist/tracked-changes.js: 27.9 KiB / 30 KiB
verify	Run pnpm test:budget	2026-10-08T02:42:58.6254859Z dist/tracked-changes.cjs: 23.1 KiB / 25 KiB
verify	Run pnpm test:budget	2026-10-08T02:42:58.6255623Z dist/react-tracked-changes.js: 7.5 KiB / 9 KiB
verify	Run pnpm test:budget	2026-10-08T02:42:58.6256048Z dist/react-tracked-changes.cjs: 5.6 KiB / 7 KiB
verify	Run pnpm test:budget	2026-10-08T02:42:58.6256410Z dist/versions.js: 28.7 KiB / 35 KiB
verify	Run pnpm test:budget	2026-10-08T02:42:58.6256745Z dist/versions.cjs: 23.8 KiB / 30 KiB
verify	Run pnpm test:budget	2026-10-08T02:42:58.6257072Z dist/react-versions.js: 9.8 KiB / 18 KiB
verify	Run pnpm test:budget	2026-10-08T02:42:58.6257454Z dist/react-versions.cjs: 7.2 KiB / 14 KiB
verify	Run pnpm test:budget	2026-10-08T02:42:58.6257831Z dist/details.js: 7.5 KiB / 10 KiB
verify	Run pnpm test:budget	2026-10-08T02:42:58.6258158Z dist/details.cjs: 6.2 KiB / 8 KiB
verify	Run pnpm test:budget	2026-10-08T02:42:58.6258519Z dist/ruby.js: 10.7 KiB / 12 KiB
verify	Run pnpm test:budget	2026-10-08T02:42:58.6258829Z dist/ruby.cjs: 9.0 KiB / 10 KiB
verify	Run pnpm test:budget	2026-10-08T02:42:58.6259165Z dist/text-style.js: 0.9 KiB / 2 KiB
verify	Run pnpm test:budget	2026-10-08T02:42:58.6259528Z dist/text-style.cjs: 0.9 KiB / 2 KiB
verify	Run pnpm test:budget	2026-10-08T02:42:58.6259875Z dist/testing.js: 6.3 KiB / 7 KiB
verify	Run pnpm test:budget	2026-10-08T02:42:58.6260194Z dist/testing.cjs: 5.3 KiB / 6 KiB
verify	Run pnpm test:budget	2026-10-08T02:42:58.6260941Z dist/migrations.js: 6.9 KiB / 8 KiB
verify	Run pnpm test:budget	2026-10-08T02:42:58.6261295Z dist/migrations.cjs: 6.0 KiB / 7 KiB
verify	Run pnpm test:budget	2026-10-08T02:42:58.6261829Z dist/node-ids.js: 8.5 KiB / 9 KiB
verify	Run pnpm test:budget	2026-10-08T02:42:58.6262164Z dist/node-ids.cjs: 7.0 KiB / 8 KiB
verify	Run pnpm test:budget	2026-10-08T02:42:58.6262547Z dist/table-of-contents.js: 5.6 KiB / 7 KiB
verify	Run pnpm test:budget	2026-10-08T02:42:58.6262935Z dist/table-of-contents.cjs: 4.6 KiB / 6 KiB
verify	Run pnpm test:budget	2026-10-08T02:42:58.6263312Z dist/integrity.js: 11.2 KiB / 13 KiB
verify	Run pnpm test:budget	2026-10-08T02:42:58.6263668Z dist/integrity.cjs: 9.1 KiB / 11 KiB
verify	Run pnpm test:budget	2026-10-08T02:42:58.6264025Z dist/integrity-dom.js: 5.0 KiB / 6 KiB
verify	Run pnpm test:budget	2026-10-08T02:42:58.6264423Z dist/integrity-dom.cjs: 4.3 KiB / 5 KiB
verify	Run pnpm test:budget	2026-10-08T02:42:58.6264768Z dist/react-integrity.js: 7.9 KiB / 12 KiB
verify	Run pnpm test:budget	2026-10-08T02:42:58.6265268Z dist/react-integrity.cjs: 6.0 KiB / 10 KiB
verify	Run pnpm test:budget	2026-10-08T02:42:58.6265653Z dist/structured-attributes.js: 9.8 KiB / 11 KiB
verify	Run pnpm test:budget	2026-10-08T02:42:58.6266074Z dist/structured-attributes.cjs: 8.2 KiB / 9 KiB
verify	Run pnpm test:budget	2026-10-08T02:42:58.6266656Z dist/html-server.js: 256.1 KiB / 270 KiB
verify	Run pnpm test:budget	2026-10-08T02:42:58.6267350Z dist/html-server.cjs: 208.2 KiB / 225 KiB
verify	Run pnpm test:budget	2026-10-08T02:42:58.6268079Z dist/html-inert.js: 6.0 KiB / 7 KiB
verify	Run pnpm test:budget	2026-10-08T02:42:58.6268510Z dist/html-inert.cjs: 5.1 KiB / 6 KiB
verify	Run pnpm test:budget	2026-10-08T02:42:58.6268879Z dist/widgets.js: 8.6 KiB / 9 KiB
verify	Run pnpm test:budget	2026-10-08T02:42:58.6269185Z dist/widgets.cjs: 7.2 KiB / 8 KiB
verify	Run pnpm test:budget	2026-10-08T02:42:58.6269496Z dist/widgets-dom.js: 4.6 KiB / 5 KiB
verify	Run pnpm test:budget	2026-10-08T02:42:58.6269818Z dist/widgets-dom.cjs: 3.9 KiB / 5 KiB
verify	Run pnpm test:budget	2026-10-08T02:42:58.6270146Z dist/react-widgets.js: 1.5 KiB / 2 KiB
verify	Run pnpm test:budget	2026-10-08T02:42:58.6270485Z dist/react-widgets.cjs: 1.3 KiB / 2 KiB
verify	Run pnpm test:budget	2026-10-08T02:42:58.6270827Z dist/pages.js: 11.0 KiB / 23 KiB
verify	Run pnpm test:budget	2026-10-08T02:42:58.6271129Z dist/pages.cjs: 9.1 KiB / 19 KiB
verify	Run pnpm test:budget	2026-10-08T02:42:58.6271428Z dist/pages-dom.js: 52.5 KiB / 54 KiB
verify	Run pnpm test:budget	2026-10-08T02:42:58.6271746Z dist/pages-dom.cjs: 43.8 KiB / 45 KiB
verify	Run pnpm test:budget	2026-10-08T02:42:58.6272081Z dist/pages-preview.js: 13.2 KiB / 14 KiB
verify	Run pnpm test:budget	2026-10-08T02:42:58.6272422Z dist/pages-preview.cjs: 11.2 KiB / 12 KiB
verify	Run pnpm test:budget	2026-10-08T02:42:58.6272765Z dist/styles.css: 86.7 KiB / 86.8 KiB
verify	Run pnpm test:budget	2026-10-08T02:42:58.6273345Z all ESM runtime code: 1594.8 KiB / 1595 KiB
verify	Run pnpm test:budget	2026-10-08T02:42:58.6273816Z all CommonJS runtime code: 1326.4 KiB / 1326.5 KiB
verify	Run pnpm typecheck	﻿2026-10-08T02:42:58.6450619Z ##[group]Run pnpm typecheck
verify	Run pnpm typecheck	2026-10-08T02:42:58.6450940Z ^[[36;1mpnpm typecheck^[[0m
verify	Run pnpm typecheck	2026-10-08T02:42:58.6512236Z shell: /usr/bin/bash -e {0}
verify	Run pnpm typecheck	2026-10-08T02:42:58.6512511Z env:
verify	Run pnpm typecheck	2026-10-08T02:42:58.6512776Z   PNPM_HOME: /home/runner/setup-pnpm/node_modules/.bin
verify	Run pnpm typecheck	2026-10-08T02:42:58.6513187Z   pythonLocation: /opt/hostedtoolcache/Python/3.13.16/x64
verify	Run pnpm typecheck	2026-10-08T02:42:58.6513626Z   PKG_CONFIG_PATH: /opt/hostedtoolcache/Python/3.13.16/x64/lib/pkgconfig
verify	Run pnpm typecheck	2026-10-08T02:42:58.6514063Z   Python_ROOT_DIR: /opt/hostedtoolcache/Python/3.13.16/x64
verify	Run pnpm typecheck	2026-10-08T02:42:58.6514454Z   Python2_ROOT_DIR: /opt/hostedtoolcache/Python/3.13.16/x64
verify	Run pnpm typecheck	2026-10-08T02:42:58.6514858Z   Python3_ROOT_DIR: /opt/hostedtoolcache/Python/3.13.16/x64
verify	Run pnpm typecheck	2026-10-08T02:42:58.6515549Z   LD_LIBRARY_PATH: /opt/hostedtoolcache/Python/3.13.16/x64/lib
verify	Run pnpm typecheck	2026-10-08T02:42:58.6515897Z ##[endgroup]
verify	Run pnpm typecheck	2026-10-08T02:42:59.0926108Z $ tsc --noEmit && pnpm test:svelte-types && pnpm test:angular-types
verify	Run pnpm typecheck	2026-10-08T02:43:01.7708957Z $ pnpm --dir tools/svelte-check exec svelte-check --workspace ../.. --tsconfig tsconfig.svelte.json --fail-on-warnings
verify	Run pnpm typecheck	2026-10-08T02:43:07.1134079Z Loading svelte-check in workspace: /home/runner/work/fountainjs/fountainjs
verify	Run pnpm typecheck	2026-10-08T02:43:07.1135996Z Getting Svelte diagnostics...
verify	Run pnpm typecheck	2026-10-08T02:43:07.1136647Z 
verify	Run pnpm typecheck	2026-10-08T02:43:07.1176170Z ^[[32msvelte-check found 0 errors and 0 warnings
verify	Run pnpm typecheck	2026-10-08T02:43:07.6048458Z $ pnpm --dir tools/angular-build exec ngc -p ../../tsconfig.angular.json --noEmit && pnpm --dir tools/angular-build exec ngc -p ../../tsconfig.angular-demo.json --noEmit
verify	Run pnpm typecheck	2026-10-08T02:43:11.6029853Z ^[[39m
verify	Run pnpm test	﻿2026-10-08T02:43:11.6060954Z ##[group]Run pnpm test
verify	Run pnpm test	2026-10-08T02:43:11.6061247Z ^[[36;1mpnpm test^[[0m
verify	Run pnpm test	2026-10-08T02:43:11.6122517Z shell: /usr/bin/bash -e {0}
verify	Run pnpm test	2026-10-08T02:43:11.6122799Z env:
verify	Run pnpm test	2026-10-08T02:43:11.6123082Z   PNPM_HOME: /home/runner/setup-pnpm/node_modules/.bin
verify	Run pnpm test	2026-10-08T02:43:11.6123519Z   pythonLocation: /opt/hostedtoolcache/Python/3.13.16/x64
verify	Run pnpm test	2026-10-08T02:43:11.6124198Z   PKG_CONFIG_PATH: /opt/hostedtoolcache/Python/3.13.16/x64/lib/pkgconfig
verify	Run pnpm test	2026-10-08T02:43:11.6124693Z   Python_ROOT_DIR: /opt/hostedtoolcache/Python/3.13.16/x64
verify	Run pnpm test	2026-10-08T02:43:11.6125389Z   Python2_ROOT_DIR: /opt/hostedtoolcache/Python/3.13.16/x64
verify	Run pnpm test	2026-10-08T02:43:11.6125845Z   Python3_ROOT_DIR: /opt/hostedtoolcache/Python/3.13.16/x64
verify	Run pnpm test	2026-10-08T02:43:11.6126284Z   LD_LIBRARY_PATH: /opt/hostedtoolcache/Python/3.13.16/x64/lib
verify	Run pnpm test	2026-10-08T02:43:11.6126649Z ##[endgroup]
verify	Run pnpm test	2026-10-08T02:43:12.0605996Z $ vitest run
verify	Run pnpm test	2026-10-08T02:43:12.3454302Z 
verify	Run pnpm test	2026-10-08T02:43:12.3458885Z ^[[1m^[[30m^[[46m RUN ^[[49m^[[39m^[[22m ^[[36mv5.0.0 ^[[39m^[[90m/home/runner/work/fountainjs/fountainjs^[[39m
verify	Run pnpm test	2026-10-08T02:43:12.3459552Z 
verify	Run pnpm test	2026-10-08T02:43:14.2421692Z  ^[[32m✓^[[39m tests/core.test.ts ^[[2m(^[[22m^[[2m55 tests^[[22m^[[2m)^[[22m^[[32m 138^[[2mms^[[22m^[[39m
verify	Run pnpm test	2026-10-08T02:43:14.6853382Z  ^[[32m✓^[[39m tests/markdown-format.test.ts ^[[2m(^[[22m^[[2m113 tests^[[22m^[[2m)^[[22m^[[33m 583^[[2mms^[[22m^[[39m
verify	Run pnpm test	2026-10-08T02:43:14.6861775Z    ^[[32m✓^[[39m Markdown interchange ^[[2m(113)^[[22m
verify	Run pnpm test	2026-10-08T02:43:14.6879516Z      ^[[33m^[[2m✓^[[22m^[[39m bounds per-block provenance while retaining whole-source exactness^[[33m 317^[[2mms^[[22m^[[39m
verify	Run pnpm test	2026-10-08T02:43:15.9732191Z  ^[[32m✓^[[39m tests/pages-dom.test.ts ^[[2m(^[[22m^[[2m19 tests^[[22m^[[2m)^[[22m^[[33m 870^[[2mms^[[22m^[[39m
verify	Run pnpm test	2026-10-08T02:43:16.3929172Z  ^[[32m✓^[[39m tests/view.test.ts ^[[2m(^[[22m^[[2m45 tests^[[22m^[[2m)^[[22m^[[33m 823^[[2mms^[[22m^[[39m
verify	Run pnpm test	2026-10-08T02:43:16.6103585Z  ^[[32m✓^[[39m tests/pages-dom-preview.test.ts ^[[2m(^[[22m^[[2m16 tests^[[22m^[[2m)^[[22m^[[33m 547^[[2mms^[[22m^[[39m
verify	Run pnpm test	2026-10-08T02:43:16.8999290Z  ^[[32m✓^[[39m tests/docx.test.ts ^[[2m(^[[22m^[[2m17 tests^[[22m^[[2m)^[[22m^[[32m 188^[[2mms^[[22m^[[39m
verify	Run pnpm test	2026-10-08T02:43:17.2419678Z  ^[[32m✓^[[39m tests/server-html.test.ts ^[[2m(^[[22m^[[2m37 tests^[[22m^[[2m)^[[22m^[[32m 187^[[2mms^[[22m^[[39m
verify	Run pnpm test	2026-10-08T02:43:18.1137213Z  ^[[32m✓^[[39m tests/media.test.ts ^[[2m(^[[22m^[[2m9 tests^[[22m^[[2m)^[[22m^[[32m 266^[[2mms^[[22m^[[39m
verify	Run pnpm test	2026-10-08T02:43:18.5238464Z  ^[[32m✓^[[39m tests/document-utilities.test.ts ^[[2m(^[[22m^[[2m42 tests^[[22m^[[2m)^[[22m^[[32m 139^[[2mms^[[22m^[[39m
verify	Run pnpm test	2026-10-08T02:43:20.8968006Z  ^[[32m✓^[[39m tests/react-toolbar.test.tsx ^[[2m(^[[22m^[[2m9 tests^[[22m^[[2m)^[[22m^[[33m 672^[[2mms^[[22m^[[39m
verify	Run pnpm test	2026-10-08T02:43:21.0277685Z  ^[[32m✓^[[39m tests/server-html-parity.test.ts ^[[2m(^[[22m^[[2m83 tests^[[22m^[[2m)^[[22m^[[33m 1451^[[2mms^[[22m^[[39m
verify	Run pnpm test	2026-10-08T02:43:21.8757252Z  ^[[32m✓^[[39m tests/table.test.ts ^[[2m(^[[22m^[[2m13 tests^[[22m^[[2m)^[[22m^[[33m 3361^[[2mms^[[22m^[[39m
verify	Run pnpm test	2026-10-08T02:43:21.8786290Z    ^[[32m✓^[[39m production table editing ^[[2m(13)^[[22m
verify	Run pnpm test	2026-10-08T02:43:21.8856949Z      ^[[33m^[[2m✓^[[22m^[[39m resizes the logical end of an RTL merged cell despite its own LTR text override^[[33m 359^[[2mms^[[22m^[[39m
verify	Run pnpm test	2026-10-08T02:43:21.8870254Z      ^[[33m^[[2m✓^[[22m^[[39m projects resize geometry once per immutable table, including movement and remote-row widths^[[33m 2750^[[2mms^[[22m^[[39m
verify	Run pnpm test	2026-10-08T02:43:22.5922904Z  ^[[32m✓^[[39m tests/external-paste.test.ts ^[[2m(^[[22m^[[2m14 tests^[[22m^[[2m)^[[22m^[[33m 442^[[2mms^[[22m^[[39m
verify	Run pnpm test	2026-10-08T02:43:22.6527363Z  ^[[32m✓^[[39m tests/yjs-collaboration.test.ts ^[[2m(^[[22m^[[2m12 tests^[[22m^[[2m)^[[22m^[[32m 234^[[2mms^[[22m^[[39m
verify	Run pnpm test	2026-10-08T02:43:23.2180516Z  ^[[32m✓^[[39m tests/versions.test.ts ^[[2m(^[[22m^[[2m10 tests^[[22m^[[2m)^[[22m^[[32m 81^[[2mms^[[22m^[[39m
verify	Run pnpm test	2026-10-08T02:43:23.6707174Z  ^[[32m✓^[[39m tests/math.test.ts ^[[2m(^[[22m^[[2m14 tests^[[22m^[[2m)^[[22m^[[33m 396^[[2mms^[[22m^[[39m
verify	Run pnpm test	2026-10-08T02:43:24.1143151Z  ^[[32m✓^[[39m tests/text-style.test.ts ^[[2m(^[[22m^[[2m26 tests^[[22m^[[2m)^[[22m^[[32m 204^[[2mms^[[22m^[[39m
verify	Run pnpm test	2026-10-08T02:43:24.6993799Z  ^[[32m✓^[[39m tests/markdown-html-flow-adapter.test.ts ^[[2m(^[[22m^[[2m30 tests^[[22m^[[2m)^[[22m^[[32m 140^[[2mms^[[22m^[[39m
verify	Run pnpm test	2026-10-08T02:43:25.2009773Z  ^[[32m✓^[[39m tests/lean.test.ts ^[[2m(^[[22m^[[2m12 tests^[[22m^[[2m)^[[22m^[[33m 317^[[2mms^[[22m^[[39m
verify	Run pnpm test	2026-10-08T02:43:25.2066535Z  ^[[32m✓^[[39m tests/block-reordering.test.ts ^[[2m(^[[22m^[[2m12 tests^[[22m^[[2m)^[[22m^[[33m 711^[[2mms^[[22m^[[39m
verify	Run pnpm test	2026-10-08T02:43:25.2845857Z  ^[[32m✓^[[39m tests/model-integrity.test.ts ^[[2m(^[[22m^[[2m36 tests^[[22m^[[2m)^[[22m^[[32m 179^[[2mms^[[22m^[[39m
verify	Run pnpm test	2026-10-08T02:43:25.6897431Z  ^[[32m✓^[[39m tests/docx-table-styles.test.ts ^[[2m(^[[22m^[[2m14 tests^[[22m^[[2m)^[[22m^[[32m 134^[[2mms^[[22m^[[39m
verify	Run pnpm test	2026-10-08T02:43:25.8037168Z  ^[[32m✓^[[39m tests/pages.test.ts ^[[2m(^[[22m^[[2m10 tests^[[22m^[[2m)^[[22m^[[32m 71^[[2mms^[[22m^[[39m
verify	Run pnpm test	2026-10-08T02:43:25.8114305Z  ^[[32m✓^[[39m tests/list-auto-scope.test.ts ^[[2m(^[[22m^[[2m22 tests^[[22m^[[2m)^[[22m^[[32m 147^[[2mms^[[22m^[[39m
verify	Run pnpm test	2026-10-08T02:43:26.4111011Z  ^[[32m✓^[[39m tests/docx-table-conditions.test.ts ^[[2m(^[[22m^[[2m18 tests^[[22m^[[2m)^[[22m^[[32m 244^[[2mms^[[22m^[[39m
verify	Run pnpm test	2026-10-08T02:43:27.3067033Z  ^[[32m✓^[[39m tests/image.test.ts ^[[2m(^[[22m^[[2m8 tests^[[22m^[[2m)^[[22m^[[33m 354^[[2mms^[[22m^[[39m
verify	Run pnpm test	2026-10-08T02:43:27.4119636Z  ^[[32m✓^[[39m tests/comments.test.ts ^[[2m(^[[22m^[[2m7 tests^[[22m^[[2m)^[[22m^[[32m 261^[[2mms^[[22m^[[39m
verify	Run pnpm test	2026-10-08T02:43:27.7360974Z  ^[[32m✓^[[39m tests/list.test.ts ^[[2m(^[[22m^[[2m14 tests^[[22m^[[2m)^[[22m^[[32m 92^[[2mms^[[22m^[[39m
verify	Run pnpm test	2026-10-08T02:43:27.9673100Z  ^[[32m✓^[[39m tests/docx-style-reader.test.ts ^[[2m(^[[22m^[[2m23 tests^[[22m^[[2m)^[[22m^[[32m 35^[[2mms^[[22m^[[39m
verify	Run pnpm test	2026-10-08T02:43:28.3252213Z  ^[[32m✓^[[39m tests/docx-math-source.test.ts ^[[2m(^[[22m^[[2m24 tests^[[22m^[[2m)^[[22m^[[33m 485^[[2mms^[[22m^[[39m
verify	Run pnpm test	2026-10-08T02:43:28.9057617Z  ^[[32m✓^[[39m tests/docx-paragraph-fonts.test.ts ^[[2m(^[[22m^[[2m12 tests^[[22m^[[2m)^[[22m^[[32m 191^[[2mms^[[22m^[[39m
verify	Run pnpm test	2026-10-08T02:43:28.9418704Z  ^[[32m✓^[[39m tests/tracked-changes.test.ts ^[[2m(^[[22m^[[2m12 tests^[[22m^[[2m)^[[22m^[[32m 244^[[2mms^[[22m^[[39m
verify	Run pnpm test	2026-10-08T02:43:29.3731555Z  ^[[32m✓^[[39m tests/selection.test.ts ^[[2m(^[[22m^[[2m10 tests^[[22m^[[2m)^[[22m^[[32m 64^[[2mms^[[22m^[[39m
verify	Run pnpm test	2026-10-08T02:43:29.4197398Z  ^[[32m✓^[[39m tests/collaboration.test.ts ^[[2m(^[[22m^[[2m9 tests^[[22m^[[2m)^[[22m^[[32m 229^[[2mms^[[22m^[[39m
verify	Run pnpm test	2026-10-08T02:43:29.4951619Z  ^[[32m✓^[[39m tests/html-flow.test.ts ^[[2m(^[[22m^[[2m20 tests^[[22m^[[2m)^[[22m^[[32m 204^[[2mms^[[22m^[[39m
verify	Run pnpm test	2026-10-08T02:43:29.8706981Z  ^[[32m✓^[[39m tests/docx-table-text.test.ts ^[[2m(^[[22m^[[2m16 tests^[[22m^[[2m)^[[22m^[[32m 142^[[2mms^[[22m^[[39m
verify	Run pnpm test	2026-10-08T02:43:30.0159273Z  ^[[32m✓^[[39m tests/docx-math.test.ts ^[[2m(^[[22m^[[2m20 tests^[[22m^[[2m)^[[22m^[[32m 215^[[2mms^[[22m^[[39m
verify	Run pnpm test	2026-10-08T02:43:30.0353860Z  ^[[32m✓^[[39m tests/docx-table-widths.test.ts ^[[2m(^[[22m^[[2m18 tests^[[22m^[[2m)^[[22m^[[32m 168^[[2mms^[[22m^[[39m
verify	Run pnpm test	2026-10-08T02:43:30.4093077Z  ^[[32m✓^[[39m tests/extensions.test.ts ^[[2m(^[[22m^[[2m16 tests^[[22m^[[2m)^[[22m^[[32m 48^[[2mms^[[22m^[[39m
verify	Run pnpm test	2026-10-08T02:43:30.5929618Z  ^[[32m✓^[[39m tests/text-direction.test.ts ^[[2m(^[[22m^[[2m13 tests^[[22m^[[2m)^[[22m^[[32m 85^[[2mms^[[22m^[[39m
verify	Run pnpm test	2026-10-08T02:43:30.6386172Z  ^[[32m✓^[[39m tests/docx-style-cascade.test.ts ^[[2m(^[[22m^[[2m26 tests^[[22m^[[2m)^[[22m^[[32m 38^[[2mms^[[22m^[[39m
verify	Run pnpm test	2026-10-08T02:43:30.8356496Z  ^[[32m✓^[[39m tests/markdown-reference-source.test.ts ^[[2m(^[[22m^[[2m18 tests^[[22m^[[2m)^[[22m^[[33m 574^[[2mms^[[22m^[[39m
verify	Run pnpm test	2026-10-08T02:43:30.8358322Z    ^[[32m✓^[[39m reference-definition source provenance ^[[2m(18)^[[22m
verify	Run pnpm test	2026-10-08T02:43:30.8360233Z      ^[[33m^[[2m✓^[[22m^[[39m shares a large definition context without losing unrelated source when moving blocks^[[33m 482^[[2mms^[[22m^[[39m
verify	Run pnpm test	2026-10-08T02:43:32.1601784Z  ^[[32m✓^[[39m tests/details.test.ts ^[[2m(^[[22m^[[2m7 tests^[[22m^[[2m)^[[22m^[[33m 306^[[2mms^[[22m^[[39m
verify	Run pnpm test	2026-10-08T02:43:32.2694111Z  ^[[32m✓^[[39m tests/ruby.test.ts ^[[2m(^[[22m^[[2m7 tests^[[22m^[[2m)^[[22m^[[32m 296^[[2mms^[[22m^[[39m
verify	Run pnpm test	2026-10-08T02:43:32.6644738Z  ^[[32m✓^[[39m tests/markdown-html-inline-adapter.test.ts ^[[2m(^[[22m^[[2m34 tests^[[22m^[[2m)^[[22m^[[32m 107^[[2mms^[[22m^[[39m
verify	Run pnpm test	2026-10-08T02:43:32.7111249Z  ^[[32m✓^[[39m tests/quote-appearance.test.ts ^[[2m(^[[22m^[[2m8 tests^[[22m^[[2m)^[[22m^[[32m 254^[[2mms^[[22m^[[39m
verify	Run pnpm test	2026-10-08T02:43:33.0669882Z  ^[[32m✓^[[39m tests/list-direction-transforms.test.ts ^[[2m(^[[22m^[[2m19 tests^[[22m^[[2m)^[[22m^[[32m 44^[[2mms^[[22m^[[39m
verify	Run pnpm test	2026-10-08T02:43:33.2319861Z  ^[[32m✓^[[39m tests/markdown-document-flow.test.ts ^[[2m(^[[22m^[[2m21 tests^[[22m^[[2m)^[[22m^[[32m 121^[[2mms^[[22m^[[39m
verify	Run pnpm test	2026-10-08T02:43:33.8356508Z  ^[[32m✓^[[39m tests/html-inert-block.test.ts ^[[2m(^[[22m^[[2m20 tests^[[22m^[[2m)^[[22m^[[32m 191^[[2mms^[[22m^[[39m
verify	Run pnpm test	2026-10-08T02:43:34.2033276Z  ^[[32m✓^[[39m tests/node-ids.test.ts ^[[2m(^[[22m^[[2m12 tests^[[22m^[[2m)^[[22m^[[33m 770^[[2mms^[[22m^[[39m
verify	Run pnpm test	2026-10-08T02:43:34.2086453Z    ^[[32m✓^[[39m stable node identities ^[[2m(12)^[[22m
verify	Run pnpm test	2026-10-08T02:43:34.2100486Z      ^[[33m^[[2m✓^[[22m^[[39m normalizes and maintains a 10,000-block live index within explicit budgets^[[33m 534^[[2mms^[[22m^[[39m
verify	Run pnpm test	2026-10-08T02:43:35.3186199Z  ^[[32m✓^[[39m tests/react-toolbar-panels.test.tsx ^[[2m(^[[22m^[[2m18 tests^[[22m^[[2m)^[[22m^[[33m 1743^[[2mms^[[22m^[[39m
verify	Run pnpm test	2026-10-08T02:43:35.3192412Z    ^[[32m✓^[[39m toolbar configuration panel keyboard ownership ^[[2m(12)^[[22m
verify	Run pnpm test	2026-10-08T02:43:35.3193576Z      ^[[33m^[[2m✓^[[22m^[[39m follows a separately mounted focused table view and disables ambiguous/unmounted physical controls^[[33m 605^[[2mms^[[22m^[[39m
verify	Run pnpm test	2026-10-08T02:43:35.5501111Z  ^[[32m✓^[[39m tests/selection-view.test.ts ^[[2m(^[[22m^[[2m9 tests^[[22m^[[2m)^[[22m^[[33m 412^[[2mms^[[22m^[[39m
verify	Run pnpm test	2026-10-08T02:43:35.7646738Z  ^[[32m✓^[[39m tests/widgets.test.ts ^[[2m(^[[22m^[[2m7 tests^[[22m^[[2m)^[[22m^[[32m 37^[[2mms^[[22m^[[39m
verify	Run pnpm test	2026-10-08T02:43:35.8217519Z  ^[[32m✓^[[39m tests/page-layout.test.ts ^[[2m(^[[22m^[[2m11 tests^[[22m^[[2m)^[[22m^[[32m 23^[[2mms^[[22m^[[39m
verify	Run pnpm test	2026-10-08T02:43:37.3089511Z  ^[[32m✓^[[39m tests/html-link-controls.test.ts ^[[2m(^[[22m^[[2m20 tests^[[22m^[[2m)^[[22m^[[33m 1852^[[2mms^[[22m^[[39m
verify	Run pnpm test	2026-10-08T02:43:37.3136567Z    ^[[32m✓^[[39m literal control data in imported HTML link destinations ^[[2m(20)^[[22m
verify	Run pnpm test	2026-10-08T02:43:37.3160276Z      ^[[33m^[[2m✓^[[22m^[[39m still rejects unsafe schemes, network paths, other controls and broken authorities: inserted controls in "javascript:alert(…^[[33m 435^[[2mms^[[22m^[[39m
verify	Run pnpm test	2026-10-08T02:43:37.3178312Z      ^[[33m^[[2m✓^[[22m^[[39m still rejects unsafe schemes, network paths, other controls and broken authorities: inserted controls in "//evil.test/path"^[[33m 310^[[2mms^[[22m^[[39m
verify	Run pnpm test	2026-10-08T02:43:37.4065771Z  ^[[32m✓^[[39m tests/link.test.ts ^[[2m(^[[22m^[[2m9 tests^[[22m^[[2m)^[[22m^[[33m 376^[[2mms^[[22m^[[39m
verify	Run pnpm test	2026-10-08T02:43:37.8387603Z  ^[[32m✓^[[39m tests/docx-footnotes.test.ts ^[[2m(^[[22m^[[2m11 tests^[[22m^[[2m)^[[22m^[[32m 141^[[2mms^[[22m^[[39m
verify	Run pnpm test	2026-10-08T02:43:37.9290858Z  ^[[32m✓^[[39m tests/html-link-origin.test.ts ^[[2m(^[[22m^[[2m16 tests^[[22m^[[2m)^[[22m^[[33m 681^[[2mms^[[22m^[[39m
verify	Run pnpm test	2026-10-08T02:43:38.3279673Z  ^[[32m✓^[[39m tests/ai.test.ts ^[[2m(^[[22m^[[2m13 tests^[[22m^[[2m)^[[22m^[[32m 138^[[2mms^[[22m^[[39m
verify	Run pnpm test	2026-10-08T02:43:38.7057459Z  ^[[32m✓^[[39m tests/ai-generated-media.test.ts ^[[2m(^[[22m^[[2m7 tests^[[22m^[[2m)^[[22m^[[32m 59^[[2mms^[[22m^[[39m
verify	Run pnpm test	2026-10-08T02:43:38.8668212Z  ^[[32m✓^[[39m tests/markdown-html-block-adapter.test.ts ^[[2m(^[[22m^[[2m28 tests^[[22m^[[2m)^[[22m^[[32m 101^[[2mms^[[22m^[[39m
verify	Run pnpm test	2026-10-08T02:43:39.6670175Z  ^[[32m✓^[[39m tests/docx-character-spacing.test.ts ^[[2m(^[[22m^[[2m25 tests^[[22m^[[2m)^[[22m^[[32m 178^[[2mms^[[22m^[[39m
verify	Run pnpm test	2026-10-08T02:43:40.0108700Z  ^[[32m✓^[[39m tests/docx-page-settings.test.ts ^[[2m(^[[22m^[[2m19 tests^[[22m^[[2m)^[[22m^[[32m 199^[[2mms^[[22m^[[39m
verify	Run pnpm test	2026-10-08T02:43:40.1505942Z  ^[[32m✓^[[39m tests/html-format.test.ts ^[[2m(^[[22m^[[2m9 tests^[[22m^[[2m)^[[22m^[[32m 242^[[2mms^[[22m^[[39m
verify	Run pnpm test	2026-10-08T02:43:40.5279789Z  ^[[32m✓^[[39m tests/docx-table-appearance.test.ts ^[[2m(^[[22m^[[2m9 tests^[[22m^[[2m)^[[22m^[[32m 123^[[2mms^[[22m^[[39m
verify	Run pnpm test	2026-10-08T02:43:40.6382812Z  ^[[32m✓^[[39m tests/ai-conversation.test.ts ^[[2m(^[[22m^[[2m10 tests^[[22m^[[2m)^[[22m^[[32m 125^[[2mms^[[22m^[[39m
verify	Run pnpm test	2026-10-08T02:43:41.0402117Z  ^[[32m✓^[[39m tests/markdown-text-block-flow.test.ts ^[[2m(^[[22m^[[2m29 tests^[[22m^[[2m)^[[22m^[[32m 152^[[2mms^[[22m^[[39m
verify	Run pnpm test	2026-10-08T02:43:41.5271051Z  ^[[32m✓^[[39m tests/markdown-html-flow-sources.test.ts ^[[2m(^[[22m^[[2m15 tests^[[22m^[[2m)^[[22m^[[32m 74^[[2mms^[[22m^[[39m
verify	Run pnpm test	2026-10-08T02:43:41.9796454Z  ^[[32m✓^[[39m tests/markdown-html-paragraph.test.ts ^[[2m(^[[22m^[[2m35 tests^[[22m^[[2m)^[[22m^[[32m 112^[[2mms^[[22m^[[39m
verify	Run pnpm test	2026-10-08T02:43:42.7657088Z  ^[[32m✓^[[39m tests/html-inert-raw-text.test.ts ^[[2m(^[[22m^[[2m24 tests^[[22m^[[2m)^[[22m^[[32m 191^[[2mms^[[22m^[[39m
verify	Run pnpm test	2026-10-08T02:43:42.7807989Z  ^[[32m✓^[[39m tests/virtual-view.test.ts ^[[2m(^[[22m^[[2m9 tests^[[22m^[[2m)^[[22m^[[33m 1886^[[2mms^[[22m^[[39m
verify	Run pnpm test	2026-10-08T02:43:42.7812796Z    ^[[32m✓^[[39m virtual EditorView ^[[2m(9)^[[22m
verify	Run pnpm test	2026-10-08T02:43:42.7816116Z      ^[[33m^[[2m✓^[[22m^[[39m mounts a bounded viewport while retaining the full scroll geometry^[[33m 1183^[[2mms^[[22m^[[39m
verify	Run pnpm test	2026-10-08T02:43:42.7817988Z      ^[[33m^[[2m✓^[[22m^[[39m offers explicit and print-time full rendering without changing document state^[[33m 314^[[2mms^[[22m^[[39m
verify	Run pnpm test	2026-10-08T02:43:43.4627529Z  ^[[32m✓^[[39m tests/docx-definition-lists.test.ts ^[[2m(^[[22m^[[2m16 tests^[[22m^[[2m)^[[22m^[[33m 308^[[2mms^[[22m^[[39m
verify	Run pnpm test	2026-10-08T02:43:43.5065023Z  ^[[32m✓^[[39m tests/code-block-direction.test.ts ^[[2m(^[[22m^[[2m12 tests^[[22m^[[2m)^[[22m^[[32m 90^[[2mms^[[22m^[[39m
verify	Run pnpm test	2026-10-08T02:43:44.4769033Z  ^[[32m✓^[[39m tests/headless-docx-demo.test.tsx ^[[2m(^[[22m^[[2m9 tests^[[22m^[[2m)^[[22m^[[33m 1054^[[2mms^[[22m^[[39m
verify	Run pnpm test	2026-10-08T02:43:44.4770576Z    ^[[32m✓^[[39m headless DOCX file ownership and readiness ^[[2m(9)^[[22m
verify	Run pnpm test	2026-10-08T02:43:44.4771839Z      ^[[33m^[[2m✓^[[22m^[[39m does not announce an undefined document as valid^[[33m 329^[[2mms^[[22m^[[39m
verify	Run pnpm test	2026-10-08T02:43:44.8630768Z  ^[[32m✓^[[39m tests/yjs-structured-attributes.test.ts ^[[2m(^[[22m^[[2m7 tests^[[22m^[[2m)^[[22m^[[32m 77^[[2mms^[[22m^[[39m
verify	Run pnpm test	2026-10-08T02:43:45.1661411Z  ^[[32m✓^[[39m tests/explicit-text-alignment.test.ts ^[[2m(^[[22m^[[2m8 tests^[[22m^[[2m)^[[22m^[[32m 138^[[2mms^[[22m^[[39m
verify	Run pnpm test	2026-10-08T02:43:45.3965349Z  ^[[32m✓^[[39m tests/markdown-html-block-atoms.test.ts ^[[2m(^[[22m^[[2m15 tests^[[22m^[[2m)^[[22m^[[32m 124^[[2mms^[[22m^[[39m
verify	Run pnpm test	2026-10-08T02:43:45.4337633Z  ^[[32m✓^[[39m tests/math-document-context.test.ts ^[[2m(^[[22m^[[2m6 tests^[[22m^[[2m)^[[22m^[[33m 568^[[2mms^[[22m^[[39m
verify	Run pnpm test	2026-10-08T02:43:45.4338907Z    ^[[32m✓^[[39m document-aware math view context ^[[2m(6)^[[22m
verify	Run pnpm test	2026-10-08T02:43:45.4340502Z      ^[[33m^[[2m✓^[[22m^[[39m compiles unchanged published source and forward references once per snapshot, including reorder/undo/redo^[[33m 315^[[2mms^[[22m^[[39m
verify	Run pnpm test	2026-10-08T02:43:45.7350413Z  ^[[32m✓^[[39m tests/markdown-protected-table-flow.test.ts ^[[2m(^[[22m^[[2m17 tests^[[22m^[[2m)^[[22m^[[32m 192^[[2mms^[[22m^[[39m
verify	Run pnpm test	2026-10-08T02:43:45.7971060Z  ^[[32m✓^[[39m tests/ai-document-tools.test.ts ^[[2m(^[[22m^[[2m10 tests^[[22m^[[2m)^[[22m^[[32m 29^[[2mms^[[22m^[[39m
verify	Run pnpm test	2026-10-08T02:43:45.9072496Z  ^[[32m✓^[[39m tests/docx-math-import.test.ts ^[[2m(^[[22m^[[2m9 tests^[[22m^[[2m)^[[22m^[[32m 90^[[2mms^[[22m^[[39m
verify	Run pnpm test	2026-10-08T02:43:46.2687001Z  ^[[32m✓^[[39m tests/docx-page-templates.test.ts ^[[2m(^[[22m^[[2m8 tests^[[22m^[[2m)^[[22m^[[32m 153^[[2mms^[[22m^[[39m
verify	Run pnpm test	2026-10-08T02:43:46.2851940Z  ^[[32m✓^[[39m tests/html-inert-inline.test.ts ^[[2m(^[[22m^[[2m25 tests^[[22m^[[2m)^[[22m^[[32m 120^[[2mms^[[22m^[[39m
verify	Run pnpm test	2026-10-08T02:43:47.7212408Z  ^[[32m✓^[[39m tests/html-inert-browser.test.ts ^[[2m(^[[22m^[[2m8 tests^[[22m^[[2m)^[[22m^[[33m 469^[[2mms^[[22m^[[39m
verify	Run pnpm test	2026-10-08T02:43:47.8433781Z  ^[[32m✓^[[39m tests/widgets-dom.test.ts ^[[2m(^[[22m^[[2m4 tests^[[22m^[[2m)^[[22m^[[32m 237^[[2mms^[[22m^[[39m
verify	Run pnpm test	2026-10-08T02:43:48.1633864Z  ^[[32m✓^[[39m tests/markdown-empty-paragraphs.test.ts ^[[2m(^[[22m^[[2m22 tests^[[22m^[[2m)^[[22m^[[32m 52^[[2mms^[[22m^[[39m
verify	Run pnpm test	2026-10-08T02:43:48.3477320Z  ^[[32m✓^[[39m tests/trailing-editable-block.test.ts ^[[2m(^[[22m^[[2m8 tests^[[22m^[[2m)^[[22m^[[32m 52^[[2mms^[[22m^[[39m
verify	Run pnpm test	2026-10-08T02:43:49.0107324Z  ^[[32m✓^[[39m tests/html-structural-direction.test.ts ^[[2m(^[[22m^[[2m18 tests^[[22m^[[2m)^[[22m^[[32m 174^[[2mms^[[22m^[[39m
verify	Run pnpm test	2026-10-08T02:43:49.6323765Z  ^[[32m✓^[[39m tests/mathjax-document-renderer.test.ts ^[[2m(^[[22m^[[2m12 tests^[[22m^[[2m)^[[22m^[[33m 1970^[[2mms^[[22m^[[39m
verify	Run pnpm test	2026-10-08T02:43:49.6330503Z    ^[[32m✓^[[39m optional host MathJax SVG integration ^[[2m(12)^[[22m
verify	Run pnpm test	2026-10-08T02:43:49.6332465Z      ^[[33m^[[2m✓^[[22m^[[39m typesets exact published equations and resolves namespaced forward links to actual SVG anchors^[[33m 451^[[2mms^[[22m^[[39m
verify	Run pnpm test	2026-10-08T02:43:49.6335041Z      ^[[33m^[[2m✓^[[22m^[[39m refreshes real SVG labels/references after moving/deleting equations and restores them on undo^[[33m 610^[[2mms^[[22m^[[39m
verify	Run pnpm test	2026-10-08T02:43:49.9283927Z  ^[[32m✓^[[39m tests/vue-lifecycle.test.ts ^[[2m(^[[22m^[[2m7 tests^[[22m^[[2m)^[[22m^[[33m 394^[[2mms^[[22m^[[39m
verify	Run pnpm test	2026-10-08T02:43:49.9297760Z    ^[[32m✓^[[39m Vue first-party lifecycle ^[[2m(7)^[[22m
verify	Run pnpm test	2026-10-08T02:43:49.9299501Z      ^[[33m^[[2m✓^[[22m^[[39m creates and disposes one unproxied engine/provider per mount, after the view^[[33m 308^[[2mms^[[22m^[[39m
verify	Run pnpm test	2026-10-08T02:43:50.1444672Z  ^[[32m✓^[[39m tests/docx-paragraph-layout.test.ts ^[[2m(^[[22m^[[2m9 tests^[[22m^[[2m)^[[22m^[[32m 114^[[2mms^[[22m^[[39m
verify	Run pnpm test	2026-10-08T02:43:50.3766072Z  ^[[32m✓^[[39m tests/markdown-html.test.ts ^[[2m(^[[22m^[[2m32 tests^[[22m^[[2m)^[[22m^[[32m 90^[[2mms^[[22m^[[39m
verify	Run pnpm test	2026-10-08T02:43:50.6927331Z  ^[[32m✓^[[39m tests/markdown-preformatted.test.ts ^[[2m(^[[22m^[[2m38 tests^[[22m^[[2m)^[[22m^[[32m 167^[[2mms^[[22m^[[39m
verify	Run pnpm test	2026-10-08T02:43:50.7148771Z  ^[[32m✓^[[39m tests/view-external-focus.test.ts ^[[2m(^[[22m^[[2m12 tests^[[22m^[[2m)^[[22m^[[33m 431^[[2mms^[[22m^[[39m
verify	Run pnpm test	2026-10-08T02:43:51.1516707Z  ^[[32m✓^[[39m tests/text-alignment.test.ts ^[[2m(^[[22m^[[2m8 tests^[[22m^[[2m)^[[22m^[[32m 59^[[2mms^[[22m^[[39m
verify	Run pnpm test	2026-10-08T02:43:51.2576705Z  ^[[32m✓^[[39m tests/html-source-tokens.test.ts ^[[2m(^[[22m^[[2m22 tests^[[22m^[[2m)^[[22m^[[32m 163^[[2mms^[[22m^[[39m
verify	Run pnpm test	2026-10-08T02:43:51.5427268Z  ^[[32m✓^[[39m tests/structured-attributes.test.ts ^[[2m(^[[22m^[[2m4 tests^[[22m^[[2m)^[[22m^[[32m 29^[[2mms^[[22m^[[39m
verify	Run pnpm test	2026-10-08T02:43:51.6796741Z  ^[[32m✓^[[39m tests/docx-theme-fonts.test.ts ^[[2m(^[[22m^[[2m15 tests^[[22m^[[2m)^[[22m^[[32m 126^[[2mms^[[22m^[[39m
verify	Run pnpm test	2026-10-08T02:43:52.1217339Z  ^[[32m✓^[[39m tests/docx-inherited-styles.test.ts ^[[2m(^[[22m^[[2m8 tests^[[22m^[[2m)^[[22m^[[32m 85^[[2mms^[[22m^[[39m
verify	Run pnpm test	2026-10-08T02:43:52.2064928Z  ^[[32m✓^[[39m tests/html-figure-retention.test.ts ^[[2m(^[[22m^[[2m20 tests^[[22m^[[2m)^[[22m^[[33m 476^[[2mms^[[22m^[[39m
verify	Run pnpm test	2026-10-08T02:43:52.5312691Z  ^[[32m✓^[[39m tests/migrations.test.ts ^[[2m(^[[22m^[[2m5 tests^[[22m^[[2m)^[[22m^[[32m 16^[[2mms^[[22m^[[39m
verify	Run pnpm test	2026-10-08T02:43:52.5991623Z  ^[[32m✓^[[39m tests/markdown-schema-html.test.ts ^[[2m(^[[22m^[[2m15 tests^[[22m^[[2m)^[[22m^[[32m 107^[[2mms^[[22m^[[39m
verify	Run pnpm test	2026-10-08T02:43:53.3897902Z  ^[[32m✓^[[39m tests/table-appearance.test.ts ^[[2m(^[[22m^[[2m16 tests^[[22m^[[2m)^[[22m^[[33m 508^[[2mms^[[22m^[[39m
verify	Run pnpm test	2026-10-08T02:43:53.8356297Z  ^[[32m✓^[[39m tests/docx-content-controls.test.ts ^[[2m(^[[22m^[[2m12 tests^[[22m^[[2m)^[[22m^[[32m 82^[[2mms^[[22m^[[39m
verify	Run pnpm test	2026-10-08T02:43:54.1956966Z  ^[[32m✓^[[39m tests/syntax-highlight.test.ts ^[[2m(^[[22m^[[2m10 tests^[[22m^[[2m)^[[22m^[[33m 331^[[2mms^[[22m^[[39m
verify	Run pnpm test	2026-10-08T02:43:54.2167121Z  ^[[32m✓^[[39m tests/react-node-view.test.tsx ^[[2m(^[[22m^[[2m3 tests^[[22m^[[2m)^[[22m^[[33m 346^[[2mms^[[22m^[[39m
verify	Run pnpm test	2026-10-08T02:43:54.6933357Z  ^[[32m✓^[[39m tests/html-container-editing.test.ts ^[[2m(^[[22m^[[2m16 tests^[[22m^[[2m)^[[22m^[[32m 80^[[2mms^[[22m^[[39m
verify	Run pnpm test	2026-10-08T02:43:54.7113420Z  ^[[32m✓^[[39m tests/server-html-loss-report.test.ts ^[[2m(^[[22m^[[2m21 tests^[[22m^[[2m)^[[22m^[[33m 487^[[2mms^[[22m^[[39m
verify	Run pnpm test	2026-10-08T02:43:55.5677037Z  ^[[32m✓^[[39m tests/drop-cursor.test.ts ^[[2m(^[[22m^[[2m4 tests^[[22m^[[2m)^[[22m^[[32m 166^[[2mms^[[22m^[[39m
verify	Run pnpm test	2026-10-08T02:43:56.1005891Z  ^[[32m✓^[[39m tests/docx-page-breaks.test.ts ^[[2m(^[[22m^[[2m11 tests^[[22m^[[2m)^[[22m^[[32m 143^[[2mms^[[22m^[[39m
verify	Run pnpm test	2026-10-08T02:43:56.2297394Z  ^[[32m✓^[[39m tests/inline-link-view.test.ts ^[[2m(^[[22m^[[2m6 tests^[[22m^[[2m)^[[22m^[[32m 285^[[2mms^[[22m^[[39m
verify	Run pnpm test	2026-10-08T02:43:56.2670881Z  ^[[32m✓^[[39m tests/explicit-emphasis.test.ts ^[[2m(^[[22m^[[2m7 tests^[[22m^[[2m)^[[22m^[[32m 181^[[2mms^[[22m^[[39m
verify	Run pnpm test	2026-10-08T02:43:56.6007451Z  ^[[32m✓^[[39m tests/lean-loopback.test.ts ^[[2m(^[[22m^[[2m4 tests^[[22m^[[2m)^[[22m^[[32m 78^[[2mms^[[22m^[[39m
verify	Run pnpm test	2026-10-08T02:43:56.6477764Z  ^[[32m✓^[[39m tests/docx-preferred-table-width.test.ts ^[[2m(^[[22m^[[2m18 tests^[[22m^[[2m)^[[22m^[[32m 189^[[2mms^[[22m^[[39m
verify	Run pnpm test	2026-10-08T02:43:56.9993610Z  ^[[32m✓^[[39m tests/integrity.test.ts ^[[2m(^[[22m^[[2m7 tests^[[22m^[[2m)^[[22m^[[32m 17^[[2mms^[[22m^[[39m
verify	Run pnpm test	2026-10-08T02:43:57.4467122Z  ^[[32m✓^[[39m tests/mcp.test.ts ^[[2m(^[[22m^[[2m3 tests^[[22m^[[2m)^[[22m^[[32m 99^[[2mms^[[22m^[[39m
verify	Run pnpm test	2026-10-08T02:43:57.9853048Z  ^[[32m✓^[[39m tests/react-document-utilities.test.tsx ^[[2m(^[[22m^[[2m2 tests^[[22m^[[2m)^[[22m^[[33m 328^[[2mms^[[22m^[[39m
verify	Run pnpm test	2026-10-08T02:43:58.1670130Z  ^[[32m✓^[[39m tests/pages-html.test.ts ^[[2m(^[[22m^[[2m4 tests^[[22m^[[2m)^[[22m^[[33m 302^[[2mms^[[22m^[[39m
verify	Run pnpm test	2026-10-08T02:43:58.4117605Z  ^[[32m✓^[[39m tests/docx-package-inventory.test.ts ^[[2m(^[[22m^[[2m7 tests^[[22m^[[2m)^[[22m^[[32m 44^[[2mms^[[22m^[[39m
verify	Run pnpm test	2026-10-08T02:43:58.6318044Z  ^[[32m✓^[[39m tests/markdown-html-tables.test.ts ^[[2m(^[[22m^[[2m9 tests^[[22m^[[2m)^[[22m^[[32m 94^[[2mms^[[22m^[[39m
verify	Run pnpm test	2026-10-08T02:43:58.8360432Z  ^[[32m✓^[[39m tests/markdown-paragraph-flow.test.ts ^[[2m(^[[22m^[[2m18 tests^[[22m^[[2m)^[[22m^[[32m 100^[[2mms^[[22m^[[39m
verify	Run pnpm test	2026-10-08T02:43:59.0266410Z  ^[[32m✓^[[39m tests/table-direction-view.test.ts ^[[2m(^[[22m^[[2m9 tests^[[22m^[[2m)^[[22m^[[32m 295^[[2mms^[[22m^[[39m
verify	Run pnpm test	2026-10-08T02:43:59.0624196Z  ^[[32m✓^[[39m tests/node-move-direction.test.ts ^[[2m(^[[22m^[[2m11 tests^[[22m^[[2m)^[[22m^[[32m 64^[[2mms^[[22m^[[39m
verify	Run pnpm test	2026-10-08T02:43:59.4946695Z  ^[[32m✓^[[39m tests/html-comments.test.ts ^[[2m(^[[22m^[[2m27 tests^[[22m^[[2m)^[[22m^[[32m 119^[[2mms^[[22m^[[39m
verify	Run pnpm test	2026-10-08T02:43:59.8767425Z  ^[[32m✓^[[39m tests/markdown-tex-tables.test.ts ^[[2m(^[[22m^[[2m16 tests^[[22m^[[2m)^[[22m^[[32m 36^[[2mms^[[22m^[[39m
verify	Run pnpm test	2026-10-08T02:44:00.2965999Z  ^[[32m✓^[[39m tests/definition-list-editing.test.ts ^[[2m(^[[22m^[[2m13 tests^[[22m^[[2m)^[[22m^[[32m 194^[[2mms^[[22m^[[39m
verify	Run pnpm test	2026-10-08T02:44:00.3627177Z  ^[[32m✓^[[39m tests/definition-lists.test.ts ^[[2m(^[[22m^[[2m10 tests^[[22m^[[2m)^[[22m^[[32m 66^[[2mms^[[22m^[[39m
verify	Run pnpm test	2026-10-08T02:44:00.6692688Z  ^[[32m✓^[[39m tests/clipboard-history.test.ts ^[[2m(^[[22m^[[2m3 tests^[[22m^[[2m)^[[22m^[[33m 309^[[2mms^[[22m^[[39m
verify	Run pnpm test	2026-10-08T02:44:00.7254181Z  ^[[32m✓^[[39m tests/selection-no-text.test.ts ^[[2m(^[[22m^[[2m9 tests^[[22m^[[2m)^[[22m^[[32m 44^[[2mms^[[22m^[[39m
verify	Run pnpm test	2026-10-08T02:44:01.0658401Z  ^[[32m✓^[[39m tests/server-html-selectors.test.ts ^[[2m(^[[22m^[[2m3 tests^[[22m^[[2m)^[[22m^[[32m 297^[[2mms^[[22m^[[39m
verify	Run pnpm test	2026-10-08T02:44:01.2059130Z  ^[[32m✓^[[39m tests/markdown-flow-tasks.test.ts ^[[2m(^[[22m^[[2m17 tests^[[22m^[[2m)^[[22m^[[32m 152^[[2mms^[[22m^[[39m
verify	Run pnpm test	2026-10-08T02:44:01.2622147Z  ^[[32m✓^[[39m tests/markdown-tex.test.ts ^[[2m(^[[22m^[[2m24 tests^[[22m^[[2m)^[[22m^[[32m 156^[[2mms^[[22m^[[39m
verify	Run pnpm test	2026-10-08T02:44:01.7157198Z  ^[[32m✓^[[39m tests/content-expression.test.ts ^[[2m(^[[22m^[[2m5 tests^[[22m^[[2m)^[[22m^[[32m 269^[[2mms^[[22m^[[39m
verify	Run pnpm test	2026-10-08T02:44:01.7759389Z  ^[[32m✓^[[39m tests/markdown-flow-inline-nodes.test.ts ^[[2m(^[[22m^[[2m12 tests^[[22m^[[2m)^[[22m^[[32m 132^[[2mms^[[22m^[[39m
verify	Run pnpm test	2026-10-08T02:44:02.2267780Z  ^[[32m✓^[[39m tests/html-containers.test.ts ^[[2m(^[[22m^[[2m15 tests^[[22m^[[2m)^[[22m^[[32m 105^[[2mms^[[22m^[[39m
verify	Run pnpm test	2026-10-08T02:44:03.1690376Z  ^[[32m✓^[[39m tests/code-region-keyboard.test.ts ^[[2m(^[[22m^[[2m7 tests^[[22m^[[2m)^[[22m^[[32m 264^[[2mms^[[22m^[[39m
verify	Run pnpm test	2026-10-08T02:44:03.1935937Z  ^[[32m✓^[[39m tests/angular-lifecycle.test.ts ^[[2m(^[[22m^[[2m3 tests^[[22m^[[2m)^[[22m^[[33m 355^[[2mms^[[22m^[[39m
verify	Run pnpm test	2026-10-08T02:44:03.6907191Z  ^[[32m✓^[[39m tests/node-view-context.test.ts ^[[2m(^[[22m^[[2m5 tests^[[22m^[[2m)^[[22m^[[32m 197^[[2mms^[[22m^[[39m
verify	Run pnpm test	2026-10-08T02:44:04.0240838Z  ^[[32m✓^[[39m tests/mathjax-docx.test.ts ^[[2m(^[[22m^[[2m28 tests^[[22m^[[2m)^[[22m^[[33m 381^[[2mms^[[22m^[[39m
verify	Run pnpm test	2026-10-08T02:44:04.2817242Z  ^[[32m✓^[[39m tests/stream-text-point.test.ts ^[[2m(^[[22m^[[2m4 tests^[[22m^[[2m)^[[22m^[[32m 276^[[2mms^[[22m^[[39m
verify	Run pnpm test	2026-10-08T02:44:04.5231999Z  ^[[32m✓^[[39m tests/docx-table-headers.test.ts ^[[2m(^[[22m^[[2m11 tests^[[22m^[[2m)^[[22m^[[32m 145^[[2mms^[[22m^[[39m
verify	Run pnpm test	2026-10-08T02:44:04.7398215Z  ^[[32m✓^[[39m tests/paragraph-layout.test.ts ^[[2m(^[[22m^[[2m4 tests^[[22m^[[2m)^[[22m^[[32m 151^[[2mms^[[22m^[[39m
verify	Run pnpm test	2026-10-08T02:44:04.8177078Z  ^[[32m✓^[[39m tests/docx-fonts.test.ts ^[[2m(^[[22m^[[2m15 tests^[[22m^[[2m)^[[22m^[[32m 126^[[2mms^[[22m^[[39m
verify	Run pnpm test	2026-10-08T02:44:04.9646663Z  ^[[32m✓^[[39m tests/markdown-structural-flow.test.ts ^[[2m(^[[22m^[[2m9 tests^[[22m^[[2m)^[[22m^[[32m 81^[[2mms^[[22m^[[39m
verify	Run pnpm test	2026-10-08T02:44:05.3855003Z  ^[[32m✓^[[39m tests/release.test.ts ^[[2m(^[[22m^[[2m10 tests^[[22m^[[2m)^[[22m^[[32m 244^[[2mms^[[22m^[[39m
verify	Run pnpm test	2026-10-08T02:44:06.3314061Z  ^[[32m✓^[[39m tests/text-direction-dom.test.ts ^[[2m(^[[22m^[[2m6 tests^[[22m^[[2m)^[[22m^[[33m 384^[[2mms^[[22m^[[39m
verify	Run pnpm test	2026-10-08T02:44:06.3637248Z  ^[[32m✓^[[39m tests/web-component-forms.test.ts ^[[2m(^[[22m^[[2m8 tests^[[22m^[[2m)^[[22m^[[32m 271^[[2mms^[[22m^[[39m
verify	Run pnpm test	2026-10-08T02:44:06.7782695Z  ^[[32m✓^[[39m tests/markdown-emphasis-runs.test.ts ^[[2m(^[[22m^[[2m18 tests^[[22m^[[2m)^[[22m^[[32m 81^[[2mms^[[22m^[[39m
verify	Run pnpm test	2026-10-08T02:44:06.9366312Z  ^[[32m✓^[[39m tests/html-table-caption.test.ts ^[[2m(^[[22m^[[2m10 tests^[[22m^[[2m)^[[22m^[[32m 253^[[2mms^[[22m^[[39m
verify	Run pnpm test	2026-10-08T02:44:07.1827781Z  ^[[32m✓^[[39m tests/headless-core.test.ts ^[[2m(^[[22m^[[2m3 tests^[[22m^[[2m)^[[22m^[[32m 40^[[2mms^[[22m^[[39m
verify	Run pnpm test	2026-10-08T02:44:07.3825730Z  ^[[32m✓^[[39m tests/markdown-html-incomplete-source.test.ts ^[[2m(^[[22m^[[2m17 tests^[[22m^[[2m)^[[22m^[[32m 101^[[2mms^[[22m^[[39m
verify	Run pnpm test	2026-10-08T02:44:07.7356763Z  ^[[32m✓^[[39m tests/conversion-lab.test.ts ^[[2m(^[[22m^[[2m13 tests^[[22m^[[2m)^[[22m^[[32m 142^[[2mms^[[22m^[[39m
verify	Run pnpm test	2026-10-08T02:44:07.7607525Z  ^[[32m✓^[[39m tests/pages-presentation.test.ts ^[[2m(^[[22m^[[2m3 tests^[[22m^[[2m)^[[22m^[[32m 27^[[2mms^[[22m^[[39m
verify	Run pnpm test	2026-10-08T02:44:07.7770763Z  ^[[32m✓^[[39m tests/floating-menu.test.ts ^[[2m(^[[22m^[[2m4 tests^[[22m^[[2m)^[[22m^[[32m 57^[[2mms^[[22m^[[39m
verify	Run pnpm test	2026-10-08T02:44:08.1467150Z  ^[[32m✓^[[39m tests/table-of-contents.test.ts ^[[2m(^[[22m^[[2m4 tests^[[22m^[[2m)^[[22m^[[32m 19^[[2mms^[[22m^[[39m
verify	Run pnpm test	2026-10-08T02:44:08.2323832Z  ^[[32m✓^[[39m tests/docx-cell-shading.test.ts ^[[2m(^[[22m^[[2m9 tests^[[22m^[[2m)^[[22m^[[32m 111^[[2mms^[[22m^[[39m
verify	Run pnpm test	2026-10-08T02:44:08.5996301Z  ^[[32m✓^[[39m tests/markdown-text-newlines.test.ts ^[[2m(^[[22m^[[2m19 tests^[[22m^[[2m)^[[22m^[[32m 74^[[2mms^[[22m^[[39m
verify	Run pnpm test	2026-10-08T02:44:08.8247601Z  ^[[32m✓^[[39m tests/markdown-combination-retention.test.ts ^[[2m(^[[22m^[[2m41 tests^[[22m^[[2m)^[[22m^[[32m 253^[[2mms^[[22m^[[39m
verify	Run pnpm test	2026-10-08T02:44:09.2724941Z  ^[[32m✓^[[39m tests/markdown-flow-custom-wrappers.test.ts ^[[2m(^[[22m^[[2m7 tests^[[22m^[[2m)^[[22m^[[32m 91^[[2mms^[[22m^[[39m
verify	Run pnpm test	2026-10-08T02:44:09.2856422Z ^[[90mstderr^[[2m | tests/react-widgets.test.tsx
verify	Run pnpm test	2026-10-08T02:44:09.2857856Z  ^[[32m✓^[[39m tests/react-widgets.test.tsx ^[[2m(^[[22m^[[2m2 tests^[[22m^[[2m)^[[22m^[[32m 230^[[2mms^[[22m^[[39m
verify	Run pnpm test	2026-10-08T02:44:09.2884278Z ^[[22m^[[39mAn update to Root inside a test was not wrapped in act(...).
verify	Run pnpm test	2026-10-08T02:44:09.2900778Z 
verify	Run pnpm test	2026-10-08T02:44:09.2902048Z When testing, code that causes React state updates should be wrapped into act(...):
verify	Run pnpm test	2026-10-08T02:44:09.2903108Z 
verify	Run pnpm test	2026-10-08T02:44:09.2903629Z act(() => {
verify	Run pnpm test	2026-10-08T02:44:09.2904484Z   /* fire events that update state */
verify	Run pnpm test	2026-10-08T02:44:09.2905501Z });
verify	Run pnpm test	2026-10-08T02:44:09.2906182Z /* assert on the output */
verify	Run pnpm test	2026-10-08T02:44:09.2906646Z 
verify	Run pnpm test	2026-10-08T02:44:09.2907914Z This ensures that you're testing the behavior the user would see in the browser. Learn more at https://react.dev/link/wrap-tests-with-act
verify	Run pnpm test	2026-10-08T02:44:09.2909129Z 
verify	Run pnpm test	2026-10-08T02:44:09.9657450Z  ^[[32m✓^[[39m tests/html-page-settings.test.ts ^[[2m(^[[22m^[[2m18 tests^[[22m^[[2m)^[[22m^[[32m 88^[[2mms^[[22m^[[39m
verify	Run pnpm test	2026-10-08T02:44:10.2857325Z  ^[[32m✓^[[39m tests/table-row-repetition.test.ts ^[[2m(^[[22m^[[2m13 tests^[[22m^[[2m)^[[22m^[[33m 344^[[2mms^[[22m^[[39m
verify	Run pnpm test	2026-10-08T02:44:11.0081377Z  ^[[32m✓^[[39m tests/table-layout.test.ts ^[[2m(^[[22m^[[2m7 tests^[[22m^[[2m)^[[22m^[[33m 363^[[2mms^[[22m^[[39m
verify	Run pnpm test	2026-10-08T02:44:11.4267504Z  ^[[32m✓^[[39m tests/html-structural-direction-report.test.ts ^[[2m(^[[22m^[[2m10 tests^[[22m^[[2m)^[[22m^[[32m 42^[[2mms^[[22m^[[39m
verify	Run pnpm test	2026-10-08T02:44:11.4832836Z  ^[[32m✓^[[39m tests/svelte-action.test.ts ^[[2m(^[[22m^[[2m3 tests^[[22m^[[2m)^[[22m^[[32m 248^[[2mms^[[22m^[[39m
verify	Run pnpm test	2026-10-08T02:44:11.8807244Z  ^[[32m✓^[[39m tests/node-size-sharing.test.ts ^[[2m(^[[22m^[[2m6 tests^[[22m^[[2m)^[[22m^[[32m 43^[[2mms^[[22m^[[39m
verify	Run pnpm test	2026-10-08T02:44:11.9528717Z  ^[[32m✓^[[39m tests/react-versions.test.tsx ^[[2m(^[[22m^[[2m1 test^[[22m^[[2m)^[[22m^[[32m 187^[[2mms^[[22m^[[39m
verify	Run pnpm test	2026-10-08T02:44:13.1167593Z  ^[[32m✓^[[39m tests/html-block-mark-inheritance.test.ts ^[[2m(^[[22m^[[2m22 tests^[[22m^[[2m)^[[22m^[[33m 325^[[2mms^[[22m^[[39m
verify	Run pnpm test	2026-10-08T02:44:13.3598155Z  ^[[32m✓^[[39m tests/react-floating-menu.test.tsx ^[[2m(^[[22m^[[2m1 test^[[22m^[[2m)^[[22m^[[32m 283^[[2mms^[[22m^[[39m
verify	Run pnpm test	2026-10-08T02:44:13.5028450Z  ^[[32m✓^[[39m tests/react-comments.test.tsx ^[[2m(^[[22m^[[2m1 test^[[22m^[[2m)^[[22m^[[32m 143^[[2mms^[[22m^[[39m
verify	Run pnpm test	2026-10-08T02:44:13.5653740Z  ^[[32m✓^[[39m tests/markdown-autolink-policy.test.ts ^[[2m(^[[22m^[[2m15 tests^[[22m^[[2m)^[[22m^[[32m 66^[[2mms^[[22m^[[39m
verify	Run pnpm test	2026-10-08T02:44:13.9670546Z  ^[[32m✓^[[39m tests/markdown-tables-gfm.test.ts ^[[2m(^[[22m^[[2m11 tests^[[22m^[[2m)^[[22m^[[32m 55^[[2mms^[[22m^[[39m
verify	Run pnpm test	2026-10-08T02:44:15.0867216Z  ^[[32m✓^[[39m tests/table-background.test.ts ^[[2m(^[[22m^[[2m3 tests^[[22m^[[2m)^[[22m^[[33m 390^[[2mms^[[22m^[[39m
verify	Run pnpm test	2026-10-08T02:44:15.1942662Z  ^[[32m✓^[[39m tests/html-flow-browser.test.ts ^[[2m(^[[22m^[[2m16 tests^[[22m^[[2m)^[[22m^[[33m 478^[[2mms^[[22m^[[39m
verify	Run pnpm test	2026-10-08T02:44:15.4539629Z  ^[[32m✓^[[39m tests/html-inherited-alignment.test.ts ^[[2m(^[[22m^[[2m9 tests^[[22m^[[2m)^[[22m^[[32m 177^[[2mms^[[22m^[[39m
verify	Run pnpm test	2026-10-08T02:44:15.6220044Z  ^[[32m✓^[[39m tests/docx-explicit-emphasis.test.ts ^[[2m(^[[22m^[[2m5 tests^[[22m^[[2m)^[[22m^[[32m 82^[[2mms^[[22m^[[39m
verify	Run pnpm test	2026-10-08T02:44:16.0748751Z  ^[[32m✓^[[39m tests/markdown-html-lexical.test.ts ^[[2m(^[[22m^[[2m37 tests^[[22m^[[2m)^[[22m^[[32m 88^[[2mms^[[22m^[[39m
verify	Run pnpm test	2026-10-08T02:44:16.4789789Z  ^[[32m✓^[[39m tests/document-replacement.test.ts ^[[2m(^[[22m^[[2m5 tests^[[22m^[[2m)^[[22m^[[32m 19^[[2mms^[[22m^[[39m
verify	Run pnpm test	2026-10-08T02:44:16.6211034Z  ^[[32m✓^[[39m tests/react-lifecycle.test.tsx ^[[2m(^[[22m^[[2m2 tests^[[22m^[[2m)^[[22m^[[32m 282^[[2mms^[[22m^[[39m
verify	Run pnpm test	2026-10-08T02:44:17.0387100Z  ^[[32m✓^[[39m tests/table-preferred-width.test.ts ^[[2m(^[[22m^[[2m15 tests^[[22m^[[2m)^[[22m^[[33m 332^[[2mms^[[22m^[[39m
verify	Run pnpm test	2026-10-08T02:44:17.0866081Z  ^[[32m✓^[[39m tests/auto-container-direction.test.ts ^[[2m(^[[22m^[[2m3 tests^[[22m^[[2m)^[[22m^[[32m 50^[[2mms^[[22m^[[39m
verify	Run pnpm test	2026-10-08T02:44:17.4467285Z  ^[[32m✓^[[39m tests/virtual-layout.test.ts ^[[2m(^[[22m^[[2m4 tests^[[22m^[[2m)^[[22m^[[33m 587^[[2mms^[[22m^[[39m
verify	Run pnpm test	2026-10-08T02:44:17.4476785Z    ^[[32m✓^[[39m virtual block layout ^[[2m(4)^[[22m
verify	Run pnpm test	2026-10-08T02:44:17.4506656Z      ^[[33m^[[2m✓^[[22m^[[39m plans a small visible window plus distant selection islands^[[33m 582^[[2mms^[[22m^[[39m
verify	Run pnpm test	2026-10-08T02:44:17.5462214Z  ^[[32m✓^[[39m tests/html-empty-paragraph.test.ts ^[[2m(^[[22m^[[2m12 tests^[[22m^[[2m)^[[22m^[[32m 76^[[2mms^[[22m^[[39m
verify	Run pnpm test	2026-10-08T02:44:17.9875831Z  ^[[32m✓^[[39m tests/markdown-flow-code-endings.test.ts ^[[2m(^[[22m^[[2m16 tests^[[22m^[[2m)^[[22m^[[32m 93^[[2mms^[[22m^[[39m
verify	Run pnpm test	2026-10-08T02:44:18.5213458Z  ^[[32m✓^[[39m tests/html-containers-browser.test.ts ^[[2m(^[[22m^[[2m7 tests^[[22m^[[2m)^[[22m^[[32m 220^[[2mms^[[22m^[[39m
verify	Run pnpm test	2026-10-08T02:44:18.9069385Z  ^[[32m✓^[[39m tests/react-ai-conversation.test.tsx ^[[2m(^[[22m^[[2m1 test^[[22m^[[2m)^[[22m^[[32m 94^[[2mms^[[22m^[[39m
verify	Run pnpm test	2026-10-08T02:44:19.6423527Z  ^[[32m✓^[[39m tests/html-comment-workshop.test.tsx ^[[2m(^[[22m^[[2m1 test^[[22m^[[2m)^[[22m^[[33m 331^[[2mms^[[22m^[[39m
verify	Run pnpm test	2026-10-08T02:44:19.6435688Z    ^[[32m✓^[[39m HTML comment reader snapshot lifecycle ^[[2m(1)^[[22m
verify	Run pnpm test	2026-10-08T02:44:19.6437676Z      ^[[33m^[[2m✓^[[22m^[[39m replaces changed snapshots without navigating a retired iframe, but keeps unchanged snapshots mounted^[[33m 329^[[2mms^[[22m^[[39m
verify	Run pnpm test	2026-10-08T02:44:20.0201269Z  ^[[32m✓^[[39m tests/extension-scaffold.test.ts ^[[2m(^[[22m^[[2m2 tests^[[22m^[[2m)^[[22m^[[32m 238^[[2mms^[[22m^[[39m
verify	Run pnpm test	2026-10-08T02:44:20.0392937Z  ^[[32m✓^[[39m tests/view-native-selection.test.ts ^[[2m(^[[22m^[[2m4 tests^[[22m^[[2m)^[[22m^[[32m 199^[[2mms^[[22m^[[39m
verify	Run pnpm test	2026-10-08T02:44:20.4139751Z  ^[[32m✓^[[39m tests/markdown-literal-export.test.ts ^[[2m(^[[22m^[[2m15 tests^[[22m^[[2m)^[[22m^[[32m 43^[[2mms^[[22m^[[39m
verify	Run pnpm test	2026-10-08T02:44:20.5169067Z  ^[[32m✓^[[39m tests/widgets-yjs.test.ts ^[[2m(^[[22m^[[2m1 test^[[22m^[[2m)^[[22m^[[32m 46^[[2mms^[[22m^[[39m
verify	Run pnpm test	2026-10-08T02:44:20.5387368Z  ^[[32m✓^[[39m tests/html-comments-browser.test.ts ^[[2m(^[[22m^[[2m7 tests^[[22m^[[2m)^[[22m^[[32m 271^[[2mms^[[22m^[[39m
verify	Run pnpm test	2026-10-08T02:44:20.8496023Z  ^[[32m✓^[[39m tests/math-document-files.test.ts ^[[2m(^[[22m^[[2m9 tests^[[22m^[[2m)^[[22m^[[32m 19^[[2mms^[[22m^[[39m
verify	Run pnpm test	2026-10-08T02:44:20.9387901Z  ^[[32m✓^[[39m tests/node-ids-yjs.test.ts ^[[2m(^[[22m^[[2m1 test^[[22m^[[2m)^[[22m^[[32m 40^[[2mms^[[22m^[[39m
verify	Run pnpm test	2026-10-08T02:44:21.2426705Z  ^[[32m✓^[[39m tests/math-expression.test.ts ^[[2m(^[[22m^[[2m16 tests^[[22m^[[2m)^[[22m^[[32m 11^[[2mms^[[22m^[[39m
verify	Run pnpm test	2026-10-08T02:44:21.8361606Z  ^[[32m✓^[[39m tests/react-ai-generated-media.test.tsx ^[[2m(^[[22m^[[2m1 test^[[22m^[[2m)^[[22m^[[32m 136^[[2mms^[[22m^[[39m
verify	Run pnpm test	2026-10-08T02:44:22.1837720Z ^[[90mstderr^[[2m | tests/react-tracked-changes.test.tsx^[[2m > ^[[22m^[[2mFountainTrackedChanges^[[2m > ^[[22m^[[2mshows full review information and drives selection, discussion, and decisions
verify	Run pnpm test	2026-10-08T02:44:22.1840600Z ^[[22m^[[39mThe current testing environment is not configured to support act(...)
verify	Run pnpm test	2026-10-08T02:44:22.1841577Z 
verify	Run pnpm test	2026-10-08T02:44:22.2389853Z ^[[90mstderr^[[2m | tests/react-tracked-changes.test.tsx^[[2m > ^[[22m^[[2mFountainTrackedChanges^[[2m > ^[[22m^[[2mshows full review information and drives selection, discussion, and decisions
verify	Run pnpm test	2026-10-08T02:44:22.2394798Z ^[[22m^[[39mThe current testing environment is not configured to support act(...)
verify	Run pnpm test	2026-10-08T02:44:22.2396192Z 
verify	Run pnpm test	2026-10-08T02:44:22.2504749Z ^[[90mstderr^[[2m | tests/react-tracked-changes.test.tsx^[[2m > ^[[22m^[[2mFountainTrackedChanges^[[2m > ^[[22m^[[2mshows full review information and drives selection, discussion, and decisions
verify	Run pnpm test	2026-10-08T02:44:22.2507451Z ^[[22m^[[39mThe current testing environment is not configured to support act(...)
verify	Run pnpm test	2026-10-08T02:44:22.2508445Z 
verify	Run pnpm test	2026-10-08T02:44:22.2581818Z ^[[90mstderr^[[2m | tests/react-tracked-changes.test.tsx^[[2m > ^[[22m^[[2mFountainTrackedChanges^[[2m > ^[[22m^[[2mshows full review information and drives selection, discussion, and decisions
verify	Run pnpm test	2026-10-08T02:44:22.2596715Z ^[[22m^[[39mThe current testing environment is not configured to support act(...)
verify	Run pnpm test	2026-10-08T02:44:22.2598584Z 
verify	Run pnpm test	2026-10-08T02:44:22.2687597Z ^[[90mstderr^[[2m | tests/react-tracked-changes.test.tsx^[[2m > ^[[22m^[[2mFountainTrackedChanges^[[2m > ^[[22m^[[2mshows full review information and drives selection, discussion, and decisions
verify	Run pnpm test	2026-10-08T02:44:22.2704186Z ^[[22m^[[39mThe current testing environment is not configured to support act(...)
verify	Run pnpm test	2026-10-08T02:44:22.2716252Z The current testing environment is not configured to support act(...)
verify	Run pnpm test	2026-10-08T02:44:22.2745691Z 
verify	Run pnpm test	2026-10-08T02:44:22.2746592Z  ^[[32m✓^[[39m tests/react-tracked-changes.test.tsx ^[[2m(^[[22m^[[2m1 test^[[22m^[[2m)^[[22m^[[32m 117^[[2mms^[[22m^[[39m
verify	Run pnpm test	2026-10-08T02:44:22.2787351Z ^[[90mstderr^[[2m | tests/react-tracked-changes.test.tsx^[[2m > ^[[22m^[[2mFountainTrackedChanges^[[2m > ^[[22m^[[2mshows full review information and drives selection, discussion, and decisions
verify	Run pnpm test	2026-10-08T02:44:22.2789473Z ^[[22m^[[39mThe current testing environment is not configured to support act(...)
verify	Run pnpm test	2026-10-08T02:44:22.2790189Z 
verify	Run pnpm test	2026-10-08T02:44:22.2792071Z ^[[90mstderr^[[2m | tests/react-tracked-changes.test.tsx^[[2m > ^[[22m^[[2mFountainTrackedChanges^[[2m > ^[[22m^[[2mshows full review information and drives selection, discussion, and decisions
verify	Run pnpm test	2026-10-08T02:44:22.2793991Z ^[[22m^[[39mThe current testing environment is not configured to support act(...)
verify	Run pnpm test	2026-10-08T02:44:22.2794681Z 
verify	Run pnpm test	2026-10-08T02:44:22.3267823Z  ^[[32m✓^[[39m tests/markdown-code-labels.test.ts ^[[2m(^[[22m^[[2m20 tests^[[22m^[[2m)^[[22m^[[32m 74^[[2mms^[[22m^[[39m
verify	Run pnpm test	2026-10-08T02:44:22.5931944Z ^[[90mstderr^[[2m | tests/react-ai-review.test.tsx^[[2m > ^[[22m^[[2mFountainAIReview streaming UI^[[2m > ^[[22m^[[2mshows partial output and a stop action, then enables review only after completion
verify	Run pnpm test	2026-10-08T02:44:22.5946584Z ^[[22m^[[39mAn update to FountainAIReview inside a test was not wrapped in act(...).
verify	Run pnpm test	2026-10-08T02:44:22.5975697Z 
verify	Run pnpm test	2026-10-08T02:44:22.5976692Z When testing, code that causes React state updates should be wrapped into act(...):
verify	Run pnpm test	2026-10-08T02:44:22.6005567Z 
verify	Run pnpm test	2026-10-08T02:44:22.6035933Z act(() => {
verify	Run pnpm test	2026-10-08T02:44:22.6065782Z   /* fire events that update state */
verify	Run pnpm test	2026-10-08T02:44:22.6066495Z });
verify	Run pnpm test	2026-10-08T02:44:22.6095960Z /* assert on the output */
verify	Run pnpm test	2026-10-08T02:44:22.6125463Z 
verify	Run pnpm test	2026-10-08T02:44:22.6127951Z This ensures that you're testing the behavior the user would see in the browser. Learn more at https://react.dev/link/wrap-tests-with-act
verify	Run pnpm test	2026-10-08T02:44:22.6140471Z An update to FountainAIReview inside a test was not wrapped in act(...).
verify	Run pnpm test	2026-10-08T02:44:22.6195841Z 
verify	Run pnpm test	2026-10-08T02:44:22.6211254Z When testing, code that causes React state updates should be wrapped into act(...):
verify	Run pnpm test	2026-10-08T02:44:22.6212273Z 
verify	Run pnpm test	2026-10-08T02:44:22.6212707Z act(() => {
verify	Run pnpm test	2026-10-08T02:44:22.6213431Z   /* fire events that update state */
verify	Run pnpm test	2026-10-08T02:44:22.6214191Z });
verify	Run pnpm test	2026-10-08T02:44:22.6214880Z /* assert on the output */
verify	Run pnpm test	2026-10-08T02:44:22.6215734Z 
verify	Run pnpm test	2026-10-08T02:44:22.6217043Z This ensures that you're testing the behavior the user would see in the browser. Learn more at https://react.dev/link/wrap-tests-with-act
verify	Run pnpm test	2026-10-08T02:44:22.6218726Z 
verify	Run pnpm test	2026-10-08T02:44:22.6368304Z  ^[[32m✓^[[39m tests/react-ai-review.test.tsx ^[[2m(^[[22m^[[2m1 test^[[22m^[[2m)^[[22m^[[32m 91^[[2mms^[[22m^[[39m
verify	Run pnpm test	2026-10-08T02:44:22.7100121Z  ^[[32m✓^[[39m tests/issue-markdown-tables.test.ts ^[[2m(^[[22m^[[2m8 tests^[[22m^[[2m)^[[22m^[[32m 71^[[2mms^[[22m^[[39m
verify	Run pnpm test	2026-10-08T02:44:22.7104959Z  ^[[32m✓^[[39m tests/text-style-node.test.ts ^[[2m(^[[22m^[[2m2 tests^[[22m^[[2m)^[[22m^[[32m 30^[[2mms^[[22m^[[39m
verify	Run pnpm test	2026-10-08T02:44:23.0167355Z  ^[[32m✓^[[39m tests/text-boundary-mapping.test.ts ^[[2m(^[[22m^[[2m6 tests^[[22m^[[2m)^[[22m^[[32m 10^[[2mms^[[22m^[[39m
verify	Run pnpm test	2026-10-08T02:44:23.1075536Z  ^[[32m✓^[[39m tests/html-inherited-alignment-node.test.ts ^[[2m(^[[22m^[[2m2 tests^[[22m^[[2m)^[[22m^[[32m 38^[[2mms^[[22m^[[39m
verify	Run pnpm test	2026-10-08T02:44:24.1267533Z  ^[[32m✓^[[39m tests/html-code-language.test.ts ^[[2m(^[[22m^[[2m13 tests^[[22m^[[2m)^[[22m^[[32m 124^[[2mms^[[22m^[[39m
verify	Run pnpm test	2026-10-08T02:44:24.4238514Z  ^[[32m✓^[[39m tests/stable-document-guard.test.ts ^[[2m(^[[22m^[[2m4 tests^[[22m^[[2m)^[[22m^[[32m 8^[[2mms^[[22m^[[39m
verify	Run pnpm test	2026-10-08T02:44:24.4561862Z  ^[[32m✓^[[39m tests/emoji-data.test.ts ^[[2m(^[[22m^[[2m2 tests^[[22m^[[2m)^[[22m^[[32m 19^[[2mms^[[22m^[[39m
verify	Run pnpm test	2026-10-08T02:44:24.4957538Z  ^[[32m✓^[[39m tests/html-page-settings-browser.test.ts ^[[2m(^[[22m^[[2m6 tests^[[22m^[[2m)^[[22m^[[32m 113^[[2mms^[[22m^[[39m
verify	Run pnpm test	2026-10-08T02:44:24.8168323Z  ^[[32m✓^[[39m tests/markdown-url-destinations.test.ts ^[[2m(^[[22m^[[2m3 tests^[[22m^[[2m)^[[22m^[[32m 83^[[2mms^[[22m^[[39m
verify	Run pnpm test	2026-10-08T02:44:25.0993343Z  ^[[32m✓^[[39m tests/svelte-ssr.test.ts ^[[2m(^[[22m^[[2m1 test^[[22m^[[2m)^[[22m^[[32m 75^[[2mms^[[22m^[[39m
verify	Run pnpm test	2026-10-08T02:44:25.2175638Z ^[[90mstdout^[[2m | tests/angular-ssr.test.ts^[[2m > ^[[22m^[[2mkeeps the Angular editor inert during real Angular server rendering
verify	Run pnpm test	2026-10-08T02:44:25.2182915Z ^[[22m^[[39mAngular is running in development mode.
verify	Run pnpm test	2026-10-08T02:44:25.2183611Z 
verify	Run pnpm test	2026-10-08T02:44:25.2332677Z  ^[[32m✓^[[39m tests/angular-ssr.test.ts ^[[2m(^[[22m^[[2m1 test^[[22m^[[2m)^[[22m^[[32m 85^[[2mms^[[22m^[[39m
verify	Run pnpm test	2026-10-08T02:44:25.2651014Z  ^[[32m✓^[[39m tests/vue-ssr.test.ts ^[[2m(^[[22m^[[2m1 test^[[22m^[[2m)^[[22m^[[32m 11^[[2mms^[[22m^[[39m
verify	Run pnpm test	2026-10-08T02:44:25.3979575Z  ^[[32m✓^[[39m examples/extensions/callout-extension.test.ts ^[[2m(^[[22m^[[2m1 test^[[22m^[[2m)^[[22m^[[32m 16^[[2mms^[[22m^[[39m
verify	Run pnpm test	2026-10-08T02:44:25.4061253Z 
verify	Run pnpm test	2026-10-08T02:44:25.4071843Z ^[[2m Test Files ^[[22m ^[[1m^[[32m212 passed^[[39m^[[22m^[[90m (212)^[[39m
verify	Run pnpm test	2026-10-08T02:44:25.4088996Z ^[[2m      Tests ^[[22m ^[[1m^[[32m2808 passed^[[39m^[[22m^[[90m (2808)^[[39m
verify	Run pnpm test	2026-10-08T02:44:25.4089789Z ^[[2m   Start at ^[[22m 02:43:12
verify	Run pnpm test	2026-10-08T02:44:25.4098512Z ^[[2m   Duration ^[[22m 73.04s^[[2m (environment 40%, tests 29%, import 24%, transform 7%, worker 1%)^[[22m
verify	Run pnpm test	2026-10-08T02:44:25.4117584Z 
verify	Run pnpm test	2026-10-08T02:44:25.4118699Z ^[[2m    Isolate ^[[22m ^[[33m212 workers spawned^[[39m^[[2m · ~490ms startup each (spawn + environment, per file)^[[22m
verify	Run pnpm test	2026-10-08T02:44:25.4119968Z ^[[2m            ^[[22m ^[[2mat least ~34.14s faster with ^[[22m^[[33misolate: false^[[39m^[[2m — reuses workers across files instead of one per file^[[22m
verify	Run pnpm test	2026-10-08T02:44:25.4120558Z 
verify	Run pnpm dlx publint@0.3.24	﻿2026-10-08T02:44:25.4931539Z ##[group]Run pnpm dlx publint@0.3.24
verify	Run pnpm dlx publint@0.3.24	2026-10-08T02:44:25.4931912Z ^[[36;1mpnpm dlx publint@0.3.24^[[0m
verify	Run pnpm dlx publint@0.3.24	2026-10-08T02:44:25.4993600Z shell: /usr/bin/bash -e {0}
verify	Run pnpm dlx publint@0.3.24	2026-10-08T02:44:25.4993866Z env:
verify	Run pnpm dlx publint@0.3.24	2026-10-08T02:44:25.4994295Z   PNPM_HOME: /home/runner/setup-pnpm/node_modules/.bin
verify	Run pnpm dlx publint@0.3.24	2026-10-08T02:44:25.4994709Z   pythonLocation: /opt/hostedtoolcache/Python/3.13.16/x64
verify	Run pnpm dlx publint@0.3.24	2026-10-08T02:44:25.4995453Z   PKG_CONFIG_PATH: /opt/hostedtoolcache/Python/3.13.16/x64/lib/pkgconfig
verify	Run pnpm dlx publint@0.3.24	2026-10-08T02:44:25.4996013Z   Python_ROOT_DIR: /opt/hostedtoolcache/Python/3.13.16/x64
verify	Run pnpm dlx publint@0.3.24	2026-10-08T02:44:25.4996451Z   Python2_ROOT_DIR: /opt/hostedtoolcache/Python/3.13.16/x64
verify	Run pnpm dlx publint@0.3.24	2026-10-08T02:44:25.4996890Z   Python3_ROOT_DIR: /opt/hostedtoolcache/Python/3.13.16/x64
verify	Run pnpm dlx publint@0.3.24	2026-10-08T02:44:25.4997327Z   LD_LIBRARY_PATH: /opt/hostedtoolcache/Python/3.13.16/x64/lib
verify	Run pnpm dlx publint@0.3.24	2026-10-08T02:44:25.4997701Z ##[endgroup]
verify	Run pnpm dlx publint@0.3.24	2026-10-08T02:44:26.0961186Z Progress: resolved 1, reused 0, downloaded 0, added 0
verify	Run pnpm dlx publint@0.3.24	2026-10-08T02:44:26.2020560Z Packages: +7
verify	Run pnpm dlx publint@0.3.24	2026-10-08T02:44:26.2020990Z +++++++
verify	Run pnpm dlx publint@0.3.24	2026-10-08T02:44:26.2661218Z Progress: resolved 7, reused 3, downloaded 4, added 7, done
verify	Run pnpm dlx publint@0.3.24	2026-10-08T02:44:26.3598898Z Running ^[[1mpublint v0.3.24^[[22m for ^[[1mfountainjs-editor^[[22m...
verify	Run pnpm dlx publint@0.3.24	2026-10-08T02:44:26.3631015Z Packing files with `pnpm pack`...
verify	Run pnpm dlx publint@0.3.24	2026-10-08T02:44:27.7157283Z Linting...
verify	Run pnpm dlx publint@0.3.24	2026-10-08T02:44:27.8259101Z ^[[1m^[[32mAll good!^[[39m^[[22m
verify	Run pnpm dlx @arethetypeswrong/cli@0.18.5 --pack . --entrypoints . ./core ./ai/document-tools ./ai/conversation ./ai/generated-media ./docx ./document-utilities ./emoji-data ./react ./vue ./svelte ./yjs ./comments ./react/comments ./tracked-changes ./react/tracked-changes ./versions ./react/versions ./details ./ruby ./text-style ./testing ./migrations ./node-ids ./structured-attributes ./html/server ./widgets ./widgets/dom ./react/widgets ./pages ./pages/dom ./pages/preview	﻿2026-10-08T02:44:27.8649044Z ##[group]Run pnpm dlx @arethetypeswrong/cli@0.18.5 --pack . --entrypoints . ./core ./ai/document-tools ./ai/conversation ./ai/generated-media ./docx ./document-utilities ./emoji-data ./react ./vue ./svelte ./yjs ./comments ./react/comments ./tracked-changes ./react/tracked-changes ./versions ./react/versions ./details ./ruby ./text-style ./testing ./migrations ./node-ids ./structured-attributes ./html/server ./widgets ./widgets/dom ./react/widgets ./pages ./pages/dom ./pages/preview
verify	Run pnpm dlx @arethetypeswrong/cli@0.18.5 --pack . --entrypoints . ./core ./ai/document-tools ./ai/conversation ./ai/generated-media ./docx ./document-utilities ./emoji-data ./react ./vue ./svelte ./yjs ./comments ./react/comments ./tracked-changes ./react/tracked-changes ./versions ./react/versions ./details ./ruby ./text-style ./testing ./migrations ./node-ids ./structured-attributes ./html/server ./widgets ./widgets/dom ./react/widgets ./pages ./pages/dom ./pages/preview	2026-10-08T02:44:27.8652309Z ^[[36;1mpnpm dlx @arethetypeswrong/cli@0.18.5 --pack . --entrypoints . ./core ./ai/document-tools ./ai/conversation ./ai/generated-media ./docx ./document-utilities ./emoji-data ./react ./vue ./svelte ./yjs ./comments ./react/comments ./tracked-changes ./react/tracked-changes ./versions ./react/versions ./details ./ruby ./text-style ./testing ./migrations ./node-ids ./structured-attributes ./html/server ./widgets ./widgets/dom ./react/widgets ./pages ./pages/dom ./pages/preview^[[0m
verify	Run pnpm dlx @arethetypeswrong/cli@0.18.5 --pack . --entrypoints . ./core ./ai/document-tools ./ai/conversation ./ai/generated-media ./docx ./document-utilities ./emoji-data ./react ./vue ./svelte ./yjs ./comments ./react/comments ./tracked-changes ./react/tracked-changes ./versions ./react/versions ./details ./ruby ./text-style ./testing ./migrations ./node-ids ./structured-attributes ./html/server ./widgets ./widgets/dom ./react/widgets ./pages ./pages/dom ./pages/preview	2026-10-08T02:44:27.8715256Z shell: /usr/bin/bash -e {0}
verify	Run pnpm dlx @arethetypeswrong/cli@0.18.5 --pack . --entrypoints . ./core ./ai/document-tools ./ai/conversation ./ai/generated-media ./docx ./document-utilities ./emoji-data ./react ./vue ./svelte ./yjs ./comments ./react/comments ./tracked-changes ./react/tracked-changes ./versions ./react/versions ./details ./ruby ./text-style ./testing ./migrations ./node-ids ./structured-attributes ./html/server ./widgets ./widgets/dom ./react/widgets ./pages ./pages/dom ./pages/preview	2026-10-08T02:44:27.8715534Z env:
verify	Run pnpm dlx @arethetypeswrong/cli@0.18.5 --pack . --entrypoints . ./core ./ai/document-tools ./ai/conversation ./ai/generated-media ./docx ./document-utilities ./emoji-data ./react ./vue ./svelte ./yjs ./comments ./react/comments ./tracked-changes ./react/tracked-changes ./versions ./react/versions ./details ./ruby ./text-style ./testing ./migrations ./node-ids ./structured-attributes ./html/server ./widgets ./widgets/dom ./react/widgets ./pages ./pages/dom ./pages/preview	2026-10-08T02:44:27.8715799Z   PNPM_HOME: /home/runner/setup-pnpm/node_modules/.bin
verify	Run pnpm dlx @arethetypeswrong/cli@0.18.5 --pack . --entrypoints . ./core ./ai/document-tools ./ai/conversation ./ai/generated-media ./docx ./document-utilities ./emoji-data ./react ./vue ./svelte ./yjs ./comments ./react/comments ./tracked-changes ./react/tracked-changes ./versions ./react/versions ./details ./ruby ./text-style ./testing ./migrations ./node-ids ./structured-attributes ./html/server ./widgets ./widgets/dom ./react/widgets ./pages ./pages/dom ./pages/preview	2026-10-08T02:44:27.8716204Z   pythonLocation: /opt/hostedtoolcache/Python/3.13.16/x64
verify	Run pnpm dlx @arethetypeswrong/cli@0.18.5 --pack . --entrypoints . ./core ./ai/document-tools ./ai/conversation ./ai/generated-media ./docx ./document-utilities ./emoji-data ./react ./vue ./svelte ./yjs ./comments ./react/comments ./tracked-changes ./react/tracked-changes ./versions ./react/versions ./details ./ruby ./text-style ./testing ./migrations ./node-ids ./structured-attributes ./html/server ./widgets ./widgets/dom ./react/widgets ./pages ./pages/dom ./pages/preview	2026-10-08T02:44:27.8716641Z   PKG_CONFIG_PATH: /opt/hostedtoolcache/Python/3.13.16/x64/lib/pkgconfig
verify	Run pnpm dlx @arethetypeswrong/cli@0.18.5 --pack . --entrypoints . ./core ./ai/document-tools ./ai/conversation ./ai/generated-media ./docx ./document-utilities ./emoji-data ./react ./vue ./svelte ./yjs ./comments ./react/comments ./tracked-changes ./react/tracked-changes ./versions ./react/versions ./details ./ruby ./text-style ./testing ./migrations ./node-ids ./structured-attributes ./html/server ./widgets ./widgets/dom ./react/widgets ./pages ./pages/dom ./pages/preview	2026-10-08T02:44:27.8717072Z   Python_ROOT_DIR: /opt/hostedtoolcache/Python/3.13.16/x64
verify	Run pnpm dlx @arethetypeswrong/cli@0.18.5 --pack . --entrypoints . ./core ./ai/document-tools ./ai/conversation ./ai/generated-media ./docx ./document-utilities ./emoji-data ./react ./vue ./svelte ./yjs ./comments ./react/comments ./tracked-changes ./react/tracked-changes ./versions ./react/versions ./details ./ruby ./text-style ./testing ./migrations ./node-ids ./structured-attributes ./html/server ./widgets ./widgets/dom ./react/widgets ./pages ./pages/dom ./pages/preview	2026-10-08T02:44:27.8717452Z   Python2_ROOT_DIR: /opt/hostedtoolcache/Python/3.13.16/x64
verify	Run pnpm dlx @arethetypeswrong/cli@0.18.5 --pack . --entrypoints . ./core ./ai/document-tools ./ai/conversation ./ai/generated-media ./docx ./document-utilities ./emoji-data ./react ./vue ./svelte ./yjs ./comments ./react/comments ./tracked-changes ./react/tracked-changes ./versions ./react/versions ./details ./ruby ./text-style ./testing ./migrations ./node-ids ./structured-attributes ./html/server ./widgets ./widgets/dom ./react/widgets ./pages ./pages/dom ./pages/preview	2026-10-08T02:44:27.8717844Z   Python3_ROOT_DIR: /opt/hostedtoolcache/Python/3.13.16/x64
verify	Run pnpm dlx @arethetypeswrong/cli@0.18.5 --pack . --entrypoints . ./core ./ai/document-tools ./ai/conversation ./ai/generated-media ./docx ./document-utilities ./emoji-data ./react ./vue ./svelte ./yjs ./comments ./react/comments ./tracked-changes ./react/tracked-changes ./versions ./react/versions ./details ./ruby ./text-style ./testing ./migrations ./node-ids ./structured-attributes ./html/server ./widgets ./widgets/dom ./react/widgets ./pages ./pages/dom ./pages/preview	2026-10-08T02:44:27.8718230Z   LD_LIBRARY_PATH: /opt/hostedtoolcache/Python/3.13.16/x64/lib
verify	Run pnpm dlx @arethetypeswrong/cli@0.18.5 --pack . --entrypoints . ./core ./ai/document-tools ./ai/conversation ./ai/generated-media ./docx ./document-utilities ./emoji-data ./react ./vue ./svelte ./yjs ./comments ./react/comments ./tracked-changes ./react/tracked-changes ./versions ./react/versions ./details ./ruby ./text-style ./testing ./migrations ./node-ids ./structured-attributes ./html/server ./widgets ./widgets/dom ./react/widgets ./pages ./pages/dom ./pages/preview	2026-10-08T02:44:27.8718551Z ##[endgroup]
verify	Run pnpm dlx @arethetypeswrong/cli@0.18.5 --pack . --entrypoints . ./core ./ai/document-tools ./ai/conversation ./ai/generated-media ./docx ./document-utilities ./emoji-data ./react ./vue ./svelte ./yjs ./comments ./react/comments ./tracked-changes ./react/tracked-changes ./versions ./react/versions ./details ./ruby ./text-style ./testing ./migrations ./node-ids ./structured-attributes ./html/server ./widgets ./widgets/dom ./react/widgets ./pages ./pages/dom ./pages/preview	2026-10-08T02:44:28.5682144Z Progress: resolved 1, reused 0, downloaded 0, added 0
verify	Run pnpm dlx @arethetypeswrong/cli@0.18.5 --pack . --entrypoints . ./core ./ai/document-tools ./ai/conversation ./ai/generated-media ./docx ./document-utilities ./emoji-data ./react ./vue ./svelte ./yjs ./comments ./react/comments ./tracked-changes ./react/tracked-changes ./versions ./react/versions ./details ./ruby ./text-style ./testing ./migrations ./node-ids ./structured-attributes ./html/server ./widgets ./widgets/dom ./react/widgets ./pages ./pages/dom ./pages/preview	2026-10-08T02:44:29.3006275Z Packages: +56
verify	Run pnpm dlx @arethetypeswrong/cli@0.18.5 --pack . --entrypoints . ./core ./ai/document-tools ./ai/conversation ./ai/generated-media ./docx ./document-utilities ./emoji-data ./react ./vue ./svelte ./yjs ./comments ./react/comments ./tracked-changes ./react/tracked-changes ./versions ./react/versions ./details ./ruby ./text-style ./testing ./migrations ./node-ids ./structured-attributes ./html/server ./widgets ./widgets/dom ./react/widgets ./pages ./pages/dom ./pages/preview	2026-10-08T02:44:29.3007161Z ++++++++++++++++++++++++++++++++++++++++++++++++++++++++
verify	Run pnpm dlx @arethetypeswrong/cli@0.18.5 --pack . --entrypoints . ./core ./ai/document-tools ./ai/conversation ./ai/generated-media ./docx ./document-utilities ./emoji-data ./react ./vue ./svelte ./yjs ./comments ./react/comments ./tracked-changes ./react/tracked-changes ./versions ./react/versions ./details ./ruby ./text-style ./testing ./migrations ./node-ids ./structured-attributes ./html/server ./widgets ./widgets/dom ./react/widgets ./pages ./pages/dom ./pages/preview	2026-10-08T02:44:29.3611231Z Progress: resolved 56, reused 5, downloaded 51, added 56, done
verify	Run pnpm dlx @arethetypeswrong/cli@0.18.5 --pack . --entrypoints . ./core ./ai/document-tools ./ai/conversation ./ai/generated-media ./docx ./document-utilities ./emoji-data ./react ./vue ./svelte ./yjs ./comments ./react/comments ./tracked-changes ./react/tracked-changes ./versions ./react/versions ./details ./ruby ./text-style ./testing ./migrations ./node-ids ./structured-attributes ./html/server ./widgets ./widgets/dom ./react/widgets ./pages ./pages/dom ./pages/preview	2026-10-08T02:44:39.0085323Z 
verify	Run pnpm dlx @arethetypeswrong/cli@0.18.5 --pack . --entrypoints . ./core ./ai/document-tools ./ai/conversation ./ai/generated-media ./docx ./document-utilities ./emoji-data ./react ./vue ./svelte ./yjs ./comments ./react/comments ./tracked-changes ./react/tracked-changes ./versions ./react/versions ./details ./ruby ./text-style ./testing ./migrations ./node-ids ./structured-attributes ./html/server ./widgets ./widgets/dom ./react/widgets ./pages ./pages/dom ./pages/preview	2026-10-08T02:44:39.0616612Z fountainjs-editor v0.4.0-beta.2
verify	Run pnpm dlx @arethetypeswrong/cli@0.18.5 --pack . --entrypoints . ./core ./ai/document-tools ./ai/conversation ./ai/generated-media ./docx ./document-utilities ./emoji-data ./react ./vue ./svelte ./yjs ./comments ./react/comments ./tracked-changes ./react/tracked-changes ./versions ./react/versions ./details ./ruby ./text-style ./testing ./migrations ./node-ids ./structured-attributes ./html/server ./widgets ./widgets/dom ./react/widgets ./pages ./pages/dom ./pages/preview	2026-10-08T02:44:39.0617067Z 
verify	Run pnpm dlx @arethetypeswrong/cli@0.18.5 --pack . --entrypoints . ./core ./ai/document-tools ./ai/conversation ./ai/generated-media ./docx ./document-utilities ./emoji-data ./react ./vue ./svelte ./yjs ./comments ./react/comments ./tracked-changes ./react/tracked-changes ./versions ./react/versions ./details ./ruby ./text-style ./testing ./migrations ./node-ids ./structured-attributes ./html/server ./widgets ./widgets/dom ./react/widgets ./pages ./pages/dom ./pages/preview	2026-10-08T02:44:39.0617218Z Build tools:
verify	Run pnpm dlx @arethetypeswrong/cli@0.18.5 --pack . --entrypoints . ./core ./ai/document-tools ./ai/conversation ./ai/generated-media ./docx ./document-utilities ./emoji-data ./react ./vue ./svelte ./yjs ./comments ./react/comments ./tracked-changes ./react/tracked-changes ./versions ./react/versions ./details ./ruby ./text-style ./testing ./migrations ./node-ids ./structured-attributes ./html/server ./widgets ./widgets/dom ./react/widgets ./pages ./pages/dom ./pages/preview	2026-10-08T02:44:39.0617540Z - typescript@^7.0.2
verify	Run pnpm dlx @arethetypeswrong/cli@0.18.5 --pack . --entrypoints . ./core ./ai/document-tools ./ai/conversation ./ai/generated-media ./docx ./document-utilities ./emoji-data ./react ./vue ./svelte ./yjs ./comments ./react/comments ./tracked-changes ./react/tracked-changes ./versions ./react/versions ./details ./ruby ./text-style ./testing ./migrations ./node-ids ./structured-attributes ./html/server ./widgets ./widgets/dom ./react/widgets ./pages ./pages/dom ./pages/preview	2026-10-08T02:44:39.0617850Z - vite@^8.2.2
verify	Run pnpm dlx @arethetypeswrong/cli@0.18.5 --pack . --entrypoints . ./core ./ai/document-tools ./ai/conversation ./ai/generated-media ./docx ./document-utilities ./emoji-data ./react ./vue ./svelte ./yjs ./comments ./react/comments ./tracked-changes ./react/tracked-changes ./versions ./react/versions ./details ./ruby ./text-style ./testing ./migrations ./node-ids ./structured-attributes ./html/server ./widgets ./widgets/dom ./react/widgets ./pages ./pages/dom ./pages/preview	2026-10-08T02:44:39.0618014Z 
verify	Run pnpm dlx @arethetypeswrong/cli@0.18.5 --pack . --entrypoints . ./core ./ai/document-tools ./ai/conversation ./ai/generated-media ./docx ./document-utilities ./emoji-data ./react ./vue ./svelte ./yjs ./comments ./react/comments ./tracked-changes ./react/tracked-changes ./versions ./react/versions ./details ./ruby ./text-style ./testing ./migrations ./node-ids ./structured-attributes ./html/server ./widgets ./widgets/dom ./react/widgets ./pages ./pages/dom ./pages/preview	2026-10-08T02:44:39.0618419Z  No problems found 🌟
verify	Run pnpm dlx @arethetypeswrong/cli@0.18.5 --pack . --entrypoints . ./core ./ai/document-tools ./ai/conversation ./ai/generated-media ./docx ./document-utilities ./emoji-data ./react ./vue ./svelte ./yjs ./comments ./react/comments ./tracked-changes ./react/tracked-changes ./versions ./react/versions ./details ./ruby ./text-style ./testing ./migrations ./node-ids ./structured-attributes ./html/server ./widgets ./widgets/dom ./react/widgets ./pages ./pages/dom ./pages/preview	2026-10-08T02:44:39.0618628Z 
verify	Run pnpm dlx @arethetypeswrong/cli@0.18.5 --pack . --entrypoints . ./core ./ai/document-tools ./ai/conversation ./ai/generated-media ./docx ./document-utilities ./emoji-data ./react ./vue ./svelte ./yjs ./comments ./react/comments ./tracked-changes ./react/tracked-changes ./versions ./react/versions ./details ./ruby ./text-style ./testing ./migrations ./node-ids ./structured-attributes ./html/server ./widgets ./widgets/dom ./react/widgets ./pages ./pages/dom ./pages/preview	2026-10-08T02:44:39.0618639Z 
verify	Run pnpm dlx @arethetypeswrong/cli@0.18.5 --pack . --entrypoints . ./core ./ai/document-tools ./ai/conversation ./ai/generated-media ./docx ./document-utilities ./emoji-data ./react ./vue ./svelte ./yjs ./comments ./react/comments ./tracked-changes ./react/tracked-changes ./versions ./react/versions ./details ./ruby ./text-style ./testing ./migrations ./node-ids ./structured-attributes ./html/server ./widgets ./widgets/dom ./react/widgets ./pages ./pages/dom ./pages/preview	2026-10-08T02:44:39.0619369Z ┌───────────────────────────────────────────┬────────┬───────────────────┬───────────────────┬─────────┐
verify	Run pnpm dlx @arethetypeswrong/cli@0.18.5 --pack . --entrypoints . ./core ./ai/document-tools ./ai/conversation ./ai/generated-media ./docx ./document-utilities ./emoji-data ./react ./vue ./svelte ./yjs ./comments ./react/comments ./tracked-changes ./react/tracked-changes ./versions ./react/versions ./details ./ruby ./text-style ./testing ./migrations ./node-ids ./structured-attributes ./html/server ./widgets ./widgets/dom ./react/widgets ./pages ./pages/dom ./pages/preview	2026-10-08T02:44:39.0620481Z │                                           │ node10 │ node16 (from CJS) │ node16 (from ESM) │ bundler │
verify	Run pnpm dlx @arethetypeswrong/cli@0.18.5 --pack . --entrypoints . ./core ./ai/document-tools ./ai/conversation ./ai/generated-media ./docx ./document-utilities ./emoji-data ./react ./vue ./svelte ./yjs ./comments ./react/comments ./tracked-changes ./react/tracked-changes ./versions ./react/versions ./details ./ruby ./text-style ./testing ./migrations ./node-ids ./structured-attributes ./html/server ./widgets ./widgets/dom ./react/widgets ./pages ./pages/dom ./pages/preview	2026-10-08T02:44:39.0621720Z ├───────────────────────────────────────────┼────────┼───────────────────┼───────────────────┼─────────┤
verify	Run pnpm dlx @arethetypeswrong/cli@0.18.5 --pack . --entrypoints . ./core ./ai/document-tools ./ai/conversation ./ai/generated-media ./docx ./document-utilities ./emoji-data ./react ./vue ./svelte ./yjs ./comments ./react/comments ./tracked-changes ./react/tracked-changes ./versions ./react/versions ./details ./ruby ./text-style ./testing ./migrations ./node-ids ./structured-attributes ./html/server ./widgets ./widgets/dom ./react/widgets ./pages ./pages/dom ./pages/preview	2026-10-08T02:44:39.0623471Z │ "fountainjs-editor"                       │ 🟢     │ 🟢 (CJS)          │ 🟢 (ESM)          │ 🟢      │
verify	Run pnpm dlx @arethetypeswrong/cli@0.18.5 --pack . --entrypoints . ./core ./ai/document-tools ./ai/conversation ./ai/generated-media ./docx ./document-utilities ./emoji-data ./react ./vue ./svelte ./yjs ./comments ./react/comments ./tracked-changes ./react/tracked-changes ./versions ./react/versions ./details ./ruby ./text-style ./testing ./migrations ./node-ids ./structured-attributes ./html/server ./widgets ./widgets/dom ./react/widgets ./pages ./pages/dom ./pages/preview	2026-10-08T02:44:39.0624790Z ├───────────────────────────────────────────┼────────┼───────────────────┼───────────────────┼─────────┤
verify	Run pnpm dlx @arethetypeswrong/cli@0.18.5 --pack . --entrypoints . ./core ./ai/document-tools ./ai/conversation ./ai/generated-media ./docx ./document-utilities ./emoji-data ./react ./vue ./svelte ./yjs ./comments ./react/comments ./tracked-changes ./react/tracked-changes ./versions ./react/versions ./details ./ruby ./text-style ./testing ./migrations ./node-ids ./structured-attributes ./html/server ./widgets ./widgets/dom ./react/widgets ./pages ./pages/dom ./pages/preview	2026-10-08T02:44:39.0626218Z │ "fountainjs-editor/core"                  │ 🟢     │ 🟢 (CJS)          │ 🟢 (ESM)          │ 🟢      │
verify	Run pnpm dlx @arethetypeswrong/cli@0.18.5 --pack . --entrypoints . ./core ./ai/document-tools ./ai/conversation ./ai/generated-media ./docx ./document-utilities ./emoji-data ./react ./vue ./svelte ./yjs ./comments ./react/comments ./tracked-changes ./react/tracked-changes ./versions ./react/versions ./details ./ruby ./text-style ./testing ./migrations ./node-ids ./structured-attributes ./html/server ./widgets ./widgets/dom ./react/widgets ./pages ./pages/dom ./pages/preview	2026-10-08T02:44:39.0627488Z ├───────────────────────────────────────────┼────────┼───────────────────┼───────────────────┼─────────┤
verify	Run pnpm dlx @arethetypeswrong/cli@0.18.5 --pack . --entrypoints . ./core ./ai/document-tools ./ai/conversation ./ai/generated-media ./docx ./document-utilities ./emoji-data ./react ./vue ./svelte ./yjs ./comments ./react/comments ./tracked-changes ./react/tracked-changes ./versions ./react/versions ./details ./ruby ./text-style ./testing ./migrations ./node-ids ./structured-attributes ./html/server ./widgets ./widgets/dom ./react/widgets ./pages ./pages/dom ./pages/preview	2026-10-08T02:44:39.0628737Z │ "fountainjs-editor/ai/document-tools"     │ 🟢     │ 🟢 (CJS)          │ 🟢 (ESM)          │ 🟢      │
verify	Run pnpm dlx @arethetypeswrong/cli@0.18.5 --pack . --entrypoints . ./core ./ai/document-tools ./ai/conversation ./ai/generated-media ./docx ./document-utilities ./emoji-data ./react ./vue ./svelte ./yjs ./comments ./react/comments ./tracked-changes ./react/tracked-changes ./versions ./react/versions ./details ./ruby ./text-style ./testing ./migrations ./node-ids ./structured-attributes ./html/server ./widgets ./widgets/dom ./react/widgets ./pages ./pages/dom ./pages/preview	2026-10-08T02:44:39.0630040Z ├───────────────────────────────────────────┼────────┼───────────────────┼───────────────────┼─────────┤
verify	Run pnpm dlx @arethetypeswrong/cli@0.18.5 --pack . --entrypoints . ./core ./ai/document-tools ./ai/conversation ./ai/generated-media ./docx ./document-utilities ./emoji-data ./react ./vue ./svelte ./yjs ./comments ./react/comments ./tracked-changes ./react/tracked-changes ./versions ./react/versions ./details ./ruby ./text-style ./testing ./migrations ./node-ids ./structured-attributes ./html/server ./widgets ./widgets/dom ./react/widgets ./pages ./pages/dom ./pages/preview	2026-10-08T02:44:39.0631268Z │ "fountainjs-editor/ai/conversation"       │ 🟢     │ 🟢 (CJS)          │ 🟢 (ESM)          │ 🟢      │
verify	Run pnpm dlx @arethetypeswrong/cli@0.18.5 --pack . --entrypoints . ./core ./ai/document-tools ./ai/conversation ./ai/generated-media ./docx ./document-utilities ./emoji-data ./react ./vue ./svelte ./yjs ./comments ./react/comments ./tracked-changes ./react/tracked-changes ./versions ./react/versions ./details ./ruby ./text-style ./testing ./migrations ./node-ids ./structured-attributes ./html/server ./widgets ./widgets/dom ./react/widgets ./pages ./pages/dom ./pages/preview	2026-10-08T02:44:39.0632596Z ├───────────────────────────────────────────┼────────┼───────────────────┼───────────────────┼─────────┤
verify	Run pnpm dlx @arethetypeswrong/cli@0.18.5 --pack . --entrypoints . ./core ./ai/document-tools ./ai/conversation ./ai/generated-media ./docx ./document-utilities ./emoji-data ./react ./vue ./svelte ./yjs ./comments ./react/comments ./tracked-changes ./react/tracked-changes ./versions ./react/versions ./details ./ruby ./text-style ./testing ./migrations ./node-ids ./structured-attributes ./html/server ./widgets ./widgets/dom ./react/widgets ./pages ./pages/dom ./pages/preview	2026-10-08T02:44:39.0633867Z │ "fountainjs-editor/ai/generated-media"    │ 🟢     │ 🟢 (CJS)          │ 🟢 (ESM)          │ 🟢      │
verify	Run pnpm dlx @arethetypeswrong/cli@0.18.5 --pack . --entrypoints . ./core ./ai/document-tools ./ai/conversation ./ai/generated-media ./docx ./document-utilities ./emoji-data ./react ./vue ./svelte ./yjs ./comments ./react/comments ./tracked-changes ./react/tracked-changes ./versions ./react/versions ./details ./ruby ./text-style ./testing ./migrations ./node-ids ./structured-attributes ./html/server ./widgets ./widgets/dom ./react/widgets ./pages ./pages/dom ./pages/preview	2026-10-08T02:44:39.0635802Z ├───────────────────────────────────────────┼────────┼───────────────────┼───────────────────┼─────────┤
verify	Run pnpm dlx @arethetypeswrong/cli@0.18.5 --pack . --entrypoints . ./core ./ai/document-tools ./ai/conversation ./ai/generated-media ./docx ./document-utilities ./emoji-data ./react ./vue ./svelte ./yjs ./comments ./react/comments ./tracked-changes ./react/tracked-changes ./versions ./react/versions ./details ./ruby ./text-style ./testing ./migrations ./node-ids ./structured-attributes ./html/server ./widgets ./widgets/dom ./react/widgets ./pages ./pages/dom ./pages/preview	2026-10-08T02:44:39.0636987Z │ "fountainjs-editor/docx"                  │ 🟢     │ 🟢 (CJS)          │ 🟢 (ESM)          │ 🟢      │
verify	Run pnpm dlx @arethetypeswrong/cli@0.18.5 --pack . --entrypoints . ./core ./ai/document-tools ./ai/conversation ./ai/generated-media ./docx ./document-utilities ./emoji-data ./react ./vue ./svelte ./yjs ./comments ./react/comments ./tracked-changes ./react/tracked-changes ./versions ./react/versions ./details ./ruby ./text-style ./testing ./migrations ./node-ids ./structured-attributes ./html/server ./widgets ./widgets/dom ./react/widgets ./pages ./pages/dom ./pages/preview	2026-10-08T02:44:39.0638251Z ├───────────────────────────────────────────┼────────┼───────────────────┼───────────────────┼─────────┤
verify	Run pnpm dlx @arethetypeswrong/cli@0.18.5 --pack . --entrypoints . ./core ./ai/document-tools ./ai/conversation ./ai/generated-media ./docx ./document-utilities ./emoji-data ./react ./vue ./svelte ./yjs ./comments ./react/comments ./tracked-changes ./react/tracked-changes ./versions ./react/versions ./details ./ruby ./text-style ./testing ./migrations ./node-ids ./structured-attributes ./html/server ./widgets ./widgets/dom ./react/widgets ./pages ./pages/dom ./pages/preview	2026-10-08T02:44:39.0639518Z │ "fountainjs-editor/document-utilities"    │ 🟢     │ 🟢 (CJS)          │ 🟢 (ESM)          │ 🟢      │
verify	Run pnpm dlx @arethetypeswrong/cli@0.18.5 --pack . --entrypoints . ./core ./ai/document-tools ./ai/conversation ./ai/generated-media ./docx ./document-utilities ./emoji-data ./react ./vue ./svelte ./yjs ./comments ./react/comments ./tracked-changes ./react/tracked-changes ./versions ./react/versions ./details ./ruby ./text-style ./testing ./migrations ./node-ids ./structured-attributes ./html/server ./widgets ./widgets/dom ./react/widgets ./pages ./pages/dom ./pages/preview	2026-10-08T02:44:39.0640856Z ├───────────────────────────────────────────┼────────┼───────────────────┼───────────────────┼─────────┤
verify	Run pnpm dlx @arethetypeswrong/cli@0.18.5 --pack . --entrypoints . ./core ./ai/document-tools ./ai/conversation ./ai/generated-media ./docx ./document-utilities ./emoji-data ./react ./vue ./svelte ./yjs ./comments ./react/comments ./tracked-changes ./react/tracked-changes ./versions ./react/versions ./details ./ruby ./text-style ./testing ./migrations ./node-ids ./structured-attributes ./html/server ./widgets ./widgets/dom ./react/widgets ./pages ./pages/dom ./pages/preview	2026-10-08T02:44:39.0642058Z │ "fountainjs-editor/emoji-data"            │ 🟢     │ 🟢 (CJS)          │ 🟢 (ESM)          │ 🟢      │
verify	Run pnpm dlx @arethetypeswrong/cli@0.18.5 --pack . --entrypoints . ./core ./ai/document-tools ./ai/conversation ./ai/generated-media ./docx ./document-utilities ./emoji-data ./react ./vue ./svelte ./yjs ./comments ./react/comments ./tracked-changes ./react/tracked-changes ./versions ./react/versions ./details ./ruby ./text-style ./testing ./migrations ./node-ids ./structured-attributes ./html/server ./widgets ./widgets/dom ./react/widgets ./pages ./pages/dom ./pages/preview	2026-10-08T02:44:39.0643384Z ├───────────────────────────────────────────┼────────┼───────────────────┼───────────────────┼─────────┤
verify	Run pnpm dlx @arethetypeswrong/cli@0.18.5 --pack . --entrypoints . ./core ./ai/document-tools ./ai/conversation ./ai/generated-media ./docx ./document-utilities ./emoji-data ./react ./vue ./svelte ./yjs ./comments ./react/comments ./tracked-changes ./react/tracked-changes ./versions ./react/versions ./details ./ruby ./text-style ./testing ./migrations ./node-ids ./structured-attributes ./html/server ./widgets ./widgets/dom ./react/widgets ./pages ./pages/dom ./pages/preview	2026-10-08T02:44:39.0644841Z │ "fountainjs-editor/react"                 │ 🟢     │ 🟢 (CJS)          │ 🟢 (ESM)          │ 🟢      │
verify	Run pnpm dlx @arethetypeswrong/cli@0.18.5 --pack . --entrypoints . ./core ./ai/document-tools ./ai/conversation ./ai/generated-media ./docx ./document-utilities ./emoji-data ./react ./vue ./svelte ./yjs ./comments ./react/comments ./tracked-changes ./react/tracked-changes ./versions ./react/versions ./details ./ruby ./text-style ./testing ./migrations ./node-ids ./structured-attributes ./html/server ./widgets ./widgets/dom ./react/widgets ./pages ./pages/dom ./pages/preview	2026-10-08T02:44:39.0676577Z ├───────────────────────────────────────────┼────────┼───────────────────┼───────────────────┼─────────┤
verify	Run pnpm dlx @arethetypeswrong/cli@0.18.5 --pack . --entrypoints . ./core ./ai/document-tools ./ai/conversation ./ai/generated-media ./docx ./document-utilities ./emoji-data ./react ./vue ./svelte ./yjs ./comments ./react/comments ./tracked-changes ./react/tracked-changes ./versions ./react/versions ./details ./ruby ./text-style ./testing ./migrations ./node-ids ./structured-attributes ./html/server ./widgets ./widgets/dom ./react/widgets ./pages ./pages/dom ./pages/preview	2026-10-08T02:44:39.0677886Z │ "fountainjs-editor/vue"                   │ 🟢     │ 🟢 (CJS)          │ 🟢 (ESM)          │ 🟢      │
verify	Run pnpm dlx @arethetypeswrong/cli@0.18.5 --pack . --entrypoints . ./core ./ai/document-tools ./ai/conversation ./ai/generated-media ./docx ./document-utilities ./emoji-data ./react ./vue ./svelte ./yjs ./comments ./react/comments ./tracked-changes ./react/tracked-changes ./versions ./react/versions ./details ./ruby ./text-style ./testing ./migrations ./node-ids ./structured-attributes ./html/server ./widgets ./widgets/dom ./react/widgets ./pages ./pages/dom ./pages/preview	2026-10-08T02:44:39.0679203Z ├───────────────────────────────────────────┼────────┼───────────────────┼───────────────────┼─────────┤
verify	Run pnpm dlx @arethetypeswrong/cli@0.18.5 --pack . --entrypoints . ./core ./ai/document-tools ./ai/conversation ./ai/generated-media ./docx ./document-utilities ./emoji-data ./react ./vue ./svelte ./yjs ./comments ./react/comments ./tracked-changes ./react/tracked-changes ./versions ./react/versions ./details ./ruby ./text-style ./testing ./migrations ./node-ids ./structured-attributes ./html/server ./widgets ./widgets/dom ./react/widgets ./pages ./pages/dom ./pages/preview	2026-10-08T02:44:39.0680458Z │ "fountainjs-editor/svelte"                │ 🟢     │ 🟢 (CJS)          │ 🟢 (ESM)          │ 🟢      │
verify	Run pnpm dlx @arethetypeswrong/cli@0.18.5 --pack . --entrypoints . ./core ./ai/document-tools ./ai/conversation ./ai/generated-media ./docx ./document-utilities ./emoji-data ./react ./vue ./svelte ./yjs ./comments ./react/comments ./tracked-changes ./react/tracked-changes ./versions ./react/versions ./details ./ruby ./text-style ./testing ./migrations ./node-ids ./structured-attributes ./html/server ./widgets ./widgets/dom ./react/widgets ./pages ./pages/dom ./pages/preview	2026-10-08T02:44:39.0681769Z ├───────────────────────────────────────────┼────────┼───────────────────┼───────────────────┼─────────┤
verify	Run pnpm dlx @arethetypeswrong/cli@0.18.5 --pack . --entrypoints . ./core ./ai/document-tools ./ai/conversation ./ai/generated-media ./docx ./document-utilities ./emoji-data ./react ./vue ./svelte ./yjs ./comments ./react/comments ./tracked-changes ./react/tracked-changes ./versions ./react/versions ./details ./ruby ./text-style ./testing ./migrations ./node-ids ./structured-attributes ./html/server ./widgets ./widgets/dom ./react/widgets ./pages ./pages/dom ./pages/preview	2026-10-08T02:44:39.0682982Z │ "fountainjs-editor/yjs"                   │ 🟢     │ 🟢 (CJS)          │ 🟢 (ESM)          │ 🟢      │
verify	Run pnpm dlx @arethetypeswrong/cli@0.18.5 --pack . --entrypoints . ./core ./ai/document-tools ./ai/conversation ./ai/generated-media ./docx ./document-utilities ./emoji-data ./react ./vue ./svelte ./yjs ./comments ./react/comments ./tracked-changes ./react/tracked-changes ./versions ./react/versions ./details ./ruby ./text-style ./testing ./migrations ./node-ids ./structured-attributes ./html/server ./widgets ./widgets/dom ./react/widgets ./pages ./pages/dom ./pages/preview	2026-10-08T02:44:39.0684310Z ├───────────────────────────────────────────┼────────┼───────────────────┼───────────────────┼─────────┤
verify	Run pnpm dlx @arethetypeswrong/cli@0.18.5 --pack . --entrypoints . ./core ./ai/document-tools ./ai/conversation ./ai/generated-media ./docx ./document-utilities ./emoji-data ./react ./vue ./svelte ./yjs ./comments ./react/comments ./tracked-changes ./react/tracked-changes ./versions ./react/versions ./details ./ruby ./text-style ./testing ./migrations ./node-ids ./structured-attributes ./html/server ./widgets ./widgets/dom ./react/widgets ./pages ./pages/dom ./pages/preview	2026-10-08T02:44:39.0685756Z │ "fountainjs-editor/comments"              │ 🟢     │ 🟢 (CJS)          │ 🟢 (ESM)          │ 🟢      │
verify	Run pnpm dlx @arethetypeswrong/cli@0.18.5 --pack . --entrypoints . ./core ./ai/document-tools ./ai/conversation ./ai/generated-media ./docx ./document-utilities ./emoji-data ./react ./vue ./svelte ./yjs ./comments ./react/comments ./tracked-changes ./react/tracked-changes ./versions ./react/versions ./details ./ruby ./text-style ./testing ./migrations ./node-ids ./structured-attributes ./html/server ./widgets ./widgets/dom ./react/widgets ./pages ./pages/dom ./pages/preview	2026-10-08T02:44:39.0687394Z ├───────────────────────────────────────────┼────────┼───────────────────┼───────────────────┼─────────┤
verify	Run pnpm dlx @arethetypeswrong/cli@0.18.5 --pack . --entrypoints . ./core ./ai/document-tools ./ai/conversation ./ai/generated-media ./docx ./document-utilities ./emoji-data ./react ./vue ./svelte ./yjs ./comments ./react/comments ./tracked-changes ./react/tracked-changes ./versions ./react/versions ./details ./ruby ./text-style ./testing ./migrations ./node-ids ./structured-attributes ./html/server ./widgets ./widgets/dom ./react/widgets ./pages ./pages/dom ./pages/preview	2026-10-08T02:44:39.0688666Z │ "fountainjs-editor/react/comments"        │ 🟢     │ 🟢 (CJS)          │ 🟢 (ESM)          │ 🟢      │
verify	Run pnpm dlx @arethetypeswrong/cli@0.18.5 --pack . --entrypoints . ./core ./ai/document-tools ./ai/conversation ./ai/generated-media ./docx ./document-utilities ./emoji-data ./react ./vue ./svelte ./yjs ./comments ./react/comments ./tracked-changes ./react/tracked-changes ./versions ./react/versions ./details ./ruby ./text-style ./testing ./migrations ./node-ids ./structured-attributes ./html/server ./widgets ./widgets/dom ./react/widgets ./pages ./pages/dom ./pages/preview	2026-10-08T02:44:39.0689984Z ├───────────────────────────────────────────┼────────┼───────────────────┼───────────────────┼─────────┤
verify	Run pnpm dlx @arethetypeswrong/cli@0.18.5 --pack . --entrypoints . ./core ./ai/document-tools ./ai/conversation ./ai/generated-media ./docx ./document-utilities ./emoji-data ./react ./vue ./svelte ./yjs ./comments ./react/comments ./tracked-changes ./react/tracked-changes ./versions ./react/versions ./details ./ruby ./text-style ./testing ./migrations ./node-ids ./structured-attributes ./html/server ./widgets ./widgets/dom ./react/widgets ./pages ./pages/dom ./pages/preview	2026-10-08T02:44:39.0691240Z │ "fountainjs-editor/tracked-changes"       │ 🟢     │ 🟢 (CJS)          │ 🟢 (ESM)          │ 🟢      │
verify	Run pnpm dlx @arethetypeswrong/cli@0.18.5 --pack . --entrypoints . ./core ./ai/document-tools ./ai/conversation ./ai/generated-media ./docx ./document-utilities ./emoji-data ./react ./vue ./svelte ./yjs ./comments ./react/comments ./tracked-changes ./react/tracked-changes ./versions ./react/versions ./details ./ruby ./text-style ./testing ./migrations ./node-ids ./structured-attributes ./html/server ./widgets ./widgets/dom ./react/widgets ./pages ./pages/dom ./pages/preview	2026-10-08T02:44:39.0692590Z ├───────────────────────────────────────────┼────────┼───────────────────┼───────────────────┼─────────┤
verify	Run pnpm dlx @arethetypeswrong/cli@0.18.5 --pack . --entrypoints . ./core ./ai/document-tools ./ai/conversation ./ai/generated-media ./docx ./document-utilities ./emoji-data ./react ./vue ./svelte ./yjs ./comments ./react/comments ./tracked-changes ./react/tracked-changes ./versions ./react/versions ./details ./ruby ./text-style ./testing ./migrations ./node-ids ./structured-attributes ./html/server ./widgets ./widgets/dom ./react/widgets ./pages ./pages/dom ./pages/preview	2026-10-08T02:44:39.0693863Z │ "fountainjs-editor/react/tracked-changes" │ 🟢     │ 🟢 (CJS)          │ 🟢 (ESM)          │ 🟢      │
verify	Run pnpm dlx @arethetypeswrong/cli@0.18.5 --pack . --entrypoints . ./core ./ai/document-tools ./ai/conversation ./ai/generated-media ./docx ./document-utilities ./emoji-data ./react ./vue ./svelte ./yjs ./comments ./react/comments ./tracked-changes ./react/tracked-changes ./versions ./react/versions ./details ./ruby ./text-style ./testing ./migrations ./node-ids ./structured-attributes ./html/server ./widgets ./widgets/dom ./react/widgets ./pages ./pages/dom ./pages/preview	2026-10-08T02:44:39.0695493Z ├───────────────────────────────────────────┼────────┼───────────────────┼───────────────────┼─────────┤
verify	Run pnpm dlx @arethetypeswrong/cli@0.18.5 --pack . --entrypoints . ./core ./ai/document-tools ./ai/conversation ./ai/generated-media ./docx ./document-utilities ./emoji-data ./react ./vue ./svelte ./yjs ./comments ./react/comments ./tracked-changes ./react/tracked-changes ./versions ./react/versions ./details ./ruby ./text-style ./testing ./migrations ./node-ids ./structured-attributes ./html/server ./widgets ./widgets/dom ./react/widgets ./pages ./pages/dom ./pages/preview	2026-10-08T02:44:39.0696814Z │ "fountainjs-editor/versions"              │ 🟢     │ 🟢 (CJS)          │ 🟢 (ESM)          │ 🟢      │
verify	Run pnpm dlx @arethetypeswrong/cli@0.18.5 --pack . --entrypoints . ./core ./ai/document-tools ./ai/conversation ./ai/generated-media ./docx ./document-utilities ./emoji-data ./react ./vue ./svelte ./yjs ./comments ./react/comments ./tracked-changes ./react/tracked-changes ./versions ./react/versions ./details ./ruby ./text-style ./testing ./migrations ./node-ids ./structured-attributes ./html/server ./widgets ./widgets/dom ./react/widgets ./pages ./pages/dom ./pages/preview	2026-10-08T02:44:39.0698133Z ├───────────────────────────────────────────┼────────┼───────────────────┼───────────────────┼─────────┤
verify	Run pnpm dlx @arethetypeswrong/cli@0.18.5 --pack . --entrypoints . ./core ./ai/document-tools ./ai/conversation ./ai/generated-media ./docx ./document-utilities ./emoji-data ./react ./vue ./svelte ./yjs ./comments ./react/comments ./tracked-changes ./react/tracked-changes ./versions ./react/versions ./details ./ruby ./text-style ./testing ./migrations ./node-ids ./structured-attributes ./html/server ./widgets ./widgets/dom ./react/widgets ./pages ./pages/dom ./pages/preview	2026-10-08T02:44:39.0699418Z │ "fountainjs-editor/react/versions"        │ 🟢     │ 🟢 (CJS)          │ 🟢 (ESM)          │ 🟢      │
verify	Run pnpm dlx @arethetypeswrong/cli@0.18.5 --pack . --entrypoints . ./core ./ai/document-tools ./ai/conversation ./ai/generated-media ./docx ./document-utilities ./emoji-data ./react ./vue ./svelte ./yjs ./comments ./react/comments ./tracked-changes ./react/tracked-changes ./versions ./react/versions ./details ./ruby ./text-style ./testing ./migrations ./node-ids ./structured-attributes ./html/server ./widgets ./widgets/dom ./react/widgets ./pages ./pages/dom ./pages/preview	2026-10-08T02:44:39.0700777Z ├───────────────────────────────────────────┼────────┼───────────────────┼───────────────────┼─────────┤
verify	Run pnpm dlx @arethetypeswrong/cli@0.18.5 --pack . --entrypoints . ./core ./ai/document-tools ./ai/conversation ./ai/generated-media ./docx ./document-utilities ./emoji-data ./react ./vue ./svelte ./yjs ./comments ./react/comments ./tracked-changes ./react/tracked-changes ./versions ./react/versions ./details ./ruby ./text-style ./testing ./migrations ./node-ids ./structured-attributes ./html/server ./widgets ./widgets/dom ./react/widgets ./pages ./pages/dom ./pages/preview	2026-10-08T02:44:39.0702035Z │ "fountainjs-editor/details"               │ 🟢     │ 🟢 (CJS)          │ 🟢 (ESM)          │ 🟢      │
verify	Run pnpm dlx @arethetypeswrong/cli@0.18.5 --pack . --entrypoints . ./core ./ai/document-tools ./ai/conversation ./ai/generated-media ./docx ./document-utilities ./emoji-data ./react ./vue ./svelte ./yjs ./comments ./react/comments ./tracked-changes ./react/tracked-changes ./versions ./react/versions ./details ./ruby ./text-style ./testing ./migrations ./node-ids ./structured-attributes ./html/server ./widgets ./widgets/dom ./react/widgets ./pages ./pages/dom ./pages/preview	2026-10-08T02:44:39.0703355Z ├───────────────────────────────────────────┼────────┼───────────────────┼───────────────────┼─────────┤
verify	Run pnpm dlx @arethetypeswrong/cli@0.18.5 --pack . --entrypoints . ./core ./ai/document-tools ./ai/conversation ./ai/generated-media ./docx ./document-utilities ./emoji-data ./react ./vue ./svelte ./yjs ./comments ./react/comments ./tracked-changes ./react/tracked-changes ./versions ./react/versions ./details ./ruby ./text-style ./testing ./migrations ./node-ids ./structured-attributes ./html/server ./widgets ./widgets/dom ./react/widgets ./pages ./pages/dom ./pages/preview	2026-10-08T02:44:39.0704555Z │ "fountainjs-editor/ruby"                  │ 🟢     │ 🟢 (CJS)          │ 🟢 (ESM)          │ 🟢      │
verify	Run pnpm dlx @arethetypeswrong/cli@0.18.5 --pack . --entrypoints . ./core ./ai/document-tools ./ai/conversation ./ai/generated-media ./docx ./document-utilities ./emoji-data ./react ./vue ./svelte ./yjs ./comments ./react/comments ./tracked-changes ./react/tracked-changes ./versions ./react/versions ./details ./ruby ./text-style ./testing ./migrations ./node-ids ./structured-attributes ./html/server ./widgets ./widgets/dom ./react/widgets ./pages ./pages/dom ./pages/preview	2026-10-08T02:44:39.0736444Z ├───────────────────────────────────────────┼────────┼───────────────────┼───────────────────┼─────────┤
verify	Run pnpm dlx @arethetypeswrong/cli@0.18.5 --pack . --entrypoints . ./core ./ai/document-tools ./ai/conversation ./ai/generated-media ./docx ./document-utilities ./emoji-data ./react ./vue ./svelte ./yjs ./comments ./react/comments ./tracked-changes ./react/tracked-changes ./versions ./react/versions ./details ./ruby ./text-style ./testing ./migrations ./node-ids ./structured-attributes ./html/server ./widgets ./widgets/dom ./react/widgets ./pages ./pages/dom ./pages/preview	2026-10-08T02:44:39.0737989Z │ "fountainjs-editor/text-style"            │ 🟢     │ 🟢 (CJS)          │ 🟢 (ESM)          │ 🟢      │
verify	Run pnpm dlx @arethetypeswrong/cli@0.18.5 --pack . --entrypoints . ./core ./ai/document-tools ./ai/conversation ./ai/generated-media ./docx ./document-utilities ./emoji-data ./react ./vue ./svelte ./yjs ./comments ./react/comments ./tracked-changes ./react/tracked-changes ./versions ./react/versions ./details ./ruby ./text-style ./testing ./migrations ./node-ids ./structured-attributes ./html/server ./widgets ./widgets/dom ./react/widgets ./pages ./pages/dom ./pages/preview	2026-10-08T02:44:39.0739309Z ├───────────────────────────────────────────┼────────┼───────────────────┼───────────────────┼─────────┤
verify	Run pnpm dlx @arethetypeswrong/cli@0.18.5 --pack . --entrypoints . ./core ./ai/document-tools ./ai/conversation ./ai/generated-media ./docx ./document-utilities ./emoji-data ./react ./vue ./svelte ./yjs ./comments ./react/comments ./tracked-changes ./react/tracked-changes ./versions ./react/versions ./details ./ruby ./text-style ./testing ./migrations ./node-ids ./structured-attributes ./html/server ./widgets ./widgets/dom ./react/widgets ./pages ./pages/dom ./pages/preview	2026-10-08T02:44:39.0740542Z │ "fountainjs-editor/testing"               │ 🟢     │ 🟢 (CJS)          │ 🟢 (ESM)          │ 🟢      │
verify	Run pnpm dlx @arethetypeswrong/cli@0.18.5 --pack . --entrypoints . ./core ./ai/document-tools ./ai/conversation ./ai/generated-media ./docx ./document-utilities ./emoji-data ./react ./vue ./svelte ./yjs ./comments ./react/comments ./tracked-changes ./react/tracked-changes ./versions ./react/versions ./details ./ruby ./text-style ./testing ./migrations ./node-ids ./structured-attributes ./html/server ./widgets ./widgets/dom ./react/widgets ./pages ./pages/dom ./pages/preview	2026-10-08T02:44:39.0741938Z ├───────────────────────────────────────────┼────────┼───────────────────┼───────────────────┼─────────┤
verify	Run pnpm dlx @arethetypeswrong/cli@0.18.5 --pack . --entrypoints . ./core ./ai/document-tools ./ai/conversation ./ai/generated-media ./docx ./document-utilities ./emoji-data ./react ./vue ./svelte ./yjs ./comments ./react/comments ./tracked-changes ./react/tracked-changes ./versions ./react/versions ./details ./ruby ./text-style ./testing ./migrations ./node-ids ./structured-attributes ./html/server ./widgets ./widgets/dom ./react/widgets ./pages ./pages/dom ./pages/preview	2026-10-08T02:44:39.0743204Z │ "fountainjs-editor/migrations"            │ 🟢     │ 🟢 (CJS)          │ 🟢 (ESM)          │ 🟢      │
verify	Run pnpm dlx @arethetypeswrong/cli@0.18.5 --pack . --entrypoints . ./core ./ai/document-tools ./ai/conversation ./ai/generated-media ./docx ./document-utilities ./emoji-data ./react ./vue ./svelte ./yjs ./comments ./react/comments ./tracked-changes ./react/tracked-changes ./versions ./react/versions ./details ./ruby ./text-style ./testing ./migrations ./node-ids ./structured-attributes ./html/server ./widgets ./widgets/dom ./react/widgets ./pages ./pages/dom ./pages/preview	2026-10-08T02:44:39.0744409Z ├───────────────────────────────────────────┼────────┼───────────────────┼───────────────────┼─────────┤
verify	Run pnpm dlx @arethetypeswrong/cli@0.18.5 --pack . --entrypoints . ./core ./ai/document-tools ./ai/conversation ./ai/generated-media ./docx ./document-utilities ./emoji-data ./react ./vue ./svelte ./yjs ./comments ./react/comments ./tracked-changes ./react/tracked-changes ./versions ./react/versions ./details ./ruby ./text-style ./testing ./migrations ./node-ids ./structured-attributes ./html/server ./widgets ./widgets/dom ./react/widgets ./pages ./pages/dom ./pages/preview	2026-10-08T02:44:39.0745873Z │ "fountainjs-editor/node-ids"              │ 🟢     │ 🟢 (CJS)          │ 🟢 (ESM)          │ 🟢      │
verify	Run pnpm dlx @arethetypeswrong/cli@0.18.5 --pack . --entrypoints . ./core ./ai/document-tools ./ai/conversation ./ai/generated-media ./docx ./document-utilities ./emoji-data ./react ./vue ./svelte ./yjs ./comments ./react/comments ./tracked-changes ./react/tracked-changes ./versions ./react/versions ./details ./ruby ./text-style ./testing ./migrations ./node-ids ./structured-attributes ./html/server ./widgets ./widgets/dom ./react/widgets ./pages ./pages/dom ./pages/preview	2026-10-08T02:44:39.0747198Z ├───────────────────────────────────────────┼────────┼───────────────────┼───────────────────┼─────────┤
verify	Run pnpm dlx @arethetypeswrong/cli@0.18.5 --pack . --entrypoints . ./core ./ai/document-tools ./ai/conversation ./ai/generated-media ./docx ./document-utilities ./emoji-data ./react ./vue ./svelte ./yjs ./comments ./react/comments ./tracked-changes ./react/tracked-changes ./versions ./react/versions ./details ./ruby ./text-style ./testing ./migrations ./node-ids ./structured-attributes ./html/server ./widgets ./widgets/dom ./react/widgets ./pages ./pages/dom ./pages/preview	2026-10-08T02:44:39.0748012Z │ "fountainjs-editor/structured-attributes" │ 🟢     │ 🟢 (CJS)          │ 🟢 (ESM)          │ 🟢      │
verify	Run pnpm dlx @arethetypeswrong/cli@0.18.5 --pack . --entrypoints . ./core ./ai/document-tools ./ai/conversation ./ai/generated-media ./docx ./document-utilities ./emoji-data ./react ./vue ./svelte ./yjs ./comments ./react/comments ./tracked-changes ./react/tracked-changes ./versions ./react/versions ./details ./ruby ./text-style ./testing ./migrations ./node-ids ./structured-attributes ./html/server ./widgets ./widgets/dom ./react/widgets ./pages ./pages/dom ./pages/preview	2026-10-08T02:44:39.0748824Z ├───────────────────────────────────────────┼────────┼───────────────────┼───────────────────┼─────────┤
verify	Run pnpm dlx @arethetypeswrong/cli@0.18.5 --pack . --entrypoints . ./core ./ai/document-tools ./ai/conversation ./ai/generated-media ./docx ./document-utilities ./emoji-data ./react ./vue ./svelte ./yjs ./comments ./react/comments ./tracked-changes ./react/tracked-changes ./versions ./react/versions ./details ./ruby ./text-style ./testing ./migrations ./node-ids ./structured-attributes ./html/server ./widgets ./widgets/dom ./react/widgets ./pages ./pages/dom ./pages/preview	2026-10-08T02:44:39.0749527Z │ "fountainjs-editor/html/server"           │ 🟢     │ 🟢 (CJS)          │ 🟢 (ESM)          │ 🟢      │
verify	Run pnpm dlx @arethetypeswrong/cli@0.18.5 --pack . --entrypoints . ./core ./ai/document-tools ./ai/conversation ./ai/generated-media ./docx ./document-utilities ./emoji-data ./react ./vue ./svelte ./yjs ./comments ./react/comments ./tracked-changes ./react/tracked-changes ./versions ./react/versions ./details ./ruby ./text-style ./testing ./migrations ./node-ids ./structured-attributes ./html/server ./widgets ./widgets/dom ./react/widgets ./pages ./pages/dom ./pages/preview	2026-10-08T02:44:39.0750284Z ├───────────────────────────────────────────┼────────┼───────────────────┼───────────────────┼─────────┤
verify	Run pnpm dlx @arethetypeswrong/cli@0.18.5 --pack . --entrypoints . ./core ./ai/document-tools ./ai/conversation ./ai/generated-media ./docx ./document-utilities ./emoji-data ./react ./vue ./svelte ./yjs ./comments ./react/comments ./tracked-changes ./react/tracked-changes ./versions ./react/versions ./details ./ruby ./text-style ./testing ./migrations ./node-ids ./structured-attributes ./html/server ./widgets ./widgets/dom ./react/widgets ./pages ./pages/dom ./pages/preview	2026-10-08T02:44:39.0751039Z │ "fountainjs-editor/widgets"               │ 🟢     │ 🟢 (CJS)          │ 🟢 (ESM)          │ 🟢      │
verify	Run pnpm dlx @arethetypeswrong/cli@0.18.5 --pack . --entrypoints . ./core ./ai/document-tools ./ai/conversation ./ai/generated-media ./docx ./document-utilities ./emoji-data ./react ./vue ./svelte ./yjs ./comments ./react/comments ./tracked-changes ./react/tracked-changes ./versions ./react/versions ./details ./ruby ./text-style ./testing ./migrations ./node-ids ./structured-attributes ./html/server ./widgets ./widgets/dom ./react/widgets ./pages ./pages/dom ./pages/preview	2026-10-08T02:44:39.0752310Z ├───────────────────────────────────────────┼────────┼───────────────────┼───────────────────┼─────────┤
verify	Run pnpm dlx @arethetypeswrong/cli@0.18.5 --pack . --entrypoints . ./core ./ai/document-tools ./ai/conversation ./ai/generated-media ./docx ./document-utilities ./emoji-data ./react ./vue ./svelte ./yjs ./comments ./react/comments ./tracked-changes ./react/tracked-changes ./versions ./react/versions ./details ./ruby ./text-style ./testing ./migrations ./node-ids ./structured-attributes ./html/server ./widgets ./widgets/dom ./react/widgets ./pages ./pages/dom ./pages/preview	2026-10-08T02:44:39.0753734Z │ "fountainjs-editor/widgets/dom"           │ 🟢     │ 🟢 (CJS)          │ 🟢 (ESM)          │ 🟢      │
verify	Run pnpm dlx @arethetypeswrong/cli@0.18.5 --pack . --entrypoints . ./core ./ai/document-tools ./ai/conversation ./ai/generated-media ./docx ./document-utilities ./emoji-data ./react ./vue ./svelte ./yjs ./comments ./react/comments ./tracked-changes ./react/tracked-changes ./versions ./react/versions ./details ./ruby ./text-style ./testing ./migrations ./node-ids ./structured-attributes ./html/server ./widgets ./widgets/dom ./react/widgets ./pages ./pages/dom ./pages/preview	2026-10-08T02:44:39.0755506Z ├───────────────────────────────────────────┼────────┼───────────────────┼───────────────────┼─────────┤
verify	Run pnpm dlx @arethetypeswrong/cli@0.18.5 --pack . --entrypoints . ./core ./ai/document-tools ./ai/conversation ./ai/generated-media ./docx ./document-utilities ./emoji-data ./react ./vue ./svelte ./yjs ./comments ./react/comments ./tracked-changes ./react/tracked-changes ./versions ./react/versions ./details ./ruby ./text-style ./testing ./migrations ./node-ids ./structured-attributes ./html/server ./widgets ./widgets/dom ./react/widgets ./pages ./pages/dom ./pages/preview	2026-10-08T02:44:39.0756735Z │ "fountainjs-editor/react/widgets"         │ 🟢     │ 🟢 (CJS)          │ 🟢 (ESM)          │ 🟢      │
verify	Run pnpm dlx @arethetypeswrong/cli@0.18.5 --pack . --entrypoints . ./core ./ai/document-tools ./ai/conversation ./ai/generated-media ./docx ./document-utilities ./emoji-data ./react ./vue ./svelte ./yjs ./comments ./react/comments ./tracked-changes ./react/tracked-changes ./versions ./react/versions ./details ./ruby ./text-style ./testing ./migrations ./node-ids ./structured-attributes ./html/server ./widgets ./widgets/dom ./react/widgets ./pages ./pages/dom ./pages/preview	2026-10-08T02:44:39.0758061Z ├───────────────────────────────────────────┼────────┼───────────────────┼───────────────────┼─────────┤
verify	Run pnpm dlx @arethetypeswrong/cli@0.18.5 --pack . --entrypoints . ./core ./ai/document-tools ./ai/conversation ./ai/generated-media ./docx ./document-utilities ./emoji-data ./react ./vue ./svelte ./yjs ./comments ./react/comments ./tracked-changes ./react/tracked-changes ./versions ./react/versions ./details ./ruby ./text-style ./testing ./migrations ./node-ids ./structured-attributes ./html/server ./widgets ./widgets/dom ./react/widgets ./pages ./pages/dom ./pages/preview	2026-10-08T02:44:39.0759253Z │ "fountainjs-editor/pages"                 │ 🟢     │ 🟢 (CJS)          │ 🟢 (ESM)          │ 🟢      │
verify	Run pnpm dlx @arethetypeswrong/cli@0.18.5 --pack . --entrypoints . ./core ./ai/document-tools ./ai/conversation ./ai/generated-media ./docx ./document-utilities ./emoji-data ./react ./vue ./svelte ./yjs ./comments ./react/comments ./tracked-changes ./react/tracked-changes ./versions ./react/versions ./details ./ruby ./text-style ./testing ./migrations ./node-ids ./structured-attributes ./html/server ./widgets ./widgets/dom ./react/widgets ./pages ./pages/dom ./pages/preview	2026-10-08T02:44:39.0760534Z ├───────────────────────────────────────────┼────────┼───────────────────┼───────────────────┼─────────┤
verify	Run pnpm dlx @arethetypeswrong/cli@0.18.5 --pack . --entrypoints . ./core ./ai/document-tools ./ai/conversation ./ai/generated-media ./docx ./document-utilities ./emoji-data ./react ./vue ./svelte ./yjs ./comments ./react/comments ./tracked-changes ./react/tracked-changes ./versions ./react/versions ./details ./ruby ./text-style ./testing ./migrations ./node-ids ./structured-attributes ./html/server ./widgets ./widgets/dom ./react/widgets ./pages ./pages/dom ./pages/preview	2026-10-08T02:44:39.0761764Z │ "fountainjs-editor/pages/dom"             │ 🟢     │ 🟢 (CJS)          │ 🟢 (ESM)          │ 🟢      │
verify	Run pnpm dlx @arethetypeswrong/cli@0.18.5 --pack . --entrypoints . ./core ./ai/document-tools ./ai/conversation ./ai/generated-media ./docx ./document-utilities ./emoji-data ./react ./vue ./svelte ./yjs ./comments ./react/comments ./tracked-changes ./react/tracked-changes ./versions ./react/versions ./details ./ruby ./text-style ./testing ./migrations ./node-ids ./structured-attributes ./html/server ./widgets ./widgets/dom ./react/widgets ./pages ./pages/dom ./pages/preview	2026-10-08T02:44:39.0763054Z ├───────────────────────────────────────────┼────────┼───────────────────┼───────────────────┼─────────┤
verify	Run pnpm dlx @arethetypeswrong/cli@0.18.5 --pack . --entrypoints . ./core ./ai/document-tools ./ai/conversation ./ai/generated-media ./docx ./document-utilities ./emoji-data ./react ./vue ./svelte ./yjs ./comments ./react/comments ./tracked-changes ./react/tracked-changes ./versions ./react/versions ./details ./ruby ./text-style ./testing ./migrations ./node-ids ./structured-attributes ./html/server ./widgets ./widgets/dom ./react/widgets ./pages ./pages/dom ./pages/preview	2026-10-08T02:44:39.0764317Z │ "fountainjs-editor/pages/preview"         │ 🟢     │ 🟢 (CJS)          │ 🟢 (ESM)          │ 🟢      │
verify	Run pnpm dlx @arethetypeswrong/cli@0.18.5 --pack . --entrypoints . ./core ./ai/document-tools ./ai/conversation ./ai/generated-media ./docx ./document-utilities ./emoji-data ./react ./vue ./svelte ./yjs ./comments ./react/comments ./tracked-changes ./react/tracked-changes ./versions ./react/versions ./details ./ruby ./text-style ./testing ./migrations ./node-ids ./structured-attributes ./html/server ./widgets ./widgets/dom ./react/widgets ./pages ./pages/dom ./pages/preview	2026-10-08T02:44:39.0765879Z └───────────────────────────────────────────┴────────┴───────────────────┴───────────────────┴─────────┘
verify	Run pnpm dlx @arethetypeswrong/cli@0.18.5 --pack . --entrypoints ./angular --profile esm-only	﻿2026-10-08T02:44:39.1812729Z ##[group]Run pnpm dlx @arethetypeswrong/cli@0.18.5 --pack . --entrypoints ./angular --profile esm-only
verify	Run pnpm dlx @arethetypeswrong/cli@0.18.5 --pack . --entrypoints ./angular --profile esm-only	2026-10-08T02:44:39.1813473Z ^[[36;1mpnpm dlx @arethetypeswrong/cli@0.18.5 --pack . --entrypoints ./angular --profile esm-only^[[0m
verify	Run pnpm dlx @arethetypeswrong/cli@0.18.5 --pack . --entrypoints ./angular --profile esm-only	2026-10-08T02:44:39.1874351Z shell: /usr/bin/bash -e {0}
verify	Run pnpm dlx @arethetypeswrong/cli@0.18.5 --pack . --entrypoints ./angular --profile esm-only	2026-10-08T02:44:39.1874616Z env:
verify	Run pnpm dlx @arethetypeswrong/cli@0.18.5 --pack . --entrypoints ./angular --profile esm-only	2026-10-08T02:44:39.1874882Z   PNPM_HOME: /home/runner/setup-pnpm/node_modules/.bin
verify	Run pnpm dlx @arethetypeswrong/cli@0.18.5 --pack . --entrypoints ./angular --profile esm-only	2026-10-08T02:44:39.1875508Z   pythonLocation: /opt/hostedtoolcache/Python/3.13.16/x64
verify	Run pnpm dlx @arethetypeswrong/cli@0.18.5 --pack . --entrypoints ./angular --profile esm-only	2026-10-08T02:44:39.1875952Z   PKG_CONFIG_PATH: /opt/hostedtoolcache/Python/3.13.16/x64/lib/pkgconfig
verify	Run pnpm dlx @arethetypeswrong/cli@0.18.5 --pack . --entrypoints ./angular --profile esm-only	2026-10-08T02:44:39.1876379Z   Python_ROOT_DIR: /opt/hostedtoolcache/Python/3.13.16/x64
verify	Run pnpm dlx @arethetypeswrong/cli@0.18.5 --pack . --entrypoints ./angular --profile esm-only	2026-10-08T02:44:39.1876958Z   Python2_ROOT_DIR: /opt/hostedtoolcache/Python/3.13.16/x64
verify	Run pnpm dlx @arethetypeswrong/cli@0.18.5 --pack . --entrypoints ./angular --profile esm-only	2026-10-08T02:44:39.1877341Z   Python3_ROOT_DIR: /opt/hostedtoolcache/Python/3.13.16/x64
verify	Run pnpm dlx @arethetypeswrong/cli@0.18.5 --pack . --entrypoints ./angular --profile esm-only	2026-10-08T02:44:39.1877719Z   LD_LIBRARY_PATH: /opt/hostedtoolcache/Python/3.13.16/x64/lib
verify	Run pnpm dlx @arethetypeswrong/cli@0.18.5 --pack . --entrypoints ./angular --profile esm-only	2026-10-08T02:44:39.1878040Z ##[endgroup]
verify	Run pnpm dlx @arethetypeswrong/cli@0.18.5 --pack . --entrypoints ./angular --profile esm-only	2026-10-08T02:44:42.9227699Z 
verify	Run pnpm dlx @arethetypeswrong/cli@0.18.5 --pack . --entrypoints ./angular --profile esm-only	2026-10-08T02:44:42.9438935Z fountainjs-editor v0.4.0-beta.2
verify	Run pnpm dlx @arethetypeswrong/cli@0.18.5 --pack . --entrypoints ./angular --profile esm-only	2026-10-08T02:44:42.9439764Z 
verify	Run pnpm dlx @arethetypeswrong/cli@0.18.5 --pack . --entrypoints ./angular --profile esm-only	2026-10-08T02:44:42.9440169Z Build tools:
verify	Run pnpm dlx @arethetypeswrong/cli@0.18.5 --pack . --entrypoints ./angular --profile esm-only	2026-10-08T02:44:42.9440619Z - typescript@^7.0.2
verify	Run pnpm dlx @arethetypeswrong/cli@0.18.5 --pack . --entrypoints ./angular --profile esm-only	2026-10-08T02:44:42.9440994Z - vite@^8.2.2
verify	Run pnpm dlx @arethetypeswrong/cli@0.18.5 --pack . --entrypoints ./angular --profile esm-only	2026-10-08T02:44:42.9441205Z 
verify	Run pnpm dlx @arethetypeswrong/cli@0.18.5 --pack . --entrypoints ./angular --profile esm-only	2026-10-08T02:44:42.9441478Z  (ignoring resolutions: 'node10', 'node16-cjs')
verify	Run pnpm dlx @arethetypeswrong/cli@0.18.5 --pack . --entrypoints ./angular --profile esm-only	2026-10-08T02:44:42.9441854Z 
verify	Run pnpm dlx @arethetypeswrong/cli@0.18.5 --pack . --entrypoints ./angular --profile esm-only	2026-10-08T02:44:42.9444484Z (ignored per resolution) ⚠️ A require call resolved to an ESM JavaScript file, which is an error in Node and some bundlers. CommonJS consumers will need to use a dynamic import. https://github.com/arethetypeswrong/arethetypeswrong.github.io/blob/main/docs/problems/CJSResolvesToESM.md
verify	Run pnpm dlx @arethetypeswrong/cli@0.18.5 --pack . --entrypoints ./angular --profile esm-only	2026-10-08T02:44:42.9446067Z 
verify	Run pnpm dlx @arethetypeswrong/cli@0.18.5 --pack . --entrypoints ./angular --profile esm-only	2026-10-08T02:44:42.9446086Z 
verify	Run pnpm dlx @arethetypeswrong/cli@0.18.5 --pack . --entrypoints ./angular --profile esm-only	2026-10-08T02:44:42.9446479Z ┌───────────────────┬────────────────────────────────────────┐
verify	Run pnpm dlx @arethetypeswrong/cli@0.18.5 --pack . --entrypoints ./angular --profile esm-only	2026-10-08T02:44:42.9447043Z │                   │ "fountainjs-editor/angular"            │
verify	Run pnpm dlx @arethetypeswrong/cli@0.18.5 --pack . --entrypoints ./angular --profile esm-only	2026-10-08T02:44:42.9447602Z ├───────────────────┼────────────────────────────────────────┤
verify	Run pnpm dlx @arethetypeswrong/cli@0.18.5 --pack . --entrypoints ./angular --profile esm-only	2026-10-08T02:44:42.9448187Z │ node16 (from ESM) │ 🟢 (ESM)                               │
verify	Run pnpm dlx @arethetypeswrong/cli@0.18.5 --pack . --entrypoints ./angular --profile esm-only	2026-10-08T02:44:42.9448811Z ├───────────────────┼────────────────────────────────────────┤
verify	Run pnpm dlx @arethetypeswrong/cli@0.18.5 --pack . --entrypoints ./angular --profile esm-only	2026-10-08T02:44:42.9449330Z │ bundler           │ 🟢                                     │
verify	Run pnpm dlx @arethetypeswrong/cli@0.18.5 --pack . --entrypoints ./angular --profile esm-only	2026-10-08T02:44:42.9449874Z ├───────────────────┼────────────────────────────────────────┤
verify	Run pnpm dlx @arethetypeswrong/cli@0.18.5 --pack . --entrypoints ./angular --profile esm-only	2026-10-08T02:44:42.9450390Z │ node10            │ (ignored) 🟢                           │
verify	Run pnpm dlx @arethetypeswrong/cli@0.18.5 --pack . --entrypoints ./angular --profile esm-only	2026-10-08T02:44:42.9450974Z ├───────────────────┼────────────────────────────────────────┤
verify	Run pnpm dlx @arethetypeswrong/cli@0.18.5 --pack . --entrypoints ./angular --profile esm-only	2026-10-08T02:44:42.9451547Z │ node16 (from CJS) │ (ignored) ⚠️ ESM (dynamic import only) │
verify	Run pnpm dlx @arethetypeswrong/cli@0.18.5 --pack . --entrypoints ./angular --profile esm-only	2026-10-08T02:44:42.9452162Z └───────────────────┴────────────────────────────────────────┘
verify	Run pnpm exec vite build --base /fountainjs/	﻿2026-10-08T02:44:42.9837178Z ##[group]Run pnpm exec vite build --base /fountainjs/
verify	Run pnpm exec vite build --base /fountainjs/	2026-10-08T02:44:42.9837606Z ^[[36;1mpnpm exec vite build --base /fountainjs/^[[0m
verify	Run pnpm exec vite build --base /fountainjs/	2026-10-08T02:44:42.9899483Z shell: /usr/bin/bash -e {0}
verify	Run pnpm exec vite build --base /fountainjs/	2026-10-08T02:44:42.9899738Z env:
verify	Run pnpm exec vite build --base /fountainjs/	2026-10-08T02:44:42.9900003Z   PNPM_HOME: /home/runner/setup-pnpm/node_modules/.bin
verify	Run pnpm exec vite build --base /fountainjs/	2026-10-08T02:44:42.9900404Z   pythonLocation: /opt/hostedtoolcache/Python/3.13.16/x64
verify	Run pnpm exec vite build --base /fountainjs/	2026-10-08T02:44:42.9900844Z   PKG_CONFIG_PATH: /opt/hostedtoolcache/Python/3.13.16/x64/lib/pkgconfig
verify	Run pnpm exec vite build --base /fountainjs/	2026-10-08T02:44:42.9901278Z   Python_ROOT_DIR: /opt/hostedtoolcache/Python/3.13.16/x64
verify	Run pnpm exec vite build --base /fountainjs/	2026-10-08T02:44:42.9901662Z   Python2_ROOT_DIR: /opt/hostedtoolcache/Python/3.13.16/x64
verify	Run pnpm exec vite build --base /fountainjs/	2026-10-08T02:44:42.9902047Z   Python3_ROOT_DIR: /opt/hostedtoolcache/Python/3.13.16/x64
verify	Run pnpm exec vite build --base /fountainjs/	2026-10-08T02:44:42.9902435Z   LD_LIBRARY_PATH: /opt/hostedtoolcache/Python/3.13.16/x64/lib
verify	Run pnpm exec vite build --base /fountainjs/	2026-10-08T02:44:42.9902754Z ##[endgroup]
verify	Run pnpm exec vite build --base /fountainjs/	2026-10-08T02:44:44.4489288Z ^[[36mvite v8.2.2 ^[[32mbuilding client environment for production...^[[36m^[[39m
verify	Run pnpm exec vite build --base /fountainjs/	2026-10-08T02:44:44.4614906Z transforming...
verify	Run pnpm exec vite build --base /fountainjs/	2026-10-08T02:44:45.5281428Z ✓ 772 modules transformed.
verify	Run pnpm exec vite build --base /fountainjs/	2026-10-08T02:44:45.6726155Z rendering chunks...
verify	Run pnpm exec vite build --base /fountainjs/	2026-10-08T02:44:45.8756273Z computing gzip size...
verify	Run pnpm exec vite build --base /fountainjs/	2026-10-08T02:44:45.9115797Z examples/react-app/dist/workflows.html                                       0.75 kB │ gzip:   0.42 kB
verify	Run pnpm exec vite build --base /fountainjs/	2026-10-08T02:44:45.9117247Z examples/react-app/dist/developers.html                                      0.80 kB │ gzip:   0.43 kB
verify	Run pnpm exec vite build --base /fountainjs/	2026-10-08T02:44:45.9118286Z examples/react-app/dist/block-reordering.html                                0.97 kB │ gzip:   0.45 kB
verify	Run pnpm exec vite build --base /fountainjs/	2026-10-08T02:44:45.9119281Z examples/react-app/dist/demos.html                                           0.98 kB │ gzip:   0.46 kB
verify	Run pnpm exec vite build --base /fountainjs/	2026-10-08T02:44:45.9120249Z examples/react-app/dist/task-workflow.html                                   1.01 kB │ gzip:   0.46 kB
verify	Run pnpm exec vite build --base /fountainjs/	2026-10-08T02:44:45.9121229Z examples/react-app/dist/issue-editor.html                                    1.14 kB │ gzip:   0.47 kB
verify	Run pnpm exec vite build --base /fountainjs/	2026-10-08T02:44:45.9122904Z examples/react-app/dist/math-renderer.html                                   1.21 kB │ gzip:   0.48 kB
verify	Run pnpm exec vite build --base /fountainjs/	2026-10-08T02:44:45.9123772Z examples/react-app/dist/index.html                                           1.27 kB │ gzip:   0.51 kB
verify	Run pnpm exec vite build --base /fountainjs/	2026-10-08T02:44:45.9124606Z examples/react-app/dist/math-references.html                                 1.36 kB │ gzip:   0.53 kB
verify	Run pnpm exec vite build --base /fountainjs/	2026-10-08T02:44:45.9125624Z examples/react-app/dist/demos/vue-runbook.html                               1.57 kB │ gzip:   0.51 kB
verify	Run pnpm exec vite build --base /fountainjs/	2026-10-08T02:44:45.9126499Z examples/react-app/dist/demos/svelte-report.html                             1.57 kB │ gzip:   0.51 kB
verify	Run pnpm exec vite build --base /fountainjs/	2026-10-08T02:44:45.9127376Z examples/react-app/dist/demos/angular-media.html                             1.57 kB │ gzip:   0.51 kB
verify	Run pnpm exec vite build --base /fountainjs/	2026-10-08T02:44:45.9128243Z examples/react-app/dist/demos/react-article.html                             1.58 kB │ gzip:   0.51 kB
verify	Run pnpm exec vite build --base /fountainjs/	2026-10-08T02:44:45.9129137Z examples/react-app/dist/demos/python-content-api.html                        1.58 kB │ gzip:   0.51 kB
verify	Run pnpm exec vite build --base /fountainjs/	2026-10-08T02:44:45.9130034Z examples/react-app/dist/demos/go-docs-service.html                           1.59 kB │ gzip:   0.51 kB
verify	Run pnpm exec vite build --base /fountainjs/	2026-10-08T02:44:45.9130901Z examples/react-app/dist/demos/node-markdown.html                             1.59 kB │ gzip:   0.51 kB
verify	Run pnpm exec vite build --base /fountainjs/	2026-10-08T02:44:45.9131783Z examples/react-app/dist/demos/web-component-cms.html                         1.59 kB │ gzip:   0.52 kB
verify	Run pnpm exec vite build --base /fountainjs/	2026-10-08T02:44:45.9132660Z examples/react-app/dist/demos/plain-dom-notes.html                           1.59 kB │ gzip:   0.52 kB
verify	Run pnpm exec vite build --base /fountainjs/	2026-10-08T02:44:45.9134091Z examples/react-app/dist/demos/java-approval-workflow.html                    1.59 kB │ gzip:   0.51 kB
verify	Run pnpm exec vite build --base /fountainjs/	2026-10-08T02:44:45.9135341Z examples/react-app/dist/conversion-lab.html                                  1.96 kB │ gzip:   0.73 kB
verify	Run pnpm exec vite build --base /fountainjs/	2026-10-08T02:44:45.9136091Z examples/react-app/dist/assets/KaTeX_Size3-Regular-CTq5MqoE.woff             4.42 kB
verify	Run pnpm exec vite build --base /fountainjs/	2026-10-08T02:44:45.9136877Z examples/react-app/dist/assets/KaTeX_Size4-Regular-Dl5lxZxV.woff2            4.92 kB
verify	Run pnpm exec vite build --base /fountainjs/	2026-10-08T02:44:45.9137837Z examples/react-app/dist/assets/KaTeX_Size2-Regular-Dy4dx90m.woff2            5.20 kB
verify	Run pnpm exec vite build --base /fountainjs/	2026-10-08T02:44:45.9138490Z examples/react-app/dist/assets/KaTeX_Size1-Regular-mCD8mA8B.woff2            5.46 kB
verify	Run pnpm exec vite build --base /fountainjs/	2026-10-08T02:44:45.9139142Z examples/react-app/dist/assets/KaTeX_Size4-Regular-BF-4gkZK.woff             5.98 kB
verify	Run pnpm exec vite build --base /fountainjs/	2026-10-08T02:44:45.9139808Z examples/react-app/dist/assets/KaTeX_Size2-Regular-oD1tc_U0.woff             6.18 kB
verify	Run pnpm exec vite build --base /fountainjs/	2026-10-08T02:44:45.9140451Z examples/react-app/dist/assets/KaTeX_Size1-Regular-C195tn64.woff             6.49 kB
verify	Run pnpm exec vite build --base /fountainjs/	2026-10-08T02:44:45.9141103Z examples/react-app/dist/assets/KaTeX_Caligraphic-Regular-Di6jR-x-.woff2      6.90 kB
verify	Run pnpm exec vite build --base /fountainjs/	2026-10-08T02:44:45.9141782Z examples/react-app/dist/assets/KaTeX_Caligraphic-Bold-Dq_IR9rO.woff2         6.91 kB
verify	Run pnpm exec vite build --base /fountainjs/	2026-10-08T02:44:45.9142430Z examples/react-app/dist/assets/KaTeX_Size3-Regular-DgpXs0kz.ttf              7.58 kB
verify	Run pnpm exec vite build --base /fountainjs/	2026-10-08T02:44:45.9143244Z examples/react-app/dist/assets/KaTeX_Caligraphic-Regular-CTRA-rTL.woff       7.65 kB
verify	Run pnpm exec vite build --base /fountainjs/	2026-10-08T02:44:45.9143905Z examples/react-app/dist/assets/KaTeX_Caligraphic-Bold-BEiXGLvX.woff          7.71 kB
verify	Run pnpm exec vite build --base /fountainjs/	2026-10-08T02:44:45.9144555Z examples/react-app/dist/assets/KaTeX_Script-Regular-D3wIWfF6.woff2           9.64 kB
verify	Run pnpm exec vite build --base /fountainjs/	2026-10-08T02:44:45.9145818Z examples/react-app/dist/assets/KaTeX_SansSerif-Regular-DDBCnlJ7.woff2       10.34 kB
verify	Run pnpm exec vite build --base /fountainjs/	2026-10-08T02:44:45.9146795Z examples/react-app/dist/assets/KaTeX_Size4-Regular-DWFBv043.ttf             10.36 kB
verify	Run pnpm exec vite build --base /fountainjs/	2026-10-08T02:44:45.9147709Z examples/react-app/dist/assets/KaTeX_Script-Regular-D5yQViql.woff           10.58 kB
verify	Run pnpm exec vite build --base /fountainjs/	2026-10-08T02:44:45.9148612Z examples/react-app/dist/assets/KaTeX_Fraktur-Regular-CTYiF6lA.woff2         11.31 kB
verify	Run pnpm exec vite build --base /fountainjs/	2026-10-08T02:44:45.9149522Z examples/react-app/dist/assets/KaTeX_Fraktur-Bold-CL6g_b3V.woff2            11.34 kB
verify	Run pnpm exec vite build --base /fountainjs/	2026-10-08T02:44:45.9150430Z examples/react-app/dist/assets/KaTeX_Size2-Regular-B7gKUWhC.ttf             11.50 kB
verify	Run pnpm exec vite build --base /fountainjs/	2026-10-08T02:44:45.9151340Z examples/react-app/dist/assets/KaTeX_SansSerif-Italic-C3H0VqGB.woff2        12.02 kB
verify	Run pnpm exec vite build --base /fountainjs/	2026-10-08T02:44:45.9152248Z examples/react-app/dist/assets/KaTeX_SansSerif-Bold-D1sUS0GD.woff2          12.21 kB
verify	Run pnpm exec vite build --base /fountainjs/	2026-10-08T02:44:45.9153141Z examples/react-app/dist/assets/KaTeX_Size1-Regular-Dbsnue_I.ttf             12.22 kB
verify	Run pnpm exec vite build --base /fountainjs/	2026-10-08T02:44:45.9154067Z examples/react-app/dist/assets/KaTeX_SansSerif-Regular-CS6fqUqJ.woff        12.31 kB
verify	Run pnpm exec vite build --base /fountainjs/	2026-10-08T02:44:45.9155405Z examples/react-app/dist/assets/KaTeX_Caligraphic-Regular-wX97UBjC.ttf       12.34 kB
verify	Run pnpm exec vite build --base /fountainjs/	2026-10-08T02:44:45.9156150Z examples/react-app/dist/assets/KaTeX_Caligraphic-Bold-ATXxdsX0.ttf          12.36 kB
verify	Run pnpm exec vite build --base /fountainjs/	2026-10-08T02:44:45.9156814Z examples/react-app/dist/assets/KaTeX_Fraktur-Regular-Dxdc4cR9.woff          13.20 kB
verify	Run pnpm exec vite build --base /fountainjs/	2026-10-08T02:44:45.9157504Z examples/react-app/dist/assets/KaTeX_Fraktur-Bold-BsDP51OF.woff             13.29 kB
verify	Run pnpm exec vite build --base /fountainjs/	2026-10-08T02:44:45.9158640Z examples/react-app/dist/assets/KaTeX_Typewriter-Regular-CO6r4hn1.woff2      13.56 kB
verify	Run pnpm exec vite build --base /fountainjs/	2026-10-08T02:44:45.9159682Z examples/react-app/dist/assets/KaTeX_SansSerif-Italic-DN2j7dab.woff         14.11 kB
verify	Run pnpm exec vite build --base /fountainjs/	2026-10-08T02:44:45.9160357Z examples/react-app/dist/assets/KaTeX_SansSerif-Bold-DbIhKOiC.woff           14.40 kB
verify	Run pnpm exec vite build --base /fountainjs/	2026-10-08T02:44:45.9161020Z examples/react-app/dist/assets/KaTeX_Typewriter-Regular-C0xS9mPB.woff       16.02 kB
verify	Run pnpm exec vite build --base /fountainjs/	2026-10-08T02:44:45.9161675Z examples/react-app/dist/assets/KaTeX_Math-BoldItalic-CZnvNsCZ.woff2         16.40 kB
verify	Run pnpm exec vite build --base /fountainjs/	2026-10-08T02:44:45.9162320Z examples/react-app/dist/assets/KaTeX_Math-Italic-t53AETM-.woff2             16.44 kB
verify	Run pnpm exec vite build --base /fountainjs/	2026-10-08T02:44:45.9162959Z examples/react-app/dist/assets/KaTeX_Script-Regular-C5JkGWo-.ttf            16.64 kB
verify	Run pnpm exec vite build --base /fountainjs/	2026-10-08T02:44:45.9163609Z examples/react-app/dist/assets/KaTeX_Main-BoldItalic-DxDJ3AOS.woff2         16.78 kB
verify	Run pnpm exec vite build --base /fountainjs/	2026-10-08T02:44:45.9164246Z examples/react-app/dist/assets/KaTeX_Main-Italic-NWA7e6Wa.woff2             16.98 kB
verify	Run pnpm exec vite build --base /fountainjs/	2026-10-08T02:44:45.9164892Z examples/react-app/dist/assets/KaTeX_Math-BoldItalic-iY-2wyZ7.woff          18.66 kB
verify	Run pnpm exec vite build --base /fountainjs/	2026-10-08T02:44:45.9165812Z examples/react-app/dist/assets/KaTeX_Math-Italic-DA0__PXp.woff              18.74 kB
verify	Run pnpm exec vite build --base /fountainjs/	2026-10-08T02:44:45.9166660Z examples/react-app/dist/assets/KaTeX_Main-BoldItalic-SpSLRI95.woff          19.41 kB
verify	Run pnpm exec vite build --base /fountainjs/	2026-10-08T02:44:45.9167349Z examples/react-app/dist/assets/KaTeX_SansSerif-Regular-BNo7hRIc.ttf         19.43 kB
verify	Run pnpm exec vite build --base /fountainjs/	2026-10-08T02:44:45.9167999Z examples/react-app/dist/assets/KaTeX_Fraktur-Regular-CB_wures.ttf           19.57 kB
verify	Run pnpm exec vite build --base /fountainjs/	2026-10-08T02:44:45.9168635Z examples/react-app/dist/assets/KaTeX_Fraktur-Bold-BdnERNNW.ttf              19.58 kB
verify	Run pnpm exec vite build --base /fountainjs/	2026-10-08T02:44:45.9169268Z examples/react-app/dist/assets/KaTeX_Main-Italic-BMLOBm91.woff              19.67 kB
verify	Run pnpm exec vite build --base /fountainjs/	2026-10-08T02:44:45.9169914Z examples/react-app/dist/assets/KaTeX_SansSerif-Italic-YYjJ1zSn.ttf          22.36 kB
verify	Run pnpm exec vite build --base /fountainjs/	2026-10-08T02:44:45.9170555Z examples/react-app/dist/assets/KaTeX_SansSerif-Bold-CFMepnvq.ttf            24.50 kB
verify	Run pnpm exec vite build --base /fountainjs/	2026-10-08T02:44:45.9171194Z examples/react-app/dist/assets/KaTeX_Main-Bold-Cx986IdX.woff2               25.32 kB
verify	Run pnpm exec vite build --base /fountainjs/	2026-10-08T02:44:45.9171967Z examples/react-app/dist/assets/KaTeX_Main-Regular-B22Nviop.woff2            26.27 kB
verify	Run pnpm exec vite build --base /fountainjs/	2026-10-08T02:44:45.9172610Z examples/react-app/dist/assets/KaTeX_Typewriter-Regular-D3Ib7_Hf.ttf        27.55 kB
verify	Run pnpm exec vite build --base /fountainjs/	2026-10-08T02:44:45.9173247Z examples/react-app/dist/assets/KaTeX_AMS-Regular-BQhdFMY1.woff2             28.07 kB
verify	Run pnpm exec vite build --base /fountainjs/	2026-10-08T02:44:45.9173894Z examples/react-app/dist/assets/KaTeX_Main-Bold-Jm3AIy58.woff                29.91 kB
verify	Run pnpm exec vite build --base /fountainjs/	2026-10-08T02:44:45.9174525Z examples/react-app/dist/assets/KaTeX_Main-Regular-Dr94JaBh.woff             30.77 kB
verify	Run pnpm exec vite build --base /fountainjs/	2026-10-08T02:44:45.9175464Z examples/react-app/dist/assets/KaTeX_Math-BoldItalic-B3XSjfu4.ttf           31.19 kB
verify	Run pnpm exec vite build --base /fountainjs/	2026-10-08T02:44:45.9176155Z examples/react-app/dist/assets/KaTeX_Math-Italic-flOr_0UB.ttf               31.30 kB
verify	Run pnpm exec vite build --base /fountainjs/	2026-10-08T02:44:45.9176811Z examples/react-app/dist/assets/KaTeX_Main-BoldItalic-DzxPMmG6.ttf           32.96 kB
verify	Run pnpm exec vite build --base /fountainjs/	2026-10-08T02:44:45.9177458Z examples/react-app/dist/assets/KaTeX_AMS-Regular-DMm9YOAa.woff              33.51 kB
verify	Run pnpm exec vite build --base /fountainjs/	2026-10-08T02:44:45.9178107Z examples/react-app/dist/assets/KaTeX_Main-Italic-3WenGoN9.ttf               33.58 kB
verify	Run pnpm exec vite build --base /fountainjs/	2026-10-08T02:44:45.9178748Z examples/react-app/dist/assets/KaTeX_Main-Bold-waoOVXN0.ttf                 51.33 kB
verify	Run pnpm exec vite build --base /fountainjs/	2026-10-08T02:44:45.9179388Z examples/react-app/dist/assets/KaTeX_Main-Regular-ypZvNtVU.ttf              53.58 kB
verify	Run pnpm exec vite build --base /fountainjs/	2026-10-08T02:44:45.9180023Z examples/react-app/dist/assets/KaTeX_AMS-Regular-DRggAlZN.ttf               63.63 kB
verify	Run pnpm exec vite build --base /fountainjs/	2026-10-08T02:44:45.9180889Z examples/react-app/dist/assets/mathReferences-DZkUsBC7.css                   1.44 kB │ gzip:   0.49 kB
verify	Run pnpm exec vite build --base /fountainjs/	2026-10-08T02:44:45.9181768Z examples/react-app/dist/assets/math-renderer-Bzeyzs68.css                    1.92 kB │ gzip:   0.78 kB
verify	Run pnpm exec vite build --base /fountainjs/	2026-10-08T02:44:45.9182624Z examples/react-app/dist/assets/blockReordering-GRvXrbLU.css                  2.61 kB │ gzip:   0.87 kB
verify	Run pnpm exec vite build --base /fountainjs/	2026-10-08T02:44:45.9183471Z examples/react-app/dist/assets/issueEditor-BvOhe8Ue.css                      2.93 kB │ gzip:   1.07 kB
verify	Run pnpm exec vite build --base /fountainjs/	2026-10-08T02:44:45.9184310Z examples/react-app/dist/assets/demo-main-C6B5dMq3.css                        3.51 kB │ gzip:   1.14 kB
verify	Run pnpm exec vite build --base /fountainjs/	2026-10-08T02:44:45.9185427Z examples/react-app/dist/assets/conversionLab-D1_ybtx_.css                    4.49 kB │ gzip:   1.42 kB
verify	Run pnpm exec vite build --base /fountainjs/	2026-10-08T02:44:45.9186352Z examples/react-app/dist/assets/workflows-CUVZY_k3.css                        5.28 kB │ gzip:   1.55 kB
verify	Run pnpm exec vite build --base /fountainjs/	2026-10-08T02:44:45.9187190Z examples/react-app/dist/assets/developers-oZ5wSwzo.css                       7.85 kB │ gzip:   2.20 kB
verify	Run pnpm exec vite build --base /fountainjs/	2026-10-08T02:44:45.9188018Z examples/react-app/dist/assets/demos-8OEply4J.css                           20.89 kB │ gzip:   4.69 kB
verify	Run pnpm exec vite build --base /fountainjs/	2026-10-08T02:44:45.9188821Z examples/react-app/dist/assets/src-B23quapa.css                             28.26 kB │ gzip:   6.30 kB
verify	Run pnpm exec vite build --base /fountainjs/	2026-10-08T02:44:45.9189623Z examples/react-app/dist/assets/katex-QAR1SwR3.css                           30.38 kB │ gzip:   7.96 kB
verify	Run pnpm exec vite build --base /fountainjs/	2026-10-08T02:44:45.9190429Z examples/react-app/dist/assets/styles-DRIRbeFy.css                          80.16 kB │ gzip:  12.25 kB
verify	Run pnpm exec vite build --base /fountainjs/	2026-10-08T02:44:45.9191265Z examples/react-app/dist/assets/math-renderer-D9snoi-1.js                     0.95 kB │ gzip:   0.36 kB
verify	Run pnpm exec vite build --base /fountainjs/	2026-10-08T02:44:45.9192290Z examples/react-app/dist/assets/inline-atom-BLfPalX5-T1Fkhl41.js              1.31 kB │ gzip:   0.62 kB
verify	Run pnpm exec vite build --base /fountainjs/	2026-10-08T02:44:45.9193136Z examples/react-app/dist/assets/workflows-B0fiELdy.js                         4.50 kB │ gzip:   1.58 kB
verify	Run pnpm exec vite build --base /fountainjs/	2026-10-08T02:44:45.9193960Z examples/react-app/dist/assets/node-ids-B7ebk1BU.js                          6.13 kB │ gzip:   2.45 kB
verify	Run pnpm exec vite build --base /fountainjs/	2026-10-08T02:44:45.9194790Z examples/react-app/dist/assets/mathRenderer-CKR4Hmsb.js                      6.51 kB │ gzip:   2.78 kB
verify	Run pnpm exec vite build --base /fountainjs/	2026-10-08T02:44:45.9195911Z examples/react-app/dist/assets/demos-CCaQXFHM.js                             7.29 kB │ gzip:   2.66 kB
verify	Run pnpm exec vite build --base /fountainjs/	2026-10-08T02:44:45.9196745Z examples/react-app/dist/assets/taskWorkflow-Bjcr2frX.js                      7.47 kB │ gzip:   3.00 kB
verify	Run pnpm exec vite build --base /fountainjs/	2026-10-08T02:44:45.9197590Z examples/react-app/dist/assets/blockReordering-BIK7BIco.js                   9.52 kB │ gzip:   3.83 kB
verify	Run pnpm exec vite build --base /fountainjs/	2026-10-08T02:44:45.9198589Z examples/react-app/dist/assets/issueEditor-Cte31cvu.js                      11.05 kB │ gzip:   4.38 kB
verify	Run pnpm exec vite build --base /fountainjs/	2026-10-08T02:44:45.9199416Z examples/react-app/dist/assets/demos-Bs5m_CXW.js                            20.73 kB │ gzip:   7.89 kB
verify	Run pnpm exec vite build --base /fountainjs/	2026-10-08T02:44:45.9200234Z examples/react-app/dist/assets/svelte-report-CJfiC-t7.js                    46.00 kB │ gzip:  18.16 kB
verify	Run pnpm exec vite build --base /fountainjs/	2026-10-08T02:44:45.9201037Z examples/react-app/dist/assets/dist-Bjh_Vk-c.js                             46.27 kB │ gzip:  13.92 kB
verify	Run pnpm exec vite build --base /fountainjs/	2026-10-08T02:44:45.9201851Z examples/react-app/dist/assets/vue-runbook-DQ08eBSl.js                      59.35 kB │ gzip:  23.64 kB
verify	Run pnpm exec vite build --base /fountainjs/	2026-10-08T02:44:45.9202697Z examples/react-app/dist/assets/conversionLab-CMLI3Un3.js                    59.82 kB │ gzip:  19.68 kB
verify	Run pnpm exec vite build --base /fountainjs/	2026-10-08T02:44:45.9203532Z examples/react-app/dist/assets/demo-main-DJmT6tJA.js                        91.16 kB │ gzip:  28.13 kB
verify	Run pnpm exec vite build --base /fountainjs/	2026-10-08T02:44:45.9204355Z examples/react-app/dist/assets/react-CGyC0J7Y.js                            93.41 kB │ gzip:  26.41 kB
verify	Run pnpm exec vite build --base /fountainjs/	2026-10-08T02:44:45.9205434Z examples/react-app/dist/assets/developers-x0IKUWg3.js                      105.34 kB │ gzip:  29.81 kB
verify	Run pnpm exec vite build --base /fountainjs/	2026-10-08T02:44:45.9206304Z examples/react-app/dist/assets/docx-D67W450a.js                            152.29 kB │ gzip:  48.51 kB
verify	Run pnpm exec vite build --base /fountainjs/	2026-10-08T02:44:45.9207130Z examples/react-app/dist/assets/SitePageLink-F6rtmo3i.js                    191.26 kB │ gzip:  60.33 kB
verify	Run pnpm exec vite build --base /fountainjs/	2026-10-08T02:44:45.9207971Z examples/react-app/dist/assets/html-server-BfOEj0Hq.js                     213.03 kB │ gzip:  54.34 kB
verify	Run pnpm exec vite build --base /fountainjs/	2026-10-08T02:44:45.9208819Z examples/react-app/dist/assets/AmsConfiguration-Bewhz6r8.js                243.82 kB │ gzip:  75.29 kB
verify	Run pnpm exec vite build --base /fountainjs/	2026-10-08T02:44:45.9209659Z examples/react-app/dist/assets/katex.min-C7iIJkK6.js                       258.39 kB │ gzip:  77.55 kB
verify	Run pnpm exec vite build --base /fountainjs/	2026-10-08T02:44:45.9210493Z examples/react-app/dist/assets/main-DyA2niyF.js                            346.22 kB │ gzip:  98.67 kB
verify	Run pnpm exec vite build --base /fountainjs/	2026-10-08T02:44:45.9211305Z examples/react-app/dist/assets/styles-C1QBL7z6.js                          425.03 kB │ gzip: 135.47 kB
verify	Run pnpm exec vite build --base /fountainjs/	2026-10-08T02:44:45.9212128Z examples/react-app/dist/assets/campaign-DGaE1stj.js                        471.28 kB │ gzip: 153.44 kB
verify	Run pnpm exec vite build --base /fountainjs/	2026-10-08T02:44:45.9212991Z examples/react-app/dist/assets/mathReferences-EnONukMz.js                1,613.86 kB │ gzip: 627.29 kB
verify	Run pnpm exec vite build --base /fountainjs/	2026-10-08T02:44:45.9213384Z 
verify	Run pnpm exec vite build --base /fountainjs/	2026-10-08T02:44:45.9213671Z ^[[33m[plugin builtin:vite-reporter] 
verify	Run pnpm exec vite build --base /fountainjs/	2026-10-08T02:44:45.9214128Z (!) Some chunks are larger than 500 kB after minification. Consider:
verify	Run pnpm exec vite build --base /fountainjs/	2026-10-08T02:44:45.9214610Z - Using dynamic import() to code-split the application
verify	Run pnpm exec vite build --base /fountainjs/	2026-10-08T02:44:45.9215675Z - Use build.rolldownOptions.output.codeSplitting to improve chunking: https://rolldown.rs/reference/OutputOptions.codeSplitting
verify	Run pnpm exec vite build --base /fountainjs/	2026-10-08T02:44:45.9216590Z - Adjust chunk size limit for this warning via build.chunkSizeWarningLimit.^[[39m
verify	Run pnpm exec vite build --base /fountainjs/	2026-10-08T02:44:45.9217077Z ^[[32m✓ built in 1.46s^[[39m
verify	Run pnpm pack --dry-run	﻿2026-10-08T02:44:46.0438771Z ##[group]Run pnpm pack --dry-run
verify	Run pnpm pack --dry-run	2026-10-08T02:44:46.0439121Z ^[[36;1mpnpm pack --dry-run^[[0m
verify	Run pnpm pack --dry-run	2026-10-08T02:44:46.0500144Z shell: /usr/bin/bash -e {0}
verify	Run pnpm pack --dry-run	2026-10-08T02:44:46.0500402Z env:
verify	Run pnpm pack --dry-run	2026-10-08T02:44:46.0500668Z   PNPM_HOME: /home/runner/setup-pnpm/node_modules/.bin
verify	Run pnpm pack --dry-run	2026-10-08T02:44:46.0501083Z   pythonLocation: /opt/hostedtoolcache/Python/3.13.16/x64
verify	Run pnpm pack --dry-run	2026-10-08T02:44:46.0501516Z   PKG_CONFIG_PATH: /opt/hostedtoolcache/Python/3.13.16/x64/lib/pkgconfig
verify	Run pnpm pack --dry-run	2026-10-08T02:44:46.0501940Z   Python_ROOT_DIR: /opt/hostedtoolcache/Python/3.13.16/x64
verify	Run pnpm pack --dry-run	2026-10-08T02:44:46.0502324Z   Python2_ROOT_DIR: /opt/hostedtoolcache/Python/3.13.16/x64
verify	Run pnpm pack --dry-run	2026-10-08T02:44:46.0502707Z   Python3_ROOT_DIR: /opt/hostedtoolcache/Python/3.13.16/x64
verify	Run pnpm pack --dry-run	2026-10-08T02:44:46.0503090Z   LD_LIBRARY_PATH: /opt/hostedtoolcache/Python/3.13.16/x64/lib
verify	Run pnpm pack --dry-run	2026-10-08T02:44:46.0503412Z ##[endgroup]
verify	Run pnpm pack --dry-run	2026-10-08T02:44:46.8217917Z package: fountainjs-editor@0.4.0-beta.2
verify	Run pnpm pack --dry-run	2026-10-08T02:44:46.8218633Z Tarball Contents
verify	Run pnpm pack --dry-run	2026-10-08T02:44:46.8219063Z api-surface.json
verify	Run pnpm pack --dry-run	2026-10-08T02:44:46.8219563Z CHANGELOG.md
verify	Run pnpm pack --dry-run	2026-10-08T02:44:46.8220286Z dist/ai-conversation.cjs
verify	Run pnpm pack --dry-run	2026-10-08T02:44:46.8220610Z dist/ai-conversation.cjs.map
verify	Run pnpm pack --dry-run	2026-10-08T02:44:46.8220924Z dist/ai-conversation.js
verify	Run pnpm pack --dry-run	2026-10-08T02:44:46.8221214Z dist/ai-conversation.js.map
verify	Run pnpm pack --dry-run	2026-10-08T02:44:46.8221559Z dist/ai-document-tools.cjs
verify	Run pnpm pack --dry-run	2026-10-08T02:44:46.8221887Z dist/ai-document-tools.cjs.map
verify	Run pnpm pack --dry-run	2026-10-08T02:44:46.8222195Z dist/ai-document-tools.js
verify	Run pnpm pack --dry-run	2026-10-08T02:44:46.8222490Z dist/ai-document-tools.js.map
verify	Run pnpm pack --dry-run	2026-10-08T02:44:46.8222800Z dist/ai-generated-media.cjs
verify	Run pnpm pack --dry-run	2026-10-08T02:44:46.8223148Z dist/ai-generated-media.cjs.map
verify	Run pnpm pack --dry-run	2026-10-08T02:44:46.8223458Z dist/ai-generated-media.js
verify	Run pnpm pack --dry-run	2026-10-08T02:44:46.8223779Z dist/ai-generated-media.js.map
verify	Run pnpm pack --dry-run	2026-10-08T02:44:46.8224080Z dist/ai/controller.d.cts
verify	Run pnpm pack --dry-run	2026-10-08T02:44:46.8224354Z dist/ai/controller.d.ts
verify	Run pnpm pack --dry-run	2026-10-08T02:44:46.8224633Z dist/ai/conversation.d.cts
verify	Run pnpm pack --dry-run	2026-10-08T02:44:46.8224928Z dist/ai/conversation.d.ts
verify	Run pnpm pack --dry-run	2026-10-08T02:44:46.8225630Z dist/ai/document-tools.d.cts
verify	Run pnpm pack --dry-run	2026-10-08T02:44:46.8226156Z dist/ai/document-tools.d.ts
verify	Run pnpm pack --dry-run	2026-10-08T02:44:46.8226609Z dist/ai/generated-media.d.cts
verify	Run pnpm pack --dry-run	2026-10-08T02:44:46.8226941Z dist/ai/generated-media.d.ts
verify	Run pnpm pack --dry-run	2026-10-08T02:44:46.8227245Z dist/ai/index.d.cts
verify	Run pnpm pack --dry-run	2026-10-08T02:44:46.8227517Z dist/ai/index.d.ts
verify	Run pnpm pack --dry-run	2026-10-08T02:44:46.8227820Z dist/ai/mcp-adapter.d.cts
verify	Run pnpm pack --dry-run	2026-10-08T02:44:46.8228132Z dist/ai/mcp-adapter.d.ts
verify	Run pnpm pack --dry-run	2026-10-08T02:44:46.8228448Z dist/ai/types.d.cts
verify	Run pnpm pack --dry-run	2026-10-08T02:44:46.8228730Z dist/ai/types.d.ts
verify	Run pnpm pack --dry-run	2026-10-08T02:44:46.8229021Z dist/angular/index.d.ts
verify	Run pnpm pack --dry-run	2026-10-08T02:44:46.8229310Z dist/angular/index.js
verify	Run pnpm pack --dry-run	2026-10-08T02:44:46.8229725Z dist/angular/index.js.map
verify	Run pnpm pack --dry-run	2026-10-08T02:44:46.8230082Z dist/collaboration-BubriAbK.js
verify	Run pnpm pack --dry-run	2026-10-08T02:44:46.8230529Z dist/collaboration-BubriAbK.js.map
verify	Run pnpm pack --dry-run	2026-10-08T02:44:46.8230994Z dist/collaboration-core-6QLxBCsv.cjs
verify	Run pnpm pack --dry-run	2026-10-08T02:44:46.8231454Z dist/collaboration-core-6QLxBCsv.cjs.map
verify	Run pnpm pack --dry-run	2026-10-08T02:44:46.8231875Z dist/collaboration-core-B-I53ZbT.js
verify	Run pnpm pack --dry-run	2026-10-08T02:44:46.8232262Z dist/collaboration-core-B-I53ZbT.js.map
verify	Run pnpm pack --dry-run	2026-10-08T02:44:46.8232636Z dist/collaboration-DHfWMt2l.cjs
verify	Run pnpm pack --dry-run	2026-10-08T02:44:46.8232982Z dist/collaboration-DHfWMt2l.cjs.map
verify	Run pnpm pack --dry-run	2026-10-08T02:44:46.8233333Z dist/command-manager-CSDUCeVE.js
verify	Run pnpm pack --dry-run	2026-10-08T02:44:46.8233674Z dist/command-manager-CSDUCeVE.js.map
verify	Run pnpm pack --dry-run	2026-10-08T02:44:46.8234039Z dist/command-manager-DU4ahU5C.cjs
verify	Run pnpm pack --dry-run	2026-10-08T02:44:46.8234401Z dist/command-manager-DU4ahU5C.cjs.map
verify	Run pnpm pack --dry-run	2026-10-08T02:44:46.8234723Z dist/commands-CbdzHnQ0.js
verify	Run pnpm pack --dry-run	2026-10-08T02:44:46.8235007Z dist/commands-CbdzHnQ0.js.map
verify	Run pnpm pack --dry-run	2026-10-08T02:44:46.8235446Z dist/commands-Dr-WPdEG.cjs
verify	Run pnpm pack --dry-run	2026-10-08T02:44:46.8235767Z dist/commands-Dr-WPdEG.cjs.map
verify	Run pnpm pack --dry-run	2026-10-08T02:44:46.8236051Z dist/comments.cjs
verify	Run pnpm pack --dry-run	2026-10-08T02:44:46.8236285Z dist/comments.cjs.map
verify	Run pnpm pack --dry-run	2026-10-08T02:44:46.8236540Z dist/comments.js
verify	Run pnpm pack --dry-run	2026-10-08T02:44:46.8236783Z dist/comments.js.map
verify	Run pnpm pack --dry-run	2026-10-08T02:44:46.8237041Z dist/comments/index.d.cts
verify	Run pnpm pack --dry-run	2026-10-08T02:44:46.8237316Z dist/comments/index.d.ts
verify	Run pnpm pack --dry-run	2026-10-08T02:44:46.8237647Z dist/content-expression-CuobUc-r.js
verify	Run pnpm pack --dry-run	2026-10-08T02:44:46.8238001Z dist/content-expression-CuobUc-r.js.map
verify	Run pnpm pack --dry-run	2026-10-08T02:44:46.8238678Z dist/content-expression-YXcFdjFU.cjs
verify	Run pnpm pack --dry-run	2026-10-08T02:44:46.8239072Z dist/content-expression-YXcFdjFU.cjs.map
verify	Run pnpm pack --dry-run	2026-10-08T02:44:46.8239378Z dist/core.cjs
verify	Run pnpm pack --dry-run	2026-10-08T02:44:46.8239596Z dist/core.js
verify	Run pnpm pack --dry-run	2026-10-08T02:44:46.8239826Z dist/core/commands.d.cts
verify	Run pnpm pack --dry-run	2026-10-08T02:44:46.8240092Z dist/core/commands.d.ts
verify	Run pnpm pack --dry-run	2026-10-08T02:44:46.8240361Z dist/core/decoration.d.cts
verify	Run pnpm pack --dry-run	2026-10-08T02:44:46.8240629Z dist/core/decoration.d.ts
verify	Run pnpm pack --dry-run	2026-10-08T02:44:46.8240882Z dist/core/editor.d.cts
verify	Run pnpm pack --dry-run	2026-10-08T02:44:46.8241137Z dist/core/editor.d.ts
verify	Run pnpm pack --dry-run	2026-10-08T02:44:46.8241427Z dist/core/explicit-emphasis.d.cts
verify	Run pnpm pack --dry-run	2026-10-08T02:44:46.8241765Z dist/core/explicit-emphasis.d.ts
verify	Run pnpm pack --dry-run	2026-10-08T02:44:46.8242104Z dist/core/exporters/html-exporter.d.cts
verify	Run pnpm pack --dry-run	2026-10-08T02:44:46.8242458Z dist/core/exporters/html-exporter.d.ts
verify	Run pnpm pack --dry-run	2026-10-08T02:44:46.8242824Z dist/core/exporters/json-exporter.d.cts
verify	Run pnpm pack --dry-run	2026-10-08T02:44:46.8243193Z dist/core/exporters/json-exporter.d.ts
verify	Run pnpm pack --dry-run	2026-10-08T02:44:46.8243569Z dist/core/exporters/markdown-exporter.d.cts
verify	Run pnpm pack --dry-run	2026-10-08T02:44:46.8243968Z dist/core/exporters/markdown-exporter.d.ts
verify	Run pnpm pack --dry-run	2026-10-08T02:44:46.8244506Z dist/core/exporters/text-exporter.d.cts
verify	Run pnpm pack --dry-run	2026-10-08T02:44:46.8244863Z dist/core/exporters/text-exporter.d.ts
verify	Run pnpm pack --dry-run	2026-10-08T02:44:46.8245340Z dist/core/html-comment.d.cts
verify	Run pnpm pack --dry-run	2026-10-08T02:44:46.8245628Z dist/core/html-comment.d.ts
verify	Run pnpm pack --dry-run	2026-10-08T02:44:46.8245915Z dist/core/html-flow.d.cts
verify	Run pnpm pack --dry-run	2026-10-08T02:44:46.8246190Z dist/core/html-flow.d.ts
verify	Run pnpm pack --dry-run	2026-10-08T02:44:46.8246476Z dist/core/image-caption.d.cts
verify	Run pnpm pack --dry-run	2026-10-08T02:44:46.8246768Z dist/core/image-caption.d.ts
verify	Run pnpm pack --dry-run	2026-10-08T02:44:46.8247024Z dist/core/image.d.cts
verify	Run pnpm pack --dry-run	2026-10-08T02:44:46.8247279Z dist/core/image.d.ts
verify	Run pnpm pack --dry-run	2026-10-08T02:44:46.8247604Z dist/core/importers/html-definition-list.d.cts
verify	Run pnpm pack --dry-run	2026-10-08T02:44:46.8248013Z dist/core/importers/html-definition-list.d.ts
verify	Run pnpm pack --dry-run	2026-10-08T02:44:46.8248396Z dist/core/importers/html-importer.d.cts
verify	Run pnpm pack --dry-run	2026-10-08T02:44:46.8248762Z dist/core/importers/html-importer.d.ts
verify	Run pnpm pack --dry-run	2026-10-08T02:44:46.8249128Z dist/core/importers/html-link-url.d.cts
verify	Run pnpm pack --dry-run	2026-10-08T02:44:46.8249495Z dist/core/importers/html-link-url.d.ts
verify	Run pnpm pack --dry-run	2026-10-08T02:44:46.8249840Z dist/core/importers/html-list.d.cts
verify	Run pnpm pack --dry-run	2026-10-08T02:44:46.8250171Z dist/core/importers/html-list.d.ts
verify	Run pnpm pack --dry-run	2026-10-08T02:44:46.8250534Z dist/core/importers/html-page-settings.d.cts
verify	Run pnpm pack --dry-run	2026-10-08T02:44:46.8250929Z dist/core/importers/html-page-settings.d.ts
verify	Run pnpm pack --dry-run	2026-10-08T02:44:46.8251293Z dist/core/importers/html-table.d.cts
verify	Run pnpm pack --dry-run	2026-10-08T02:44:46.8251641Z dist/core/importers/html-table.d.ts
verify	Run pnpm pack --dry-run	2026-10-08T02:44:46.8251996Z dist/core/importers/markdown-importer.d.cts
verify	Run pnpm pack --dry-run	2026-10-08T02:44:46.8252376Z dist/core/importers/markdown-importer.d.ts
verify	Run pnpm pack --dry-run	2026-10-08T02:44:46.8252698Z dist/core/index.d.cts
verify	Run pnpm pack --dry-run	2026-10-08T02:44:46.8252950Z dist/core/index.d.ts
verify	Run pnpm pack --dry-run	2026-10-08T02:44:46.8253238Z dist/core/link-destination.d.cts
verify	Run pnpm pack --dry-run	2026-10-08T02:44:46.8253578Z dist/core/link-destination.d.ts
verify	Run pnpm pack --dry-run	2026-10-08T02:44:46.8253914Z dist/core/markdown-entities.d.cts
verify	Run pnpm pack --dry-run	2026-10-08T02:44:46.8254249Z dist/core/markdown-entities.d.ts
verify	Run pnpm pack --dry-run	2026-10-08T02:44:46.8254551Z dist/core/markdown-html.d.cts
verify	Run pnpm pack --dry-run	2026-10-08T02:44:46.8254852Z dist/core/markdown-html.d.ts
verify	Run pnpm pack --dry-run	2026-10-08T02:44:46.8255267Z dist/core/markdown-tex.d.cts
verify	Run pnpm pack --dry-run	2026-10-08T02:44:46.8255561Z dist/core/markdown-tex.d.ts
verify	Run pnpm pack --dry-run	2026-10-08T02:44:46.8255870Z dist/core/math-expression.d.cts
verify	Run pnpm pack --dry-run	2026-10-08T02:44:46.8256196Z dist/core/math-expression.d.ts
verify	Run pnpm pack --dry-run	2026-10-08T02:44:46.8256490Z dist/core/page-settings.d.cts
verify	Run pnpm pack --dry-run	2026-10-08T02:44:46.8256763Z dist/core/page-settings.d.ts
verify	Run pnpm pack --dry-run	2026-10-08T02:44:46.8257099Z dist/core/paragraph-layout.d.cts
verify	Run pnpm pack --dry-run	2026-10-08T02:44:46.8257417Z dist/core/paragraph-layout.d.ts
verify	Run pnpm pack --dry-run	2026-10-08T02:44:46.8257707Z dist/core/platform.d.cts
verify	Run pnpm pack --dry-run	2026-10-08T02:44:46.8257985Z dist/core/platform.d.ts
verify	Run pnpm pack --dry-run	2026-10-08T02:44:46.8258249Z dist/core/plugin.d.cts
verify	Run pnpm pack --dry-run	2026-10-08T02:44:46.8258491Z dist/core/plugin.d.ts
verify	Run pnpm pack --dry-run	2026-10-08T02:44:46.8258800Z dist/core/schema/content-expression.d.cts
verify	Run pnpm pack --dry-run	2026-10-08T02:44:46.8259180Z dist/core/schema/content-expression.d.ts
verify	Run pnpm pack --dry-run	2026-10-08T02:44:46.8259520Z dist/core/schema/index.d.cts
verify	Run pnpm pack --dry-run	2026-10-08T02:44:46.8259785Z dist/core/schema/index.d.ts
verify	Run pnpm pack --dry-run	2026-10-08T02:44:46.8260098Z dist/core/schema/mark-spec.d.cts
verify	Run pnpm pack --dry-run	2026-10-08T02:44:46.8260609Z dist/core/schema/mark-spec.d.ts
verify	Run pnpm pack --dry-run	2026-10-08T02:44:46.8260904Z dist/core/schema/mark.d.cts
verify	Run pnpm pack --dry-run	2026-10-08T02:44:46.8261166Z dist/core/schema/mark.d.ts
verify	Run pnpm pack --dry-run	2026-10-08T02:44:46.8261466Z dist/core/schema/node-spec.d.cts
verify	Run pnpm pack --dry-run	2026-10-08T02:44:46.8261783Z dist/core/schema/node-spec.d.ts
verify	Run pnpm pack --dry-run	2026-10-08T02:44:46.8262073Z dist/core/schema/node.d.cts
verify	Run pnpm pack --dry-run	2026-10-08T02:44:46.8262347Z dist/core/schema/node.d.ts
verify	Run pnpm pack --dry-run	2026-10-08T02:44:46.8262623Z dist/core/schema/schema.d.cts
verify	Run pnpm pack --dry-run	2026-10-08T02:44:46.8262905Z dist/core/schema/schema.d.ts
verify	Run pnpm pack --dry-run	2026-10-08T02:44:46.8263162Z dist/core/search.d.cts
verify	Run pnpm pack --dry-run	2026-10-08T02:44:46.8263416Z dist/core/search.d.ts
verify	Run pnpm pack --dry-run	2026-10-08T02:44:46.8263675Z dist/core/selection.d.cts
verify	Run pnpm pack --dry-run	2026-10-08T02:44:46.8263949Z dist/core/selection.d.ts
verify	Run pnpm pack --dry-run	2026-10-08T02:44:46.8264208Z dist/core/state.d.cts
verify	Run pnpm pack --dry-run	2026-10-08T02:44:46.8264438Z dist/core/state.d.ts
verify	Run pnpm pack --dry-run	2026-10-08T02:44:46.8264735Z dist/core/structure-commands.d.cts
verify	Run pnpm pack --dry-run	2026-10-08T02:44:46.8265299Z dist/core/structure-commands.d.ts
verify	Run pnpm pack --dry-run	2026-10-08T02:44:46.8265806Z dist/core/table-appearance.d.cts
verify	Run pnpm pack --dry-run	2026-10-08T02:44:46.8266338Z dist/core/table-appearance.d.ts
verify	Run pnpm pack --dry-run	2026-10-08T02:44:46.8266681Z dist/core/table-background.d.cts
verify	Run pnpm pack --dry-run	2026-10-08T02:44:46.8266999Z dist/core/table-background.d.ts
verify	Run pnpm pack --dry-run	2026-10-08T02:44:46.8267313Z dist/core/table-commands.d.cts
verify	Run pnpm pack --dry-run	2026-10-08T02:44:46.8267611Z dist/core/table-commands.d.ts
verify	Run pnpm pack --dry-run	2026-10-08T02:44:46.8267898Z dist/core/table-layout.d.cts
verify	Run pnpm pack --dry-run	2026-10-08T02:44:46.8268181Z dist/core/table-layout.d.ts
verify	Run pnpm pack --dry-run	2026-10-08T02:44:46.8268445Z dist/core/table-map.d.cts
verify	Run pnpm pack --dry-run	2026-10-08T02:44:46.8268714Z dist/core/table-map.d.ts
verify	Run pnpm pack --dry-run	2026-10-08T02:44:46.8268983Z dist/core/table-width.d.cts
verify	Run pnpm pack --dry-run	2026-10-08T02:44:46.8269261Z dist/core/table-width.d.ts
verify	Run pnpm pack --dry-run	2026-10-08T02:44:46.8269532Z dist/core/tex-table.d.cts
verify	Run pnpm pack --dry-run	2026-10-08T02:44:46.8269804Z dist/core/tex-table.d.ts
verify	Run pnpm pack --dry-run	2026-10-08T02:44:46.8270096Z dist/core/text-direction.d.cts
verify	Run pnpm pack --dry-run	2026-10-08T02:44:46.8270397Z dist/core/text-direction.d.ts
verify	Run pnpm pack --dry-run	2026-10-08T02:44:46.8270736Z dist/core/text-replacement-selection.d.cts
verify	Run pnpm pack --dry-run	2026-10-08T02:44:46.8271123Z dist/core/text-replacement-selection.d.ts
verify	Run pnpm pack --dry-run	2026-10-08T02:44:46.8271509Z dist/core/transaction/add-mark-step.d.cts
verify	Run pnpm pack --dry-run	2026-10-08T02:44:46.8271870Z dist/core/transaction/add-mark-step.d.ts
verify	Run pnpm pack --dry-run	2026-10-08T02:44:46.8272216Z dist/core/transaction/index.d.cts
verify	Run pnpm pack --dry-run	2026-10-08T02:44:46.8272543Z dist/core/transaction/index.d.ts
verify	Run pnpm pack --dry-run	2026-10-08T02:44:46.8272892Z dist/core/transaction/insert-text-step.d.cts
verify	Run pnpm pack --dry-run	2026-10-08T02:44:46.8273277Z dist/core/transaction/insert-text-step.d.ts
verify	Run pnpm pack --dry-run	2026-10-08T02:44:46.8273644Z dist/core/transaction/mapping.d.cts
verify	Run pnpm pack --dry-run	2026-10-08T02:44:46.8273998Z dist/core/transaction/mapping.d.ts
verify	Run pnpm pack --dry-run	2026-10-08T02:44:46.8274347Z dist/core/transaction/mark-range-step.d.cts
verify	Run pnpm pack --dry-run	2026-10-08T02:44:46.8274725Z dist/core/transaction/mark-range-step.d.ts
verify	Run pnpm pack --dry-run	2026-10-08T02:44:46.8275208Z dist/core/transaction/path.d.cts
verify	Run pnpm pack --dry-run	2026-10-08T02:44:46.8275538Z dist/core/transaction/path.d.ts
verify	Run pnpm pack --dry-run	2026-10-08T02:44:46.8275890Z dist/core/transaction/remove-mark-step.d.cts
verify	Run pnpm pack --dry-run	2026-10-08T02:44:46.8276277Z dist/core/transaction/remove-mark-step.d.ts
verify	Run pnpm pack --dry-run	2026-10-08T02:44:46.8276689Z dist/core/transaction/replace-document-step.d.cts
verify	Run pnpm pack --dry-run	2026-10-08T02:44:46.8277150Z dist/core/transaction/replace-document-step.d.ts
verify	Run pnpm pack --dry-run	2026-10-08T02:44:46.8277570Z dist/core/transaction/replace-node-step.d.cts
verify	Run pnpm pack --dry-run	2026-10-08T02:44:46.8277964Z dist/core/transaction/replace-node-step.d.ts
verify	Run pnpm pack --dry-run	2026-10-08T02:44:46.8278352Z dist/core/transaction/replace-step.d.cts
verify	Run pnpm pack --dry-run	2026-10-08T02:44:46.8278718Z dist/core/transaction/replace-step.d.ts
verify	Run pnpm pack --dry-run	2026-10-08T02:44:46.8279124Z dist/core/transaction/replace-text-range-step.d.cts
verify	Run pnpm pack --dry-run	2026-10-08T02:44:46.8279562Z dist/core/transaction/replace-text-range-step.d.ts
verify	Run pnpm pack --dry-run	2026-10-08T02:44:46.8279998Z dist/core/transaction/replace-text-step.d.cts
verify	Run pnpm pack --dry-run	2026-10-08T02:44:46.8280384Z dist/core/transaction/replace-text-step.d.ts
verify	Run pnpm pack --dry-run	2026-10-08T02:44:46.8280779Z dist/core/transaction/set-node-attrs-step.d.cts
verify	Run pnpm pack --dry-run	2026-10-08T02:44:46.8281191Z dist/core/transaction/set-node-attrs-step.d.ts
verify	Run pnpm pack --dry-run	2026-10-08T02:44:46.8281570Z dist/core/transaction/step.d.cts
verify	Run pnpm pack --dry-run	2026-10-08T02:44:46.8281889Z dist/core/transaction/step.d.ts
verify	Run pnpm pack --dry-run	2026-10-08T02:44:46.8282222Z dist/core/transaction/transaction.d.cts
verify	Run pnpm pack --dry-run	2026-10-08T02:44:46.8282734Z dist/core/transaction/transaction.d.ts
verify	Run pnpm pack --dry-run	2026-10-08T02:44:46.8283107Z dist/core/transaction/transform.d.cts
verify	Run pnpm pack --dry-run	2026-10-08T02:44:46.8283454Z dist/core/transaction/transform.d.ts
verify	Run pnpm pack --dry-run	2026-10-08T02:44:46.8283804Z dist/core/unicode-case-fold-data.d.cts
verify	Run pnpm pack --dry-run	2026-10-08T02:44:46.8284155Z dist/core/unicode-case-fold-data.d.ts
verify	Run pnpm pack --dry-run	2026-10-08T02:44:46.8284504Z dist/core/unicode-case-fold.d.cts
verify	Run pnpm pack --dry-run	2026-10-08T02:44:46.8284847Z dist/core/unicode-case-fold.d.ts
verify	Run pnpm pack --dry-run	2026-10-08T02:44:46.8285263Z dist/core/url.d.cts
verify	Run pnpm pack --dry-run	2026-10-08T02:44:46.8285494Z dist/core/url.d.ts
verify	Run pnpm pack --dry-run	2026-10-08T02:44:46.8285769Z dist/decoration-CuT1b7BC.js
verify	Run pnpm pack --dry-run	2026-10-08T02:44:46.8286090Z dist/decoration-CuT1b7BC.js.map
verify	Run pnpm pack --dry-run	2026-10-08T02:44:46.8286396Z dist/decoration-jVx4B2Pl.cjs
verify	Run pnpm pack --dry-run	2026-10-08T02:44:46.8286720Z dist/decoration-jVx4B2Pl.cjs.map
verify	Run pnpm pack --dry-run	2026-10-08T02:44:46.8287006Z dist/details.cjs
verify	Run pnpm pack --dry-run	2026-10-08T02:44:46.8287250Z dist/details.cjs.map
verify	Run pnpm pack --dry-run	2026-10-08T02:44:46.8287486Z dist/details.js
verify	Run pnpm pack --dry-run	2026-10-08T02:44:46.8287727Z dist/details.js.map
verify	Run pnpm pack --dry-run	2026-10-08T02:44:46.8287987Z dist/details/index.d.cts
verify	Run pnpm pack --dry-run	2026-10-08T02:44:46.8288389Z dist/details/index.d.ts
verify	Run pnpm pack --dry-run	2026-10-08T02:44:46.8288704Z dist/direction-scope-BdkTLAa9.cjs
verify	Run pnpm pack --dry-run	2026-10-08T02:44:46.8289053Z dist/direction-scope-BdkTLAa9.cjs.map
verify	Run pnpm pack --dry-run	2026-10-08T02:44:46.8289399Z dist/direction-scope-DBvkWtZm.js
verify	Run pnpm pack --dry-run	2026-10-08T02:44:46.8289746Z dist/direction-scope-DBvkWtZm.js.map
verify	Run pnpm pack --dry-run	2026-10-08T02:44:46.8290081Z dist/document-utilities.cjs
verify	Run pnpm pack --dry-run	2026-10-08T02:44:46.8290392Z dist/document-utilities.cjs.map
verify	Run pnpm pack --dry-run	2026-10-08T02:44:46.8290694Z dist/document-utilities.d.cts
verify	Run pnpm pack --dry-run	2026-10-08T02:44:46.8290994Z dist/document-utilities.d.ts
verify	Run pnpm pack --dry-run	2026-10-08T02:44:46.8291267Z dist/document-utilities.js
verify	Run pnpm pack --dry-run	2026-10-08T02:44:46.8291577Z dist/document-utilities.js.map
verify	Run pnpm pack --dry-run	2026-10-08T02:44:46.8291850Z dist/docx.cjs
verify	Run pnpm pack --dry-run	2026-10-08T02:44:46.8292081Z dist/docx.cjs.map
verify	Run pnpm pack --dry-run	2026-10-08T02:44:46.8292305Z dist/docx.js
verify	Run pnpm pack --dry-run	2026-10-08T02:44:46.8292508Z dist/docx.js.map
verify	Run pnpm pack --dry-run	2026-10-08T02:44:46.8292752Z dist/docx/index.d.cts
verify	Run pnpm pack --dry-run	2026-10-08T02:44:46.8293007Z dist/docx/index.d.ts
verify	Run pnpm pack --dry-run	2026-10-08T02:44:46.8293270Z dist/docx/math-parser.d.cts
verify	Run pnpm pack --dry-run	2026-10-08T02:44:46.8293568Z dist/docx/math-parser.d.ts
verify	Run pnpm pack --dry-run	2026-10-08T02:44:46.8293837Z dist/docx/math.d.cts
verify	Run pnpm pack --dry-run	2026-10-08T02:44:46.8294079Z dist/docx/math.d.ts
verify	Run pnpm pack --dry-run	2026-10-08T02:44:46.8294348Z dist/docx/paragraph-style.d.cts
verify	Run pnpm pack --dry-run	2026-10-08T02:44:46.8294683Z dist/docx/paragraph-style.d.ts
verify	Run pnpm pack --dry-run	2026-10-08T02:44:46.8294976Z dist/docx/style-cascade.d.cts
verify	Run pnpm pack --dry-run	2026-10-08T02:44:46.8295400Z dist/docx/style-cascade.d.ts
verify	Run pnpm pack --dry-run	2026-10-08T02:44:46.8295714Z dist/docx/style-projection.d.cts
verify	Run pnpm pack --dry-run	2026-10-08T02:44:46.8296037Z dist/docx/style-projection.d.ts
verify	Run pnpm pack --dry-run	2026-10-08T02:44:46.8296333Z dist/docx/style-reader.d.cts
verify	Run pnpm pack --dry-run	2026-10-08T02:44:46.8296621Z dist/docx/style-reader.d.ts
verify	Run pnpm pack --dry-run	2026-10-08T02:44:46.8296929Z dist/docx/table-appearance.d.cts
verify	Run pnpm pack --dry-run	2026-10-08T02:44:46.8297245Z dist/docx/table-appearance.d.ts
verify	Run pnpm pack --dry-run	2026-10-08T02:44:46.8297538Z dist/docx/table-style.d.cts
verify	Run pnpm pack --dry-run	2026-10-08T02:44:46.8297817Z dist/docx/table-style.d.ts
verify	Run pnpm pack --dry-run	2026-10-08T02:44:46.8298089Z dist/docx/table-text.d.cts
verify	Run pnpm pack --dry-run	2026-10-08T02:44:46.8298362Z dist/docx/table-text.d.ts
verify	Run pnpm pack --dry-run	2026-10-08T02:44:46.8298636Z dist/docx/table-width.d.cts
verify	Run pnpm pack --dry-run	2026-10-08T02:44:46.8298920Z dist/docx/table-width.d.ts
verify	Run pnpm pack --dry-run	2026-10-08T02:44:46.8299197Z dist/docx/theme-fonts.d.cts
verify	Run pnpm pack --dry-run	2026-10-08T02:44:46.8299469Z dist/docx/theme-fonts.d.ts
verify	Run pnpm pack --dry-run	2026-10-08T02:44:46.8299723Z dist/docx/xml-parser.d.cts
verify	Run pnpm pack --dry-run	2026-10-08T02:44:46.8299993Z dist/docx/xml-parser.d.ts
verify	Run pnpm pack --dry-run	2026-10-08T02:44:46.8300270Z dist/docx/xml-types.d.cts
verify	Run pnpm pack --dry-run	2026-10-08T02:44:46.8300536Z dist/docx/xml-types.d.ts
verify	Run pnpm pack --dry-run	2026-10-08T02:44:46.8300808Z dist/editor-Ce4QfnkJ.cjs
verify	Run pnpm pack --dry-run	2026-10-08T02:44:46.8301090Z dist/editor-Ce4QfnkJ.cjs.map
verify	Run pnpm pack --dry-run	2026-10-08T02:44:46.8301373Z dist/editor-CMX7ABLq.js
verify	Run pnpm pack --dry-run	2026-10-08T02:44:46.8301644Z dist/editor-CMX7ABLq.js.map
verify	Run pnpm pack --dry-run	2026-10-08T02:44:46.8301916Z dist/emoji-data.cjs
verify	Run pnpm pack --dry-run	2026-10-08T02:44:46.8302168Z dist/emoji-data.cjs.map
verify	Run pnpm pack --dry-run	2026-10-08T02:44:46.8302412Z dist/emoji-data.d.cts
verify	Run pnpm pack --dry-run	2026-10-08T02:44:46.8302671Z dist/emoji-data.d.ts
verify	Run pnpm pack --dry-run	2026-10-08T02:44:46.8302953Z dist/emoji-data.js
verify	Run pnpm pack --dry-run	2026-10-08T02:44:46.8303207Z dist/emoji-data.js.map
verify	Run pnpm pack --dry-run	2026-10-08T02:44:46.8303467Z dist/emoji-DeLc3sks.js
verify	Run pnpm pack --dry-run	2026-10-08T02:44:46.8303738Z dist/emoji-DeLc3sks.js.map
verify	Run pnpm pack --dry-run	2026-10-08T02:44:46.8304153Z dist/emoji-ZL6uQ6Pb.cjs
verify	Run pnpm pack --dry-run	2026-10-08T02:44:46.8304431Z dist/emoji-ZL6uQ6Pb.cjs.map
verify	Run pnpm pack --dry-run	2026-10-08T02:44:46.8304719Z dist/extension-Cfbujo9B.js
verify	Run pnpm pack --dry-run	2026-10-08T02:44:46.8305020Z dist/extension-Cfbujo9B.js.map
verify	Run pnpm pack --dry-run	2026-10-08T02:44:46.8305639Z dist/extension-Sb4ErwsF.cjs
verify	Run pnpm pack --dry-run	2026-10-08T02:44:46.8305973Z dist/extension-Sb4ErwsF.cjs.map
verify	Run pnpm pack --dry-run	2026-10-08T02:44:46.8306276Z dist/extensions-hTJDUJ_9.js
verify	Run pnpm pack --dry-run	2026-10-08T02:44:46.8306584Z dist/extensions-hTJDUJ_9.js.map
verify	Run pnpm pack --dry-run	2026-10-08T02:44:46.8306881Z dist/extensions-j3HKFbpV.cjs
verify	Run pnpm pack --dry-run	2026-10-08T02:44:46.8307203Z dist/extensions-j3HKFbpV.cjs.map
verify	Run pnpm pack --dry-run	2026-10-08T02:44:46.8307546Z dist/extensions/character-count.d.cts
verify	Run pnpm pack --dry-run	2026-10-08T02:44:46.8307915Z dist/extensions/character-count.d.ts
verify	Run pnpm pack --dry-run	2026-10-08T02:44:46.8308276Z dist/extensions/clipboard-history.d.cts
verify	Run pnpm pack --dry-run	2026-10-08T02:44:46.8308648Z dist/extensions/clipboard-history.d.ts
verify	Run pnpm pack --dry-run	2026-10-08T02:44:46.8309031Z dist/extensions/collaboration-core.d.cts
verify	Run pnpm pack --dry-run	2026-10-08T02:44:46.8309422Z dist/extensions/collaboration-core.d.ts
verify	Run pnpm pack --dry-run	2026-10-08T02:44:46.8309827Z dist/extensions/collaboration.d.cts
verify	Run pnpm pack --dry-run	2026-10-08T02:44:46.8310406Z dist/extensions/collaboration.d.ts
verify	Run pnpm pack --dry-run	2026-10-08T02:44:46.8310819Z dist/extensions/command-manager.d.cts
verify	Run pnpm pack --dry-run	2026-10-08T02:44:46.8311146Z dist/extensions/command-manager.d.ts
verify	Run pnpm pack --dry-run	2026-10-08T02:44:46.8311438Z dist/extensions/emoji.d.cts
verify	Run pnpm pack --dry-run	2026-10-08T02:44:46.8311699Z dist/extensions/emoji.d.ts
verify	Run pnpm pack --dry-run	2026-10-08T02:44:46.8312015Z dist/extensions/extension.d.cts
verify	Run pnpm pack --dry-run	2026-10-08T02:44:46.8312325Z dist/extensions/extension.d.ts
verify	Run pnpm pack --dry-run	2026-10-08T02:44:46.8312654Z dist/extensions/floating-menu.d.cts
verify	Run pnpm pack --dry-run	2026-10-08T02:44:46.8313259Z dist/extensions/floating-menu.d.ts
verify	Run pnpm pack --dry-run	2026-10-08T02:44:46.8313872Z dist/extensions/html-comments.d.cts
verify	Run pnpm pack --dry-run	2026-10-08T02:44:46.8314501Z dist/extensions/html-comments.d.ts
verify	Run pnpm pack --dry-run	2026-10-08T02:44:46.8314907Z dist/extensions/html-containers.d.cts
verify	Run pnpm pack --dry-run	2026-10-08T02:44:46.8316057Z dist/extensions/html-containers.d.ts
verify	Run pnpm pack --dry-run	2026-10-08T02:44:46.8316449Z dist/extensions/html-flow.d.cts
verify	Run pnpm pack --dry-run	2026-10-08T02:44:46.8316939Z dist/extensions/html-flow.d.ts
verify	Run pnpm pack --dry-run	2026-10-08T02:44:46.8317238Z dist/extensions/index.d.cts
verify	Run pnpm pack --dry-run	2026-10-08T02:44:46.8317541Z dist/extensions/index.d.ts
verify	Run pnpm pack --dry-run	2026-10-08T02:44:46.8317834Z dist/extensions/inline-atom.d.cts
verify	Run pnpm pack --dry-run	2026-10-08T02:44:46.8318149Z dist/extensions/inline-atom.d.ts
verify	Run pnpm pack --dry-run	2026-10-08T02:44:46.8318425Z dist/extensions/lean.d.cts
verify	Run pnpm pack --dry-run	2026-10-08T02:44:46.8318680Z dist/extensions/lean.d.ts
verify	Run pnpm pack --dry-run	2026-10-08T02:44:46.8318976Z dist/extensions/link-behavior.d.cts
verify	Run pnpm pack --dry-run	2026-10-08T02:44:46.8319295Z dist/extensions/link-behavior.d.ts
verify	Run pnpm pack --dry-run	2026-10-08T02:44:46.8319600Z dist/extensions/marks/code.d.cts
verify	Run pnpm pack --dry-run	2026-10-08T02:44:46.8319894Z dist/extensions/marks/code.d.ts
verify	Run pnpm pack --dry-run	2026-10-08T02:44:46.8320179Z dist/extensions/marks/em.d.cts
verify	Run pnpm pack --dry-run	2026-10-08T02:44:46.8320450Z dist/extensions/marks/em.d.ts
verify	Run pnpm pack --dry-run	2026-10-08T02:44:46.8320759Z dist/extensions/marks/font-family.d.cts
verify	Run pnpm pack --dry-run	2026-10-08T02:44:46.8321091Z dist/extensions/marks/font-family.d.ts
verify	Run pnpm pack --dry-run	2026-10-08T02:44:46.8321419Z dist/extensions/marks/font-size.d.cts
verify	Run pnpm pack --dry-run	2026-10-08T02:44:46.8321741Z dist/extensions/marks/font-size.d.ts
verify	Run pnpm pack --dry-run	2026-10-08T02:44:46.8322067Z dist/extensions/marks/highlight.d.cts
verify	Run pnpm pack --dry-run	2026-10-08T02:44:46.8322397Z dist/extensions/marks/highlight.d.ts
verify	Run pnpm pack --dry-run	2026-10-08T02:44:46.8322741Z dist/extensions/marks/letter-spacing.d.cts
verify	Run pnpm pack --dry-run	2026-10-08T02:44:46.8323099Z dist/extensions/marks/letter-spacing.d.ts
verify	Run pnpm pack --dry-run	2026-10-08T02:44:46.8323442Z dist/extensions/marks/line-height.d.cts
verify	Run pnpm pack --dry-run	2026-10-08T02:44:46.8323777Z dist/extensions/marks/line-height.d.ts
verify	Run pnpm pack --dry-run	2026-10-08T02:44:46.8324109Z dist/extensions/marks/link.d.cts
verify	Run pnpm pack --dry-run	2026-10-08T02:44:46.8324411Z dist/extensions/marks/link.d.ts
verify	Run pnpm pack --dry-run	2026-10-08T02:44:46.8324715Z dist/extensions/marks/strike.d.cts
verify	Run pnpm pack --dry-run	2026-10-08T02:44:46.8325030Z dist/extensions/marks/strike.d.ts
verify	Run pnpm pack --dry-run	2026-10-08T02:44:46.8325634Z dist/extensions/marks/strong.d.cts
verify	Run pnpm pack --dry-run	2026-10-08T02:44:46.8325948Z dist/extensions/marks/strong.d.ts
verify	Run pnpm pack --dry-run	2026-10-08T02:44:46.8326265Z dist/extensions/marks/subscript.d.cts
verify	Run pnpm pack --dry-run	2026-10-08T02:44:46.8326587Z dist/extensions/marks/subscript.d.ts
verify	Run pnpm pack --dry-run	2026-10-08T02:44:46.8326913Z dist/extensions/marks/superscript.d.cts
verify	Run pnpm pack --dry-run	2026-10-08T02:44:46.8327245Z dist/extensions/marks/superscript.d.ts
verify	Run pnpm pack --dry-run	2026-10-08T02:44:46.8327847Z dist/extensions/marks/text-color.d.cts
verify	Run pnpm pack --dry-run	2026-10-08T02:44:46.8328509Z dist/extensions/marks/text-color.d.ts
verify	Run pnpm pack --dry-run	2026-10-08T02:44:46.8328993Z dist/extensions/marks/underline.d.cts
verify	Run pnpm pack --dry-run	2026-10-08T02:44:46.8329446Z dist/extensions/marks/underline.d.ts
verify	Run pnpm pack --dry-run	2026-10-08T02:44:46.8329948Z dist/extensions/math.d.cts
verify	Run pnpm pack --dry-run	2026-10-08T02:44:46.8330394Z dist/extensions/math.d.ts
verify	Run pnpm pack --dry-run	2026-10-08T02:44:46.8330835Z dist/extensions/media.d.cts
verify	Run pnpm pack --dry-run	2026-10-08T02:44:46.8331273Z dist/extensions/media.d.ts
verify	Run pnpm pack --dry-run	2026-10-08T02:44:46.8331712Z dist/extensions/mention.d.cts
verify	Run pnpm pack --dry-run	2026-10-08T02:44:46.8332166Z dist/extensions/mention.d.ts
verify	Run pnpm pack --dry-run	2026-10-08T02:44:46.8332679Z dist/extensions/nodes/blockquote.d.cts
verify	Run pnpm pack --dry-run	2026-10-08T02:44:46.8333239Z dist/extensions/nodes/blockquote.d.ts
verify	Run pnpm pack --dry-run	2026-10-08T02:44:46.8333801Z dist/extensions/nodes/bullet-list.d.cts
verify	Run pnpm pack --dry-run	2026-10-08T02:44:46.8334379Z dist/extensions/nodes/bullet-list.d.ts
verify	Run pnpm pack --dry-run	2026-10-08T02:44:46.8334943Z dist/extensions/nodes/code-block.d.cts
verify	Run pnpm pack --dry-run	2026-10-08T02:44:46.8335775Z dist/extensions/nodes/code-block.d.ts
verify	Run pnpm pack --dry-run	2026-10-08T02:44:46.8336383Z dist/extensions/nodes/definition-list.d.cts
verify	Run pnpm pack --dry-run	2026-10-08T02:44:46.8337210Z dist/extensions/nodes/definition-list.d.ts
verify	Run pnpm pack --dry-run	2026-10-08T02:44:46.8337844Z dist/extensions/nodes/direction-scope.d.cts
verify	Run pnpm pack --dry-run	2026-10-08T02:44:46.8338474Z dist/extensions/nodes/direction-scope.d.ts
verify	Run pnpm pack --dry-run	2026-10-08T02:44:46.8339026Z dist/extensions/nodes/doc.d.cts
verify	Run pnpm pack --dry-run	2026-10-08T02:44:46.8339531Z dist/extensions/nodes/doc.d.ts
verify	Run pnpm pack --dry-run	2026-10-08T02:44:46.8340061Z dist/extensions/nodes/figcaption.d.cts
verify	Run pnpm pack --dry-run	2026-10-08T02:44:46.8340634Z dist/extensions/nodes/figcaption.d.ts
verify	Run pnpm pack --dry-run	2026-10-08T02:44:46.8341188Z dist/extensions/nodes/hard-break.d.cts
verify	Run pnpm pack --dry-run	2026-10-08T02:44:46.8341756Z dist/extensions/nodes/hard-break.d.ts
verify	Run pnpm pack --dry-run	2026-10-08T02:44:46.8342301Z dist/extensions/nodes/heading.d.cts
verify	Run pnpm pack --dry-run	2026-10-08T02:44:46.8356380Z dist/extensions/nodes/heading.d.ts
verify	Run pnpm pack --dry-run	2026-10-08T02:44:46.8357010Z dist/extensions/nodes/horizontal-rule.d.cts
verify	Run pnpm pack --dry-run	2026-10-08T02:44:46.8357638Z dist/extensions/nodes/horizontal-rule.d.ts
verify	Run pnpm pack --dry-run	2026-10-08T02:44:46.8358268Z dist/extensions/nodes/image-attributes.d.cts
verify	Run pnpm pack --dry-run	2026-10-08T02:44:46.8358976Z dist/extensions/nodes/image-attributes.d.ts
verify	Run pnpm pack --dry-run	2026-10-08T02:44:46.8359677Z dist/extensions/nodes/image-node-view.d.cts
verify	Run pnpm pack --dry-run	2026-10-08T02:44:46.8360301Z dist/extensions/nodes/image-node-view.d.ts
verify	Run pnpm pack --dry-run	2026-10-08T02:44:46.8360903Z dist/extensions/nodes/image-super.d.cts
verify	Run pnpm pack --dry-run	2026-10-08T02:44:46.8361502Z dist/extensions/nodes/image-super.d.ts
verify	Run pnpm pack --dry-run	2026-10-08T02:44:46.8362075Z dist/extensions/nodes/inline-image.d.cts
verify	Run pnpm pack --dry-run	2026-10-08T02:44:46.8362704Z dist/extensions/nodes/inline-image.d.ts
verify	Run pnpm pack --dry-run	2026-10-08T02:44:46.8363292Z dist/extensions/nodes/list-item.d.cts
verify	Run pnpm pack --dry-run	2026-10-08T02:44:46.8363859Z dist/extensions/nodes/list-item.d.ts
verify	Run pnpm pack --dry-run	2026-10-08T02:44:46.8364438Z dist/extensions/nodes/ordered-list.d.cts
verify	Run pnpm pack --dry-run	2026-10-08T02:44:46.8365012Z dist/extensions/nodes/ordered-list.d.ts
verify	Run pnpm pack --dry-run	2026-10-08T02:44:46.8365797Z dist/extensions/nodes/paragraph.d.cts
verify	Run pnpm pack --dry-run	2026-10-08T02:44:46.8366378Z dist/extensions/nodes/paragraph.d.ts
verify	Run pnpm pack --dry-run	2026-10-08T02:44:46.8366978Z dist/extensions/nodes/table-cell-view.d.cts
verify	Run pnpm pack --dry-run	2026-10-08T02:44:46.8367618Z dist/extensions/nodes/table-cell-view.d.ts
verify	Run pnpm pack --dry-run	2026-10-08T02:44:46.8368232Z dist/extensions/nodes/table-cell.d.cts
verify	Run pnpm pack --dry-run	2026-10-08T02:44:46.8368805Z dist/extensions/nodes/table-cell.d.ts
verify	Run pnpm pack --dry-run	2026-10-08T02:44:46.8369395Z dist/extensions/nodes/table-header.d.cts
verify	Run pnpm pack --dry-run	2026-10-08T02:44:46.8369988Z dist/extensions/nodes/table-header.d.ts
verify	Run pnpm pack --dry-run	2026-10-08T02:44:46.8370530Z dist/extensions/nodes/table-row.d.cts
verify	Run pnpm pack --dry-run	2026-10-08T02:44:46.8371063Z dist/extensions/nodes/table-row.d.ts
verify	Run pnpm pack --dry-run	2026-10-08T02:44:46.8371583Z dist/extensions/nodes/table.d.cts
verify	Run pnpm pack --dry-run	2026-10-08T02:44:46.8372106Z dist/extensions/nodes/table.d.ts
verify	Run pnpm pack --dry-run	2026-10-08T02:44:46.8372657Z dist/extensions/nodes/task-item.d.cts
verify	Run pnpm pack --dry-run	2026-10-08T02:44:46.8373249Z dist/extensions/nodes/task-item.d.ts
verify	Run pnpm pack --dry-run	2026-10-08T02:44:46.8373772Z dist/extensions/nodes/task-list.d.cts
verify	Run pnpm pack --dry-run	2026-10-08T02:44:46.8374311Z dist/extensions/nodes/task-list.d.ts
verify	Run pnpm pack --dry-run	2026-10-08T02:44:46.8374877Z dist/extensions/nodes/text.d.cts
verify	Run pnpm pack --dry-run	2026-10-08T02:44:46.8375568Z dist/extensions/nodes/text.d.ts
verify	Run pnpm pack --dry-run	2026-10-08T02:44:46.8376095Z dist/extensions/plugins/history.d.cts
verify	Run pnpm pack --dry-run	2026-10-08T02:44:46.8376682Z dist/extensions/plugins/history.d.ts
verify	Run pnpm pack --dry-run	2026-10-08T02:44:46.8377261Z dist/extensions/plugins/input-rules.d.cts
verify	Run pnpm pack --dry-run	2026-10-08T02:44:46.8377631Z dist/extensions/plugins/input-rules.d.ts
verify	Run pnpm pack --dry-run	2026-10-08T02:44:46.8378029Z dist/extensions/plugins/markdown-shortcuts.d.cts
verify	Run pnpm pack --dry-run	2026-10-08T02:44:46.8378434Z dist/extensions/plugins/markdown-shortcuts.d.ts
verify	Run pnpm pack --dry-run	2026-10-08T02:44:46.8378824Z dist/extensions/plugins/mcp-integration.d.cts
verify	Run pnpm pack --dry-run	2026-10-08T02:44:46.8379538Z dist/extensions/plugins/mcp-integration.d.ts
verify	Run pnpm pack --dry-run	2026-10-08T02:44:46.8380200Z dist/extensions/plugins/paste-rules.d.cts
verify	Run pnpm pack --dry-run	2026-10-08T02:44:46.8380810Z dist/extensions/plugins/paste-rules.d.ts
verify	Run pnpm pack --dry-run	2026-10-08T02:44:46.8381286Z dist/extensions/plugins/syntax-highlight.d.cts
verify	Run pnpm pack --dry-run	2026-10-08T02:44:46.8381679Z dist/extensions/plugins/syntax-highlight.d.ts
verify	Run pnpm pack --dry-run	2026-10-08T02:44:46.8382048Z dist/extensions/plugins/table-editing.d.cts
verify	Run pnpm pack --dry-run	2026-10-08T02:44:46.8382413Z dist/extensions/plugins/table-editing.d.ts
verify	Run pnpm pack --dry-run	2026-10-08T02:44:46.8382762Z dist/extensions/slash-command.d.cts
verify	Run pnpm pack --dry-run	2026-10-08T02:44:46.8383084Z dist/extensions/slash-command.d.ts
verify	Run pnpm pack --dry-run	2026-10-08T02:44:46.8383408Z dist/extensions/suggestion.d.cts
verify	Run pnpm pack --dry-run	2026-10-08T02:44:46.8383871Z dist/extensions/suggestion.d.ts
verify	Run pnpm pack --dry-run	2026-10-08T02:44:46.8384216Z dist/extensions/trailing-editable-block.d.cts
verify	Run pnpm pack --dry-run	2026-10-08T02:44:46.8384607Z dist/extensions/trailing-editable-block.d.ts
verify	Run pnpm pack --dry-run	2026-10-08T02:44:46.8384957Z dist/extensions/typography.d.cts
verify	Run pnpm pack --dry-run	2026-10-08T02:44:46.8385554Z dist/extensions/typography.d.ts
verify	Run pnpm pack --dry-run	2026-10-08T02:44:46.8385849Z dist/headless/index.d.cts
verify	Run pnpm pack --dry-run	2026-10-08T02:44:46.8386116Z dist/headless/index.d.ts
verify	Run pnpm pack --dry-run	2026-10-08T02:44:46.8386375Z dist/history-C1iHQbdz.cjs
verify	Run pnpm pack --dry-run	2026-10-08T02:44:46.8386640Z dist/history-C1iHQbdz.cjs.map
verify	Run pnpm pack --dry-run	2026-10-08T02:44:46.8386918Z dist/history-CluGKD04.js
verify	Run pnpm pack --dry-run	2026-10-08T02:44:46.8387181Z dist/history-CluGKD04.js.map
verify	Run pnpm pack --dry-run	2026-10-08T02:44:46.8387457Z dist/html-flow-BELrbD1b.cjs
verify	Run pnpm pack --dry-run	2026-10-08T02:44:46.8387759Z dist/html-flow-BELrbD1b.cjs.map
verify	Run pnpm pack --dry-run	2026-10-08T02:44:46.8388056Z dist/html-flow-BvdNyeD1.js
verify	Run pnpm pack --dry-run	2026-10-08T02:44:46.8388351Z dist/html-flow-BvdNyeD1.js.map
verify	Run pnpm pack --dry-run	2026-10-08T02:44:46.8388624Z dist/html-inert.cjs
verify	Run pnpm pack --dry-run	2026-10-08T02:44:46.8388875Z dist/html-inert.cjs.map
verify	Run pnpm pack --dry-run	2026-10-08T02:44:46.8389120Z dist/html-inert.js
verify	Run pnpm pack --dry-run	2026-10-08T02:44:46.8389350Z dist/html-inert.js.map
verify	Run pnpm pack --dry-run	2026-10-08T02:44:46.8389653Z dist/html-page-settings-C1un4UNO.js
verify	Run pnpm pack --dry-run	2026-10-08T02:44:46.8389998Z dist/html-page-settings-C1un4UNO.js.map
verify	Run pnpm pack --dry-run	2026-10-08T02:44:46.8390346Z dist/html-page-settings-CYNBUfR_.cjs
verify	Run pnpm pack --dry-run	2026-10-08T02:44:46.8390694Z dist/html-page-settings-CYNBUfR_.cjs.map
verify	Run pnpm pack --dry-run	2026-10-08T02:44:46.8391004Z dist/html-server.cjs
verify	Run pnpm pack --dry-run	2026-10-08T02:44:46.8391247Z dist/html-server.cjs.map
verify	Run pnpm pack --dry-run	2026-10-08T02:44:46.8391493Z dist/html-server.js
verify	Run pnpm pack --dry-run	2026-10-08T02:44:46.8391733Z dist/html-server.js.map
verify	Run pnpm pack --dry-run	2026-10-08T02:44:46.8391973Z dist/html/inert.d.cts
verify	Run pnpm pack --dry-run	2026-10-08T02:44:46.8392205Z dist/html/inert.d.ts
verify	Run pnpm pack --dry-run	2026-10-08T02:44:46.8392439Z dist/html/server.d.cts
verify	Run pnpm pack --dry-run	2026-10-08T02:44:46.8392672Z dist/html/server.d.ts
verify	Run pnpm pack --dry-run	2026-10-08T02:44:46.8392886Z dist/index.cjs
verify	Run pnpm pack --dry-run	2026-10-08T02:44:46.8393101Z dist/index.cjs.map
verify	Run pnpm pack --dry-run	2026-10-08T02:44:46.8393322Z dist/index.d.cts
verify	Run pnpm pack --dry-run	2026-10-08T02:44:46.8393531Z dist/index.d.ts
verify	Run pnpm pack --dry-run	2026-10-08T02:44:46.8393738Z dist/index.js
verify	Run pnpm pack --dry-run	2026-10-08T02:44:46.8393960Z dist/index.js.map
verify	Run pnpm pack --dry-run	2026-10-08T02:44:46.8394208Z dist/inline-atom-BLfPalX5.js
verify	Run pnpm pack --dry-run	2026-10-08T02:44:46.8394517Z dist/inline-atom-BLfPalX5.js.map
verify	Run pnpm pack --dry-run	2026-10-08T02:44:46.8394811Z dist/inline-atom-Cg88XSNe.cjs
verify	Run pnpm pack --dry-run	2026-10-08T02:44:46.8395567Z dist/inline-atom-Cg88XSNe.cjs.map
verify	Run pnpm pack --dry-run	2026-10-08T02:44:46.8395961Z dist/input-rules-EH0whXGW.js
verify	Run pnpm pack --dry-run	2026-10-08T02:44:46.8396278Z dist/input-rules-EH0whXGW.js.map
verify	Run pnpm pack --dry-run	2026-10-08T02:44:46.8396583Z dist/input-rules-HXvPuvbc.cjs
verify	Run pnpm pack --dry-run	2026-10-08T02:44:46.8396895Z dist/input-rules-HXvPuvbc.cjs.map
verify	Run pnpm pack --dry-run	2026-10-08T02:44:46.8397182Z dist/integrity-dom.cjs
verify	Run pnpm pack --dry-run	2026-10-08T02:44:46.8397451Z dist/integrity-dom.cjs.map
verify	Run pnpm pack --dry-run	2026-10-08T02:44:46.8397708Z dist/integrity-dom.js
verify	Run pnpm pack --dry-run	2026-10-08T02:44:46.8397958Z dist/integrity-dom.js.map
verify	Run pnpm pack --dry-run	2026-10-08T02:44:46.8398205Z dist/integrity.cjs
verify	Run pnpm pack --dry-run	2026-10-08T02:44:46.8398438Z dist/integrity.cjs.map
verify	Run pnpm pack --dry-run	2026-10-08T02:44:46.8398668Z dist/integrity.js
verify	Run pnpm pack --dry-run	2026-10-08T02:44:46.8398896Z dist/integrity.js.map
verify	Run pnpm pack --dry-run	2026-10-08T02:44:46.8399142Z dist/integrity/dom.d.cts
verify	Run pnpm pack --dry-run	2026-10-08T02:44:46.8399715Z dist/integrity/dom.d.ts
verify	Run pnpm pack --dry-run	2026-10-08T02:44:46.8399980Z dist/integrity/index.d.cts
verify	Run pnpm pack --dry-run	2026-10-08T02:44:46.8400244Z dist/integrity/index.d.ts
verify	Run pnpm pack --dry-run	2026-10-08T02:44:46.8400500Z dist/lean/controller.d.cts
verify	Run pnpm pack --dry-run	2026-10-08T02:44:46.8400756Z dist/lean/controller.d.ts
verify	Run pnpm pack --dry-run	2026-10-08T02:44:46.8401018Z dist/lean/diagnostics.d.cts
verify	Run pnpm pack --dry-run	2026-10-08T02:44:46.8401279Z dist/lean/diagnostics.d.ts
verify	Run pnpm pack --dry-run	2026-10-08T02:44:46.8401525Z dist/lean/index.d.cts
verify	Run pnpm pack --dry-run	2026-10-08T02:44:46.8401765Z dist/lean/index.d.ts
verify	Run pnpm pack --dry-run	2026-10-08T02:44:46.8402008Z dist/lean/info-view.d.cts
verify	Run pnpm pack --dry-run	2026-10-08T02:44:46.8402260Z dist/lean/info-view.d.ts
verify	Run pnpm pack --dry-run	2026-10-08T02:44:46.8402553Z dist/lean/loopback-provider.d.cts
verify	Run pnpm pack --dry-run	2026-10-08T02:44:46.8402876Z dist/lean/loopback-provider.d.ts
verify	Run pnpm pack --dry-run	2026-10-08T02:44:46.8403151Z dist/lean/types.d.cts
verify	Run pnpm pack --dry-run	2026-10-08T02:44:46.8403389Z dist/lean/types.d.ts
verify	Run pnpm pack --dry-run	2026-10-08T02:44:46.8403664Z dist/link-behavior-CDZIdDvs.js
verify	Run pnpm pack --dry-run	2026-10-08T02:44:46.8403975Z dist/link-behavior-CDZIdDvs.js.map
verify	Run pnpm pack --dry-run	2026-10-08T02:44:46.8404294Z dist/link-behavior-gtg_HlTp.cjs
verify	Run pnpm pack --dry-run	2026-10-08T02:44:46.8404615Z dist/link-behavior-gtg_HlTp.cjs.map
verify	Run pnpm pack --dry-run	2026-10-08T02:44:46.8405324Z dist/link-destination-BdayfYDr.js
verify	Run pnpm pack --dry-run	2026-10-08T02:44:46.8405692Z dist/link-destination-BdayfYDr.js.map
verify	Run pnpm pack --dry-run	2026-10-08T02:44:46.8406028Z dist/link-destination-BqNBOBU2.cjs
verify	Run pnpm pack --dry-run	2026-10-08T02:44:46.8406371Z dist/link-destination-BqNBOBU2.cjs.map
verify	Run pnpm pack --dry-run	2026-10-08T02:44:46.8406674Z dist/mapping-BbhEodcc.js
verify	Run pnpm pack --dry-run	2026-10-08T02:44:46.8406946Z dist/mapping-BbhEodcc.js.map
verify	Run pnpm pack --dry-run	2026-10-08T02:44:46.8407222Z dist/mapping-LRwd6pqd.cjs
verify	Run pnpm pack --dry-run	2026-10-08T02:44:46.8407486Z dist/mapping-LRwd6pqd.cjs.map
verify	Run pnpm pack --dry-run	2026-10-08T02:44:46.8407789Z dist/mark-range-step-DOJDyOsP.cjs
verify	Run pnpm pack --dry-run	2026-10-08T02:44:46.8408118Z dist/mark-range-step-DOJDyOsP.cjs.map
verify	Run pnpm pack --dry-run	2026-10-08T02:44:46.8408447Z dist/mark-range-step-Jo1iPQSu.js
verify	Run pnpm pack --dry-run	2026-10-08T02:44:46.8408766Z dist/mark-range-step-Jo1iPQSu.js.map
verify	Run pnpm pack --dry-run	2026-10-08T02:44:46.8409091Z dist/markdown-html-83ZGjqmO.js
verify	Run pnpm pack --dry-run	2026-10-08T02:44:46.8409394Z dist/markdown-html-83ZGjqmO.js.map
verify	Run pnpm pack --dry-run	2026-10-08T02:44:46.8409704Z dist/markdown-html-DD8ATANg.cjs
verify	Run pnpm pack --dry-run	2026-10-08T02:44:46.8410014Z dist/markdown-html-DD8ATANg.cjs.map
verify	Run pnpm pack --dry-run	2026-10-08T02:44:46.8410320Z dist/media-BQIZkruR.cjs
verify	Run pnpm pack --dry-run	2026-10-08T02:44:46.8410583Z dist/media-BQIZkruR.cjs.map
verify	Run pnpm pack --dry-run	2026-10-08T02:44:46.8410845Z dist/media-FwxHlzWz.js
verify	Run pnpm pack --dry-run	2026-10-08T02:44:46.8411102Z dist/media-FwxHlzWz.js.map
verify	Run pnpm pack --dry-run	2026-10-08T02:44:46.8411392Z dist/menu-position-6ofIW78-.js
verify	Run pnpm pack --dry-run	2026-10-08T02:44:46.8411702Z dist/menu-position-6ofIW78-.js.map
verify	Run pnpm pack --dry-run	2026-10-08T02:44:46.8412022Z dist/menu-position-BT80F8bN.cjs
verify	Run pnpm pack --dry-run	2026-10-08T02:44:46.8412331Z dist/menu-position-BT80F8bN.cjs.map
verify	Run pnpm pack --dry-run	2026-10-08T02:44:46.8412618Z dist/migrations.cjs
verify	Run pnpm pack --dry-run	2026-10-08T02:44:46.8412863Z dist/migrations.cjs.map
verify	Run pnpm pack --dry-run	2026-10-08T02:44:46.8413109Z dist/migrations.js
verify	Run pnpm pack --dry-run	2026-10-08T02:44:46.8413345Z dist/migrations.js.map
verify	Run pnpm pack --dry-run	2026-10-08T02:44:46.8413596Z dist/migrations/index.d.cts
verify	Run pnpm pack --dry-run	2026-10-08T02:44:46.8413863Z dist/migrations/index.d.ts
verify	Run pnpm pack --dry-run	2026-10-08T02:44:46.8414113Z dist/node-CMohf4dR.js
verify	Run pnpm pack --dry-run	2026-10-08T02:44:46.8414359Z dist/node-CMohf4dR.js.map
verify	Run pnpm pack --dry-run	2026-10-08T02:44:46.8414616Z dist/node-D26sG_e5.cjs
verify	Run pnpm pack --dry-run	2026-10-08T02:44:46.8414856Z dist/node-D26sG_e5.cjs.map
verify	Run pnpm pack --dry-run	2026-10-08T02:44:46.8415311Z dist/node-ids.cjs
verify	Run pnpm pack --dry-run	2026-10-08T02:44:46.8415566Z dist/node-ids.cjs.map
verify	Run pnpm pack --dry-run	2026-10-08T02:44:46.8415792Z dist/node-ids.js
verify	Run pnpm pack --dry-run	2026-10-08T02:44:46.8416018Z dist/node-ids.js.map
verify	Run pnpm pack --dry-run	2026-10-08T02:44:46.8416259Z dist/node-ids/index.d.cts
verify	Run pnpm pack --dry-run	2026-10-08T02:44:46.8416517Z dist/node-ids/index.d.ts
verify	Run pnpm pack --dry-run	2026-10-08T02:44:46.8416771Z dist/node-spec-Dl5lMC1C.js
verify	Run pnpm pack --dry-run	2026-10-08T02:44:46.8417053Z dist/node-spec-Dl5lMC1C.js.map
verify	Run pnpm pack --dry-run	2026-10-08T02:44:46.8417334Z dist/node-spec-owlJN_nc.cjs
verify	Run pnpm pack --dry-run	2026-10-08T02:44:46.8417654Z dist/node-spec-owlJN_nc.cjs.map
verify	Run pnpm pack --dry-run	2026-10-08T02:44:46.8417954Z dist/page-settings-Bqt82pEY.js
verify	Run pnpm pack --dry-run	2026-10-08T02:44:46.8418269Z dist/page-settings-Bqt82pEY.js.map
verify	Run pnpm pack --dry-run	2026-10-08T02:44:46.8418582Z dist/page-settings-BTDzBnRH.cjs
verify	Run pnpm pack --dry-run	2026-10-08T02:44:46.8418893Z dist/page-settings-BTDzBnRH.cjs.map
verify	Run pnpm pack --dry-run	2026-10-08T02:44:46.8419177Z dist/pages-dom.cjs
verify	Run pnpm pack --dry-run	2026-10-08T02:44:46.8419409Z dist/pages-dom.cjs.map
verify	Run pnpm pack --dry-run	2026-10-08T02:44:46.8419645Z dist/pages-dom.js
verify	Run pnpm pack --dry-run	2026-10-08T02:44:46.8419875Z dist/pages-dom.js.map
verify	Run pnpm pack --dry-run	2026-10-08T02:44:46.8420122Z dist/pages-preview.cjs
verify	Run pnpm pack --dry-run	2026-10-08T02:44:46.8420521Z dist/pages-preview.cjs.map
verify	Run pnpm pack --dry-run	2026-10-08T02:44:46.8420778Z dist/pages-preview.js
verify	Run pnpm pack --dry-run	2026-10-08T02:44:46.8421029Z dist/pages-preview.js.map
verify	Run pnpm pack --dry-run	2026-10-08T02:44:46.8421264Z dist/pages.cjs
verify	Run pnpm pack --dry-run	2026-10-08T02:44:46.8421482Z dist/pages.cjs.map
verify	Run pnpm pack --dry-run	2026-10-08T02:44:46.8421698Z dist/pages.js
verify	Run pnpm pack --dry-run	2026-10-08T02:44:46.8421911Z dist/pages.js.map
verify	Run pnpm pack --dry-run	2026-10-08T02:44:46.8422154Z dist/pages/dom-preview.d.cts
verify	Run pnpm pack --dry-run	2026-10-08T02:44:46.8422426Z dist/pages/dom-preview.d.ts
verify	Run pnpm pack --dry-run	2026-10-08T02:44:46.8422685Z dist/pages/dom.d.cts
verify	Run pnpm pack --dry-run	2026-10-08T02:44:46.8422911Z dist/pages/dom.d.ts
verify	Run pnpm pack --dry-run	2026-10-08T02:44:46.8423140Z dist/pages/index.d.cts
verify	Run pnpm pack --dry-run	2026-10-08T02:44:46.8423381Z dist/pages/index.d.ts
verify	Run pnpm pack --dry-run	2026-10-08T02:44:46.8423622Z dist/pages/layout.d.cts
verify	Run pnpm pack --dry-run	2026-10-08T02:44:46.8423866Z dist/pages/layout.d.ts
verify	Run pnpm pack --dry-run	2026-10-08T02:44:46.8424121Z dist/pages/presentation.d.cts
verify	Run pnpm pack --dry-run	2026-10-08T02:44:46.8424400Z dist/pages/presentation.d.ts
verify	Run pnpm pack --dry-run	2026-10-08T02:44:46.8424667Z dist/pages/preview.d.cts
verify	Run pnpm pack --dry-run	2026-10-08T02:44:46.8424919Z dist/pages/preview.d.ts
verify	Run pnpm pack --dry-run	2026-10-08T02:44:46.8425445Z dist/pages/settings.d.cts
verify	Run pnpm pack --dry-run	2026-10-08T02:44:46.8426077Z dist/pages/settings.d.ts
verify	Run pnpm pack --dry-run	2026-10-08T02:44:46.8426361Z dist/pages/templates.d.cts
verify	Run pnpm pack --dry-run	2026-10-08T02:44:46.8426639Z dist/pages/templates.d.ts
verify	Run pnpm pack --dry-run	2026-10-08T02:44:46.8426893Z dist/path-B7Cr90vg.js
verify	Run pnpm pack --dry-run	2026-10-08T02:44:46.8427144Z dist/path-B7Cr90vg.js.map
verify	Run pnpm pack --dry-run	2026-10-08T02:44:46.8427409Z dist/path-DDY3uxw-.cjs
verify	Run pnpm pack --dry-run	2026-10-08T02:44:46.8427660Z dist/path-DDY3uxw-.cjs.map
verify	Run pnpm pack --dry-run	2026-10-08T02:44:46.8427920Z dist/plugin-B0KSKRXJ.js
verify	Run pnpm pack --dry-run	2026-10-08T02:44:46.8428177Z dist/plugin-B0KSKRXJ.js.map
verify	Run pnpm pack --dry-run	2026-10-08T02:44:46.8428448Z dist/plugin-DlQkwKdU.cjs
verify	Run pnpm pack --dry-run	2026-10-08T02:44:46.8428715Z dist/plugin-DlQkwKdU.cjs.map
verify	Run pnpm pack --dry-run	2026-10-08T02:44:46.8428998Z dist/presentation-_RsWq19D.js
verify	Run pnpm pack --dry-run	2026-10-08T02:44:46.8429306Z dist/presentation-_RsWq19D.js.map
verify	Run pnpm pack --dry-run	2026-10-08T02:44:46.8429616Z dist/presentation-DrPDmb6z.cjs
verify	Run pnpm pack --dry-run	2026-10-08T02:44:46.8429926Z dist/presentation-DrPDmb6z.cjs.map
verify	Run pnpm pack --dry-run	2026-10-08T02:44:46.8430218Z dist/react-comments.cjs
verify	Run pnpm pack --dry-run	2026-10-08T02:44:46.8430471Z dist/react-comments.cjs.map
verify	Run pnpm pack --dry-run	2026-10-08T02:44:46.8430727Z dist/react-comments.js
verify	Run pnpm pack --dry-run	2026-10-08T02:44:46.8430989Z dist/react-comments.js.map
verify	Run pnpm pack --dry-run	2026-10-08T02:44:46.8431245Z dist/react-integrity.cjs
verify	Run pnpm pack --dry-run	2026-10-08T02:44:46.8431509Z dist/react-integrity.cjs.map
verify	Run pnpm pack --dry-run	2026-10-08T02:44:46.8431774Z dist/react-integrity.js
verify	Run pnpm pack --dry-run	2026-10-08T02:44:46.8432036Z dist/react-integrity.js.map
verify	Run pnpm pack --dry-run	2026-10-08T02:44:46.8432327Z dist/react-tracked-changes.cjs
verify	Run pnpm pack --dry-run	2026-10-08T02:44:46.8432630Z dist/react-tracked-changes.cjs.map
verify	Run pnpm pack --dry-run	2026-10-08T02:44:46.8432937Z dist/react-tracked-changes.js
verify	Run pnpm pack --dry-run	2026-10-08T02:44:46.8433240Z dist/react-tracked-changes.js.map
verify	Run pnpm pack --dry-run	2026-10-08T02:44:46.8433522Z dist/react-versions.cjs
verify	Run pnpm pack --dry-run	2026-10-08T02:44:46.8433780Z dist/react-versions.cjs.map
verify	Run pnpm pack --dry-run	2026-10-08T02:44:46.8434035Z dist/react-versions.js
verify	Run pnpm pack --dry-run	2026-10-08T02:44:46.8434284Z dist/react-versions.js.map
verify	Run pnpm pack --dry-run	2026-10-08T02:44:46.8434535Z dist/react-widgets.cjs
verify	Run pnpm pack --dry-run	2026-10-08T02:44:46.8434785Z dist/react-widgets.cjs.map
verify	Run pnpm pack --dry-run	2026-10-08T02:44:46.8435034Z dist/react-widgets.js
verify	Run pnpm pack --dry-run	2026-10-08T02:44:46.8435564Z dist/react-widgets.js.map
verify	Run pnpm pack --dry-run	2026-10-08T02:44:46.8435815Z dist/react.cjs
verify	Run pnpm pack --dry-run	2026-10-08T02:44:46.8436040Z dist/react.cjs.map
verify	Run pnpm pack --dry-run	2026-10-08T02:44:46.8436252Z dist/react.js
verify	Run pnpm pack --dry-run	2026-10-08T02:44:46.8436472Z dist/react.js.map
verify	Run pnpm pack --dry-run	2026-10-08T02:44:46.8436751Z dist/react/ClipboardHistoryMenu.d.cts
verify	Run pnpm pack --dry-run	2026-10-08T02:44:46.8437093Z dist/react/ClipboardHistoryMenu.d.ts
verify	Run pnpm pack --dry-run	2026-10-08T02:44:46.8437387Z dist/react/comments.d.cts
verify	Run pnpm pack --dry-run	2026-10-08T02:44:46.8437647Z dist/react/comments.d.ts
verify	Run pnpm pack --dry-run	2026-10-08T02:44:46.8437950Z dist/react/FountainAIConversation.d.cts
verify	Run pnpm pack --dry-run	2026-10-08T02:44:46.8438308Z dist/react/FountainAIConversation.d.ts
verify	Run pnpm pack --dry-run	2026-10-08T02:44:46.8438668Z dist/react/FountainAIGeneratedMedia.d.cts
verify	Run pnpm pack --dry-run	2026-10-08T02:44:46.8439027Z dist/react/FountainAIGeneratedMedia.d.ts
verify	Run pnpm pack --dry-run	2026-10-08T02:44:46.8439360Z dist/react/FountainAIReview.d.cts
verify	Run pnpm pack --dry-run	2026-10-08T02:44:46.8439678Z dist/react/FountainAIReview.d.ts
verify	Run pnpm pack --dry-run	2026-10-08T02:44:46.8440004Z dist/react/FountainCharacterCount.d.cts
verify	Run pnpm pack --dry-run	2026-10-08T02:44:46.8440347Z dist/react/FountainCharacterCount.d.ts
verify	Run pnpm pack --dry-run	2026-10-08T02:44:46.8440678Z dist/react/FountainComments.d.cts
verify	Run pnpm pack --dry-run	2026-10-08T02:44:46.8440986Z dist/react/FountainComments.d.ts
verify	Run pnpm pack --dry-run	2026-10-08T02:44:46.8441448Z dist/react/FountainComposer.d.cts
verify	Run pnpm pack --dry-run	2026-10-08T02:44:46.8441759Z dist/react/FountainComposer.d.ts
verify	Run pnpm pack --dry-run	2026-10-08T02:44:46.8442067Z dist/react/FountainEditor.d.cts
verify	Run pnpm pack --dry-run	2026-10-08T02:44:46.8442367Z dist/react/FountainEditor.d.ts
verify	Run pnpm pack --dry-run	2026-10-08T02:44:46.8442687Z dist/react/FountainFloatingMenu.d.cts
verify	Run pnpm pack --dry-run	2026-10-08T02:44:46.8443017Z dist/react/FountainFloatingMenu.d.ts
verify	Run pnpm pack --dry-run	2026-10-08T02:44:46.8443362Z dist/react/FountainIntegrityInspector.d.cts
verify	Run pnpm pack --dry-run	2026-10-08T02:44:46.8443729Z dist/react/FountainIntegrityInspector.d.ts
verify	Run pnpm pack --dry-run	2026-10-08T02:44:46.8444084Z dist/react/FountainSlashCommandMenu.d.cts
verify	Run pnpm pack --dry-run	2026-10-08T02:44:46.8444430Z dist/react/FountainSlashCommandMenu.d.ts
verify	Run pnpm pack --dry-run	2026-10-08T02:44:46.8444773Z dist/react/FountainSuggestionMenu.d.cts
verify	Run pnpm pack --dry-run	2026-10-08T02:44:46.8445382Z dist/react/FountainSuggestionMenu.d.ts
verify	Run pnpm pack --dry-run	2026-10-08T02:44:46.8445711Z dist/react/FountainToolbar.d.cts
verify	Run pnpm pack --dry-run	2026-10-08T02:44:46.8446142Z dist/react/FountainToolbar.d.ts
verify	Run pnpm pack --dry-run	2026-10-08T02:44:46.8446479Z dist/react/FountainToolbarPrimitives.d.cts
verify	Run pnpm pack --dry-run	2026-10-08T02:44:46.8446842Z dist/react/FountainToolbarPrimitives.d.ts
verify	Run pnpm pack --dry-run	2026-10-08T02:44:46.8447344Z dist/react/FountainTrackedChanges.d.cts
verify	Run pnpm pack --dry-run	2026-10-08T02:44:46.8447699Z dist/react/FountainTrackedChanges.d.ts
verify	Run pnpm pack --dry-run	2026-10-08T02:44:46.8448027Z dist/react/FountainVersions.d.cts
verify	Run pnpm pack --dry-run	2026-10-08T02:44:46.8448334Z dist/react/FountainVersions.d.ts
verify	Run pnpm pack --dry-run	2026-10-08T02:44:46.8448609Z dist/react/index.d.cts
verify	Run pnpm pack --dry-run	2026-10-08T02:44:46.8448848Z dist/react/index.d.ts
verify	Run pnpm pack --dry-run	2026-10-08T02:44:46.8449096Z dist/react/integrity.d.cts
verify	Run pnpm pack --dry-run	2026-10-08T02:44:46.8449356Z dist/react/integrity.d.ts
verify	Run pnpm pack --dry-run	2026-10-08T02:44:46.8449621Z dist/react/Navigator.d.cts
verify	Run pnpm pack --dry-run	2026-10-08T02:44:46.8449879Z dist/react/Navigator.d.ts
verify	Run pnpm pack --dry-run	2026-10-08T02:44:46.8450157Z dist/react/ReactNodeView.d.cts
verify	Run pnpm pack --dry-run	2026-10-08T02:44:46.8450442Z dist/react/ReactNodeView.d.ts
verify	Run pnpm pack --dry-run	2026-10-08T02:44:46.8450738Z dist/react/tracked-changes.d.cts
verify	Run pnpm pack --dry-run	2026-10-08T02:44:46.8451041Z dist/react/tracked-changes.d.ts
verify	Run pnpm pack --dry-run	2026-10-08T02:44:46.8451324Z dist/react/useFountain.d.cts
verify	Run pnpm pack --dry-run	2026-10-08T02:44:46.8451591Z dist/react/useFountain.d.ts
verify	Run pnpm pack --dry-run	2026-10-08T02:44:46.8451893Z dist/react/useNavigatorState.d.cts
verify	Run pnpm pack --dry-run	2026-10-08T02:44:46.8452210Z dist/react/useNavigatorState.d.ts
verify	Run pnpm pack --dry-run	2026-10-08T02:44:46.8452493Z dist/react/versions.d.cts
verify	Run pnpm pack --dry-run	2026-10-08T02:44:46.8452744Z dist/react/versions.d.ts
verify	Run pnpm pack --dry-run	2026-10-08T02:44:46.8452993Z dist/react/widgets.d.cts
verify	Run pnpm pack --dry-run	2026-10-08T02:44:46.8453248Z dist/react/widgets.d.ts
verify	Run pnpm pack --dry-run	2026-10-08T02:44:46.8453553Z dist/replace-text-range-step-DDj1wpRU.js
verify	Run pnpm pack --dry-run	2026-10-08T02:44:46.8453932Z dist/replace-text-range-step-DDj1wpRU.js.map
verify	Run pnpm pack --dry-run	2026-10-08T02:44:46.8454316Z dist/replace-text-range-step-VHOaDNVn.cjs
verify	Run pnpm pack --dry-run	2026-10-08T02:44:46.8454692Z dist/replace-text-range-step-VHOaDNVn.cjs.map
verify	Run pnpm pack --dry-run	2026-10-08T02:44:46.8455050Z dist/rolldown-runtime-Chgba0Kb.cjs
verify	Run pnpm pack --dry-run	2026-10-08T02:44:46.8455558Z dist/ruby.cjs
verify	Run pnpm pack --dry-run	2026-10-08T02:44:46.8455774Z dist/ruby.cjs.map
verify	Run pnpm pack --dry-run	2026-10-08T02:44:46.8455982Z dist/ruby.js
verify	Run pnpm pack --dry-run	2026-10-08T02:44:46.8456176Z dist/ruby.js.map
verify	Run pnpm pack --dry-run	2026-10-08T02:44:46.8456408Z dist/ruby/index.d.cts
verify	Run pnpm pack --dry-run	2026-10-08T02:44:46.8456647Z dist/ruby/index.d.ts
verify	Run pnpm pack --dry-run	2026-10-08T02:44:46.8456893Z dist/search-Cb5HWhnF.cjs
verify	Run pnpm pack --dry-run	2026-10-08T02:44:46.8457167Z dist/search-Cb5HWhnF.cjs.map
verify	Run pnpm pack --dry-run	2026-10-08T02:44:46.8457435Z dist/search-CLj2oPC9.js
verify	Run pnpm pack --dry-run	2026-10-08T02:44:46.8457690Z dist/search-CLj2oPC9.js.map
verify	Run pnpm pack --dry-run	2026-10-08T02:44:46.8457963Z dist/selection-DrO1gWsj.cjs
verify	Run pnpm pack --dry-run	2026-10-08T02:44:46.8458251Z dist/selection-DrO1gWsj.cjs.map
verify	Run pnpm pack --dry-run	2026-10-08T02:44:46.8458528Z dist/selection-Du4v48EK.js
verify	Run pnpm pack --dry-run	2026-10-08T02:44:46.8458813Z dist/selection-Du4v48EK.js.map
verify	Run pnpm pack --dry-run	2026-10-08T02:44:46.8459116Z dist/step-CICBu9Xg.cjs
verify	Run pnpm pack --dry-run	2026-10-08T02:44:46.8459376Z dist/step-CICBu9Xg.cjs.map
verify	Run pnpm pack --dry-run	2026-10-08T02:44:46.8459632Z dist/step-doAGd4iU.js
verify	Run pnpm pack --dry-run	2026-10-08T02:44:46.8459885Z dist/step-doAGd4iU.js.map
verify	Run pnpm pack --dry-run	2026-10-08T02:44:46.8460169Z dist/structured-attributes.cjs
verify	Run pnpm pack --dry-run	2026-10-08T02:44:46.8460481Z dist/structured-attributes.cjs.map
verify	Run pnpm pack --dry-run	2026-10-08T02:44:46.8460783Z dist/structured-attributes.js
verify	Run pnpm pack --dry-run	2026-10-08T02:44:46.8461086Z dist/structured-attributes.js.map
verify	Run pnpm pack --dry-run	2026-10-08T02:44:46.8461415Z dist/structured-attributes/index.d.cts
verify	Run pnpm pack --dry-run	2026-10-08T02:44:46.8461760Z dist/structured-attributes/index.d.ts
verify	Run pnpm pack --dry-run	2026-10-08T02:44:46.8462032Z dist/styles.css
verify	Run pnpm pack --dry-run	2026-10-08T02:44:46.8462370Z dist/svelte.cjs
verify	Run pnpm pack --dry-run	2026-10-08T02:44:46.8462588Z dist/svelte.cjs.map
verify	Run pnpm pack --dry-run	2026-10-08T02:44:46.8462807Z dist/svelte.js
verify	Run pnpm pack --dry-run	2026-10-08T02:44:46.8463023Z dist/svelte.js.map
verify	Run pnpm pack --dry-run	2026-10-08T02:44:46.8463251Z dist/svelte/index.d.cts
verify	Run pnpm pack --dry-run	2026-10-08T02:44:46.8463496Z dist/svelte/index.d.ts
verify	Run pnpm pack --dry-run	2026-10-08T02:44:46.8463747Z dist/table-layout-DqQ0Ldl5.js
verify	Run pnpm pack --dry-run	2026-10-08T02:44:46.8464049Z dist/table-layout-DqQ0Ldl5.js.map
verify	Run pnpm pack --dry-run	2026-10-08T02:44:46.8464363Z dist/table-layout-y6mT4PpH.cjs
verify	Run pnpm pack --dry-run	2026-10-08T02:44:46.8464670Z dist/table-layout-y6mT4PpH.cjs.map
verify	Run pnpm pack --dry-run	2026-10-08T02:44:46.8464959Z dist/table-map-Dbo_d2TT.cjs
verify	Run pnpm pack --dry-run	2026-10-08T02:44:46.8465517Z dist/table-map-Dbo_d2TT.cjs.map
verify	Run pnpm pack --dry-run	2026-10-08T02:44:46.8465806Z dist/table-map-Du2VwT8u.js
verify	Run pnpm pack --dry-run	2026-10-08T02:44:46.8466093Z dist/table-map-Du2VwT8u.js.map
verify	Run pnpm pack --dry-run	2026-10-08T02:44:46.8466367Z dist/table-of-contents.cjs
verify	Run pnpm pack --dry-run	2026-10-08T02:44:46.8466652Z dist/table-of-contents.cjs.map
verify	Run pnpm pack --dry-run	2026-10-08T02:44:46.8466922Z dist/table-of-contents.js
verify	Run pnpm pack --dry-run	2026-10-08T02:44:46.8467184Z dist/table-of-contents.js.map
verify	Run pnpm pack --dry-run	2026-10-08T02:44:46.8467493Z dist/table-of-contents/index.d.cts
verify	Run pnpm pack --dry-run	2026-10-08T02:44:46.8467934Z dist/table-of-contents/index.d.ts
verify	Run pnpm pack --dry-run	2026-10-08T02:44:46.8468189Z dist/testing.cjs
verify	Run pnpm pack --dry-run	2026-10-08T02:44:46.8468417Z dist/testing.cjs.map
verify	Run pnpm pack --dry-run	2026-10-08T02:44:46.8468631Z dist/testing.js
verify	Run pnpm pack --dry-run	2026-10-08T02:44:46.8468850Z dist/testing.js.map
verify	Run pnpm pack --dry-run	2026-10-08T02:44:46.8469083Z dist/testing/index.d.cts
verify	Run pnpm pack --dry-run	2026-10-08T02:44:46.8469334Z dist/testing/index.d.ts
verify	Run pnpm pack --dry-run	2026-10-08T02:44:46.8469586Z dist/text-style-BJlG2_Pk.cjs
verify	Run pnpm pack --dry-run	2026-10-08T02:44:46.8469878Z dist/text-style-BJlG2_Pk.cjs.map
verify	Run pnpm pack --dry-run	2026-10-08T02:44:46.8470160Z dist/text-style-BYl8otDw.js
verify	Run pnpm pack --dry-run	2026-10-08T02:44:46.8470449Z dist/text-style-BYl8otDw.js.map
verify	Run pnpm pack --dry-run	2026-10-08T02:44:46.8470730Z dist/text-style.cjs
verify	Run pnpm pack --dry-run	2026-10-08T02:44:46.8470956Z dist/text-style.js
verify	Run pnpm pack --dry-run	2026-10-08T02:44:46.8471211Z dist/text-style/commands.d.cts
verify	Run pnpm pack --dry-run	2026-10-08T02:44:46.8471481Z dist/text-style/commands.d.ts
verify	Run pnpm pack --dry-run	2026-10-08T02:44:46.8471748Z dist/text-style/index.d.cts
verify	Run pnpm pack --dry-run	2026-10-08T02:44:46.8472005Z dist/text-style/index.d.ts
verify	Run pnpm pack --dry-run	2026-10-08T02:44:46.8472263Z dist/text-style/values.d.cts
verify	Run pnpm pack --dry-run	2026-10-08T02:44:46.8472528Z dist/text-style/values.d.ts
verify	Run pnpm pack --dry-run	2026-10-08T02:44:46.8472787Z dist/tracked-changes.cjs
verify	Run pnpm pack --dry-run	2026-10-08T02:44:46.8473045Z dist/tracked-changes.cjs.map
verify	Run pnpm pack --dry-run	2026-10-08T02:44:46.8473304Z dist/tracked-changes.js
verify	Run pnpm pack --dry-run	2026-10-08T02:44:46.8473560Z dist/tracked-changes.js.map
verify	Run pnpm pack --dry-run	2026-10-08T02:44:46.8473845Z dist/tracked-changes/index.d.cts
verify	Run pnpm pack --dry-run	2026-10-08T02:44:46.8474141Z dist/tracked-changes/index.d.ts
verify	Run pnpm pack --dry-run	2026-10-08T02:44:46.8474437Z dist/tracked-changes/model.d.cts
verify	Run pnpm pack --dry-run	2026-10-08T02:44:46.8474727Z dist/tracked-changes/model.d.ts
verify	Run pnpm pack --dry-run	2026-10-08T02:44:46.8474986Z dist/url-Co8QRAHd.cjs
verify	Run pnpm pack --dry-run	2026-10-08T02:44:46.8475507Z dist/url-Co8QRAHd.cjs.map
verify	Run pnpm pack --dry-run	2026-10-08T02:44:46.8475771Z dist/url-sjMj-efj.js
verify	Run pnpm pack --dry-run	2026-10-08T02:44:46.8476012Z dist/url-sjMj-efj.js.map
verify	Run pnpm pack --dry-run	2026-10-08T02:44:46.8476278Z dist/useFountain-C16zq9TV.cjs
verify	Run pnpm pack --dry-run	2026-10-08T02:44:46.8476586Z dist/useFountain-C16zq9TV.cjs.map
verify	Run pnpm pack --dry-run	2026-10-08T02:44:46.8476874Z dist/useFountain-DQ8gXlvr.js
verify	Run pnpm pack --dry-run	2026-10-08T02:44:46.8477171Z dist/useFountain-DQ8gXlvr.js.map
verify	Run pnpm pack --dry-run	2026-10-08T02:44:46.8477439Z dist/versions.cjs
verify	Run pnpm pack --dry-run	2026-10-08T02:44:46.8477671Z dist/versions.cjs.map
verify	Run pnpm pack --dry-run	2026-10-08T02:44:46.8477893Z dist/versions.js
verify	Run pnpm pack --dry-run	2026-10-08T02:44:46.8478114Z dist/versions.js.map
verify	Run pnpm pack --dry-run	2026-10-08T02:44:46.8478354Z dist/versions/diff.d.cts
verify	Run pnpm pack --dry-run	2026-10-08T02:44:46.8478602Z dist/versions/diff.d.ts
verify	Run pnpm pack --dry-run	2026-10-08T02:44:46.8478847Z dist/versions/index.d.cts
verify	Run pnpm pack --dry-run	2026-10-08T02:44:46.8479098Z dist/versions/index.d.ts
verify	Run pnpm pack --dry-run	2026-10-08T02:44:46.8479341Z dist/versions/model.d.cts
verify	Run pnpm pack --dry-run	2026-10-08T02:44:46.8479584Z dist/versions/model.d.ts
verify	Run pnpm pack --dry-run	2026-10-08T02:44:46.8479827Z dist/view-Ckw3IAxP.js
verify	Run pnpm pack --dry-run	2026-10-08T02:44:46.8480070Z dist/view-Ckw3IAxP.js.map
verify	Run pnpm pack --dry-run	2026-10-08T02:44:46.8480319Z dist/view-kQaagGVW.cjs
verify	Run pnpm pack --dry-run	2026-10-08T02:44:46.8480568Z dist/view-kQaagGVW.cjs.map
verify	Run pnpm pack --dry-run	2026-10-08T02:44:46.8480830Z dist/view/block-handles.d.cts
verify	Run pnpm pack --dry-run	2026-10-08T02:44:46.8481104Z dist/view/block-handles.d.ts
verify	Run pnpm pack --dry-run	2026-10-08T02:44:46.8481376Z dist/view/dom-renderer.d.cts
verify	Run pnpm pack --dry-run	2026-10-08T02:44:46.8481646Z dist/view/dom-renderer.d.ts
verify	Run pnpm pack --dry-run	2026-10-08T02:44:46.8481909Z dist/view/drop-cursor.d.cts
verify	Run pnpm pack --dry-run	2026-10-08T02:44:46.8482166Z dist/view/drop-cursor.d.ts
verify	Run pnpm pack --dry-run	2026-10-08T02:44:46.8482590Z dist/view/generated-media.d.cts
verify	Run pnpm pack --dry-run	2026-10-08T02:44:46.8482888Z dist/view/generated-media.d.ts
verify	Run pnpm pack --dry-run	2026-10-08T02:44:46.8483150Z dist/view/index.d.cts
verify	Run pnpm pack --dry-run	2026-10-08T02:44:46.8483382Z dist/view/index.d.ts
verify	Run pnpm pack --dry-run	2026-10-08T02:44:46.8483609Z dist/view/input.d.cts
verify	Run pnpm pack --dry-run	2026-10-08T02:44:46.8483839Z dist/view/input.d.ts
verify	Run pnpm pack --dry-run	2026-10-08T02:44:46.8484064Z dist/view/media.d.cts
verify	Run pnpm pack --dry-run	2026-10-08T02:44:46.8484292Z dist/view/media.d.ts
verify	Run pnpm pack --dry-run	2026-10-08T02:44:46.8484534Z dist/view/menu-position.d.cts
verify	Run pnpm pack --dry-run	2026-10-08T02:44:46.8484803Z dist/view/menu-position.d.ts
verify	Run pnpm pack --dry-run	2026-10-08T02:44:46.8485278Z dist/view/node-view.d.cts
verify	Run pnpm pack --dry-run	2026-10-08T02:44:46.8485575Z dist/view/node-view.d.ts
verify	Run pnpm pack --dry-run	2026-10-08T02:44:46.8485821Z dist/view/paste.d.cts
verify	Run pnpm pack --dry-run	2026-10-08T02:44:46.8486060Z dist/view/paste.d.ts
verify	Run pnpm pack --dry-run	2026-10-08T02:44:46.8486327Z dist/view/selection-handler.d.cts
verify	Run pnpm pack --dry-run	2026-10-08T02:44:46.8486637Z dist/view/selection-handler.d.ts
verify	Run pnpm pack --dry-run	2026-10-08T02:44:46.8486938Z dist/view/table-direction.d.cts
verify	Run pnpm pack --dry-run	2026-10-08T02:44:46.8487237Z dist/view/table-direction.d.ts
verify	Run pnpm pack --dry-run	2026-10-08T02:44:46.8487499Z dist/view/view.d.cts
verify	Run pnpm pack --dry-run	2026-10-08T02:44:46.8487851Z dist/view/view.d.ts
verify	Run pnpm pack --dry-run	2026-10-08T02:44:46.8488111Z dist/view/virtual-layout.d.cts
verify	Run pnpm pack --dry-run	2026-10-08T02:44:46.8488383Z dist/view/virtual-layout.d.ts
verify	Run pnpm pack --dry-run	2026-10-08T02:44:46.8488654Z dist/view/web-component.d.cts
verify	Run pnpm pack --dry-run	2026-10-08T02:44:46.8488927Z dist/view/web-component.d.ts
verify	Run pnpm pack --dry-run	2026-10-08T02:44:46.8489162Z dist/vue.cjs
verify	Run pnpm pack --dry-run	2026-10-08T02:44:46.8489361Z dist/vue.cjs.map
verify	Run pnpm pack --dry-run	2026-10-08T02:44:46.8489596Z dist/vue.js
verify	Run pnpm pack --dry-run	2026-10-08T02:44:46.8489790Z dist/vue.js.map
verify	Run pnpm pack --dry-run	2026-10-08T02:44:46.8490012Z dist/vue/index.d.cts
verify	Run pnpm pack --dry-run	2026-10-08T02:44:46.8490237Z dist/vue/index.d.ts
verify	Run pnpm pack --dry-run	2026-10-08T02:44:46.8490468Z dist/widgets-dom.cjs
verify	Run pnpm pack --dry-run	2026-10-08T02:44:46.8490710Z dist/widgets-dom.cjs.map
verify	Run pnpm pack --dry-run	2026-10-08T02:44:46.8490952Z dist/widgets-dom.js
verify	Run pnpm pack --dry-run	2026-10-08T02:44:46.8491188Z dist/widgets-dom.js.map
verify	Run pnpm pack --dry-run	2026-10-08T02:44:46.8491412Z dist/widgets.cjs
verify	Run pnpm pack --dry-run	2026-10-08T02:44:46.8491636Z dist/widgets.cjs.map
verify	Run pnpm pack --dry-run	2026-10-08T02:44:46.8491853Z dist/widgets.js
verify	Run pnpm pack --dry-run	2026-10-08T02:44:46.8492071Z dist/widgets.js.map
verify	Run pnpm pack --dry-run	2026-10-08T02:44:46.8492299Z dist/widgets/dom.d.cts
verify	Run pnpm pack --dry-run	2026-10-08T02:44:46.8492540Z dist/widgets/dom.d.ts
verify	Run pnpm pack --dry-run	2026-10-08T02:44:46.8492780Z dist/widgets/index.d.cts
verify	Run pnpm pack --dry-run	2026-10-08T02:44:46.8493023Z dist/widgets/index.d.ts
verify	Run pnpm pack --dry-run	2026-10-08T02:44:46.8493242Z dist/yjs.cjs
verify	Run pnpm pack --dry-run	2026-10-08T02:44:46.8493441Z dist/yjs.cjs.map
verify	Run pnpm pack --dry-run	2026-10-08T02:44:46.8493639Z dist/yjs.js
verify	Run pnpm pack --dry-run	2026-10-08T02:44:46.8493829Z dist/yjs.js.map
verify	Run pnpm pack --dry-run	2026-10-08T02:44:46.8494045Z dist/yjs/index.d.cts
verify	Run pnpm pack --dry-run	2026-10-08T02:44:46.8494274Z dist/yjs/index.d.ts
verify	Run pnpm pack --dry-run	2026-10-08T02:44:46.8494548Z dist/yjs/structured-attributes.d.cts
verify	Run pnpm pack --dry-run	2026-10-08T02:44:46.8494877Z dist/yjs/structured-attributes.d.ts
verify	Run pnpm pack --dry-run	2026-10-08T02:44:46.8495383Z docs/AI_CONVERSATIONS.md
verify	Run pnpm pack --dry-run	2026-10-08T02:44:46.8495641Z docs/AI_DOCUMENT_TOOLS.md
verify	Run pnpm pack --dry-run	2026-10-08T02:44:46.8495896Z docs/AI_GENERATED_MEDIA.md
verify	Run pnpm pack --dry-run	2026-10-08T02:44:46.8496131Z docs/ANGULAR.md
verify	Run pnpm pack --dry-run	2026-10-08T02:44:46.8496327Z docs/API.md
verify	Run pnpm pack --dry-run	2026-10-08T02:44:46.8496533Z docs/ARCHITECTURE.md
verify	Run pnpm pack --dry-run	2026-10-08T02:44:46.8496771Z docs/BLOCK_REORDERING.md
verify	Run pnpm pack --dry-run	2026-10-08T02:44:46.8497028Z docs/BROWSER_AUDIT_RELOADS.md
verify	Run pnpm pack --dry-run	2026-10-08T02:44:46.8497292Z docs/COLLABORATION.md
verify	Run pnpm pack --dry-run	2026-10-08T02:44:46.8497509Z docs/COMMENTS.md
verify	Run pnpm pack --dry-run	2026-10-08T02:44:46.8497737Z docs/CONTEXTUAL_MENUS.md
verify	Run pnpm pack --dry-run	2026-10-08T02:44:46.8497979Z docs/CONVERSION_LAB.md
verify	Run pnpm pack --dry-run	2026-10-08T02:44:46.8498266Z docs/CONVERSION_REAL_DOCUMENT_AUDIT.md
verify	Run pnpm pack --dry-run	2026-10-08T02:44:46.8498559Z docs/DEFINITION_LISTS.md
verify	Run pnpm pack --dry-run	2026-10-08T02:44:46.8498785Z docs/DETAILS.md
verify	Run pnpm pack --dry-run	2026-10-08T02:44:46.8499012Z docs/DOCUMENT_UTILITIES.md
verify	Run pnpm pack --dry-run	2026-10-08T02:44:46.8499279Z docs/DOCX_CONTENT_CONTROLS.md
verify	Run pnpm pack --dry-run	2026-10-08T02:44:46.8499572Z docs/DOCX_FIDELITY_CHECKPOINT.md
verify	Run pnpm pack --dry-run	2026-10-08T02:44:46.8499844Z docs/DOCX_GLOSSARIES.md
verify	Run pnpm pack --dry-run	2026-10-08T02:44:46.8500065Z docs/DOCX.md
verify	Run pnpm pack --dry-run	2026-10-08T02:44:46.8500285Z docs/EXTENSIONS.md
verify	Run pnpm pack --dry-run	2026-10-08T02:44:46.8500521Z docs/FORMAT_BRIDGE_PLAN.md
verify	Run pnpm pack --dry-run	2026-10-08T02:44:46.8500758Z docs/FORMATS.md
verify	Run pnpm pack --dry-run	2026-10-08T02:44:46.8500985Z docs/HEADLESS_CORE.md
verify	Run pnpm pack --dry-run	2026-10-08T02:44:46.8501230Z docs/HTML_CONTAINERS.md
verify	Run pnpm pack --dry-run	2026-10-08T02:44:46.8501480Z docs/HTML_INERT_SOURCE.md
verify	Run pnpm pack --dry-run	2026-10-08T02:44:46.8501736Z docs/ISSUE_EDITOR_DEMO.md
verify	Run pnpm pack --dry-run	2026-10-08T02:44:46.8501958Z docs/LEAN.md
verify	Run pnpm pack --dry-run	2026-10-08T02:44:46.8502339Z docs/MARKDOWN_DOCUMENT_FLOW.md
verify	Run pnpm pack --dry-run	2026-10-08T02:44:46.8502638Z docs/MARKDOWN_FLOW_PROVENANCE.md
verify	Run pnpm pack --dry-run	2026-10-08T02:44:46.8502915Z docs/MARKDOWN_SOURCE.md
verify	Run pnpm pack --dry-run	2026-10-08T02:44:46.8503136Z docs/MCP.md
verify	Run pnpm pack --dry-run	2026-10-08T02:44:46.8503342Z docs/MIGRATIONS.md
verify	Run pnpm pack --dry-run	2026-10-08T02:44:46.8503615Z docs/NATIVE_RENDERER_FEASIBILITY.md
verify	Run pnpm pack --dry-run	2026-10-08T02:44:46.8503877Z docs/NODE_IDS.md
verify	Run pnpm pack --dry-run	2026-10-08T02:44:46.8504097Z docs/PAGINATION.md
verify	Run pnpm pack --dry-run	2026-10-08T02:44:46.8504331Z docs/PERFORMANCE.md
verify	Run pnpm pack --dry-run	2026-10-08T02:44:46.8504565Z docs/PORTABILITY_AUDIT.md
verify	Run pnpm pack --dry-run	2026-10-08T02:44:46.8504849Z docs/PROSEMIRROR_COMPARISON.md
verify	Run pnpm pack --dry-run	2026-10-08T02:44:46.8505376Z docs/REFERENCE_DOCUMENT_AUDIT.md
verify	Run pnpm pack --dry-run	2026-10-08T02:44:46.8505670Z docs/RELEASE_0_4_0_BETA_2.md
verify	Run pnpm pack --dry-run	2026-10-08T02:44:46.8505911Z docs/RELEASES.md
verify	Run pnpm pack --dry-run	2026-10-08T02:44:46.8506118Z docs/ROADMAP.md
verify	Run pnpm pack --dry-run	2026-10-08T02:44:46.8506324Z docs/RUBY.md
verify	Run pnpm pack --dry-run	2026-10-08T02:44:46.8506532Z docs/SERVER_HTML.md
verify	Run pnpm pack --dry-run	2026-10-08T02:44:46.8506758Z docs/SLASH_COMMANDS.md
verify	Run pnpm pack --dry-run	2026-10-08T02:44:46.8507013Z docs/STRUCTURED_ATTRIBUTES.md
verify	Run pnpm pack --dry-run	2026-10-08T02:44:46.8507254Z docs/SVELTE.md
verify	Run pnpm pack --dry-run	2026-10-08T02:44:46.8507662Z docs/TABLE_OF_CONTENTS.md
verify	Run pnpm pack --dry-run	2026-10-08T02:44:46.8507915Z docs/TEXT_INTEGRITY.md
verify	Run pnpm pack --dry-run	2026-10-08T02:44:46.8508150Z docs/TEXT_STYLE.md
verify	Run pnpm pack --dry-run	2026-10-08T02:44:46.8508378Z docs/TIPTAP_PARITY.md
verify	Run pnpm pack --dry-run	2026-10-08T02:44:46.8508596Z docs/TOOLBAR.md
verify	Run pnpm pack --dry-run	2026-10-08T02:44:46.8508823Z docs/TRACKED_CHANGES.md
verify	Run pnpm pack --dry-run	2026-10-08T02:44:46.8509095Z docs/TRAILING_EDITABLE_BLOCK.md
verify	Run pnpm pack --dry-run	2026-10-08T02:44:46.8509343Z docs/VERSIONS.md
verify	Run pnpm pack --dry-run	2026-10-08T02:44:46.8509574Z docs/VIRTUALIZATION.md
verify	Run pnpm pack --dry-run	2026-10-08T02:44:46.8509790Z docs/VUE.md
verify	Run pnpm pack --dry-run	2026-10-08T02:44:46.8510013Z docs/WEB_COMPONENT_FORMS.md
verify	Run pnpm pack --dry-run	2026-10-08T02:44:46.8510250Z docs/WIDGETS.md
verify	Run pnpm pack --dry-run	2026-10-08T02:44:46.8510476Z docs/WORKFLOW_DEMOS.md
verify	Run pnpm pack --dry-run	2026-10-08T02:44:46.8510694Z LICENSE
verify	Run pnpm pack --dry-run	2026-10-08T02:44:46.8510885Z package.json
verify	Run pnpm pack --dry-run	2026-10-08T02:44:46.8511088Z README.md
verify	Run pnpm pack --dry-run	2026-10-08T02:44:46.8511356Z schemas/fountain-document.schema.json
verify	Run pnpm pack --dry-run	2026-10-08T02:44:46.8511670Z scripts/check-api-surface.mjs
verify	Run pnpm pack --dry-run	2026-10-08T02:44:46.8511982Z scripts/check-build-budgets.mjs
verify	Run pnpm pack --dry-run	2026-10-08T02:44:46.8512304Z scripts/check-performance-budgets.mjs
verify	Run pnpm pack --dry-run	2026-10-08T02:44:46.8512613Z scripts/check-release.mjs
verify	Run pnpm pack --dry-run	2026-10-08T02:44:46.8512874Z scripts/create-extension.mjs
verify	Run pnpm pack --dry-run	2026-10-08T02:44:46.8513177Z scripts/lean-loopback-bridge.mjs
verify	Run pnpm pack --dry-run	2026-10-08T02:44:46.8513463Z scripts/smoke-package.mjs
verify	Run pnpm pack --dry-run	2026-10-08T02:44:46.8513714Z THIRD_PARTY_NOTICES.md
verify	Run pnpm pack --dry-run	2026-10-08T02:44:46.8513938Z Tarball Details
verify	Run pnpm pack --dry-run	2026-10-08T02:44:46.8514201Z fountainjs-editor-0.4.0-beta.2.tgz
verify	Post Run denoland/setup-deno@v2	﻿2026-10-08T02:44:46.8600485Z Post job cleanup.
verify	Post Run denoland/setup-deno@v2	2026-10-08T02:44:46.9811229Z Caching is not enabled. Caching is skipped.
verify	Post Run oven-sh/setup-bun@v2	﻿2026-10-08T02:44:46.9939021Z Post job cleanup.
verify	Post Run actions/setup-python@v5	﻿2026-10-08T02:44:47.1743527Z Post job cleanup.
verify	Post Run actions/setup-python@v5	2026-10-08T02:44:47.2944002Z (node:5157) [DEP0040] DeprecationWarning: The `punycode` module is deprecated. Please use a userland alternative instead.
verify	Post Run actions/setup-python@v5	2026-10-08T02:44:47.2945767Z (Use `node --trace-deprecation ...` to show where the warning was created)
verify	Post Run actions/setup-node@v4	﻿2026-10-08T02:44:47.3072452Z Post job cleanup.
verify	Post Run actions/setup-node@v4	2026-10-08T02:44:47.4299165Z (node:5165) [DEP0040] DeprecationWarning: The `punycode` module is deprecated. Please use a userland alternative instead.
verify	Post Run actions/setup-node@v4	2026-10-08T02:44:47.4300712Z (Use `node --trace-deprecation ...` to show where the warning was created)
verify	Post Run actions/setup-node@v4	2026-10-08T02:44:47.4303721Z Cache hit occurred on the primary key node-cache-Linux-x64-pnpm-fd849381c36c47c9fa715e7759caf3b24b3c25e63e57449d26448df099a8c870, not saving cache.
verify	Post Run pnpm/action-setup@v4	﻿2026-10-08T02:44:47.4417235Z Post job cleanup.
verify	Post Run pnpm/action-setup@v4	2026-10-08T02:44:47.5869439Z Pruning is unnecessary.
verify	Post Run actions/checkout@v4	﻿2026-10-08T02:44:47.6007884Z Post job cleanup.
verify	Post Run actions/checkout@v4	2026-10-08T02:44:47.6837787Z [command]/usr/bin/git version
verify	Post Run actions/checkout@v4	2026-10-08T02:44:47.6875480Z git version 2.55.0
verify	Post Run actions/checkout@v4	2026-10-08T02:44:47.6912959Z Temporarily overriding HOME='/home/runner/work/_temp/60cc9ffb-f5d0-45ca-acbd-67998e7cffbd' before making global git config changes
verify	Post Run actions/checkout@v4	2026-10-08T02:44:47.6914472Z Adding repository directory to the temporary git global config as a safe directory
verify	Post Run actions/checkout@v4	2026-10-08T02:44:47.6918577Z [command]/usr/bin/git config --global --add safe.directory /home/runner/work/fountainjs/fountainjs
verify	Post Run actions/checkout@v4	2026-10-08T02:44:47.6955017Z [command]/usr/bin/git config --local --name-only --get-regexp core\.sshCommand
verify	Post Run actions/checkout@v4	2026-10-08T02:44:47.6988401Z [command]/usr/bin/git submodule foreach --recursive sh -c "git config --local --name-only --get-regexp 'core\.sshCommand' && git config --local --unset-all 'core.sshCommand' || :"
verify	Post Run actions/checkout@v4	2026-10-08T02:44:47.7248360Z [command]/usr/bin/git config --local --name-only --get-regexp http\.https\:\/\/github\.com\/\.extraheader
verify	Post Run actions/checkout@v4	2026-10-08T02:44:47.7272986Z http.https://github.com/.extraheader
verify	Post Run actions/checkout@v4	2026-10-08T02:44:47.7284358Z [command]/usr/bin/git config --local --unset-all http.https://github.com/.extraheader
verify	Post Run actions/checkout@v4	2026-10-08T02:44:47.7317030Z [command]/usr/bin/git submodule foreach --recursive sh -c "git config --local --name-only --get-regexp 'http\.https\:\/\/github\.com\/\.extraheader' && git config --local --unset-all 'http.https://github.com/.extraheader' || :"
verify	Post Run actions/checkout@v4	2026-10-08T02:44:47.7539677Z [command]/usr/bin/git config --local --name-only --get-regexp ^includeIf\.gitdir:
verify	Post Run actions/checkout@v4	2026-10-08T02:44:47.7570998Z [command]/usr/bin/git submodule foreach --recursive git config --local --show-origin --name-only --get-regexp remote.origin.url
verify	Complete job	﻿2026-10-08T02:44:47.7936685Z Cleaning up orphan processes
verify	Complete job	2026-10-08T02:44:47.8235023Z ##[warning]Node.js 20 is deprecated. The following actions target Node.js 20 but are being forced to run on Node.js 24: actions/checkout@v4, actions/setup-node@v4, actions/setup-python@v5, pnpm/action-setup@v4. For more information see: https://github.blog/changelog/2025-09-19-deprecation-of-node-20-on-github-actions-runners/
