2026-10-07T20:16:05.0444650Z Current runner version: '2.337.0'
2026-10-07T20:16:05.0469745Z ##[group]Runner Image Provisioner
2026-10-07T20:16:05.0470768Z Hosted Compute Agent
2026-10-07T20:16:05.0471366Z Version: 20261002.596
2026-10-07T20:16:05.0472084Z Commit: c3d12f3313a95f25162a1503be624f3b0617f8c0
2026-10-07T20:16:05.0473212Z Build Date: 2026-10-02T22:28:27Z
2026-10-07T20:16:05.0473943Z Worker ID: {49c495ef-b7b1-4b2f-958b-256c578ebb4d}
2026-10-07T20:16:05.0474729Z Region: westcentralus
2026-10-07T20:16:05.0475309Z Cloud: Azure
2026-10-07T20:16:05.0476269Z ##[endgroup]
2026-10-07T20:16:05.0478023Z ##[group]Operating System
2026-10-07T20:16:05.0478670Z Ubuntu
2026-10-07T20:16:05.0479275Z 24.04.5
2026-10-07T20:16:05.0479821Z LTS
2026-10-07T20:16:05.0480324Z ##[endgroup]
2026-10-07T20:16:05.0480936Z ##[group]Runner Image
2026-10-07T20:16:05.0481583Z Image: ubuntu-24.04
2026-10-07T20:16:05.0482188Z Version: 20261004.327.1
2026-10-07T20:16:05.0483777Z Included Software: https://github.com/actions/runner-images/blob/ubuntu24/20261004.327/images/ubuntu/Ubuntu2404-Readme.md
2026-10-07T20:16:05.0485441Z Image Release: https://github.com/actions/runner-images/releases/tag/ubuntu24%2F20261004.327
2026-10-07T20:16:05.0486437Z ##[endgroup]
2026-10-07T20:16:05.0487607Z ##[group]GITHUB_TOKEN Permissions
2026-10-07T20:16:05.0489783Z Contents: read
2026-10-07T20:16:05.0490520Z Metadata: read
2026-10-07T20:16:05.0491077Z ##[endgroup]
2026-10-07T20:16:05.0493432Z Secret source: Actions
2026-10-07T20:16:05.0494512Z Cache mode: write
2026-10-07T20:16:05.0495207Z Prepare workflow directory
2026-10-07T20:16:05.0898269Z Prepare all required actions
2026-10-07T20:16:05.0946949Z Getting action download info
2026-10-07T20:16:05.4165677Z Download action repository 'actions/checkout@v4' (SHA:11d5960a326750d5838078e36cf38b85af677262)
2026-10-07T20:16:05.5280738Z Download action repository 'pnpm/action-setup@v4' (SHA:b906affcce14559ad1aafd4ab0e942779e9f58b1)
2026-10-07T20:16:06.3658434Z Download action repository 'actions/setup-node@v4' (SHA:49933ea5288caeca8642d1e84afbd3f7d6820020)
2026-10-07T20:16:06.5910094Z Download action repository 'actions/setup-python@v5' (SHA:a26af69be951a213d495a4c3e4e4022e16d87065)
2026-10-07T20:16:06.6821434Z Download action repository 'oven-sh/setup-bun@v2' (SHA:0c5077e51419868618aeaa5fe8019c62421857d6)
2026-10-07T20:16:07.1960909Z Download action repository 'denoland/setup-deno@v2' (SHA:22d081ff2d3a40755e97629de92e3bcbfa7cf2ed)
2026-10-07T20:16:07.8939317Z Complete job name: verify
2026-10-07T20:16:07.9766770Z ##[group]Run actions/checkout@v4
2026-10-07T20:16:07.9767375Z with:
2026-10-07T20:16:07.9767599Z   repository: eddolo/fountainjs
2026-10-07T20:16:07.9770467Z   token: ***
2026-10-07T20:16:07.9770681Z   ssh-strict: true
2026-10-07T20:16:07.9770891Z   ssh-user: git
2026-10-07T20:16:07.9771107Z   persist-credentials: true
2026-10-07T20:16:07.9771358Z   clean: true
2026-10-07T20:16:07.9771575Z   sparse-checkout-cone-mode: true
2026-10-07T20:16:07.9771840Z   fetch-depth: 1
2026-10-07T20:16:07.9772055Z   fetch-tags: false
2026-10-07T20:16:07.9772281Z   show-progress: true
2026-10-07T20:16:07.9772491Z   lfs: false
2026-10-07T20:16:07.9772678Z   submodules: false
2026-10-07T20:16:07.9773190Z   set-safe-directory: true
2026-10-07T20:16:07.9773451Z   allow-unsafe-pr-checkout: false
2026-10-07T20:16:07.9773987Z ##[endgroup]
2026-10-07T20:16:08.0774208Z Syncing repository: eddolo/fountainjs
2026-10-07T20:16:08.0776464Z ##[group]Getting Git version info
2026-10-07T20:16:08.0777245Z Working directory is '/home/runner/work/fountainjs/fountainjs'
2026-10-07T20:16:08.0778303Z [command]/usr/bin/git version
2026-10-07T20:16:08.0867699Z git version 2.55.0
2026-10-07T20:16:08.0891383Z ##[endgroup]
2026-10-07T20:16:08.0909439Z Temporarily overriding HOME='/home/runner/work/_temp/9669edc0-bb09-4947-8a28-3e8fd9b2e5c4' before making global git config changes
2026-10-07T20:16:08.0911339Z Adding repository directory to the temporary git global config as a safe directory
2026-10-07T20:16:08.0916343Z [command]/usr/bin/git config --global --add safe.directory /home/runner/work/fountainjs/fountainjs
2026-10-07T20:16:08.0973819Z Deleting the contents of '/home/runner/work/fountainjs/fountainjs'
2026-10-07T20:16:08.0979113Z ##[group]Initializing the repository
2026-10-07T20:16:08.0985567Z [command]/usr/bin/git init /home/runner/work/fountainjs/fountainjs
2026-10-07T20:16:08.1120239Z hint: Using 'master' as the name for the initial branch. This default branch name
2026-10-07T20:16:08.1121813Z hint: will change to "main" in Git 3.0. To configure the initial branch name
2026-10-07T20:16:08.1123360Z hint: to use in all of your new repositories, which will suppress this warning,
2026-10-07T20:16:08.1124440Z hint: call:
2026-10-07T20:16:08.1125054Z hint:
2026-10-07T20:16:08.1125811Z hint: 	git config --global init.defaultBranch <name>
2026-10-07T20:16:08.1126700Z hint:
2026-10-07T20:16:08.1127504Z hint: Names commonly chosen instead of 'master' are 'main', 'trunk' and
2026-10-07T20:16:08.1130489Z hint: 'development'. The just-created branch can be renamed via this command:
2026-10-07T20:16:08.1131299Z hint:
2026-10-07T20:16:08.1131697Z hint: 	git branch -m <name>
2026-10-07T20:16:08.1132144Z hint:
2026-10-07T20:16:08.1132790Z hint: Disable this message with "git config set advice.defaultBranchName false"
2026-10-07T20:16:08.1134574Z Initialized empty Git repository in /home/runner/work/fountainjs/fountainjs/.git/
2026-10-07T20:16:08.1138847Z [command]/usr/bin/git remote add origin https://github.com/eddolo/fountainjs
2026-10-07T20:16:08.1194913Z ##[endgroup]
2026-10-07T20:16:08.1195739Z ##[group]Disabling automatic garbage collection
2026-10-07T20:16:08.1200801Z [command]/usr/bin/git config --local gc.auto 0
2026-10-07T20:16:08.1234101Z ##[endgroup]
2026-10-07T20:16:08.1234817Z ##[group]Setting up auth
2026-10-07T20:16:08.1241664Z [command]/usr/bin/git config --local --name-only --get-regexp core\.sshCommand
2026-10-07T20:16:08.1277120Z [command]/usr/bin/git submodule foreach --recursive sh -c "git config --local --name-only --get-regexp 'core\.sshCommand' && git config --local --unset-all 'core.sshCommand' || :"
2026-10-07T20:16:08.1666003Z [command]/usr/bin/git config --local --name-only --get-regexp http\.https\:\/\/github\.com\/\.extraheader
2026-10-07T20:16:08.1698073Z [command]/usr/bin/git submodule foreach --recursive sh -c "git config --local --name-only --get-regexp 'http\.https\:\/\/github\.com\/\.extraheader' && git config --local --unset-all 'http.https://github.com/.extraheader' || :"
2026-10-07T20:16:08.1922397Z [command]/usr/bin/git config --local --name-only --get-regexp ^includeIf\.gitdir:
2026-10-07T20:16:08.1953960Z [command]/usr/bin/git submodule foreach --recursive git config --local --show-origin --name-only --get-regexp remote.origin.url
2026-10-07T20:16:08.2178582Z [command]/usr/bin/git config --local http.https://github.com/.extraheader AUTHORIZATION: basic ***
2026-10-07T20:16:08.2215293Z ##[endgroup]
2026-10-07T20:16:08.2215888Z ##[group]Fetching the repository
2026-10-07T20:16:08.2224518Z [command]/usr/bin/git -c protocol.version=2 fetch --no-tags --prune --no-recurse-submodules --depth=1 origin +f1c49ed84e56d4f18c417f8ce5fb48823e470dcb:refs/remotes/origin/master
2026-10-07T20:16:10.0026421Z From https://github.com/eddolo/fountainjs
2026-10-07T20:16:10.0026969Z  * [new ref]         f1c49ed84e56d4f18c417f8ce5fb48823e470dcb -> origin/master
2026-10-07T20:16:10.0031106Z ##[endgroup]
2026-10-07T20:16:10.0031521Z ##[group]Determining the checkout info
2026-10-07T20:16:10.0034642Z ##[endgroup]
2026-10-07T20:16:10.0040356Z [command]/usr/bin/git sparse-checkout disable
2026-10-07T20:16:10.0104238Z [command]/usr/bin/git config --local --unset-all extensions.worktreeConfig
2026-10-07T20:16:10.0128736Z ##[group]Checking out the ref
2026-10-07T20:16:10.0129581Z [command]/usr/bin/git checkout --progress --force -B master refs/remotes/origin/master
2026-10-07T20:16:10.3639924Z Reset branch 'master'
2026-10-07T20:16:10.3644614Z branch 'master' set up to track 'origin/master'.
2026-10-07T20:16:10.3659222Z ##[endgroup]
2026-10-07T20:16:10.3706919Z [command]/usr/bin/git log -1 --format=%H
2026-10-07T20:16:10.3731237Z f1c49ed84e56d4f18c417f8ce5fb48823e470dcb
2026-10-07T20:16:10.3976187Z ##[group]Run pnpm/action-setup@v4
2026-10-07T20:16:10.3976538Z with:
2026-10-07T20:16:10.3976731Z   version: 11.19.0
2026-10-07T20:16:10.3976943Z   dest: ~/setup-pnpm
2026-10-07T20:16:10.3977153Z   run_install: null
2026-10-07T20:16:10.3977350Z   cache: false
2026-10-07T20:16:10.3977578Z   cache_dependency_path: pnpm-lock.yaml
2026-10-07T20:16:10.3977883Z   package_json_file: package.json
2026-10-07T20:16:10.3978139Z   standalone: false
2026-10-07T20:16:10.3978342Z ##[endgroup]
2026-10-07T20:16:10.5476513Z ##[group]Running self-installer...
2026-10-07T20:16:11.0022024Z (node:2375) [DEP0169] DeprecationWarning: `url.parse()` behavior is not standardized and prone to errors that have security implications. Use the WHATWG URL API instead. CVEs are not issued for `url.parse()` vulnerabilities.
2026-10-07T20:16:11.0041473Z (Use `node --trace-deprecation ...` to show where the warning was created)
2026-10-07T20:16:11.3044363Z Progress: resolved 1, reused 0, downloaded 0, added 0
2026-10-07T20:16:11.3132606Z Packages: +1
2026-10-07T20:16:11.3134139Z +
2026-10-07T20:16:11.8753786Z Progress: resolved 1, reused 0, downloaded 1, added 1, done
2026-10-07T20:16:11.9031688Z 
2026-10-07T20:16:11.9033186Z dependencies:
2026-10-07T20:16:11.9033705Z + pnpm 11.19.0 (12.10.1 is available)
2026-10-07T20:16:11.9034084Z 
2026-10-07T20:16:11.9060524Z Done in 1.1s
2026-10-07T20:16:11.9369378Z ##[endgroup]
2026-10-07T20:16:11.9369708Z Installation Completed!
2026-10-07T20:16:11.9560502Z ##[group]Run actions/setup-node@v4
2026-10-07T20:16:11.9560796Z with:
2026-10-07T20:16:11.9560990Z   node-version: 24
2026-10-07T20:16:11.9561194Z   cache: pnpm
2026-10-07T20:16:11.9561387Z   always-auth: false
2026-10-07T20:16:11.9561603Z   check-latest: false
2026-10-07T20:16:11.9564673Z   token: ***
2026-10-07T20:16:11.9564875Z env:
2026-10-07T20:16:11.9565130Z   PNPM_HOME: /home/runner/setup-pnpm/node_modules/.bin
2026-10-07T20:16:11.9565443Z ##[endgroup]
2026-10-07T20:16:12.3022250Z (node:2389) [DEP0040] DeprecationWarning: The `punycode` module is deprecated. Please use a userland alternative instead.
2026-10-07T20:16:12.3024157Z (Use `node --trace-deprecation ...` to show where the warning was created)
2026-10-07T20:16:12.3044781Z Found in cache @ /opt/hostedtoolcache/node/24.21.0/x64
2026-10-07T20:16:12.3045832Z ##[group]Environment details
2026-10-07T20:16:19.0434338Z node: v24.21.0
2026-10-07T20:16:19.0434995Z npm: 11.19.0
2026-10-07T20:16:19.0435519Z yarn: 1.22.22
2026-10-07T20:16:19.0437314Z ##[endgroup]
2026-10-07T20:16:19.0463888Z [command]/home/runner/setup-pnpm/node_modules/.bin/pnpm store path --silent
2026-10-07T20:16:20.4134674Z /home/runner/setup-pnpm/node_modules/.bin/store/v11
2026-10-07T20:16:20.6464395Z Cache hit for: node-cache-Linux-x64-pnpm-fd849381c36c47c9fa715e7759caf3b24b3c25e63e57449d26448df099a8c870
2026-10-07T20:16:20.6580502Z (node:2389) [DEP0169] DeprecationWarning: `url.parse()` behavior is not standardized and prone to errors that have security implications. Use the WHATWG URL API instead. CVEs are not issued for `url.parse()` vulnerabilities.
2026-10-07T20:16:21.8639113Z Received 50331648 of 143139869 (35.2%), 48.0 MBs/sec
2026-10-07T20:16:22.6804490Z Received 143139869 of 143139869 (100.0%), 75.2 MBs/sec
2026-10-07T20:16:22.6833519Z Cache Size: ~137 MB (143139869 B)
2026-10-07T20:16:22.6893494Z [command]/usr/bin/tar -xf /home/runner/work/_temp/76872b24-dedf-4dda-8379-4ae6de976176/cache.tzst -P -C /home/runner/work/fountainjs/fountainjs --use-compress-program unzstd
2026-10-07T20:16:24.0561863Z Cache restored successfully
2026-10-07T20:16:24.0636358Z Cache restored from key: node-cache-Linux-x64-pnpm-fd849381c36c47c9fa715e7759caf3b24b3c25e63e57449d26448df099a8c870
2026-10-07T20:16:24.0821934Z ##[group]Run actions/setup-python@v5
2026-10-07T20:16:24.0822248Z with:
2026-10-07T20:16:24.0822461Z   python-version: 3.13
2026-10-07T20:16:24.0822692Z   check-latest: false
2026-10-07T20:16:24.0825762Z   token: ***
2026-10-07T20:16:24.0826180Z   update-environment: true
2026-10-07T20:16:24.0826436Z   allow-prereleases: false
2026-10-07T20:16:24.0826669Z   freethreaded: false
2026-10-07T20:16:24.0826876Z env:
2026-10-07T20:16:24.0827123Z   PNPM_HOME: /home/runner/setup-pnpm/node_modules/.bin
2026-10-07T20:16:24.0827433Z ##[endgroup]
2026-10-07T20:16:24.2219839Z ##[group]Installed versions
2026-10-07T20:16:24.2329755Z (node:2446) [DEP0040] DeprecationWarning: The `punycode` module is deprecated. Please use a userland alternative instead.
2026-10-07T20:16:24.2330871Z (Use `node --trace-deprecation ...` to show where the warning was created)
2026-10-07T20:16:24.2331552Z Successfully set up CPython (3.13.16)
2026-10-07T20:16:24.2332121Z ##[endgroup]
2026-10-07T20:16:24.2481405Z ##[group]Run oven-sh/setup-bun@v2
2026-10-07T20:16:24.2481702Z with:
2026-10-07T20:16:24.2481903Z   no-cache: false
2026-10-07T20:16:24.2485058Z   token: ***
2026-10-07T20:16:24.2485261Z env:
2026-10-07T20:16:24.2485508Z   PNPM_HOME: /home/runner/setup-pnpm/node_modules/.bin
2026-10-07T20:16:24.2485924Z   pythonLocation: /opt/hostedtoolcache/Python/3.13.16/x64
2026-10-07T20:16:24.2486380Z   PKG_CONFIG_PATH: /opt/hostedtoolcache/Python/3.13.16/x64/lib/pkgconfig
2026-10-07T20:16:24.2486812Z   Python_ROOT_DIR: /opt/hostedtoolcache/Python/3.13.16/x64
2026-10-07T20:16:24.2487196Z   Python2_ROOT_DIR: /opt/hostedtoolcache/Python/3.13.16/x64
2026-10-07T20:16:24.2487578Z   Python3_ROOT_DIR: /opt/hostedtoolcache/Python/3.13.16/x64
2026-10-07T20:16:24.2487969Z   LD_LIBRARY_PATH: /opt/hostedtoolcache/Python/3.13.16/x64/lib
2026-10-07T20:16:24.2488294Z ##[endgroup]
2026-10-07T20:16:24.9043215Z Downloading a new version of Bun: https://github.com/oven-sh/bun/releases/download/bun-v1.4.2/bun-linux-x64.zip
2026-10-07T20:16:25.4586320Z [command]/usr/bin/unzip -o -q /home/runner/work/_temp/3cee89b3-dab0-48fc-930a-75aaf04e2d11.zip
2026-10-07T20:16:26.0805813Z [command]/home/runner/.bun/bin/bun --revision
2026-10-07T20:16:26.0851683Z 1.4.2+744846f84
2026-10-07T20:16:26.1011495Z ##[group]Run denoland/setup-deno@v2
2026-10-07T20:16:26.1011818Z with:
2026-10-07T20:16:26.1012018Z   deno-version: lts
2026-10-07T20:16:26.1012238Z   deno-binary-name: deno
2026-10-07T20:16:26.1012460Z   cache: false
2026-10-07T20:16:26.1012655Z env:
2026-10-07T20:16:26.1013216Z   PNPM_HOME: /home/runner/setup-pnpm/node_modules/.bin
2026-10-07T20:16:26.1013641Z   pythonLocation: /opt/hostedtoolcache/Python/3.13.16/x64
2026-10-07T20:16:26.1014070Z   PKG_CONFIG_PATH: /opt/hostedtoolcache/Python/3.13.16/x64/lib/pkgconfig
2026-10-07T20:16:26.1014497Z   Python_ROOT_DIR: /opt/hostedtoolcache/Python/3.13.16/x64
2026-10-07T20:16:26.1014887Z   Python2_ROOT_DIR: /opt/hostedtoolcache/Python/3.13.16/x64
2026-10-07T20:16:26.1015280Z   Python3_ROOT_DIR: /opt/hostedtoolcache/Python/3.13.16/x64
2026-10-07T20:16:26.1015675Z   LD_LIBRARY_PATH: /opt/hostedtoolcache/Python/3.13.16/x64/lib
2026-10-07T20:16:26.1016000Z ##[endgroup]
2026-10-07T20:16:26.8777273Z Going to install lts version 2.9.3.
2026-10-07T20:16:26.8789201Z Downloading Deno from https://github.com/denoland/deno/releases/download/v2.9.3/deno-x86_64-unknown-linux-gnu.zip.
2026-10-07T20:16:27.4208251Z [command]/usr/bin/unzip -o -q /home/runner/work/_temp/45835888-7b67-4383-9198-160c212c9ff1
2026-10-07T20:16:28.2827502Z Cached Deno to /opt/hostedtoolcache/deno/2.9.3/x64.
2026-10-07T20:16:28.2837194Z Installation complete.
2026-10-07T20:16:28.3006516Z ##[group]Run pnpm install --frozen-lockfile
2026-10-07T20:16:28.3006965Z [36;1mpnpm install --frozen-lockfile[0m
2026-10-07T20:16:28.3901924Z shell: /usr/bin/bash -e {0}
2026-10-07T20:16:28.3902276Z env:
2026-10-07T20:16:28.3902617Z   PNPM_HOME: /home/runner/setup-pnpm/node_modules/.bin
2026-10-07T20:16:28.3903429Z   pythonLocation: /opt/hostedtoolcache/Python/3.13.16/x64
2026-10-07T20:16:28.3904012Z   PKG_CONFIG_PATH: /opt/hostedtoolcache/Python/3.13.16/x64/lib/pkgconfig
2026-10-07T20:16:28.3904589Z   Python_ROOT_DIR: /opt/hostedtoolcache/Python/3.13.16/x64
2026-10-07T20:16:28.3905102Z   Python2_ROOT_DIR: /opt/hostedtoolcache/Python/3.13.16/x64
2026-10-07T20:16:28.3905869Z   Python3_ROOT_DIR: /opt/hostedtoolcache/Python/3.13.16/x64
2026-10-07T20:16:28.3906387Z   LD_LIBRARY_PATH: /opt/hostedtoolcache/Python/3.13.16/x64/lib
2026-10-07T20:16:28.3906780Z ##[endgroup]
2026-10-07T20:16:28.8676627Z Scope: all 3 workspace projects
2026-10-07T20:16:29.1528851Z ? Verifying lockfile against supply-chain policies (340 entries)...
2026-10-07T20:16:29.1620125Z Lockfile is up to date, resolution step is skipped
2026-10-07T20:16:29.3224839Z Progress: resolved 1, reused 0, downloaded 0, added 0
2026-10-07T20:16:29.3869514Z Packages: +281
2026-10-07T20:16:29.3870371Z ++++++++++++++++++++++++++++++++++++++++++++++++++++++++++++++++++++++++++++++++
2026-10-07T20:16:30.3399920Z Progress: resolved 281, reused 281, downloaded 0, added 0
2026-10-07T20:16:30.3514693Z Packages are hard linked from the content-addressable store to the virtual store.
2026-10-07T20:16:30.3516465Z   Content-addressable store is at: /home/runner/setup-pnpm/node_modules/.bin/store/v11
2026-10-07T20:16:30.3543749Z   Virtual store is at:             node_modules/.pnpm
2026-10-07T20:16:31.1750578Z Progress: resolved 281, reused 281, downloaded 0, added 281, done
2026-10-07T20:16:33.7307646Z ✓ Lockfile passes supply-chain policies (340 entries in 4.5s)
2026-10-07T20:16:34.0264702Z 
2026-10-07T20:16:34.0265353Z devDependencies:
2026-10-07T20:16:34.0266028Z + @angular/common 22.1.5
2026-10-07T20:16:34.0266353Z + @angular/compiler 22.1.5
2026-10-07T20:16:34.0266635Z + @angular/core 22.1.5
2026-10-07T20:16:34.0266942Z + @angular/platform-browser 22.1.5
2026-10-07T20:16:34.0267280Z + @angular/platform-server 22.1.5
2026-10-07T20:16:34.0267611Z + @mathjax/mathjax-tex-font 4.1.3
2026-10-07T20:16:34.0267902Z + @mathjax/src 4.1.3
2026-10-07T20:16:34.0268232Z + @playwright/test 1.62.1
2026-10-07T20:16:34.0268558Z + @sveltejs/vite-plugin-svelte 7.3.0
2026-10-07T20:16:34.0268855Z + @types/node 26.4.1
2026-10-07T20:16:34.0269101Z + @types/react 19.2.18
2026-10-07T20:16:34.0269355Z + @types/react-dom 19.2.7
2026-10-07T20:16:34.0269636Z + @vitejs/plugin-react 6.1.1
2026-10-07T20:16:34.0269918Z + commonmark 0.31.2
2026-10-07T20:16:34.0270437Z + commonmark-spec 0.31.2
2026-10-07T20:16:34.0270793Z + css-select 7.0.0
2026-10-07T20:16:34.0271058Z + docx-preview 0.4.0
2026-10-07T20:16:34.0271292Z + entities 8.0.0
2026-10-07T20:16:34.0271524Z + fflate 0.8.3
2026-10-07T20:16:34.0271759Z + jsdom 30.0.1
2026-10-07T20:16:34.0272049Z + katex 0.18.6
2026-10-07T20:16:34.0272419Z + miniflare 3.20250718.3
2026-10-07T20:16:34.0272810Z + parse5 8.0.1
2026-10-07T20:16:34.0273663Z + parse5-htmlparser2-tree-adapter 8.0.1
2026-10-07T20:16:34.0274230Z + pdfjs-dist 6.3.289
2026-10-07T20:16:34.0274605Z + react 19.2.8
2026-10-07T20:16:34.0275254Z + react-dom 19.2.8
2026-10-07T20:16:34.0275554Z + rxjs 7.8.2
2026-10-07T20:16:34.0275789Z + svelte 5.57.0
2026-10-07T20:16:34.0276204Z + typescript 7.0.2
2026-10-07T20:16:34.0276611Z + unicode-emoji-json 0.9.0
2026-10-07T20:16:34.0276991Z + vite 8.2.2
2026-10-07T20:16:34.0277212Z + vitest 5.0.0
2026-10-07T20:16:34.0277439Z + vue 3.5.42
2026-10-07T20:16:34.0277640Z + yjs 13.6.32
2026-10-07T20:16:34.0277763Z 
2026-10-07T20:16:34.1233324Z Done in 5.6s using pnpm v11.19.0
2026-10-07T20:16:34.1787430Z ##[group]Run python -m pip install --disable-pip-version-check python-docx==1.2.0
2026-10-07T20:16:34.1788084Z [36;1mpython -m pip install --disable-pip-version-check python-docx==1.2.0[0m
2026-10-07T20:16:34.1850912Z shell: /usr/bin/bash -e {0}
2026-10-07T20:16:34.1851191Z env:
2026-10-07T20:16:34.1851473Z   PNPM_HOME: /home/runner/setup-pnpm/node_modules/.bin
2026-10-07T20:16:34.1851886Z   pythonLocation: /opt/hostedtoolcache/Python/3.13.16/x64
2026-10-07T20:16:34.1852367Z   PKG_CONFIG_PATH: /opt/hostedtoolcache/Python/3.13.16/x64/lib/pkgconfig
2026-10-07T20:16:34.1853022Z   Python_ROOT_DIR: /opt/hostedtoolcache/Python/3.13.16/x64
2026-10-07T20:16:34.1853477Z   Python2_ROOT_DIR: /opt/hostedtoolcache/Python/3.13.16/x64
2026-10-07T20:16:34.1853909Z   Python3_ROOT_DIR: /opt/hostedtoolcache/Python/3.13.16/x64
2026-10-07T20:16:34.1854554Z   LD_LIBRARY_PATH: /opt/hostedtoolcache/Python/3.13.16/x64/lib
2026-10-07T20:16:34.1854910Z ##[endgroup]
2026-10-07T20:16:39.2007271Z Collecting python-docx==1.2.0
2026-10-07T20:16:39.2964943Z   Downloading python_docx-1.2.0-py3-none-any.whl.metadata (2.0 kB)
2026-10-07T20:16:39.6145476Z Collecting lxml>=3.1.0 (from python-docx==1.2.0)
2026-10-07T20:16:39.6342785Z   Downloading lxml-6.1.3-cp313-cp313-manylinux_2_26_x86_64.manylinux_2_28_x86_64.whl.metadata (3.3 kB)
2026-10-07T20:16:39.6666885Z Collecting typing_extensions>=4.9.0 (from python-docx==1.2.0)
2026-10-07T20:16:39.6859130Z   Downloading typing_extensions-4.16.0-py3-none-any.whl.metadata (3.3 kB)
2026-10-07T20:16:39.7206080Z Downloading python_docx-1.2.0-py3-none-any.whl (252 kB)
2026-10-07T20:16:39.7949577Z Downloading lxml-6.1.3-cp313-cp313-manylinux_2_26_x86_64.manylinux_2_28_x86_64.whl (5.2 MB)
2026-10-07T20:16:39.9299934Z    ━━━━━━━━━━━━━━━━━━━━━━━━━━━━━━━━━━━━━━━━ 5.2/5.2 MB 43.2 MB/s  0:00:00
2026-10-07T20:16:39.9493723Z Downloading typing_extensions-4.16.0-py3-none-any.whl (45 kB)
2026-10-07T20:16:40.1427716Z Installing collected packages: typing_extensions, lxml, python-docx
2026-10-07T20:16:40.4395997Z 
2026-10-07T20:16:40.4410483Z Successfully installed lxml-6.1.3 python-docx-1.2.0 typing_extensions-4.16.0
2026-10-07T20:16:40.5078464Z ##[group]Run pnpm build
2026-10-07T20:16:40.5078948Z [36;1mpnpm build[0m
2026-10-07T20:16:40.5170871Z shell: /usr/bin/bash -e {0}
2026-10-07T20:16:40.5171320Z env:
2026-10-07T20:16:40.5171772Z   PNPM_HOME: /home/runner/setup-pnpm/node_modules/.bin
2026-10-07T20:16:40.5172485Z   pythonLocation: /opt/hostedtoolcache/Python/3.13.16/x64
2026-10-07T20:16:40.5173678Z   PKG_CONFIG_PATH: /opt/hostedtoolcache/Python/3.13.16/x64/lib/pkgconfig
2026-10-07T20:16:40.5174492Z   Python_ROOT_DIR: /opt/hostedtoolcache/Python/3.13.16/x64
2026-10-07T20:16:40.5175291Z   Python2_ROOT_DIR: /opt/hostedtoolcache/Python/3.13.16/x64
2026-10-07T20:16:40.5176032Z   Python3_ROOT_DIR: /opt/hostedtoolcache/Python/3.13.16/x64
2026-10-07T20:16:40.5176830Z   LD_LIBRARY_PATH: /opt/hostedtoolcache/Python/3.13.16/x64/lib
2026-10-07T20:16:40.5177431Z ##[endgroup]
2026-10-07T20:16:40.9931922Z $ vite build -c vite.lib.config.ts && tsc -p tsconfig.build.json && node scripts/copy-assets.mjs && pnpm build:angular
2026-10-07T20:16:41.2226871Z [36mvite v8.2.2 [32mbuilding client environment for production...[36m[39m
2026-10-07T20:16:41.2350683Z transforming...
2026-10-07T20:16:41.3625227Z ✓ 302 modules transformed.
2026-10-07T20:16:41.4447785Z rendering chunks...
2026-10-07T20:16:41.5279331Z computing gzip size...
2026-10-07T20:16:41.5419700Z dist/step-doAGd4iU.js                       0.20 kB │ gzip:  0.18 kB │ map:   0.41 kB
2026-10-07T20:16:41.5420940Z dist/plugin-B0KSKRXJ.js                     0.39 kB │ gzip:  0.28 kB │ map:   3.23 kB
2026-10-07T20:16:41.5422071Z dist/node-spec-Dl5lMC1C.js                  0.64 kB │ gzip:  0.37 kB │ map:   8.05 kB
2026-10-07T20:16:41.5423444Z dist/text-style.js                          0.87 kB │ gzip:  0.39 kB
2026-10-07T20:16:41.5424618Z dist/url-sjMj-efj.js                        1.03 kB │ gzip:  0.52 kB │ map:   2.68 kB
2026-10-07T20:16:41.5425732Z dist/svelte.js                              1.08 kB │ gzip:  0.55 kB │ map:   3.58 kB
2026-10-07T20:16:41.5426750Z dist/useFountain-DQ8gXlvr.js                1.09 kB │ gzip:  0.57 kB │ map:   3.25 kB
2026-10-07T20:16:41.5427512Z dist/command-manager-CSDUCeVE.js            1.32 kB │ gzip:  0.62 kB │ map:   6.46 kB
2026-10-07T20:16:41.5428257Z dist/collaboration-BubriAbK.js              1.44 kB │ gzip:  0.71 kB │ map:   3.60 kB
2026-10-07T20:16:41.5429332Z dist/react-widgets.js                       1.57 kB │ gzip:  0.67 kB │ map:   5.52 kB
2026-10-07T20:16:41.5430658Z dist/vue.js                                 1.72 kB │ gzip:  0.86 kB │ map:   4.53 kB
2026-10-07T20:16:41.5431916Z dist/inline-atom-BLfPalX5.js                1.76 kB │ gzip:  0.78 kB │ map:   5.30 kB
2026-10-07T20:16:41.5433529Z dist/path-B7Cr90vg.js                       1.89 kB │ gzip:  0.89 kB │ map:   5.80 kB
2026-10-07T20:16:41.5435353Z dist/search-CLj2oPC9.js                     1.99 kB │ gzip:  0.95 kB │ map:   6.14 kB
2026-10-07T20:16:41.5436696Z dist/history-CluGKD04.js                    2.71 kB │ gzip:  1.12 kB │ map:   7.84 kB
2026-10-07T20:16:41.5438088Z dist/html-page-settings-BniO1ltv.js         2.78 kB │ gzip:  1.16 kB │ map:   8.24 kB
2026-10-07T20:16:41.5439520Z dist/content-expression-CuobUc-r.js         2.87 kB │ gzip:  1.12 kB │ map:   7.89 kB
2026-10-07T20:16:41.5440896Z dist/input-rules-EH0whXGW.js                2.99 kB │ gzip:  1.31 kB │ map:   9.02 kB
2026-10-07T20:16:41.5442159Z dist/decoration-CuT1b7BC.js                 3.14 kB │ gzip:  1.23 kB │ map:  10.15 kB
2026-10-07T20:16:41.5443705Z dist/extension-Cfbujo9B.js                  3.20 kB │ gzip:  1.27 kB │ map:  10.62 kB
2026-10-07T20:16:41.5445030Z dist/replace-text-range-step-DDj1wpRU.js    3.28 kB │ gzip:  1.21 kB │ map:   9.56 kB
2026-10-07T20:16:41.5446345Z dist/table-map-Du2VwT8u.js                  3.47 kB │ gzip:  1.41 kB │ map:  10.05 kB
2026-10-07T20:16:41.5447652Z dist/mark-range-step-Jo1iPQSu.js            3.48 kB │ gzip:  1.08 kB │ map:  10.32 kB
2026-10-07T20:16:41.5448951Z dist/node-CMohf4dR.js                       3.90 kB │ gzip:  1.36 kB │ map:  10.26 kB
2026-10-07T20:16:41.5450595Z dist/html-flow-DD-oI2l-.js                  4.47 kB │ gzip:  1.85 kB │ map:  11.72 kB
2026-10-07T20:16:41.5451954Z dist/widgets-dom.js                         4.74 kB │ gzip:  1.67 kB │ map:  13.70 kB
2026-10-07T20:16:41.5453553Z dist/text-style-BpVAJwKH.js                 4.82 kB │ gzip:  1.60 kB │ map:  15.05 kB
2026-10-07T20:16:41.5454777Z dist/integrity-dom.js                       5.07 kB │ gzip:  1.98 kB │ map:  14.22 kB
2026-10-07T20:16:41.5455532Z dist/link-destination-C_zXSnoz.js           5.47 kB │ gzip:  2.03 kB │ map:  16.08 kB
2026-10-07T20:16:41.5456231Z dist/table-of-contents.js                   5.69 kB │ gzip:  2.34 kB │ map:  17.63 kB
2026-10-07T20:16:41.5456862Z dist/html-inert.js                          6.16 kB │ gzip:  2.55 kB │ map:  13.93 kB
2026-10-07T20:16:41.5457477Z dist/testing.js                             6.49 kB │ gzip:  2.31 kB │ map:  18.97 kB
2026-10-07T20:16:41.5458123Z dist/selection-Du4v48EK.js                  6.52 kB │ gzip:  2.21 kB │ map:  19.93 kB
2026-10-07T20:16:41.5458845Z dist/table-layout-CcmXrWN5.js               6.98 kB │ gzip:  2.51 kB │ map:  19.64 kB
2026-10-07T20:16:41.5459517Z dist/migrations.js                          7.04 kB │ gzip:  2.23 kB │ map:  19.76 kB
2026-10-07T20:16:41.5460160Z dist/react-tracked-changes.js               7.65 kB │ gzip:  2.34 kB │ map:  13.99 kB
2026-10-07T20:16:41.5460784Z dist/details.js                             7.72 kB │ gzip:  2.65 kB │ map:  21.54 kB
2026-10-07T20:16:41.5461407Z dist/mapping-BbhEodcc.js                    7.76 kB │ gzip:  2.66 kB │ map:  24.89 kB
2026-10-07T20:16:41.5462049Z dist/react-integrity.js                     8.09 kB │ gzip:  2.42 kB │ map:  13.31 kB
2026-10-07T20:16:41.5462707Z dist/menu-position-BhHjnREO.js              8.23 kB │ gzip:  3.04 kB │ map:  25.35 kB
2026-10-07T20:16:41.5463644Z dist/node-ids.js                            8.74 kB │ gzip:  3.14 kB │ map:  28.06 kB
2026-10-07T20:16:41.5464244Z dist/widgets.js                             8.78 kB │ gzip:  3.21 kB │ map:  27.94 kB
2026-10-07T20:16:41.5464800Z dist/core.js                                9.04 kB │ gzip:  3.16 kB
2026-10-07T20:16:41.5465400Z dist/react-comments.js                      9.78 kB │ gzip:  2.75 kB │ map:  17.76 kB
2026-10-07T20:16:41.5466061Z dist/structured-attributes.js              10.03 kB │ gzip:  2.96 kB │ map:  31.46 kB
2026-10-07T20:16:41.5466717Z dist/react-versions.js                     10.06 kB │ gzip:  2.75 kB │ map:  18.26 kB
2026-10-07T20:16:41.5467389Z dist/collaboration-core-B-I53ZbT.js        10.29 kB │ gzip:  3.23 kB │ map:  32.95 kB
2026-10-07T20:16:41.5468060Z dist/ai-generated-media.js                 10.71 kB │ gzip:  3.28 kB │ map:  27.57 kB
2026-10-07T20:16:41.5468670Z dist/ruby.js                               10.92 kB │ gzip:  3.49 kB │ map:  28.83 kB
2026-10-07T20:16:41.5469576Z dist/page-settings-Bqt82pEY.js             11.19 kB │ gzip:  3.73 kB │ map:  32.14 kB
2026-10-07T20:16:41.5470239Z dist/pages.js                              11.27 kB │ gzip:  3.60 kB │ map:  28.76 kB
2026-10-07T20:16:41.5470908Z dist/integrity.js                          11.46 kB │ gzip:  3.63 kB │ map:  30.86 kB
2026-10-07T20:16:41.5472013Z dist/pages-preview.js                      13.47 kB │ gzip:  4.45 kB │ map:  37.18 kB
2026-10-07T20:16:41.5472733Z dist/editor-CMX7ABLq.js                    15.16 kB │ gzip:  4.48 kB │ map:  43.81 kB
2026-10-07T20:16:41.5473732Z dist/ai-conversation.js                    15.96 kB │ gzip:  4.46 kB │ map:  41.86 kB
2026-10-07T20:16:41.5474589Z dist/ai-document-tools.js                  16.83 kB │ gzip:  4.71 kB │ map:  45.73 kB
2026-10-07T20:16:41.5475482Z dist/emoji-Dcd6cwiM.js                     17.42 kB │ gzip:  5.72 kB │ map:  46.29 kB
2026-10-07T20:16:41.5476350Z dist/link-behavior-oYZGk5x4.js             18.29 kB │ gzip:  6.84 kB │ map:  48.24 kB
2026-10-07T20:16:41.5477630Z dist/presentation-_RsWq19D.js              21.37 kB │ gzip:  6.17 kB │ map:  64.52 kB
2026-10-07T20:16:41.5478764Z dist/document-utilities.js                 23.88 kB │ gzip:  7.49 kB │ map:  67.80 kB
2026-10-07T20:16:41.5480068Z dist/yjs.js                                27.47 kB │ gzip:  7.82 kB │ map:  75.97 kB
2026-10-07T20:16:41.5481219Z dist/tracked-changes.js                    28.57 kB │ gzip:  8.09 kB │ map:  85.58 kB
2026-10-07T20:16:41.5482487Z dist/versions.js                           29.34 kB │ gzip:  7.76 kB │ map:  80.63 kB
2026-10-07T20:16:41.5484015Z dist/comments.js                           29.77 kB │ gzip:  8.57 kB │ map:  87.59 kB
2026-10-07T20:16:41.5485268Z dist/extensions-C1DRY4_P.js                32.94 kB │ gzip:  9.34 kB │ map:  85.95 kB
2026-10-07T20:16:41.5486476Z dist/media-DZiyIJlx.js                     42.44 kB │ gzip: 12.02 kB │ map: 109.48 kB
2026-10-07T20:16:41.5487743Z dist/markdown-html-83ZGjqmO.js             43.57 kB │ gzip: 23.96 kB │ map:  74.66 kB
2026-10-07T20:16:41.5488984Z dist/pages-dom.js                          53.72 kB │ gzip: 13.34 kB │ map: 147.72 kB
2026-10-07T20:16:41.5490175Z dist/commands-DasHTUlW.js                  82.06 kB │ gzip: 21.35 kB │ map: 235.36 kB
2026-10-07T20:16:41.5491357Z dist/index.js                              82.79 kB │ gzip: 24.38 kB │ map: 179.78 kB
2026-10-07T20:16:41.5492553Z dist/text-exporter-BdE6tUJU.js             87.20 kB │ gzip: 25.32 kB │ map: 267.14 kB
2026-10-07T20:16:41.5493960Z dist/react.js                              92.10 kB │ gzip: 21.58 kB │ map: 183.72 kB
2026-10-07T20:16:41.5495139Z dist/view-CqmBpraA.js                     116.38 kB │ gzip: 28.76 kB │ map: 299.21 kB
2026-10-07T20:16:41.5498019Z dist/docx.js                              188.06 kB │ gzip: 54.00 kB │ map: 517.08 kB
2026-10-07T20:16:41.5499272Z dist/html-server.js                       261.41 kB │ gzip: 59.34 kB │ map: 770.11 kB
2026-10-07T20:16:41.5500557Z dist/emoji-data.js                        331.40 kB │ gzip: 30.88 kB │ map: 467.62 kB
2026-10-07T20:16:41.5501118Z 
2026-10-07T20:16:41.5506519Z transforming...
2026-10-07T20:16:41.6740860Z ✓ 302 modules transformed.
2026-10-07T20:16:41.7525249Z rendering chunks...
2026-10-07T20:16:41.8381428Z computing gzip size...
2026-10-07T20:16:41.8520221Z dist/step-CICBu9Xg.cjs                       0.20 kB │ gzip:  0.18 kB │ map:   0.42 kB
2026-10-07T20:16:41.8521040Z dist/plugin-DlQkwKdU.cjs                     0.48 kB │ gzip:  0.27 kB │ map:   3.21 kB
2026-10-07T20:16:41.8521779Z dist/node-spec-owlJN_nc.cjs                  0.59 kB │ gzip:  0.36 kB │ map:   8.05 kB
2026-10-07T20:16:41.8522478Z dist/rolldown-runtime-Chgba0Kb.cjs           0.77 kB │ gzip:  0.41 kB
2026-10-07T20:16:41.8523641Z dist/text-style.cjs                          0.87 kB │ gzip:  0.36 kB
2026-10-07T20:16:41.8524715Z dist/svelte.cjs                              0.89 kB │ gzip:  0.51 kB │ map:   3.64 kB
2026-10-07T20:16:41.8525859Z dist/url-Co8QRAHd.cjs                        0.92 kB │ gzip:  0.51 kB │ map:   2.68 kB
2026-10-07T20:16:41.8527602Z dist/useFountain-C16zq9TV.cjs                0.96 kB │ gzip:  0.52 kB │ map:   3.30 kB
2026-10-07T20:16:41.8528895Z dist/command-manager-DU4ahU5C.cjs            1.06 kB │ gzip:  0.55 kB │ map:   6.45 kB
2026-10-07T20:16:41.8530356Z dist/collaboration-DHfWMt2l.cjs              1.26 kB │ gzip:  0.63 kB │ map:   3.61 kB
2026-10-07T20:16:41.8531787Z dist/react-widgets.cjs                       1.33 kB │ gzip:  0.63 kB │ map:   5.62 kB
2026-10-07T20:16:41.8533339Z dist/vue.cjs                                 1.45 kB │ gzip:  0.76 kB │ map:   4.76 kB
2026-10-07T20:16:41.8534680Z dist/inline-atom-Cg88XSNe.cjs                1.53 kB │ gzip:  0.70 kB │ map:   5.34 kB
2026-10-07T20:16:41.8536084Z dist/search-Cb5HWhnF.cjs                     1.76 kB │ gzip:  0.87 kB │ map:   6.15 kB
2026-10-07T20:16:41.8537427Z dist/path-DDY3uxw-.cjs                       1.98 kB │ gzip:  0.82 kB │ map:   5.79 kB
2026-10-07T20:16:41.8538960Z dist/content-expression-YXcFdjFU.cjs         2.15 kB │ gzip:  0.98 kB │ map:   7.85 kB
2026-10-07T20:16:41.8540380Z dist/html-page-settings-CHmUedrc.cjs         2.52 kB │ gzip:  1.03 kB │ map:   8.22 kB
2026-10-07T20:16:41.8541898Z dist/table-map-Dbo_d2TT.cjs                  2.65 kB │ gzip:  1.23 kB │ map:  10.02 kB
2026-10-07T20:16:41.8543272Z dist/input-rules-HXvPuvbc.cjs                2.66 kB │ gzip:  1.16 kB │ map:   9.04 kB
2026-10-07T20:16:41.8544030Z dist/decoration-jVx4B2Pl.cjs                 2.68 kB │ gzip:  1.13 kB │ map:  10.14 kB
2026-10-07T20:16:41.8544772Z dist/replace-text-range-step-VHOaDNVn.cjs    2.69 kB │ gzip:  1.07 kB │ map:   9.63 kB
2026-10-07T20:16:41.8545502Z dist/history-C1iHQbdz.cjs                    2.76 kB │ gzip:  1.03 kB │ map:   7.85 kB
2026-10-07T20:16:41.8546168Z dist/extension-Sb4ErwsF.cjs                  2.86 kB │ gzip:  1.17 kB │ map:  10.59 kB
2026-10-07T20:16:41.8546864Z dist/mark-range-step-DOJDyOsP.cjs            3.02 kB │ gzip:  0.92 kB │ map:  10.34 kB
2026-10-07T20:16:41.8547539Z dist/node-D26sG_e5.cjs                       3.35 kB │ gzip:  1.25 kB │ map:  10.25 kB
2026-10-07T20:16:41.8548191Z dist/widgets-dom.cjs                         4.02 kB │ gzip:  1.53 kB │ map:  13.67 kB
2026-10-07T20:16:41.8548890Z dist/html-flow-BHL-hkt_.cjs                  4.18 kB │ gzip:  1.68 kB │ map:  11.78 kB
2026-10-07T20:16:41.8549541Z dist/integrity-dom.cjs                       4.36 kB │ gzip:  1.82 kB │ map:  14.27 kB
2026-10-07T20:16:41.8550210Z dist/table-of-contents.cjs                   4.75 kB │ gzip:  2.12 kB │ map:  17.66 kB
2026-10-07T20:16:41.8550886Z dist/text-style-Bj101slt.cjs                 5.08 kB │ gzip:  1.44 kB │ map:  15.23 kB
2026-10-07T20:16:41.8551535Z dist/html-inert.cjs                          5.19 kB │ gzip:  2.36 kB │ map:  13.94 kB
2026-10-07T20:16:41.8552150Z dist/testing.cjs                             5.43 kB │ gzip:  2.08 kB │ map:  18.97 kB
2026-10-07T20:16:41.8552791Z dist/selection-DrO1gWsj.cjs                  5.65 kB │ gzip:  1.97 kB │ map:  19.95 kB
2026-10-07T20:16:41.8553771Z dist/react-tracked-changes.cjs               5.71 kB │ gzip:  2.01 kB │ map:  14.60 kB
2026-10-07T20:16:41.8554664Z dist/link-destination-vEg16Tuc.cjs           5.72 kB │ gzip:  1.73 kB │ map:  16.11 kB
2026-10-07T20:16:41.8555953Z dist/migrations.cjs                          6.10 kB │ gzip:  2.00 kB │ map:  19.78 kB
2026-10-07T20:16:41.8557009Z dist/react-integrity.cjs                     6.18 kB │ gzip:  2.18 kB │ map:  14.15 kB
2026-10-07T20:16:41.8558159Z dist/details.cjs                             6.35 kB │ gzip:  2.39 kB │ map:  21.62 kB
2026-10-07T20:16:41.8559222Z dist/mapping-LRwd6pqd.cjs                    6.55 kB │ gzip:  2.36 kB │ map:  24.97 kB
2026-10-07T20:16:41.8560343Z dist/table-layout-r-zMRyTz.cjs               6.66 kB │ gzip:  2.26 kB │ map:  19.62 kB
2026-10-07T20:16:41.8561489Z dist/react-comments.cjs                      7.05 kB │ gzip:  2.28 kB │ map:  18.76 kB
2026-10-07T20:16:41.8562536Z dist/node-ids.cjs                            7.18 kB │ gzip:  2.82 kB │ map:  28.03 kB
2026-10-07T20:16:41.8564264Z dist/menu-position-DgAmLXYm.cjs              7.21 kB │ gzip:  2.71 kB │ map:  25.43 kB
2026-10-07T20:16:41.8565444Z dist/widgets.cjs                             7.33 kB │ gzip:  2.88 kB │ map:  28.00 kB
2026-10-07T20:16:41.8566534Z dist/react-versions.cjs                      7.37 kB │ gzip:  2.35 kB │ map:  19.28 kB
2026-10-07T20:16:41.8567622Z dist/core.cjs                                8.24 kB │ gzip:  2.43 kB
2026-10-07T20:16:41.8568683Z dist/structured-attributes.cjs               8.41 kB │ gzip:  2.71 kB │ map:  31.45 kB
2026-10-07T20:16:41.8569854Z dist/ai-generated-media.cjs                  9.11 kB │ gzip:  2.97 kB │ map:  27.49 kB
2026-10-07T20:16:41.8570965Z dist/ruby.cjs                                9.18 kB │ gzip:  3.14 kB │ map:  28.80 kB
2026-10-07T20:16:41.8572035Z dist/integrity.cjs                           9.36 kB │ gzip:  3.32 kB │ map:  30.88 kB
2026-10-07T20:16:41.8572779Z dist/pages.cjs                               9.36 kB │ gzip:  3.21 kB │ map:  28.86 kB
2026-10-07T20:16:41.8574138Z dist/collaboration-core-6QLxBCsv.cjs         9.37 kB │ gzip:  2.92 kB │ map:  32.93 kB
2026-10-07T20:16:41.8574985Z dist/page-settings-BTDzBnRH.cjs             10.15 kB │ gzip:  3.43 kB │ map:  32.11 kB
2026-10-07T20:16:41.8575972Z dist/pages-preview.cjs                      11.42 kB │ gzip:  4.09 kB │ map:  37.00 kB
2026-10-07T20:16:41.8576672Z dist/editor-Ce4QfnkJ.cjs                    13.24 kB │ gzip:  4.10 kB │ map:  43.90 kB
2026-10-07T20:16:41.8577344Z dist/ai-conversation.cjs                    13.42 kB │ gzip:  4.04 kB │ map:  41.75 kB
2026-10-07T20:16:41.8578009Z dist/ai-document-tools.cjs                  13.93 kB │ gzip:  4.22 kB │ map:  45.71 kB
2026-10-07T20:16:41.8578675Z dist/emoji-DAGrlUem.cjs                     14.66 kB │ gzip:  5.12 kB │ map:  46.33 kB
2026-10-07T20:16:41.8579344Z dist/link-behavior-DxFlB9w3.cjs             16.42 kB │ gzip:  6.31 kB │ map:  48.32 kB
2026-10-07T20:16:41.8580033Z dist/presentation-DrPDmb6z.cjs              17.92 kB │ gzip:  5.47 kB │ map:  64.36 kB
2026-10-07T20:16:41.8580724Z dist/document-utilities.cjs                 19.37 kB │ gzip:  6.71 kB │ map:  67.92 kB
2026-10-07T20:16:41.8581345Z dist/yjs.cjs                                22.89 kB │ gzip:  7.13 kB │ map:  75.74 kB
2026-10-07T20:16:41.8581976Z dist/tracked-changes.cjs                    23.66 kB │ gzip:  7.30 kB │ map:  85.59 kB
2026-10-07T20:16:41.8582629Z dist/comments.cjs                           24.18 kB │ gzip:  7.65 kB │ map:  87.59 kB
2026-10-07T20:16:41.8583705Z dist/versions.cjs                           24.36 kB │ gzip:  7.06 kB │ map:  80.44 kB
2026-10-07T20:16:41.8584383Z dist/extensions-DjBSNlD7.cjs                30.75 kB │ gzip:  8.30 kB │ map:  86.30 kB
2026-10-07T20:16:41.8585063Z dist/media-Bzb45r2G.cjs                     35.05 kB │ gzip: 10.80 kB │ map: 109.58 kB
2026-10-07T20:16:41.8585747Z dist/markdown-html-DD8ATANg.cjs             41.42 kB │ gzip: 23.40 kB │ map:  74.55 kB
2026-10-07T20:16:41.8586418Z dist/pages-dom.cjs                          44.81 kB │ gzip: 12.13 kB │ map: 147.15 kB
2026-10-07T20:16:41.8587091Z dist/text-exporter-C4h-egmn.cjs             68.19 kB │ gzip: 22.75 kB │ map: 266.49 kB
2026-10-07T20:16:41.8588204Z dist/react.cjs                              69.17 kB │ gzip: 18.66 kB │ map: 192.48 kB
2026-10-07T20:16:41.8589174Z dist/index.cjs                              70.12 kB │ gzip: 21.12 kB │ map: 179.78 kB
2026-10-07T20:16:41.8590190Z dist/commands-DBqTIH1U.cjs                  73.03 kB │ gzip: 19.69 kB │ map: 236.40 kB
2026-10-07T20:16:41.8591251Z dist/view-DRhFzAAp.cjs                      99.22 kB │ gzip: 26.21 kB │ map: 298.54 kB
2026-10-07T20:16:41.8592263Z dist/docx.cjs                              152.04 kB │ gzip: 48.58 kB │ map: 516.01 kB
2026-10-07T20:16:41.8593540Z dist/html-server.cjs                       212.53 kB │ gzip: 54.15 kB │ map: 767.25 kB
2026-10-07T20:16:41.8594597Z dist/emoji-data.cjs                        274.54 kB │ gzip: 30.24 kB │ map: 451.98 kB
2026-10-07T20:16:41.8595416Z 
2026-10-07T20:16:41.8596186Z [32m✓ built in 632ms[39m
2026-10-07T20:16:43.5145039Z $ pnpm --dir tools/angular-build exec ngc -p ../../tsconfig.angular.json && pnpm build:angular-demo
2026-10-07T20:16:45.9280081Z $ pnpm --dir tools/angular-build exec ngc -p ../../tsconfig.angular-demo.json
2026-10-07T20:16:48.4324718Z ##[group]Run pnpm test:api
2026-10-07T20:16:48.4325218Z [36;1mpnpm test:api[0m
2026-10-07T20:16:48.4393847Z shell: /usr/bin/bash -e {0}
2026-10-07T20:16:48.4394116Z env:
2026-10-07T20:16:48.4394387Z   PNPM_HOME: /home/runner/setup-pnpm/node_modules/.bin
2026-10-07T20:16:48.4394791Z   pythonLocation: /opt/hostedtoolcache/Python/3.13.16/x64
2026-10-07T20:16:48.4395250Z   PKG_CONFIG_PATH: /opt/hostedtoolcache/Python/3.13.16/x64/lib/pkgconfig
2026-10-07T20:16:48.4395682Z   Python_ROOT_DIR: /opt/hostedtoolcache/Python/3.13.16/x64
2026-10-07T20:16:48.4396092Z   Python2_ROOT_DIR: /opt/hostedtoolcache/Python/3.13.16/x64
2026-10-07T20:16:48.4396479Z   Python3_ROOT_DIR: /opt/hostedtoolcache/Python/3.13.16/x64
2026-10-07T20:16:48.4396895Z   LD_LIBRARY_PATH: /opt/hostedtoolcache/Python/3.13.16/x64/lib
2026-10-07T20:16:48.4397229Z ##[endgroup]
2026-10-07T20:16:48.9035229Z $ node scripts/check-api-surface.mjs
2026-10-07T20:16:48.9770055Z Public API surface verified across 409 declaration files.
2026-10-07T20:16:48.9984821Z ##[group]Run pnpm test:server-runtimes
2026-10-07T20:16:48.9985182Z [36;1mpnpm test:server-runtimes[0m
2026-10-07T20:16:49.0047404Z shell: /usr/bin/bash -e {0}
2026-10-07T20:16:49.0047687Z env:
2026-10-07T20:16:49.0047980Z   PNPM_HOME: /home/runner/setup-pnpm/node_modules/.bin
2026-10-07T20:16:49.0048421Z   pythonLocation: /opt/hostedtoolcache/Python/3.13.16/x64
2026-10-07T20:16:49.0048918Z   PKG_CONFIG_PATH: /opt/hostedtoolcache/Python/3.13.16/x64/lib/pkgconfig
2026-10-07T20:16:49.0049414Z   Python_ROOT_DIR: /opt/hostedtoolcache/Python/3.13.16/x64
2026-10-07T20:16:49.0049856Z   Python2_ROOT_DIR: /opt/hostedtoolcache/Python/3.13.16/x64
2026-10-07T20:16:49.0050299Z   Python3_ROOT_DIR: /opt/hostedtoolcache/Python/3.13.16/x64
2026-10-07T20:16:49.0050776Z   LD_LIBRARY_PATH: /opt/hostedtoolcache/Python/3.13.16/x64/lib
2026-10-07T20:16:49.0051151Z ##[endgroup]
2026-10-07T20:16:49.4880105Z $ node scripts/smoke-server-html-runtime.mjs && node scripts/check-server-html-worker.mjs
2026-10-07T20:16:49.8366575Z Compiled runtime: 486 link normalization/security/history/destination contracts passed.
2026-10-07T20:16:49.8368445Z Compiled runtime: inert inline lexical data, full reopen, real transactions/history and altered-carrier refusal passed.
2026-10-07T20:16:49.8439835Z Compiled runtime: 576 owned-attribute checks plus immutable snapshots/history passed.
2026-10-07T20:16:49.9274792Z Compiled runtime: 140 native emphasis and partial-schema retention checks passed.
2026-10-07T20:16:49.9276445Z Compiled runtime: protected Markdown images/rules/tables, exact source, native/canonical reopen and refusal guards passed.
2026-10-07T20:16:49.9277934Z Compiled runtime: anonymous HTML flow, native/canonical reopening and exact source passed.
2026-10-07T20:16:49.9295531Z Node 24.21.0: DOM-free server HTML import/export passed.
2026-10-07T20:16:49.9345128Z Node 24.21.0: inert HTML comment retention, canonical reopen and breakout rejection passed.
2026-10-07T20:16:49.9347279Z Node 24.21.0: complete HTML page-settings retention and invalid/fragment boundaries passed.
2026-10-07T20:16:49.9374197Z Node 24.21.0: block-returning Markdown paragraph recovery passed.
2026-10-07T20:16:49.9537551Z Node 24.21.0: lazy Markdown flow paragraph sources passed.
2026-10-07T20:16:51.1806824Z Cloudflare workerd (Miniflare): 486 link normalization/security/history/destination contracts passed.
2026-10-07T20:16:51.1808543Z Cloudflare workerd (Miniflare): inert inline lexical data, complete reopen, transactions/history and carrier refusal passed.
2026-10-07T20:16:51.1810124Z Cloudflare workerd (Miniflare): 576 owned-attribute checks plus immutable snapshots/history passed.
2026-10-07T20:16:51.1811501Z Cloudflare workerd (Miniflare): 140 native emphasis and partial-schema retention checks passed.
2026-10-07T20:16:51.1813646Z Cloudflare workerd (Miniflare): protected Markdown images/rules/tables, full reopen and refusal guards passed.
2026-10-07T20:16:51.1814652Z Cloudflare workerd (Miniflare): anonymous HTML flow without synthetic paragraphs and native/canonical reopening passed.
2026-10-07T20:16:51.1815603Z Cloudflare workerd (Miniflare): inert HTML comment retention, canonical reopen and breakout rejection passed.
2026-10-07T20:16:51.1816358Z Cloudflare workerd (Miniflare): DOM-free server HTML import/export passed.
2026-10-07T20:16:51.1817143Z Cloudflare workerd (Miniflare): complete HTML page-settings retention and invalid/fragment boundaries passed.
2026-10-07T20:16:51.2333273Z ##[group]Run bun scripts/smoke-server-html-runtime.mjs
2026-10-07T20:16:51.2334136Z [36;1mbun scripts/smoke-server-html-runtime.mjs[0m
2026-10-07T20:16:51.2405319Z shell: /usr/bin/bash -e {0}
2026-10-07T20:16:51.2405607Z env:
2026-10-07T20:16:51.2405891Z   PNPM_HOME: /home/runner/setup-pnpm/node_modules/.bin
2026-10-07T20:16:51.2406288Z   pythonLocation: /opt/hostedtoolcache/Python/3.13.16/x64
2026-10-07T20:16:51.2406760Z   PKG_CONFIG_PATH: /opt/hostedtoolcache/Python/3.13.16/x64/lib/pkgconfig
2026-10-07T20:16:51.2407212Z   Python_ROOT_DIR: /opt/hostedtoolcache/Python/3.13.16/x64
2026-10-07T20:16:51.2407607Z   Python2_ROOT_DIR: /opt/hostedtoolcache/Python/3.13.16/x64
2026-10-07T20:16:51.2408000Z   Python3_ROOT_DIR: /opt/hostedtoolcache/Python/3.13.16/x64
2026-10-07T20:16:51.2408399Z   LD_LIBRARY_PATH: /opt/hostedtoolcache/Python/3.13.16/x64/lib
2026-10-07T20:16:51.2408742Z ##[endgroup]
2026-10-07T20:16:51.5902128Z Compiled runtime: 486 link normalization/security/history/destination contracts passed.
2026-10-07T20:16:51.5903994Z Compiled runtime: inert inline lexical data, full reopen, real transactions/history and altered-carrier refusal passed.
2026-10-07T20:16:51.5979504Z Compiled runtime: 576 owned-attribute checks plus immutable snapshots/history passed.
2026-10-07T20:16:51.7039067Z Compiled runtime: 140 native emphasis and partial-schema retention checks passed.
2026-10-07T20:16:51.7040068Z Compiled runtime: protected Markdown images/rules/tables, exact source, native/canonical reopen and refusal guards passed.
2026-10-07T20:16:51.7040926Z Compiled runtime: anonymous HTML flow, native/canonical reopening and exact source passed.
2026-10-07T20:16:51.7060397Z Bun 1.4.2: DOM-free server HTML import/export passed.
2026-10-07T20:16:51.7111813Z Bun 1.4.2: inert HTML comment retention, canonical reopen and breakout rejection passed.
2026-10-07T20:16:51.7112661Z Bun 1.4.2: complete HTML page-settings retention and invalid/fragment boundaries passed.
2026-10-07T20:16:51.7119051Z Bun 1.4.2: block-returning Markdown paragraph recovery passed.
2026-10-07T20:16:51.7340393Z Bun 1.4.2: lazy Markdown flow paragraph sources passed.
2026-10-07T20:16:51.7444646Z ##[group]Run deno run --allow-read scripts/smoke-server-html-runtime.mjs
2026-10-07T20:16:51.7445224Z [36;1mdeno run --allow-read scripts/smoke-server-html-runtime.mjs[0m
2026-10-07T20:16:51.7507435Z shell: /usr/bin/bash -e {0}
2026-10-07T20:16:51.7507720Z env:
2026-10-07T20:16:51.7508008Z   PNPM_HOME: /home/runner/setup-pnpm/node_modules/.bin
2026-10-07T20:16:51.7508444Z   pythonLocation: /opt/hostedtoolcache/Python/3.13.16/x64
2026-10-07T20:16:51.7508942Z   PKG_CONFIG_PATH: /opt/hostedtoolcache/Python/3.13.16/x64/lib/pkgconfig
2026-10-07T20:16:51.7509437Z   Python_ROOT_DIR: /opt/hostedtoolcache/Python/3.13.16/x64
2026-10-07T20:16:51.7509879Z   Python2_ROOT_DIR: /opt/hostedtoolcache/Python/3.13.16/x64
2026-10-07T20:16:51.7510317Z   Python3_ROOT_DIR: /opt/hostedtoolcache/Python/3.13.16/x64
2026-10-07T20:16:51.7510762Z   LD_LIBRARY_PATH: /opt/hostedtoolcache/Python/3.13.16/x64/lib
2026-10-07T20:16:51.7511139Z ##[endgroup]
2026-10-07T20:16:52.1176687Z Compiled runtime: 486 link normalization/security/history/destination contracts passed.
2026-10-07T20:16:52.1177954Z Compiled runtime: inert inline lexical data, full reopen, real transactions/history and altered-carrier refusal passed.
2026-10-07T20:16:52.1252692Z Compiled runtime: 576 owned-attribute checks plus immutable snapshots/history passed.
2026-10-07T20:16:52.2157557Z Compiled runtime: 140 native emphasis and partial-schema retention checks passed.
2026-10-07T20:16:52.2159111Z Compiled runtime: protected Markdown images/rules/tables, exact source, native/canonical reopen and refusal guards passed.
2026-10-07T20:16:52.2160612Z Compiled runtime: anonymous HTML flow, native/canonical reopening and exact source passed.
2026-10-07T20:16:52.2177165Z Deno 2.9.3: DOM-free server HTML import/export passed.
2026-10-07T20:16:52.2218050Z Deno 2.9.3: inert HTML comment retention, canonical reopen and breakout rejection passed.
2026-10-07T20:16:52.2219562Z Deno 2.9.3: complete HTML page-settings retention and invalid/fragment boundaries passed.
2026-10-07T20:16:52.2227066Z Deno 2.9.3: block-returning Markdown paragraph recovery passed.
2026-10-07T20:16:52.2397049Z Deno 2.9.3: lazy Markdown flow paragraph sources passed.
2026-10-07T20:16:52.2636810Z ##[group]Run pnpm test:package
2026-10-07T20:16:52.2637378Z [36;1mpnpm test:package[0m
2026-10-07T20:16:52.2712587Z shell: /usr/bin/bash -e {0}
2026-10-07T20:16:52.2713113Z env:
2026-10-07T20:16:52.2713403Z   PNPM_HOME: /home/runner/setup-pnpm/node_modules/.bin
2026-10-07T20:16:52.2713802Z   pythonLocation: /opt/hostedtoolcache/Python/3.13.16/x64
2026-10-07T20:16:52.2714269Z   PKG_CONFIG_PATH: /opt/hostedtoolcache/Python/3.13.16/x64/lib/pkgconfig
2026-10-07T20:16:52.2714712Z   Python_ROOT_DIR: /opt/hostedtoolcache/Python/3.13.16/x64
2026-10-07T20:16:52.2715121Z   Python2_ROOT_DIR: /opt/hostedtoolcache/Python/3.13.16/x64
2026-10-07T20:16:52.2715515Z   Python3_ROOT_DIR: /opt/hostedtoolcache/Python/3.13.16/x64
2026-10-07T20:16:52.2715907Z   LD_LIBRARY_PATH: /opt/hostedtoolcache/Python/3.13.16/x64/lib
2026-10-07T20:16:52.2716241Z ##[endgroup]
2026-10-07T20:16:52.7451672Z $ node scripts/smoke-package.mjs
2026-10-07T20:16:54.2266352Z Packed ESM: 486 link normalization/security/history/destination contracts passed.
2026-10-07T20:16:54.2947705Z Packed ESM: 140 native emphasis and partial-schema retention checks passed.
2026-10-07T20:16:54.3058675Z Packed ESM root/core: 576/576 owned-attribute checks plus immutable snapshots/history passed.
2026-10-07T20:16:54.3136162Z Packed ESM root/core: DOM-free direction/history/HTML/loss-report contracts passed.
2026-10-07T20:16:54.6559260Z Packed CommonJS: 486 link normalization/security/history/destination contracts passed.
2026-10-07T20:16:54.7203389Z Packed CommonJS: 140 native emphasis and partial-schema retention checks passed.
2026-10-07T20:16:54.7322726Z Packed CommonJS root/core: 576/576 owned-attribute checks plus immutable snapshots/history passed.
2026-10-07T20:16:54.7388772Z Packed CommonJS root/core: DOM-free direction/history/HTML/loss-report contracts passed.
2026-10-07T20:16:54.9694848Z ESM, CommonJS, headless core, AI document tools, conversations, generated media, DOCX interchange, document utilities, full emoji data, React, comments, tracked changes, versions, details, ruby, text style, extension testing, migrations, stable node IDs, table of contents, text integrity, integrity DOM, React integrity, structured attributes, pure-Node HTML, portable widgets, DOM widgets, React widgets, pages, DOM page measurement, page preview, document schema, Yjs, and Web Component package exports loaded successfully.
2026-10-07T20:16:55.0080498Z ##[group]Run pnpm test:headless
2026-10-07T20:16:55.0081279Z [36;1mpnpm test:headless[0m
2026-10-07T20:16:55.0174736Z shell: /usr/bin/bash -e {0}
2026-10-07T20:16:55.0175560Z env:
2026-10-07T20:16:55.0176207Z   PNPM_HOME: /home/runner/setup-pnpm/node_modules/.bin
2026-10-07T20:16:55.0177286Z   pythonLocation: /opt/hostedtoolcache/Python/3.13.16/x64
2026-10-07T20:16:55.0178339Z   PKG_CONFIG_PATH: /opt/hostedtoolcache/Python/3.13.16/x64/lib/pkgconfig
2026-10-07T20:16:55.0179286Z   Python_ROOT_DIR: /opt/hostedtoolcache/Python/3.13.16/x64
2026-10-07T20:16:55.0180769Z   Python2_ROOT_DIR: /opt/hostedtoolcache/Python/3.13.16/x64
2026-10-07T20:16:55.0181643Z   Python3_ROOT_DIR: /opt/hostedtoolcache/Python/3.13.16/x64
2026-10-07T20:16:55.0182726Z   LD_LIBRARY_PATH: /opt/hostedtoolcache/Python/3.13.16/x64/lib
2026-10-07T20:16:55.0183695Z ##[endgroup]
2026-10-07T20:16:55.4894563Z $ node scripts/check-headless-boundary.mjs && tsc -p tsconfig.headless.json
2026-10-07T20:16:55.5389226Z Headless source boundary verified across 98 modules.
2026-10-07T20:16:55.8006059Z ##[group]Run pnpm test:markdown-conformance
2026-10-07T20:16:55.8006780Z [36;1mpnpm test:markdown-conformance[0m
2026-10-07T20:16:55.8089668Z shell: /usr/bin/bash -e {0}
2026-10-07T20:16:55.8090341Z env:
2026-10-07T20:16:55.8090885Z   PNPM_HOME: /home/runner/setup-pnpm/node_modules/.bin
2026-10-07T20:16:55.8091833Z   pythonLocation: /opt/hostedtoolcache/Python/3.13.16/x64
2026-10-07T20:16:55.8092715Z   PKG_CONFIG_PATH: /opt/hostedtoolcache/Python/3.13.16/x64/lib/pkgconfig
2026-10-07T20:16:55.8093815Z   Python_ROOT_DIR: /opt/hostedtoolcache/Python/3.13.16/x64
2026-10-07T20:16:55.8094822Z   Python2_ROOT_DIR: /opt/hostedtoolcache/Python/3.13.16/x64
2026-10-07T20:16:55.8095699Z   Python3_ROOT_DIR: /opt/hostedtoolcache/Python/3.13.16/x64
2026-10-07T20:16:55.8096552Z   LD_LIBRARY_PATH: /opt/hostedtoolcache/Python/3.13.16/x64/lib
2026-10-07T20:16:55.8097241Z ##[endgroup]
2026-10-07T20:16:56.2959866Z $ node scripts/check-markdown-conformance.mjs
2026-10-07T20:16:57.9663602Z Delimiter neighbors: 6674 generated LF/CRLF reference-semantic, exact-source and complete native canonical contracts passed; not official-corpus matches.
2026-10-07T20:16:57.9904023Z Code labels: 34 LF/CRLF full reference-semantic, exact-source and canonical round-trip contracts passed.
2026-10-07T20:16:58.0587559Z Identity-preserving flow: 48 safe-fallback/source checks; 8 fixtures still declined on this route. Lazy paragraph context distinguishes the legacy collision.
2026-10-07T20:16:58.0791160Z Explicit paragraph-source flow: 8 LF/CRLF exact-code/source contracts; 2 full structural matches. Outer-div mismatches retained; 4 structural fixture kinds still declined.
2026-10-07T20:16:58.1419192Z Explicit structural source flow: 58 LF/CRLF reference-code/source contracts. Paragraphs, headings, code, plain hard breaks and list/quote nesting supported; outer-div mismatches remain. Separate contracts cover protected Markdown images/rules and pipe tables; specialized unsupported blocks still refuse conversion.
2026-10-07T20:16:58.1843133Z Structural source flow: 44 LF/CRLF full reference-structure and exact-source contracts outside pre.
2026-10-07T20:16:58.1866282Z Entity newlines: 12 reference text-character and canonical round-trip contracts passed.
2026-10-07T20:16:58.1973705Z Code origins: 20 LF/CRLF import/source contracts; identical-HTML provenance distinguished; 6 newline corruptions rejected.
2026-10-07T20:16:58.1996698Z Table projection: unit spans/cell wrappers equivalent; 14 structural/content corruptions rejected.
2026-10-07T20:16:58.2140219Z Formatting scopes: 20 reference semantic/source contracts; 10 corruptions rejected.
2026-10-07T20:16:58.2156067Z Inline block HTML: 2 existing literal fallbacks retained, explicitly not counted as conformance.
2026-10-07T20:16:58.2909795Z Paragraph recovery: 76 opt-in reference/source contracts; existing baselines unchanged.
2026-10-07T20:16:58.5126774Z Paragraph recovery: 1304 corpus source-retention checks; not full semantic conformance.
2026-10-07T20:16:58.7889095Z Reference parser reproduced all 652 official HTML outputs exactly.
2026-10-07T20:16:58.7890921Z Inert raw HTML: 72/72 semantic, 72/72 exact token contracts; 144/144 generated boundary/round-trip contracts.
2026-10-07T20:16:58.7892832Z Oracle sensitivity: 8 semantic and 2 literal-whitespace corruptions rejected; reference parser absent from 148 runtime source maps.
2026-10-07T20:16:58.7895309Z URL oracle sensitivity: 4 raw-control/backslash aliases rejected; 3 TAB/LF/CR preprocessing equivalences; 2 reviewed URI equivalents retained.
2026-10-07T20:16:58.8579188Z Literal-address import policy: 566/566 reference semantic contracts passed (default baseline unchanged).
2026-10-07T20:16:58.8613959Z CommonMark 0.31.2: 563/652 examples match Fountain's neutral semantic projection.
2026-10-07T20:16:58.8615216Z Baseline classifications: 563 matching, 72 pending, 17 intentional divergences.
2026-10-07T20:16:58.9907459Z Opt-in HTML flow: 1304 exact-source contracts passed (LF/CRLF); not semantic conformance.
2026-10-07T20:16:59.0976053Z Opt-in HTML block + inline semantics: 579/652 exact neutral-projection matches; remaining differences unresolved, not full conformance.
2026-10-07T20:16:59.1208500Z Optional HTML containers: 26 reference-semantic and 26 exact-source checks; existing schema/profile scores unchanged.
2026-10-07T20:16:59.5177050Z Opt-in source recovery: 580/652 neutral-projection matches on LF and CRLF; 1304 separate exact-source checks. Not full CommonMark conformance.
2026-10-07T20:16:59.9185797Z Whole-document optional-container profile: 601/652; 1304 separate exact-source checks.
2026-10-07T20:17:00.3407256Z Whole-document optional-container+comment profile: 613/652; 1304 separate exact-source checks.
2026-10-07T20:17:00.7763333Z Whole-document optional-container+comment+anonymous-flow profile: 613/652; 1304 separate exact-source checks.
2026-10-07T20:17:00.8206247Z ##[group]Run pnpm test:math-reference
2026-10-07T20:17:00.8206614Z [36;1mpnpm test:math-reference[0m
2026-10-07T20:17:00.8270444Z shell: /usr/bin/bash -e {0}
2026-10-07T20:17:00.8270723Z env:
2026-10-07T20:17:00.8271010Z   PNPM_HOME: /home/runner/setup-pnpm/node_modules/.bin
2026-10-07T20:17:00.8271419Z   pythonLocation: /opt/hostedtoolcache/Python/3.13.16/x64
2026-10-07T20:17:00.8271884Z   PKG_CONFIG_PATH: /opt/hostedtoolcache/Python/3.13.16/x64/lib/pkgconfig
2026-10-07T20:17:00.8272338Z   Python_ROOT_DIR: /opt/hostedtoolcache/Python/3.13.16/x64
2026-10-07T20:17:00.8272746Z   Python2_ROOT_DIR: /opt/hostedtoolcache/Python/3.13.16/x64
2026-10-07T20:17:00.8273313Z   Python3_ROOT_DIR: /opt/hostedtoolcache/Python/3.13.16/x64
2026-10-07T20:17:00.8273742Z   LD_LIBRARY_PATH: /opt/hostedtoolcache/Python/3.13.16/x64/lib
2026-10-07T20:17:00.8274081Z ##[endgroup]
2026-10-07T20:17:01.2882212Z $ node scripts/audit-math-labels.mjs
2026-10-07T20:17:01.5230446Z {
2026-10-07T20:17:01.5231144Z   "renderer": "MathJax 4.1.3",
2026-10-07T20:17:01.5231785Z   "status": "reference-semantics-verified",
2026-10-07T20:17:01.5233552Z   "fountainStatus": "document-context API and bounded host SVG/reader lab implemented; this script checks semantics only, not whole-paper or export parity",
2026-10-07T20:17:01.5234696Z   "equations": [
2026-10-07T20:17:01.5235016Z     {
2026-10-07T20:17:01.5235635Z       "sha256": "d43aafd64986470149793169e6c1f001eae2f66706335d4b5e6864ff4fc465b7",
2026-10-07T20:17:01.5236327Z       "tags": [
2026-10-07T20:17:01.5236629Z         {
2026-10-07T20:17:01.5236975Z           "id": "mjx-eqn:eq:dNFE",
2026-10-07T20:17:01.5237379Z           "text": "(1)",
2026-10-07T20:17:01.5237767Z           "row": 0
2026-10-07T20:17:01.5238123Z         }
2026-10-07T20:17:01.5238445Z       ]
2026-10-07T20:17:01.5238748Z     },
2026-10-07T20:17:01.5239023Z     {
2026-10-07T20:17:01.5239734Z       "sha256": "b8ae1e0dc1cbaf7c15846891804d22fa0581f45f54e14e4da7857061ab57d3ec",
2026-10-07T20:17:01.5240496Z       "tags": [
2026-10-07T20:17:01.5240839Z         {
2026-10-07T20:17:01.5241184Z           "id": "mjx-eqn:eq:dSNFE",
2026-10-07T20:17:01.5241629Z           "text": "(2)",
2026-10-07T20:17:01.5242008Z           "row": 1
2026-10-07T20:17:01.5242386Z         }
2026-10-07T20:17:01.5242724Z       ]
2026-10-07T20:17:01.5243271Z     }
2026-10-07T20:17:01.5243561Z   ],
2026-10-07T20:17:01.5243898Z   "backwardReferences": [
2026-10-07T20:17:01.5244351Z     [
2026-10-07T20:17:01.5244741Z       {
2026-10-07T20:17:01.5245133Z         "text": "(1)",
2026-10-07T20:17:01.5245635Z         "href": "#mjx-eqn%3Aeq%3AdNFE"
2026-10-07T20:17:01.5246119Z       }
2026-10-07T20:17:01.5246453Z     ],
2026-10-07T20:17:01.5246790Z     [
2026-10-07T20:17:01.5247605Z       {
2026-10-07T20:17:01.5247966Z         "text": "(2)",
2026-10-07T20:17:01.5248527Z         "href": "#mjx-eqn%3Aeq%3AdSNFE"
2026-10-07T20:17:01.5248990Z       }
2026-10-07T20:17:01.5249266Z     ]
2026-10-07T20:17:01.5249543Z   ],
2026-10-07T20:17:01.5249964Z   "reorderedForwardReferences": [
2026-10-07T20:17:01.5250420Z     [
2026-10-07T20:17:01.5250720Z       {
2026-10-07T20:17:01.5251173Z         "text": "(2)",
2026-10-07T20:17:01.5251760Z         "href": "#mjx-eqn%3Aeq%3AdNFE"
2026-10-07T20:17:01.5252358Z       }
2026-10-07T20:17:01.5252744Z     ],
2026-10-07T20:17:01.5253316Z     [
2026-10-07T20:17:01.5253661Z       {
2026-10-07T20:17:01.5254011Z         "text": "(1)",
2026-10-07T20:17:01.5254487Z         "href": "#mjx-eqn%3Aeq%3AdSNFE"
2026-10-07T20:17:01.5254962Z       }
2026-10-07T20:17:01.5255291Z     ]
2026-10-07T20:17:01.5255616Z   ],
2026-10-07T20:17:01.5255965Z   "deletedTarget": [
2026-10-07T20:17:01.5256340Z     {
2026-10-07T20:17:01.5256681Z       "text": "(???)",
2026-10-07T20:17:01.5257080Z       "href": "#"
2026-10-07T20:17:01.5257440Z     }
2026-10-07T20:17:01.5257762Z   ],
2026-10-07T20:17:01.5258064Z   "checks": [
2026-10-07T20:17:01.5258445Z     "unchanged source",
2026-10-07T20:17:01.5259004Z     "nonumber defers label to numbered row",
2026-10-07T20:17:01.5260071Z     "backward references",
2026-10-07T20:17:01.5260646Z     "forward references",
2026-10-07T20:17:01.5261101Z     "reorder renumbering",
2026-10-07T20:17:01.5261662Z     "fresh-snapshot repeatability",
2026-10-07T20:17:01.5262264Z     "deleted target remains unresolved",
2026-10-07T20:17:01.5262833Z     "duplicate labels rejected",
2026-10-07T20:17:01.5263564Z     "starred environments",
2026-10-07T20:17:01.5263974Z     "manual tags",
2026-10-07T20:17:01.5264459Z     "unsupported commands rejected"
2026-10-07T20:17:01.5264935Z   ]
2026-10-07T20:17:01.5265253Z }
2026-10-07T20:17:01.5489511Z ##[group]Run pnpm test:docx-interoperability
2026-10-07T20:17:01.5489912Z [36;1mpnpm test:docx-interoperability[0m
2026-10-07T20:17:01.5551562Z shell: /usr/bin/bash -e {0}
2026-10-07T20:17:01.5551851Z env:
2026-10-07T20:17:01.5552139Z   PNPM_HOME: /home/runner/setup-pnpm/node_modules/.bin
2026-10-07T20:17:01.5552578Z   pythonLocation: /opt/hostedtoolcache/Python/3.13.16/x64
2026-10-07T20:17:01.5553329Z   PKG_CONFIG_PATH: /opt/hostedtoolcache/Python/3.13.16/x64/lib/pkgconfig
2026-10-07T20:17:01.5553826Z   Python_ROOT_DIR: /opt/hostedtoolcache/Python/3.13.16/x64
2026-10-07T20:17:01.5554290Z   Python2_ROOT_DIR: /opt/hostedtoolcache/Python/3.13.16/x64
2026-10-07T20:17:01.5554740Z   Python3_ROOT_DIR: /opt/hostedtoolcache/Python/3.13.16/x64
2026-10-07T20:17:01.5555197Z   LD_LIBRARY_PATH: /opt/hostedtoolcache/Python/3.13.16/x64/lib
2026-10-07T20:17:01.5555572Z ##[endgroup]
2026-10-07T20:17:02.0137204Z $ node scripts/check-docx-interoperability.mjs && node scripts/check-docx-table-text.mjs && node scripts/check-docx-quote-appearance.mjs
2026-10-07T20:17:02.3427517Z python-docx opened Fountain media and edited a typed glossary; Fountain retained glossary roles and independent body/cell controls with two explicit behavior-loss warnings (49 additional style/interchange diagnostics retained).
2026-10-07T20:17:02.5347959Z ESM: DOM-free shipped DOCX table text, Word toggle resets, regional paragraph layout and native reopening passed.
2026-10-07T20:17:02.5677405Z CommonJS: DOM-free shipped DOCX table text, Word toggle resets, regional paragraph layout and native reopening passed.
2026-10-07T20:17:02.8211188Z ESM: complete bordered/borderless quote JSON, native Word styles, neutral HTML, core editing/history and Yjs local undo retain source-owned appearance without DOM.
2026-10-07T20:17:03.0178726Z CommonJS: complete bordered/borderless quote JSON, native Word styles, neutral HTML, core editing/history and Yjs local undo retain source-owned appearance without DOM.
2026-10-07T20:17:03.0441356Z ##[group]Run pnpm test:budget
2026-10-07T20:17:03.0441693Z [36;1mpnpm test:budget[0m
2026-10-07T20:17:03.0507345Z shell: /usr/bin/bash -e {0}
2026-10-07T20:17:03.0508105Z env:
2026-10-07T20:17:03.0508542Z   PNPM_HOME: /home/runner/setup-pnpm/node_modules/.bin
2026-10-07T20:17:03.0509255Z   pythonLocation: /opt/hostedtoolcache/Python/3.13.16/x64
2026-10-07T20:17:03.0510063Z   PKG_CONFIG_PATH: /opt/hostedtoolcache/Python/3.13.16/x64/lib/pkgconfig
2026-10-07T20:17:03.0510866Z   Python_ROOT_DIR: /opt/hostedtoolcache/Python/3.13.16/x64
2026-10-07T20:17:03.0511591Z   Python2_ROOT_DIR: /opt/hostedtoolcache/Python/3.13.16/x64
2026-10-07T20:17:03.0512312Z   Python3_ROOT_DIR: /opt/hostedtoolcache/Python/3.13.16/x64
2026-10-07T20:17:03.0513507Z   LD_LIBRARY_PATH: /opt/hostedtoolcache/Python/3.13.16/x64/lib
2026-10-07T20:17:03.0514129Z ##[endgroup]
2026-10-07T20:17:03.5090586Z $ node scripts/check-build-budgets.mjs
2026-10-07T20:17:03.5508406Z dist/index.js: 80.9 KiB / 111 KiB
2026-10-07T20:17:03.5511107Z dist/index.cjs: 68.5 KiB / 93 KiB
2026-10-07T20:17:03.5511733Z dist/core.js: 8.8 KiB / 9 KiB
2026-10-07T20:17:03.5512330Z dist/core.cjs: 8.0 KiB / 8.1 KiB
2026-10-07T20:17:03.5513297Z dist/ai-document-tools.js: 16.4 KiB / 18 KiB
2026-10-07T20:17:03.5514066Z dist/ai-document-tools.cjs: 13.6 KiB / 15 KiB
2026-10-07T20:17:03.5514822Z dist/ai-conversation.js: 15.6 KiB / 17 KiB
2026-10-07T20:17:03.5515546Z dist/ai-conversation.cjs: 13.1 KiB / 14 KiB
2026-10-07T20:17:03.5516298Z dist/ai-generated-media.js: 10.5 KiB / 11 KiB
2026-10-07T20:17:03.5517047Z dist/ai-generated-media.cjs: 8.9 KiB / 10 KiB
2026-10-07T20:17:03.5517724Z dist/docx.js: 183.7 KiB / 184 KiB
2026-10-07T20:17:03.5518349Z dist/docx.cjs: 148.5 KiB / 148.5 KiB
2026-10-07T20:17:03.5519027Z HTML5 entity decoder ESM: 42.6 KiB / 43 KiB
2026-10-07T20:17:03.5519781Z HTML5 entity decoder CommonJS: 40.4 KiB / 41 KiB
2026-10-07T20:17:03.5520519Z dist/document-utilities.js: 23.3 KiB / 36 KiB
2026-10-07T20:17:03.5521269Z dist/document-utilities.cjs: 18.9 KiB / 30 KiB
2026-10-07T20:17:03.5521969Z dist/emoji-data.js: 323.6 KiB / 340 KiB
2026-10-07T20:17:03.5522607Z dist/emoji-data.cjs: 268.1 KiB / 280 KiB
2026-10-07T20:17:03.5523520Z dist/react.js: 89.9 KiB / 90 KiB
2026-10-07T20:17:03.5524093Z dist/react.cjs: 67.6 KiB / 68 KiB
2026-10-07T20:17:03.5524579Z dist/vue.js: 1.7 KiB / 3 KiB
2026-10-07T20:17:03.5525048Z dist/vue.cjs: 1.4 KiB / 3 KiB
2026-10-07T20:17:03.5525556Z dist/svelte.js: 1.1 KiB / 2 KiB
2026-10-07T20:17:03.5526105Z dist/svelte.cjs: 0.9 KiB / 2 KiB
2026-10-07T20:17:03.5526638Z dist/angular/index.js: 4.1 KiB / 5 KiB
2026-10-07T20:17:03.5527173Z dist/yjs.js: 26.8 KiB / 30 KiB
2026-10-07T20:17:03.5527562Z dist/yjs.cjs: 22.4 KiB / 25 KiB
2026-10-07T20:17:03.5527877Z dist/comments.js: 29.1 KiB / 30 KiB
2026-10-07T20:17:03.5528203Z dist/comments.cjs: 23.6 KiB / 25 KiB
2026-10-07T20:17:03.5528569Z dist/react-comments.js: 9.6 KiB / 11 KiB
2026-10-07T20:17:03.5528911Z dist/react-comments.cjs: 6.9 KiB / 8 KiB
2026-10-07T20:17:03.5529274Z dist/tracked-changes.js: 27.9 KiB / 30 KiB
2026-10-07T20:17:03.5529629Z dist/tracked-changes.cjs: 23.1 KiB / 25 KiB
2026-10-07T20:17:03.5530004Z dist/react-tracked-changes.js: 7.5 KiB / 9 KiB
2026-10-07T20:17:03.5530404Z dist/react-tracked-changes.cjs: 5.6 KiB / 7 KiB
2026-10-07T20:17:03.5530764Z dist/versions.js: 28.7 KiB / 35 KiB
2026-10-07T20:17:03.5531080Z dist/versions.cjs: 23.8 KiB / 30 KiB
2026-10-07T20:17:03.5531401Z dist/react-versions.js: 9.8 KiB / 18 KiB
2026-10-07T20:17:03.5531747Z dist/react-versions.cjs: 7.2 KiB / 14 KiB
2026-10-07T20:17:03.5532076Z dist/details.js: 7.5 KiB / 10 KiB
2026-10-07T20:17:03.5532378Z dist/details.cjs: 6.2 KiB / 8 KiB
2026-10-07T20:17:03.5532677Z dist/ruby.js: 10.7 KiB / 12 KiB
2026-10-07T20:17:03.5536042Z dist/ruby.cjs: 9.0 KiB / 10 KiB
2026-10-07T20:17:03.5536457Z dist/text-style.js: 0.9 KiB / 2 KiB
2026-10-07T20:17:03.5536825Z dist/text-style.cjs: 0.9 KiB / 2 KiB
2026-10-07T20:17:03.5537161Z dist/testing.js: 6.3 KiB / 7 KiB
2026-10-07T20:17:03.5538080Z dist/testing.cjs: 5.3 KiB / 6 KiB
2026-10-07T20:17:03.5538710Z dist/migrations.js: 6.9 KiB / 8 KiB
2026-10-07T20:17:03.5539300Z dist/migrations.cjs: 6.0 KiB / 7 KiB
2026-10-07T20:17:03.5539856Z dist/node-ids.js: 8.5 KiB / 9 KiB
2026-10-07T20:17:03.5540446Z dist/node-ids.cjs: 7.0 KiB / 8 KiB
2026-10-07T20:17:03.5541023Z dist/table-of-contents.js: 5.6 KiB / 7 KiB
2026-10-07T20:17:03.5541402Z dist/table-of-contents.cjs: 4.6 KiB / 6 KiB
2026-10-07T20:17:03.5541777Z dist/integrity.js: 11.2 KiB / 13 KiB
2026-10-07T20:17:03.5542093Z dist/integrity.cjs: 9.1 KiB / 11 KiB
2026-10-07T20:17:03.5542445Z dist/integrity-dom.js: 5.0 KiB / 6 KiB
2026-10-07T20:17:03.5542809Z dist/integrity-dom.cjs: 4.3 KiB / 5 KiB
2026-10-07T20:17:03.5543457Z dist/react-integrity.js: 7.9 KiB / 12 KiB
2026-10-07T20:17:03.5543846Z dist/react-integrity.cjs: 6.0 KiB / 10 KiB
2026-10-07T20:17:03.5544302Z dist/structured-attributes.js: 9.8 KiB / 11 KiB
2026-10-07T20:17:03.5544715Z dist/structured-attributes.cjs: 8.2 KiB / 9 KiB
2026-10-07T20:17:03.5545128Z dist/html-server.js: 255.3 KiB / 270 KiB
2026-10-07T20:17:03.5545510Z dist/html-server.cjs: 207.6 KiB / 225 KiB
2026-10-07T20:17:03.5545867Z dist/html-inert.js: 6.0 KiB / 7 KiB
2026-10-07T20:17:03.5546238Z dist/html-inert.cjs: 5.1 KiB / 6 KiB
2026-10-07T20:17:03.5546591Z dist/widgets.js: 8.6 KiB / 9 KiB
2026-10-07T20:17:03.5546943Z dist/widgets.cjs: 7.2 KiB / 8 KiB
2026-10-07T20:17:03.5547298Z dist/widgets-dom.js: 4.6 KiB / 5 KiB
2026-10-07T20:17:03.5547648Z dist/widgets-dom.cjs: 3.9 KiB / 5 KiB
2026-10-07T20:17:03.5548034Z dist/react-widgets.js: 1.5 KiB / 2 KiB
2026-10-07T20:17:03.5548397Z dist/react-widgets.cjs: 1.3 KiB / 2 KiB
2026-10-07T20:17:03.5548742Z dist/pages.js: 11.0 KiB / 23 KiB
2026-10-07T20:17:03.5549066Z dist/pages.cjs: 9.1 KiB / 19 KiB
2026-10-07T20:17:03.5549420Z dist/pages-dom.js: 52.5 KiB / 54 KiB
2026-10-07T20:17:03.5549763Z dist/pages-dom.cjs: 43.8 KiB / 45 KiB
2026-10-07T20:17:03.5550133Z dist/pages-preview.js: 13.2 KiB / 14 KiB
2026-10-07T20:17:03.5550551Z dist/pages-preview.cjs: 11.2 KiB / 12 KiB
2026-10-07T20:17:03.5550888Z dist/styles.css: 86.3 KiB / 86.4 KiB
2026-10-07T20:17:03.5551224Z all ESM runtime code: 1580.7 KiB / 1581 KiB
2026-10-07T20:17:03.5551629Z all CommonJS runtime code: 1315.2 KiB / 1315.5 KiB
2026-10-07T20:17:03.5739999Z ##[group]Run pnpm typecheck
2026-10-07T20:17:03.5740305Z [36;1mpnpm typecheck[0m
2026-10-07T20:17:03.5801288Z shell: /usr/bin/bash -e {0}
2026-10-07T20:17:03.5801541Z env:
2026-10-07T20:17:03.5801800Z   PNPM_HOME: /home/runner/setup-pnpm/node_modules/.bin
2026-10-07T20:17:03.5802208Z   pythonLocation: /opt/hostedtoolcache/Python/3.13.16/x64
2026-10-07T20:17:03.5802647Z   PKG_CONFIG_PATH: /opt/hostedtoolcache/Python/3.13.16/x64/lib/pkgconfig
2026-10-07T20:17:03.5803399Z   Python_ROOT_DIR: /opt/hostedtoolcache/Python/3.13.16/x64
2026-10-07T20:17:03.5803808Z   Python2_ROOT_DIR: /opt/hostedtoolcache/Python/3.13.16/x64
2026-10-07T20:17:03.5804221Z   Python3_ROOT_DIR: /opt/hostedtoolcache/Python/3.13.16/x64
2026-10-07T20:17:03.5804633Z   LD_LIBRARY_PATH: /opt/hostedtoolcache/Python/3.13.16/x64/lib
2026-10-07T20:17:03.5804969Z ##[endgroup]
2026-10-07T20:17:04.0354542Z $ tsc --noEmit && pnpm test:svelte-types && pnpm test:angular-types
2026-10-07T20:17:06.6775222Z $ pnpm --dir tools/svelte-check exec svelte-check --workspace ../.. --tsconfig tsconfig.svelte.json --fail-on-warnings
2026-10-07T20:17:12.1802078Z Loading svelte-check in workspace: /home/runner/work/fountainjs/fountainjs
2026-10-07T20:17:12.1803218Z Getting Svelte diagnostics...
2026-10-07T20:17:12.1803428Z 
2026-10-07T20:17:12.1826877Z [32msvelte-check found 0 errors and 0 warnings
2026-10-07T20:17:12.6868267Z $ pnpm --dir tools/angular-build exec ngc -p ../../tsconfig.angular.json --noEmit && pnpm --dir tools/angular-build exec ngc -p ../../tsconfig.angular-demo.json --noEmit
2026-10-07T20:17:16.8620295Z [39m
2026-10-07T20:17:16.8652536Z ##[group]Run pnpm test
2026-10-07T20:17:16.8652827Z [36;1mpnpm test[0m
2026-10-07T20:17:16.8714639Z shell: /usr/bin/bash -e {0}
2026-10-07T20:17:16.8714897Z env:
2026-10-07T20:17:16.8715151Z   PNPM_HOME: /home/runner/setup-pnpm/node_modules/.bin
2026-10-07T20:17:16.8715559Z   pythonLocation: /opt/hostedtoolcache/Python/3.13.16/x64
2026-10-07T20:17:16.8716013Z   PKG_CONFIG_PATH: /opt/hostedtoolcache/Python/3.13.16/x64/lib/pkgconfig
2026-10-07T20:17:16.8716663Z   Python_ROOT_DIR: /opt/hostedtoolcache/Python/3.13.16/x64
2026-10-07T20:17:16.8717065Z   Python2_ROOT_DIR: /opt/hostedtoolcache/Python/3.13.16/x64
2026-10-07T20:17:16.8717461Z   Python3_ROOT_DIR: /opt/hostedtoolcache/Python/3.13.16/x64
2026-10-07T20:17:16.8717855Z   LD_LIBRARY_PATH: /opt/hostedtoolcache/Python/3.13.16/x64/lib
2026-10-07T20:17:16.8718190Z ##[endgroup]
2026-10-07T20:17:17.3257638Z $ vitest run
2026-10-07T20:17:17.6113288Z 
2026-10-07T20:17:17.6117595Z [1m[30m[46m RUN [49m[39m[22m [36mv5.0.0 [39m[90m/home/runner/work/fountainjs/fountainjs[39m
2026-10-07T20:17:17.6118181Z 
2026-10-07T20:17:19.4938811Z  [32m✓[39m tests/core.test.ts [2m([22m[2m55 tests[22m[2m)[22m[32m 146[2mms[22m[39m
2026-10-07T20:17:19.9082101Z  [32m✓[39m tests/markdown-format.test.ts [2m([22m[2m113 tests[22m[2m)[22m[33m 574[2mms[22m[39m
2026-10-07T20:17:19.9084503Z    [32m✓[39m Markdown interchange [2m(113)[22m
2026-10-07T20:17:19.9086552Z      [33m[2m✓[22m[39m bounds per-block provenance while retaining whole-source exactness[33m 301[2mms[22m[39m
2026-10-07T20:17:21.2448594Z  [32m✓[39m tests/pages-dom.test.ts [2m([22m[2m19 tests[22m[2m)[22m[33m 925[2mms[22m[39m
2026-10-07T20:17:21.6545462Z  [32m✓[39m tests/view.test.ts [2m([22m[2m45 tests[22m[2m)[22m[33m 794[2mms[22m[39m
2026-10-07T20:17:21.8585263Z  [32m✓[39m tests/pages-dom-preview.test.ts [2m([22m[2m16 tests[22m[2m)[22m[33m 526[2mms[22m[39m
2026-10-07T20:17:22.2301024Z  [32m✓[39m tests/docx.test.ts [2m([22m[2m17 tests[22m[2m)[22m[32m 239[2mms[22m[39m
2026-10-07T20:17:22.4704592Z  [32m✓[39m tests/server-html.test.ts [2m([22m[2m37 tests[22m[2m)[22m[32m 159[2mms[22m[39m
2026-10-07T20:17:23.5234829Z  [32m✓[39m tests/media.test.ts [2m([22m[2m9 tests[22m[2m)[22m[33m 339[2mms[22m[39m
2026-10-07T20:17:23.7914397Z  [32m✓[39m tests/document-utilities.test.ts [2m([22m[2m42 tests[22m[2m)[22m[32m 160[2mms[22m[39m
2026-10-07T20:17:25.4214886Z  [32m✓[39m tests/server-html-parity.test.ts [2m([22m[2m83 tests[22m[2m)[22m[33m 1451[2mms[22m[39m
2026-10-07T20:17:25.6366358Z  [32m✓[39m tests/yjs-collaboration.test.ts [2m([22m[2m12 tests[22m[2m)[22m[32m 238[2mms[22m[39m
2026-10-07T20:17:25.8060007Z  [32m✓[39m tests/react-toolbar.test.tsx [2m([22m[2m9 tests[22m[2m)[22m[33m 730[2mms[22m[39m
2026-10-07T20:17:26.3784781Z  [32m✓[39m tests/versions.test.ts [2m([22m[2m10 tests[22m[2m)[22m[32m 97[2mms[22m[39m
2026-10-07T20:17:27.2095955Z  [32m✓[39m tests/math.test.ts [2m([22m[2m14 tests[22m[2m)[22m[33m 405[2mms[22m[39m
2026-10-07T20:17:27.5609117Z  [32m✓[39m tests/external-paste.test.ts [2m([22m[2m13 tests[22m[2m)[22m[33m 552[2mms[22m[39m
2026-10-07T20:17:27.9688560Z  [32m✓[39m tests/text-style.test.ts [2m([22m[2m26 tests[22m[2m)[22m[32m 206[2mms[22m[39m
2026-10-07T20:17:28.4089117Z  [32m✓[39m tests/markdown-html-flow-adapter.test.ts [2m([22m[2m30 tests[22m[2m)[22m[32m 102[2mms[22m[39m
2026-10-07T20:17:28.9426170Z  [32m✓[39m tests/model-integrity.test.ts [2m([22m[2m36 tests[22m[2m)[22m[32m 166[2mms[22m[39m
2026-10-07T20:17:29.2754293Z  [32m✓[39m tests/lean.test.ts [2m([22m[2m12 tests[22m[2m)[22m[32m 300[2mms[22m[39m
2026-10-07T20:17:29.5136143Z  [32m✓[39m tests/table.test.ts [2m([22m[2m12 tests[22m[2m)[22m[33m 1007[2mms[22m[39m
2026-10-07T20:17:29.5180742Z    [32m✓[39m production table editing [2m(12)[22m
2026-10-07T20:17:29.5236772Z      [33m[2m✓[22m[39m projects resize geometry once per immutable table, including movement and remote-row widths[33m 687[2mms[22m[39m
2026-10-07T20:17:29.5378990Z  [32m✓[39m tests/docx-table-styles.test.ts [2m([22m[2m14 tests[22m[2m)[22m[32m 148[2mms[22m[39m
2026-10-07T20:17:29.7963625Z  [32m✓[39m tests/pages.test.ts [2m([22m[2m10 tests[22m[2m)[22m[32m 68[2mms[22m[39m
2026-10-07T20:17:30.4713902Z  [32m✓[39m tests/docx-table-conditions.test.ts [2m([22m[2m18 tests[22m[2m)[22m[32m 276[2mms[22m[39m
2026-10-07T20:17:31.1077347Z  [32m✓[39m tests/image.test.ts [2m([22m[2m8 tests[22m[2m)[22m[33m 352[2mms[22m[39m
2026-10-07T20:17:31.2015505Z  [32m✓[39m tests/comments.test.ts [2m([22m[2m7 tests[22m[2m)[22m[32m 230[2mms[22m[39m
2026-10-07T20:17:31.8115682Z  [32m✓[39m tests/list.test.ts [2m([22m[2m14 tests[22m[2m)[22m[32m 86[2mms[22m[39m
2026-10-07T20:17:32.0285761Z  [32m✓[39m tests/docx-style-reader.test.ts [2m([22m[2m23 tests[22m[2m)[22m[32m 26[2mms[22m[39m
2026-10-07T20:17:32.0717344Z  [32m✓[39m tests/docx-math-source.test.ts [2m([22m[2m24 tests[22m[2m)[22m[33m 518[2mms[22m[39m
2026-10-07T20:17:32.7091025Z  [32m✓[39m tests/docx-paragraph-fonts.test.ts [2m([22m[2m12 tests[22m[2m)[22m[32m 189[2mms[22m[39m
2026-10-07T20:17:32.8441345Z  [32m✓[39m tests/tracked-changes.test.ts [2m([22m[2m12 tests[22m[2m)[22m[32m 277[2mms[22m[39m
2026-10-07T20:17:33.2060263Z  [32m✓[39m tests/selection.test.ts [2m([22m[2m10 tests[22m[2m)[22m[32m 67[2mms[22m[39m
2026-10-07T20:17:33.3511951Z  [32m✓[39m tests/html-flow.test.ts [2m([22m[2m20 tests[22m[2m)[22m[32m 177[2mms[22m[39m
2026-10-07T20:17:33.5475132Z  [32m✓[39m tests/collaboration.test.ts [2m([22m[2m9 tests[22m[2m)[22m[32m 219[2mms[22m[39m
2026-10-07T20:17:33.7154953Z  [32m✓[39m tests/docx-table-text.test.ts [2m([22m[2m16 tests[22m[2m)[22m[32m 142[2mms[22m[39m
2026-10-07T20:17:34.2082266Z  [32m✓[39m tests/docx-math.test.ts [2m([22m[2m20 tests[22m[2m)[22m[32m 219[2mms[22m[39m
2026-10-07T20:17:34.2451419Z  [32m✓[39m tests/docx-table-widths.test.ts [2m([22m[2m18 tests[22m[2m)[22m[32m 166[2mms[22m[39m
2026-10-07T20:17:34.6789150Z  [32m✓[39m tests/extensions.test.ts [2m([22m[2m16 tests[22m[2m)[22m[32m 61[2mms[22m[39m
2026-10-07T20:17:34.9354256Z  [32m✓[39m tests/docx-style-cascade.test.ts [2m([22m[2m26 tests[22m[2m)[22m[32m 48[2mms[22m[39m
2026-10-07T20:17:35.0091940Z  [32m✓[39m tests/block-reordering.test.ts [2m([22m[2m8 tests[22m[2m)[22m[33m 376[2mms[22m[39m
2026-10-07T20:17:35.1744268Z  [32m✓[39m tests/markdown-reference-source.test.ts [2m([22m[2m18 tests[22m[2m)[22m[33m 567[2mms[22m[39m
2026-10-07T20:17:35.1759244Z    [32m✓[39m reference-definition source provenance [2m(18)[22m
2026-10-07T20:17:35.1761212Z      [33m[2m✓[22m[39m shares a large definition context without losing unrelated source when moving blocks[33m 486[2mms[22m[39m
2026-10-07T20:17:35.6136733Z  [32m✓[39m tests/text-direction.test.ts [2m([22m[2m13 tests[22m[2m)[22m[32m 99[2mms[22m[39m
2026-10-07T20:17:36.4999632Z  [32m✓[39m tests/details.test.ts [2m([22m[2m7 tests[22m[2m)[22m[32m 259[2mms[22m[39m
2026-10-07T20:17:36.8108732Z  [32m✓[39m tests/ruby.test.ts [2m([22m[2m7 tests[22m[2m)[22m[33m 307[2mms[22m[39m
2026-10-07T20:17:36.9720317Z  [32m✓[39m tests/markdown-html-inline-adapter.test.ts [2m([22m[2m34 tests[22m[2m)[22m[32m 99[2mms[22m[39m
2026-10-07T20:17:37.3353692Z  [32m✓[39m tests/markdown-document-flow.test.ts [2m([22m[2m21 tests[22m[2m)[22m[32m 116[2mms[22m[39m
2026-10-07T20:17:37.6596013Z  [32m✓[39m tests/quote-appearance.test.ts [2m([22m[2m8 tests[22m[2m)[22m[32m 278[2mms[22m[39m
2026-10-07T20:17:37.9795147Z  [32m✓[39m tests/html-inert-block.test.ts [2m([22m[2m20 tests[22m[2m)[22m[32m 204[2mms[22m[39m
2026-10-07T20:17:38.0295536Z  [32m✓[39m tests/node-ids.test.ts [2m([22m[2m12 tests[22m[2m)[22m[33m 641[2mms[22m[39m
2026-10-07T20:17:38.0304325Z    [32m✓[39m stable node identities [2m(12)[22m
2026-10-07T20:17:38.0362565Z      [33m[2m✓[22m[39m normalizes and maintains a 10,000-block live index within explicit budgets[33m 411[2mms[22m[39m
2026-10-07T20:17:38.4435116Z  [32m✓[39m tests/widgets.test.ts [2m([22m[2m7 tests[22m[2m)[22m[32m 41[2mms[22m[39m
2026-10-07T20:17:38.6920130Z  [32m✓[39m tests/page-layout.test.ts [2m([22m[2m11 tests[22m[2m)[22m[32m 16[2mms[22m[39m
2026-10-07T20:17:39.2715237Z  [32m✓[39m tests/selection-view.test.ts [2m([22m[2m9 tests[22m[2m)[22m[33m 334[2mms[22m[39m
2026-10-07T20:17:40.4075004Z  [32m✓[39m tests/link.test.ts [2m([22m[2m9 tests[22m[2m)[22m[33m 361[2mms[22m[39m
2026-10-07T20:17:40.9376685Z  [32m✓[39m tests/docx-footnotes.test.ts [2m([22m[2m11 tests[22m[2m)[22m[32m 137[2mms[22m[39m
2026-10-07T20:17:41.1516105Z  [32m✓[39m tests/html-link-controls.test.ts [2m([22m[2m20 tests[22m[2m)[22m[33m 1789[2mms[22m[39m
2026-10-07T20:17:41.1519359Z    [32m✓[39m literal control data in imported HTML link destinations [2m(20)[22m
2026-10-07T20:17:41.1523529Z      [33m[2m✓[22m[39m still rejects unsafe schemes, network paths, other controls and broken authorities: inserted controls in "vbscript:payload"[33m 359[2mms[22m[39m
2026-10-07T20:17:41.1526535Z      [33m[2m✓[22m[39m still rejects unsafe schemes, network paths, other controls and broken authorities: inserted controls in "data:text/html,ba…[33m 346[2mms[22m[39m
2026-10-07T20:17:41.1529467Z      [33m[2m✓[22m[39m still rejects unsafe schemes, network paths, other controls and broken authorities: inserted controls in "//evil.test/path"[33m 308[2mms[22m[39m
2026-10-07T20:17:41.3650660Z  [32m✓[39m tests/html-link-origin.test.ts [2m([22m[2m16 tests[22m[2m)[22m[33m 647[2mms[22m[39m
2026-10-07T20:17:41.6504632Z  [32m✓[39m tests/ai.test.ts [2m([22m[2m13 tests[22m[2m)[22m[32m 137[2mms[22m[39m
2026-10-07T20:17:42.1562143Z  [32m✓[39m tests/markdown-html-block-adapter.test.ts [2m([22m[2m28 tests[22m[2m)[22m[32m 98[2mms[22m[39m
2026-10-07T20:17:42.3475220Z  [32m✓[39m tests/ai-generated-media.test.ts [2m([22m[2m7 tests[22m[2m)[22m[32m 29[2mms[22m[39m
2026-10-07T20:17:43.0654929Z  [32m✓[39m tests/docx-character-spacing.test.ts [2m([22m[2m25 tests[22m[2m)[22m[32m 196[2mms[22m[39m
2026-10-07T20:17:43.3902180Z  [32m✓[39m tests/docx-page-settings.test.ts [2m([22m[2m19 tests[22m[2m)[22m[32m 194[2mms[22m[39m
2026-10-07T20:17:43.6445272Z  [32m✓[39m tests/html-format.test.ts [2m([22m[2m9 tests[22m[2m)[22m[32m 222[2mms[22m[39m
2026-10-07T20:17:43.8959435Z  [32m✓[39m tests/docx-table-appearance.test.ts [2m([22m[2m9 tests[22m[2m)[22m[32m 133[2mms[22m[39m
2026-10-07T20:17:44.1607507Z  [32m✓[39m tests/ai-conversation.test.ts [2m([22m[2m10 tests[22m[2m)[22m[32m 126[2mms[22m[39m
2026-10-07T20:17:44.3975646Z  [32m✓[39m tests/markdown-text-block-flow.test.ts [2m([22m[2m29 tests[22m[2m)[22m[32m 145[2mms[22m[39m
2026-10-07T20:17:44.8314514Z  [32m✓[39m tests/markdown-html-flow-sources.test.ts [2m([22m[2m15 tests[22m[2m)[22m[32m 69[2mms[22m[39m
2026-10-07T20:17:45.3014642Z  [32m✓[39m tests/markdown-html-paragraph.test.ts [2m([22m[2m35 tests[22m[2m)[22m[32m 112[2mms[22m[39m
2026-10-07T20:17:45.9273238Z  [32m✓[39m tests/html-inert-raw-text.test.ts [2m([22m[2m24 tests[22m[2m)[22m[32m 204[2mms[22m[39m
2026-10-07T20:17:46.2848843Z  [32m✓[39m tests/virtual-view.test.ts [2m([22m[2m9 tests[22m[2m)[22m[33m 1987[2mms[22m[39m
2026-10-07T20:17:46.2850528Z    [32m✓[39m virtual EditorView [2m(9)[22m
2026-10-07T20:17:46.2852861Z      [33m[2m✓[22m[39m mounts a bounded viewport while retaining the full scroll geometry[33m 1201[2mms[22m[39m
2026-10-07T20:17:46.2855352Z      [33m[2m✓[22m[39m offers explicit and print-time full rendering without changing document state[33m 312[2mms[22m[39m
2026-10-07T20:17:46.8455565Z  [32m✓[39m tests/docx-definition-lists.test.ts [2m([22m[2m16 tests[22m[2m)[22m[33m 370[2mms[22m[39m
2026-10-07T20:17:47.7416460Z  [32m✓[39m tests/yjs-structured-attributes.test.ts [2m([22m[2m7 tests[22m[2m)[22m[32m 84[2mms[22m[39m
2026-10-07T20:17:48.0184162Z  [32m✓[39m tests/headless-docx-demo.test.tsx [2m([22m[2m9 tests[22m[2m)[22m[33m 949[2mms[22m[39m
2026-10-07T20:17:48.3835410Z  [32m✓[39m tests/explicit-text-alignment.test.ts [2m([22m[2m8 tests[22m[2m)[22m[32m 134[2mms[22m[39m
2026-10-07T20:17:48.5524507Z  [32m✓[39m tests/markdown-html-block-atoms.test.ts [2m([22m[2m15 tests[22m[2m)[22m[32m 136[2mms[22m[39m
2026-10-07T20:17:48.9558015Z  [32m✓[39m tests/math-document-context.test.ts [2m([22m[2m6 tests[22m[2m)[22m[33m 589[2mms[22m[39m
2026-10-07T20:17:48.9559767Z    [32m✓[39m document-aware math view context [2m(6)[22m
2026-10-07T20:17:48.9562128Z      [33m[2m✓[22m[39m compiles unchanged published source and forward references once per snapshot, including reorder/undo/redo[33m 325[2mms[22m[39m
2026-10-07T20:17:48.9685191Z  [32m✓[39m tests/markdown-protected-table-flow.test.ts [2m([22m[2m17 tests[22m[2m)[22m[32m 190[2mms[22m[39m
2026-10-07T20:17:49.0743579Z  [32m✓[39m tests/docx-math-import.test.ts [2m([22m[2m9 tests[22m[2m)[22m[32m 97[2mms[22m[39m
2026-10-07T20:17:49.3445529Z  [32m✓[39m tests/ai-document-tools.test.ts [2m([22m[2m10 tests[22m[2m)[22m[32m 31[2mms[22m[39m
2026-10-07T20:17:49.4775747Z  [32m✓[39m tests/docx-page-templates.test.ts [2m([22m[2m8 tests[22m[2m)[22m[32m 147[2mms[22m[39m
2026-10-07T20:17:49.5981998Z  [32m✓[39m tests/html-inert-inline.test.ts [2m([22m[2m25 tests[22m[2m)[22m[32m 112[2mms[22m[39m
2026-10-07T20:17:51.1774304Z  [32m✓[39m tests/widgets-dom.test.ts [2m([22m[2m4 tests[22m[2m)[22m[32m 255[2mms[22m[39m
2026-10-07T20:17:51.3418494Z  [32m✓[39m tests/html-inert-browser.test.ts [2m([22m[2m8 tests[22m[2m)[22m[33m 634[2mms[22m[39m
2026-10-07T20:17:51.6367120Z  [32m✓[39m tests/markdown-empty-paragraphs.test.ts [2m([22m[2m22 tests[22m[2m)[22m[32m 64[2mms[22m[39m
2026-10-07T20:17:51.8131218Z  [32m✓[39m tests/trailing-editable-block.test.ts [2m([22m[2m8 tests[22m[2m)[22m[32m 50[2mms[22m[39m
2026-10-07T20:17:52.8605410Z  [32m✓[39m tests/mathjax-document-renderer.test.ts [2m([22m[2m12 tests[22m[2m)[22m[33m 1910[2mms[22m[39m
2026-10-07T20:17:52.8606973Z    [32m✓[39m optional host MathJax SVG integration [2m(12)[22m
2026-10-07T20:17:52.8614319Z      [33m[2m✓[22m[39m typesets exact published equations and resolves namespaced forward links to actual SVG anchors[33m 503[2mms[22m[39m
2026-10-07T20:17:52.8640855Z      [33m[2m✓[22m[39m refreshes real SVG labels/references after moving/deleting equations and restores them on undo[33m 606[2mms[22m[39m
2026-10-07T20:17:53.3845341Z  [32m✓[39m tests/docx-paragraph-layout.test.ts [2m([22m[2m9 tests[22m[2m)[22m[32m 121[2mms[22m[39m
2026-10-07T20:17:53.5444651Z  [32m✓[39m tests/vue-lifecycle.test.ts [2m([22m[2m7 tests[22m[2m)[22m[33m 388[2mms[22m[39m
2026-10-07T20:17:53.6597288Z  [32m✓[39m tests/view-external-focus.test.ts [2m([22m[2m12 tests[22m[2m)[22m[33m 454[2mms[22m[39m
2026-10-07T20:17:53.8827776Z  [32m✓[39m tests/markdown-html.test.ts [2m([22m[2m32 tests[22m[2m)[22m[32m 72[2mms[22m[39m
2026-10-07T20:17:54.1119892Z  [32m✓[39m tests/markdown-preformatted.test.ts [2m([22m[2m38 tests[22m[2m)[22m[32m 122[2mms[22m[39m
2026-10-07T20:17:54.3851837Z  [32m✓[39m tests/text-alignment.test.ts [2m([22m[2m8 tests[22m[2m)[22m[32m 67[2mms[22m[39m
2026-10-07T20:17:54.6578526Z  [32m✓[39m tests/html-source-tokens.test.ts [2m([22m[2m22 tests[22m[2m)[22m[32m 160[2mms[22m[39m
2026-10-07T20:17:54.7669916Z  [32m✓[39m tests/structured-attributes.test.ts [2m([22m[2m4 tests[22m[2m)[22m[32m 23[2mms[22m[39m
2026-10-07T20:17:55.1697766Z  [32m✓[39m tests/docx-theme-fonts.test.ts [2m([22m[2m15 tests[22m[2m)[22m[32m 121[2mms[22m[39m
2026-10-07T20:17:55.3975839Z  [32m✓[39m tests/html-figure-retention.test.ts [2m([22m[2m20 tests[22m[2m)[22m[33m 470[2mms[22m[39m
2026-10-07T20:17:55.7050813Z  [32m✓[39m tests/docx-inherited-styles.test.ts [2m([22m[2m8 tests[22m[2m)[22m[32m 108[2mms[22m[39m
2026-10-07T20:17:55.8625285Z  [32m✓[39m tests/markdown-schema-html.test.ts [2m([22m[2m15 tests[22m[2m)[22m[32m 119[2mms[22m[39m
2026-10-07T20:17:56.1205201Z  [32m✓[39m tests/migrations.test.ts [2m([22m[2m5 tests[22m[2m)[22m[32m 39[2mms[22m[39m
2026-10-07T20:17:56.5064092Z  [32m✓[39m tests/table-appearance.test.ts [2m([22m[2m16 tests[22m[2m)[22m[33m 461[2mms[22m[39m
2026-10-07T20:17:57.6309170Z  [32m✓[39m tests/react-node-view.test.tsx [2m([22m[2m3 tests[22m[2m)[22m[33m 342[2mms[22m[39m
2026-10-07T20:17:58.0983779Z  [32m✓[39m tests/docx-content-controls.test.ts [2m([22m[2m12 tests[22m[2m)[22m[32m 113[2mms[22m[39m
2026-10-07T20:17:58.1586338Z  [32m✓[39m tests/syntax-highlight.test.ts [2m([22m[2m10 tests[22m[2m)[22m[33m 317[2mms[22m[39m
2026-10-07T20:17:58.4327968Z  [32m✓[39m tests/react-toolbar-panels.test.tsx [2m([22m[2m16 tests[22m[2m)[22m[33m 1038[2mms[22m[39m
2026-10-07T20:17:58.8750487Z  [32m✓[39m tests/server-html-loss-report.test.ts [2m([22m[2m21 tests[22m[2m)[22m[33m 369[2mms[22m[39m
2026-10-07T20:17:58.9587564Z  [32m✓[39m tests/html-container-editing.test.ts [2m([22m[2m16 tests[22m[2m)[22m[32m 68[2mms[22m[39m
2026-10-07T20:17:59.7760022Z  [32m✓[39m tests/drop-cursor.test.ts [2m([22m[2m4 tests[22m[2m)[22m[32m 252[2mms[22m[39m
2026-10-07T20:18:00.3039529Z  [32m✓[39m tests/docx-page-breaks.test.ts [2m([22m[2m11 tests[22m[2m)[22m[32m 128[2mms[22m[39m
2026-10-07T20:18:00.3788118Z  [32m✓[39m tests/inline-link-view.test.ts [2m([22m[2m6 tests[22m[2m)[22m[32m 296[2mms[22m[39m
2026-10-07T20:18:00.5420588Z  [32m✓[39m tests/explicit-emphasis.test.ts [2m([22m[2m7 tests[22m[2m)[22m[32m 141[2mms[22m[39m
2026-10-07T20:18:00.7575455Z  [32m✓[39m tests/lean-loopback.test.ts [2m([22m[2m4 tests[22m[2m)[22m[32m 74[2mms[22m[39m
2026-10-07T20:18:00.9103841Z  [32m✓[39m tests/docx-preferred-table-width.test.ts [2m([22m[2m18 tests[22m[2m)[22m[32m 197[2mms[22m[39m
2026-10-07T20:18:01.2907061Z  [32m✓[39m tests/integrity.test.ts [2m([22m[2m7 tests[22m[2m)[22m[32m 26[2mms[22m[39m
2026-10-07T20:18:01.7661178Z  [32m✓[39m tests/mcp.test.ts [2m([22m[2m3 tests[22m[2m)[22m[32m 84[2mms[22m[39m
2026-10-07T20:18:02.1827016Z  [32m✓[39m tests/react-document-utilities.test.tsx [2m([22m[2m2 tests[22m[2m)[22m[33m 337[2mms[22m[39m
2026-10-07T20:18:02.2599339Z  [32m✓[39m tests/docx-package-inventory.test.ts [2m([22m[2m7 tests[22m[2m)[22m[32m 60[2mms[22m[39m
2026-10-07T20:18:02.3499853Z  [32m✓[39m tests/pages-html.test.ts [2m([22m[2m4 tests[22m[2m)[22m[32m 253[2mms[22m[39m
2026-10-07T20:18:02.7090302Z  [32m✓[39m tests/markdown-html-tables.test.ts [2m([22m[2m9 tests[22m[2m)[22m[32m 106[2mms[22m[39m
2026-10-07T20:18:02.7423509Z  [32m✓[39m tests/markdown-paragraph-flow.test.ts [2m([22m[2m18 tests[22m[2m)[22m[32m 104[2mms[22m[39m
2026-10-07T20:18:03.2085622Z  [32m✓[39m tests/html-comments.test.ts [2m([22m[2m27 tests[22m[2m)[22m[32m 97[2mms[22m[39m
2026-10-07T20:18:03.6574306Z  [32m✓[39m tests/markdown-tex-tables.test.ts [2m([22m[2m16 tests[22m[2m)[22m[32m 46[2mms[22m[39m
2026-10-07T20:18:03.8915612Z  [32m✓[39m tests/definition-list-editing.test.ts [2m([22m[2m13 tests[22m[2m)[22m[32m 207[2mms[22m[39m
2026-10-07T20:18:04.2049788Z  [32m✓[39m tests/definition-lists.test.ts [2m([22m[2m10 tests[22m[2m)[22m[32m 99[2mms[22m[39m
2026-10-07T20:18:04.2074004Z  [32m✓[39m tests/clipboard-history.test.ts [2m([22m[2m3 tests[22m[2m)[22m[32m 255[2mms[22m[39m
2026-10-07T20:18:04.3376168Z  [32m✓[39m tests/selection-no-text.test.ts [2m([22m[2m9 tests[22m[2m)[22m[32m 42[2mms[22m[39m
2026-10-07T20:18:04.8061663Z  [32m✓[39m tests/markdown-flow-tasks.test.ts [2m([22m[2m17 tests[22m[2m)[22m[32m 198[2mms[22m[39m
2026-10-07T20:18:04.8845149Z  [32m✓[39m tests/markdown-tex.test.ts [2m([22m[2m24 tests[22m[2m)[22m[32m 162[2mms[22m[39m
2026-10-07T20:18:04.9692600Z  [32m✓[39m tests/server-html-selectors.test.ts [2m([22m[2m3 tests[22m[2m)[22m[33m 356[2mms[22m[39m
2026-10-07T20:18:05.4816581Z  [32m✓[39m tests/markdown-flow-inline-nodes.test.ts [2m([22m[2m12 tests[22m[2m)[22m[32m 140[2mms[22m[39m
2026-10-07T20:18:05.5358848Z  [32m✓[39m tests/content-expression.test.ts [2m([22m[2m5 tests[22m[2m)[22m[33m 331[2mms[22m[39m
2026-10-07T20:18:05.9494775Z  [32m✓[39m tests/html-containers.test.ts [2m([22m[2m15 tests[22m[2m)[22m[32m 76[2mms[22m[39m
2026-10-07T20:18:06.8170835Z  [32m✓[39m tests/angular-lifecycle.test.ts [2m([22m[2m3 tests[22m[2m)[22m[33m 319[2mms[22m[39m
2026-10-07T20:18:07.1610061Z  [32m✓[39m tests/code-region-keyboard.test.ts [2m([22m[2m7 tests[22m[2m)[22m[32m 261[2mms[22m[39m
2026-10-07T20:18:07.4532181Z  [32m✓[39m tests/node-view-context.test.ts [2m([22m[2m5 tests[22m[2m)[22m[32m 245[2mms[22m[39m
2026-10-07T20:18:08.0364410Z  [32m✓[39m tests/stream-text-point.test.ts [2m([22m[2m4 tests[22m[2m)[22m[33m 307[2mms[22m[39m
2026-10-07T20:18:08.0733747Z  [32m✓[39m tests/mathjax-docx.test.ts [2m([22m[2m28 tests[22m[2m)[22m[33m 366[2mms[22m[39m
2026-10-07T20:18:08.4251609Z  [32m✓[39m tests/paragraph-layout.test.ts [2m([22m[2m4 tests[22m[2m)[22m[32m 160[2mms[22m[39m
2026-10-07T20:18:08.5465488Z  [32m✓[39m tests/docx-table-headers.test.ts [2m([22m[2m11 tests[22m[2m)[22m[32m 181[2mms[22m[39m
2026-10-07T20:18:08.6192054Z  [32m✓[39m tests/docx-fonts.test.ts [2m([22m[2m15 tests[22m[2m)[22m[32m 130[2mms[22m[39m
2026-10-07T20:18:08.8788701Z  [32m✓[39m tests/markdown-structural-flow.test.ts [2m([22m[2m9 tests[22m[2m)[22m[32m 79[2mms[22m[39m
2026-10-07T20:18:09.0381436Z  [32m✓[39m tests/release.test.ts [2m([22m[2m10 tests[22m[2m)[22m[32m 241[2mms[22m[39m
2026-10-07T20:18:09.4717557Z  [32m✓[39m tests/markdown-emphasis-runs.test.ts [2m([22m[2m18 tests[22m[2m)[22m[32m 94[2mms[22m[39m
2026-10-07T20:18:10.1504101Z  [32m✓[39m tests/web-component-forms.test.ts [2m([22m[2m8 tests[22m[2m)[22m[33m 318[2mms[22m[39m
2026-10-07T20:18:10.4159887Z  [32m✓[39m tests/html-table-caption.test.ts [2m([22m[2m10 tests[22m[2m)[22m[32m 200[2mms[22m[39m
2026-10-07T20:18:10.5735108Z  [32m✓[39m tests/headless-core.test.ts [2m([22m[2m3 tests[22m[2m)[22m[32m 30[2mms[22m[39m
2026-10-07T20:18:10.7980878Z  [32m✓[39m tests/floating-menu.test.ts [2m([22m[2m4 tests[22m[2m)[22m[32m 28[2mms[22m[39m
2026-10-07T20:18:10.9265456Z  [32m✓[39m tests/markdown-html-incomplete-source.test.ts [2m([22m[2m17 tests[22m[2m)[22m[32m 100[2mms[22m[39m
2026-10-07T20:18:11.2141584Z  [32m✓[39m tests/pages-presentation.test.ts [2m([22m[2m3 tests[22m[2m)[22m[32m 30[2mms[22m[39m
2026-10-07T20:18:11.2365308Z  [32m✓[39m tests/conversion-lab.test.ts [2m([22m[2m13 tests[22m[2m)[22m[32m 166[2mms[22m[39m
2026-10-07T20:18:11.3796170Z  [32m✓[39m tests/docx-cell-shading.test.ts [2m([22m[2m9 tests[22m[2m)[22m[32m 109[2mms[22m[39m
2026-10-07T20:18:11.6180996Z  [32m✓[39m tests/table-of-contents.test.ts [2m([22m[2m4 tests[22m[2m)[22m[32m 25[2mms[22m[39m
2026-10-07T20:18:11.8289797Z  [32m✓[39m tests/markdown-text-newlines.test.ts [2m([22m[2m19 tests[22m[2m)[22m[32m 76[2mms[22m[39m
2026-10-07T20:18:12.2709725Z  [32m✓[39m tests/markdown-combination-retention.test.ts [2m([22m[2m41 tests[22m[2m)[22m[32m 269[2mms[22m[39m
2026-10-07T20:18:12.7966446Z  [32m✓[39m tests/markdown-flow-custom-wrappers.test.ts [2m([22m[2m7 tests[22m[2m)[22m[32m 84[2mms[22m[39m
2026-10-07T20:18:12.8449623Z [90mstderr[2m | tests/react-widgets.test.tsx
2026-10-07T20:18:12.8451103Z  [32m✓[39m tests/react-widgets.test.tsx [2m([22m[2m2 tests[22m[2m)[22m[32m 244[2mms[22m[39m
2026-10-07T20:18:12.8452583Z [22m[39mAn update to Root inside a test was not wrapped in act(...).
2026-10-07T20:18:12.8453429Z 
2026-10-07T20:18:12.8454106Z When testing, code that causes React state updates should be wrapped into act(...):
2026-10-07T20:18:12.8454793Z 
2026-10-07T20:18:12.8454987Z act(() => {
2026-10-07T20:18:12.8455470Z   /* fire events that update state */
2026-10-07T20:18:12.8455975Z });
2026-10-07T20:18:12.8456386Z /* assert on the output */
2026-10-07T20:18:12.8456699Z 
2026-10-07T20:18:12.8457816Z This ensures that you're testing the behavior the user would see in the browser. Learn more at https://react.dev/link/wrap-tests-with-act
2026-10-07T20:18:12.8458817Z 
2026-10-07T20:18:13.4474157Z  [32m✓[39m tests/table-row-repetition.test.ts [2m([22m[2m13 tests[22m[2m)[22m[33m 344[2mms[22m[39m
2026-10-07T20:18:13.6115196Z  [32m✓[39m tests/html-page-settings.test.ts [2m([22m[2m18 tests[22m[2m)[22m[32m 96[2mms[22m[39m
2026-10-07T20:18:14.5377109Z  [32m✓[39m tests/table-layout.test.ts [2m([22m[2m7 tests[22m[2m)[22m[33m 374[2mms[22m[39m
2026-10-07T20:18:15.0369144Z  [32m✓[39m tests/svelte-action.test.ts [2m([22m[2m3 tests[22m[2m)[22m[32m 259[2mms[22m[39m
2026-10-07T20:18:15.1804161Z  [32m✓[39m tests/react-versions.test.tsx [2m([22m[2m1 test[22m[2m)[22m[32m 162[2mms[22m[39m
2026-10-07T20:18:15.4299281Z  [32m✓[39m tests/node-size-sharing.test.ts [2m([22m[2m6 tests[22m[2m)[22m[32m 43[2mms[22m[39m
2026-10-07T20:18:16.2832692Z  [32m✓[39m tests/html-block-mark-inheritance.test.ts [2m([22m[2m22 tests[22m[2m)[22m[32m 290[2mms[22m[39m
2026-10-07T20:18:16.7323528Z  [32m✓[39m tests/markdown-autolink-policy.test.ts [2m([22m[2m15 tests[22m[2m)[22m[32m 71[2mms[22m[39m
2026-10-07T20:18:16.7710970Z  [32m✓[39m tests/react-floating-menu.test.tsx [2m([22m[2m1 test[22m[2m)[22m[32m 251[2mms[22m[39m
2026-10-07T20:18:17.0415252Z  [32m✓[39m tests/react-comments.test.tsx [2m([22m[2m1 test[22m[2m)[22m[32m 154[2mms[22m[39m
2026-10-07T20:18:17.4169412Z  [32m✓[39m tests/markdown-tables-gfm.test.ts [2m([22m[2m11 tests[22m[2m)[22m[32m 46[2mms[22m[39m
2026-10-07T20:18:18.5246578Z  [32m✓[39m tests/html-flow-browser.test.ts [2m([22m[2m16 tests[22m[2m)[22m[33m 460[2mms[22m[39m
2026-10-07T20:18:18.5465401Z  [32m✓[39m tests/table-background.test.ts [2m([22m[2m3 tests[22m[2m)[22m[33m 367[2mms[22m[39m
2026-10-07T20:18:19.0694806Z  [32m✓[39m tests/react-lifecycle.test.tsx [2m([22m[2m2 tests[22m[2m)[22m[33m 320[2mms[22m[39m
2026-10-07T20:18:19.5265132Z  [32m✓[39m tests/markdown-html-lexical.test.ts [2m([22m[2m37 tests[22m[2m)[22m[32m 89[2mms[22m[39m
2026-10-07T20:18:19.9633741Z  [32m✓[39m tests/document-replacement.test.ts [2m([22m[2m5 tests[22m[2m)[22m[32m 29[2mms[22m[39m
2026-10-07T20:18:20.1529155Z  [32m✓[39m tests/table-preferred-width.test.ts [2m([22m[2m15 tests[22m[2m)[22m[33m 342[2mms[22m[39m
2026-10-07T20:18:20.1849257Z  [32m✓[39m tests/text-direction-dom.test.ts [2m([22m[2m3 tests[22m[2m)[22m[33m 319[2mms[22m[39m
2026-10-07T20:18:20.5729295Z  [31m❯[39m tests/docx-explicit-emphasis.test.ts [2m([22m[2m5 tests[22m[2m | [22m[31m1 failed[39m[2m)[22m[32m 102[2mms[22m[39m
2026-10-07T20:18:20.5733698Z    [31m❯[39m native DOCX explicit emphasis [2m(5)[22m
2026-10-07T20:18:20.5735922Z [31m     [31m×[31m exports absolute normal/bold/italic run declarations and reopens editable emphasis in pure Node[39m[32m 82[2mms[22m[39m
2026-10-07T20:18:20.5738022Z      [32m✓[39m preserves an empty explicit paragraph and heading[32m 14[2mms[22m[39m
2026-10-07T20:18:20.5739925Z      [32m✓[39m does not reinterpret a partial direct override as a complete resolved style[32m 1[2mms[22m[39m
2026-10-07T20:18:20.5742327Z      [32m✓[39m recognizes off/on spellings and does not activate an explicit off mark[32m 1[2mms[22m[39m
2026-10-07T20:18:20.5744369Z      [32m✓[39m does not trust a foreign paragraph-mark reset[32m 1[2mms[22m[39m
2026-10-07T20:18:20.6735118Z  [32m✓[39m tests/html-empty-paragraph.test.ts [2m([22m[2m12 tests[22m[2m)[22m[32m 62[2mms[22m[39m
2026-10-07T20:18:21.0048578Z  [32m✓[39m tests/virtual-layout.test.ts [2m([22m[2m4 tests[22m[2m)[22m[33m 635[2mms[22m[39m
2026-10-07T20:18:21.0050322Z    [32m✓[39m virtual block layout [2m(4)[22m
2026-10-07T20:18:21.0052014Z      [33m[2m✓[22m[39m plans a small visible window plus distant selection islands[33m 623[2mms[22m[39m
2026-10-07T20:18:21.0669399Z  [32m✓[39m tests/markdown-flow-code-endings.test.ts [2m([22m[2m16 tests[22m[2m)[22m[32m 94[2mms[22m[39m
2026-10-07T20:18:22.1257801Z  [32m✓[39m tests/react-ai-conversation.test.tsx [2m([22m[2m1 test[22m[2m)[22m[32m 144[2mms[22m[39m
2026-10-07T20:18:22.6785035Z  [32m✓[39m tests/view-native-selection.test.ts [2m([22m[2m4 tests[22m[2m)[22m[32m 245[2mms[22m[39m
2026-10-07T20:18:22.7085794Z  [32m✓[39m tests/html-comment-workshop.test.tsx [2m([22m[2m1 test[22m[2m)[22m[33m 429[2mms[22m[39m
2026-10-07T20:18:22.7094221Z    [32m✓[39m HTML comment reader snapshot lifecycle [2m(1)[22m
2026-10-07T20:18:22.7123137Z      [33m[2m✓[22m[39m replaces changed snapshots without navigating a retired iframe, but keeps unchanged snapshots mounted[33m 426[2mms[22m[39m
2026-10-07T20:18:23.0874391Z  [32m✓[39m tests/extension-scaffold.test.ts [2m([22m[2m2 tests[22m[2m)[22m[32m 219[2mms[22m[39m
2026-10-07T20:18:23.1548846Z  [32m✓[39m tests/markdown-literal-export.test.ts [2m([22m[2m15 tests[22m[2m)[22m[32m 42[2mms[22m[39m
2026-10-07T20:18:23.5755228Z  [32m✓[39m tests/widgets-yjs.test.ts [2m([22m[2m1 test[22m[2m)[22m[32m 48[2mms[22m[39m
2026-10-07T20:18:23.7925360Z  [32m✓[39m tests/html-comments-browser.test.ts [2m([22m[2m7 tests[22m[2m)[22m[32m 284[2mms[22m[39m
2026-10-07T20:18:23.8685031Z  [32m✓[39m tests/math-document-files.test.ts [2m([22m[2m9 tests[22m[2m)[22m[32m 16[2mms[22m[39m
2026-10-07T20:18:24.2779921Z  [32m✓[39m tests/node-ids-yjs.test.ts [2m([22m[2m1 test[22m[2m)[22m[32m 33[2mms[22m[39m
2026-10-07T20:18:24.6220669Z  [32m✓[39m tests/react-ai-generated-media.test.tsx [2m([22m[2m1 test[22m[2m)[22m[32m 157[2mms[22m[39m
2026-10-07T20:18:24.6505482Z  [32m✓[39m tests/math-expression.test.ts [2m([22m[2m16 tests[22m[2m)[22m[32m 16[2mms[22m[39m
2026-10-07T20:18:25.1171107Z  [32m✓[39m tests/markdown-code-labels.test.ts [2m([22m[2m20 tests[22m[2m)[22m[32m 70[2mms[22m[39m
2026-10-07T20:18:25.2545670Z [90mstderr[2m | tests/react-tracked-changes.test.tsx[2m > [22m[2mFountainTrackedChanges[2m > [22m[2mshows full review information and drives selection, discussion, and decisions
2026-10-07T20:18:25.2548059Z [22m[39mThe current testing environment is not configured to support act(...)
2026-10-07T20:18:25.2549085Z 
2026-10-07T20:18:25.3363491Z [90mstderr[2m | tests/react-tracked-changes.test.tsx[2m > [22m[2mFountainTrackedChanges[2m > [22m[2mshows full review information and drives selection, discussion, and decisions
2026-10-07T20:18:25.3366278Z [22m[39mThe current testing environment is not configured to support act(...)
2026-10-07T20:18:25.3367435Z 
2026-10-07T20:18:25.3477284Z [90mstderr[2m | tests/react-tracked-changes.test.tsx[2m > [22m[2mFountainTrackedChanges[2m > [22m[2mshows full review information and drives selection, discussion, and decisions
2026-10-07T20:18:25.3506028Z [22m[39mThe current testing environment is not configured to support act(...)
2026-10-07T20:18:25.3518954Z 
2026-10-07T20:18:25.3521035Z [90mstderr[2m | tests/react-tracked-changes.test.tsx[2m > [22m[2mFountainTrackedChanges[2m > [22m[2mshows full review information and drives selection, discussion, and decisions
2026-10-07T20:18:25.3524239Z [22m[39mThe current testing environment is not configured to support act(...)
2026-10-07T20:18:25.3525221Z 
2026-10-07T20:18:25.3608973Z [90mstderr[2m | tests/react-tracked-changes.test.tsx[2m > [22m[2mFountainTrackedChanges[2m > [22m[2mshows full review information and drives selection, discussion, and decisions
2026-10-07T20:18:25.3612426Z [22m[39mThe current testing environment is not configured to support act(...)
2026-10-07T20:18:25.3614307Z The current testing environment is not configured to support act(...)
2026-10-07T20:18:25.3615165Z 
2026-10-07T20:18:25.3617183Z [90mstderr[2m | tests/react-tracked-changes.test.tsx[2m > [22m[2mFountainTrackedChanges[2m > [22m[2mshows full review information and drives selection, discussion, and decisions
2026-10-07T20:18:25.3619485Z [22m[39mThe current testing environment is not configured to support act(...)
2026-10-07T20:18:25.3620558Z 
2026-10-07T20:18:25.3654593Z [90mstderr[2m | tests/react-tracked-changes.test.tsx[2m > [22m[2mFountainTrackedChanges[2m > [22m[2mshows full review information and drives selection, discussion, and decisions
2026-10-07T20:18:25.3659092Z [22m[39mThe current testing environment is not configured to support act(...)
2026-10-07T20:18:25.3660094Z 
2026-10-07T20:18:25.3665655Z  [32m✓[39m tests/react-tracked-changes.test.tsx [2m([22m[2m1 test[22m[2m)[22m[32m 146[2mms[22m[39m
2026-10-07T20:18:25.6085826Z  [32m✓[39m tests/issue-markdown-tables.test.ts [2m([22m[2m8 tests[22m[2m)[22m[32m 70[2mms[22m[39m
2026-10-07T20:18:25.6871559Z  [32m✓[39m tests/text-style-node.test.ts [2m([22m[2m2 tests[22m[2m)[22m[32m 24[2mms[22m[39m
2026-10-07T20:18:26.0156015Z [90mstderr[2m | tests/react-ai-review.test.tsx[2m > [22m[2mFountainAIReview streaming UI[2m > [22m[2mshows partial output and a stop action, then enables review only after completion
2026-10-07T20:18:26.0158359Z  [32m✓[39m tests/text-boundary-mapping.test.ts [2m([22m[2m6 tests[22m[2m)[22m[32m 11[2mms[22m[39m
2026-10-07T20:18:26.0245089Z [22m[39mAn update to FountainAIReview inside a test was not wrapped in act(...).
2026-10-07T20:18:26.0273345Z 
2026-10-07T20:18:26.0344543Z When testing, code that causes React state updates should be wrapped into act(...):
2026-10-07T20:18:26.0382775Z 
2026-10-07T20:18:26.0393601Z act(() => {
2026-10-07T20:18:26.0404323Z   /* fire events that update state */
2026-10-07T20:18:26.0405305Z });
2026-10-07T20:18:26.0405917Z /* assert on the output */
2026-10-07T20:18:26.0406490Z 
2026-10-07T20:18:26.0407796Z This ensures that you're testing the behavior the user would see in the browser. Learn more at https://react.dev/link/wrap-tests-with-act
2026-10-07T20:18:26.0409468Z An update to FountainAIReview inside a test was not wrapped in act(...).
2026-10-07T20:18:26.0410195Z 
2026-10-07T20:18:26.0410989Z When testing, code that causes React state updates should be wrapped into act(...):
2026-10-07T20:18:26.0411766Z 
2026-10-07T20:18:26.0412106Z act(() => {
2026-10-07T20:18:26.0412712Z   /* fire events that update state */
2026-10-07T20:18:26.0416130Z });
2026-10-07T20:18:26.0416716Z /* assert on the output */
2026-10-07T20:18:26.0417312Z 
2026-10-07T20:18:26.0418487Z This ensures that you're testing the behavior the user would see in the browser. Learn more at https://react.dev/link/wrap-tests-with-act
2026-10-07T20:18:26.0419731Z 
2026-10-07T20:18:26.0746822Z  [32m✓[39m tests/react-ai-review.test.tsx [2m([22m[2m1 test[22m[2m)[22m[32m 135[2mms[22m[39m
2026-10-07T20:18:27.1894604Z  [32m✓[39m tests/html-code-language.test.ts [2m([22m[2m13 tests[22m[2m)[22m[32m 137[2mms[22m[39m
2026-10-07T20:18:27.4105068Z  [32m✓[39m tests/html-containers-browser.test.ts [2m([22m[2m6 tests[22m[2m)[22m[32m 120[2mms[22m[39m
2026-10-07T20:18:27.6115349Z  [32m✓[39m tests/html-page-settings-browser.test.ts [2m([22m[2m6 tests[22m[2m)[22m[32m 208[2mms[22m[39m
2026-10-07T20:18:27.6140999Z  [32m✓[39m tests/stable-document-guard.test.ts [2m([22m[2m4 tests[22m[2m)[22m[32m 6[2mms[22m[39m
2026-10-07T20:18:28.0355802Z  [32m✓[39m tests/markdown-url-destinations.test.ts [2m([22m[2m3 tests[22m[2m)[22m[32m 79[2mms[22m[39m
2026-10-07T20:18:28.2872528Z  [32m✓[39m tests/svelte-ssr.test.ts [2m([22m[2m1 test[22m[2m)[22m[32m 79[2mms[22m[39m
2026-10-07T20:18:28.7022767Z  [32m✓[39m tests/emoji-data.test.ts [2m([22m[2m2 tests[22m[2m)[22m[32m 16[2mms[22m[39m
2026-10-07T20:18:28.8281988Z  [32m✓[39m tests/vue-ssr.test.ts [2m([22m[2m1 test[22m[2m)[22m[32m 17[2mms[22m[39m
2026-10-07T20:18:28.9048070Z [90mstdout[2m | tests/angular-ssr.test.ts[2m > [22m[2mkeeps the Angular editor inert during real Angular server rendering
2026-10-07T20:18:28.9049596Z [22m[39mAngular is running in development mode.
2026-10-07T20:18:28.9050003Z 
2026-10-07T20:18:28.9151998Z  [32m✓[39m tests/angular-ssr.test.ts [2m([22m[2m1 test[22m[2m)[22m[32m 63[2mms[22m[39m
2026-10-07T20:18:29.0310824Z  [32m✓[39m examples/extensions/callout-extension.test.ts [2m([22m[2m1 test[22m[2m)[22m[32m 19[2mms[22m[39m
2026-10-07T20:18:29.0403856Z 
2026-10-07T20:18:29.0405048Z [31m⎯⎯⎯⎯⎯⎯⎯[39m[1m[41m Failed Tests 1 [49m[22m[31m⎯⎯⎯⎯⎯⎯⎯[39m
2026-10-07T20:18:29.0405553Z 
2026-10-07T20:18:29.0409370Z [41m[1m FAIL [22m[49m tests/docx-explicit-emphasis.test.ts[2m > [22mnative DOCX explicit emphasis[2m > [22mexports absolute normal/bold/italic run declarations and reopens editable emphasis in pure Node
2026-10-07T20:18:29.0418345Z [31m[1mAssertionError[22m: expected { type: 'doc', attrs: { …(1) }, …(1) } to deeply equal { type: 'doc', …(2) }[39m
2026-10-07T20:18:29.0419159Z 
2026-10-07T20:18:29.0419437Z [32m- Expected[39m
2026-10-07T20:18:29.0419903Z [31m+ Received[39m
2026-10-07T20:18:29.0420141Z 
2026-10-07T20:18:29.0420443Z [33m@@ -121,10 +121,11 @@[39m
2026-10-07T20:18:29.0420930Z [2m        },[22m
2026-10-07T20:18:29.0421442Z [2m        "content": [[22m
2026-10-07T20:18:29.0421914Z [2m          {[22m
2026-10-07T20:18:29.0422326Z [2m            "attrs": {[22m
2026-10-07T20:18:29.0422728Z [2m              "align": "left",[22m
2026-10-07T20:18:29.0423612Z [31m+             "alignExplicit": true,[39m
2026-10-07T20:18:29.0424250Z [2m              "emphasis": "explicit",[22m
2026-10-07T20:18:29.0425352Z [2m              "layout": {[22m
2026-10-07T20:18:29.0425722Z [2m                "borders": {[22m
2026-10-07T20:18:29.0426081Z [2m                  "left": {[22m
2026-10-07T20:18:29.0426495Z [2m                    "color": "#7047ff",[22m
2026-10-07T20:18:29.0426704Z 
2026-10-07T20:18:29.0427096Z [36m [2m❯[22m tests/docx-explicit-emphasis.test.ts:[2m25:66[22m[39m
2026-10-07T20:18:29.0458004Z     [90m 23|[39m     expect(xml).toContain('<w:i w:val="0"/><w:b/></w:rPr><w:t>Bold</w:…
2026-10-07T20:18:29.0459261Z     [90m 24|[39m     expect(xml).toContain('<w:b w:val="0"/><w:i/></w:rPr><w:t>Italic</…
2026-10-07T20:18:29.0460479Z     [90m 25|[39m     expect(importDOCX(exported.bytes, schema).document.toJSON()).toEqu…
2026-10-07T20:18:29.0461864Z     [90m   |[39m                                                                  [31m^[39m
2026-10-07T20:18:29.0462383Z     [90m 26|[39m   });
2026-10-07T20:18:29.0462686Z     [90m 27|[39m
2026-10-07T20:18:29.0462846Z 
2026-10-07T20:18:29.0463462Z [31m[2m⎯⎯⎯⎯⎯⎯⎯⎯⎯⎯⎯⎯⎯⎯⎯⎯⎯⎯⎯⎯⎯⎯⎯⎯[1/1]⎯[22m[39m
2026-10-07T20:18:29.0463725Z 
2026-10-07T20:18:29.0466388Z 
2026-10-07T20:18:29.0476479Z [2m Test Files [22m [1m[31m1 failed[39m[22m[2m | [22m[1m[32m201 passed[39m[22m[90m (202)[39m
2026-10-07T20:18:29.0495662Z [2m      Tests [22m [1m[31m1 failed[39m[22m[2m | [22m[1m[32m2680 passed[39m[22m[90m (2681)[39m
2026-10-07T20:18:29.0496471Z [2m   Start at [22m 20:17:17
2026-10-07T20:18:29.0503243Z [2m   Duration [22m 71.41s[2m (environment 42%, tests 27%, import 24%, transform 7%, worker 1%)[22m
2026-10-07T20:18:29.0528257Z 
2026-10-07T20:18:29.0529791Z [2m    Isolate [22m [33m202 workers spawned[39m[2m · ~518ms startup each (spawn + environment, per file)[22m
2026-10-07T20:18:29.0532728Z [2m            [22m [2mat least ~34.39s faster with [22m[33misolate: false[39m[2m — reuses workers across files instead of one per file[22m
2026-10-07T20:18:29.0533994Z 
2026-10-07T20:18:29.0564696Z 
2026-10-07T20:18:29.0595975Z ##[error]AssertionError: expected { type: 'doc', attrs: { …(1) }, …(1) } to deeply equal { type: 'doc', …(2) }

- Expected
+ Received

@@ -121,10 +121,11 @@
        },
        "content": [
          {
            "attrs": {
              "align": "left",
+             "alignExplicit": true,
              "emphasis": "explicit",
              "layout": {
                "borders": {
                  "left": {
                    "color": "#7047ff",

 ❯ tests/docx-explicit-emphasis.test.ts:25:66


2026-10-07T20:18:29.1370775Z [ELIFECYCLE] Test failed. See above for more details.
2026-10-07T20:18:29.2135197Z ##[error]Process completed with exit code 1.
2026-10-07T20:18:29.2245410Z Post job cleanup.
2026-10-07T20:18:29.3479689Z Caching is not enabled. Caching is skipped.
2026-10-07T20:18:29.3618068Z Post job cleanup.
2026-10-07T20:18:29.5169527Z Pruning is unnecessary.
2026-10-07T20:18:29.5318739Z Post job cleanup.
2026-10-07T20:18:29.6314566Z [command]/usr/bin/git version
2026-10-07T20:18:29.6358992Z git version 2.55.0
2026-10-07T20:18:29.6398091Z Temporarily overriding HOME='/home/runner/work/_temp/9fabd090-e715-4f5e-9467-632949985be8' before making global git config changes
2026-10-07T20:18:29.6399638Z Adding repository directory to the temporary git global config as a safe directory
2026-10-07T20:18:29.6404570Z [command]/usr/bin/git config --global --add safe.directory /home/runner/work/fountainjs/fountainjs
2026-10-07T20:18:29.6442060Z [command]/usr/bin/git config --local --name-only --get-regexp core\.sshCommand
2026-10-07T20:18:29.6476174Z [command]/usr/bin/git submodule foreach --recursive sh -c "git config --local --name-only --get-regexp 'core\.sshCommand' && git config --local --unset-all 'core.sshCommand' || :"
2026-10-07T20:18:29.6713617Z [command]/usr/bin/git config --local --name-only --get-regexp http\.https\:\/\/github\.com\/\.extraheader
2026-10-07T20:18:29.6740826Z http.https://github.com/.extraheader
2026-10-07T20:18:29.6751586Z [command]/usr/bin/git config --local --unset-all http.https://github.com/.extraheader
2026-10-07T20:18:29.6785298Z [command]/usr/bin/git submodule foreach --recursive sh -c "git config --local --name-only --get-regexp 'http\.https\:\/\/github\.com\/\.extraheader' && git config --local --unset-all 'http.https://github.com/.extraheader' || :"
2026-10-07T20:18:29.7018753Z [command]/usr/bin/git config --local --name-only --get-regexp ^includeIf\.gitdir:
2026-10-07T20:18:29.7052164Z [command]/usr/bin/git submodule foreach --recursive git config --local --show-origin --name-only --get-regexp remote.origin.url
2026-10-07T20:18:29.7433789Z Cleaning up orphan processes
2026-10-07T20:18:29.7736481Z ##[warning]Node.js 20 is deprecated. The following actions target Node.js 20 but are being forced to run on Node.js 24: actions/checkout@v4, actions/setup-node@v4, actions/setup-python@v5, pnpm/action-setup@v4. For more information see: https://github.blog/changelog/2025-09-19-deprecation-of-node-20-on-github-actions-runners/
